2.571189705273401955e+02,-5.438221064144842387e+01,1.645819293343668960e+03,8.204515452147703058e+01,-2.186951244904841758e+02,1.369191092517390416e+03,2.608213184120068036e+02,1.365236989815345510e+02,1.391170491950284259e+03,4.796502507853220010e+01,-3.502636143993664746e+02,1.131434661624206683e+03,4.259223219733137284e+02,2.261768815695716910e+02,1.180975494035845941e+03,3.021043739253379385e+02,-2.752164812872710513e+02,1.174484770439359409e+03,4.091381020105746416e+02,1.661722643545667921e+01,1.250750943383585536e+03,4.838926075069327482e+01,-8.272113977881645042e+01,9.685933053170817857e+02,1.678275596859581924e+02,1.284103101519240226e+02,1.075959890752417778e+03,8.950812458619459733e+01,-6.249407561705484682e+01,4.848447914317021628e+02,4.625735828479044471e+02,5.575273339879531420e+01,1.149614352065196044e+03,-1.220665124392942680e+01,1.154392811163757848e+01,-2.583639872880188482e-01,2.991169441511564173e+02,1.391470781373866572e+01,6.735728917101487241e+02,2.643451012464674932e+02,-5.185712628594722418e+01,-2.808837458522591746e+01,5.321611741085710037e+02,-6.606620151891860360e+01,6.875180831067193594e+02
2.565424759172268523e+02,-5.381635448477622674e+01,1.645735231323978951e+03,8.042569566221935418e+01,-2.195280764828209783e+02,1.367820466575387172e+03,2.618586704764383057e+02,1.343269751361884801e+02,1.390705013459223892e+03,3.356468906060193547e+01,-3.488589807727078664e+02,1.126846732383060498e+03,4.294593156076742844e+02,2.283276845933026209e+02,1.179271415044304831e+03,2.915551579748648692e+02,-2.847214032284680343e+02,1.161515082088352074e+03,4.112835428476759034e+02,1.666609107254090461e+01,1.240530842826352000e+03,4.690333234412335628e+01,-8.260321869475824030e+01,9.701954676605870418e+02,1.689184749044174225e+02,1.277194961515283893e+02,1.076049188837102292e+03,9.195025330058849988e+01,-6.598883980948443195e+01,4.845382473654041746e+02,4.652442907232564835e+02,5.100818309117215676e+01,1.143953689262401667e+03,-1.217481989229512251e+01,1.434203120937380405e+01,4.914653541774289258e-01,2.886061081443729108e+02,2.316215708101389126e+01,6.755850012311686896e+02,2.657264535756447117e+02,-5.173460247227905029e+01,-2.808208462068527211e+01,5.222000731419248041e+02,-5.620117797567861118e+01,6.817791096208779891e+02
2.575633280928884687e+02,-5.308978421430627037e+01,1.644596271219454138e+03,7.964493232361731145e+01,-2.197534597658148527e+02,1.366009120378435910e+03,2.639591095258731457e+02,1.325012631847927196e+02,1.389539983647789086e+03,1.871904454620707625e+01,-3.464460765969400313e+02,1.122239690649339764e+03,4.336839550889981183e+02,2.315534486612996830e+02,1.177360351782894668e+03,2.800218649811276350e+02,-2.927813507082373121e+02,1.147630321719153471e+03,4.131865680178465823e+02,1.852085172406106750e+01,1.230756095693172256e+03,4.505639193476286408e+01,-8.221026226097714584e+01,9.712488363358851302e+02,1.698354643586273198e+02,1.277201740299755812e+02,1.075846641765848062e+03,9.359051630690737511e+01,-6.799259979389914577e+01,4.844285958410776516e+02,4.675456307565245879e+02,4.755657735546719067e+01,1.138073425469995982e+03,-1.174586254004244168e+01,1.708875491360403487e+01,9.621907498219199883e-01,2.760094329987339279e+02,3.345315579635313696e+01,6.768657462689018303e+02,2.668682221175896530e+02,-5.151492454812912314e+01,-2.804971015471940632e+01,5.099622832716914900e+02,-4.521757913373605930e+01,6.744042700204884113e+02
2.610271789644904743e+02,-5.209761691265506300e+01,1.642015257138083371e+03,8.015681595580258545e+01,-2.189537230989706416e+02,1.363722273873694803e+03,2.676720346066605885e+02,1.313326787411130567e+02,1.387341656785933765e+03,3.185554663952529619e+00,-3.423495068944531567e+02,1.117765381947602009e+03,4.390184986057553260e+02,2.363940118964511043e+02,1.175120236987185535e+03,2.668442337480180413e+02,-2.983438370418934937e+02,1.132368791409380492e+03,4.147405743228519555e+02,2.324950124999470091e+01,1.221597270198410797e+03,4.267392155952801147e+01,-8.131475072481494237e+01,9.713979668991947847e+02,1.704689160165274302e+02,1.289507274115726148e+02,1.075036068212273449e+03,9.401844469692365180e+01,-6.774994750204612615e+01,4.845942634209811786e+02,4.693455691603503510e+02,4.614182749391049754e+01,1.131458060068782515e+03,-1.075808484763338591e+01,1.965869284183220245e+01,1.003846711604358344e+00,2.602669708533924222e+02,4.513454828514066719e+01,6.769108426889388284e+02,2.676451641157993322e+02,-5.114679805210045060e+01,-2.795962770133479225e+01,4.941496125888972983e+02,-3.279144825702611854e+01,6.644094507897167432e+02
2.667135174950980172e+02,-5.084063458989614048e+01,1.638515206529044235e+03,8.186793894282544670e+01,-2.170309896137581234e+02,1.361451839555086963e+03,2.728054272417574566e+02,1.309425249736164005e+02,1.384304706138848815e+03,-1.298017414900512989e+01,-3.365012820772316218e+02,1.113821900590053929e+03,4.454694093873422958e+02,2.425961707204595825e+02,1.172595289380601798e+03,2.519092960529320067e+02,-3.010423772192305023e+02,1.115953482356044560e+03,4.160412818940189368e+02,3.080076814296818810e+01,1.212904421804016465e+03,3.987698603174008838e+01,-7.982890840289330470e+01,9.705962205255669915e+02,1.708206111410619030e+02,1.316174807148817649e+02,1.073338613741060499e+03,9.338012591368992332e+01,-6.553839124427321394e+01,4.849414088972741297e+02,4.708433972533239285e+02,4.671414540675759497e+01,1.123353868068736119e+03,-9.381084798184737394e+00,2.184227355145069183e+01,6.552776631999011059e-01,2.417633555771569434e+02,5.768236886063760238e+01,6.756703009720519049e+02,2.680814334813941855e+02,-5.064332647280996014e+01,-2.777766032871569024e+01,4.748689250676693518e+02,-1.964182261584842593e+01,6.518294444338878293e+02
2.736860600634935849e+02,-4.943573863337529417e+01,1.635140270159168722e+03,8.432767952879999029e+01,-2.142160915833775050e+02,1.359927553698103111e+03,2.786885339608880940e+02,1.312369884190124765e+02,1.380930627226571005e+03,-2.946267039359574014e+01,-3.294435091618637443e+02,1.110955802890938003e+03,4.527512349457805385e+02,2.492190984400786533e+02,1.169913732959605795e+03,2.355664669456586466e+02,-3.011776692347855260e+02,1.098993333357408119e+03,4.173288051420541365e+02,4.013286762274525898e+01,1.204197179568503543e+03,3.703139663077531907e+01,-7.788254229536364903e+01,9.690764913067613406e+02,1.709923213570225471e+02,1.354881029167224824e+02,1.070581821322287851e+03,9.221944997967815993e+01,-6.237030964389780507e+01,4.852271895301246332e+02,4.723917805967780055e+02,4.859888903876075972e+01,1.112889211439899327e+03,-8.004722071877198530e+00,2.341540882534470924e+01,1.125228716409096691e-01,2.218744062408977697e+02,7.015515857246116127e+01,6.734040722825429839e+02,2.683059954111288334e+02,-5.008096156623825834e+01,-2.748347644975409665e+01,4.532461320470661690e+02,-7.091795046025996641e+00,6.373338858272420566e+02
2.809492352493687122e+02,-4.806018694934144975e+01,1.632753095253915490e+03,8.707830324262883437e+01,-2.109441322717698313e+02,1.359649162202724938e+03,2.846601795903243897e+02,1.319334880149565095e+02,1.377628252693562899e+03,-4.578391161616798399e+01,-3.220531875730856086e+02,1.109635014699731755e+03,4.605260606727260893e+02,2.550189686754183640e+02,1.167120930897563994e+03,2.183703454096765313e+02,-2.994106117025028766e+02,1.082027155700046478e+03,4.188395102139232336e+02,4.971986491048838985e+01,1.194807927879837507e+03,3.457798994495983180e+01,-7.580297051390940055e+01,9.672198552948938186e+02,1.711329497140201568e+02,1.399450962762054473e+02,1.066750580572099807e+03,9.114095534977526825e+01,-5.935801209283840763e+01,4.851460542993931995e+02,4.742107852173872971e+02,5.090869728706715591e+01,1.099295902705301614e+03,-7.003421454822014169e+00,2.424988725262541323e+01,-3.789143473773869952e-01,2.021046545345977563e+02,8.183614641404813028e+01,6.703304972713137886e+02,2.684667799632990182e+02,-4.957700371900223502e+01,-2.708657878746857861e+01,4.306745851667587885e+02,3.691323266371434819e+00,6.215435388059742081e+02
2.879602344492292332e+02,-4.684946282302459508e+01,1.631484537713390864e+03,8.992205492382574050e+01,-2.076456488449658764e+02,1.360557261455796379e+03,2.904488054443248188e+02,1.326742208667041041e+02,1.374412053296814747e+03,-6.137541373397957756e+01,-3.150991896736555873e+02,1.110005434387011746e+03,4.685885970684776680e+02,2.589202836224281441e+02,1.164042475311128328e+03,2.008227029872035416e+02,-2.963513682114221410e+02,1.065259837001533697e+03,4.206486255615657228e+02,5.815800422829649108e+01,1.184144123932988123e+03,3.282967709681433632e+01,-7.396364969792561794e+01,9.654009010525020358e+02,1.713659094340212903e+02,1.442210063748291020e+02,1.061982594281186721e+03,9.051156019122292662e+01,-5.716606386955809427e+01,4.844466567942529309e+02,4.761828117441906443e+02,5.294151820143683551e+01,1.082139105496454249e+03,-6.522335758491069058e+00,2.439412319439417587e+01,-6.485454339069631757e-01,1.834059464325321755e+02,9.255483236141598979e+01,6.662790107658863690e+02,2.686632868908694149e+02,-4.925306408595329088e+01,-2.662412287892914264e+01,4.082392811450575323e+02,1.227838209466186115e+01,6.045547533393609001e+02
2.947584331211123754e+02,-4.581765325333545746e+01,1.630640847826360186e+03,9.297266934018908557e+01,-2.045537238810080680e+02,1.362029836319943342e+03,2.962495288018201904e+02,1.331758034600371445e+02,1.370874492969158155e+03,-7.560019564210033138e+01,-3.088590591455771914e+02,1.111766110406002554e+03,4.769089843001358417e+02,2.603867935879486595e+02,1.160289761453512483e+03,1.832437111231481310e+02,-2.923033851503455480e+02,1.048604349741051692e+03,4.225897105313501925e+02,6.461977015913845435e+01,1.171951107553779593e+03,3.182833941773255759e+01,-7.258202831947299671e+01,9.638799270402016646e+02,1.717214091605049759e+02,1.477073369906017888e+02,1.056513562394057772e+03,9.034153254610579609e+01,-5.584127586995981574e+01,4.830440819413548752e+02,4.778352716830840450e+02,5.438910129550379935e+01,1.061479777574358650e+03,-6.408588497330979905e+00,2.407184128168032089e+01,-6.728944033054101714e-01,1.659888606169387799e+02,1.025256254358401549e+02,6.605684876933893293e+02,2.689268079373207456e+02,-4.919269107555220444e+01,-2.613498647152999510e+01,3.865704539386651390e+02,1.910738198929068687e+01,5.859548586897622044e+02
3.017746277615489703e+02,-4.486002192835178448e+01,1.629051524593502563e+03,9.652538414515147736e+01,-2.016233272156390228e+02,1.363161795925366505e+03,3.025305175679795298e+02,1.333339168432732151e+02,1.366407737428128712e+03,-8.776666436192411425e+01,-3.030041203658768723e+02,1.114241784565709395e+03,4.855603190076803912e+02,2.595718291173534453e+02,1.155425842893167783e+03,1.657941968444211795e+02,-2.872898119950730234e+02,1.031878670181408324e+03,4.242934943749115746e+02,6.902891484892481344e+01,1.158428360684857580e+03,3.132019125562387529e+01,-7.160384416489023351e+01,9.627656617974901110e+02,1.720994843467526891e+02,1.501686497538338472e+02,1.050606517909208151e+03,9.034734487413869886e+01,-5.501540742589093469e+01,4.810850565405741008e+02,4.784939199256611460e+02,5.532776700111296009e+01,1.037911819803203798e+03,-6.317270926554032329e+00,2.359745169975601442e+01,-5.576913436199705254e-01,1.495484790298895632e+02,1.119511485301063942e+02,6.522000087900720473e+02,2.692352323319746574e+02,-4.940512492135945166e+01,-2.562802562885030611e+01,3.660051290122669343e+02,2.520064418853482380e+01,5.652231542100249726e+02
3.095323634920386553e+02,-4.383348112616873493e+01,1.625603470956751380e+03,1.008707007002193023e+02,-1.985993312467646490e+02,1.363131676112424657e+03,3.097445253687831723e+02,1.332317698175656915e+02,1.360504441744734322e+03,-9.720113801553880251e+01,-2.968036901741303950e+02,1.116621431634394412e+03,4.946172810512201750e+02,2.572153008088581601e+02,1.149187668522929926e+03,1.485784192560169288e+02,-2.812670006950927473e+02,1.014935703146426363e+03,4.253250282543120875e+02,7.195625241017793883e+01,1.144112504353087161e+03,3.085330862756922343e+01,-7.075238896470480654e+01,9.620277836251476629e+02,1.722858183057642805e+02,1.517596305803953385e+02,1.044494744143876687e+03,9.011115011042689105e+01,-5.425124011480869513e+01,4.789240269428205465e+02,4.775121575776881286e+02,5.606710858077546789e+01,1.012431058005204704e+03,-5.917347581936271972e+00,2.325421791771834634e+01,-4.481444461032790261e-01,1.336304590289099679e+02,1.207606340238882723e+02,6.402590851902764371e+02,2.695352774488007412e+02,-4.981401770246169036e+01,-2.507477744048214063e+01,3.467790019100301606e+02,3.168480456912494958e+01,5.421625882398519707e+02
3.184099404442975469e+02,-4.265292566803342567e+01,1.619678320634115607e+03,1.061581066292595779e+02,-1.951944873829258711e+02,1.361465111489128958e+03,3.181181405789942005e+02,1.330614528220134503e+02,1.352963215584063619e+03,-1.034130969173881311e+02,-2.895191542400181106e+02,1.118237485770625426e+03,5.040949427624805708e+02,2.543402020054626576e+02,1.141612384323856759e+03,1.317318045081456432e+02,-2.743199538870382526e+02,9.976411927133402742e+02,4.253541859278799961e+02,7.431163199980471745e+01,1.129563075476721906e+03,2.995044480325003988e+01,-6.970123348187993884e+01,9.615285531476231426e+02,1.720239323890377534e+02,1.528745667300407547e+02,1.038346379948248114e+03,8.924938096185152858e+01,-5.328652531824411653e+01,4.769998619011649907e+02,4.744743884956902207e+02,5.695989410689545451e+01,9.861387613535667924e+02,-5.068506354937028391e+00,2.319547272445462482e+01,-4.283535981704562623e-01,1.179130402230705954e+02,1.286555366560995992e+02,6.243004993133755534e+02,2.697633943801107534e+02,-5.028802306781457787e+01,-2.444054572967642258e+01,3.290772356557058060e+02,3.932901311149475276e+01,5.170491766779285854e+02
3.285150262056461088e+02,-4.133696181829505178e+01,1.611334837848558209e+03,1.123461417327923613e+02,-1.912859773547201030e+02,1.358117755639809957e+03,3.275934175857235573e+02,1.330103496377284671e+02,1.343923772071370877e+03,-1.063091787467598692e+02,-2.807750003076572511e+02,1.118747713326957182e+03,5.139408749136188135e+02,2.518673032571736599e+02,1.132980715132596060e+03,1.154359698431913017e+02,-2.667087579142437903e+02,9.797981051670413990e+02,4.242893749521499558e+02,7.694366848256616720e+01,1.115002634557617284e+03,2.828445348759195355e+01,-6.824872439391434398e+01,9.610619051382782345e+02,1.711167338591549480e+02,1.539467931144933743e+02,1.032245121666601335e+03,8.754518742844878432e+01,-5.208008315006748035e+01,4.756604788327720712e+02,4.693050931585281660e+02,5.825754498208500820e+01,9.598652767071124572e+02,-3.866368846304605533e+00,2.340829953042551637e+01,-4.747594094829939992e-01,1.023253345910018766e+02,1.353558060713339728e+02,6.045142932385443828e+02,2.698749130218492951e+02,-5.070867101845607294e+01,-2.373372136838104751e+01,3.129682142183031033e+02,4.825653802661163638e+01,4.904392859322518916e+02
3.396578333380924164e+02,-3.997740901132887359e+01,1.601221808503071315e+03,1.192264891766760115e+02,-1.870255222188348796e+02,1.353408395920755083e+03,3.378969509082899094e+02,1.331719458511847165e+02,1.333759684833987421e+03,-1.063323074650290323e+02,-2.707357569992806248e+02,1.118154163301591780e+03,5.240513027236182779e+02,2.502945988823252605e+02,1.123616423978698776e+03,9.986439752173845363e+01,-2.587843801578724765e+02,9.611737739901246869e+02,4.223269112497711149e+02,8.028696677691306149e+01,1.100101845708191831e+03,2.579014123023164373e+01,-6.638619869269058427e+01,9.604042073805923110e+02,1.695078247480774110e+02,1.553072252494229986e+02,1.026181298364717122e+03,8.502922829631329193e+01,-5.072677791884890297e+01,4.750236051545580835e+02,4.622539845078226222e+02,6.006316259506358790e+01,9.338720838501028538e+02,-2.543076083311181623e+00,2.374286361594744221e+01,-4.910467589002162070e-01,8.701608639013227275e+01,1.408242813537043787e+02,5.816103126407612081e+02,2.698807574439388191e+02,-5.104000507286611565e+01,-2.303319597168886190e+01,2.983437591535824254e+02,5.793490433551465912e+01,4.628245781302484261e+02
3.514103023339989704e+02,-3.865540238328932077e+01,1.590289820652219305e+03,1.264994243269974845e+02,-1.827918658127465505e+02,1.347868041550897715e+03,3.486652971703204571e+02,1.335214962901063132e+02,1.322901633080454758e+03,-1.043926279257527057e+02,-2.600338821810338459e+02,1.116690990525854204e+03,5.342781691241917770e+02,2.495668274819513499e+02,1.113671999654143292e+03,8.510697022996473038e+01,-2.508735564152948712e+02,9.416798197417073197e+02,4.198995750727978020e+02,8.420786455004430593e+01,1.084037439082477704e+03,2.267715574599835548e+01,-6.423552943224055412e+01,9.593750049169137810e+02,1.672993583169104284e+02,1.571395280736686573e+02,1.020055182619211337e+03,8.199351791330124684e+01,-4.936229113286875503e+01,4.749491464246768260e+02,4.537632892933569337e+02,6.239003144779267984e+01,9.077909785928668498e+02,-1.306430132838443336e+00,2.398155848281612634e+01,-3.970193206748392489e-01,7.221166372774553111e+01,1.453315472447703200e+02,5.565135004727678734e+02,2.698639133011702143e+02,-5.135284280563735138e+01,-2.246809057188957226e+01,2.849463730263041725e+02,6.747554890267905137e+01,4.343993605421367761e+02
3.632465319205898027e+02,-3.735562579474465394e+01,1.579406864237293348e+03,1.338779854748428022e+02,-1.789934684555310582e+02,1.342051911109409730e+03,3.595615561794351720e+02,1.339642423369397193e+02,1.311660851582543501e+03,-1.015596262029640258e+02,-2.495086710080753676e+02,1.114665478244445922e+03,5.444172014372953754e+02,2.491906187550926575e+02,1.103026060114850452e+03,7.113249048354764170e+01,-2.432042577118089071e+02,9.215919109709935810e+02,4.175395916635304729e+02,8.814414293214110785e+01,1.065814487990440057e+03,1.934789101709604253e+01,-6.191812712222474602e+01,9.578900299401126404e+02,1.646989753871542064e+02,1.595044300515535269e+02,1.013701948499934019e+03,7.891925899872552463e+01,-4.812043314552659012e+01,4.751360934250909622e+02,4.442644615599642179e+02,6.527625645244879138e+01,8.808636100179810455e+02,-2.376478947277899378e-01,2.391430748744516777e+01,-2.068129853770261095e-01,5.801746565681663270e+01,1.493733317194535459e+02,5.300453298212789832e+02,2.699426100682398442e+02,-5.178244458388647331e+01,-2.216049061570113210e+01,2.724618417095579730e+02,7.613728863633456001e+01,4.050857405632295354e+02
3.747318389962478591e+02,-3.593091478159866625e+01,1.569009385066319965e+03,1.411880427624559786e+02,-1.758209713984550433e+02,1.336347089010141644e+03,3.703488852886982272e+02,1.344250330316359054e+02,1.300106970483786654e+03,-9.864856513093802448e+01,-2.398780206142999418e+02,1.112324768845260223e+03,5.541919837711748187e+02,2.485465022896626124e+02,1.091333326423668041e+03,5.782479455338592800e+01,-2.358682173382161693e+02,9.016226680789892498e+02,4.157006322194718564e+02,9.149307319501446045e+01,1.044699058984972908e+03,1.625735270947688704e+01,-5.944952759396449693e+01,9.559825920914008748e+02,1.619288376504745202e+02,1.623874962733883081e+02,1.006945352019755205e+03,7.632236261251325971e+01,-4.711995605778333385e+01,4.752844181223350688e+02,4.339904298439467425e+02,6.886586267649435911e+01,8.523905665846657485e+02,6.840387915410092168e-01,2.339927233366122650e+01,-3.694924794311770649e-02,4.425130299770787445e+01,1.535285855129134234e+02,5.027442154515848642e+02,2.701835349162702187e+02,-5.244592946415436785e+01,-2.216831662532848668e+01,2.605988538693770806e+02,8.378738645395328888e+01,3.747639775886511302e+02
3.856857579673817895e+02,-3.414275218705197545e+01,1.558928272694638508e+03,1.484215925504923916e+02,-1.730955090016795168e+02,1.330824470291079479e+03,3.809173732713384197e+02,1.349209213292131722e+02,1.288039783073754506e+03,-9.593285563747991773e+01,-2.314657298273475021e+02,1.109779019584882462e+03,5.632577258788611516e+02,2.472486456736182561e+02,1.078175638402159393e+03,4.507797224880740572e+01,-2.287790686960973972e+02,8.827398715414129811e+02,4.146002928636387423e+02,9.404735083303297927e+01,1.020534120519628345e+03,1.376798876349675460e+01,-5.672063714764303910e+01,9.537798421116257259e+02,1.591454626366422076e+02,1.657418444051120048e+02,9.996687489039861703e+02,7.456783105283220436e+01,-4.643001090302077927e+01,4.752264144377240314e+02,4.228944350250115463e+02,7.338357574166795416e+01,8.221696952952163429e+02,1.464708634276151722e+00,2.240543840834753198e+01,-3.046596904764333619e-02,3.041292153436609880e+01,1.583204639645694272e+02,4.748754356238360970e+02,2.705192109150005422e+02,-5.337644440065199092e+01,-2.246126139582279890e+01,2.491032295672298744e+02,9.104638478075855801e+01,3.435266305817918919e+02
3.962369395509603578e+02,-3.175801524574654522e+01,1.548477828023327447e+03,1.557125029388103883e+02,-1.703163975655314459e+02,1.325200310166501367e+03,3.912746735462375227e+02,1.355678212425227400e+02,1.275069311018679400e+03,-9.315323778365494434e+01,-2.240716789764886698e+02,1.106980415819028849e+03,5.712365587255084165e+02,2.453683280192755376e+02,1.063222903740209176e+03,3.288280321059011868e+01,-2.216145976624582659e+02,8.657927606521925554e+02,4.141380862605439006e+02,9.622890239987641792e+01,9.937670626149641748e+02,1.204881065841343712e+01,-5.356324575177452374e+01,9.514412210589491679e+02,1.564027084375433958e+02,1.695162894422983300e+02,9.918683784125967122e+02,7.373954870651428450e+01,-4.600937268556720028e+01,4.749567981333549369e+02,4.107158465262088498e+02,7.900562736613348136e+01,7.906833602016133682e+02,1.995673540929121081e+00,2.103599369244569317e+01,-2.420565405504550294e-01,1.584105137022439891e+01,1.640834158526899387e+02,4.465641781798470333e+02,2.707386704626145502e+02,-5.451834107138281382e+01,-2.293618506338606622e+01,2.377198603845108664e+02,9.898813657666698873e+01,3.117873500408956602e+02
4.067365210119102130e+02,-2.864402347661580706e+01,1.536778015427474429e+03,1.632420781628737814e+02,-1.668935428806569234e+02,1.318946762812096495e+03,4.015077057223184056e+02,1.365214828827223812e+02,1.260775226850423223e+03,-8.980516526729240923e+01,-2.170271065341252097e+02,1.103746916982664061e+03,5.777736689781207815e+02,2.434076400653679002e+02,1.046328475687755599e+03,2.132172081445282075e+01,-2.137934855550322197e+02,8.511438195285692245e+02,4.139161566603462461e+02,9.897980550254187904e+01,9.651783672099766136e+02,1.104972148571213708e+01,-4.984889605022096504e+01,9.490858735745887316e+02,1.536610847227749730e+02,1.736654857527282729e+02,9.836501412964205429e+02,7.363787433817029182e+01,-4.567587634220808468e+01,4.745614526155243880e+02,3.971489124873128844e+02,8.571282514183529599e+01,7.589166152646876071e+02,2.066303473442602012e+00,1.951859025681625681e+01,-5.623376396795536358e-01,-5.625139283086222353e-03,1.708316835838979273e+02,4.179230755328521809e+02,2.705776866837674675e+02,-5.578041329350999433e+01,-2.345467620318430235e+01,2.261531010952425049e+02,1.085263106501016921e+02,2.801902907635878250e+02
4.175750324354427789e+02,-2.480493963062598084e+01,1.523155065999446833e+03,1.711255322498600435e+02,-1.624325407338398009e+02,1.311516980480511165e+03,4.117196473870990872e+02,1.379041742178054335e+02,1.244873710300607627e+03,-8.550587148059126719e+01,-2.094316764445124761e+02,1.099818296597704602e+03,5.825904999126413486e+02,2.420529016147385732e+02,1.027523884911565574e+03,1.044540976614105077e+01,-2.045681028499885485e+02,8.385099536954833184e+02,4.133564737665435018e+02,1.033687435870834292e+02,9.354686937802683815e+02,1.055592931492515696e+01,-4.556151651890365173e+01,9.467410541745729233e+02,1.508273942432984143e+02,1.781411196153459571e+02,9.751612092195570085e+02,7.391286003611303101e+01,-4.516738917724481439e+01,4.741109997430257863e+02,3.820106065912170834e+02,9.324007126952838576e+01,7.278992400648151033e+02,1.497767692397646178e+00,1.814097744248816468e+01,-7.420937886271782302e-01,-1.730566666291333533e+01,1.781818019720836617e+02,3.890767548605680872e+02,2.698639364124674103e+02,-5.710059327480039570e+01,-2.388180021075387316e+01,2.140633636398036117e+02,1.198373586126924408e+02,2.493915463716139129e+02
4.290038888042645340e+02,-2.034950713252370136e+01,1.507418934291714550e+03,1.793472621603962693e+02,-1.569102352035293393e+02,1.302575841444885327e+03,4.219574974386652571e+02,1.397740178890588822e+02,1.227312396297493251e+03,-8.020573716989679269e+01,-2.005162470324420951e+02,1.094929918957877817e+03,5.855195280625074474e+02,2.418597965324414076e+02,1.006927464276623255e+03,1.094368092488857136e-01,-1.932744610999113775e+02,8.270989052506148482e+02,4.118841721971187440e+02,1.101274858861918062e+02,9.049360534669586968e+02,1.029887780932232566e+01,-4.081143208081470419e+01,9.443301529420009501e+02,1.478054442147416125e+02,1.828721269797680122e+02,9.664947743244839558e+02,7.426392998669916778e+01,-4.428836191625337193e+01,4.735982372380789229e+02,3.653160138880700174e+02,1.011784930166711263e+02,6.982394875986906300e+02,3.071773681927834621e-01,1.712954457557577115e+01,-5.170414269310971145e-01,-3.582226910220580152e+01,1.854258798660457046e+02,3.600899766600829253e+02,2.686283001939092969e+02,-5.847069041725479366e+01,-2.411718037290164318e+01,2.011079938478171982e+02,1.321827870974507277e+02,2.198480999562035834e+02
4.410558778118564760e+02,-1.543266397213288244e+01,1.489887865376000263e+03,1.877848391116524169e+02,-1.506556309806578042e+02,1.292114144580092443e+03,4.321614263296676199e+02,1.421492630012180314e+02,1.208257073049534483e+03,-7.413652940748841047e+01,-1.900091221224671756e+02,1.088884986006208919e+03,5.865219187339367863e+02,2.430450186397451375e+02,9.846334317306551611e+02,-1.007995362933178463e+01,-1.796741081996915739e+02,8.159640381649154506e+02,4.091305594657083020e+02,1.193545027045309297e+02,8.734179981616071018e+02,1.007681280073590102e+01,-3.579521089833053793e+01,9.416979769321513913e+02,1.445426976191765505e+02,1.877546277680515061e+02,9.576332518643691856e+02,7.459556476176528861e+01,-4.305098805816320606e+01,4.729530507690173522e+02,3.472457414587095172e+02,1.091786123315676349e+02,6.699326340721370343e+02,-1.224169541786331195e+00,1.651396993728568319e+01,2.332356892502294998e-01,-5.506378422561640207e+01,1.917975794974899202e+02,3.309036134848659572e+02,2.671099047426811239e+02,-5.990544310859650778e+01,-2.411927288508991651e+01,1.870213795453837236e+02,1.442592652882537436e+02,1.917317405060215378e+02
4.535925033435639762e+02,-1.021807557664149080e+01,1.471175943336369073e+03,1.963045771116496212e+02,-1.441708246583810933e+02,1.280392176701785957e+03,4.421655451080847001e+02,1.450512150613480173e+02,1.187998611051812304e+03,-6.758021965046408752e+01,-1.783309110579747880e+02,1.081603055432188512e+03,5.856909121017528150e+02,2.454783069344213402e+02,9.606716063545261477e+02,-2.061275996480600270e+01,-1.642109426391844238e+02,8.043921855625528679e+02,4.050916685603174301e+02,1.305199593338446107e+02,8.405167664835360029e+02,9.832592385793732959e+00,-3.072499289894427577e+01,9.386588030406597909e+02,1.410606896547006670e+02,1.926764909535173445e+02,9.484760753878088053e+02,7.504116095822472232e+01,-4.169563415628675074e+01,4.721082208703336391e+02,3.280677885884329612e+02,1.171282718343828719e+02,6.425562623376181364e+02,-2.647812903619798597e+00,1.606179327086740827e+01,1.389046364420725599e+00,-7.453221997479656125e+01,1.968368334738417218e+02,3.013918781655405041e+02,2.656485613273286503e+02,-6.138517931634962110e+01,-2.391930580379604621e+01,1.717200804978621136e+02,1.548742379121858050e+02,1.650066038787053344e+02
4.664261466543795223e+02,-4.862447179686882670e+00,1.451885096248331820e+03,2.048647175641946774e+02,-1.379033838321749954e+02,1.267764180083037672e+03,4.517530826248637936e+02,1.485227489169670037e+02,1.166847532679282040e+03,-6.065555285916847339e+01,-1.664706893083486818e+02,1.073129750161885568e+03,5.832282622738820237e+02,2.488488888410061008e+02,9.350861225908881806e+02,-3.177991693435977538e+01,-1.479846259282320204e+02,7.921475851983242364e+02,4.001674160829549010e+02,1.427546270380405531e+02,8.059547490535994712e+02,9.656813924341218325e+00,-2.574991926761905248e+01,9.350534106163012211e+02,1.374584882022855368e+02,1.975831334716903029e+02,9.389409053712960258e+02,7.584515233292620451e+01,-4.054755528485848259e+01,4.710623168331148918e+02,3.080930846061497732e+02,1.251973295497919310e+02,6.157152993972815693e+02,-3.567450301804143020e+00,1.535561133362141462e+01,2.623599398306392327e+00,-9.389027242758221803e+01,2.006600333841175541e+02,2.715608472154449373e+02,2.645279185603070005e+02,-6.282135765314624365e+01,-2.361227120387121303e+01,1.553910135361550431e+02,1.635536693424469945e+02,1.396150876139928130e+02
4.794276954339243275e+02,5.161020438684321698e-01,1.432374762265449135e+03,2.135577411729327650e+02,-1.320807634333179976e+02,1.254503976500583349e+03,4.607346054761120513e+02,1.526118813622501591e+02,1.145073537460530133e+03,-5.328109016964152289e+01,-1.555459092084296628e+02,1.063611816107270442e+03,5.793752697788086152e+02,2.528964565023025273e+02,9.080873957081802246e+02,-4.344352290723589505e+01,-1.323714938828615288e+02,7.795031442926072032e+02,3.950298544417427706e+02,1.552819210037268078e+02,7.698329215701479598e+02,9.722269155529938089e+00,-2.089023377506158852e+01,9.308043656775981844e+02,1.338840379272234884e+02,2.025516588810189091e+02,9.290719817651812491e+02,7.718117290200808611e+01,-3.979078518532885766e+01,4.699013761472582473e+02,2.876911747731620039e+02,1.337352821862491794e+02,5.894442959646358986e+02,-3.850060047570535549e+00,1.400675385551485341e+01,3.553179699451671780e+00,-1.129646527696817628e+02,2.039753004704173236e+02,2.417793242994048342e+02,2.638580884559541460e+02,-6.407625179312650232e+01,-2.331817620909225042e+01,1.384968122571262086e+02,1.707597830988260625e+02,1.156557958259880365e+02
4.925566539709449216e+02,5.904500241810206163e+00,1.412710126655431623e+03,2.225630716979481178e+02,-1.266629489319499413e+02,1.240734839330446675e+03,4.690020020553550921e+02,1.573434671020857536e+02,1.122903084880721508e+03,-4.532438875589799920e+01,-1.462546205410405378e+02,1.053258262181085684e+03,5.743067511711834641e+02,2.575831748948218660e+02,8.801568471562612785e+02,-5.506176793549627035e+01,-1.184481884899063715e+02,7.671069105672841033e+02,3.903402582591707528e+02,1.677982561696767903e+02,7.326425670617853712e+02,1.018916532480508508e+01,-1.601052672183246628e+01,9.259553787694311495e+02,1.304810690204071477e+02,2.078108278628929213e+02,9.190793741640489998e+02,7.902384579306576029e+01,-3.931612778544088371e+01,4.687747845157255711e+02,2.673223931173575920e+02,1.431022488927943073e+02,5.643148354461500276e+02,-3.698074511616859628e+00,1.189880926080232371e+01,3.916172197110891595e+00,-1.316372322536083459e+02,2.078298956891439957e+02,2.128652400026965381e+02,2.635537801832535365e+02,-6.502528599304366708e+01,-2.312942796335643081e+01,1.216572948410730959e+02,1.776524223541525203e+02,9.343848022051882651e+01
5.058131685102811161e+02,1.145762979458933728e+01,1.392766551120317672e+03,2.320387321542605719e+02,-1.214060526399832298e+02,1.226476949608073255e+03,4.765262546374110002e+02,1.627078296822047321e+02,1.100543691534626078e+03,-3.680587749534119268e+01,-1.385364535809974598e+02,1.042303774961289491e+03,5.680410914059565357e+02,2.631295011103493948e+02,8.519970834987165063e+02,-6.597570610744649855e+01,-1.065347088432728810e+02,7.557710890431100097e+02,3.864258008198629000e+02,1.806349497887780160e+02,6.950559892689205981e+02,1.113033531398238196e+01,-1.085743876039460432e+01,9.206751969294176661e+02,1.273340194762823785e+02,2.136634916727590507e+02,9.092772130926459795e+02,8.115502519523886349e+01,-3.875876854080420486e+01,4.678455076103955435e+02,2.475190748246187127e+02,1.535415154524263812e+02,5.411938582704045757e+02,-3.537027070137561680e+00,9.310877054871637526e+00,3.675848027059624989e+00,-1.497444544073677832e+02,2.132318010226436797e+02,1.859065514005002910e+02,2.634025555626240021e+02,-6.561481158370527567e+01,-2.307666999012303322e+01,1.054409369457977732e+02,1.855804520669725264e+02,7.336736158356589499e+01
5.191613136641572055e+02,1.748765492823085310e+01,1.372376811304137163e+03,2.420191448909853875e+02,-1.159902699013475882e+02,1.211733657055954154e+03,4.833038039926986471e+02,1.686752909340780775e+02,1.078188823700571675e+03,-2.799553992489380505e+01,-1.316592332184319787e+02,1.030971963109631588e+03,5.604367905529785503e+02,2.699119743983936246e+02,8.243229796511195673e+02,-7.576736685505032654e+01,-9.613459105318990794e+01,7.462403437556059771e+02,3.830766773301234025e+02,1.946359795807430260e+02,6.576673780949600996e+02,1.250834091841688434e+01,-5.163594237963645917e+00,9.152119225838475813e+02,1.244391753823503137e+02,2.203354716516940357e+02,8.999549243247173536e+02,8.329648971544641256e+01,-3.770787473980774251e+01,4.672401129653705993e+02,2.287906573168095576e+02,1.651538164308576313e+02,5.208159073094286668e+02,-3.783548939625673846e+00,6.827674458595097029e+00,2.998387417357480267e+00,-1.670646975181004734e+02,2.208431602459813519e+02,1.618588295855922468e+02,2.631734188084452057e+02,-6.586955353340881913e+01,-2.313456980726817491e+01,9.017245325558675972e+01,1.955900634987291085e+02,5.571021491206250431e+01
5.324809064037161761e+02,2.434467903453513671e+01,1.351409290247685249e+03,2.523829299982436964e+02,-1.101588068068371342e+02,1.196519639158155314e+03,4.892904452082528906e+02,1.752219702707695319e+02,1.055981890753065500e+03,-1.933180933014915581e+01,-1.246881680353178723e+02,1.019433323510828359e+03,5.513029136687430309e+02,2.782898871432684587e+02,7.976101350006026678e+02,-8.444726472734087963e+01,-8.631534900105059194e+01,7.389759096426961378e+02,3.795835702735715813e+02,2.108166294616459311e+02,6.208703421990680908e+02,1.420524590139480736e+01,1.218342137508241052e+00,9.098058406953540498e+02,1.217197343833580305e+02,2.278387013922359472e+02,8.912564547268991646e+02,8.528112431112550951e+01,-3.594757293796073583e+01,4.670147742022346620e+02,2.114970732711411188e+02,1.779545392836599262e+02,5.034332986797040803e+02,-4.623052411806524375e+00,5.070836901817592057e+00,2.141576260580265068e+00,-1.833735437765924132e+02,2.308710271399343412e+02,1.411316294132965083e+02,2.627123549063729797e+02,-6.584409743638735790e+01,-2.325855135789327832e+01,7.587202562943828354e+01,2.081599698251108066e+02,4.040003593648638258e+01
5.455770716333648807e+02,3.223596759552368951e+01,1.329750346772445482e+03,2.629116910594191268e+02,-1.038242960184779093e+02,1.180806000492873409e+03,4.943716656516359080e+02,1.823460647175301688e+02,1.033963019305984062e+03,-1.122431839550750965e+01,-1.170489102989349419e+02,1.007775688079335282e+03,5.405669379686622733e+02,2.884561600377794548e+02,7.719632893170295347e+02,-9.236025148948955632e+01,-7.629471756158960716e+01,7.340221119182629081e+02,3.750107495332575240e+02,2.299620751317621057e+02,5.849383534981318462e+02,1.608125422357240097e+01,8.214512211522007945e+00,9.045971583331677266e+02,1.190790371105669436e+02,2.359401840481467332e+02,8.831333069028579530e+02,8.715616106247145467e+01,-3.356892631745996880e+01,4.671411655863266219e+02,1.957701981406653999e+02,1.919448387626225951e+02,4.887401392176348054e+02,-5.911323631985701432e+00,4.398323744593152895e+00,1.336089633712288949e+00,-1.984873895847293852e+02,2.431471044688749430e+02,1.234224241885770681e+02,2.619965158055921393e+02,-6.555895314134076557e+01,-2.342125084689354964e+01,6.236806262685981039e+01,2.232087599246129059e+02,2.701883493488789512e+01
5.582396844270475640e+02,4.109693532681303907e+01,1.307257071582859680e+03,2.734045559273270101e+02,-9.710708925059104502e+01,1.164453359979955167e+03,4.983977382699864620e+02,1.900686947936201818e+02,1.012050240001236034e+03,-3.874491953474851424e+00,-1.088337601317046932e+02,9.960205689886034861e+02,5.283835900113912203e+02,3.003809287976855558e+02,7.471948516779888223e+02,-9.990213677026437722e+01,-6.586725263525677576e+01,7.310431695681559177e+02,3.685644714795998880e+02,2.523389138722213545e+02,5.502075057962423443e+02,1.803251961380037827e+01,1.552013310854962747e+01,8.995774306928110491e+02,1.164630197428793394e+02,2.442641625023821632e+02,8.753884757167462567e+02,8.916202212659420923e+01,-3.088702809070689170e+01,4.675101674594648671e+02,1.815336428921218328e+02,2.071368414195578964e+02,4.760824818327868115e+02,-7.240401646356628973e+00,4.739788730035877862e+00,7.236058466375543397e-01,-2.122518903359355704e+02,2.572958721497352030e+02,1.079232730784966066e+02,2.611431460264278712e+02,-6.497488533286082202e+01,-2.362220274111663443e+01,4.950864839615092450e+01,2.402873724098098194e+02,1.500224448162518520e+01
5.703208714595657511e+02,5.061606815798079850e+01,1.283766215822982304e+03,2.837783205657306667e+02,-9.027955776087087258e+01,1.147231146388195839e+03,5.012706434570945362e+02,1.984301116265245355e+02,9.900893585018607155e+02,2.780821653357156364e+00,-1.006670367597661340e+02,9.841927839202840005e+02,5.150913788515617853e+02,3.138534934934335752e+02,7.230596898888991291e+02,-1.072588088214238411e+02,-5.541534823472291293e+01,7.295531843264496956e+02,3.598606856390386497e+02,2.776308460369165800e+02,5.171772025773678934e+02,2.002701072676920901e+01,2.270151491646024056e+01,8.946147023742939837e+02,1.138953803448616213e+02,2.524696856685711452e+02,8.677754193383706252e+02,9.160873290122513879e+01,-2.823227097527973228e+01,4.679528196356221201e+02,1.686021598845788958e+02,2.235245154133404810e+02,4.647941891391774334e+02,-8.127936991755078111e+00,5.651507771466519614e+00,3.613977061354658460e-01,-2.245174822375979318e+02,2.728944179306206479e+02,9.379058406052679686e+01,2.603762995498556165e+02,-6.402840399084705325e+01,-2.386956226681775561e+01,3.732169977045560927e+01,2.588324504993448159e+02,3.945777330038563679e+00
5.817924574669980302e+02,6.042141312916621843e+01,1.259176923941874065e+03,2.940912033058760358e+02,-8.362192991603257042e+01,1.128948451124592339e+03,5.030295560175476908e+02,2.074886818550821772e+02,9.679527319524144104e+02,8.989620203228986028e+00,-9.323285039609447722e+01,9.723983007271150427e+02,5.010290300156324292e+02,3.285727127095472042e+02,6.994848895151789065e+02,-1.143352571468735590e+02,-4.553018933598337270e+01,7.292299804043044560e+02,3.489639173030036545e+02,3.051062724351863835e+02,4.864190118411980848e+02,2.210803456401350076e+01,2.937437168777718455e+01,8.895401506640166645e+02,1.114636492911619428e+02,2.604002827003206448e+02,8.600929637902160039e+02,9.472605450354966194e+01,-2.576319581118269397e+01,4.682804227321178701e+02,1.567913714433901760e+02,2.410400634155043349e+02,4.544507928116824473e+02,-8.241343481268591731e+00,6.543529728068328666e+00,2.592449826257848811e-01,-2.351776533681444050e+02,2.895961015473644125e+02,8.059642809029222121e+01,2.599527732714042259e+02,-6.270233189043248956e+01,-2.415631621567788301e+01,2.600930178443209329e+01,2.783939511602574726e+02,-6.188668183569749459e+00
5.927516148450741866e+02,7.032175375629270775e+01,1.233538276415884411e+03,3.044746065265931634e+02,-7.724768887975527321e+01,1.109613841905561912e+03,5.038691964422416163e+02,2.173119927208892648e+02,9.456213517589665116e+02,1.503914760133323192e+01,-8.678394056140417945e+01,9.608430398451936298e+02,4.863390976182552095e+02,3.442249328797061025e+02,6.766449898775299516e+02,-1.208837717219553980e+02,-3.653050526742863724e+01,7.301198771945066710e+02,3.362202461261876465e+02,3.339256644451846796e+02,4.583589294271160384e+02,2.436228140968948708e+01,3.537781244190121299e+01,8.842464465900117148e+02,1.092633352365212431e+02,2.681256863263300261e+02,8.522335885104463387e+02,9.856583666953700629e+01,-2.341982936107662994e+01,4.683414032902142594e+02,1.459761044413378954e+02,2.595453101596486363e+02,4.449288561285759442e+02,-7.562319587291850276e+00,6.941599512724893728e+00,4.087845762900136903e-01,-2.442786005401000295e+02,3.072435175061792165e+02,6.849246813388117516e+01,2.600580892959910102e+02,-6.107744353379464997e+01,-2.445607468232216775e+01,1.579325861210580584e+01,2.988007323276722218e+02,-1.510292993000506634e+01
6.033626324757682369e+02,8.045061662567015048e+01,1.207054646495274255e+03,3.150145289307342864e+02,-7.099251592383878062e+01,1.089499389719215742e+03,5.040590001621598049e+02,2.279468272982543056e+02,9.231913474054649669e+02,2.113804163939084901e+01,-8.094746857301717569e+01,9.497675744475106967e+02,4.709124820612382223e+02,3.605254755336935091e+02,6.548516394013272475e+02,-1.266969334755387422e+02,-2.822648234792013611e+01,7.325993013780977208e+02,3.220362467824316468e+02,3.634471478320903088e+02,4.331173665138197748e+02,2.685764515833256638e+01,4.085802037862838887e+01,8.787427860690605712e+02,1.073327416924810507e+02,2.758681146817769445e+02,8.441815682361060453e+02,1.029940292919374372e+02,-2.102637523394546903e+01,4.680802816290064357e+02,1.360886062966787051e+02,2.788774962968046793e+02,4.363075016753648470e+02,-6.422938431107546364e+00,6.651274079365321334e+00,7.906198178543509814e-01,-2.521040052961040203e+02,3.259827887482862252e+02,5.800492939783750757e+01,2.607077733867017173e+02,-5.932357779242389739e+01,-2.474314460524329817e+01,6.754783714637556891e+00,3.202487570635446446e+02,-2.240098684322101619e+01
6.137575026386476793e+02,9.122536053159984704e+01,1.179989698199230133e+03,3.256586701032423434e+02,-6.443752662818555166e+01,1.069047820984907730e+03,5.037985835231870624e+02,2.393817293018880434e+02,9.008038571699337353e+02,2.738051071195487651e+01,-7.493033321873035391e+01,9.393462645542136897e+02,4.545275717102238673e+02,3.772475704719882401e+02,6.343573900806762822e+02,-1.317054980352771736e+02,-2.009080561591149561e+01,7.371263762245964699e+02,3.067650853807651288e+02,3.934121617909129895e+02,4.105475804958664412e+02,2.957021286118502701e+01,4.622081446697285401e+01,8.731417515352437704e+02,1.056169932570450811e+02,2.838766973484430878e+02,8.359883700498447752e+02,1.077555340482146704e+02,-1.844179356137334125e+01,4.675720826897032225e+02,1.270960921504127725e+02,2.989276218741955518e+02,4.287364274248247398e+02,-5.391363152965404026e+00,5.774172385118291118e+00,1.372160496608791913e+00,-2.591097593693477847e+02,3.463354555082343040e+02,4.961257611857189431e+01,2.617076107201747845e+02,-5.762887556672016842e+01,-2.501655161027575858e+01,-1.176683221012098102e+00,3.432945403544763963e+02,-2.786591377758814403e+01
6.239508032334222207e+02,1.031573039469194413e+02,1.152536887837026597e+03,3.362137428916736894e+02,-5.705781869568994580e+01,1.048676223343644097e+03,5.030996134712819980e+02,2.515434033179148230e+02,8.785561104972604198e+02,3.378458111547701037e+01,-6.796210386663578618e+01,9.296339498423565146e+02,4.370845275994768144e+02,3.942729391834282637e+02,6.152214840452261342e+02,-1.359202634459777528e+02,-1.170190894889569044e+01,7.439539475341815660e+02,2.907447444137973775e+02,4.239652126778647130e+02,3.904529303869404089e+02,3.233447174256264844e+01,5.198357371366579827e+01,8.675944393800268699e+02,1.039825718823917668e+02,2.923346793883066539e+02,8.277534119794919434e+02,1.125598354159515537e+02,-1.563049462409294144e+01,4.670070411069305010e+02,1.190004866914543982e+02,3.197057054654128478e+02,4.223699686521902095e+02,-5.045242821468518990e+00,4.614333856860395322e+00,2.114309891715798528e+00,-2.656812460132319984e+02,3.691520242802506004e+02,4.338286973046883332e+01,2.627120173537195456e+02,-5.610662055287248506e+01,-2.530231244895455944e+01,-8.051136076329949987e+00,3.687398241034479724e+02,-3.159082380809176627e+01
6.338233113752784220e+02,1.166346446539781283e+02,1.124752649316843872e+03,3.464417458365193170e+02,-4.840929439017670433e+01,1.028601605640069238e+03,5.017781224119416947e+02,2.643537070769521051e+02,8.564611953982397381e+02,4.035864654248180017e+01,-5.968393737370148244e+01,9.206027131761571809e+02,4.187590527889894929e+02,4.116593231708823168e+02,5.973253255652664393e+02,-1.392942408508988592e+02,-3.128122217212216061e+00,7.529754882477335514e+02,2.743933842167887747e+02,4.555340289176829174e+02,3.728266508587502130e+02,3.485272646725634615e+01,5.860549191320842510e+01,8.622136344249693138e+02,1.022745289641288338e+02,3.013422867135525962e+02,8.196130745955681505e+02,1.171373911224791016e+02,-1.260586385790766428e+01,4.666216568380497165e+02,1.118651436832654866e+02,3.413482922780149238e+02,4.173719626503980749e+02,-5.725575607278686974e+00,3.544179259664371529e+00,2.986752441369620481e+00,-2.718415344796061959e+02,3.954014354395263808e+02,3.887797223779750766e+01,2.633682335455898169e+02,-5.473829433498471531e+01,-2.562899304852253479e+01,-1.366959414996754418e+01,3.974141122811105333e+02,-3.389509296489558210e+01
6.431851365591446665e+02,1.317895203729382843e+02,1.096599611742474508e+03,3.561964030843840305e+02,-3.825275522970906650e+01,1.008791945147301476e+03,4.995718442972826097e+02,2.778174396404449453e+02,8.344801376296197759e+02,4.715161742960157198e+01,-5.026645493720005931e+01,9.122294983596174234e+02,3.999673343937577101e+02,4.296735878165907820e+02,5.805090080511830593e+02,-1.416464590082554196e+02,5.036553552576275905e+00,7.637572545935818198e+02,2.582263017668556131e+02,4.886362720779999904e+02,3.579454258594467433e+02,3.677929046848289119e+01,6.636873638963855626e+01,8.570206110720074548e+02,1.003863800593956910e+02,3.109504301174490593e+02,8.117175045742093289e+02,1.212507937363551349e+02,-9.319395790558365533e+00,4.666023644483402109e+02,1.058318248585825785e+02,3.640450769747029653e+02,4.139207218042691920e+02,-7.383191333393614109e+00,2.875977790601599970e+00,3.972566120872236706e+00,-2.771181605276598816e+02,4.258323317007012747e+02,3.534970052646811212e+01,2.634763660037589261e+02,-5.339710694120378065e+01,-2.599866626808011105e+01,-1.749838526974928143e+01,4.298969922866999696e+02,-3.511154091794616505e+01
6.518762092628080609e+02,1.484825360873264799e+02,1.068064475976879294e+03,3.655096562935830207e+02,-2.657104077745976056e+01,9.890556709114966907e+02,4.963144409309123262e+02,2.920659530323031845e+02,8.125920098549283921e+02,5.426283518888258328e+01,-4.023782747427008388e+01,9.045468289465134148e+02,3.811847764427253082e+02,4.487370871768915208e+02,5.647144977644665005e+02,-1.427302804768108615e+02,1.202538746532530389e+01,7.756909482373849869e+02,2.427475460064565880e+02,5.236823885103493694e+02,3.462545552936534250e+02,3.785653686964617748e+01,7.533639612860682178e+01,8.519312179071886248e+02,9.830956452385163402e+01,3.211862789003660623e+02,8.041783993651188212e+02,1.246846398509774900e+02,-5.621352028056048944e+00,4.670061672314081420e+02,1.010843232147040425e+02,3.879029763384699550e+02,4.121481851231048381e+02,-9.592709951060179208e+00,2.755524775206884325e+00,5.047092170069074513e+00,-2.806948112616861408e+02,4.606335955055594695e+02,3.206551340528444172e+01,2.630764148044943909e+02,-5.195074531862486111e+01,-2.638162374597072102e+01,-1.883639449391360898e+01,4.662675991369591202e+02,-3.540944961143417657e+01
6.598422940174526730e+02,1.663691865456610230e+02,1.039260382925051545e+03,3.745701910225716915e+02,-1.351124769835947959e+01,9.691944196369763631e+02,4.920627601969313787e+02,3.073004708324132821e+02,7.908410513071336254e+02,6.181094431510260989e+01,-3.017894564619781761e+01,8.976030059108197747e+02,3.627670252915744982e+02,4.692799212381432312e+02,5.500265149477050954e+02,-1.423979286834418758e+02,1.740046325653184667e+01,7.881695994199086499e+02,2.282958676963715732e+02,5.608243399370157931e+02,3.381228723325969554e+02,3.804287829760452411e+01,8.536980587670593934e+01,8.467792340475734818e+02,9.614198951833833462e+01,3.320385072993301492e+02,7.970004018069453195e+02,1.272539535651282137e+02,-1.355712982073744799e+00,4.677356425367214570e+02,9.775008732558218583e+01,4.128169133725094184e+02,4.120197387702098126e+02,-1.172733831144499028e+01,3.094669366038876657e+00,6.143271610606420019e+00,-2.817776359922285110e+02,4.992665866301483675e+02,2.856171400064956956e+01,2.624136345151273417e+02,-5.038868719750158220e+01,-2.674142879001348305e+01,-1.715313093213374174e+01,5.060005101208510609e+02,-3.477340219278796241e+01
6.671470068751764302e+02,1.849999318508857584e+02,1.010436037561420108e+03,3.836098813481466436e+02,6.794344698483114620e-01,9.491200579162563145e+02,4.871053782443938189e+02,3.236561067707597203e+02,7.693228138745963633e+02,6.988307005375199310e+01,-2.049011184650338535e+01,8.913708295743912231e+02,3.449003605927856029e+02,4.915597316210861436e+02,5.365911527772227601e+02,-1.407230877750726563e+02,2.134811625560153558e+01,8.007314505503417195e+02,2.149682612213355526e+02,5.998763125399552791e+02,3.336234709832365297e+02,3.756253607195164790e+01,9.617785504433608423e+01,8.413676044654914676e+02,9.405205963158392990e+01,3.434260786365587137e+02,7.900379469427949743e+02,1.288502362059711004e+02,3.473128578397707944e+00,4.685783241508149217e+02,9.578021886381206684e+01,4.384407104044852304e+02,4.132323055848518152e+02,-1.320802474499048706e+01,3.573684475119373261e+00,7.139136109818291942e+00,-2.799421783614199057e+02,5.405891933871741912e+02,2.470755140627418101e+01,2.618068316942089382e+02,-4.889442516853119258e+01,-2.706792760579377699e+01,-1.236833741795566333e+01,5.480972409977219968e+02,-3.313531510184784423e+01
6.739186125891936854e+02,2.039320359648482679e+02,9.818864109615846019e+02,3.927726460192088211e+02,1.568055160510148838e+01,9.288850048630096126e+02,4.818522780044723959e+02,3.410803978471990945e+02,7.481262467955134525e+02,7.849890195300773144e+01,-1.134294876640658423e+01,8.857092341890925127e+02,3.276900552768877901e+02,5.155246921630994166e+02,5.244940406423548893e+02,-1.379726810969275732e+02,2.454981876346866798e+01,8.131601413553084967e+02,2.026729749417833091e+02,6.403211961082818107e+02,3.324699894646423672e+02,3.683789611336803205e+01,1.073880260882712747e+02,8.355355509547977135e+02,9.220907188898347329e+01,3.552020414823150531e+02,7.830201180303182582e+02,1.295023991598809516e+02,8.604320995661934646e+00,4.692885127118610171e+02,9.487361481240716898e+01,4.643106937993399015e+02,4.152159621856035301e+02,-1.370972427762751700e+01,3.736558361083872626e+00,7.894637155873615697e+00,-2.752297212807861229e+02,5.832446284758578940e+02,2.059415656425763075e+01,2.614984581556225862e+02,-4.780825931182214816e+01,-2.738775179596073173e+01,-4.865775901766943079e+00,5.914283187693778245e+02,-3.055275995320608828e+01
6.802581829572303604e+02,2.228482787014496296e+02,9.538387220182985402e+02,4.020401059375755608e+02,3.110328525245885700e+01,9.086470968149104692e+02,4.766690113942572111e+02,3.593239631974974486e+02,7.272913795927563569e+02,8.761393494225838197e+01,-2.781277078960563198e+00,8.804495046035603991e+02,3.112877266098631139e+02,5.407834610033388572e+02,5.137132965949934942e+02,-1.344381577157957679e+02,2.770686507124671039e+01,8.255323928922742880e+02,1.912581880800571241e+02,6.814131165315227463e+02,3.341409200742056100e+02,3.632601699124198547e+01,1.186434854658768785e+02,8.292239200012542142e+02,9.070349005803882392e+01,3.672160373647086544e+02,7.756515621061897718e+02,1.294026139431319109e+02,1.360314513775593248e+01,4.696710311517439322e+02,9.449640795934332971e+01,4.900762736306845682e+02,4.172660751255855871e+02,-1.324069683823481292e+01,3.161220544982948244e+00,8.325989764638960011e+00,-2.679382712049095971e+02,6.261292339183931972e+02,1.634567571007709930e+01,2.615655570500202884e+02,-4.748852206384224672e+01,-2.774158688027565489e+01,4.785001079653866007e+00,6.351231124165901747e+02,-2.730655568463074090e+01
6.861485403617142538e+02,2.416612583546230439e+02,9.264071880687763496e+02,4.112384633802645340e+02,4.652896821984716524e+01,8.886257507537931133e+02,4.717416971407166670e+02,3.780649324346864546e+02,7.068328367436997723e+02,9.715716370781488820e+01,5.162184001353838703e+00,8.755660093917779250e+02,2.959474800850009615e+02,5.667076564777478325e+02,5.042001849331250014e+02,-1.302396548861690064e+02,3.104345678804053676e+01,8.381871006482292614e+02,1.806217655211618478e+02,7.223720524843708972e+02,3.381253868333604373e+02,3.633661018079427407e+01,1.297206953212123608e+02,8.225136748915027738e+02,8.949024546145574277e+01,3.794038375985573452e+02,7.677487026167950717e+02,1.288621384762774937e+02,1.810462677694573941e+01,4.696317465236610360e+02,9.400403264392733149e+01,5.157024707390281719e+02,4.187582496644977823e+02,-1.208278077741424106e+01,1.639610473768440935e+00,8.469907246069402262e+00,-2.582726450445121600e+02,6.686982331851706931e+02,1.196271024754374324e+01,2.619233023298393732e+02,-4.813767997333560089e+01,-2.814544006504389984e+01,1.621983264295455385e+01,6.787959241650718241e+02,-2.384812234484819626e+01
6.914072941315945400e+02,2.605531691392810103e+02,8.996503287447474122e+02,4.200998165950856560e+02,6.161920220236738288e+01,8.690826269154656529e+02,4.670363266258491421e+02,3.970882657429546043e+02,6.868196992558080183e+02,1.070783892756163738e+02,1.244553534072676726e+01,8.712988582014854728e+02,2.819775509909392213e+02,5.926475163587977022e+02,4.960323598380745693e+02,-1.252207602427860706e+02,3.412616860302182431e+01,8.515969861341746991e+02,1.707494097722028528e+02,7.626268839511722035e+02,3.441721957426198628e+02,3.692332319722182632e+01,1.406343867115358250e+02,8.156120942383062129e+02,8.838667607869517440e+01,3.918420524072248554e+02,7.593400425328317169e+02,1.282110696794301532e+02,2.207694347761759346e+01,4.691823875056135194e+02,9.282195878919677057e+01,5.415067406295341925e+02,4.193554647661910622e+02,-1.064616920210159279e+01,-7.143015505845338176e-01,8.490574051584388826e+00,-2.461140319312634404e+02,7.109642828343490919e+02,7.273412658813210641e+00,2.623958635450667316e+02,-4.967848903966052632e+01,-2.856519593213554131e+01,2.952389915190707725e+01,7.224938848021732838e+02,-2.061250813400111781e+01
6.957187146491769454e+02,2.799002019848477971e+02,8.736762440588954632e+02,4.283370446093887267e+02,7.626873099844836190e+01,8.503110392086823595e+02,4.623631049287492942e+02,4.163945061789642068e+02,6.674443112385611130e+02,1.173842242998549352e+02,1.909735978742631346e+01,8.681098903488606311e+02,2.696395890461533327e+02,6.181887527845213981e+02,4.895182210716064333e+02,-1.189708518759982638e+02,3.610738878437582144e+01,8.661703844431357311e+02,1.616921370238654276e+02,8.020126703370323185e+02,3.524275373713179533e+02,3.790128865293518601e+01,1.516781004147704550e+02,8.087769891810243053e+02,8.713635405738008899e+01,4.047274457069277105e+02,7.506696085686529614e+02,1.276972271411892024e+02,2.593242930568100491e+01,4.684093175259540089e+02,9.060541206034056927e+01,5.679924990880613223e+02,4.191185662837370955e+02,-9.316279091869834161e+00,-3.483584901795127031e+00,8.618607670821365474e+00,-2.310741972030307352e+02,7.532245966251774689e+02,2.009664246453460201e+00,2.628010655329204610e+02,-5.173883309075571191e+01,-2.892363780343898938e+01,4.516285575837659394e+01,7.664287132395656954e+02,-1.778563234547957350e+01
6.987491787326169970e+02,3.000799978319197976e+02,8.487034387703236007e+02,4.357100881849291909e+02,9.071030400254825565e+01,8.325989543796557655e+02,4.575033182111628207e+02,4.361590717031431268e+02,6.490135654322116352e+02,1.281556974753641782e+02,2.530105251039814718e+01,8.664711839421281638e+02,2.590735358776814223e+02,6.433336362761564260e+02,4.851589217636997660e+02,-1.109302133529577503e+02,3.620308530403404745e+01,8.820641151325716010e+02,1.535208425503473961e+02,8.408100873422115455e+02,3.633897066691997679e+02,3.897333714421362316e+01,1.633614802315073291e+02,8.022014627955384185e+02,8.551596002187854140e+01,4.182925598026094463e+02,7.420923356998688405e+02,1.274365065698219297e+02,3.039863385537840301e+01,4.674257831144703346e+02,8.730119686947668356e+01,5.955755221374236044e+02,4.184684026361869087e+02,-8.349948653834815104e+00,-6.094122848338695775e+00,9.053398614224070329e+00,-2.127942866925741328e+02,7.956934267077170944e+02,-4.035320456108355103e+00,2.630075914400991337e+02,-5.375475448939408096e+01,-2.913834633327144985e+01,6.363403093743905714e+01,8.106777186343592803e+02,-1.515086592934391874e+01
7.003047734593093310e+02,3.212414594232649847e+02,8.250282147076251249e+02,4.420810760405874476e+02,1.054834542556143475e+02,8.161596000380857276e+02,4.523315553158603279e+02,4.565706204831479909e+02,6.318584914918592403e+02,1.395471030597735478e+02,3.138422012090711988e+01,8.666150371997676984e+02,2.502894037976763002e+02,6.684925179733659206e+02,4.834742384336507826e+02,-1.005134681202965510e+02,3.407733855299400005e+01,8.990989893848030761e+02,1.462842743377119064e+02,8.795670152705406508e+02,3.776760570820131875e+02,3.988911099106399405e+01,1.762517323185761882e+02,7.959131766972706146e+02,8.343433258651359097e+01,4.327109364438431385e+02,7.339121757719110519e+02,1.274248558795090389e+02,3.620738741424566598e+01,4.663255538489300420e+02,8.308368729335012404e+01,6.243688511945144910e+02,4.180079531517814075e+02,-7.839372197640856577e+00,-8.029666703279715989e+00,9.878953690636606666e+00,-1.912888988252699392e+02,8.382345261635434781e+02,-1.084898980301346327e+01,2.629557990929262701e+02,-5.515476053643855181e+01,-2.917134554220329790e+01,8.503630194673122844e+01,8.550273729157794378e+02,-1.211694974533366143e+01
7.004530849431101842e+02,3.431736170546226390e+02,8.029288427918435218e+02,4.474548960823989319e+02,1.212572435959723265e+02,8.010667690642951584e+02,4.468796218079680784e+02,4.776649036391051482e+02,6.162244932911602291e+02,1.517685621569118837e+02,3.770405668340946903e+01,8.684109686929075451e+02,2.432135124423376453e+02,6.942523923506075789e+02,4.847939365384443136e+02,-8.721768439454127986e+01,2.991980334661680629e+01,9.168174938719668035e+02,1.399809980982608693e+02,9.187540887442515896e+02,3.956776320934798150e+02,4.055348270701789204e+01,1.907824521669621447e+02,7.897445668218813353e+02,8.097171900979078885e+01,4.480483927522902263e+02,7.262475086914425901e+02,1.275816511906162134e+02,4.377421485804811851e+01,4.651483359548862495e+02,7.820554878337115667e+01,6.541503683473174533e+02,4.182760095428932345e+02,-7.733319543112521011e+00,-9.024046094875266988e+00,1.103228791464509051e+01,-1.671278291303418655e+02,8.802954868505009927e+02,-1.811829217025981720e+01,2.626542695310209865e+02,-5.555645265263363797e+01,-2.906349668877269821e+01,1.087870815908859186e+02,8.990136722751959724e+02,-7.939075231026941459e+00
6.995348471014959841e+02,3.653866254411772729e+02,7.825804968100497945e+02,4.519887293993341473e+02,1.385946262573054923e+02,7.872436873870362888e+02,4.413255695054761532e+02,4.992741332627552993e+02,6.022166104002934617e+02,1.650608949537227659e+02,4.452116762892715940e+01,8.714495652652673243e+02,2.377479988751836970e+02,7.210221800013005122e+02,4.891374952257090172e+02,-7.071078794687090863e+01,2.425799346429328196e+01,9.346427313579132488e+02,1.345552648130509397e+02,9.584180285414436185e+02,4.172493690782042677e+02,4.104443197879270855e+01,2.071201658990769090e+02,7.833937899953670012e+02,7.833689156141265642e+01,4.642826825351369280e+02,7.189904455712343179e+02,1.277904178730132543e+02,5.305091637151715389e+01,4.638600254113018764e+02,7.284516170138846292e+01,6.845202278705398840e+02,4.195399673638816580e+02,-7.894677812538028583e+00,-9.142420280098692231e+00,1.233531786966286248e+01,-1.413751557502899630e+02,9.210263349739542491e+02,-2.526585357708739821e+01,2.621627078300086851e+02,-5.489548813200931932e+01,-2.893010042190177700e+01,1.336088831660270273e+02,9.420900867540970012e+02,-2.030029820408668861e+00
6.980447356728305977e+02,3.874038489437808721e+02,7.640347837605440873e+02,4.559521800426215350e+02,1.577861988623898526e+02,7.745264719360576464e+02,4.359279687761067521e+02,5.211331353319452546e+02,5.898266041771286154e+02,1.796734293052670921e+02,5.197451005721826078e+01,8.752749584849821076e+02,2.338084443914759731e+02,7.487605605832796982e+02,4.962381689260416238e+02,-5.089497911595940138e+01,1.773307193737592158e+01,9.520492608228189511e+02,1.299293948787713191e+02,9.980355450321864055e+02,4.416044997938067809e+02,4.155762255716100384e+01,2.251532674745139957e+02,7.765449107561629489e+02,7.576265950760659962e+01,4.813682904263876594e+02,7.118709449509410661e+02,1.279290947793420656e+02,6.363144929973466901e+01,4.623489528744842687e+02,6.702242597118683420e+01,7.151447979360286809e+02,4.217199585386950957e+02,-8.171715505786472988e+00,-8.710129133518705657e+00,1.357343451344624796e+01,-1.153590780102747004e+02,9.594986585988111756e+02,-3.159468576692168540e+01,2.615637636707143088e+02,-5.342769360775203324e+01,-2.891013087649598745e+01,1.577578267425270155e+02,9.838137317370218398e+02,5.803547327586310978e+00
6.964363319929957470e+02,4.091200454441936927e+02,7.472624533021180468e+02,4.596391662126769120e+02,1.788335768014978271e+02,7.627799104788538216e+02,4.309442174900411260e+02,5.430809822629707924e+02,5.790069846145310066e+02,1.958449697658305695e+02,6.018962540705815911e+01,8.796192161132121328e+02,2.313301363874186904e+02,7.769792690542843729e+02,5.056664003896440249e+02,-2.792262663348765628e+01,1.104577263417989208e+01,9.686687898996524382e+02,1.260718398599594536e+02,1.036688047377250996e+03,4.675110935769266121e+02,4.232280059309609754e+01,2.446029171911303877e+02,7.689856898308953532e+02,7.339165947106211263e+01,4.992983875755869576e+02,7.045808259816514010e+02,1.279024782971827818e+02,7.503995156101609609e+01,4.604406960989705340e+02,6.061001219042283594e+01,7.459445069801221280e+02,4.244702128274186634e+02,-8.458552048469730522e+00,-8.119938860038542927e+00,1.458788479206669209e+01,-9.041491267462110670e+01,9.949423763659146971e+02,-3.648970549364205596e+01,2.609295722206138635e+02,-5.160024400944230649e+01,-2.908730632202006205e+01,1.793726385632135134e+02,1.023984435632793975e+03,1.531927349505100544e+01
6.949542627401671098e+02,4.310044805554334744e+02,7.322159224376505335e+02,4.632607210118638932e+02,2.015672108642353635e+02,7.520099913902809021e+02,4.265680412125655039e+02,5.652341081535195144e+02,5.697312523792356842e+02,2.137748811725537905e+02,6.943873811193601853e+01,8.845032881944206338e+02,2.302577879745482505e+02,8.050514492597562821e+02,5.169558949735820761e+02,-2.140593056575927022e+00,5.083638665211326568e+00,9.843017926282207100e+02,1.230700098588222886e+02,1.073487986223742382e+03,4.937429939698911880e+02,4.352702043182013369e+01,2.651926092438303044e+02,7.606667029665147766e+02,7.120857887277341547e+01,5.181263512653031285e+02,6.968870342471377626e+02,1.276814408651272288e+02,8.702823356870578664e+01,4.579303927281638948e+02,5.342256602731657722e+01,7.771243683742936810e+02,4.273578734254083997e+02,-8.720618805136171048e+00,-7.610203235990598003e+00,1.534680741648057456e+01,-6.770127748444949134e+01,1.026940784756195171e+03,-3.960620856583806670e+01,2.602988389307101897e+02,-4.985362372272676623e+01,-2.942485537819960939e+01,1.968174030505265932e+02,1.062727249869197067e+03,2.597761413939300468e+01
6.935850890212939248e+02,4.539881026124261894e+02,7.188664361124826883e+02,4.668640105821191355e+02,2.258124957907238866e+02,7.424099793230867590e+02,4.229044279333272129e+02,5.880177305364328504e+02,5.620037561614856259e+02,2.335731070349762035e+02,8.021988079110386138e+01,8.901587295078156785e+02,2.305405271650420502e+02,8.326321678884064568e+02,5.296726830821593239e+02,2.603129136500138685e+01,1.046663539075192606e+00,9.988497141146319791e+02,1.211530541175668816e+02,1.107999952049422291e+03,5.195948626981002008e+02,4.525694709956536599e+01,2.867904630075614705e+02,7.516772905142590844e+02,6.905080035930586746e+01,5.379423276079572815e+02,6.886771175665552391e+02,1.273305310210865429e+02,9.972098807446455737e+01,4.546211811680797723e+02,4.533831414552148686e+01,8.090353686868024852e+02,4.300280978497186766e+02,-8.971497520286090932e+00,-7.122415791141649244e+00,1.596689642693836397e+01,-4.810274757684764779e+01,1.055536378230404125e+03,-4.099068995890586109e+01,2.596796381026033487e+02,-4.845126316105286435e+01,-2.975963124771863022e+01,2.089368734465546140e+02,1.100519223200447186e+03,3.712074524661827724e+01
6.921556547559639512e+02,4.790547571964033295e+02,7.072011097252056970e+02,4.703170426801737563e+02,2.515163446587558553e+02,7.343039215822250299e+02,4.199833859407173122e+02,6.120225301982309247e+02,5.558289711509650033e+02,2.551986605589282817e+02,9.317772977624564135e+01,8.968322124205942600e+02,2.321409129414052472e+02,8.598926323025717693e+02,5.434456749676928666e+02,5.623948757249920760e+01,3.630744743650342610e-01,1.012206242301460293e+03,1.206208792810231358e+02,1.140370326212842656e+03,5.452133216292246516e+02,4.746443018115736834e+01,3.094649026337911550e+02,7.421557167928071976e+02,6.668852861506749719e+01,5.588314497033568387e+02,6.799234707289967901e+02,1.269984034507864408e+02,1.135531859587192969e+02,4.503511034527998618e+02,3.639314761402761889e+01,8.419489017465597271e+02,4.322661699520764387e+02,-9.209221132681188138e+00,-6.305383343176860222e+00,1.667121253995513186e+01,-3.218316392801693837e+01,1.081211932881900566e+03,-4.111302095217194363e+01,2.590775104604286980e+02,-4.741235580111992931e+01,-2.987427412498344736e+01,2.151897515500598956e+02,1.138140190706582189e+03,4.803905715428157919e+01
6.905266341000955208e+02,5.067496091445389084e+02,6.971995341199755103e+02,4.733717463792445983e+02,2.787972277101893610e+02,7.280085446268166152e+02,4.178027658927418884e+02,6.377585505291449408e+02,5.511773619780710760e+02,2.784176111865709231e+02,1.089085613105126669e+02,9.046006875148652853e+02,2.350486045249621441e+02,8.873896576519636028e+02,5.580088795715093966e+02,8.828531453370030135e+01,4.350978365151839000e+00,1.024155062941184951e+03,1.216911472047900276e+02,1.171072355387372454e+03,5.715572303001716818e+02,4.996817210005198717e+01,3.334462507303458096e+02,7.321859721524521092e+02,6.393026547179313468e+01,5.808494109248829318e+02,6.706032969285745367e+02,1.268670480854205920e+02,1.290665851523721983e+02,4.449982591182101146e+02,2.679048658345764267e+01,8.758786566147316535e+02,4.339474707898405086e+02,-9.343845628914062118e+00,-4.656427251910169041e+00,1.769071917976321373e+01,-2.016130590082645213e+01,1.104744551152394024e+03,-4.081186453151281057e+01,2.585314146504765063e+02,-4.656026880214992048e+01,-2.961710788368079861e+01,2.156530679844795202e+02,1.176521560122005440e+03,5.789673673877616977e+01
6.887690169450078201e+02,5.368876452784809317e+02,6.888237360197575754e+02,4.757785066632112603e+02,3.079286206319486041e+02,7.236923724988884032e+02,4.163812851042653165e+02,6.654394694049516374e+02,5.479769905115256279e+02,3.028097737436160060e+02,1.277794817081689018e+02,9.133143139680259992e+02,2.392843858840437008e+02,9.156574706638872385e+02,5.732620107140133996e+02,1.221129213490776522e+02,1.379705603178989648e+01,1.034318106091413938e+03,1.243462087767547786e+02,1.200461100732913565e+03,5.999636249238404844e+02,5.250815456545370807e+01,3.590259110824744653e+02,7.217434394243626912e+02,6.070174666934428842e+01,6.040319673623007475e+02,6.606397075211701804e+02,1.270866364480981616e+02,1.466919148061547560e+02,4.384703073208900150e+02,1.680711369974958558e+01,9.105558461041986220e+02,4.349431409557675465e+02,-9.161684337433495529e+00,-1.721746574051743695e+00,1.914680998136182311e+01,-1.190577999190271719e+01,1.126974163497712198e+03,-4.115317322680029832e+01,2.581344292877094517e+02,-4.563945666758499442e+01,-2.899900417056587898e+01,2.109062762458459019e+02,1.216494416585713225e+03,6.564771867382884807e+01
6.872087464571230839e+02,5.686336135134772576e+02,6.820434439028906581e+02,4.773914403468997989e+02,3.392731773443832708e+02,7.213253020210031536e+02,4.157939684180877293e+02,6.949053860360423869e+02,5.461366597264708389e+02,3.278248505928365262e+02,1.498783195160575019e+02,9.227023917094562648e+02,2.448882851889643177e+02,9.448089602117375989e+02,5.893008692572033169e+02,1.576961220360673508e+02,2.871572357106780515e+01,1.042180035029814462e+03,1.282862338456540670e+02,1.228479227192410463e+03,6.314998967491296753e+02,5.484965919279518687e+01,3.864327151701434104e+02,7.107238347817102522e+02,5.706834476969122960e+01,6.284221510613848523e+02,6.499166531384437349e+02,1.277317805176604679e+02,1.666163422724962118e+02,4.306938902016818247e+02,6.641639458864759149e+00,9.455623752740755208e+02,4.350689543378236976e+02,-8.362897927477298765e+00,2.742062471147952873e+00,2.097451922026867521e+01,-6.952536516299555380e+00,1.148556377277019237e+03,-4.319475204071390806e+01,2.580232324236745853e+02,-4.443493878704780542e+01,-2.820017396725090109e+01,2.018234285931355885e+02,1.258486222999575830e+03,7.012096581722133237e+01
6.862961981323650207e+02,6.009053005327725714e+02,6.768923395490151051e+02,4.782025805718286051e+02,3.731713446821341336e+02,7.207583549506467762e+02,4.161628909469833957e+02,7.257046650980444156e+02,5.455945338513589604e+02,3.528581830368851797e+02,1.751092252548438069e+02,9.325692511300775323e+02,2.518918560025686588e+02,9.744126996680339516e+02,6.063757376561568435e+02,1.948822665371645257e+02,4.844895074204858787e+01,1.047182972000133304e+03,1.330309890889002986e+02,1.254727069384992092e+03,6.664179479064270026e+02,5.689828685599569269e+01,4.157179579296495149e+02,6.990340882468630070e+02,5.320255820286562454e+01,6.540813790613254923e+02,6.383704473658772258e+02,1.287935226696462507e+02,1.887618905829404810e+02,4.216121549404089137e+02,-3.697261269472199796e+00,9.805228333315246800e+02,4.341216323230616467e+02,-6.670948556456481882e+00,8.708359520005306109e+00,2.293779061106699757e+01,-4.540423634028968536e+00,1.169774206120500594e+03,-4.767612350493319440e+01,2.583362579651006854e+02,-4.284989656593102580e+01,-2.747655431165272333e+01,1.893349382155864475e+02,1.302265123900552680e+03,7.032885209433713669e+01
6.863708257971978810e+02,6.328709765289306688e+02,6.735271487505217465e+02,4.782865085159946830e+02,4.097942374456454218e+02,7.218794219346892760e+02,4.175980726801257674e+02,7.572708567933494805e+02,5.463862581611396081e+02,3.773090066409216092e+02,2.033416062400454791e+02,9.429379677551319219e+02,2.602739933872753113e+02,1.003700099270750684e+03,6.247990772648482789e+02,2.332853458884856366e+02,7.204636779483354303e+01,1.048851711627996337e+03,1.380931727000084948e+02,1.278809061913214464e+03,7.039864934510649164e+02,5.876764099119093743e+01,4.466798224122305783e+02,6.866768384469939974e+02,4.931862733206866523e+01,6.810648346946161382e+02,6.261039347699064592e+02,1.301930728933870114e+02,2.128412222022697051e+02,4.111820544091070246e+02,-1.438306499234299451e+01,1.015227379575012378e+03,4.319788090965030847e+02,-3.959339625045448230e+00,1.592549655144450860e+01,2.474143898713293055e+01,-3.664310152875132953e+00,1.190469191441170324e+03,-5.472005897268849850e+01,2.591590427099587828e+02,-4.092942564244666670e+01,-2.702893648100451429e+01,1.742490602020026529e+02,1.346854265785075768e+03,6.584871106096883864e+01
6.874695689888765173e+02,6.642767541879169357e+02,6.722507499263305135e+02,4.776982401537608780e+02,4.490047977580622955e+02,7.247257882523833814e+02,4.201195254895875451e+02,7.890980175174615852e+02,5.487181742984803350e+02,4.006002776598485298e+02,2.344877537315352924e+02,9.540223174576341307e+02,2.699002880606987560e+02,1.031928964079015714e+03,6.448713414714475221e+02,2.722993189840035484e+02,9.869189058549795845e+01,1.046897556744534995e+03,1.430692218495188399e+02,1.300647151949407998e+03,7.427651475275350776e+02,6.076092163562509540e+01,4.788620482330501886e+02,6.737617375690916788e+02,4.560179522204481373e+01,7.093723897381624965e+02,6.134465559361516398e+02,1.317963295638128329e+02,2.384443919457065704e+02,3.993575450896274219e+02,-2.564779452897168710e+01,1.049617939986632109e+03,4.286948593497772890e+02,-3.139781555257064038e-01,2.402390048173300130e+01,2.618479077949709932e+01,-3.167643058677549917e+00,1.210120040807481473e+03,-6.368930482246791058e+01,2.604851516177876647e+02,-3.883657782572355899e+01,-2.692962349614831297e+01,1.572102714540698685e+02,1.390699430225893138e+03,5.702152333482156621e+01
6.893041365938213403e+02,6.954552592836794247e+02,6.734658577819762968e+02,4.763967941677321392e+02,4.902992092917460809e+02,7.294543696919023432e+02,4.236125178643463300e+02,8.208413740263522413e+02,5.530074975463093097e+02,4.221619435332097510e+02,2.684472017129918981e+02,9.660200217718484055e+02,2.804532576923826355e+02,1.058653570870918657e+03,6.668747626585328589e+02,3.112360923700345552e+02,1.279411842839335520e+02,1.041276495833972604e+03,1.475373025078742444e+02,1.320496583489577006e+03,7.811391261304864884e+02,6.327697376860971445e+01,5.116482746384527331e+02,6.604314122705201271e+02,4.215753852517948275e+01,7.389033352970810711e+02,6.009137251169657929e+02,1.334249149523756444e+02,2.651291083781567295e+02,3.860611062115302161e+02,-3.763065629149784286e+01,1.083665541902939140e+03,4.245295442538177895e+02,4.018223452090427195e+00,3.263134619753633814e+01,2.727330860673339430e+01,-1.906701161797584865e+00,1.228048271322485562e+03,-7.331811159278748846e+01,2.622111507480515229e+02,-3.678973854710289970e+01,-2.716037348211975200e+01,1.388034864630523941e+02,1.432065098893433515e+03,4.480607648238468244e+01
6.914147186248268326e+02,7.270510728230120776e+02,6.775494761044516281e+02,4.742397166780436919e+02,5.328820842252125658e+02,7.361680538708018275e+02,4.278490434804828624e+02,8.523251533168524929e+02,5.598362232139820662e+02,4.413972508049720886e+02,3.049598230768287408e+02,9.788486555081345841e+02,2.913703025010283341e+02,1.083761241194742524e+03,6.911159273123970479e+02,3.495286344902256701e+02,1.596916865133592012e+02,1.032223429255642031e+03,1.507959780362222091e+02,1.338665447405204986e+03,8.178216343648147131e+02,6.669486504489127299e+01,5.444342294847577932e+02,6.467568180611887101e+02,3.899874818330866333e+01,7.694352899500838703e+02,5.890796383221046426e+02,1.348782599276141241e+02,2.925044184396106175e+02,3.711705260893918421e+02,-5.030170508105466354e+01,1.117229820598842252e+03,4.198862802999816495e+02,8.767304592222277648e+00,4.145950638879848071e+01,2.823148252949325610e+01,1.013651786397149035e+00,1.243683848657893350e+03,-8.211712820696835990e+01,2.641585214082473385e+02,-3.497251127179078622e+01,-2.772949062955078148e+01,1.197252547837074133e+02,1.469511782211207219e+03,3.035714523552782396e+01
6.933808825240660099e+02,7.596422694726647933e+02,6.846811520750979980e+02,4.710350327069863283e+02,5.758608880929022007e+02,7.447011195954752338e+02,4.325569231610681982e+02,8.834936543705817940e+02,5.697916561322650750e+02,4.576611729698836371e+02,3.434738168721224270e+02,9.919850050438626567e+02,3.018102745107616443e+02,1.107322735861889669e+03,7.179375314156391141e+02,3.869139179494412133e+02,1.939934534170918710e+02,1.020292628794822008e+03,1.516137124183632636e+02,1.355189833720180104e+03,8.521015616727863744e+02,7.129874448353757543e+01,5.768179728273432829e+02,6.326824585745616787e+02,3.607287856349222466e+01,8.006330215076671948e+02,5.784228487864301087e+02,1.359811776397195047e+02,3.202989903568702630e+02,3.545524989595379566e+02,-6.349962116484353203e+01,1.149992950556260439e+03,4.151773572980814606e+02,1.377471645893888486e+01,5.035368071713183014e+01,2.942492006499815105e+01,5.995749716368345084e+00,1.256803430350617873e+03,-8.890117216564233615e+01,2.660936906600250040e+02,-3.343667956948981868e+01,-2.877172284730047380e+01,1.008952405299289836e+02,1.502257305479928391e+03,1.458174196147237467e+01
6.949337412646741541e+02,7.934692243797337596e+02,6.947044965538877932e+02,4.665979234421514548e+02,6.184734487518438755e+02,7.545001701445252138e+02,4.374730693910642003e+02,9.143696507398542508e+02,5.832358852942295471e+02,4.702810381189465829e+02,3.831188471170947309e+02,1.004478264244587649e+03,3.106643142826485473e+02,1.129415986919616671e+03,7.476207927501296808e+02,4.235186915548986804e+02,2.308902140532081830e+02,1.006380855566482069e+03,1.481872408890993427e+02,1.369732613724530211e+03,8.837852115350229951e+02,7.727538176597587949e+01,6.087374669479290787e+02,6.180648861015399689e+02,3.330949634969437056e+01,8.320901500049405968e+02,5.692054573219650138e+02,1.366497351792142467e+02,3.484023150068325094e+02,3.361448058501208038e+02,-7.703945288803026870e+01,1.181512402723363493e+03,4.106537959789408774e+02,1.903599591279265724e+01,5.932272817407280030e+01,3.125494656227751022e+01,1.280221498383592404e+01,1.267665250619525750e+03,-9.321303295912771603e+01,2.677148316258746945e+02,-3.202847954755767290e+01,-3.054269692585210549e+01,8.340783241565385708e+01,1.530288017219759467e+03,-2.077514557119545469e+00
6.959007682625806410e+02,8.283990780189477618e+02,7.071144375293021085e+02,4.607722683664901524e+02,6.602467448960455840e+02,7.646739124799173624e+02,4.423189457148010888e+02,9.450722029327351947e+02,6.001148102144825316e+02,4.786446877245076621e+02,4.228048737556457581e+02,1.015064321803735197e+03,3.166158512526004642e+02,1.150046013108874149e+03,7.801725197108916063e+02,4.597935142596751348e+02,2.704133425715253338e+02,9.916468748939641955e+02,1.384097916797679488e+02,1.381751809765759390e+03,9.129323331829140216e+02,8.477330092153576402e+01,6.405152346697178700e+02,6.027752706263530627e+02,3.065607837911873546e+01,8.634083902304083722e+02,5.614166402802384255e+02,1.369411957752679996e+02,3.768741555358997743e+02,3.160436146091570890e+02,-9.081044158248765541e+01,1.211371020885619828e+03,4.062467274072035934e+02,2.462930424348386182e+01,6.857328411222252385e+01,3.409535169692689749e+01,2.059588108915795246e+01,1.276996227731902081e+03,-9.546110558812365809e+01,2.685889584797338898e+02,-3.036648633209636827e+01,-3.329398349341688146e+01,6.831208219074029842e+01,1.554218156205483638e+03,-1.956491150812893665e+01
6.960584382261687324e+02,8.641106097105509889e+02,7.212123562763862310e+02,4.534308731086246667e+02,7.010380237115563204e+02,7.741710706891514064e+02,4.466904718453363330e+02,9.758941136665786189e+02,6.199236822423937383e+02,4.823741481053121447e+02,4.614010126151869713e+02,1.022241660698526744e+03,3.182457772970912515e+02,1.169157626686102049e+03,8.150871915330025104e+02,4.962740812308769023e+02,3.127000000628252678e+02,9.772503419594779643e+02,1.203956689533277427e+02,1.390740330536290685e+03,9.395440643623928736e+02,9.397713325997209211e+01,6.728173948208501542e+02,5.867839912636101189e+02,2.807930747999055754e+01,8.943056518683360991e+02,5.547830539639171548e+02,1.370436854239131321e+02,4.059280734765351895e+02,2.945333728979643979e+02,-1.048095740908096474e+02,1.239348301046131610e+03,4.014836029301496865e+02,3.058669190533660043e+01,7.855216619137755174e+01,3.829198837256736709e+01,2.818743001062015452e+01,1.285831382128489622e+03,-9.672010060815992460e+01,2.680462132658768724e+02,-2.788403372644087952e+01,-3.710215386122315095e+01,5.631404968937651745e+01,1.575007867797079143e+03,-3.797152976454462703e+01
6.950483690344416345e+02,9.003543112234683576e+02,7.363730554591853661e+02,4.445169233008729748e+02,7.409794700183356326e+02,7.819628902910320676e+02,4.499256515661440403e+02,1.007367707719958389e+03,6.418684856390955247e+02,4.815878137392562053e+02,4.979307549363972498e+02,1.024233080139474623e+03,3.141729777171245814e+02,1.186651926560853553e+03,8.512182885308379809e+02,5.332114279116626676e+02,3.580891582351591751e+02,9.639290479458722984e+02,9.308266267029028995e+01,1.396307855544043150e+03,9.633220505175556809e+02,1.051328362860754737e+02,7.065613009908408912e+02,5.701542823981484389e+02,2.553545486427432820e+01,9.247159906302387071e+02,5.488406506450812685e+02,1.371810420364599281e+02,4.358927291307951464e+02,2.720294359198867369e+02,-1.191044903152270109e+02,1.265516081958446421e+03,3.955582293918056962e+02,3.679905172482928322e+01,8.996326618215255166e+01,4.417327840578754916e+01,3.442737797213388973e+01,1.295260324938112262e+03,-9.828654570564305004e+01,2.650676509194450432e+02,-2.392809905052601138e+01,-4.176829712036533238e+01,4.756394056297096284e+01,1.593680560128807883e+03,-5.731885840586246417e+01
6.924605316520435281e+02,9.370938699706431407e+02,7.522839042458017502e+02,4.341846904597916250e+02,7.803769691443450256e+02,7.871169267286395552e+02,4.510486786302930682e+02,1.040201590012150064e+03,6.651449247008399652e+02,4.772161503705218593e+02,5.317631508634485726e+02,1.018891064699278331e+03,3.032135114015756585e+02,1.202345983342913314e+03,8.868464983107098760e+02,5.702077951875909321e+02,4.070581590389709277e+02,9.515485679913743979e+02,5.668979827494477775e+01,1.398084086752979147e+03,9.835428147584644876e+02,1.184677369631658621e+02,7.427944718146184186e+02,5.529405074925795134e+02,2.293674447548415429e+01,9.548232866083703811e+02,5.430641785275192888e+02,1.374548448924547586e+02,4.671424066979733425e+02,2.489655470453900818e+02,-1.337496247217954988e+02,1.290188148371956459e+03,3.876089462400464072e+02,4.301543769567351916e+01,1.037038551581075154e+02,5.197964235460100468e+01,3.861317365795206769e+01,1.306178114799349487e+03,-1.011708625947108118e+02,2.582364995664238450e+02,-1.788491954341693813e+01,-4.687601099361059909e+01,4.167002353599012565e+01,1.611127047896753993e+03,-7.744807747769061734e+01
6.880451423458591762e+02,9.744048641537804087e+02,7.690118798679952761e+02,4.230263370645608916e+02,8.195979653875222084e+02,7.887511239370571730e+02,4.488609636931315094e+02,1.075001353288816972e+03,6.891792176909891623e+02,4.712650786976735731e+02,5.628493999171494124e+02,1.003710675222169357e+03,2.845356502815716340e+02,1.215907444867552158e+03,9.199333884384964222e+02,6.060719292278200783e+02,4.599879352395660135e+02,9.388159920558507565e+02,1.285311491589444799e+01,1.395656670802103235e+03,9.990503433142542917e+02,1.339977916796343891e+02,7.825329567370629320e+02,5.350687419476605555e+02,2.014504863120620826e+01,9.849760386793039970e+02,5.370424293495622123e+02,1.376986601061267663e+02,4.999879078699906358e+02,2.256959904821215162e+02,-1.486843722459351795e+02,1.313719832744997575e+03,3.771651932237802498e+02,4.893186534419105982e+01,1.206910793453486122e+02,6.166098243895263664e+01,4.075698551593278296e+01,1.319128589965373749e+03,-1.057167010971692633e+02,2.458445637687345311e+02,-9.283371564561845091e+00,-5.200577162597568304e+01,3.795864750231190499e+01,1.627994240777176174e+03,-9.796084453590586349e+01
6.818992211767631488e+02,1.012168332351059121e+03,7.868417505184986567e+02,4.122728025005094992e+02,8.589627774795546884e+02,7.859812442561424177e+02,4.421756919189217570e+02,1.111805258198658294e+03,7.136910073555669669e+02,4.668429872898302051e+02,5.920652802009692550e+02,9.761309606006989270e+02,2.577922464454405826e+02,1.226843904127782935e+03,9.484672051919785645e+02,6.390782687909410242e+02,5.168785935965156568e+02,9.233283280353862210e+02,-3.562297925976498192e+01,1.388771041690680249e+03,1.008379272393941278e+03,1.512937670110571275e+02,8.265246548762833072e+02,5.163140504021271227e+02,1.700973464293564064e+01,1.015465975517731749e+03,5.306629714569172620e+02,1.374421308986556483e+02,5.345392691825672955e+02,2.024660057140482934e+02,-1.636358401697690965e+02,1.336227781777866312e+03,3.645883211765572582e+02,5.431066855983181085e+01,1.416114454757079955e+02,7.260741610799324519e+01,4.159255990938967074e+01,1.334253477698088545e+03,-1.114735303908192066e+02,2.262253661213125326e+02,2.172821902983135267e+00,-5.699760628183371125e+01,3.583696502717390331e+01,1.644590500285718008e+03,-1.181288077376564445e+02
6.744763043357431798e+02,1.049755629322015693e+03,8.059575632383612174e+02,4.038002629069817431e+02,8.986558099079848034e+02,7.780206996240610806e+02,4.301238264168899832e+02,1.149617704760093602e+03,7.385384858892366537e+02,4.677530748325501690e+02,6.216022199484654038e+02,9.342104216619743511e+02,2.232309052137352410e+02,1.234586626540543421e+03,9.707760537175105355e+02,6.676383057249150852e+02,5.771793773567349035e+02,9.020469265958791993e+02,-8.531432019945297895e+01,1.377779545988311838e+03,1.010023621962598554e+03,1.693379274416929832e+02,8.749243995009105674e+02,4.964458068363448433e+02,1.344310103450824201e+01,1.046214399510857902e+03,5.242412605410347624e+02,1.360412642838520298e+02,5.705740920888626988e+02,1.794560491216587081e+02,-1.780471873123837838e+02,1.357342369234861735e+03,3.512479050130344262e+02,5.905844741556665412e+01,1.666745520940273764e+02,8.349088233567179884e+01,4.229314853964368126e+01,1.351268309403186095e+03,-1.173481313757089453e+02,1.983029845394023312e+02,1.665241085153326850e+01,-6.209999524562625339e+01,3.502910851808670145e+01,1.660740409647629122e+03,-1.367909019682050769e+02
6.663860265366396334e+02,1.085946958005079750e+03,8.261328615333127345e+02,3.998135321062313210e+02,9.386892349610200199e+02,7.645024379370465795e+02,4.124373971705770145e+02,1.186216085930450163e+03,7.634315532206871922e+02,4.775765633942239106e+02,6.551553609264315128e+02,8.775610496992396747e+02,1.818010965565666197e+02,1.238639902133183341e+03,9.857030280357441825e+02,6.911470903697156700e+02,6.398536398361768534e+02,8.721637920433676072e+02,-1.328202399392527013e+02,1.364048834815228020e+03,1.002804810447875980e+03,1.865891346040873202e+02,9.269441345076822927e+02,4.755042478606450231e+02,9.505004337078370114e+00,1.076488105974574637e+03,5.185187728329470929e+02,1.329374108101874583e+02,6.074551297845080171e+02,1.568670029072420959e+02,-1.910640168896979105e+02,1.376104480024073382e+03,3.392387366593191018e+02,6.322027938726741070e+01,1.954545757312358205e+02,9.240399987665904291e+01,4.399638459750608632e+01,1.369367958881643517e+03,-1.219688726963943282e+02,1.622154315922192325e+02,3.426580429641887804e+01,-6.788819494771118457e+01,3.552804268448613811e+01,1.675600737050397129e+03,-1.523791644279191075e+02
6.580963935457406251e+02,1.119216226208052149e+03,8.466003896595167362e+02,4.022155736708579070e+02,9.789553349290607684e+02,7.459082222458098386e+02,3.896377703109635036e+02,1.218462727993152839e+03,7.876854056713589216e+02,4.984333981408765339e+02,6.975649020619288194e+02,8.081896949019981093e+02,1.352624540740629868e+02,1.238750756584272040e+03,9.926115825450034436e+02,7.106102203419472971e+02,7.037376164425779734e+02,8.321521595368576527e+02,-1.752705753058689311e+02,1.349977111247486391e+03,9.862037272632704799e+02,2.012843888815196749e+02,9.806421570866727961e+02,4.540611427547184462e+02,5.456303544738426048e+00,1.104823940645168022e+03,5.144872271844384386e+02,1.279243836000380270e+02,6.441465337528071586e+02,1.350009295767558513e+02,-2.016248037936729816e+02,1.391089911165175408e+03,3.306734018728675437e+02,6.690108317140344241e+01,2.268770651661337183e+02,9.735079993626017369e+01,4.732844486233501868e+01,1.387076512109501209e+03,-1.241378388023872930e+02,1.197544501931444358e+02,5.506747172402150170e+01,-7.496271881744134191e+01,3.730004443886161880e+01,1.687576734928909900e+03,-1.632144442497341856e+02
6.497229481605166939e+02,1.148305041152060994e+03,8.661848499418919118e+02,4.118514527240449183e+02,1.019372412390101431e+03,7.238373050630875696e+02,3.630845935331528835e+02,1.243153662596748745e+03,8.101853686536902615e+02,5.298851458759490924e+02,7.537332427815254050e+02,7.307762952994680745e+02,8.623429276206533700e+01,1.235082010407261350e+03,9.912995685056703223e+02,7.286884527298306011e+02,7.681826095645202486e+02,7.826164237716390062e+02,-2.105679368610627762e+02,1.338495730570490196e+03,9.605107850832526992e+02,2.118918345995549259e+02,1.033055723973402337e+03,4.332843960223187878e+02,1.746277150197772521e+00,1.129305891000285328e+03,5.130739021813562886e+02,1.212903229530388813e+02,6.793769479369080955e+02,1.142969086830441228e+02,-2.086845288040534285e+02,1.400788476000099081e+03,3.268570699053192357e+02,7.017059934024045731e+01,2.593824591622927187e+02,9.693582913059640305e+01,5.213647787528001487e+01,1.402231028560118375e+03,-1.232258159216045073e+02,7.434483836525137690e+01,7.895220328189378733e+01,-8.357318259536316418e+01,3.996283272865805003e+01,1.694557492076581866e+03,-1.680565596264998476e+02
6.410399422771423588e+02,1.172819857655338410e+03,8.836412063655154725e+02,4.279419083424781434e+02,1.060062447459417399e+03,7.008523317321814829e+02,3.348517187620386721e+02,1.258147864434940630e+03,8.296266373132001490e+02,5.685469647150740684e+02,8.270339416688138954e+02,6.520653895603970795e+02,3.806091725957576699e+01,1.228365185926130380e+03,9.819669404266255697e+02,7.489884020599399719e+02,8.338429460669876789e+02,7.265009632365970447e+02,-2.374033095888783009e+02,1.332248563759299941e+03,9.267600695702340090e+02,2.175555813689282445e+02,1.080774614857322376e+03,4.147110616588482799e+02,-1.075528077938463722e+00,1.148169207769550894e+03,5.148082987777389690e+02,1.137598417073853341e+02,7.119555610273888533e+02,9.529698186791038950e+01,-2.115342257664052568e+02,1.404158977923929342e+03,3.277665338088538078e+02,7.301685046355589748e+01,2.912612061671813422e+02,9.094053905882783795e+01,5.755504827803253676e+01,1.412346090858580737e+03,-1.193845243508760063e+02,3.042440377819225716e+01,1.055044456892259177e+02,-9.337199065422177569e+01,4.269356239157052357e+01,1.694594090995403121e+03,-1.666861904865811823e+02
6.317125740314457971e+02,1.193540058711940674e+03,8.980205857569409318e+02,4.480092427138948779e+02,1.101437257777464765e+03,6.798393327226285692e+02,3.074114230754533423e+02,1.263300934545623932e+03,8.449249477976322851e+02,6.087636822225726974e+02,9.178252462538365535e+02,5.794534754144116278e+02,-5.608989506873024666e+00,1.219944954788870291e+03,9.653223578617174780e+02,7.746918099109706191e+02,9.032933354766727234e+02,6.684110602947260986e+02,-2.551792313811120607e+02,1.332819272790151672e+03,8.865580028373045707e+02,2.183670934122957590e+02,1.120815151681285442e+03,3.997959267389055640e+02,-2.497266466769441084e+00,1.160479805667667051e+03,5.196206826982486291e+02,1.062502329782328445e+02,7.411526839928338859e+02,7.854467671758526137e+01,-2.100958266802921059e+02,1.401145970784754127e+03,3.321096381472854091e+02,7.537682972311498020e+01,3.210862220675509207e+02,8.048063236897341710e+01,6.237596304471285436e+01,1.415414421155147920e+03,-1.135047937530101052e+02,-7.647891257462086756e+00,1.339228189236924891e+02,-1.034463745029451758e+02,4.447009512180322588e+01,1.686854223637074256e+03,-1.601983763389268915e+02
6.216103578334348185e+02,1.212266022431508873e+03,9.088718081600945879e+02,4.684209426024671643e+02,1.144082809704011424e+03,6.631120131036192333e+02,2.831619429752386168e+02,1.260744524990924219e+03,8.555764423332871047e+02,6.442197769316649101e+02,1.022810641334503316e+03,5.192917550878293014e+02,-4.148935527314491623e+01,1.211597074805639068e+03,9.427526080685773877e+02,8.068984982740129226e+02,9.810503516431824664e+02,6.132245227090794515e+02,-2.639311939634621922e+02,1.340325132794329875e+03,8.419507562174962914e+02,2.153603114023299270e+02,1.151439732462001757e+03,3.894405542361521952e+02,-2.179987174437763464e+00,1.166532502448661717e+03,5.268651636705333203e+02,9.953318995076547537e+01,7.669715598783947144e+02,6.445167972732777173e+01,-2.050403848156309152e+02,1.392883999676171015e+03,3.379211679283586705e+02,7.721688983889305291e+01,3.480916909450821777e+02,6.762825246965833514e+01,6.554055735051935017e+01,1.410850884393737488e+03,-1.069284644424902382e+02,-3.676744598368985351e+01,1.631117147457411818e+02,-1.126301069555006933e+02,4.451074946280121480e+01,1.672385960183994939e+03,-1.507886826884129619e+02
6.110034387417375683e+02,1.231284280308875168e+03,9.162075204008282299e+02,4.854018363538337439e+02,1.188449173092895080e+03,6.516945710647695478e+02,2.639144729641258209e+02,1.254345849448757463e+03,8.617735711891118626e+02,6.698353700789413097e+02,1.135709131110066437e+03,4.755883608488947516e+02,-6.736348604195305256e+01,1.205104062815929410e+03,9.163529148484011557e+02,8.432928515608953148e+02,1.072675391158521052e+03,5.646071291276587090e+02,-2.642363040300895136e+02,1.353502152324213739e+03,7.953601128935663382e+02,2.102362313289034432e+02,1.172553943110901628e+03,3.837280403604822823e+02,-3.364709435697414708e-02,1.167748422130669951e+03,5.355464195929912421e+02,9.393800677233987528e+01,7.901517162111110792e+02,5.318843885640531255e+01,-1.976395018337254044e+02,1.381435277465893932e+03,3.433662214576358451e+02,7.859919327273901501e+01,3.723298658914807220e+02,5.466253137017946528e+01,6.652376648061431297e+01,1.400062523165974653e+03,-1.010114516901785606e+02,-5.586890705192962514e+01,1.919286007155658638e+02,-1.199397376011238237e+02,4.263255721274011023e+01,1.654185976237264185e+03,-1.410703695159068047e+02
6.005038344143301856e+02,1.252719077537077737e+03,9.203352578338738113e+02,4.961317197429154362e+02,1.234510621216709069e+03,6.451769411984899989e+02,2.505053317657248897e+02,1.248586708471542352e+03,8.642415009490088096e+02,6.830738983174261421e+02,1.249096988199521093e+03,4.495615786998264412e+02,-8.255932153590522660e+01,1.201761712771757175e+03,8.886481971249754679e+02,8.777836396006816813e+02,1.182981405494946557e+03,5.241815463573226452e+02,-2.570692724619904652e+02,1.370205501255651825e+03,7.494717543525351857e+02,2.049337944784672061e+02,1.185533125116274050e+03,3.819793499850551370e+02,3.800963085836846389e+00,1.166152177469713706e+03,5.446343599206160206e+02,8.922656132184930300e+01,8.118720705573368832e+02,4.464856248738959721e+01,-1.893861385784611571e+02,1.369173353690017620e+03,3.473468881894017386e+02,7.967917805549750199e+01,3.945185386724243699e+02,4.331353762696737419e+01,6.545930465426131661e+01,1.386241739586326275e+03,-9.670492843856743548e+01,-6.600861012092974534e+01,2.194741737216536137e+02,-1.249111995019389809e+02,3.930423222912373404e+01,1.636397179262863347e+03,-1.332262866394929119e+02
5.907622591646089631e+02,1.278053607502526347e+03,9.217314213667938247e+02,4.994885937736347046e+02,1.281626595371202484e+03,6.422406236541040698e+02,2.426706843697785132e+02,1.247357163202505944e+03,8.639215544025981899e+02,6.840489834329813448e+02,1.356660415449772700e+03,4.400324284988646468e+02,-8.800343150212931675e+01,1.202092723359338152e+03,8.620171247729271045e+02,9.014803821442543494e+02,1.313826999181115980e+03,4.917788776829113999e+02,-2.436290955697058109e+02,1.388122932902514094e+03,7.069366084611301631e+02,2.012184015972294446e+02,1.192629935824149470e+03,3.830795901005126893e+02,9.060967223904588863e+00,1.163747334310595079e+03,5.533291767641135266e+02,8.470592744399158391e+01,8.332811816441749215e+02,3.850853882934734429e+01,-1.815363310053949135e+02,1.358145179959634788e+03,3.496710122948138633e+02,8.062217679033584261e+01,4.156348662422913094e+02,3.435943776467970423e+01,6.299923776606724601e+01,1.373380819521156127e+03,-9.432385979330038595e+01,-6.975728278764839274e+01,2.452811941065415056e+02,-1.276761996066790061e+02,3.537540021177253635e+01,1.622955394371161447e+03,-1.284033620094995740e+02
5.820840234039444567e+02,1.307949959844028172e+03,9.210535286748690851e+02,4.961631063148800536e+02,1.328729183211367172e+03,6.415669588148965659e+02,2.392264997866181204e+02,1.253113621201006708e+03,8.616817215012686120e+02,6.744652995033416119e+02,1.454817447005679469e+03,4.442690648769375343e+02,-8.583530906070775757e+01,1.205932617546082838e+03,8.380362207048578966e+02,9.048230775791196265e+02,1.462326614973693495e+03,4.665735630507213614e+02,-2.252188271947577505e+02,1.405454923103575993e+03,6.698799574341439893e+02,2.004202234182463940e+02,1.196288597510927957e+03,3.858967220515074246e+02,1.551718995103530929e+01,1.162108359528075653e+03,5.611883734387885170e+02,7.954068892897436172e+01,8.550655850813726602e+02,3.436556033260337983e+01,-1.747610305987723507e+02,1.349728825572621645e+03,3.508175376816960807e+02,8.147490867793308666e+01,4.364312051149988747e+02,2.772702746008873120e+01,6.001535649444632980e+01,1.364922365773735009e+03,-9.358456582524517842e+01,-7.021639033773129768e+01,2.693133303256676641e+02,-1.287710979378296372e+02,3.166250246189917306e+01,1.616314079954669069e+03,-1.266158314936068763e+02
5.741903002952408315e+02,1.342302468564236278e+03,9.192238256386949615e+02,4.881654576731344832e+02,1.374745198923389353e+03,6.426081879202503160e+02,2.384852611680454402e+02,1.266581141998429075e+03,8.581718526698580263e+02,6.560771376359373335e+02,1.542938542940074058e+03,4.588233903811302525e+02,-7.873465240493958106e+01,1.212790331872930892e+03,8.170523479220136096e+02,8.801626957166780585e+02,1.620311311015884712e+03,4.483626178475563506e+02,-2.032315069453572676e+02,1.421333736618551029e+03,6.393951257697267465e+02,2.033492988633192908e+02,1.198647681461634420e+03,3.895964553283332066e+02,2.310942099941617656e+01,1.162293137977736023e+03,5.681063894166228465e+02,7.313405002085853823e+01,8.772314110563954728e+02,3.189975951585984149e+01,-1.690385284116000264e+02,1.344661041951423158e+03,3.515337996973084387e+02,8.205676524076065448e+01,4.570796644906025108e+02,2.296481277798177345e+01,5.728764593939985161e+01,1.362634796957055642e+03,-9.385707849275564740e+01,-7.009014615346443122e+01,2.917907903967991388e+02,-1.288136617702071476e+02,2.863455006275146175e+01,1.616804058627499899e+03,-1.271141721896231473e+02
5.662762592956795515e+02,1.380367048895466951e+03,9.174242133879287167e+02,4.779972216163224061e+02,1.418994319991034672e+03,6.457832685929388390e+02,2.387588235283472216e+02,1.286908688821192527e+03,8.538366835238591648e+02,6.295827940752687937e+02,1.622122919621986057e+03,4.801058519819794697e+02,-6.921406022611083131e+01,1.222189512507748532e+03,7.982117813803637318e+02,8.238959958772320533e+02,1.775471931764622468e+03,4.381746586052767043e+02,-1.791953972812584652e+02,1.435835870353880409e+03,6.152844042521960546e+02,2.103213539948774269e+02,1.201325099252011341e+03,3.937432696246342516e+02,3.199891788221693290e+01,1.164943799332303797e+03,5.742013786566085400e+02,6.541579256991475688e+01,8.991590138768940506e+02,3.098853174264829846e+01,-1.637979700151300335e+02,1.343247559851808546e+03,3.525085696338682624e+02,8.193721694069988359e+01,4.770890843885051709e+02,1.977687007531983454e+01,5.529614980618603681e+01,1.366169364993864292e+03,-9.448005442132412668e+01,-7.114304133847751643e+01,3.129524012904183223e+02,-1.282291128825426938e+02,2.634732502473593385e+01,1.622829279168473022e+03,-1.289163060348429326e+02
5.573429787645695797e+02,1.420863067632939647e+03,9.168976283225966881e+02,4.678379628648490325e+02,1.461317006720827294e+03,6.520098862102076964e+02,2.387711314916103333e+02,1.312082390623538686e+03,8.490252894931469427e+02,5.945467020732702395e+02,1.693280362430314426e+03,5.047203516247543575e+02,-5.912030780864437673e+01,1.233738101482671709e+03,7.799696135433761128e+02,7.374736306248283881e+02,1.913963939188030963e+03,4.378468414679731495e+02,-1.547560992463309617e+02,1.449592406412269611e+03,5.962337174213727167e+02,2.212071421066631558e+02,1.205403044775476246e+03,3.982049299452232276e+02,4.250785404424106417e+01,1.170368962001229420e+03,5.796847325711181611e+02,5.692181389720799700e+01,9.198708801348061570e+02,3.171479321768090287e+01,-1.582130113176534110e+02,1.345503864989214662e+03,3.542167153452762136e+02,8.053485322950815828e+01,4.955199974507349907e+02,1.832026094258920068e+01,5.417017702030348403e+01,1.373427795115993149e+03,-9.498746182250820880e+01,-7.413728077626632285e+01,3.328886572880854828e+02,-1.271410795007996484e+02,2.460685822151246427e+01,1.631708867343435486e+03,-1.311773657542349838e+02
5.466174004544365062e+02,1.462063366233297756e+03,9.186047232424114100e+02,4.590037772627811705e+02,1.501863655970223817e+03,6.618791509931495511e+02,2.378495829771732701e+02,1.339453220711330232e+03,8.441149895668222598e+02,5.502829167723512001e+02,1.755649940647819676e+03,5.297211555760477495e+02,-4.947460221948546888e+01,1.246912540848294839e+03,7.608830331884914813e+02,6.270632427718998088e+02,2.023652233198158456e+03,4.488754306440959567e+02,-1.315036046489420869e+02,1.463172405921337486e+03,5.804058075811830122e+02,2.354633475079955929e+02,1.211477026198942440e+03,4.029667297942724531e+02,5.495945088034001458e+01,1.178511662891228980e+03,5.847669791408835636e+02,4.864567825794221534e+01,9.383843710077863989e+02,3.425958864612925936e+01,-1.515041456441740877e+02,1.351126853476249380e+03,3.568799720895961514e+02,7.731663055454954758e+01,5.113967352359196070e+02,1.914618053541028786e+01,5.378450654776268181e+01,1.381520510343424121e+03,-9.518196050874824721e+01,-7.911951419441146527e+01,3.515206231606399001e+02,-1.254237272480310139e+02,2.322081035099780522e+01,1.640738374531640147e+03,-1.332816645747232371e+02
5.338360950922431130e+02,1.501954588544758735e+03,9.229121305904285464e+02,4.517756455223793637e+02,1.540692679420228842e+03,6.749750947855976619e+02,2.358693152081227140e+02,1.366310005245925140e+03,8.395849866735425167e+02,4.970724645663946717e+02,1.806606856998740795e+03,5.528994691563063952e+02,-4.062177818887148817e+01,1.260774564285002498e+03,7.403576363637298527e+02,5.021062115690588712e+02,2.096898494522678448e+03,4.712769984489895023e+02,-1.106811841870817972e+02,1.476520869054945706e+03,5.662121308945909277e+02,2.521650473493431548e+02,1.219699176802464990e+03,4.079717983971202102e+02,6.947504271642796425e+01,1.188874264496997057e+03,5.896145289641862064e+02,4.173756103138541818e+01,9.540180047618172239e+02,3.873193026476535294e+01,-1.431501271245871862e+02,1.359402090311497659e+03,3.604598681918324132e+02,7.202035566179972648e+01,5.241290486955300594e+02,2.288189468839933483e+01,5.394296214190896421e+01,1.387875044573353307e+03,-9.508847279104286088e+01,-8.581770688035078365e+01,3.686981805414563382e+02,-1.228227809830383279e+02,2.218445215471521692e+01,1.648022283144701305e+03,-1.347709483740281087e+02
5.192758587244001092e+02,1.538518033005449979e+03,9.294933248609218026e+02,4.455662258329027736e+02,1.577445004839922376e+03,6.897334420663642049e+02,2.330402106224074714e+02,1.390431585575209965e+03,8.360051334321965442e+02,4.369513203660135900e+02,1.842830173753857935e+03,5.730556745594204813e+02,-3.253293441358553650e+01,1.273890454833771628e+03,7.190229005189256668e+02,3.732866892045566374e+02,2.131969183369499660e+03,5.031391044459209070e+02,-9.293962362440235836e+01,1.488721901359647973e+03,5.529073721619131447e+02,2.700931200882296821e+02,1.229843552485231157e+03,4.130529385025475335e+02,8.581377486064188531e+01,1.200546856889057153e+03,5.943441886664464846e+02,3.718034979874227020e+01,9.665693802314538061e+02,4.502804860328667758e+01,-1.329856326832311595e+02,1.369229211646479143e+03,3.646751698308606819e+02,6.480579187181068335e+01,5.337569611553972209e+02,2.987833991107083520e+01,5.455936278522922578e+01,1.391049984849431212e+03,-9.487083678878907733e+01,-9.393493305972131679e+01,3.843250887516801413e+02,-1.190464959569475809e+02,2.172134133889304408e+01,1.652804332520334583e+03,-1.352917943982436668e+02
5.035772117608726148e+02,1.570095427569650838e+03,9.375056453437246091e+02,4.393179234870937648e+02,1.611319339485570026e+03,7.039115137443216099e+02,2.296834920090997230e+02,1.410505439575181299e+03,8.339398033678903630e+02,3.736229073565253316e+02,1.862110248490714639e+03,5.901045273861647047e+02,-2.507444076564100754e+01,1.284584240801237229e+03,6.985700019154432994e+02,2.505029157525938217e+02,2.132701835127998947e+03,5.410805546860152617e+02,-7.830944699769534623e+01,1.498231017852949662e+03,5.407389370041486245e+02,2.879162785923776369e+02,1.241454304082672706e+03,4.179573429412003520e+02,1.033399556310276495e+02,1.212422495866581585e+03,5.990355152580578988e+02,3.556893017940618762e+01,9.763517218684154386e+02,5.279747936467105518e+01,-1.212106519133315885e+02,1.379354899598583870e+03,3.690937928754268569e+02,5.627524110950079717e+01,5.409341929020258704e+02,4.002791526679518341e+01,5.573986901461123011e+01,1.391000537209980848e+03,-9.477858669575235240e+01,-1.032352808761357608e+02,3.984319251186385031e+02,-1.137898685966437711e+02,2.218467828967378352e+01,1.655297027595230702e+03,-1.346505353008127202e+02
4.875054022167210519e+02,1.595736356808433356e+03,9.459515621076732259e+02,4.319840577391842089e+02,1.641392245555481850e+03,7.154041706135327559e+02,2.261099036272010778e+02,1.426290922300569491e+03,8.338066054140922461e+02,3.115746259878021078e+02,1.864751093133532777e+03,6.048745541539007036e+02,-1.812349781620425304e+01,1.291446007903147120e+03,6.811409030775955671e+02,1.413392058219473881e+02,2.106761279044225830e+03,5.813029151643330579e+02,-6.643010290926225991e+01,1.503513095910738457e+03,5.306421242982183912e+02,3.044533274547275141e+02,1.254076663952957915e+03,4.224259435564111413e+02,1.211565134109929431e+02,1.223544826175409526e+03,6.037460466154310552e+02,3.705995186728846136e+01,9.841240962834408492e+02,6.152806984943499202e+01,-1.083371335827931858e+02,1.388730317427487535e+03,3.733072096657733709e+02,4.737155565198580831e+01,5.467062220401991226e+02,5.282541541477311142e+01,5.770516051753737230e+01,1.388800628895306772e+03,-9.513313260756690681e+01,-1.134364187135727349e+02,4.111807925600548970e+02,-1.067243592170602255e+02,2.387252155865276393e+01,1.656230366185472803e+03,-1.329327305978338813e+02
4.717775057115534878e+02,1.615413958899464205e+03,9.540365231061243776e+02,4.229374348190560227e+02,1.667114422844651926e+03,7.229750095305433888e+02,2.226157344272095031e+02,1.438480977784392280e+03,8.357573009506003245e+02,2.548906977363347437e+02,1.853841137417167602e+03,6.185953000458838460e+02,-1.153270314287997245e+01,1.293866478966721616e+03,6.685819257459710343e+02,5.033328364604290783e+01,2.063318608900447998e+03,6.206278546337387070e+02,-5.689904154322326235e+01,1.503808056391876107e+03,5.237180912588354431e+02,3.189367018994363434e+02,1.267472606164424860e+03,4.262837421348833118e+02,1.383592001366392878e+02,1.233427252433406011e+03,6.085205000921478131e+02,4.147291475820195927e+01,9.909554683897641780e+02,7.068980899578893684e+01,-9.508352277571516709e+01,1.396796494324313471e+03,3.770985722266124753e+02,3.921719499134200504e+01,5.522210079731366932e+02,6.760084796923025863e+01,6.057188140997274672e+01,1.386020095519901588e+03,-9.630775784087241220e+01,-1.240025247978413176e+02,4.228294685709035434e+02,-9.750305581652177978e+01,2.682175268088348830e+01,1.656387302113014130e+03,-1.305791772510112878e+02
4.569957714284885242e+02,1.630036022801310310e+03,9.613509953080111927e+02,4.121911131691944661e+02,1.688697060556071392e+03,7.265529242103336856e+02,2.195269935379248807e+02,1.448335571031232575e+03,8.396368373529651308e+02,2.063475620888999629e+02,1.834374006838353125e+03,6.322445558732637210e+02,-5.049043692700012187e+00,1.292347512139054061e+03,6.619206158197744116e+02,-2.092783284686987599e+01,2.011060122893914240e+03,6.570226330214969721e+02,-4.952725838708372663e+01,1.499641361518545409e+03,5.207869333856325511e+02,3.311672007801576001e+02,1.281682286575841545e+03,4.295133067082028333e+02,1.542903126905341082e+02,1.242181296597266737e+03,6.133896718167203517e+02,4.845769523342247709e+01,9.980414149550171032e+02,7.985114345768299415e+01,-8.223316196593823690e+01,1.403536114836253546e+03,3.804760820934674257e+02,3.296800181148894637e+01,5.584902249362044131e+02,8.378229139467552500e+01,6.410548823168184640e+01,1.384040721634725060e+03,-9.864670846870325249e+01,-1.339555817017067056e+02,4.336772704133036314e+02,-8.579474753851215496e+01,3.065244982450042244e+01,1.656298659320868637e+03,-1.283305884363236942e+02
4.436450186161290503e+02,1.641239270038271115e+03,9.678167394184957857e+02,4.003915031433641616e+02,1.707153814700385738e+03,7.270051053439025281e+02,2.172025704377018371e+02,1.457239679790469381e+03,8.450304420604340976e+02,1.671446302546243601e+02,1.811809735175891319e+03,6.460375622948232603e+02,1.692219467395082777e+00,1.288440097174592438e+03,6.612575438845419740e+02,-7.309280621184493043e+01,1.957075209496540538e+03,6.894986604119762887e+02,-4.436718914296257310e+01,1.492793669150575170e+03,5.221695388796917996e+02,3.414826289820030070e+02,1.296864541657990458e+03,4.322986988615237465e+02,1.686613871941469824e+02,1.250395161732918041e+03,6.183613858782114221e+02,5.763740606260643773e+01,1.006485842805872721e+03,8.871741514021144326e+01,-7.049133091127112039e+01,1.409289280224860022e+03,3.835235806134759287e+02,2.971656987903054059e+01,5.662454945930436452e+02,1.010679961009412153e+02,6.759615979504658867e+01,1.383590536747693932e+03,-1.023159092947796722e+02,-1.418088066616312233e+02,4.439947020558723807e+02,-7.132049446033826712e+01,3.454142193608554123e+01,1.656153304062355346e+03,-1.270274326012985711e+02
4.320877263290207111e+02,1.651012659340516620e+03,9.734789467899855708e+02,3.886138973613981307e+02,1.723960624619519422e+03,7.255756860896411808e+02,2.159596001856651810e+02,1.466336367016630675e+03,8.513683250452431821e+02,1.372292361925015314e+02,1.790811102939027933e+03,6.592949393764201886e+02,9.059148784582752967e+00,1.284327273487196635e+03,6.660106372018695993e+02,-1.080732938013798474e+02,1.906615877527718794e+03,7.176467598353998483e+02,-4.154286843168880949e+01,1.485718659726706619e+03,5.276776580604976061e+02,3.505498386465063732e+02,1.313003610090840311e+03,4.350263806949582204e+02,1.814935470052287485e+02,1.258841989871837086e+03,6.234137547628389484e+02,6.868155090883726643e+01,1.017088603602312219e+03,9.710401987485725783e+01,-6.037861012228792390e+01,1.414485280788319415e+03,3.861697087002476678e+02,3.042167821892051194e+01,5.758830551950535437e+02,1.194562184288980973e+02,6.995779535518536818e+01,1.384676205941872922e+03,-1.071494383822994081e+02,-1.456961495419386381e+02,4.539484833816861737e+02,-5.387022084608391737e+01,3.737800251961367337e+01,1.655902382048359186e+03,-1.273372269551787355e+02
4.225249622389305841e+02,1.661242600475377685e+03,9.783097232221855393e+02,3.780326019713967298e+02,1.740520988683422502e+03,7.233191337274473653e+02,2.159625607541374563e+02,1.476324934715749350e+03,8.580511184545863443e+02,1.158655491268534234e+02,1.774572612292114400e+03,6.707461100032190870e+02,1.726827996008881527e+01,1.282211338104714969e+03,6.752856538602474075e+02,-1.282014842602024487e+02,1.863299366105455192e+03,7.412178563471295547e+02,-4.103487421056642859e+01,1.480694357633208028e+03,5.367199710017446250e+02,3.590788944071723563e+02,1.329693779149843749e+03,4.382203502072118795e+02,1.929442115663478887e+02,1.268176157284306555e+03,6.285018000148185138e+02,8.131579716824593618e+01,1.030210658358993669e+03,1.048945872932002032e+02,-5.217712620435591475e+01,1.419462921218733300e+03,3.880656734146659801e+02,3.580706755567656785e+01,5.874800784682736321e+02,1.391454072887476343e+02,7.003446571838166790e+01,1.386885746679109843e+03,-1.126001945624272054e+02,-1.437292351678562454e+02,4.635629951432254074e+02,-3.331738342506429973e+01,3.807563237820533431e+01,1.655469639817997404e+03,-1.295356159593203813e+02
4.149447427563035262e+02,1.673297771807637218e+03,9.821620297207771273e+02,3.695602314178146912e+02,1.757730710140714109e+03,7.208007363774923988e+02,2.171579644239286608e+02,1.487438765054922897e+03,8.645734104082167732e+02,1.020513011684223841e+02,1.764694537285184879e+03,6.791225275872437805e+02,2.629720503697076950e+01,1.283712849467923661e+03,6.881555999538854849e+02,-1.357959057702235555e+02,1.829255213115739707e+03,7.600272177656956956e+02,-4.257255817031703060e+01,1.479119676147183554e+03,5.484609675392140389e+02,3.675900284786585530e+02,1.346193733431079409e+03,4.423968256974124529e+02,2.031594832610802825e+02,1.278745935924254582e+03,6.335774568262592084e+02,9.529476645061335205e+01,1.045769098409426306e+03,1.120256778757421756e+02,-4.592042964595569288e+01,1.424432974431294724e+03,3.886980134481257210e+02,4.619624531865705563e+01,6.008627682717288963e+02,1.603538634216244532e+02,6.699048823608471537e+01,1.389806823998474101e+03,-1.178814720986330684e+02,-1.345402640615003520e+02,4.727575642746049880e+02,-9.674815612004296739e+00,3.592037396557662277e+01,1.654918497785190766e+03,-1.334545690375655340e+02
4.091042717643367723e+02,1.687758521266917569e+03,9.848958424848177629e+02,3.635599702477639426e+02,1.775846676138871544e+03,7.181391163849253871e+02,2.193056563534100576e+02,1.499553306641000063e+03,8.706283912554844164e+02,9.459941836469440091e+01,1.761296341000509074e+03,6.837752792708952256e+02,3.592832711792001987e+01,1.289443505453898069e+03,7.037623895729616379e+02,-1.331804845581904715e+02,1.804979205203869697e+03,7.741842512557108194e+02,-4.568123719923566028e+01,1.481238852031660599e+03,5.620082241091456581e+02,3.763177235668912317e+02,1.361765245001094627e+03,4.478648223576590794e+02,2.122542974987228774e+02,1.290552007164364795e+03,6.386096776427773420e+02,1.103607165759176354e+02,1.063343924565666839e+03,1.185040959412399673e+02,-4.140763940840301416e+01,1.429507065240619795e+03,3.876888308538871115e+02,6.132033324262464902e+01,6.156927224005273729e+02,1.831251564328898667e+02,6.062274557716015977e+01,1.393247340909796776e+03,-1.222897770777795756e+02,-1.178631596532447645e+02,4.814484630885750676e+02,1.679525191070943535e+01,3.080884431897030140e+01,1.654447338331709489e+03,-1.386230752889855751e+02
4.045695612741349692e+02,1.704346569647435899e+03,9.865710032518494472e+02,3.597200198937705977e+02,1.794643769577034163e+03,7.152564349311624028e+02,2.220821513503451854e+02,1.512337437623583128e+03,8.761683042586021202e+02,9.199520600924293490e+01,1.763145831425596043e+03,6.850518593168920916e+02,4.588414053682429028e+01,1.298841381248646258e+03,7.212890164156934816e+02,-1.229363675520865797e+02,1.789037715099205116e+03,7.844172733504822190e+02,-4.981808025495330838e+01,1.486294194436649605e+03,5.765914660562349354e+02,3.852474068316284388e+02,1.376095738564556768e+03,4.545533234743629123e+02,2.204047820008818519e+02,1.303302718147590667e+03,6.435904062302270177e+02,1.262092551290150766e+02,1.082318530205757042e+03,1.244330878392294721e+02,-3.823102112537488750e+01,1.434704749302305572e+03,3.850931533154010822e+02,8.019970510235491190e+01,6.315340525895243218e+02,2.071933088525542814e+02,5.147967596929830592e+01,1.397145739833019206e+03,-1.255640975808777284e+02,-9.491442112066789605e+01,4.896501497564220813e+02,4.547102785332771901e+01,2.329161119785024070e+01,1.654224269209477143e+03,-1.445059703347693301e+02
4.007898538194492062e+02,1.722052104566036860e+03,9.875534129282505091e+02,3.571333943624496783e+02,1.813663912773349239e+03,7.121119432266360718e+02,2.251764896030308023e+02,1.525366571860108252e+03,8.813930233045385876e+02,9.229036082222314974e+01,1.767836870942486939e+03,6.842745872783588084e+02,5.594298921471828834e+01,1.310305913769591825e+03,7.399038383721479022e+02,-1.080534227352594598e+02,1.778005455176768010e+03,7.922088888591819114e+02,-5.449210088477565250e+01,1.492890627936149258e+03,5.916602971163144957e+02,3.942137918510824193e+02,1.389513799236272462e+03,4.619677364771116572e+02,2.279378575703595686e+02,1.316506902594401936e+03,6.485254474754736975e+02,1.424833786348957290e+02,1.101979380407538883e+03,1.300174374032964693e+02,-3.582016579920740895e+01,1.439940145892852797e+03,3.814985270766716212e+02,1.011988598474255809e+02,6.478845676585117417e+02,2.319705417960064153e+02,4.075899279523318341e+01,1.401350310853895280e+03,-1.280555855740190339e+02,-6.834562332870838475e+01,4.975070459762142150e+02,7.535453682658099694e+01,1.443819557212765936e+01,1.654220271925407815e+03,-1.506815519757889490e+02
