9.273678622788970927e+01,-4.939574558102894741e+01,1.705850925669840763e+03,-1.986160493166197583e+01,-2.145574645092345918e+02,1.401271248437948771e+03,1.458643050532380414e+02,1.185162428740693059e+02,1.418699657458721958e+03,1.339391135410329809e+02,-3.115211950114792785e+02,1.155971070609388562e+03,3.542372801920550387e+02,1.680020315347259725e+02,1.158592565654080545e+03,3.612497082198552789e+02,-2.707614487382548987e+02,1.243975587957127118e+03,5.185078675332625835e+02,1.683039000246844452e+01,1.196251842387084253e+03,1.616629643333207511e+01,-6.031300509317953384e+01,9.542597833265026566e+02,1.868447965099871055e+02,1.271642799432772364e+02,1.056323379964299420e+03,1.010449392942458076e+02,-8.438224719899615422e+01,4.551744296802939402e+02,4.857751697787516605e+02,-4.516370950820184760e+01,1.066436999968961345e+03,-1.164649678515201403e+00,-6.257304820291961001e+00,-1.133622244357118225e+00,3.727059448299478390e+02,-4.425890288308401210e+01,6.612248087298880819e+02,2.415146387061287783e+02,-4.349944101376239303e+01,3.803529457358918009e+00,5.304659771942830275e+02,-2.040503138207795359e+02,6.419948901988691432e+02
9.202555092549599181e+01,-4.990217609635639917e+01,1.704371026684837261e+03,-1.888013629021950024e+01,-2.128186734391687480e+02,1.397346953984901347e+03,1.464931622047896553e+02,1.194069449395536537e+02,1.418283533393877860e+03,1.321879343756676803e+02,-3.094720118517930132e+02,1.149242929276185350e+03,3.600487888499483233e+02,1.733505488038172189e+02,1.157856858553502207e+03,3.628436036956866815e+02,-2.771992290530304786e+02,1.230882875453730321e+03,5.253927948372838728e+02,2.052062581552886300e+01,1.187643458622828120e+03,1.313490232554418569e+01,-5.743554893467626954e+01,9.526323667304949367e+02,1.861204254052469764e+02,1.303218538133903621e+02,1.055966498788307263e+03,1.011799400818633927e+02,-8.181540635080362733e+01,4.547437642204910730e+02,4.836129811456215180e+02,-4.139967076741605467e+01,1.063994098757049414e+03,2.196246685752370809e+00,-5.399682785290297993e+00,-1.986574408661707203e+00,3.738347174998010018e+02,-4.644440820147667637e+01,6.578268675522675721e+02,2.411641856136691047e+02,-4.382668100504282904e+01,3.328734799508966891e+00,5.236429459761527596e+02,-2.065120734614941114e+02,6.420151325752432285e+02
9.186577650445174470e+01,-4.971104804806125799e+01,1.702530350040463190e+03,-1.768591143695496726e+01,-2.109886494837846271e+02,1.393275812467320975e+03,1.474002654981994738e+02,1.208361159866183527e+02,1.417545250271890154e+03,1.301426124732020924e+02,-3.072692001135185933e+02,1.141692299068197826e+03,3.649958925058539876e+02,1.790054769833106434e+02,1.156486211932050765e+03,3.640070935741439371e+02,-2.823923381294688966e+02,1.216350097424058958e+03,5.319947087994480626e+02,2.463583508502608055e+01,1.178408053537806381e+03,1.013932724074573599e+01,-5.408534311600347877e+01,9.511493771988040180e+02,1.853031505939214298e+02,1.338139941157072883e+02,1.055437308527574487e+03,1.012716554436880472e+02,-7.934918780188212395e+01,4.545557193651448529e+02,4.813383487633621485e+02,-3.868867101492173077e+01,1.060831224958264329e+03,4.832696020217094990e+00,-4.626441668675084884e+00,-2.685963413834774549e+00,3.744258991622437520e+02,-4.761576377720650299e+01,6.538668053121396042e+02,2.409157307074745802e+02,-4.411352717669389989e+01,2.836416265814637683e+00,5.173654528335247278e+02,-2.088858662143827019e+02,6.404405033922009807e+02
9.258110547181350114e+01,-4.852158934178870453e+01,1.700128605215997595e+03,-1.614804240769656474e+01,-2.090954883220364877e+02,1.388982058253329342e+03,1.487207151631193369e+02,1.230877302523528840e+02,1.416285866840090421e+03,1.277152209716835927e+02,-3.049119549478382964e+02,1.132903613826546689e+03,3.685650565914597223e+02,1.850981844160381229e+02,1.154149821811645552e+03,3.645178111020157417e+02,-2.855874815703746776e+02,1.199635604196245595e+03,5.381539678885463900e+02,2.942910579790415326e+01,1.168227115841512386e+03,7.254497518932013556e+00,-5.005181388968360068e+01,9.498747742052022431e+02,1.843174267751991238e+02,1.377705180290480200e+02,1.054582543557051849e+03,1.013438839650940650e+02,-7.704057577504124765e+01,4.547385694193877725e+02,4.788985391326475565e+02,-3.744807949272860981e+01,1.056522476008555259e+03,6.297153843548645824e+00,-4.003065129549372436e+00,-3.153142561968323321e+00,3.742985663336622792e+02,-4.708112609053584663e+01,6.489851758985491870e+02,2.408249913113768059e+02,-4.429577785353358621e+01,2.310920030511335099e+00,5.121265705905204868e+02,-2.108914541669147980e+02,6.363280131996318687e+02
9.415977520445001403e+01,-4.659606810211855787e+01,1.697215837936247681e+03,-1.426168654176719386e+01,-2.073386302345600996e+02,1.384516872742608939e+03,1.503807471436464311e+02,1.260553924647019244e+02,1.414499164503916518e+03,1.250905523222389775e+02,-3.026403144613244649e+02,1.123065245054822299e+03,3.707576485193758913e+02,1.914879929392596125e+02,1.150981803428374860e+03,3.644671712386908666e+02,-2.867744785151916744e+02,1.181070650098089800e+03,5.438745722753686778e+02,3.487247992151141318e+01,1.157264948154908325e+03,4.586873610563213077e+00,-4.549763524551850935e+01,9.487753275932473116e+02,1.831261275171268323e+02,1.420345572051088823e+02,1.053314062766091865e+03,1.014938431095590374e+02,-7.490158016401255736e+01,4.552579941127169718e+02,4.763330693921892589e+02,-3.729408403374068826e+01,1.051115112539412394e+03,6.561423640512172639e+00,-3.565647684367418080e+00,-3.419124028520160063e+00,3.737276576204347975e+02,-4.471265981265063516e+01,6.431826887112185887e+02,2.408765573959840651e+02,-4.427237586905747690e+01,1.750361286423007368e+00,5.082839230476232046e+02,-2.121185114006684103e+02,6.297631125557569476e+02
9.631737690789954343e+01,-4.455817535158575993e+01,1.694033554242485707e+03,-1.211800921606871029e+01,-2.059917020692770961e+02,1.380029404408702931e+03,1.521513994386697277e+02,1.293478298593140039e+02,1.412330986011849973e+03,1.226268539142401011e+02,-3.008110163168226450e+02,1.112803082574500650e+03,3.719935780107846881e+02,1.979014037620211184e+02,1.147484908023545586e+03,3.642018852535679230e+02,-2.864990750067273666e+02,1.161733542778790934e+03,5.492659188200482276e+02,4.083099132293764910e+01,1.145991086447786984e+03,2.221941902549443348e+00,-4.080350285061813764e+01,9.477526593672562285e+02,1.817347551615335703e+02,1.463015538521396479e+02,1.051636639281781299e+03,1.018414350127868175e+02,-7.288020385264671575e+01,4.559437333405408026e+02,4.737494600926453359e+02,-3.737130181712437604e+01,1.045022808726403809e+03,5.975730720928330797e+00,-3.304592871976617996e+00,-3.607327836973886370e+00,3.732896820015636195e+02,-4.099074303298259281e+01,6.367449683027732590e+02,2.409927173810473278e+02,-4.391366039922235132e+01,1.181766215135907405e+00,5.059996226221945221e+02,-2.123215578839592581e+02,6.216976261241048860e+02
9.867091021652312577e+01,-4.299085585395827280e+01,1.690879228456201417e+03,-9.833981501585865814e+00,-2.052230941734638066e+02,1.375694343366550129e+03,1.537733737642558083e+02,1.325404424761170503e+02,1.409987150719139208e+03,1.206672633847226450e+02,-2.996579545868435730e+02,1.102831548814704320e+03,3.728251914731300189e+02,2.041535553645826155e+02,1.144269227939205393e+03,3.641471868287023881e+02,-2.854483793011823991e+02,1.142771447602328863e+03,5.544237805075449614e+02,4.729116701244542043e+01,1.134851320778999934e+03,1.698357556029101989e-01,-3.630074235934664273e+01,9.466909094149096973e+02,1.801858982457685272e+02,1.503425499158682328e+02,1.049642081788095766e+03,1.024514280391328924e+02,-7.086622395256033258e+01,4.565637368675401149e+02,4.712762816010422853e+02,-3.691344438866669719e+01,1.038741690944579432e+03,5.073671413714516909e+00,-3.163312478165568820e+00,-3.871197337815975192e+00,3.735624152073856408e+02,-3.685250756387661397e+01,6.300243603416577116e+02,2.410677809370353373e+02,-4.311875076456019684e+01,6.659599510501039710e-01,5.052337992247570924e+02,-2.117328131959499444e+02,6.134105847502987672e+02
1.009188438173958957e+02,-4.210298422304948218e+01,1.687978571192903928e+03,-7.487614551819766540e+00,-2.049554637184442356e+02,1.371634411103428420e+03,1.550761996613200324e+02,1.354088046820035345e+02,1.407648274576374206e+03,1.193793089585011131e+02,-2.990899157423451129e+02,1.093646384293680967e+03,3.736333308785505665e+02,2.102839819973077340e+02,1.141778445245322018e+03,3.646094326401077410e+02,-2.840965920806094687e+02,1.124825357581160461e+03,5.593310176563193181e+02,5.443317916486380170e+01,1.124030191209843224e+03,-1.649075081070408233e+00,-3.208360146132266522e+01,9.454871019563044001e+02,1.785463596443033509e+02,1.541458223171172506e+02,1.047460793955161535e+03,1.032840614775889350e+02,-6.874138996619612385e+01,4.569094332583829896e+02,4.690281230528655669e+02,-3.563380919640670186e+01,1.032554251064243090e+03,4.326336982729333869e+00,-3.063146140297590136e+00,-4.316186571690982632e+00,3.748743346388652071e+02,-3.337645756027582422e+01,6.232107235560930576e+02,2.410083966698812503e+02,-4.190356970722183405e+01,2.802187093851812305e-01,5.058112827383387184e+02,-2.111077937561995270e+02,6.058899288948274489e+02
1.029421673496974705e+02,-4.166639307073395315e+01,1.685415123275633505e+03,-5.092664586066598886e+00,-2.048705176079349144e+02,1.367862647846991649e+03,1.560320489645394559e+02,1.380013687044459232e+02,1.405415650663984707e+03,1.187045332467332912e+02,-2.986680364768140521e+02,1.085391187634296557e+03,3.744691589841002042e+02,2.165154727161938126e+02,1.140130346778678813e+03,3.656577250052163208e+02,-2.825925045033444007e+02,1.107861459425912699e+03,5.638414377567924021e+02,6.247933292690187557e+01,1.113447577033095513e+03,-3.373194488303996152e+00,-2.800832236272173148e+01,9.440618297178567673e+02,1.768870351613213074e+02,1.578895175221788350e+02,1.045193336856149699e+03,1.042066608833167436e+02,-6.646289330945835161e+01,4.568693974540749423e+02,4.670930990297980543e+02,-3.372916772490893322e+01,1.026377625225359679e+03,3.964756120462374689e+00,-2.948941580684532049e+00,-4.944618026379146158e+00,3.772321388487347917e+02,-3.138144780827868274e+01,6.162283225492576548e+02,2.407621589097374795e+02,-4.045766253267628798e+01,8.204091611185046484e-02,5.075258106298718417e+02,-2.113894469924334771e+02,5.994339674577664709e+02
1.047990368668835970e+02,-4.122895672463815941e+01,1.683118724590477086e+03,-2.618794740851333902e+00,-2.045666031793711852e+02,1.364256217991925041e+03,1.567315143237507584e+02,1.405268195904252764e+02,1.403282515491464892e+03,1.184289703363047579e+02,-2.977936317233435375e+02,1.077894319910654531e+03,3.751041782738216170e+02,2.230806375927214447e+02,1.139112992045287228e+03,3.671321188698630635e+02,-2.808641106342871581e+02,1.091391659442247828e+03,5.677519721628917750e+02,7.145418874905151085e+01,1.102934358617499583e+03,-5.147706937666794325e+00,-2.384131360636482100e+01,9.423651751216322054e+02,1.752576005587945644e+02,1.617896267504405614e+02,1.042863122660018462e+03,1.050535603732474357e+02,-6.412710526945402023e+01,4.564739388763077272e+02,4.655273460384618716e+02,-3.157904426090102135e+01,1.019826627570140886e+03,3.945217634340257185e+00,-2.829670064112744132e+00,-5.653649826368451592e+00,3.804236525131375970e+02,-3.107726559662124544e+01,6.088150223771881429e+02,2.403281514028535639e+02,-3.911155950361064981e+01,7.387251929251036076e-02,5.102088650552252602e+02,-2.131561980757861079e+02,5.936279109930909499e+02
1.066390719703063468e+02,-4.042541022791662186e+01,1.680895717122058613e+03,-3.681955608858487883e-02,-2.037643205294767199e+02,1.360573978470982638e+03,1.573129701422761570e+02,1.431642115141202396e+02,1.401128623576665404e+03,1.183181760911303968e+02,-2.959912603653644965e+02,1.070797763533067609e+03,3.752286774065659074e+02,2.300556320640054935e+02,1.138298691900613221e+03,3.687494314882293907e+02,-2.787765246299965156e+02,1.074830744775903668e+03,5.709122347799545878e+02,8.108138327621998087e+01,1.092401024338326351e+03,-7.076112407129344639e+00,-1.942448466074838365e+01,9.403868123577633469e+02,1.736657595995227723e+02,1.659512209563598617e+02,1.040419437165425961e+03,1.056941486674296158e+02,-6.194730997946282969e+01,4.558898202691627830e+02,4.643391550695612864e+02,-2.940342937292938075e+01,1.012443038222610198e+03,4.052595164377172487e+00,-2.781368695809425695e+00,-6.290308466686768796e+00,3.841948622317241302e+02,-3.193289555191916662e+01,6.007161354477701707e+02,2.397530162227287462e+02,-3.821003923999325025e+01,1.921664544703961253e-01,5.137161390380165358e+02,-2.162024469551683126e+02,5.876466561987102750e+02
1.085913111971625540e+02,-3.916191618106866912e+01,1.678489407358687686e+03,2.642303345387127411e+00,-2.024192615578514562e+02,1.356527944575880611e+03,1.578947432794109886e+02,1.459496741553356571e+02,1.398752814104450636e+03,1.182308891977348253e+02,-2.930989456234020736e+02,1.063701976518905894e+03,3.746692427481937102e+02,2.373286759346185306e+02,1.137205558239988932e+03,3.702252600507883926e+02,-2.761973142834754640e+02,1.057735815025872853e+03,5.733033804764133947e+02,9.093987230811292477e+01,1.081854583325317662e+03,-9.184106112141083855e+00,-1.474068278900969631e+01,9.381653496017754605e+02,1.720755906227749676e+02,1.703301300429536980e+02,1.037785739062438552e+03,1.060778421072607927e+02,-6.012416784949478910e+01,4.553539344941743821e+02,4.634661986924135704e+02,-2.710803667174955223e+01,1.003952649932377767e+03,4.066805147172312118e+00,-2.897196214750148435e+00,-6.734059384270129733e+00,3.883864563975259330e+02,-3.286609964947501084e+01,5.918469925707520360e+02,2.391180417005798517e+02,-3.795149065379315800e+01,3.303698889801690575e-01,5.178607780251423947e+02,-2.195444358919971251e+02,5.806835475128652888e+02
1.106814151750636626e+02,-3.756794279998647568e+01,1.675658614104044545e+03,5.358533027284311245e+00,-2.006723775791954552e+02,1.351894486388153609e+03,1.585455138430010606e+02,1.488153337491770571e+02,1.395950846339211921e+03,1.181497937340429019e+02,-2.892430892827956654e+02,1.056287607516536355e+03,3.735088152063339066e+02,2.447223814405134874e+02,1.135448319918988773e+03,3.713384869418129028e+02,-2.729562944919464371e+02,1.039849656801703986e+03,5.750467039556085638e+02,1.007887250113151509e+02,1.071284719570791367e+03,-1.139909779027036940e+01,-9.858492284429626551e+00,9.357852760147243316e+02,1.704316706692359844e+02,1.748132848276579807e+02,1.034917858504868491e+03,1.062502875221514955e+02,-5.867279318295256019e+01,4.550658086319551217e+02,4.627683656614005372e+02,-2.437119162717945287e+01,9.944049768706699979e+02,3.894125299794889195e+00,-3.205701410691478515e+00,-6.958421240775969352e+00,3.929728301416761838e+02,-3.270266177670998076e+01,5.823129870375978498e+02,2.385194465125520367e+02,-3.828354383694880880e+01,3.839212486186548423e-01,5.223787482922480194e+02,-2.218790985454544682e+02,5.722861853952666706e+02
1.128145116809466657e+02,-3.579302013381120418e+01,1.672247321946213333e+03,8.028799084295139110e+00,-1.986906801251130901e+02,1.346614838264291393e+03,1.592966085117749060e+02,1.517217153844477480e+02,1.392610039235920794e+03,1.181288847275811520e+02,-2.846389841162624066e+02,1.048399662548222295e+03,3.720649323351389057e+02,2.521647416219083766e+02,1.132846667890766184e+03,3.719219048281972846e+02,-2.688060209342270923e+02,1.021039694795996525e+03,5.763514401284822952e+02,1.108184889213972042e+02,1.060569261053351283e+03,-1.355761161829304307e+01,-4.828884437431461230e+00,9.333530285396277577e+02,1.686975469426248253e+02,1.793341955154087373e+02,1.031832342249819021e+03,1.063471003459853108e+02,-5.732947047149519904e+01,4.550908190192607776e+02,4.620555358866490110e+02,-2.086197345298845818e+01,9.841318139486085101e+02,3.596837769820097286e+00,-3.609620041172248328e+00,-7.035385179275657208e+00,3.980202511938427392e+02,-3.069212219675830866e+01,5.722978987058515941e+02,2.380427046339079595e+02,-3.891794038604903960e+01,2.917894382644216633e-01,5.269890491402304633e+02,-2.222338082505262378e+02,5.624815405085034854e+02
1.148269064930198908e+02,-3.383399479838196555e+01,1.668214200224637580e+03,1.059308129671403087e+01,-1.965273866035528840e+02,1.340822467317093924e+03,1.601715565178307656e+02,1.547494262186125979e+02,1.388764901990255339e+03,1.182087411042541731e+02,-2.793905371667992199e+02,1.040078539784083659e+03,3.707602279258206863e+02,2.597602571118659398e+02,1.129474465094271636e+03,3.718188897697769448e+02,-2.634878844815464163e+02,1.001254248728678363e+03,5.774426384426849381e+02,1.216198169608335462e+02,1.049523695313203689e+03,-1.545576359666015875e+01,3.725071868714662782e-01,9.309537827735591691e+02,1.668836818270713991e+02,1.839268434553459315e+02,1.028588319796887390e+03,1.065656023339936809e+02,-5.563259270280588709e+01,4.553291397374572398e+02,4.611463947016433167e+02,-1.642986384519625531e+01,9.735708227034328957e+02,3.319188513045360001e+00,-3.897231721021592321e+00,-7.083815237004517762e+00,4.036234788529907291e+02,-2.681731865243614621e+01,5.619332860929049502e+02,2.377360303167985194e+02,-3.945947932550885184e+01,5.273593178194781184e-02,5.315278098403910008e+02,-2.204341023365256547e+02,5.517015297017743478e+02
1.165751051467569113e+02,-3.153499001185391037e+01,1.663615470645657751e+03,1.305294945415090346e+01,-1.941053513094416019e+02,1.334771020386613145e+03,1.612006582023469718e+02,1.580594094671069740e+02,1.384574371985515199e+03,1.183587750324903993e+02,-2.734535305814573576e+02,1.031518111918211162e+03,3.699599073707764774e+02,2.676881257345451672e+02,1.125635518422107225e+03,3.708598477824803012e+02,-2.568929328034283799e+02,9.805309565742943505e+02,5.785042237051758320e+02,1.338531315249108786e+02,1.038072839345351213e+03,-1.693851331263228488e+01,5.816446851492129255e+00,9.286048757047446998e+02,1.650442363203113985e+02,1.886851681519247279e+02,1.025239337294695133e+03,1.071111771423141477e+02,-5.316097316872232881e+01,4.555711634356935633e+02,4.599309404514706330e+02,-1.117067078347225006e+01,9.630633088235696277e+02,3.166791109352144140e+00,-3.838744103006353381e+00,-7.198428251586810767e+00,4.098749915291671186e+02,-2.174968449513652757e+01,5.512554969609305999e+02,2.375942362118515803e+02,-3.957943386603403013e+01,-2.883057613490153104e-01,5.360658202700778929e+02,-2.171523501364066817e+02,5.405911960951223136e+02
1.180118715343177058e+02,-2.875157144224944261e+01,1.658569360419041914e+03,1.547668038095669907e+01,-1.913264312619522229e+02,1.328701648449675304e+03,1.624048995518787422e+02,1.617502139306075435e+02,1.380234000741687623e+03,1.184763055836988883e+02,-2.667821435650305375e+02,1.022953770224520440e+03,3.698459060924994901e+02,2.759959917382682875e+02,1.121760699782907523e+03,3.688861178275060979e+02,-2.491904642164606685e+02,9.590087162464608355e+02,5.796458790473084264e+02,1.478160869625912994e+02,1.026396757289213838e+03,-1.799108867568248726e+01,1.153749422645035416e+01,9.262323091439850486e+02,1.632424188307162751e+02,1.936742640419399777e+02,1.021791272547909330e+03,1.081276894525940833e+02,-4.979490777967565407e+01,4.556094957315323768e+02,4.584038790420291889e+02,-5.372371090328760701e+00,9.527233000602235506e+02,3.118773934048531427e+00,-3.322190225954360532e+00,-7.403822150087774112e+00,4.168778527886417464e+02,-1.650945528681554819e+01,5.402611829327817077e+02,2.375639784391754006e+02,-3.914391342465421531e+01,-6.703025053328280913e-01,5.409180022877409328e+02,-2.135674521170453204e+02,5.297854788006927720e+02
1.192090218521056499e+02,-2.553445684306806385e+01,1.653237265995981261e+03,1.796403568460040390e+01,-1.882127967941837312e+02,1.322731183306403409e+03,1.637618417317675608e+02,1.657327587823619695e+02,1.375881028652260738e+03,1.184369036238454669e+02,-2.595210753094769416e+02,1.014529283472791235e+03,3.703679511364646828e+02,2.844566465930402615e+02,1.118251296009828366e+03,3.658107198414618324e+02,-2.407969877443062217e+02,9.368947382671321975e+02,5.808872399995071873e+02,1.631878632992346638e+02,1.014911727114487690e+03,-1.877800585475675632e+01,1.746961390157592220e+01,9.236904678602794547e+02,1.615062952815104609e+02,1.988715862270103116e+02,1.018195351571143419e+03,1.096418593498949008e+02,-4.583004543508121742e+01,4.553435243742456464e+02,4.566520954755399089e+02,6.030371411118772285e-01,9.424188741919665517e+02,3.028501130495616867e+00,-2.445777843241393246e+00,-7.655610539056029396e+00,4.247641595011348841e+02,-1.204139945060723171e+01,5.289861593889172582e+02,2.375709062128238145e+02,-3.824051819304182942e+01,-1.042070544772447871e+00,5.465147546397305405e+02,-2.108638663295717492e+02,5.197229923185846019e+02
1.203208544933889499e+02,-2.217173486819971373e+01,1.647824167127428609e+03,2.059154169979028026e+01,-1.849641192573432420e+02,1.316825770123134134e+03,1.651854260933585294e+02,1.697335866514742406e+02,1.371549508282451598e+03,1.181665297448693224e+02,-2.520656236421538665e+02,1.006218348099105469e+03,3.712798329211948953e+02,2.926264663531462702e+02,1.115331170788201007e+03,3.616751259625919488e+02,-2.321793521084730969e+02,9.143978389030042990e+02,5.821591874927398749e+02,1.791264020499214382e+02,1.004079733637234995e+03,-1.959220586938822706e+01,2.345484584712859188e+01,9.208193883860539017e+02,1.598050876492219743e+02,2.041857416068725684e+02,1.014377525915930505e+03,1.115563001166228361e+02,-4.185318373676256698e+01,4.548168474510274564e+02,4.548060124567454636e+02,6.454439573872873481e+00,9.318518420410599674e+02,2.714633567530991609e+00,-1.497349555387651021e+00,-7.877779123805858319e+00,4.336687212457979967e+02,-8.913101083958620663e+00,5.175279334646239704e+02,2.375549694871232873e+02,-3.710631108171870807e+01,-1.370131085040018792e+00,5.531880576711632784e+02,-2.098127128625878868e+02,5.105525364410577254e+02
1.215174480777924941e+02,-1.904236944374691021e+01,1.642561798750476100e+03,2.337579244369737452e+01,-1.818772469736151720e+02,1.310860907211893846e+03,1.665464052682733040e+02,1.734380018210736409e+02,1.367190215926457995e+03,1.176948062622201405e+02,-2.449174135698008854e+02,9.978490200850046676e+02,3.722424362047484578e+02,3.000989128896515581e+02,1.112980419668061586e+03,3.566519704497360408e+02,-2.236213035097505610e+02,8.916801318284667559e+02,5.833304363909160202e+02,1.946805748067804416e+02,9.941793291913112398e+02,-2.072638692839728947e+01,2.932561725878618830e+01,9.175067593360474802e+02,1.580630351098413939e+02,2.095368711230657937e+02,1.010278286418685752e+03,1.137029920845120614e+02,-3.843581700557440683e+01,4.541686212114709065e+02,4.529841896055497728e+02,1.206701930081542784e+01,9.206894379059345965e+02,2.088600288661143001e+00,-8.155498213754267534e-01,-8.005843811254100828e+00,4.436493047402192360e+02,-7.218936354941805078e+00,5.059939297621380092e+02,2.374947464331385447e+02,-3.600850964431474921e+01,-1.629076472842313272e+00,5.609848533802738757e+02,-2.105622063227579872e+02,5.021634318599898847e+02
1.229277073878886029e+02,-1.638527347279487145e+01,1.637639611057027196e+03,2.628161017044640246e+01,-1.791737499821257416e+02,1.304710981852897930e+03,1.677312510527480640e+02,1.766769355154660275e+02,1.362723888724934568e+03,1.171541321147927732e+02,-2.384266611612732447e+02,9.892111847569343581e+02,3.729541076709028289e+02,3.067914951103563226e+02,1.110983984727733286e+03,3.509677063196803033e+02,-2.151174541703736622e+02,8.688599007833855694e+02,5.842588334201869884e+02,2.092921897070370960e+02,9.852004380577214988e+02,-2.233158370637032064e+01,3.500804075521406844e+01,9.137179382236103038e+02,1.562014536305730417e+02,2.149349873039176657e+02,1.005871340699959319e+03,1.159320037782364921e+02,-3.582168800624468474e+01,4.535323233761844790e+02,4.512591603194723575e+02,1.759194586996138199e+01,9.086912861448146259e+02,1.238495554742213178e+00,-6.041883392277406228e-01,-8.009817247632597059e+00,4.546060482949718562e+02,-6.651139997843980467e+00,4.944214624438450301e+02,2.374104465901666003e+02,-3.514100017388290809e+01,-1.788140476177190852e+00,5.696191051128890876e+02,-2.126530697531855481e+02,4.943202951414732524e+02
1.246133756287206609e+02,-1.415555887512503652e+01,1.633100512426517298e+03,2.926829192044086625e+01,-1.768478259234051961e+02,1.298304732954645715e+03,1.687051338299484087e+02,1.795289053785264173e+02,1.358082996690382288e+03,1.167156546091891300e+02,-2.326067444085205125e+02,9.801739308932827726e+02,3.732581939142908141e+02,3.130624585101606954e+02,1.109062327908971383e+03,3.447708734952629470e+02,-2.064696467830695497e+02,8.460468029372888168e+02,5.848462935784456249e+02,2.231084547845785266e+02,9.769283767000652006e+02,-2.434488011852095468e+01,4.057648142844580974e+01,9.094823592947233237e+02,1.541793774165633124e+02,2.204952466795136559e+02,1.001150212854721872e+03,1.181866840875185432e+02,-3.379679197908514254e+01,4.529462319684768659e+02,4.496516808640009231e+02,2.342332696318265306e+01,8.957833268400576117e+02,4.118056317400202726e-01,-8.092158049589889268e-01,-7.891830231024382414e+00,4.662739459928039878e+02,-6.662068433069106455e+00,4.827349856723226935e+02,2.373494400175744090e+02,-3.457460536395883821e+01,-1.810638495595750630e+00,5.786006267890178378e+02,-2.152289488993523605e+02,4.868299864991656136e+02
1.265691720298126910e+02,-1.207114932224245507e+01,1.628774358869045500e+03,3.233639881905379099e+01,-1.746386749407356547e+02,1.291625228573367622e+03,1.695356583384241560e+02,1.822710185307191182e+02,1.353221079612315179e+03,1.164895920214890452e+02,-2.271603674420309744e+02,9.707427600480459660e+02,3.731841628474557524e+02,3.195620279069922276e+02,1.107007315208842783e+03,3.380155625097837628e+02,-1.975199823529657976e+02,8.233630583839265000e+02,5.850659810762973621e+02,2.369272896743814272e+02,9.691416151188034291e+02,-2.653042054482644474e+01,4.622085013067762560e+01,9.048573426194235481e+02,1.520058431878546514e+02,2.263781855528156370e+02,9.961013610024062928e+02,1.205230568291167543e+02,-3.182039579355912551e+01,4.523292772133050903e+02,4.481380031749035311e+02,3.004116031234819317e+01,8.820543537050197074e+02,-9.948369774487966777e-02,-1.136402609525174912e+00,-7.672705076782060374e+00,4.783159971790693135e+02,-6.663478792716382770e+00,4.707749290534279680e+02,2.373650961972770972e+02,-3.425986596623251756e+01,-1.672692703974460793e+00,5.874709270225673663e+02,-2.173851965653738034e+02,4.796508608743291120e+02
1.287350853996184128e+02,-9.808168351988582501e+00,1.624320020836775484e+03,3.553641472873841423e+01,-1.721526858282630030e+02,1.284679551230394509e+03,1.703582216630246933e+02,1.852183495794850785e+02,1.348100785489063128e+03,1.164419389648168988e+02,-2.216998296215869857e+02,9.610354712538597823e+02,3.729052900425419352e+02,3.269034107631065922e+02,1.104752730434776367e+03,3.304304994473320676e+02,-1.883613480395719648e+02,8.009240018933454621e+02,5.849442425685334683e+02,2.517988278363001768e+02,9.617696432269049183e+02,-2.860860125495345940e+01,5.214562081246911873e+01,8.999013884374304553e+02,1.497200931020270218e+02,2.326983709295541587e+02,9.906938360583225176e+02,1.230635956084032472e+02,-2.933403108316582575e+01,4.515318927591325178e+02,4.466499716940081157e+02,3.777565414815975231e+01,8.676823936336699035e+02,-1.062007357710242489e-01,-1.203328932099983817e+00,-7.385522746193207588e+00,4.904647049979748203e+02,-6.218237866402148484e+00,4.583761148989469802e+02,2.374970647023690731e+02,-3.405796308533586370e+01,-1.390717016871803269e+00,5.960075069344098893e+02,-2.185379710838223559e+02,4.728861484591964768e+02
1.310156275856209049e+02,-7.199591100439588054e+00,1.619374449696897955e+03,3.893162077879134841e+01,-1.690641272445098195e+02,1.277474565086760549e+03,1.713030207146664168e+02,1.885601001440565767e+02,1.342681720653567936e+03,1.163760721952563131e+02,-2.159961663567199537e+02,9.512054436792786873e+02,3.726351395960576269e+02,3.353568771430382753e+02,1.102351724295474241e+03,3.216012597696351349e+02,-1.793797287481989713e+02,7.787939352051664628e+02,5.845109542811130723e+02,2.684968790448015739e+02,9.548954865287499842e+02,-3.039575469003522556e+01,5.846135576917080812e+01,8.946708196005879472e+02,1.473598756792719087e+02,2.394628292377376511e+02,9.848979056097064131e+02,1.259150738676345043e+02,-2.606081764152878577e+01,4.504248420625542622e+02,4.450655630055641154e+02,4.662997872264214294e+01,8.528281240234015286e+02,3.839538346251361034e-01,-7.361745374814691045e-01,-7.081241487352020414e+00,5.026148509754601719e+02,-5.161958102549187188e+00,4.454363085547690275e+02,2.377563177889020665e+02,-3.378134766890579499e+01,-1.036413146555420273e+00,6.042807551039182954e+02,-2.186364899278886753e+02,4.666689058847707656e+02
1.333085959909904261e+02,-4.304254796597142274e+00,1.613721262451924304e+03,4.254387262347907495e+01,-1.652738202015272293e+02,1.270011299535141916e+03,1.724278228773733019e+02,1.922891709814389003e+02,1.336916206988128124e+03,1.159948013223277172e+02,-2.100728351861488363e+02,9.413594332072988209e+02,3.725175671310632310e+02,3.447431118886597687e+02,1.099883856044870072e+03,3.111348054340663793e+02,-1.710914525186747710e+02,7.569612370251485345e+02,5.837561832687953256e+02,2.871434762350280039e+02,9.486140484851459860e+02,-3.187504919857012453e+01,6.512782352905207972e+01,8.892269374515100253e+02,1.449439160173402854e+02,2.465717819987877135e+02,9.787163535354451369e+02,1.291027105309996443e+02,-2.212726625486416054e+01,4.489706635134930934e+02,4.432132963365519345e+02,5.628878468309936522e+01,8.375521939108811011e+02,1.176718213764132104e+00,3.039782502780223328e-01,-6.833632440242355166e+00,5.148032508251503714e+02,-3.593476440102086666e+00,4.319316152609573010e+02,2.381169570606669197e+02,-3.324416416339684588e+01,-7.224591596867009358e-01,6.125458623584408997e+02,-2.180780896612555466e+02,4.610131883209101034e+02
1.355392636007518092e+02,-1.317971122963441433e+00,1.607366834299159564e+03,4.632186932631297083e+01,-1.609339347474602278e+02,1.262283650688651960e+03,1.736940983413336141e+02,1.962497344416511282e+02,1.330748383443511784e+03,1.150119978169927464e+02,-2.040865748134692126e+02,9.315063042823530850e+02,3.725680667775382062e+02,3.545613017196544092e+02,1.097350985916183845e+03,2.988329726280757654e+02,-1.638699800890389042e+02,7.353700169072649260e+02,5.826254054117134729e+02,3.071754375977891982e+02,9.428757652784096308e+02,-3.316485531245305651e+01,7.197144321831835612e+01,8.836321126621321582e+02,1.424799637384352593e+02,2.538701393755891615e+02,9.722005553275145076e+02,1.325611499067669286e+02,-1.796110098898117968e+01,4.472406611788233022e+02,4.409207136141714614e+02,6.632654291218823062e+01,8.218077617412783411e+02,1.991381565850723456e+00,1.731782636913666185e+00,-6.724700211625706636e+00,5.270964682305618680e+02,-1.724109597442208708e+00,4.178911204159644512e+02,2.385175038277837984e+02,-3.232521450547926634e+01,-5.599211468260564262e-01,6.210539252471471627e+02,-2.173445042806662002e+02,4.557325981148171650e+02
1.376831121631288113e+02,1.596531185484020510e+00,1.600474307572678981e+03,5.015230857416898402e+01,-1.563307552066119968e+02,1.254266158237896889e+03,1.749961338324060591e+02,2.002563061666411102e+02,1.324115228446351921e+03,1.132533025875905821e+02,-1.981078682173559002e+02,9.215542474325213789e+02,3.726916128489358471e+02,3.642456833182071705e+02,1.094629100604463702e+03,2.847954200603386425e+02,-1.577266569292285396e+02,7.140054206237733752e+02,5.810515582354347544e+02,3.276452339603845303e+02,9.374552627102821134e+02,-3.441127973770392856e+01,7.876051607680803102e+01,8.779285706979696897e+02,1.399874365155063742e+02,2.612163115508500368e+02,9.654377217299129370e+02,1.361821082321780523e+02,-1.405191546872569575e+01,4.453775861450712910e+02,4.381066074757116553e+02,7.649389519482103594e+01,8.055165870501598420e+02,2.583824181627683458e+00,3.262779428845858476e+00,-6.805967453745326523e+00,5.394728513151701463e+02,3.493187687321257506e-01,4.033787912472637913e+02,2.388732025815188820e+02,-3.102607517243430379e+01,-6.087391406451868603e-01,6.299015137288621418e+02,-2.165619314947363421e+02,4.504831207186893494e+02
1.397602459279665368e+02,4.449915876646553414e+00,1.593209766525428449e+03,5.390551280093274755e+01,-1.517020370792812116e+02,1.245899996585982080e+03,1.762241419716658015e+02,2.042129229363110881e+02,1.316958201387056079e+03,1.106956813441231162e+02,-1.919902550507763976e+02,9.113587795748552480e+02,3.727542016588170668e+02,3.733972547836823992e+02,1.091513455288431942e+03,2.694068622052712954e+02,-1.522781585343751942e+02,6.929801167288571833e+02,5.789905512043811768e+02,3.476724206761916776e+02,9.320771274698441857e+02,-3.567273913293763599e+01,8.530238061829504659e+01,8.721164459469738404e+02,1.375108938913778616e+02,2.685413376141135586e+02,9.585192084030336446e+02,1.398788671204877403e+02,-1.072208323492905890e+01,4.435340399807500944e+02,4.348661909768946998e+02,8.690041910796469438e+01,7.886762720670227509e+02,2.821541229211373736e+00,4.662927966516623890e+00,-7.056030642542743259e+00,5.517777372820559094e+02,2.829064101753501870e+00,3.885077553454231065e+02,2.390971511108555489e+02,-2.948866165635297776e+01,-8.509745497630541999e-01,6.389904918573968189e+02,-2.152601130509608254e+02,4.448957704416547472e+02
1.418036394462677663e+02,7.462060468222952991e+00,1.585619368500455039e+03,5.748873859681892640e+01,-1.471012216322725692e+02,1.237107106862621777e+03,1.773275579848000518e+02,2.081791236638032387e+02,1.309253588975256889e+03,1.074382507304982397e+02,-1.854428283484953397e+02,9.008078554175307318e+02,3.726561110225111975e+02,3.818930267710431394e+02,1.087838611026373201e+03,2.532203880346013989e+02,-1.469224663515894349e+02,6.725544725491035933e+02,5.764292359177435401e+02,3.668043226048252450e+02,9.266050815559184457e+02,-3.686685174290951039e+01,9.152602166501095837e+01,8.661558813652352455e+02,1.351076585543818567e+02,2.758833584764954594e+02,9.515113009468677774e+02,1.436206174269325402e+02,-8.020556921496766023e+00,4.418231190691794268e+02,4.314773005622075743e+02,9.796845087018685660e+01,7.714186057225837203e+02,2.684132418931004960e+00,5.829947226748631195e+00,-7.367837246100515713e+00,5.637656468411482820e+02,6.241160667931571204e+00,3.734610937950085372e+02,2.391248221514819363e+02,-2.794842275627573969e+01,-1.204269550674125666e+00,6.480861118026798522e+02,-2.125053870689132225e+02,4.387017453841918382e+02
1.438262312055798020e+02,1.098153968132095670e+01,1.577628314816561897e+03,6.087869609344021171e+01,-1.423868440644136513e+02,1.227849569301472911e+03,1.783466429714569870e+02,2.123607834556976286e+02,1.301053381319770551e+03,1.036385672132916085e+02,-1.782546291402874488e+02,8.899093198056626761e+02,3.723636366842422376e+02,3.898685645947398370e+02,1.083606181402469247e+03,2.367964036624015307e+02,-1.411208054796604472e+02,6.530679982938438570e+02,5.733682410588020275e+02,3.851239145483992843e+02,9.211654776180047293e+02,-3.781219897005939146e+01,9.751918216807897011e+01,8.600018762768989973e+02,1.328153061618087634e+02,2.833836946911807217e+02,9.444433260717249823e+02,1.474183718060122033e+02,-5.762777593069998261e+00,4.403010728931319022e+02,4.282972035253756644e+02,1.101726669760786734e+02,7.539747906022528241e+02,2.219015453362159551e+00,6.773339027207555318e+00,-7.585123590360694834e+00,5.751838515223719241e+02,1.125649670185911866e+01,3.584747386777911515e+02,2.389357221053224691e+02,-2.663996962380973343e+01,-1.567061778961130525e+00,6.569081968733310077e+02,-2.073598121733654693e+02,4.317739223394405599e+02
1.458170079472554619e+02,1.533270554382369077e+01,1.569150995098622161e+03,6.411797936470388493e+01,-1.373334858013501503e+02,1.218206012960129101e+03,1.793961555977066098e+02,2.170323258471263728e+02,1.292508556026824181e+03,9.945924673552788420e+01,-1.704956489887491387e+02,8.788301392697268284e+02,3.718905651492485731e+02,3.976308622928573868e+02,1.079042453332934201e+03,2.205678648849737726e+02,-1.346224734790547473e+02,6.348290316381961702e+02,5.698084482247890037e+02,4.031020981858133041e+02,9.161414064126666972e+02,-3.833838276535298206e+01,1.034980540471617161e+02,8.536508505447111474e+02,1.306242080217404293e+02,2.912323040004771428e+02,9.373122905735264112e+02,1.512822017646775521e+02,-3.660277644757286453e+00,4.389755327648854859e+02,4.255983723820768319e+02,1.237226677662557819e+02,7.365735250925366699e+02,1.504743774474784912e+00,7.533996564994323464e+00,-7.574865779649601727e+00,5.858417620416985301e+02,1.839103152377586525e+01,3.437716642249530423e+02,2.385659476190243709e+02,-2.570830285654636427e+01,-1.867263578530698132e+00,6.651974415577238915e+02,-1.994010818897040167e+02,4.240872051595617904e+02
1.477753366032128781e+02,2.066885199302076970e+01,1.560208007471215069e+03,6.728140562154224824e+01,-1.317840218152807097e+02,1.208399049375633012e+03,1.806082766848653307e+02,2.224238635881509367e+02,1.283842179929044960e+03,9.504563048243029755e+01,-1.625365210700800276e+02,8.678475765241948920e+02,3.712520251540573213e+02,4.055622711275909182e+02,1.074541633927750809e+03,2.047726007958080459e+02,-1.275178573033570473e+02,6.180342720447263218e+02,5.657595107823323133e+02,4.213314945056642955e+02,9.120621276134507980e+02,-3.839341628341267665e+01,1.097100486582332053e+02,8.471602074423016120e+02,1.284789646431054564e+02,2.995712891916506919e+02,9.300920132189504557e+02,1.551869908485197129e+02,-1.456396702558184097e+00,4.378174885238603906e+02,4.234420029197383428e+02,1.383962531352227074e+02,7.193424489614767481e+02,6.480684153883734533e-01,8.118310564491126868e+00,-7.296013625230862942e+00,5.956396260659734025e+02,2.776590707667126523e+01,3.294849277474190785e+02,2.381052748735544640e+02,-2.517723662665497386e+01,-2.087535142701644197e+00,6.727419341197542053e+02,-1.889705794264602616e+02,4.156581873408516117e+02
1.497583690467840540e+02,2.690916991537798708e+01,1.550940922182056966e+03,7.043468788899097888e+01,-1.257428382378253673e+02,1.198723672100797330e+03,1.820634518948779714e+02,2.286264395418828030e+02,1.275263983923522346e+03,9.052056254798776536e+01,-1.548728239287346469e+02,8.572200747951359290e+02,3.704240217892369174e+02,4.140423211412623345e+02,1.070510213063170795e+03,1.894473866735410468e+02,-1.201308810635970303e+02,6.027492738555368987e+02,5.612563008833475351e+02,4.403106678448890534e+02,9.094524090328433203e+02,-3.807970792056694620e+01,1.163077999746861337e+02,8.406175784496915639e+02,1.263107920430861384e+02,3.084001328680276401e+02,9.227368180324774585e+02,1.590721778062375336e+02,9.917977450962008890e-01,4.367629541751174997e+02,4.216658105269858083e+02,1.536418307543982564e+02,7.022709048853473632e+02,-2.054029307436589513e-01,8.496143166505042643e+00,-6.823602083485735825e+00,6.045607560055350405e+02,3.908533395634108842e+01,3.156199272069075619e+02,2.376753244608969737e+02,-2.498483957821713730e+01,-2.259474245530399994e+00,6.793842180736598948e+02,-1.769705683875265549e+02,4.065153250859140712e+02
1.518956757804137681e+02,3.379234932502896527e+01,1.541507721163827682e+03,7.360803536571471284e+01,-1.193573321932685474e+02,1.189398465482153597e+03,1.837460063184662431e+02,2.355634790311722497e+02,1.266863521595080556e+03,8.596929434942363457e+01,-1.478906524018583468e+02,8.470475328011028751e+02,3.693336556769265826e+02,4.233814625410582835e+02,1.067184522757960622e+03,1.744520560332463504e+02,-1.128667561664215668e+02,5.889284283777080873e+02,5.563539836492046788e+02,4.603607853302113995e+02,9.086907596947215779e+02,-3.759818618417237701e+01,1.232631013430993789e+02,8.340778872570652993e+02,1.240803002062181690e+02,3.175436188893229428e+02,9.151826964602036014e+02,1.628737570284937135e+02,3.703486466976416036e+00,4.357120351986980040e+02,4.199854601842287707e+02,1.688902209583298770e+02,6.852425287443047637e+02,-8.873099838827627206e-01,8.654115406804969268e+00,-6.312358790150421228e+00,6.126424591793528407e+02,5.184328769497749079e+01,3.020716713553347859e+02,2.373936344236568630e+02,-2.504707727572721154e+01,-2.438718121047127596e+00,6.850334971237097079e+02,-1.643243027899899005e+02,3.966995522199860602e+02
1.543417892670508991e+02,4.101294487309463932e+01,1.531951623029026905e+03,7.679286470488263205e+01,-1.128114772399262051e+02,1.180433385046024569e+03,1.855497723701386974e+02,2.430427282620938740e+02,1.258552154954363232e+03,8.140711220293712813e+01,-1.417419956242659111e+02,8.372168843640141631e+02,3.678869575567372294e+02,4.337562544862109348e+02,1.064516905126225538e+03,1.595021609072475428e+02,-1.061278255158762107e+02,5.764438526364289146e+02,5.510915959261204762e+02,4.816375297575627883e+02,9.098966005384750133e+02,-3.713974777142505701e+01,1.303811894596717877e+02,8.275179843327609888e+02,1.218051068444253247e+02,3.267169324158081736e+02,9.073578502828778483e+02,1.665642678058972592e+02,6.622599984850293886e+00,4.345449218405831857e+02,4.181383798571818602e+02,1.838737191350124931e+02,6.681043788097676952e+02,-1.263848367464208700e+00,8.651873983675312019e+00,-5.919423687113506638e+00,6.199372871912246410e+02,6.561174846572004071e+01,2.886668966789132469e+02,2.373375916521836189e+02,-2.529650839365219994e+01,-2.678987784167241593e+00,6.896874312650151069e+02,-1.514406486238163438e+02,3.862605956678137318e+02
1.571857036698899321e+02,4.836383497931281283e+01,1.522164636733204134e+03,7.995402882802726197e+01,-1.062032123363025562e+02,1.171613514372276313e+03,1.873316517124942209e+02,2.508606687014608951e+02,1.250108177422552899e+03,7.675327932061958336e+01,-1.363875642841692013e+02,8.274843449653129710e+02,3.660212937521685603e+02,4.451578891480649531e+02,1.062197675308206726e+03,1.442183416262731441e+02,-1.003082838992813777e+02,5.651181313669795827e+02,5.454473403660991835e+02,5.041556924760996026e+02,9.128649303002449642e+02,-3.679349433103230638e+01,1.374210396383362252e+02,8.208478991443519135e+02,1.195590700931328314e+02,3.356625713266034268e+02,8.992068515481461191e+02,1.701717183340657868e+02,9.694766066405172467e+00,4.331617981870027165e+02,4.159857397581488954e+02,1.987473908955841750e+02,6.507326344632699602e+02,-1.302104776201512770e+00,8.628576598066723946e+00,-5.730066669433203863e+00,6.264742817540441138e+02,8.022406385883279256e+01,2.751884556827505435e+02,2.375241855266052937e+02,-2.567401952187613290e+01,-3.015578933833164665e+00,6.934470806203986513e+02,-1.380151733355096439e+02,3.752255532031995813e+02
1.603780935915514760e+02,5.581534756411042508e+01,1.511988146509330363e+03,8.304431638022674633e+01,-9.947066408567968665e+01,1.162624723767316027e+03,1.889833272558937551e+02,2.589060077261929678e+02,1.241313644245300793e+03,7.184391733079762332e+01,-1.317147241936551154e+02,8.176526232317931999e+02,3.637544369537577040e+02,4.573884490235209341e+02,1.059809539722686623e+03,1.282127310127540341e+02,-9.577937631515918326e+01,5.547702249545382074e+02,5.393230966094604355e+02,5.277932779820553151e+02,9.170888607119356948e+02,-3.652456972176214123e+01,1.442573736956911148e+02,8.139710243461695427e+02,1.174462166280066810e+02,3.442829403345823494e+02,8.907144851501676612e+02,1.737625518283605857e+02,1.293393278381978462e+01,4.315275353654021728e+02,4.135340123185276866e+02,2.139461290231829764e+02,6.330760004735889197e+02,-1.092466392920959484e+00,8.745697306500215262e+00,-5.727753515429227171e+00,6.322351731051445540e+02,9.577269282303014108e+01,2.613707420705792401e+02,2.379137244160909290e+02,-2.609784371870637187e+01,-3.458315094111988230e+00,6.965071652261483450e+02,-1.232577539142721861e+02,3.635531572914292155e+02
1.637333521867439572e+02,6.350393464852573544e+01,1.501376484661416043e+03,8.601312302301892032e+01,-9.239270586069152102e+01,1.153248769905238532e+03,1.904818646207812662e+02,2.672109681472601892e+02,1.232102378479182107e+03,6.649034184990139806e+01,-1.275894132918348873e+02,8.077307830740624013e+02,3.611994271188028165e+02,4.701329908689565968e+02,1.057036786244825635e+03,1.112052250848771848e+02,-9.278086597458650431e+01,5.452718114997894645e+02,5.325750563053593396e+02,5.523093858916349745e+02,9.219068363237043968e+02,-3.622544885587473118e+01,1.509848255464166300e+02,8.068449534934004532e+02,1.155630626642178811e+02,3.526909893796336064e+02,8.819085341628871220e+02,1.773969115864861408e+02,1.644113264458929180e+01,4.296882597190556226e+02,4.108975082598364565e+02,2.298912765250128700e+02,6.151787991796085180e+02,-8.012972363663850572e-01,9.100988224273770300e+00,-5.821056926998074310e+00,6.371598871987333723e+02,1.124922630669719865e+02,2.468988884798677077e+02,2.384330100316261678e+02,-2.645335905746770067e+01,-3.989780791538463323e+00,6.991197826949130558e+02,-1.063446436987376700e+02,3.511088571793947608e+02
1.670140511179702969e+02,7.164998843000793727e+01,1.490495670135817591e+03,8.880970737694781292e+01,-8.465379588304658398e+01,1.143506232798855535e+03,1.918956044333717443e+02,2.759257670642904259e+02,1.222622480856110769e+03,6.054938164394496170e+01,-1.237942244678364148e+02,7.979744538954126938e+02,3.585271409182215621e+02,4.830962806844757438e+02,1.053818632329438969e+03,9.311724220518956940e+01,-9.124168385764579625e+01,5.365948514891174455e+02,5.250689737226764464e+02,5.774144233736665228e+02,9.267471514587341517e+02,-3.579818146579859217e+01,1.578950267600770019e+02,7.994967292376410342e+02,1.139664527965997820e+02,3.611536870251028972e+02,8.728369809184778205e+02,1.810815843331511701e+02,2.035808346288593285e+01,4.277417043324530255e+02,4.082493284377073905e+02,2.467553611290927336e+02,5.971865797789993167e+02,-5.797883678641936323e-01,9.672856786033884546e+00,-5.903162312902154873e+00,6.411766197483995029e+02,1.306697922410379249e+02,2.314575490267348812e+02,2.390040670853159668e+02,-2.662527413657569397e+01,-4.567194762685396370e+00,7.015434855313077378e+02,-8.676332479495468419e+01,3.376821362850918149e+02
1.700480941662031000e+02,8.045551702864202070e+01,1.479679203380678018e+03,9.138592953614939063e+01,-7.594525561156622473e+01,1.133660589287318089e+03,1.933496973251408804e+02,2.852317168025410297e+02,1.213169853063610390e+03,5.395752181605904951e+01,-1.199416522986592497e+02,7.887869107296691027e+02,3.558846506281087727e+02,4.961472090061964195e+02,1.050366295933441961e+03,7.408106653285418020e+01,-9.065965527871445317e+01,5.288286631083302609e+02,5.167198313074870839e+02,6.028737288266768246e+02,9.313543522934634211e+02,-3.521161560253360534e+01,1.653373461378043316e+02,7.919865155509355645e+02,1.126601355656873835e+02,3.699723783125809859e+02,8.635389718713565799e+02,1.847474227480757349e+02,2.477592183465864295e+01,4.257768202939674893e+02,4.057889941144784984e+02,2.644376773047442271e+02,5.793246211561643122e+02,-4.864903779813630758e-01,1.033708420876585343e+01,-5.900909960823300437e+00,6.442279684924162666e+02,1.506655004907787827e+02,2.148386828450709345e+02,2.395639334071935025e+02,-2.655362447080648991e+01,-5.129691714094787969e+00,7.039900055237171728e+02,-6.433515152411237636e+01,3.230347341289273686e+02
1.728060356792600771e+02,9.003638769641649731e+01,1.469270475177402432e+03,9.370196198799318665e+01,-6.606874598820527922e+01,1.124088713321661999e+03,1.949747951596176279e+02,2.952412756752675591e+02,1.204034414354522823e+03,4.671112035953044739e+01,-1.154987256767424100e+02,7.805527235894998057e+02,3.533066088611561213e+02,5.093958256949885026e+02,1.047041304962802542e+03,5.435559748254647161e+01,-9.017529164260015762e+01,5.221560569536907224e+02,5.074959460572780472e+02,6.285763518261785521e+02,9.358595109770674298e+02,-3.450176011415955202e+01,1.735473712528305725e+02,7.843544192480484298e+02,1.116027126552730806e+02,3.793777859374592367e+02,8.540343565691573531e+02,1.882653738003877208e+02,2.965305197476264709e+01,4.238220362106509356e+02,4.037202201823356518e+02,2.827405482547409292e+02,5.618375499624571603e+02,-4.684959424712925591e-01,1.094927260302220873e+01,-5.784128622196178959e+00,6.462661175314350430e+02,1.729962567771655131e+02,1.970570509052266175e+02,2.400694404985966344e+02,-2.627204755117553603e+01,-5.612200619643871846e+00,7.065762476547613460e+02,-3.896636520736523579e+01,3.069504764894633695e+02
1.753930210801009082e+02,1.004164996053800252e+02,1.459459702262727433e+03,9.573459668984769166e+01,-5.500781601447813074e+01,1.115106397887427647e+03,1.968632760498527148e+02,3.059380657259987402e+02,1.195356807537560599e+03,3.882523050362503625e+01,-1.099772035729787092e+02,7.735104204807269070e+02,3.506723280509488063e+02,5.231525972133522373e+02,1.044174297733908361e+03,3.421324899691541788e+01,-8.887177473296280539e+01,5.167964749232637587e+02,4.974032984750412538e+02,6.545155765181261813e+02,9.406473239982433370e+02,-3.372464131050432457e+01,1.825420462802030954e+02,7.765926681784749235e+02,1.107283332107549825e+02,3.894915505789946337e+02,8.443372187672638347e+02,1.914967793300194501e+02,3.479962461198132928e+01,4.218347367869357072e+02,4.022181094635562317e+02,3.015897722978005504e+02,5.448999754515497216e+02,-4.039698922178608376e-01,1.143982510172204314e+01,-5.541880391509060644e+00,6.472218537070244793e+02,1.983444985077591411e+02,1.783901200682650199e+02,2.404924839078018977e+02,-2.589883607484459205e+01,-5.962979269501282431e+00,7.092908390693359024e+02,-1.038641721783442229e+01,2.892693135530979021e+02
1.779667666889996553e+02,1.115693540170320688e+02,1.450214356008767254e+03,9.748558826102751595e+01,-4.294109943687139719e+01,1.106854736845106800e+03,1.990467210016990123e+02,3.171842895349123523e+02,1.187080815406933425e+03,3.032352249470768868e+01,-1.032038257140740427e+02,7.677315917039574060e+02,3.477467228862307138e+02,5.377755336603649994e+02,1.041937437121689072e+03,1.388568606703231012e+01,-8.619676146829785068e+01,5.129419817565343465e+02,4.864769960185913078e+02,6.806956431723597234e+02,9.461162607200028560e+02,-3.290124588710116882e+01,1.921327897754442233e+02,7.686583049071603000e+02,1.099673411905233706e+02,4.003476289658618725e+02,8.344750377102415086e+02,1.943565562552401786e+02,3.995241567713890873e+01,4.197333127044242929e+02,4.013804113147226076e+02,3.211247463858702531e+02,5.285407465311819806e+02,-1.714256292919557889e-01,1.185785866592344284e+01,-5.159218650563139441e+00,6.469808736276165746e+02,2.273981087123576401e+02,1.592934875178799530e+02,2.408166979448196230e+02,-2.558596857741635233e+01,-6.158180007374895126e+00,7.119893422621665877e+02,2.188143972865701059e+01,2.699117906888364473e+02
1.806400897808943000e+02,1.234679359032476640e+02,1.441322175743604021e+03,9.898769620433287741e+01,-3.018638488970685074e+01,1.099297510283648990e+03,2.014969929525615271e+02,3.287868951026540572e+02,1.179016589755567111e+03,2.127844546391280645e+01,-9.549426346841239877e+01,7.631972695144513636e+02,3.442963495953459869e+02,5.534710982149742904e+02,1.040341424572408187e+03,-6.398849266725347817e+00,-8.230667913638733069e+01,5.107201426735056771e+02,4.747835402934705940e+02,7.070403335855462501e+02,9.524978075189286528e+02,-3.199541033698434944e+01,2.020380559628624155e+02,7.605079715693671005e+02,1.092586373336696539e+02,4.119275417250486839e+02,8.244915441255004680e+02,1.968575926107712633e+02,4.491112646212136639e+01,4.174451065578326165e+02,4.011828641426554327e+02,3.416022383700127989e+02,5.126366263465213251e+02,2.967104193648506527e-01,1.233478291183868869e+01,-4.621440956443280790e+00,6.453920787945030497e+02,2.605804200455332875e+02,1.402284425348069306e+02,2.410408244983629231e+02,-2.545940550158790927e+01,-6.206897407871233341e+00,7.144260839720094509e+02,5.829369717415787022e+01,2.489075792571392753e+02
1.834317932706690897e+02,1.361122368904322570e+02,1.432489693395602899e+03,1.003065465631819393e+02,-1.708678952072816415e+01,1.092300303675962596e+03,2.041458855216829988e+02,3.405889704323316778e+02,1.170957151738190305e+03,1.186418476613108020e+01,-8.757915903355798548e+01,7.599053112446828209e+02,3.402164359643596754e+02,5.701505928286554763e+02,1.039335668269097368e+03,-2.634060360547458046e+01,-7.812365338020215688e+01,5.102081326667996564e+02,4.624119687901185216e+02,7.333823843737829975e+02,9.598327833378689320e+02,-3.093797770784279422e+01,2.120286656785441721e+02,7.521258241519723242e+02,1.085540781855591064e+02,4.241717398663521408e+02,8.144312183061746282e+02,1.991078121455488201e+02,4.966531633160300174e+01,4.149407359266878643e+02,4.014691287966587652e+02,3.632102578574304630e+02,4.970023842916147601e+02,9.982517648021638212e-01,1.299193185020319419e+01,-3.939851189116294172e+00,6.422929725217170471e+02,2.978584506009063375e+02,1.215097599788263523e+02,2.411830463581116248e+02,-2.558457779135494548e+01,-6.144455035432072165e+00,7.163078362521839608e+02,9.901226644826843426e+01,2.264264072949717104e+02
1.862911002370383073e+02,1.495301376367683304e+02,1.423429301497290908e+03,1.015355542517346379e+02,-3.874138851615565926e+00,1.085721786183263021e+03,2.069144236421573737e+02,3.525467770045700604e+02,1.162769928893776978e+03,2.359803036040344359e+00,-8.026703994980370283e+01,7.579387340587766175e+02,3.355848587378700358e+02,5.874329624871253372e+02,1.038918814989717703e+03,-4.555134516231283470e+01,-7.499671418815692903e+01,5.114936593316517133e+02,4.494405143939732739e+02,7.595543974293951806e+02,9.680643809068452583e+02,-2.967304920477169006e+01,2.220328464112361360e+02,7.435323111129322342e+02,1.078215930711108825e+02,4.369695592925900200e+02,8.043258669767772062e+02,2.012520604914392379e+02,5.443670064179026724e+01,4.122440737944376110e+02,4.019913108019223955e+02,3.859529200085863181e+02,4.815431640629523713e+02,1.876659960519907022e+00,1.385199881277689649e+01,-3.167480350808677514e+00,6.375108056472848830e+02,3.387909711152880732e+02,1.032756096363124669e+02,2.412756630414768608e+02,-2.596683135101126183e+01,-6.017790277187433645e+00,7.173331967704400540e+02,1.438270911017198159e+02,2.027906430540681129e+02
1.891666187361092284e+02,1.637656909357769734e+02,1.413915765456660210e+03,1.027802178948027318e+02,9.439438373945199245e+00,1.079467477555221421e+03,2.097412974620836508e+02,3.647608675696488376e+02,1.154423420121491290e+03,-6.925269247032726838e+00,-7.400269979993872482e+01,7.574645891068744277e+02,3.306023977721236520e+02,6.048185495014583921e+02,1.039173334170687667e+03,-6.364432478878936195e+01,-7.406633743178927887e+01,5.147435255016345081e+02,4.359039247816116927e+02,7.855225526035055736e+02,9.771285624483887204e+02,-2.818334471929808061e+01,2.321582911316383218e+02,7.347830130129934787e+02,1.070528865182021292e+02,4.501628080118784396e+02,7.942038730896771312e+02,2.033833509535188568e+02,5.960412237382713840e+01,4.094256916375869650e+02,4.024878674147155948e+02,4.097029296973560690e+02,4.663832018305963629e+02,2.846408781403286792e+00,1.481082357170380170e+01,-2.380763875788213468e+00,6.308196981960816174e+02,3.828053089926755206e+02,8.559397981184866921e+01,2.413468894047010735e+02,-2.656898943035357874e+01,-5.870531015687542542e+00,7.171909621434700739e+02,1.923415925694265525e+02,1.784485179317006214e+02
1.920604088486598471e+02,1.788669204468649809e+02,1.403835595466495761e+03,1.041307619436325353e+02,2.309360806958920875e+01,1.073503375564842145e+03,2.126007944157547342e+02,3.774450832352985685e+02,1.145964235500402310e+03,-1.576210615601440246e+01,-6.857793081159843496e+01,7.586790336458392403e+02,3.254610455126547777e+02,6.219557678216945078e+02,1.040209090163156816e+03,-8.037833807230296657e+01,-7.565056361473065749e+01,5.202244960514620971e+02,4.218077773599731586e+02,8.114595012952200932e+02,9.869612439186970505e+02,-2.646909676699176117e+01,2.426335010543804174e+02,7.259695380570732368e+02,1.062734769082790223e+02,4.635924959950103812e+02,7.841164299385641243e+02,2.054747396154319574e+02,6.554753038635936946e+01,4.065896123736615095e+02,4.027640238532776493e+02,4.343840882615730834e+02,4.518848973646202012e+02,3.812813967409478533e+00,1.568977271991507116e+01,-1.635844124855188042e+00,6.218875023049631636e+02,4.295163254358930089e+02,6.861737200905754719e+01,2.414010372628809762e+02,-2.732049843324200111e+01,-5.733971725672388331e+00,7.155337349269437937e+02,2.442627331018943551e+02,1.539097085192364034e+02
1.950242415988468565e+02,1.948720303876922344e+02,1.393244269665264483e+03,1.056305530696335779e+02,3.751247994098751093e+01,1.067854381265043230e+03,2.155049468897236125e+02,3.908389556829583285e+02,1.137484718079430650e+03,-2.406728057399825360e+01,-6.319172077508236640e+01,7.617368512745488260e+02,3.202360664490638555e+02,6.388443847833945028e+02,1.042069251130793646e+03,-9.573894047792158801e+01,-7.903612412380928731e+01,5.282421807456496481e+02,4.072011879245510499e+02,8.376799145193333516e+02,9.974394784928532545e+02,-2.449627686912526059e+01,2.537038534817637299e+02,7.172193761551085345e+02,1.055450402926054210e+02,4.771765458318362789e+02,7.741473098083802142e+02,2.073830370693357850e+02,7.249637078976556381e+01,4.038527227135829776e+02,4.027406350287020018e+02,4.601414532482864956e+02,4.385297281880370406e+02,4.686033776079939095e+00,1.634024100605624241e+01,-9.341650184618490727e-01,6.102759368637900934e+02,4.788624837574066646e+02,5.266275826520773506e+01,2.414166246238628730e+02,-2.811216428959933822e+01,-5.625117208437698579e+00,7.119763809545462436e+02,2.995581643922056969e+02,1.296724830964353430e+02
1.981055980334510878e+02,2.117879735304786379e+02,1.382403991595832167e+03,1.072572093290916229e+02,5.315397376734973989e+01,1.062604932459636302e+03,2.184912686759738278e+02,4.050983986081243984e+02,1.129105438864615053e+03,-3.187062498560671386e+01,-5.685601482681334318e+01,7.667005665303119031e+02,3.148726726496536230e+02,6.558371109646498098e+02,1.044664071215123386e+03,-1.098812649803860353e+02,-8.286015868273112517e+01,5.390175478409115613e+02,3.922513409468427312e+02,8.644537553327988917e+02,1.008330793811913054e+03,-2.216039794338504620e+01,2.655275003736450117e+02,7.086803856080078958e+02,1.049515795571847860e+02,4.909651046890631392e+02,7.643766045543711698e+02,2.089384285957606835e+02,8.045992709298018042e+01,4.013099794021289313e+02,4.024554690906189194e+02,4.873543479610568738e+02,4.267116069658795254e+02,5.396268013682324671e+00,1.673672176728753058e+01,-2.271790272728397009e-01,5.955274317694685351e+02,5.309533423234925067e+02,3.815683695084876348e+01,2.413725599462029265e+02,-2.879936454129477852e+01,-5.548739206917631783e+00,7.061474599611805161e+02,3.583555557802064868e+02,1.061808468571553163e+02
2.012930805882346021e+02,2.295678298573517111e+02,1.371752029934550137e+03,1.089332085304451709e+02,7.032986850749506402e+01,1.057896174369460823e+03,2.216027045615763598e+02,4.202242295415023250e+02,1.120965669986015655e+03,-3.921358534758462611e+01,-4.892302970213866331e+01,7.735321759016341048e+02,3.092580027649200360e+02,6.734279353821714267e+02,1.047760545340870749e+03,-1.229710009619607547e+02,-8.588884056747318141e+01,5.525751856742796235e+02,3.772361617946880870e+02,8.918098714147433839e+02,1.019299433773725809e+03,-1.930523039266701346e+01,2.781097383863370851e+02,7.004843652333726141e+02,1.045714939129576919e+02,5.051215622905131113e+02,7.548098674630278992e+02,2.100760237793426768e+02,8.925987054708318169e+01,3.989876963205373386e+02,4.020200048861968867e+02,5.164537622389824492e+02,4.165466479036181227e+02,5.910756594817513587e+00,1.699658095465269625e+01,5.410790620298253639e-01,5.773059073484282635e+02,5.857088014724741925e+02,2.549623128913495407e+01,2.412877257981038497e+02,-2.924348988787037129e+01,-5.500171138180554031e+00,6.977599933258608189e+02,4.206553850767467679e+02,8.383448294222638708e+01
2.045091708349044666e+02,2.481093086100843834e+02,1.361778110779129747e+03,1.105677231865269050e+02,8.906855800206979268e+01,1.053902928610927120e+03,2.248682604090306825e+02,4.360807723227478618e+02,1.113200545746630951e+03,-4.605965519343931902e+01,-3.942168172644200297e+01,7.821390047916739832e+02,3.033107455630059803e+02,6.919659478953258258e+02,1.051016542405561950e+03,-1.350355720695624200e+02,-8.770149402351236745e+01,5.687263707742984025e+02,3.624311540925157828e+02,9.194703519079138232e+02,1.029953249067110846e+03,-1.579622019573677782e+01,2.913013708550396927e+02,6.927050878117030379e+02,1.044478130678295855e+02,5.198281378702138227e+02,7.453270280579737346e+02,2.109270293070451601e+02,9.862519885670535302e+01,3.968049554657921476e+02,4.015462415216223349e+02,5.476513254027885296e+02,4.078030011442910450e+02,6.242988108028873384e+00,1.730799674118845033e+01,1.384750949422662636e+00,5.555146606059521446e+02,6.425036975640050514e+02,1.493491868885308804e+01,2.412392803579878375e+02,-2.939162463230128708e+01,-5.468300587367121324e+00,6.866335968377334211e+02,4.860566105709897897e+02,6.304327292309355357e+01
2.076567031649016712e+02,2.672931157927545769e+02,1.352849854067720116e+03,1.121096021895780694e+02,1.090809071467996034e+02,1.050785450715480920e+03,2.282921970378146170e+02,4.525061404852687019e+02,1.105897835722885475e+03,-5.227849632139680836e+01,-2.900267961530730432e+01,7.924657441288097743e+02,2.970308407906655930e+02,7.114864992495442948e+02,1.054042976763543948e+03,-1.459111123191440811e+02,-8.882271427518658413e+01,5.871714750154163767e+02,3.479675344116828342e+02,9.469823838375243668e+02,1.039885987952517553e+03,-1.160559806149751338e+01,3.048675659413343055e+02,6.853364800880443681e+02,1.045710075934896963e+02,5.351761912962870156e+02,7.357052018346065552e+02,2.118034292861671588e+02,1.082911611765487834e+02,3.945702014259544512e+02,4.010643204420262009e+02,5.807643684012615495e+02,3.999993463673521887e+02,6.444140402396028477e+00,1.780846073354471670e+01,2.255878857698934148e+00,5.303282156232229454e+02,7.000395246012727739e+02,6.571819938533266736e+00,2.413331121700841493e+02,-2.934911600952521127e+01,-5.440124415216094356e+00,6.726376708540216214e+02,5.536788740928410562e+02,4.428391625400257681e+01
2.106813507254115621e+02,2.870530842127565734e+02,1.345069548062333752e+03,1.135787235274695632e+02,1.298545260266398884e+02,1.048633922611638354e+03,2.318565976114812202e+02,4.694520979534435696e+02,1.099055347203282281e+03,-5.769950144021569827e+01,-1.853084904335758409e+01,8.045911254305551665e+02,2.905008776190053368e+02,7.317618827340475036e+02,1.056497518120348104e+03,-1.552835309139921378e+02,-9.021563870618179237e+01,6.076561313705652765e+02,3.337815309789072558e+02,9.739836249088385784e+02,1.048708465693915286e+03,-6.850943993697899081e+00,3.186088855635035202e+02,6.783036035682200691e+02,1.048832132587895671e+02,5.511227041381392837e+02,7.257177865550219167e+02,2.130758681739507949e+02,1.180718745229254125e+02,3.920238463286681849e+02,4.004576180686708540e+02,6.152672543859040388e+02,3.926332475166355493e+02,6.579031740034356091e+00,1.849412417818391319e+01,3.066566389112217017e+00,5.021314566351294388e+02,7.565513951296336472e+02,4.097106941796386237e-01,2.416366309221732820e+02,-2.937951529847932619e+01,-5.407140189939480202e+00,6.556035105093861830e+02,6.223386421354499589e+02,2.809550284906034534e+01
2.136005533850860161e+02,3.074399258445897658e+02,1.338238466991621181e+03,1.150502971059130175e+02,1.508575499299566900e+02,1.047436781138877905e+03,2.355351916573546589e+02,4.870642492995429507e+02,1.092574151268852802e+03,-6.218582815832329658e+01,-8.564822598293067912e+00,8.187621921250979540e+02,2.838618137081389818e+02,7.525124699988300563e+02,1.058216296635525623e+03,-1.627651776804560768e+02,-9.248360073901258716e+01,6.300681644975410336e+02,3.197110228342228879e+02,1.000438333750676520e+03,1.056117016704358321e+03,-1.753105048820805756e+00,3.324908503524839603e+02,6.714946857994018501e+02,1.053043640248866808e+02,5.675545776334521406e+02,7.152508947178536118e+02,2.150148209528579741e+02,1.279149763921753618e+02,3.889079219217213677e+02,3.994452840723841405e+02,6.505522805065438661e+02,3.854244043377665889e+02,6.703266148506011213e+00,1.922582497427990234e+01,3.737508477006945995e+00,4.714114660874714673e+02,8.102887716954209054e+02,-3.605011308471016029e+00,2.421201959154853398e+02,-2.979749836863726742e+01,-5.371211373844136716e+00,6.352943673080714007e+02,6.908924574777902308e+02,1.497043981275552937e+01
2.164759150646606258e+02,3.286313913613588511e+02,1.331950741201809251e+03,1.165928407475021231e+02,1.717894848470538420e+02,1.047095561979208696e+03,2.393079807999405659e+02,5.056453204802469941e+02,1.086306356235372505e+03,-6.568891119435396320e+01,9.982674161642466348e-01,8.353196947148973095e+02,2.772804115384250849e+02,7.736118347306064607e+02,1.059350843692289573e+03,-1.679631395350739638e+02,-9.530185816555446365e+01,6.544043775992116707e+02,3.056800272023888851e+02,1.026685413506600980e+03,1.062032683148991737e+03,3.472287887109441584e+00,3.467220677251956431e+02,6.647913680062533786e+02,1.057735661439325270e+02,5.844262830424838739e+02,7.043614479268036348e+02,2.176896403060500802e+02,1.379527901668789980e+02,3.850252720703987279e+02,3.976328499695063101e+02,6.862523665499190884e+02,3.784413645390246757e+02,6.860372481453370419e+00,1.983487569157417951e+01,4.240806064025585798e+00,4.386572610822286720e+02,8.600707568780993597e+02,-5.612571613351005517e+00,2.426555367760502691e+02,-3.079126524690221700e+01,-5.346433872329538595e+00,6.114803981298379085e+02,7.585791519182293996e+02,5.165542574320361346e+00
2.193492123683060981e+02,3.508646711141772130e+02,1.325773175642568958e+03,1.181910001491145010e+02,1.927839229332597313e+02,1.047483691638638902e+03,2.431630365574679615e+02,5.255148989331296434e+02,1.080139854641058491e+03,-6.827868490671674806e+01,1.095987508421225165e+01,8.545386919632595664e+02,2.709097393320522542e+02,7.951451418021628115e+02,1.060427295512308092e+03,-1.705388624781969327e+02,-9.741349337455932300e+01,6.806395064610960617e+02,2.918426582932681299e+02,1.053254716114373423e+03,1.066746547434172498e+03,8.734495801440289142e+00,3.617284905962519588e+02,6.580861469578295555e+02,1.062936114214446803e+02,6.018789121936629272e+02,6.932437802210473592e+02,2.209811581216745822e+02,1.485324685650301149e+02,3.802591521649885067e+02,3.946220692934070939e+02,7.224461794817038935e+02,3.720425029662801535e+02,7.102424700730328944e+00,2.026068410055466984e+01,4.611169927670903057e+00,4.042950204878927707e+02,9.056723236260727390e+02,-5.898797422382981104e+00,2.430823445102108735e+02,-3.227436202994353920e+01,-5.355598757972462209e+00,5.840738991050936875e+02,8.252004303879723466e+02,-1.467274344255104834e+00
2.221879174055475232e+02,3.743138494943444812e+02,1.319428255087065736e+03,1.196975558857165822e+02,2.144645356858212892e+02,1.048519723965438288e+03,2.470776959161799766e+02,5.468433607593121906e+02,1.074075713791457019e+03,-7.015964681821415638e+01,2.256556629261569924e+01,8.764754445521699608e+02,2.648438879022280048e+02,8.173106247219596980e+02,1.062247863464857801e+03,-1.702688055007210437e+02,-9.714634931832327425e+01,7.086088835841155742e+02,2.785866406472128460e+02,1.080566742075877528e+03,1.070923906740313214e+03,1.413470069022057451e+01,3.780130477723926106e+02,6.512942065906217977e+02,1.069615816330940703e+02,6.202537084889544303e+02,6.821358983215710623e+02,2.246892414859654252e+02,1.601783413894756336e+02,3.745510232243591418e+02,3.901338969584868437e+02,7.596365385014747744e+02,3.666702387030856016e+02,7.515521496839187243e+00,2.062594520945945575e+01,4.922341237505040823e+00,3.686628359705971434e+02,9.478575200373214784e+02,-4.900635118961957026e+00,2.433058795655198594e+02,-3.386959765380826326e+01,-5.423613519601855337e+00,5.532259226468805764e+02,8.910492868513282474e+02,-5.517615889645617777e+00
2.248737421995149361e+02,3.989782576471366724e+02,1.312901942706843101e+03,1.208425399574955037e+02,2.377979166734646697e+02,1.050213802823789365e+03,2.509832504131552753e+02,5.695548774253600186e+02,1.068256971397590405e+03,-7.166605709326451290e+01,3.710888179831221834e+01,9.009112984028569144e+02,2.590811975725115417e+02,8.402772125876797418e+02,1.065633864183420656e+03,-1.670877061545529330e+02,-9.311305858772068689e+01,7.380026807413881897e+02,2.663878529267326485e+02,1.108720839082105385e+03,1.075362784580218431e+03,1.994403685689958650e+01,3.959496649100013883e+02,6.443696896403820347e+02,1.079659334740564844e+02,6.399768904345690999e+02,6.712304245766373469e+02,2.286593399627946326e+02,1.734582860467335479e+02,3.678569261244806512e+02,3.840830475446020387e+02,7.985097664107707942e+02,3.626230455217167901e+02,8.222260226254210380e+00,2.119757729371963961e+01,5.249641713470095006e+00,3.320353148395555536e+02,9.880123109026467318e+02,-3.127956707918002621e+00,2.433651396981257449e+02,-3.505576669220852892e+01,-5.572203351195454069e+00,5.193216867489213655e+02,9.565926867818249093e+02,-7.876483355464362290e+00
2.272302029963097141e+02,4.246545940298565256e+02,1.306437807174571162e+03,1.212931772684483605e+02,2.637708255322781383e+02,1.052659448246984311e+03,2.547289757109410004e+02,5.933539720619974105e+02,1.062935460245272452e+03,-7.321393488043557340e+01,5.556731428922572036e+01,9.274106590723848740e+02,2.535125305484346256e+02,8.641294928342364301e+02,1.071110817999638584e+03,-1.610816130406971638e+02,-8.470698270757786474e+01,7.684747731499485326e+02,2.555830217824504302e+02,1.137523835822134970e+03,1.080564223502999539e+03,2.650569736726037107e+01,4.156013406645720920e+02,6.373224748179263770e+02,1.095373489547122574e+02,6.613703595484454354e+02,6.606375364955574696e+02,2.328487641128899668e+02,1.887911614233400428e+02,3.601057715631190490e+02,3.765647484927503683e+02,8.395887923820971537e+02,3.599336388909619018e+02,9.349326367466103349e+00,2.226268195346746026e+01,5.649240801717709815e+00,2.947183793550971700e+02,1.027498609755780080e+03,-1.056966546943059804e+00,2.434287610584919719e+02,-3.540655375153523465e+01,-5.818202013859945509e+00,4.829010426667715592e+02,1.022021759297101426e+03,-9.479919663510013805e+00
2.290599305440149180e+02,4.510268640036096031e+02,1.300430834945703282e+03,1.207340602022309639e+02,2.930151020864191196e+02,1.055973791572981327e+03,2.580683995540894671e+02,6.178619266110421222e+02,1.058395268796304890e+03,-7.520648075075249039e+01,7.839457753966543407e+01,9.554235405186852859e+02,2.479302430054534057e+02,8.889430974533817107e+02,1.078678612873193288e+03,-1.524269525798034977e+02,-7.218038610222347984e+01,7.997762249068167648e+02,2.461412319485726812e+02,1.166744829656921411e+03,1.086324855209791622e+03,3.412042138203211294e+01,4.366505360208857951e+02,6.302188940386313334e+02,1.118613165062559034e+02,6.844894836424232381e+02,6.504003139087456020e+02,2.373002678442239244e+02,2.062934202082600166e+02,3.511711638318091104e+02,3.677560349843159315e+02,8.829446294606597121e+02,3.583991105611695502e+02,1.098030708504125741e+01,2.400690467208836409e+01,6.173491870065515030e+00,2.572073954447552069e+02,1.066987943295992636e+03,9.166702793488648027e-01,2.437211081580753955e+02,-3.479078144154861008e+01,-6.173262167755531493e+00,4.445849245219690715e+02,1.086869367528572411e+03,-1.106715495175259534e+01
2.301715479528988340e+02,4.778441512092104517e+02,1.295273448263806358e+03,1.189380998116789527e+02,3.255588306089164803e+02,1.060214827137373959e+03,2.606883827696596541e+02,6.427986911356591690e+02,1.054870067715450887e+03,-7.793341838605714145e+01,1.055157368201915062e+02,9.843329445165556990e+02,2.420288634618853223e+02,9.149224857783121934e+02,1.087763154343977931e+03,-1.413120145356854493e+02,-5.634085487245334178e+01,8.318100565862604299e+02,2.374893867614196949e+02,1.196417607060644968e+03,1.091574571478980715e+03,4.298829558034827869e+01,4.584939123700393111e+02,6.231549000769462054e+02,1.149858709666438585e+02,7.090828798068375818e+02,6.405285270371412025e+02,2.420500428606171397e+02,2.257649402268337724e+02,3.408592669522093388e+02,3.577655910162200712e+02,9.281011015856515769e+02,3.577013347278004858e+02,1.313435719964039805e+01,2.647713802287316653e+01,6.916177094580261198e+00,2.203439204183241316e+02,1.106064184252591758e+03,2.424540059292964234e+00,2.444234756466074145e+02,-3.342315753943186252e+01,-6.640757240756029134e+00,4.050672590474143817e+02,1.149896525502006853e+03,-1.307863179893686478e+01
2.304012752798257111e+02,5.051020044416506494e+02,1.291219329261537268e+03,1.158145681128466862e+02,3.608459871108099719e+02,1.065305090165306183e+03,2.622835518167389068e+02,6.681367102769124813e+02,1.052490045139617678e+03,-8.152908009049725990e+01,1.364946632734124421e+02,1.013394357907642075e+03,2.353688413864819324e+02,9.424861355488887966e+02,1.097347459832251161e+03,-1.278849244971485604e+02,-3.807146195682416590e+01,8.645766985709740311e+02,2.284324954553260625e+02,1.226965873093453865e+03,1.094537132876494070e+03,5.324491162290750879e+01,4.804987378587316016e+02,6.162105333324861931e+02,1.187691590480256565e+02,7.347103627331370035e+02,6.310192407504774792e+02,2.470302386807122161e+02,2.468456177590261973e+02,3.289179468263195645e+02,3.464800837569852661e+02,9.741622771341736780e+02,3.575063385277936163e+02,1.580004746460367038e+01,2.965301086396888053e+01,8.056985053450505418e+00,1.853712256013934621e+02,1.143279260229004421e+03,3.015177590702586841e+00,2.456090196330491153e+02,-3.173759695283806792e+01,-7.210624610892888420e+00,3.651677536838265041e+02,1.209329469478005649e+03,-1.574160264128244258e+01
2.296406208398654485e+02,5.331298222887984366e+02,1.288316964828111168e+03,1.114309958830698406e+02,3.980327304042691026e+02,1.070973077473116064e+03,2.626461183696425792e+02,6.941780306740822653e+02,1.051274646497223330e+03,-8.602541192243556623e+01,1.707792781661389085e+02,1.041600482308699839e+03,2.273051975984416799e+02,9.722245285579617757e+02,1.106193228922508297e+03,-1.122474257810468430e+02,-1.789490722169841419e+01,8.980729154997067099e+02,2.172184246626138133e+02,1.259031242965225147e+03,1.093105527304769794e+03,6.506349683928461047e+01,5.023529176574698454e+02,6.094110543471645087e+02,1.228965007405910654e+02,7.609678777318490575e+02,6.218592548160290789e+02,2.520188900064177631e+02,2.692761240347920193e+02,3.150782698076524753e+02,3.334636701572299557e+02,1.020073465560019145e+03,3.574712985076443488e+02,1.901859400927343557e+01,3.358724295470567967e+01,9.867133796211049912e+00,1.538185233951500379e+02,1.176655717509246188e+03,2.080125664994107559e+00,2.472490455483369090e+02,-3.014695975464020350e+01,-7.862223543452532937e+00,3.258932108436770818e+02,1.263352133102398966e+03,-1.928245911283373459e+01
2.278597857275779859e+02,5.625271225531606660e+02,1.286431323445757471e+03,1.060056141615220611e+02,4.364035043308731474e+02,1.076711773046659573e+03,2.617136695364557113e+02,7.215426768524705494e+02,1.051159551771678935e+03,-9.146470080970169647e+01,2.078928022784988627e+02,1.067567188093087680e+03,2.169229176763330997e+02,1.004735507715294943e+03,1.113035131716233309e+03,-9.448431858805329853e+01,4.296344636949775087e+00,9.322411025871035690e+02,2.017936282662795691e+02,1.293063355458765955e+03,1.085244225132375959e+03,7.874076994730404522e+01,5.243760700635393732e+02,6.027160471439277671e+02,1.269620099737349932e+02,7.877004212103649934e+02,6.130231301415192320e+02,2.566573476410822536e+02,2.931278601260746086e+02,2.991339361756909057e+02,3.179734615095005097e+02,1.064876386525334510e+03,3.571739518919569605e+02,2.297702272960135161e+01,3.854007070879835339e+01,1.265662841493136881e+01,1.272274904862047578e+02,1.204452954345751550e+03,-1.109952879633133493e+00,2.492856215760752434e+02,-2.880258553374416763e+01,-8.587464953030297110e+00,2.884522242497802722e+02,1.310646177177612344e+03,-2.412617322408949860e+01
2.250956658795471981e+02,5.939677078108909427e+02,1.285331410997473995e+03,9.986771246050389550e+01,4.756628688793541073e+02,1.081763988999429102e+03,2.595229753153143974e+02,7.510828509266339097e+02,1.052026076603838192e+03,-9.797124027753250175e+01,2.474500484849857003e+02,1.089538947352142031e+03,2.030436322342874575e+02,1.040393109960446509e+03,1.116669862460141530e+03,-7.470307977059145799e+01,2.932133689920508957e+01,9.670111203268736517e+02,1.802477593617557829e+02,1.328863095788306737e+03,1.069297359071922301e+03,9.468260847162115112e+01,5.476292304860846798e+02,5.960368500065367243e+02,1.305758864403046005e+02,8.150818780219880182e+02,6.044751638064207100e+02,2.605224797140505189e+02,3.188663606664031249e+02,2.810457224298751271e+02,2.991349061275030863e+02,1.107861669490850318e+03,3.560403542929896616e+02,2.805717386800172264e+01,4.503378763005514429e+01,1.668165069662652655e+01,1.068159239204495208e+02,1.225915518721765466e+03,-7.254524850732952501e+00,2.517227016011516696e+02,-2.745726332460156982e+01,-9.433167477821324809e+00,2.541943944233389914e+02,1.350782176307839791e+03,-3.094111793183657966e+01
2.213864838389627323e+02,6.279561888154734106e+02,1.284791367641507122e+03,9.339579558262300907e+01,5.159230252954134812e+02,1.085163572652233825e+03,2.560647802869169709e+02,7.837430031174482110e+02,1.053700497675979705e+03,-1.056722941087479626e+02,2.889541662536641979e+02,1.105558531628534183e+03,1.843558895374306417e+02,1.079109929413854161e+03,1.115941742686296720e+03,-5.306523185239902318e+01,5.860674540360745510e+01,1.002376100658283121e+03,1.513587541462290176e+02,1.365287218644183440e+03,1.044196867550509978e+03,1.132614244240569121e+02,5.737111303250145511e+02,5.892649911734793022e+02,1.334448086644468674e+02,8.435108625292195939e+02,5.961679121729108601e+02,2.632247012207646435e+02,3.471804307477121370e+02,2.610404326155510830e+02,2.762543604523272620e+02,1.148602092617499238e+03,3.533466890150458539e+02,3.479575977306879508e+01,5.378049509411223283e+01,2.206408888630600984e+01,9.319661626306316293e+01,1.241710031662333904e+03,-1.681840205039179637e+01,2.546673204275092814e+02,-2.548502718458968985e+01,-1.054012341413582732e+01,2.244661693354673559e+02,1.384349669164853140e+03,-4.046602941993452873e+01
2.166786161680136615e+02,6.646344325432971800e+02,1.284648583089925751e+03,8.696386896791742060e+01,5.573968782759710621e+02,1.085860085269087676e+03,2.510971288640732553e+02,8.203758646127267866e+02,1.055908171941580576e+03,-1.144211706813398877e+02,3.314602046186488451e+02,1.113771511793936043e+03,1.596760121733811104e+02,1.120139555764911847e+03,1.109693463220415197e+03,-2.982305740091857515e+01,9.388195224547948214e+01,1.038378904142868578e+03,1.150733910055809872e+02,1.400244799326032989e+03,1.009606902930379533e+03,1.345958549544729692e+02,6.042701309030944685e+02,5.822938989864948098e+02,1.353869456949159655e+02,8.733727984717062327e+02,5.880266777906201696e+02,2.645041717852819261e+02,3.786190211331768296e+02,2.396718195923915005e+02,2.491517397086975336e+02,1.186896590910519308e+03,3.483256697644843598e+02,4.374417911164857742e+01,6.548359588684517973e+01,2.877665913297398603e+01,8.623022334657065358e+01,1.253831113454356000e+03,-2.985580019713189159e+01,2.582696584606566717e+02,-2.205053450932454950e+01,-1.214472470719514341e+01,2.003844458636666843e+02,1.412790731511930062e+03,-5.317341903278445869e+01
2.107638508939645305e+02,7.036949378617600814e+02,1.284786765473926835e+03,8.093632198667680200e+01,6.000019194864728433e+02,1.082921018290062648e+03,2.440100526317090726e+02,8.615182747532003305e+02,1.058191232936082315e+03,-1.233768162846932057e+02,3.733216729224865276e+02,1.112787534151631917e+03,1.282888829633831449e+02,1.161963080795478390e+03,1.096761787051872034e+03,-5.410178429943446332e+00,1.366732422067124162e+02,1.074916745409371742e+03,7.274310561928794527e+01,1.430998575525338310e+03,9.659915079501807895e+02,1.583542444889058629e+02,6.404274640058511068e+02,5.750283666796972284e+02,1.362773887064090843e+02,9.047898719033870520e+02,5.799251219930846446e+02,2.643082778291009163e+02,4.131850794930993516e+02,2.178236267555819268e+02,2.183462573801693054e+02,1.222655201753041865e+03,3.403578129741390512e+02,5.526645934249480518e+01,8.057342228157868647e+01,3.670903310204869996e+01,8.503709761685038870e+01,1.264938539600965214e+03,-4.592550753320958279e+01,2.625645582746492437e+02,-1.636881295656283797e+01,-1.451952557745622308e+01,1.825595957591370393e+02,1.437962397656037638e+03,-6.891958242632132681e+01
2.032926412041103674e+02,7.444039853409118450e+02,1.285053287154103145e+03,7.573535584255729702e+01,6.431472308242906593e+02,1.075762293622881089e+03,2.338176597072923357e+02,9.071475002446819644e+02,1.059820756453309741e+03,-1.305826988231336543e+02,4.122830772295454835e+02,1.102028600334919020e+03,9.027114539010662497e+01,1.202310072241073385e+03,1.076055890031509080e+03,1.938321530182752994e+01,1.876823640451067945e+02,1.111388095439356675e+03,2.699757422355586201e+01,1.454682086109975444e+03,9.145378003720089737e+02,1.836767130845561269e+02,6.823837028823567152e+02,5.673881524543711521e+02,1.359563954107914583e+02,9.374800089274623360e+02,5.716773194072474098e+02,2.628444141194268013e+02,4.500876820408277581e+02,1.966469588941199049e+02,1.849871993325623691e+02,1.255753280597255298e+03,3.291958138587842768e+02,6.935687854143353093e+01,9.898341494693218579e+01,4.577631315629506759e+01,8.816596383171311402e+01,1.277357614446751995e+03,-6.412092747724436492e+01,2.672835331743917777e+02,-7.961362634653609049e+00,-1.785930085324022798e+01,1.708672491410732732e+02,1.461537233668359931e+03,-8.675863180786340934e+01
1.938634503881219757e+02,7.857125163405897865e+02,1.285159141511486041e+03,7.196298566705907263e+01,6.858666130687411169e+02,1.064337431420099165e+03,2.192988095248449554e+02,9.564783127743294244e+02,1.059752998419830419e+03,-1.327293599006396221e+02,4.460860936622667623e+02,1.082037255082535012e+03,4.668014512277067496e+01,1.238361098428902324e+03,1.046708488168997064e+03,4.323206216293186799e+01,2.462404469611200568e+02,1.146335590627084230e+03,-1.874393480049657867e+01,1.468896708737764129e+03,8.569032023590584686e+02,2.092562351450530969e+02,7.293934401232403388e+02,5.593168072548744476e+02,1.341532665070038775e+02,9.707770224980738476e+02,5.630756377430180919e+02,2.606031408146596391e+02,4.878075805940566738e+02,1.774262467196970761e+02,1.505684733700703077e+02,1.285910342172098126e+03,3.151523335497710718e+02,8.556712755211309229e+01,1.200709889671991704e+02,5.599842759878165310e+01,9.390248570480770240e+01,1.292195381591243404e+03,-8.320352391533967307e+01,2.717466160930397336e+02,3.192612231576380299e+00,-2.215388500894365720e+01,1.644139259112998559e+02,1.484447702632484834e+03,-1.050420729678453426e+02
1.821523749192706418e+02,8.264401853760568883e+02,1.284627018937621415e+03,7.051071051382264443e+01,7.272487917585405057e+02,1.049230022600578877e+03,1.992537426311270679e+02,1.007890010966808291e+03,1.056688149879817274e+03,-1.252802042408937240e+02,4.735270478744590719e+02,1.054721776282093060e+03,-4.826999373642559821e-01,1.267145400719843337e+03,1.008279372627267662e+03,6.433213485931031528e+01,3.100777059440744665e+02,1.177305029246524327e+03,-6.099147944790696130e+01,1.472259861256750128e+03,7.948852354314681179e+02,2.335511655926252104e+02,7.800864525749279892e+02,5.508047364866528142e+02,1.304745071114551536e+02,1.003774681874359999e+03,5.539836291656067715e+02,2.583341613179932210e+02,5.244882349675152682e+02,1.613727777895960287e+02,1.165942667823579910e+02,1.312672490488333551e+03,2.991717098126887890e+02,1.030932708425657154e+02,1.427292603808509455e+02,6.748949884591047521e+01,1.006575485382898592e+02,1.309015330415528297e+03,-1.018019318624210428e+02,2.749254845073371598e+02,1.667852135570846528e+01,-2.710857642918728061e+01,1.617799517315040418e+02,1.506610608580458802e+03,-1.218064581784783798e+02
1.680423010950719913e+02,8.655220520403582896e+02,1.282835060943467170e+03,7.256016498956236660e+01,7.669409651570774713e+02,1.031627627537242461e+03,1.728208720679591863e+02,1.059048944398273306e+03,1.049272137862441014e+03,-1.030980861888746887e+02,4.956251253153570815e+02,1.023437648829103637e+03,-4.854941063593371808e+01,1.286078518410747392e+03,9.609990778678381957e+02,8.096748584891329870e+01,3.756072288980755616e+02,1.201113498419260850e+03,-9.690582637646687658e+01,1.464798598421513589e+03,7.302161911242728820e+02,2.550530710505594527e+02,8.329214419828516611e+02,5.419274008913488387e+02,1.244810731677462883e+02,1.035504798749946076e+03,5.444587697169030207e+02,2.569464794114027768e+02,5.584944563035323881e+02,1.493706722332895254e+02,8.437316332472312297e+01,1.335540630742135363e+03,2.827198693681419854e+02,1.210024820442024946e+02,1.656565811166558717e+02,8.034305723552830614e+01,1.073081049054848108e+02,1.326227790416469361e+03,-1.186240250124013755e+02,2.756933574115183205e+02,3.184142685312656695e+01,-3.216334311360214571e+01,1.614590621919669786e+02,1.527077261208471327e+03,-1.353191239097104415e+02
1.517222903098191011e+02,9.022798554148575931e+02,1.279154551253170894e+03,7.939317002283975455e+01,8.054721627799557382e+02,1.013183283139930268e+03,1.398012197180306657e+02,1.107218619233168965e+03,1.036428447423186753e+03,-6.161220579493573979e+01,5.163713254423226999e+02,9.927103090760188024e+02,-9.462188710346347875e+01,1.293514299289092151e+03,9.060142623165577334e+02,9.265249002112204835e+01,4.388049355337274164e+02,1.214605974499276499e+03,-1.247905916908341339e+02,1.448101734770158373e+03,6.646281215161369573e+02,2.725252821294661771e+02,8.865058216956724664e+02,5.328852301118412242e+02,1.158462255787851660e+02,1.065068236755263342e+03,5.348500465094625724e+02,2.573206053721179956e+02,5.888909962538130003e+02,1.417395805131282316e+02,5.500401225662925242e+01,1.354189488819121379e+03,2.674823818004372242e+02,1.385166950924243565e+02,1.876959205810765923e+02,9.445621252031860138e+01,1.133398162396301956e+02,1.341961227568181585e+03,-1.326344749321425240e+02,2.731827062421825190e+02,4.807583886384358607e+01,-3.662435979216073179e+01,1.622726850474511764e+02,1.544573275542791862e+03,-1.445705920027594686e+02
1.337355829292951626e+02,9.366361261802712761e+02,1.273127831309104749e+03,9.200095220235709803e+01,8.442569232620710409e+02,9.957806092023848805e+02,1.009365404251571192e+02,1.149682191120679818e+03,1.017737894612985201e+03,1.628018141063166668e+00,5.425496349541541576e+02,9.674363668173929227e+02,-1.360252456512289143e+02,1.289166060475218046e+03,8.455353025418295374e+02,1.014833845557106429e+02,4.965987421516786071e+02,1.215790822880979022e+03,-1.442289430267297234e+02,1.425174334348351294e+03,6.001262968449735808e+02,2.851607132366350470e+02,9.396314205384600200e+02,5.240185718200814335e+02,1.045500443731016702e+02,1.091690751033265997e+03,5.258076123893250724e+02,2.600686039279532338e+02,6.156461197039966464e+02,1.380975759695532474e+02,2.946969025531712916e+01,1.368639711140870986e+03,2.549438542868911668e+02,1.552447110394985543e+02,2.081436943485907989e+02,1.093758609581891506e+02,1.187186561673297973e+02,1.354935452124004314e+03,-1.431759324956329067e+02,2.671130097248546349e+02,6.508991153204090097e+01,-3.987164873755559569e+01,1.635463542434033286e+02,1.558204283737968126e+03,-1.495200054742964539e+02
1.149574665941518248e+02,9.691712830068871654e+02,1.264615038320111807e+03,1.105904278082067975e+02,8.852944921699596534e+02,9.812194940063453714e+02,5.805848258809123053e+01,1.184186719748334781e+03,9.937380232508959352e+02,8.543884480573903772e+01,5.823944564089088090e+02,9.516415032559481233e+02,-1.706542531843633981e+02,1.274290088215023616e+03,7.827592476712064808e+02,1.129387117640113161e+02,5.484598504136205293e+02,1.205006604176940755e+03,-1.558960031617455968e+02,1.399988664038782417e+03,5.392201091613097788e+02,2.926564397457452742e+02,9.910793327290637080e+02,5.157757619520219805e+02,9.103631633889816044e+01,1.114730760804918191e+03,5.181692624854626956e+02,2.653245417917135001e+02,6.395211726559593899e+02,1.373854922622101356e+02,8.683120263727595045e+00,1.379252929637714942e+03,2.459895075016861199e+02,1.712714324394280823e+02,2.269454511806332562e+02,1.242539345310602386e+02,1.235680774862075708e+02,1.364899869292246422e+03,-1.500339089737543645e+02,2.579583441625362639e+02,8.303938470965476881e+01,-4.156762205901822682e+01,1.649961006686677081e+02,1.567994575852139405e+03,-1.510110551073793204e+02
9.649325424774947635e+01,1.000960198790829395e+03,1.253865453300771151e+03,1.341792841929822373e+02,9.306665328539507982e+02,9.708563015129602718e+02,1.399331466507669930e+01,1.209339395921113919e+03,9.660157938023525048e+02,1.841727559125776850e+02,6.433071670996690727e+02,9.472242375244824188e+02,-1.971679379652719604e+02,1.251573672447690569e+03,7.215008254809107484e+02,1.352990825023274510e+02,5.976575009461213313e+02,1.185573854106986801e+03,-1.611925912181414731e+02,1.376778771642219226e+03,4.848487166906675725e+02,2.952292613680135105e+02,1.039401359885192505e+03,5.086415679177993070e+02,7.624801365850555612e+01,1.133684607145118434e+03,5.127491148992262424e+02,2.726545940771507617e+02,6.617555247101884106e+02,1.380649006270175789e+02,-6.622048845898828695e+00,1.386522625277352745e+03,2.406838311677161926e+02,1.870646634414779044e+02,2.447254791075987441e+02,1.379612206512696844e+02,1.278446306348121340e+02,1.372472415672455554e+03,-1.534419424695685450e+02,2.468881408446440844e+02,1.024851819247459872e+02,-4.178192838176744317e+01,1.664584207506419773e+02,1.574959840140433926e+03,-1.504177292632186607e+02
7.950774222246900536e+01,1.033214041579645709e+03,1.241513812866625585e+03,1.604892433671730601e+02,9.819455641644553907e+02,9.652790023267240258e+02,-2.786640701751686677e+01,1.224899280019800017e+03,9.370198442271815793e+02,2.881664783738665392e+02,7.293421490359695554e+02,9.533163944831663912e+02,-2.150593595735030306e+02,1.224703304199161494e+03,6.655867123072496270e+02,1.772789424598903452e+02,6.515249435178864132e+02,1.163384293975538640e+03,-1.618611980973778941e+02,1.359178773538013047e+03,4.399101365107478614e+02,2.935873791884610569e+02,1.082893803363389452e+03,5.030644354358043415e+02,6.148884612256945559e+01,1.148212333557590910e+03,5.101161487082507620e+02,2.811349400418210394e+02,6.837067854242559406e+02,1.384537124828129606e+02,-1.613529957182772989e+01,1.390770145861137507e+03,2.383240354018403480e+02,2.032318841715004112e+02,2.626324798076400384e+02,1.493418213623784254e+02,1.312019575202791373e+02,1.378544461101474326e+03,-1.540129437915254584e+02,2.354978018569196649e+02,1.241935343615796228e+02,-4.097573155513402554e+01,1.676749651317698522e+02,1.580621730420232552e+03,-1.491805139218250247e+02
6.502439299357162383e+01,1.066861553766129418e+03,1.228524599950552101e+03,1.862532453942937423e+02,1.039629861334105499e+03,9.641449713356441862e+02,-6.428455114275925553e+01,1.231902845374534991e+03,9.096092634549185050e+02,3.856164347240870711e+02,8.394597703964168431e+02,9.667032150795179177e+02,-2.246376554973107602e+02,1.197648584141108131e+03,6.181848954268488114e+02,2.443054272809256986e+02,7.202447112808863494e+02,1.145208297135702196e+03,-1.596757839738467624e+02,1.349380514558562709e+03,4.065408359076822080e+02,2.888515291660833100e+02,1.119848164997209551e+03,4.994217799057282150e+02,4.813262442584743894e+01,1.158178191361685549e+03,5.104672290372910197e+02,2.895817077188594340e+02,7.065570270884292086e+02,1.371269186419252719e+02,-2.020503655308086977e+01,1.391941643719963167e+03,2.377468492861697484e+02,2.202230608715910876e+02,2.820270481521986312e+02,1.575222626932053913e+02,1.331132537260107256e+02,1.383631064021678640e+03,-1.525999472622156929e+02,2.254164173979190764e+02,1.488460428255729369e+02,-3.984513778494181935e+01,1.682719119660813760e+02,1.586187965061997602e+03,-1.484173479500956887e+02
5.375031056048389644e+01,1.102266402487183086e+03,1.216092510645407856e+03,2.078793162590482382e+02,1.102763690116526050e+03,9.662934519051231064e+02,-9.298090176338209289e+01,1.232564055016475777e+03,8.864553816257168819e+02,4.653459027034987230e+02,9.674015512904974230e+02,9.831756805985515939e+02,-2.269240335915208959e+02,1.173820958421841624e+03,5.812886478552173912e+02,3.347937935282399167e+02,8.141399347538309712e+02,1.136111230520819390e+03,-1.562090339706245459e+02,1.347574728983379828e+03,3.854676535452530288e+02,2.824150578107409046e+02,1.148987522411275677e+03,4.980287900424316376e+02,3.728559204924896164e+01,1.163695738554103855e+03,5.136495612733606322e+02,2.968631360033803048e+02,7.311160690518299816e+02,1.332841900773790940e+02,-1.989037461651105332e+01,1.389672189081134775e+03,2.377435375884218161e+02,2.380964865362985563e+02,3.040856198440681624e+02,1.621579427830114639e+02,1.331669037664592850e+02,1.387546098738780756e+03,-1.501267255381960126e+02,2.179199404259399842e+02,1.767572748302977175e+02,-3.908448762466738202e+01,1.679191552130114076e+02,1.591864923696907908e+03,-1.487354286251924407e+02
4.597919527964039332e+01,1.139228831715346359e+03,1.205479652084186000e+03,2.222591309862917797e+02,1.168930005098101446e+03,9.701320545265411965e+02,-1.131842018658274895e+02,1.229922307212853639e+03,8.694778584864913000e+02,5.194032441285568211e+02,1.103406430933847332e+03,9.990728467449622485e+02,-2.234475722270987035e+02,1.155388955156527118e+03,5.555185876286450366e+02,4.382244041612231058e+02,9.401116769059151466e+02,1.136970920476175252e+03,-1.526444734373436916e+02,1.351951688547090725e+03,3.757665171658359213e+02,2.757533407662307923e+02,1.169885617349179938e+03,4.991596980531272720e+02,2.954391078330228027e+01,1.165177882670137706e+03,5.193014376868010231e+02,3.021996798872264094e+02,7.577085911644912812e+02,1.269789588476459414e+02,-1.673758303626848587e+01,1.383633084294536957e+03,2.373969884312750764e+02,2.564305433269073546e+02,3.294322368527917888e+02,1.635267466599350712e+02,1.313563075618856715e+02,1.389575660462205178e+03,-1.474403609606505654e+02,2.136778906752019225e+02,2.077046543153154516e+02,-3.916502329789482673e+01,1.665313200667314675e+02,1.596741095867332433e+03,-1.502556165129699650e+02
4.159708032351485940e+01,1.177258661844371545e+03,1.197776825464102558e+03,2.274644689121818715e+02,1.234722702943616241e+03,9.741447864158321863e+02,-1.256853087569850516e+02,1.227269436707678096e+03,8.594942616197400866e+02,5.444590829789926829e+02,1.237108829403908430e+03,1.012085417869242633e+03,-2.159606824649462737e+02,1.143021157301955782e+03,5.402677559129340352e+02,5.364083805742799314e+02,1.098405648391187242e+03,1.143291008433508978e+03,-1.496351042384082177e+02,1.359371788589724929e+03,3.751789325085445626e+02,2.702194258607649431e+02,1.183172166971261277e+03,5.030448934114091912e+02,2.494573074108665622e+01,1.163388123652497370e+03,5.270188516976172650e+02,3.053657713677582706e+02,7.861345062773564223e+02,1.191306398161251110e+02,-1.234430942108258300e+01,1.373990126840004223e+03,2.362299771051501409e+02,2.743962898401939015e+02,3.579128257265816728e+02,1.624514193080274254e+02,1.282007898595569202e+02,1.389025640441491305e+03,-1.452112981823421478e+02,2.127090156331904609e+02,2.409425785307747674e+02,-4.021323666077555004e+01,1.643644726381795067e+02,1.599348915811873439e+03,-1.527593403347654544e+02
4.017557502881263076e+01,1.215926584562422704e+03,1.193636391219762572e+03,2.231469047192402968e+02,1.296604614829037018e+03,9.772930177993221150e+02,-1.323667668337135979e+02,1.227451872485474041e+03,8.561935390228018150e+02,5.415953709002567393e+02,1.360338147872911350e+03,1.020858903874165890e+03,-2.061393275479797182e+02,1.136133046298235740e+03,5.340786864728823957e+02,6.080669363967689378e+02,1.281025889785939398e+03,1.146082874500669277e+03,-1.472618191099067531e+02,1.366500403576677400e+03,3.808485410179189898e+02,2.668696127278638528e+02,1.190433549114930429e+03,5.098317393059540450e+02,2.311642530652914473e+01,1.159464086636598495e+03,5.364601537782272089e+02,3.067388659346364079e+02,8.157086859151205545e+02,1.113047209777868289e+02,-7.899465237918858129e+00,1.361701132725740308e+03,2.341791159875828043e+02,2.909421018434690609e+02,3.885875971809533098e+02,1.601049290916876373e+02,1.246338396243271376e+02,1.385803206481272809e+03,-1.438778202231032139e+02,2.145294908232363298e+02,2.753947240669506868e+02,-4.201921952749402323e+01,1.619558431137834305e+02,1.598590106811487658e+03,-1.558501534797038914e+02
4.110461696871721671e+01,1.255039063118989134e+03,1.193091555912576268e+03,2.105719365096320530e+02,1.351844967076266357e+03,9.791437217016169825e+02,-1.354398608730120657e+02,1.232205865631367715e+03,8.584322917914370237e+02,5.149036878902835497e+02,1.468590963123450138e+03,1.023789562396520864e+03,-1.953411116198870729e+02,1.133447321390526668e+03,5.350914137529338177e+02,6.352812933957355881e+02,1.472665391090645471e+03,1.134676367651106830e+03,-1.451421308530590863e+02,1.370924620569993522e+03,3.901331165708344315e+02,2.663444236045786511e+02,1.193855369446909890e+03,5.195217454358939904e+02,2.351065335642310572e+01,1.154861626657073884e+03,5.473585970619832324e+02,3.071864164193079318e+02,8.453824773229122229e+02,1.053226884265767609e+02,-3.902100017744784655e+00,1.348446441860786763e+03,2.314844111805687135e+02,3.050124148539933913e+02,4.199442303343209915e+02,1.577842623271431819e+02,1.217089271218245159e+02,1.380684369078864847e+03,-1.436263244752280173e+02,2.183953427591120828e+02,3.099275249700182826e+02,-4.413738053435218944e+01,1.599534477086852462e+02,1.594488151503146810e+03,-1.590817695643046932e+02
4.371099575984624153e+01,1.294509400884527167e+03,1.195575009009820405e+03,1.923043650333306402e+02,1.399158442358277171e+03,9.797138475516313747e+02,-1.367403204006811279e+02,1.241732676045752896e+03,8.647348951548593732e+02,4.697881303370484147e+02,1.560678033700679862e+03,1.018042740349009932e+03,-1.844648816038374264e+02,1.133533676448596452e+03,5.414436175408427516e+02,6.092942941815491622e+02,1.654077943640561216e+03,1.100383252849517248e+03,-1.426715829940450533e+02,1.371744445496649632e+03,4.011547640805314927e+02,2.688085173045645888e+02,1.195750978426401161e+03,5.319032968929398066e+02,2.562338444596514719e+01,1.151176668024148285e+03,5.594719062603936663e+02,3.078291495609764752e+02,8.739238357885512869e+02,1.028216630064361254e+02,-1.658118548420339233e-01,1.336182532120910764e+03,2.285719675010468848e+02,3.157332320767026204e+02,4.502545975305423553e+02,1.567185205267923322e+02,1.202454773740164882e+02,1.375112271438986909e+03,-1.444033754751835659e+02,2.235200684925774794e+02,3.435640467426974283e+02,-4.600287858051076029e+01,1.589113934686144205e+02,1.588343697224045400e+03,-1.620606417053436132e+02
4.733438746341644077e+01,1.334035513797948624e+03,1.200153914756969243e+03,1.716046969393251516e+02,1.438803833547737895e+03,9.791595377865980936e+02,-1.373512396734648178e+02,1.254715872214700312e+03,8.738017712922458031e+02,4.117374445483157501e+02,1.637029544943258543e+03,9.997489413544832360e+02,-1.739204020548943106e+02,1.135078164342266518e+03,5.515780266192663248e+02,5.332161761933031130e+02,1.806762915510081712e+03,1.039514040566203676e+03,-1.393084040444885545e+02,1.369404466647370327e+03,4.129450023340512530e+02,2.739496399074490114e+02,1.198139496220848741e+03,5.464991840161466143e+02,2.908415470061045838e+01,1.149852685747756823e+03,5.725182963648964005e+02,3.097571547003582850e+02,9.001126187203141171e+02,1.048975011471778060e+02,3.926389811802801777e+00,1.326518864568594608e+03,2.259506151099626550e+02,3.225316903981756695e+02,4.779494946017484267e+02,1.579348304788769610e+02,1.205533616574211067e+02,1.370633523306925554e+03,-1.459557267168977432e+02,2.291972940102681662e+02,3.755418556878682921e+02,-4.700260085324794090e+01,1.591055343009398655e+02,1.582213411648533565e+03,-1.645296171368787270e+02
5.137069432519509604e+01,1.372853166091417734e+03,1.205871806977233064e+03,1.516348117586937576e+02,1.472159084344521489e+03,9.774884422109485058e+02,-1.376076236699625213e+02,1.268860371545916450e+03,8.848361197414814114e+02,3.457955149105499117e+02,1.697792725216649387e+03,9.655564369073412081e+02,-1.636951971508680401e+02,1.136867267584782894e+03,5.644579594318657882e+02,4.205146034946373561e+02,1.917225602746557570e+03,9.545902128456243645e+02,-1.348020490009081414e+02,1.364932382475056102e+03,4.252755482376736609e+02,2.810459446421420466e+02,1.202483864587809649e+03,5.625557426108733807e+02,3.362799285416163286e+01,1.151852301497695862e+03,5.861328877635031631e+02,3.137908845360246914e+02,9.229126714006426937e+02,1.119303996242216925e+02,9.054426891793255550e+00,1.320220132167132306e+03,2.241088989776147002e+02,3.251971788285968614e+02,5.018963356075006459e+02,1.621788926235026906e+02,1.223443926428823261e+02,1.368265386914553574e+03,-1.478929512779310471e+02,2.348370731454874374e+02,4.052263921904887525e+02,-4.648976138907929823e+01,1.604203082089834140e+02,1.577996794445898331e+03,-1.664062448922493331e+02
5.531290676173063758e+01,1.409772867738895911e+03,1.212027508152896644e+03,1.346374492181042797e+02,1.501007709379929793e+03,9.744270888740747978e+02,-1.373436125664795497e+02,1.281792795733357025e+03,8.975891881764199525e+02,2.764746496114922820e+02,1.741817381707650611e+03,9.147590479249815871e+02,-1.534954711956680740e+02,1.137671122747536174e+03,5.796910694206414973e+02,2.901230308548641688e+02,1.979291481832533464e+03,8.534766810932432008e+02,-1.293177458446408252e+02,1.359027876563399104e+03,4.383891417775537889e+02,2.891080660247637866e+02,1.209612299912656681e+03,5.791023337716568449e+02,3.900127604397167147e+01,1.157417758061490986e+03,5.998574804322022374e+02,3.203617434980956205e+02,9.416036276532248621e+02,1.236219819069903849e+02,1.563544309053380132e+01,1.317074929328976623e+03,2.234126784711068296e+02,3.239220867683566212e+02,5.215260757994553842e+02,1.698892400997507082e+02,1.248724493430883342e+02,1.368111699262619823e+03,-1.497658605942697250e+02,2.399784175498936349e+02,4.319837003136233307e+02,-4.376968419097430285e+01,1.623728090678660294e+02,1.576613517054265230e+03,-1.677418862031341007e+02
5.880480142952421119e+01,1.443487075227681999e+03,1.218268588330532111e+03,1.213295512684251918e+02,1.526846674455071252e+03,9.694798275003178105e+02,-1.361862396344573654e+02,1.291940555137118054e+03,9.121488247475738262e+02,2.077369038543261013e+02,1.766980601435513108e+03,8.507331441595214301e+02,-1.429314352257563598e+02,1.136240825647385918e+03,5.975340491423249887e+02,1.604946578693181038e+02,1.993918646548311926e+03,7.470488820029078170e+02,-1.234609666801931667e+02,1.351466252024547657e+03,4.527984249863121704e+02,2.970766539962025377e+02,1.219774103050828217e+03,5.950851153163073377e+02,4.487902374697962671e+01,1.166031778076460114e+03,6.131682698572170693e+02,3.295335630287538038e+02,9.558709773193374986e+02,1.391931284254501691e+02,2.363969471735222783e+01,1.316182580756048083e+03,2.240355487878036058e+02,3.193607682747617673e+02,5.368261513629978481e+02,1.812334051987716066e+02,1.272490112605741786e+02,1.369407252972773222e+03,-1.511483253782474776e+02,2.443387346198645389e+02,4.551271448054691859e+02,-3.808832757119276380e+01,1.643065096089422639e+02,1.577692658543633343e+03,-1.686066899608524068e+02
6.168518141199586324e+01,1.472953729696411528e+03,1.224490951006564273e+03,1.107628157078080733e+02,1.550467734090028216e+03,9.621296780460875198e+02,-1.337754477324552056e+02,1.298988829995013475e+03,9.285947952589849592e+02,1.428735635798280157e+02,1.771495857328403190e+03,7.807390078572180983e+02,-1.317080993486446516e+02,1.131509249626756855e+03,6.187365182570554225e+02,4.512211977823807985e+01,1.967130675812770050e+03,6.464470189404177063e+02,-1.182078987749474521e+02,1.341087714104746283e+03,4.691748069487958333e+02,3.040261420330371038e+02,1.232754779774080816e+03,6.095385198668863040e+02,5.084376468224846946e+01,1.176615511109256431e+03,6.255434331771451753e+02,3.411164526572697469e+02,9.658525088777045084e+02,1.576379833472427947e+02,3.257315943005721692e+01,1.316495195210420661e+03,2.259586216946264301e+02,3.127003660315043589e+02,5.482521245379288075e+02,1.962031386708984257e+02,1.287926618798483389e+02,1.370942177585747004e+03,-1.517041471961872787e+02,2.479139455737259823e+02,4.739845785203029322e+02,-2.864034869004506945e+01,1.656826183219640996e+02,1.579907385705411343e+03,-1.689626702137549046e+02
6.397610775434643671e+01,1.497659488346402668e+03,1.230640831720881806e+03,1.007825362942154044e+02,1.571929364268415156e+03,9.520892435501507407e+02,-1.299003024748564030e+02,1.303749165501159723e+03,9.466863589250252744e+02,8.436345293451232408e+01,1.755367063897623666e+03,7.140425912755989657e+02,-1.197695019380825556e+02,1.122917378349479350e+03,6.442133520766175252e+02,-4.906673294353543469e+01,1.907405868602794044e+03,5.608468293088094470e+02,-1.147210961562359444e+02,1.326354545090579450e+03,4.882440997181021771e+02,3.093181514347962207e+02,1.247997006034596552e+03,6.217385334918792523e+02,5.643164786709839831e+01,1.187897588963460521e+03,6.365610938113245538e+02,3.547843826415193007e+02,9.721304104324507307e+02,1.779325522090376239e+02,4.160264620489180487e+01,1.317328754032773304e+03,2.290382008596368451e+02,3.056700392750541369e+02,5.566044010496449346e+02,2.147381728241216763e+02,1.292478156647546257e+02,1.371628506925385182e+03,-1.512277499523681854e+02,2.510915577406231591e+02,4.880476112219254787e+02,-1.460075362319902226e+01,1.663070160870847189e+02,1.581735950889769583e+03,-1.686164413888875231e+02
6.578684450333953748e+01,1.517691588759007118e+03,1.236557389981785036e+03,8.896474660440784987e+01,1.590868849053368876e+03,9.395118336930238456e+02,-1.245901737670447886e+02,1.307600591565624882e+03,9.657297552823839624e+02,3.385861847039549133e+01,1.721197094188351002e+03,6.591994760087169425e+02,-1.073415325306192898e+02,1.110691069761615381e+03,6.746110119929466009e+02,-1.206434412319725737e+02,1.823749474917245152e+03,4.962067219702913690e+02,-1.140396694661093591e+02,1.306188809085539333e+03,5.106255287951811397e+02,3.126696149224923715e+02,1.264719445829915912e+03,6.312996887524873273e+02,6.121714115855994720e+01,1.198810826460842236e+03,6.459952591066341938e+02,3.701329041348932947e+02,9.756583139246415612e+02,1.991532373409121419e+02,4.978072050008584881e+01,1.318592241716584340e+03,2.330874615833188841e+02,3.003907067618864630e+02,5.628989127143114501e+02,2.368309931219666851e+02,1.287829200461955566e+02,1.370931501721343466e+03,-1.496702041931036433e+02,2.547186125616198638e+02,4.971262535353612861e+02,4.823038423831279786e+00,1.663561110103382532e+02,1.582218023474089932e+03,-1.673147548533180782e+02
6.716099591934634816e+01,1.533657400099027200e+03,1.241957732981240270e+03,7.365974418111915156e+01,1.606953798488223356e+03,9.250982725370278104e+02,-1.181716721531072949e+02,1.311853924164494174e+03,9.846959113625406417e+02,-7.671933510090857666e+00,1.674008036899603212e+03,6.216933592316664772e+02,-9.484764579052171030e+01,1.095910566337514410e+03,7.099126123688149619e+02,-1.712922503664786689e+02,1.724931866483811973e+03,4.549650433618357397e+02,-1.167060040362957807e+02,1.280661886542786988e+03,5.366501671508274285e+02,3.141349892855562871e+02,1.282057078607443145e+03,6.382090820383374421e+02,6.489735305633816154e+01,1.208763328650534731e+03,6.538587385514125572e+02,3.866829260533747288e+02,9.776302495731820272e+02,2.205261658670852682e+02,5.631936129114432532e+01,1.320653106733708455e+03,2.378992894364909887e+02,2.990315351291774277e+02,5.682568412399656381e+02,2.625731714853520202e+02,1.278104097689615486e+02,1.369005900781717628e+03,-1.471751488613647325e+02,2.600815028146391796e+02,5.014524192119598638e+02,3.032490890914850468e+01,1.661991631842349193e+02,1.581318739828466732e+03,-1.649629654167499382e+02
6.794796552062227590e+01,1.546513937481986432e+03,1.246568752571467712e+03,5.468999301510611133e+01,1.620216813308037672e+03,9.100622544813710419e+02,-1.112554945644073143e+02,1.317340894482862950e+03,1.002534263671831241e+03,-3.975098715151298734e+01,1.620252018704117972e+03,6.028232533233908725e+02,-8.273185287163241242e+01,1.080315776689605173e+03,7.492463724211947920e+02,-2.036066098517599983e+02,1.619548298924744358e+03,4.363955658600810921e+02,-1.224719200135130563e+02,1.251179855710929132e+03,5.662562809110105491e+02,3.140282237619742887e+02,1.299234803111677593e+03,6.428052369775388115e+02,6.734739771634772865e+01,1.217694097145791602e+03,6.603529791313237638e+02,4.038867319073111162e+02,9.793221453410208142e+02,2.414521686362763830e+02,6.084638126740929209e+01,1.323957247866275111e+03,2.431811811623707342e+02,3.033585245181250230e+02,5.738341155816333412e+02,2.921271787595967453e+02,1.267616399902705382e+02,1.366552049203147135e+03,-1.441236840100679046e+02,2.687814769998148563e+02,5.017170814945009170e+02,6.242228842464454175e+01,1.661458941118108896e+02,1.579763454779131052e+03,-1.618518108193342186e+02
6.778447961465003857e+01,1.557349299212152800e+03,1.250305150668523311e+03,3.341030580881390932e+01,1.631109208156672821e+03,8.959405575301574345e+02,-1.046168896976539315e+02,1.324328614458931270e+03,1.018514250055072921e+03,-6.228890702150979308e+01,1.566493783298044946e+03,6.000705092493481061e+02,-7.127766940874501245e+01,1.065904573367708963e+03,7.909922464997353018e+02,-2.199264537552159027e+02,1.516133251285162942e+03,4.373267341225761697e+02,-1.302406597039966982e+02,1.220076976632122523e+03,5.990177850068643011e+02,3.128176323861667356e+02,1.315739455574395379e+03,6.457037626092752589e+02,6.863448557753751800e+01,1.225926389588280017e+03,6.657352618014629115e+02,4.211817794595714872e+02,9.819427983920700171e+02,2.615285982403369189e+02,6.356001966546585891e+01,1.328637664093775129e+03,2.484576370502338420e+02,3.143449985666355246e+02,5.807807601063701668e+02,3.256329431983091922e+02,1.259356210187610543e+02,1.364519822496909910e+03,-1.411384658011205318e+02,2.825055296797438587e+02,4.990425876206563203e+02,1.013650251277863532e+02,1.662757835639912685e+02,1.578501659751927718e+03,-1.587403307752261128e+02
6.621320140110844932e+01,1.567157917823955131e+03,1.253355221675938765e+03,1.213632625881074212e+01,1.640302554763090257e+03,8.842652460314454856e+02,-9.898932755261421335e+01,1.332671846898898366e+03,1.032408086881874169e+03,-7.560852283779141203e+01,1.518220604862754499e+03,6.085624503974147501e+02,-6.051637139651698760e+01,1.054451466314095342e+03,8.331618294377435632e+02,-2.222181568864652945e+02,1.422679353707440441e+03,4.530669462647048249e+02,-1.383255488081257454e+02,1.189837139021985422e+03,6.342717082858293907e+02,3.110175561922076213e+02,1.331418789257638082e+03,6.476661620624383886e+02,6.898807608353686760e+01,1.233921004633874190e+03,6.701773827941989339e+02,4.380859410828107343e+02,9.865075643156086471e+02,2.805567559180463491e+02,6.519615802071854205e+01,1.334328734047603803e+03,2.530538319675859498e+02,3.320016981694124638e+02,5.901730196681065763e+02,3.630814207876772457e+02,1.254557203638662770e+02,1.363796457509102993e+03,-1.389823819842098374e+02,3.027005692519037439e+02,4.948681435694117567e+02,1.470362371413216920e+02,1.664282858239296559e+02,1.578139126295903679e+03,-1.567027575825734402e+02
6.288301458433472391e+01,1.576669040626778497e+03,1.256101590963659874e+03,-6.791836698136756389e+00,1.648421980517154907e+03,8.761633984748445982e+02,-9.485271653398433500e+01,1.342041221711061098e+03,1.044438192836614235e+03,-8.053400105422986144e+01,1.478996091439123347e+03,6.229485191732162548e+02,-5.026479731581601129e+01,1.047083252959149604e+03,8.739314814333954473e+02,-2.124654138935855201e+02,1.345387144357209081e+03,4.784767904352917753e+02,-1.449802701524309327e+02,1.162318328696184608e+03,6.712711269218302732e+02,3.090867315329402345e+02,1.346446823292266117e+03,6.494216590173025452e+02,6.872852206931544572e+01,1.242056634708957290e+03,6.737134171286517130e+02,4.542881331733734669e+02,9.937117027087205088e+02,2.985195444045954218e+02,6.676892024566271289e+01,1.340284011311657878e+03,2.562467450254973187e+02,3.554860234959685386e+02,6.028470506074625064e+02,4.042023595338560540e+02,1.253011634494191213e+02,1.364962266276189666e+03,-1.383404082806862334e+02,3.301828530493253879e+02,4.906979252534608804e+02,1.988704546135361397e+02,1.663275838845302133e+02,1.578665622873574648e+03,-1.567707552009786696e+02
5.773156746556434626e+01,1.586275523057617193e+03,1.258924634678842494e+03,-2.192847355300605372e+01,1.655895624360153988e+03,8.720017309699871930e+02,-9.230643882476300632e+01,1.352097158250511484e+03,1.055069073371092145e+03,-7.844009569999775522e+01,1.449962554686712792e+03,6.390295471259483975e+02,-4.025912835435787684e+01,1.044014375315034840e+03,9.121663084208722694e+02,-1.930009758722266611e+02,1.287024808917205746e+03,5.090803347387587792e+02,-1.490311335348411035e+02,1.138284527739440819e+03,7.093190573668716752e+02,3.073380986730780364e+02,1.361154664700371313e+03,6.514818320625089427e+02,6.816797495710326871e+01,1.250514956139432115e+03,6.763215010207698015e+02,4.696918525821270691e+02,1.003776778776684978e+03,3.155353202697052666e+02,6.914913652260257493e+01,1.345736354172051506e+03,2.575590029502818084e+02,3.834221167632327365e+02,6.191252463186343675e+02,4.484087372326890772e+02,1.253697938250757460e+02,1.368147828599514469e+03,-1.395592420424086413e+02,3.647670115380469156e+02,4.877002410718023953e+02,2.558263396113861177e+02,1.657529935336756068e+02,1.579610542861984641e+03,-1.595123286286395796e+02
5.106978517889525904e+01,1.596057276076867311e+03,1.262015114287439019e+03,-3.327501810170772245e+01,1.662966411185175048e+03,8.712104035683904613e+02,-9.106569429855602493e+01,1.362557189043379367e+03,1.064798446409484313e+03,-7.119289640024027221e+01,1.429678853804524124e+03,6.546845737581520552e+02,-3.030358247362810786e+01,1.044494951067614011e+03,9.477601588751426789e+02,-1.665092748557673019e+02,1.245664354920640562e+03,5.419448330059716454e+02,-1.503596246878492479e+02,1.117343858901439944e+03,7.478660502101481597e+02,3.058744128416923331e+02,1.375807451561506923e+03,6.540116594225307836e+02,6.751685679275627194e+01,1.259271287906921089e+03,6.780811652845432036e+02,4.844018377501380428e+02,1.016302878195590893e+03,3.318102182683060164e+02,7.266381143565740786e+01,1.350301132423719309e+03,2.570482292370342634e+02,4.142684906793745654e+02,6.385457110219606420e+02,4.948144922926448999e+02,1.255432767788751534e+02,1.373001500097541793e+03,-1.424676283395228040e+02,4.050539194691889975e+02,4.862828496415577888e+02,3.164366035081602035e+02,1.646646591661857997e+02,1.580474343147193167e+03,-1.647322131438778285e+02
4.354163713941439795e+01,1.605852431257086891e+03,1.265305112082611458e+03,-4.226175902685941566e+01,1.669774645982789480e+03,8.723723927427919307e+02,-9.055496087823470930e+01,1.373177396165228402e+03,1.074051815063308140e+03,-6.098401065800100440e+01,1.414398229834971289e+03,6.698852299262168799e+02,-2.035194197682500672e+01,1.046975679558253887e+03,9.816381364886153733e+02,-1.357924873758154547e+02,1.214599811991184652e+03,5.759475052954210241e+02,-1.499920800104654575e+02,1.098207826767995584e+03,7.865436896169337615e+02,3.045797428780809923e+02,1.390462274487184459e+03,6.568160108447519860e+02,6.684199323598389242e+01,1.268150487338384664e+03,6.792763706636312691e+02,4.986727125366018072e+02,1.030238481821676942e+03,3.476055454806208331e+02,7.694301914934342790e+01,1.354178043986385546e+03,2.554033139990431778e+02,4.465579426777413232e+02,6.597882299631140768e+02,5.423134634194170758e+02,1.257309156240309704e+02,1.378769263798526936e+03,-1.463745900667653643e+02,4.485183141244035596e+02,4.859038374463708578e+02,3.789261395033817621e+02,1.632319642634055015e+02,1.581091303524701971e+03,-1.714434926184811729e+02
