8.168117611758681562e+01,-3.151070086922133839e+01,1.683983651043162581e+03,5.761775064836643701e+00,-1.447064644267098288e+02,1.390155454326403287e+03,1.593112004384759359e+02,1.489207235519818369e+02,1.409126302239601500e+03,3.354723461737081891e+01,-2.417777399744452680e+02,1.079573790072352040e+03,2.398544402026227260e+02,2.598340042200333073e+02,1.133756911427382420e+03,2.717649947850416652e+02,-1.673467212781393698e+02,1.154231699473017670e+03,3.536171332063796626e+02,1.277217663315275189e+02,1.188001941451826951e+03,7.896378270585384485e+01,-7.569960131774485035e+01,9.241570086625152953e+02,2.586883734214034121e+02,1.425076613717150167e+02,9.657907933242599938e+02,9.554583343089390723e+01,-8.455064358239464184e+01,4.278376310340010491e+02,5.218431952988024705e+02,-3.575354677419372962e+01,8.549130006811733438e+02,-7.180871066457710228e+00,-7.319378649380958279e+00,2.901210675544854567e+00,2.507626107285935575e+02,-3.009481839395836023e+00,4.930797879078983783e+02,2.460676961827092271e+02,-3.728559904507577727e+01,-6.293016060316137583e+00,4.449899069656242432e+02,-1.602289863430323464e+02,4.359924032270288876e+02
8.075239309004106758e+01,-3.447487855288468950e+01,1.683977771034902617e+03,6.107164911574476385e+00,-1.460642460190038037e+02,1.389406733484730694e+03,1.610339797552956043e+02,1.466638363935865641e+02,1.409284924048572748e+03,3.141936104538998720e+01,-2.408800665217260075e+02,1.078322221949045343e+03,2.435610910181443955e+02,2.612010591950431149e+02,1.133054786154777958e+03,2.693295377091154137e+02,-1.719692530289755723e+02,1.149118610422088523e+03,3.577459119009452593e+02,1.257215115200218634e+02,1.183348526261067036e+03,7.798548952820345903e+01,-7.510641562832495310e+01,9.228084261450202348e+02,2.588629698002892496e+02,1.437664194121002197e+02,9.656573900422954466e+02,9.671408139691406802e+01,-8.261122407135775347e+01,4.277695222420992991e+02,5.231122804007779905e+02,-3.507230048905758935e+01,8.514588814470204170e+02,-4.432840944133299210e+00,-5.981123859875018489e+00,2.935882373866788964e+00,2.493231923498406672e+02,-6.664580727502560364e+00,4.894290072576148418e+02,2.467366635446615533e+02,-3.612505365740889118e+01,-5.978909841057272523e+00,4.389505722041761260e+02,-1.624845561706121941e+02,4.341919874934113750e+02
8.033148709174662372e+01,-3.682467352419217121e+01,1.683738001509782862e+03,6.602458455303894524e+00,-1.468172673716449310e+02,1.388612182530204791e+03,1.628575469587446207e+02,1.450800901126381177e+02,1.409458209271049100e+03,2.851123862491908767e+01,-2.396037842290393485e+02,1.076770542463336824e+03,2.465822204007180005e+02,2.633668371683727969e+02,1.132902190198542257e+03,2.665276672155846427e+02,-1.756442663965405870e+02,1.143192701235683217e+03,3.616498026733208917e+02,1.246593851322225674e+02,1.179344961359358877e+03,7.711605499838145761e+01,-7.408822488548183571e+01,9.218119310227098140e+02,2.589550857656911944e+02,1.452411526146677261e+02,9.654784761770788464e+02,9.773876187614901312e+01,-8.049238414831893351e+01,4.275088176848520334e+02,5.240741303400155857e+02,-3.492516193034435901e+01,8.477704202229185739e+02,-2.032486412190848135e+00,-4.638410078484431764e+00,2.864743524252293838e+00,2.472066570447317417e+02,-9.053912618956562852e+00,4.863356059564451357e+02,2.472590399340409135e+02,-3.492279489003717430e+01,-5.844931371276159915e+00,4.327759901125560305e+02,-1.646509979692210663e+02,4.317498664591822717e+02
8.077663829945132079e+01,-3.816578620051427606e+01,1.683142290561695972e+03,7.357391853881830812e+00,-1.465770665921517661e+02,1.387702547952292662e+03,1.648409432508488521e+02,1.446334960142750958e+02,1.409643611108185269e+03,2.433004462622058384e+01,-2.377097007898592551e+02,1.074657821713101612e+03,2.485043606759669785e+02,2.669031264285303564e+02,1.133590349467991018e+03,2.630662154869713163e+02,-1.778072854940746765e+02,1.135879007280271026e+03,3.651987158151732160e+02,1.252689029413746624e+02,1.176225698663660296e+03,7.642264295827203568e+01,-7.235398210808084229e+01,9.213223231895691470e+02,2.589140663506622673e+02,1.470406527821045870e+02,9.651909567959465903e+02,9.853063529097973117e+01,-7.798812189532216621e+01,4.269087475620045780e+02,5.244752270811092103e+02,-3.536588423739861042e+01,8.437195535792402552e+02,-1.495705449628758343e-01,-3.241357811112948628e+00,2.597521462503872058e+00,2.439973318027797404e+02,-9.110332219049501745e+00,4.841098261652623478e+02,2.475646447263779635e+02,-3.362325832016923499e+01,-6.006920121655249467e+00,4.263168460038957051e+02,-1.662923803725398955e+02,4.281895803920901926e+02
8.218568542601146021e+01,-3.842957816071788812e+01,1.682223856617705223e+03,8.412692422940287074e+00,-1.452884803066134793e+02,1.386596980504647036e+03,1.669766801501447162e+02,1.454598853916430699e+02,1.409799682160871953e+03,1.885093281507117879e+01,-2.352134317425314407e+02,1.071824825187712349e+03,2.493182628361247453e+02,2.719762246562139012e+02,1.135035540607988878e+03,2.587961327607193880e+02,-1.784653493199221259e+02,1.127042404391171203e+03,3.683640149789213183e+02,1.279007364891852632e+02,1.173698657051987993e+03,7.590630278490684191e+01,-6.983029041526786784e+01,9.212300760401598154e+02,2.587401041931331065e+02,1.491199785040925292e+02,9.647256467932107853e+02,9.907757193172045618e+01,-7.492613727788341293e+01,4.259211868242775836e+02,5.241806006746652429e+02,-3.588973928700067262e+01,8.393670210658685846e+02,1.285958000922750255e+00,-1.709313139638511725e+00,2.085871252985927349e+00,2.396566106431300227e+02,-6.238028238856679231e+00,4.827610922590637870e+02,2.476909373450241105e+02,-3.216555449325151983e+01,-6.474879213009193002e+00,4.194091834052892978e+02,-1.666574102604020027e+02,4.233736810438381895e+02
8.439488155287628501e+01,-3.783450597603641086e+01,1.681089780295583296e+03,9.747081981410904206e+00,-1.431995261976644542e+02,1.385227058527007330e+03,1.692071638790680481e+02,1.473861903309854711e+02,1.409827380443025049e+03,1.246410343694329015e+01,-2.324068432079891124e+02,1.068277749944556490e+03,2.493649275899271061e+02,2.783622430873870144e+02,1.136892314675489388e+03,2.536988211403751450e+02,-1.781400082871570021e+02,1.116970815267157604e+03,3.711959253704630441e+02,1.325562383145519334e+02,1.171128899908168933e+03,7.548840679542578869e+01,-6.660605365823707302e+01,9.212368408192204470e+02,2.584716513281390462e+02,1.513746136707530354e+02,9.640247209536610171e+02,9.943366437662700719e+01,-7.125170735037220027e+01,4.246211664086220594e+02,5.231991597883566101e+02,-3.577255280836401141e+01,8.349036570676253177e+02,2.499057768643376143e+00,-4.585361042260954756e-04,1.347775179663472933e+00,2.344629494779417200e+02,-5.303654332698867213e-01,4.820562345588276685e+02,2.477512194301100976e+02,-3.051741746607779149e+01,-7.152067762913155491e+00,4.118764832420621929e+02,-1.650858239780883707e+02,4.175174421330219729e+02
8.707665091833264626e+01,-3.673082757368980822e+01,1.679807152595256184e+03,1.130565538866543562e+01,-1.407170826668714199e+02,1.383568747340337495e+03,1.714699455366743166e+02,1.500612151274613382e+02,1.409586844937888600e+03,5.749179901504574808e+00,-2.297490428043674342e+02,1.064233756659700703e+03,2.491465369482775429e+02,2.856058945453052615e+02,1.138782551050908523e+03,2.478300148465509380e+02,-1.776205011123161910e+02,1.106195329181113948e+03,3.737968889663875416e+02,1.390275858311147488e+02,1.167897447471953001e+03,7.503069147617047463e+01,-6.283267759980233791e+01,9.210249534975812367e+02,2.581542680295414129e+02,1.537698633090473663e+02,9.630736775244502041e+02,9.968366597047894118e+01,-6.709636738608691076e+01,4.231915929100775315e+02,5.216723968231384561e+02,-3.455383310061610302e+01,8.305284877600037134e+02,3.699014496162316146e+00,1.821196234304188977e+00,4.759407087593846564e-01,2.288510364083732611e+02,7.186648234785911527e+00,4.816705397404453493e+02,2.478520524748443847e+02,-2.872437053173368326e+01,-7.871852868484484844e+00,4.035776785700212486e+02,-1.614891982910299930e+02,4.110805582505739721e+02
8.989197078791247009e+01,-3.542105690611268898e+01,1.678358370233913092e+03,1.303218841953957252e+01,-1.382351232501836193e+02,1.381666033039155309e+03,1.737472188470063088e+02,1.531168455241991637e+02,1.408962087477950718e+03,-7.956112662993591877e-01,-2.276511039505303984e+02,1.060103366095879664e+03,2.491131929181152032e+02,2.932368093180446635e+02,1.140483689083876016e+03,2.412640435371404521e+02,-1.776612764789239520e+02,1.095239824493401329e+03,3.763191686021913824e+02,1.470400109869075038e+02,1.163709210406448392e+03,7.438656004229596874e+01,-5.866185051860949784e+01,9.204220475256868212e+02,2.578094572954536261e+02,1.563910468267496015e+02,9.619341668852138127e+02,9.989996369373946550e+01,-6.277290221144809124e+01,4.218724995324253086e+02,5.198245467105926991e+02,-3.230556663177978294e+01,8.263437171707232665e+02,4.935513169992662874e+00,3.585338413118083878e+00,-3.826467272892985494e-01,2.232577929837197530e+02,1.558708237917670480e+01,4.813304604548924317e+02,2.480122577435903963e+02,-2.693821120388280121e+01,-8.456787071983058013e+00,3.945064020914225011e+02,-1.565255460458845107e+02,4.045763579072724951e+02
9.262788845767845203e+01,-3.405255474901321122e+01,1.676699974888789484e+03,1.489060130503347423e+01,-1.360194436749401063e+02,1.379632191205333584e+03,1.760887623075627459e+02,1.562769636770780437e+02,1.407941819664955119e+03,-6.931012088887796629e+00,-2.262615916710524004e+02,1.056380060533257620e+03,2.495224026535683777e+02,3.009440709081459318e+02,1.141978049117720502e+03,2.340767208882519697e+02,-1.787470872492671106e+02,1.084415630039470898e+03,3.789664690406560226e+02,1.563341337908770186e+02,1.158684327220197929e+03,7.345618878526097717e+01,-5.423910247710517041e+01,9.194763736389580799e+02,2.574186864312858347e+02,1.593722439950279863e+02,9.607508651899920551e+02,1.001066255903177193e+02,-5.868015866315456464e+01,4.208981539903062412e+02,5.178813715953175461e+02,-2.953330995106962931e+01,8.223171857157054774e+02,6.069389882172680828e+00,5.093176212228799571e+00,-1.073260145215753303e+00,2.180354215869623715e+02,2.331267620558578102e+01,4.808660581840101713e+02,2.481437727653209606e+02,-2.538645834732816908e+01,-8.778188554523101317e+00,3.848863154767100809e+02,-1.513219753193034478e+02,3.983595220309728688e+02
9.526006051452321799e+01,-3.262688074632608703e+01,1.674864215329501803e+03,1.686814633059825042e+01,-1.341827476145142839e+02,1.377620320756781894e+03,1.785882303116020182e+02,1.593807243418213773e+02,1.406656135809039370e+03,-1.268966773333344378e+01,-2.253856320595823490e+02,1.053461403832155156e+03,2.504098209715313033e+02,3.086444307381336216e+02,1.143373828947963375e+03,2.263752898839180716e+02,-1.809921476221153682e+02,1.073742864317582871e+03,3.819594583013868032e+02,1.666961036337433484e+02,1.153206779077142301e+03,7.221372493107989499e+01,-4.971004656083005813e+01,9.184103670927793246e+02,2.569278336073526248e+02,1.627684826101170756e+02,9.597088334003893806e+02,1.002636108486257740e+02,-5.515452441552469764e+01,4.204428269289017521e+02,5.159797874951516405e+02,-2.683118792033982203e+01,8.183081101915606723e+02,6.869346824922003769e+00,6.222268081039952214e+00,-1.487438300081265430e+00,2.134297176161740879e+02,2.948255903741554818e+01,4.801566146492057214e+02,2.481151499219928951e+02,-2.427857650915558807e+01,-8.796516544539635163e+00,3.751788561013590311e+02,-1.469226306581120411e+02,3.924620386003646786e+02
9.792009767639869722e+01,-3.109936112753278792e+01,1.673002825037430057e+03,1.896056596690254281e+01,-1.327277616448087088e+02,1.375767406658226037e+03,1.813193656958873134e+02,1.623442145392028237e+02,1.405330633647091872e+03,-1.825552934465057575e+01,-2.245978792657638508e+02,1.051481362520247558e+03,2.516496707695172290e+02,3.164362293577029277e+02,1.144784513801239882e+03,2.183431686638847395e+02,-1.841770666094213311e+02,1.063012635605440209e+03,3.854596897746101263e+02,1.779675633957851630e+02,1.147640776309637204e+03,7.069668987972463015e+01,-4.519430571058551038e+01,9.174829283165223615e+02,2.562685713292830201e+02,1.664847820736622737e+02,9.589460841710738350e+02,1.002829340234177806e+02,-5.233539403852757488e+01,4.205799856846197713e+02,5.141057649227982438e+02,-2.454823318655675735e+01,8.141175306331849697e+02,7.167990595643088270e+00,6.985798092809934801e+00,-1.600894750880756057e+00,2.095925597269668685e+02,3.400062964913676211e+01,4.790216180732937232e+02,2.478569194910355975e+02,-2.369620042366718948e+01,-8.570191380492298450e+00,3.659650193385974148e+02,-1.438067824681387492e+02,3.865440084352412100e+02
1.007942633507527717e+02,-2.949436562691532515e+01,1.671320053710610409e+03,2.114841747383804105e+01,-1.316089750807078076e+02,1.374134395137917409e+03,1.842676358281439661e+02,1.651088238053540351e+02,1.404179828201344890e+03,-2.380931411900261452e+01,-2.234810018504797426e+02,1.050246625735284397e+03,2.530514542010756145e+02,3.244811037271346095e+02,1.146258701827896402e+03,2.102461404285971582e+02,-1.878795423852982367e+02,1.051939312121369539e+03,3.894982867559119200e+02,1.900427349562208406e+02,1.142095724236731030e+03,6.897357645359349476e+01,-4.072962590261752780e+01,9.168380627711443367e+02,2.553882754079610038e+02,1.703268274412094172e+02,9.584646023205292522e+02,1.000776343172162512e+02,-5.010552407024746202e+01,4.212533630443137440e+02,5.120978903462747667e+02,-2.266038185565408369e+01,8.095299879959327427e+02,6.977973737897634088e+00,7.509697658648822660e+00,-1.479524699581789227e+00,2.066018827779492710e+02,3.750451049207877929e+01,4.771419214105762876e+02,2.474328886776465026e+02,-2.353898639581088048e+01,-8.230174542739833399e+00,3.577540325298853077e+02,-1.417477895520150355e+02,3.800011825128384544e+02
1.040089518565806372e+02,-2.796024403724373997e+01,1.669933322905169916e+03,2.338224303928724979e+01,-1.307731028639031763e+02,1.372674312808151171e+03,1.873041471535274241e+02,1.676119251818846863e+02,1.403308630391177303e+03,-2.943147930245618582e+01,-2.218367083482616238e+02,1.049324984887409983e+03,2.544447108383292289e+02,3.328818742858986184e+02,1.147800834443954955e+03,2.023682418102545739e+02,-1.916358414047285237e+02,1.040318418753238348e+03,3.939702301212474254e+02,2.028433337011554443e+02,1.136389537667824925e+03,6.711334321181591633e+01,-3.623358654714627392e+01,9.164243352712410342e+02,2.542770315215259416e+02,1.741368408746309626e+02,9.580993173736242170e+02,9.962314625336122731e+01,-4.813328174165238238e+01,4.222701647303497339e+02,5.097274051263102592e+02,-2.086972625579192453e+01,8.043406246077944388e+02,6.497895412577662455e+00,7.951457151275820756e+00,-1.252048254855755438e+00,2.044786529029705093e+02,4.098228458774474348e+01,4.740762116597847466e+02,2.470221173415302758e+02,-2.356789788410508990e+01,-7.928694589323682429e+00,3.508332857026651368e+02,-1.400541524556744264e+02,3.722117486353372442e+02
1.075587080716904751e+02,-2.672913259651992135e+01,1.668760371133643957e+03,2.559306830084084439e+01,-1.301674534495940634e+02,1.371247540955909471e+03,1.902298572009885902e+02,1.697897305340637786e+02,1.402682118204340213e+03,-3.509007140994893348e+01,-2.197449219250106864e+02,1.048251730843073801e+03,2.557324454019822610e+02,3.416187510761662338e+02,1.149453756727351220e+03,1.948983087086220962e+02,-1.950814034561508947e+02,1.028113822306370366e+03,3.987138572962152807e+02,2.162848797509558665e+02,1.130234569662371314e+03,6.516963815172248076e+01,-3.153075077215314792e+01,9.160278405371011559e+02,2.529791953255312364e+02,1.779086915129466036e+02,9.575771944483851712e+02,9.899482447554900943e+01,-4.600275054116696083e+01,4.233388847498920882e+02,5.068209481037065416e+02,-1.881177842937504607e+01,7.983805989319517948e+02,6.007817656059327938e+00,8.419557858878176759e+00,-1.060957040951545860e+00,2.032026403007977251e+02,4.525670470689461666e+01,4.693793911704659649e+02,2.468186729197337286e+02,-2.352352334250418409e+01,-7.781200391826894602e+00,3.452516948885943293e+02,-1.380112026425787235e+02,3.628240826925926399e+02
1.113081143850615575e+02,-2.600429773023141422e+01,1.667519518711771070e+03,2.772833824351389609e+01,-1.297292636818189635e+02,1.369674941170032753e+03,1.928751331127209880e+02,1.716046457207866354e+02,1.402169797345930647e+03,-4.068125410850731782e+01,-2.174596433835241100e+02,1.046746085725327021e+03,2.569184068138306998e+02,3.505681797557537038e+02,1.151367618195138448e+03,1.878302476130147340e+02,-1.980398459859674745e+02,1.015436267148601473e+03,4.036293492470717297e+02,2.302722065914758787e+02,1.123517220727767381e+03,6.317770083241541812e+01,-2.644695481222196776e+01,9.153934325343856244e+02,2.515811624171829521e+02,1.817931764919249247e+02,9.566421932504964616e+02,9.835219298786155662e+01,-4.338410732396619807e+01,4.241629630730870417e+02,5.033580700179203973e+02,-1.622689721579595812e+01,7.915480525842141333e+02,5.721714561746646943e+00,8.939254816111704471e+00,-1.010444005253779531e+00,2.027327132826426066e+02,5.059975948612758145e+01,4.627658391700841207e+02,2.469143979977169749e+02,-2.324834213422592910e+01,-7.825328026838838547e+00,3.409367055749700626e+02,-1.352558874484860212e+02,3.519380444722128800e+02
1.150615247409035078e+02,-2.583759132855685081e+01,1.665859147589646682e+03,2.979205142530148720e+01,-1.293739955834437865e+02,1.367799261897316001e+03,1.951987117965821312e+02,1.730823527595109113e+02,1.401621406193307166e+03,-4.607619424899996119e+01,-2.152325815884216240e+02,1.044813230344825342e+03,2.581141612870366089e+02,3.595779538462164169e+02,1.153787297301714034e+03,1.809377754108231784e+02,-2.005397755086021903e+02,1.002423682962188536e+03,4.087537108491258095e+02,2.447390773571398199e+02,1.116469470697095630e+03,6.115470740923349524e+01,-2.091539936585268933e+01,9.143584940453056333e+02,2.501778861227139430e+02,1.859915103228974260e+02,9.551777846351425296e+02,9.787034323017572035e+01,-4.017712055541105087e+01,4.245654010480523652e+02,4.994814248112245991e+02,-1.302421669797805492e+01,7.838348304317051998e+02,5.686571413571250844e+00,9.468630999357721123e+00,-1.129798141689431379e+00,2.030330927273681993e+02,5.665567523592892485e+01,4.542289313184891171e+02,2.472416608998494212e+02,-2.274404498879912850e+01,-8.013861109863304577e+00,3.378528146305756650e+02,-1.318981796543372980e+02,3.400695272578087156e+02
1.186603183636462120e+02,-2.606375196786854431e+01,1.663549930734725876e+03,3.185982804448444838e+01,-1.289915365281745494e+02,1.365526807600983147e+03,1.973223876060907003e+02,1.743386545658391924e+02,1.400924472541559908e+03,-5.115018908349340165e+01,-2.131764409737761810e+02,1.042671222340650047e+03,2.595189908541677255e+02,3.685402008518278762e+02,1.156951298565283423e+03,1.738428953200406966e+02,-2.027470880397432325e+02,9.890819321504847039e+02,4.142365270886717781e+02,2.596922733658685161e+02,1.109604797234469288e+03,5.909707851242801979e+01,-1.501882923185771901e+01,9.129227763999372200e+02,2.488330800706764023e+02,1.906200193006415873e+02,9.532589581635010063e+02,9.765374832126373406e+01,-3.656230703921654168e+01,4.245844486910096407e+02,4.954087366393416119e+02,-9.253421521663188543e+00,7.753329424585444940e+02,5.782900452621515086e+00,9.936792460335576394e+00,-1.365019724216890218e+00,2.040979796752385482e+02,6.267235571325667109e+01,4.440480475180851840e+02,2.476116662926344532e+02,-2.214203421976432296e+01,-8.242257852055706380e+00,3.360883287463653346e+02,-1.283762822160656469e+02,3.279066362587728918e+02
1.220530348610857772e+02,-2.633085323799694422e+01,1.660625679620818346e+03,3.405283185156522308e+01,-1.284498487947236072e+02,1.362836741226902177e+03,1.994743960594514931e+02,1.755722272037208143e+02,1.400021345084141103e+03,-5.579451615194166436e+01,-2.112240033427723915e+02,1.040554548615388967e+03,2.613659568551774441e+02,3.774125979247857003e+02,1.160964441251317794e+03,1.661490968158431087e+02,-2.048299888468379208e+02,9.751833468146073756e+02,4.202332257266091915e+02,2.751993892838199258e+02,1.103462054946596254e+03,5.697678074996814956e+01,-8.931019624336402174e+00,9.112229561067443910e+02,2.475531899370151052e+02,1.956441552143535887e+02,9.511070992761789284e+02,9.768401631555374820e+01,-3.292590142460306168e+01,4.244783710283657570e+02,4.913015245627744321e+02,-5.037873406881188565e+00,7.662140545707723049e+02,5.816018053532357790e+00,1.027490709252326617e+01,-1.602446945606330608e+00,2.059612754793519116e+02,6.788073790914167205e+01,4.326727765710524523e+02,2.478212510964010278e+02,-2.161960630917283055e+01,-8.395060290879861498e+00,3.358233053272073789e+02,-1.251797758117658361e+02,3.159907900492611930e+02
1.252999892079563438e+02,-2.622164014012168209e+01,1.657377311701163535e+03,3.647986557736814461e+01,-1.276034661305418751e+02,1.359761039233530710e+03,2.018724962408309409e+02,1.770091120924450365e+02,1.398893016177948311e+03,-5.992004438592792326e+01,-2.091682269593912054e+02,1.038529542575832465e+03,2.638483347551707539e+02,3.861811224986328739e+02,1.165728772609724729e+03,1.575797887576663072e+02,-2.068189162504926344e+02,9.603164174222230258e+02,4.267933807449539927e+02,2.913069794558067542e+02,1.098334869661875928e+03,5.474583016282186065e+01,-2.794470899694944332e+00,9.094387476550608653e+02,2.462884645918508966e+02,2.009189882415284387e+02,9.489742667567618355e+02,9.783707606293236836e+01,-2.968266161402773662e+01,4.246187759588194126e+02,4.871766147877086723e+02,-5.086692936594234826e-01,7.566863243604700529e+02,5.636566895657586507e+00,1.043130908892514164e+01,-1.717074807209917342e+00,2.086838671241837062e+02,7.180917303832889331e+01,4.205343134286136433e+02,2.477609079795787466e+02,-2.131853220665642823e+01,-8.388848431900365554e+00,3.372282609674173273e+02,-1.226161750346411168e+02,3.045002386335791584e+02
1.285143651288886986e+02,-2.541579575845367245e+01,1.654188463662637787e+03,3.917786754357480561e+01,-1.263070730209333021e+02,1.356348965707162051e+03,2.046156174218157560e+02,1.788140288886049802e+02,1.397529633175813842e+03,-6.345975918407626892e+01,-2.067387946387490274e+02,1.036445816390496702e+03,2.670592322376596144e+02,3.948032433120740734e+02,1.170976950303038166e+03,1.480574993891414977e+02,-2.085432523753934504e+02,9.441012140966911375e+02,4.338213765429295563e+02,3.079528498208561587e+02,1.094162117021001222e+03,5.235732133263626764e+01,3.377388350681564511e+00,9.076922497064633717e+02,2.449595888849034111e+02,2.062926889365675720e+02,9.470176250450095949e+02,9.796410170334650047e+01,-2.707799810920867145e+01,4.253152829269466793e+02,4.829152760008623204e+02,4.251016516014821889e+00,7.469357700648628224e+02,5.221771338575490695e+00,1.038028570102840575e+01,-1.626750172394094918e+00,2.123273510606053378e+02,7.439323717195667030e+01,4.078642585059896533e+02,2.474625010437331980e+02,-2.130601455814018408e+01,-8.194789671642171314e+00,3.403876835125093976e+02,-1.207317604445890282e+02,2.932478982766757554e+02
1.317811459083237082e+02,-2.381852609888577987e+01,1.651303588578128711e+03,4.208464821038725034e+01,-1.244362221697372632e+02,1.352634535559406913e+03,2.076440884145902430e+02,1.810141512233331866e+02,1.395905992552079624e+03,-6.637460963397550984e+01,-2.036880562335648222e+02,1.034049135975699755e+03,2.709709615322460081e+02,4.031855456079576356e+02,1.176386638254275340e+03,1.376843295951090624e+02,-2.096912626103441823e+02,9.264630178233161359e+02,4.411275002555717606e+02,3.249661094772328624e+02,1.090633192041630537e+03,4.980019622281290737e+01,9.700312005180409258e+00,9.059952632580826730e+02,2.434943502713419718e+02,2.116942480693002437e+02,9.452248020498427650e+02,9.799027544660002320e+01,-2.507075589276740146e+01,4.266588589688755633e+02,4.783547199738686118e+02,9.255327895721482179e+00,7.370620210236916137e+02,4.681156018849779166e+00,1.013433747574845611e+01,-1.327367432268046432e+00,2.169358319926392937e+02,7.588339060835444627e+01,3.945964630582175232e+02,2.470674437613195664e+02,-2.158056719752477193e+01,-7.836807601976242488e+00,3.453016265320381990e+02,-1.193840944591323705e+02,2.818772693741093462e+02
1.351060924013739566e+02,-2.159270743348531241e+01,1.648669043493862546e+03,4.506132953169750976e+01,-1.219149182666929647e+02,1.348621072209928343e+03,2.107820823107507238e+02,1.834834963019085308e+02,1.393973557488774986e+03,-6.866330966101288880e+01,-1.998855992035022098e+02,1.031170141905504352e+03,2.754554782039508609e+02,4.112231377484891368e+02,1.181711485873500351e+03,1.266372935668220379e+02,-2.099684962254680443e+02,9.077870800658097323e+02,4.485204390631549813e+02,3.421893897577388657e+02,1.087420979724244035e+03,4.712909903302239911e+01,1.632179896854695400e+01,9.042604383532104748e+02,2.418537778252098462e+02,2.171550960934851844e+02,9.434209360238050976e+02,9.797279673649320841e+01,-2.336133869599568413e+01,4.284669017462261422e+02,4.733931298852986060e+02,1.464990217763101654e+01,7.270316724067090490e+02,4.193988365729632406e+00,9.754123686436948049e+00,-8.909361023485696807e-01,2.225400572960400041e+02,7.666768182719964386e+01,3.804008590804791083e+02,2.467441698072186398e+02,-2.209874376638175875e+01,-7.373808863062992103e+00,3.519372004391082100e+02,-1.183762166919496650e+02,2.701338267050094260e+02
1.384226193317674927e+02,-1.907900771698354703e+01,1.645945635015199059e+03,4.795440426580391602e+01,-1.187447691167222956e+02,1.344285484274211285e+03,2.138273197678700228e+02,1.860019651822102844e+02,1.391672335459929172e+03,-7.036978554169553490e+01,-1.954156435068513815e+02,1.027858274614594848e+03,2.803269742663715647e+02,4.188784475954178674e+02,1.186863479300804556e+03,1.150472936664037462e+02,-2.092749193625624002e+02,8.888321752139721639e+02,4.558710975037054141e+02,3.596477205083169792e+02,1.084389994870625515e+03,4.446278316224182703e+01,2.330015654248624557e+01,9.023517565978777384e+02,2.400345588518495674e+02,2.227707652961184408e+02,9.413467657228725329e+02,9.808198403039556013e+01,-2.155307542461532577e+01,4.303606774902200414e+02,4.680399862008551963e+02,2.070040599067514009e+01,7.166847918778064468e+02,3.915718612121519726e+00,9.337263471480611088e+00,-4.281332731017056803e-01,2.291736424836026060e+02,7.714047797744164825e+01,3.648532679712464528e+02,2.466077345632818947e+02,-2.279855418260873279e+01,-6.878919115343260948e+00,3.602569440056689132e+02,-1.175518545951240696e+02,2.580632084058931355e+02
1.416443671250630416e+02,-1.664620682396911633e+01,1.642684189016729533e+03,5.066514964773132590e+01,-1.150249563260102121e+02,1.339594055230873437e+03,2.166342637892183802e+02,1.883570818932397515e+02,1.388955812255048158e+03,-7.157794589973877919e+01,-1.906336428781617087e+02,1.024373656234785585e+03,2.853858098902751976e+02,4.262410769886503772e+02,1.191911224173317805e+03,1.029432505668116846e+02,-2.078152151420095493e+02,8.704310956228989653e+02,4.631127581512844813e+02,3.776228355112843929e+02,1.081662240246404053e+03,4.193767787464364716e+01,3.055001283554146951e+01,9.001346371111034159e+02,2.380507211959678955e+02,2.286442021505615116e+02,9.387650695398153857e+02,9.851387466098283596e+01,-1.935995548473651340e+01,4.319340768428819501e+02,4.623894635055935964e+02,2.771045505921721741e+01,7.058125401776566150e+02,3.900304760240747015e+00,8.975637349266985865e+00,-3.822234824557655536e-02,2.368749866900858478e+02,7.766789702701628073e+01,3.476797220282747389e+02,2.466835725555180261e+02,-2.361165150346401020e+01,-6.424273926554099567e+00,3.701822158764352935e+02,-1.168064989535781990e+02,2.460392865698285334e+02
1.447241931163607376e+02,-1.454671223977525329e+01,1.638555199093254032e+03,5.319131126347885896e+01,-1.109478777031784489e+02,1.334517154249099576e+03,2.191531639648235341e+02,1.904342054714905998e+02,1.385811876740545813e+03,-7.238997144183495891e+01,-1.861107727479848108e+02,1.021043587454290559e+03,2.904525391586626029e+02,4.335170094153365312e+02,1.196998557534547217e+03,9.029321870931043748e+01,-2.060889932163832157e+02,8.531457347035128578e+02,4.701973633336847911e+02,3.965415766771279777e+02,1.079520346783274363e+03,3.963601043895337028e+01,3.789166587376207218e+01,8.974996509891871028e+02,2.359116166014439671e+02,2.348472859011747573e+02,9.355432774289095050e+02,9.938526489259793095e+01,-1.674570448242914722e+01,4.329232345068831478e+02,4.565469042405579785e+02,3.589261291091269612e+01,6.942723879221861125e+02,4.077104569731837991e+00,8.699779788807180836e+00,2.237700458751230859e-01,2.456616945340863367e+02,7.860514560861517452e+01,3.289528710255080455e+02,2.469237237411296633e+02,-2.446851729895195504e+01,-6.072640566793337413e+00,3.815250660412521029e+02,-1.160340067168110778e+02,2.346132999368004164e+02
1.476819658291012161e+02,-1.284063390057577436e+01,1.633493573401932963e+03,5.562291291892551470e+01,-1.067576937235240422e+02,1.329032550133668110e+03,2.214187827976401195e+02,1.922549145717877650e+02,1.382260202109075863e+03,-7.289786013980271662e+01,-1.824299587394762625e+02,1.018072592757976395e+03,2.953891488484945285e+02,4.409412901016669366e+02,1.202223605381474272e+03,7.709805414883538788e+01,-2.047528708280749186e+02,8.370758905028931167e+02,4.770557521326961705e+02,4.167269565678847698e+02,1.078225080586798867e+03,3.753615980883174075e+01,4.516354388513708784e+01,8.943603784879657042e+02,2.336140159037723834e+02,2.414089845915555088e+02,9.316764281710827618e+02,1.006766797543520369e+02,-1.391962530688265609e+01,4.332904140218614089e+02,4.505631823090177477e+02,4.527088770726154365e+01,6.820647183165940532e+02,4.295534228431349355e+00,8.451948261983947219e+00,3.466643638974438169e-01,2.554973933425281132e+02,8.028419853266713346e+01,3.091187381813380171e+02,2.472517346118559658e+02,-2.530117457479262555e+01,-5.873337096552299741e+00,3.939688065876549103e+02,-1.150617429010309252e+02,2.242621122755773229e+02
1.505877109828582832e+02,-1.140926315996035889e+01,1.627676771963721194e+03,5.809758609985793498e+01,-1.026756050989130244e+02,1.323114085829642590e+03,2.235070404619146416e+02,1.939550165935431494e+02,1.378319595793733924e+03,-7.316573269907176780e+01,-1.798995096537649374e+02,1.015418518902523374e+03,3.001072816918792796e+02,4.486593561641790302e+02,1.207538635291626861e+03,6.345561557717752521e+01,-2.043962937065606695e+02,8.219248981302454240e+02,4.835928400539100380e+02,4.381763682606689372e+02,1.077869162970760726e+03,3.552701407163187497e+01,5.231309994043623846e+01,8.906443404482315600e+02,2.311530470418386187e+02,2.483171837417404220e+02,9.272481979275670483e+02,1.022616012723108270e+02,-1.120271454595792093e+01,4.331904223478510403e+02,4.444205783679243495e+02,5.569096447134707262e+01,6.693102780145001134e+02,4.413109906873477151e+00,8.118577414650278712e+00,3.388125371572021649e-01,2.662896214000830923e+02,8.292738778018522794e+01,2.888254418552001539e+02,2.476026300279159784e+02,-2.604460030214162103e+01,-5.860138323328361487e+00,4.071481290550233325e+02,-1.136277016809123808e+02,2.151706065993601555e+02
1.535142452798777413e+02,-1.003558831634038562e+01,1.621361119880361684e+03,6.073736801234039007e+01,-9.882064963326270401e+01,1.316712587257670293e+03,2.254866544608794356e+02,1.957190866416710264e+02,1.373963049717460535e+03,-7.323364379274458713e+01,-1.783470297054066407e+02,1.012802874468516052e+03,3.045638508335691199e+02,4.566427248931512395e+02,1.212723623282442077e+03,4.954567190632027263e+01,-2.053192704373172717e+02,8.072658546015095453e+02,4.897082512513649135e+02,4.605207398899187297e+02,1.078356303578028019e+03,3.348497416516348579e+01,5.940323711231275183e+01,8.862949372673052721e+02,2.285409969852497056e+02,2.555213895261407799e+02,9.223596103881865247e+02,1.040051918361998844e+02,-8.853611271135434890e+00,4.328557626934151585e+02,4.380784200318313992e+02,6.693973017821829785e+01,6.561403382182268160e+02,4.373458929461661704e+00,7.610563770962879282e+00,2.057972099730946969e-01,2.779365905348416845e+02,8.652086047321584772e+01,2.686574254182439176e+02,2.479396735704523849e+02,-2.663842946013581425e+01,-6.049970755366594233e+00,4.207963713811208777e+02,-1.114277163165738784e+02,2.071742329511714331e+02
1.564887102940201657e+02,-8.505439216218517728e+00,1.614689001114548319e+03,6.359460413468092810e+01,-9.516736958204944585e+01,1.309745474642020554e+03,2.273889260801909131e+02,1.977009387951217150e+02,1.369095884412548457e+03,-7.313609725362579184e+01,-1.771477546129961524e+02,1.009842348936316057e+03,3.087466427595492178e+02,4.646853997473323261e+02,1.217450379877788237e+03,3.555561939485060208e+01,-2.074128816707924159e+02,7.928335515787791792e+02,4.953092755346256126e+02,4.831880341545044075e+02,1.079505573984999501e+03,3.136454605478567359e+01,6.653887137737214630e+01,8.812880070523978020e+02,2.258173996476697880e+02,2.629367756368819187e+02,9.170681392594588033e+02,1.058695126899210806e+02,-6.953854053133857960e+00,4.324735741857959965e+02,4.315480900854714150e+02,7.888709857655874202e+01,6.425828379267635455e+02,4.225140193223158036e+00,6.940534943596767370e+00,-4.959561842345824867e-02,2.903931034277169942e+02,9.074546941861642324e+01,2.489419512540266339e+02,2.482529578886718582e+02,-2.703201253265861226e+01,-6.441501683027364145e+00,4.348633495999699221e+02,-1.082167389449838453e+02,1.998957586935757718e+02
1.594702395151989833e+02,-6.682357020341770593e+00,1.607593434079919916e+03,6.663094066479823141e+01,-9.156736055483895598e+01,1.302113132834829685e+03,2.292063996543710971e+02,1.999638597005175313e+02,1.363585537179060111e+03,-7.291466060414632011e+01,-1.755049075410287003e+02,1.006221083874778969e+03,3.126543836195822905e+02,4.724857944231382589e+02,1.221408234869769331e+03,2.161382379888878447e+01,-2.101983114296865551e+02,7.786668092436871120e+02,5.002976301804939681e+02,5.056535168792176478e+02,1.081199812371583903e+03,2.924096632251915651e+01,7.377634857982330630e+01,8.756536116211590297e+02,2.230417263223395423e+02,2.704580469021245221e+02,9.113695778412882191e+02,1.079573165270430763e+02,-5.396784530246623746e+00,4.321168246062514982e+02,4.249470842693996815e+02,9.153988678275507596e+01,6.285372506574260569e+02,4.072432415715318221e+00,6.243092939101664740e+00,-4.074411152312428785e-01,3.036970021588134045e+02,9.505613722303475299e+01,2.297344887979262467e+02,2.485542898215561536e+02,-2.719443883030876208e+01,-7.012871305105533359e+00,4.495177887640589915e+02,-1.039088160885807497e+02,1.929849754345979420e+02
1.623646811968872612e+02,-4.529222917028928208e+00,1.599857775904032678e+03,6.974038541029396754e+01,-8.782780765954895230e+01,1.293746542746813248e+03,2.309151010504752719e+02,2.024694676764217718e+02,1.357338156813065098e+03,-7.260841866876285167e+01,-1.728279080272924659e+02,1.001808136976625406e+03,3.162747810970787441e+02,4.797782894612336690e+02,1.224431361857237789e+03,7.785591904651001371e+00,-2.129971823315466963e+02,7.650403808594579687e+02,5.045464526292156506e+02,5.276153542440174533e+02,1.083477840766065128e+03,2.727679404655781070e+01,8.108308104973040997e+01,8.694887662129873434e+02,2.202733104714823753e+02,2.779860090467792588e+02,9.052282423396972035e+02,1.104660366188277862e+02,-3.956972483086472980e+00,4.317508081391394512e+02,4.184937865741217138e+02,1.049664698813102461e+02,6.138673970532535122e+02,3.997668385330385377e+00,5.719690141134009309e+00,-8.124046984342420119e-01,3.179217241833391654e+02,9.891563093327970080e+01,2.109606758843651164e+02,2.488729683016370302e+02,-2.712844936285366515e+01,-7.718899961993459513e+00,4.650240192566852215e+02,-9.861157532525710678e+01,1.863063852588217912e+02
1.650664543516040794e+02,-2.080066396430743314e+00,1.591283205903313501e+03,7.280664112168591373e+01,-8.380851408569606065e+01,1.284665897136898820e+03,2.325038316040870257e+02,2.051232835505209380e+02,1.350377806747069599e+03,-7.222768259078819142e+01,-1.689811040225178829e+02,9.966659973856048964e+02,3.195643832070472854e+02,4.864530658529240554e+02,1.226564351636132642e+03,-5.869368016593287329e+00,-2.151415523324303933e+02,7.522692038220509403e+02,5.079031043457538885e+02,5.490054527810441414e+02,1.086516291617791012e+03,2.563779082410366783e+01,8.836785058633675760e+01,8.629478588443876106e+02,2.175505163267949342e+02,2.854583148788512972e+02,8.986319005921558301e+02,1.135804096285604032e+02,-2.386726175763658198e+00,4.312925049265909934e+02,4.124424016835483258e+02,1.191614848955275789e+02,5.985515563205110539e+02,4.012953716219715083e+00,5.538784969065112307e+00,-1.178646975995331525e+00,3.330827235719348209e+02,1.020858929322702835e+02,1.925992564557542721e+02,2.492438093165959856e+02,-2.688470549859398062e+01,-8.490564257207021015e+00,4.815643435680366338e+02,-9.255436974657399674e+01,1.799669914827450725e+02
1.675043874536770545e+02,6.101114803228715466e-01,1.581847013403513529e+03,7.576519028287408730e+01,-7.948913005105941920e+01,1.275012052379501938e+03,2.339938959253849191e+02,2.078534921043737143e+02,1.342870743517410574e+03,-7.173645926567128583e+01,-1.642631070727266831e+02,9.909649296084164689e+02,3.224406597585805798e+02,4.926026356150306924e+02,1.228027138003749997e+03,-1.923209876506338389e+01,-2.161341086174033421e+02,7.405360820132332265e+02,5.102380124447922753e+02,5.698641038495227349e+02,1.090515460873078382e+03,2.441648173958892443e+01,9.554612923045529271e+01,8.562045536632736003e+02,2.148788607071615502e+02,2.928711066569645141e+02,8.916332369575897019e+02,1.173691574904232482e+02,-4.978217483023041345e-01,4.306767207035255183e+02,4.069962051297046060e+02,1.339803123728319179e+02,5.827807187281200640e+02,4.071374646803757713e+00,5.751685282220896589e+00,-1.420992870659504970e+00,3.490701221668332437e+02,1.048371067418919154e+02,1.747887908622596740e+02,2.496812057553441946e+02,-2.656871375410479885e+01,-9.241802245282746853e+00,4.991108842635188694e+02,-8.591322858387802341e+01,1.741890990094275651e+02
1.696690710766223162e+02,3.504421666803673396e+00,1.571747722844270811e+03,7.863464256093166682e+01,-7.497508646706643276e+01,1.265020428235611007e+03,2.354407554176837323e+02,2.106769666889719872e+02,1.335067660523841369e+03,-7.106782755302903354e+01,-1.591631720196847652e+02,9.848704760579096273e+02,3.248020512669419873e+02,4.984659683537232695e+02,1.229088200218209067e+03,-3.211301209014155233e+01,-2.157328499622599622e+02,7.298468650023582995e+02,5.115209084009952107e+02,5.901863475121567717e+02,1.095552266092057380e+03,2.361094326434480806e+01,1.025862146328180131e+02,8.493945573904090907e+02,2.122315762092646594e+02,3.002843164651883399e+02,8.843498823035978376e+02,1.217457705128814638e+02,1.788969473271923238e+00,4.298884635050621341e+02,4.022493962989741476e+02,1.492238119708417514e+02,5.669276035625235863e+02,4.117632447850798627e+00,6.275381551427071436e+00,-1.494056616960183215e+00,3.656632512000057318e+02,1.079732090537552978e+02,1.578081821309328063e+02,2.501515596875608480e+02,-2.632847033178032703e+01,-9.886970297442813305e+00,5.174168356942362834e+02,-7.859427541137718265e+01,1.691243456027288232e+02
1.716103534721438280e+02,6.594707570488459680e+00,1.561316579556053057e+03,8.149674410195201801e+01,-7.044143297687303118e+01,1.254941183929801127e+03,2.369170875290841707e+02,2.137121423447744633e+02,1.327194517595335810e+03,-7.017192862926387420e+01,-1.540849899585380172e+02,9.784761585327254352e+02,3.265802608108990626e+02,5.042975680678954973e+02,1.229910306806373228e+03,-4.431094248778735789e+01,-2.139944339265798305e+02,7.201076803648783198e+02,5.118725457304118436e+02,6.098454514232771544e+02,1.101476656813353884e+03,2.316203174099056028e+01,1.095132783986470741e+02,8.425664343532466773e+02,2.095622624769083870e+02,3.078137718978595103e+02,8.769235646047039836e+02,1.265107478483435699e+02,4.432196406320452198e+00,4.289503129527905685e+02,3.981842909814614018e+02,1.648252874891105080e+02,5.514015457589675862e+02,4.129715593713314092e+00,6.951270997347365643e+00,-1.413314540145472531e+00,3.826164475335771158e+02,1.126541067001546139e+02,1.419599828073515368e+02,2.505704655001418644e+02,-2.631483785425702848e+01,-1.036522929180266139e+01,5.361203932082615893e+02,-7.009090736412939293e+01,1.647259732818504006e+02
1.734078729727655741e+02,9.892698906070377163e+00,1.550865739030421082e+03,8.443470874585713659e+01,-6.603911248179601046e+01,1.244947733480597208e+03,2.384814188037620966e+02,2.171318525146949412e+02,1.319363790591752831e+03,-6.906703534859572358e+01,-1.492185739775430307e+02,9.718112049505507457e+02,3.278003967369153884e+02,5.102370365941658861e+02,1.230461439858854874e+03,-5.570158514996899157e+01,-2.112999198866939423e+02,7.112378486335975367e+02,5.115405557203440026e+02,6.286337402051588015e+02,1.107908623192502773e+03,2.301050893702105782e+01,1.163951270247718099e+02,8.356718618538311603e+02,2.068268403420150321e+02,3.156179688028050236e+02,8.694652580267862731e+02,1.314417902410436625e+02,7.302055324782449119e+00,4.278863014692753381e+02,3.947103273453460588e+02,1.809908498002866963e+02,5.364889881345646927e+02,4.119859584094228921e+00,7.641314787057313040e+00,-1.244161210715832855e+00,3.997477492010941091e+02,1.200745210418137958e+02,1.274323283259410715e+02,2.508400064713298718e+02,-2.662340964802836041e+01,-1.066128978831750374e+01,5.548844034098707425e+02,-5.953057856893740762e+01,1.607531363988254043e+02
1.751298679492576298e+02,1.342726023278568981e+01,1.540575139953107509e+03,8.746755739326950163e+01,-6.180014806944221561e+01,1.235087166770976182e+03,2.401422581552172346e+02,2.210890789770861318e+02,1.311565862971993283e+03,-6.785422207031038511e+01,-1.445938458251328882e+02,9.648952502828913111e+02,3.286040414144867441e+02,5.162587576136500047e+02,1.230552111419245648e+03,-6.628657032723845077e+01,-2.083205677296072338e+02,7.032280993925810435e+02,5.107904129159848026e+02,6.463863099686699343e+02,1.114348069184238511e+03,2.312776201683488608e+01,1.233451169242978267e+02,8.286076213642960511e+02,2.040068386619328180e+02,3.238819771599374349e+02,8.620188955053454265e+02,1.363742173496186467e+02,1.025606636317802867e+01,4.266967397027452762e+02,3.917081174568309052e+02,1.981642769307294998e+02,5.222882357324274381e+02,4.104729817739497300e+00,8.301694074868507300e+00,-1.067576181912499589e+00,4.169639533054980234e+02,1.311173091147961713e+02,1.142139831572580846e+02,2.509095971088848387e+02,-2.724623857857704579e+01,-1.081228390021557395e+01,5.734804243829933057e+02,-4.593901067104723523e+01,1.569034556817208568e+02
1.768014202006931157e+02,1.726126159325118792e+01,1.530475551368397191e+03,9.052365991391337730e+01,-5.758187857522831621e+01,1.225298607214963340e+03,2.418363576577027345e+02,2.256648232327423216e+02,1.303740317544840991e+03,-6.667709936720899577e+01,-1.402000313074385645e+02,9.577794706039676385e+02,3.292054792752068693e+02,5.222328172019338126e+02,1.229978446637138632e+03,-7.615675655311306969e+01,-2.058522144059811012e+02,6.961085356410760596e+02,5.097631203382196077e+02,6.631112546348398382e+02,1.120353857085327945e+03,2.350164635499647758e+01,1.305408324943692833e+02,8.212888054212255611e+02,2.011208666251339423e+02,3.327919681550224595e+02,8.545600291094394834e+02,1.412314221163056231e+02,1.323156082089240826e+01,4.253639307221503714e+02,3.890539248464156685e+02,2.168184026085700964e+02,5.087723005212038174e+02,4.080701145982333244e+00,8.990369208043285099e+00,-9.461000128737457882e-01,4.342121550823461575e+02,1.461223241590370208e+02,1.020978824360111474e+02,2.508191274033424634e+02,-2.806557857419555191e+01,-1.089741123126561995e+01,5.917791317131170672e+02,-2.860923172882319676e+01,1.529925599934187233e+02
1.783977871605676455e+02,2.150834078392053428e+01,1.520509321273276555e+03,9.347199438471197652e+01,-5.308540095663799008e+01,1.215479620141232544e+03,2.434421157969880483e+02,2.308663253014255474e+02,1.295866819917862358e+03,-6.564729284469558479e+01,-1.360322950154271950e+02,9.505316694826102548e+02,3.297977741909914471e+02,5.280558927026709171e+02,1.228677233258035812e+03,-8.538289475123593775e+01,-2.045175228977075506e+02,6.898592267419859354e+02,5.083870256945427286e+02,6.790499292483714271e+02,1.125708810346149903e+03,2.409707419977864618e+01,1.382148092139732398e+02,8.137098991865136668e+02,1.982149370973479847e+02,3.424938640582949461e+02,8.470233768360631075e+02,1.460061470006843365e+02,1.630136921948414397e+01,4.238808937736051803e+02,3.866312377212148590e+02,2.372087004154283534e+02,4.959180783327583413e+02,4.028836808087911336e+00,9.807428729148490731e+00,-9.090059994249797271e-01,4.514038713142443839e+02,1.648788206240528496e+02,9.076108429315897297e+01,2.506899403108237436e+02,-2.890085147849413616e+01,-1.101350921776925063e+01,6.096846537728339399e+02,-7.369939420010401143e+00,1.490618627413525701e+02
1.798627302548273406e+02,2.631336836105863242e+01,1.510605877920610283e+03,9.618994896494336899e+01,-4.795727878367806341e+01,1.205553366570324670e+03,2.448333777564193099e+02,2.366634660756156165e+02,1.288004337948398415e+03,-6.478416699546427537e+01,-1.320340884236299530e+02,9.431796615598553899e+02,3.304644411948672200e+02,5.337631194987931167e+02,1.226793461925793508e+03,-9.390593438978916652e+01,-2.044576904769654675e+02,6.843407188952115803e+02,5.064097395360578844e+02,6.946214009984738595e+02,1.130490245129657751e+03,2.483010331204413390e+01,1.465809409821265490e+02,8.059559809085851612e+02,1.953366878793490287e+02,3.530436344513952918e+02,8.393410041650274707e+02,1.507217222023260206e+02,1.964519988911472126e+01,4.222764235890542750e+02,3.843521112758487561e+02,2.592513868784310489e+02,4.837994900586919584e+02,3.940708512557661969e+00,1.080998762315439166e+01,-9.557042681070984091e-01,4.683647964433533275e+02,1.868532727784064775e+02,7.987856627099722573e+01,2.506641763370029707e+02,-2.958651449287149759e+01,-1.124252293197171682e+01,6.270852001634547150e+02,1.741546441851634341e+01,1.453264458686959983e+02
1.811371914025238254e+02,3.178975054205773887e+01,1.500721579612254573e+03,9.862172597282592790e+01,-4.193539688731563331e+01,1.195499381814312983e+03,2.459492953047821686e+02,2.430270000263078600e+02,1.280252792691534523e+03,-6.401205735696127874e+01,-1.280250396285157137e+02,9.356745426049222942e+02,3.311483219837037950e+02,5.395454976661800401e+02,1.224625358941837931e+03,-1.015140904170143443e+02,-2.051964487698389235e+02,6.793155668488311676e+02,5.035431334211442049e+02,7.102576033170927303e+02,1.135012595042767998e+03,2.558233527421645093e+01,1.557210835629235532e+02,7.981570603605829319e+02,1.925113540756746033e+02,3.643747232190274872e+02,8.314735309782086006e+02,1.553994238834248449e+02,2.343980034619479724e+01,4.206124256202280662e+02,3.821956673178916617e+02,2.825923662786298109e+02,4.725776386842966303e+02,3.834406964723691136e+00,1.196026409297792092e+01,-1.060728917144429850e+00,4.848283773406137129e+02,2.115415428463794854e+02,6.921954275292048919e+01,2.508299650265836362e+02,-3.003709777933246272e+01,-1.161923520935377852e+01,6.438655268667974951e+02,4.513117552687262446e+01,1.419644663641224724e+02
1.821818479125969645e+02,3.795940173166955844e+01,1.490837835690406791e+03,1.007910757758161679e+02,-3.496007241775622987e+01,1.185344841864320642e+03,2.468360589049609359e+02,2.499432344304678395e+02,1.272673394094877494e+03,-6.322399237618125056e+01,-1.237253169333462637e+02,9.279261903791275472e+02,3.316862773085733807e+02,5.456665119860600726e+02,1.222492829880545514e+03,-1.079453250356437479e+02,-2.057943731773549985e+02,6.745698892403587479e+02,4.996364734336941069e+02,7.261997150886160171e+02,1.139673819297717046e+03,2.625065758682407235e+01,1.655125147007790929e+02,7.904126239669238885e+02,1.897356574639332223e+02,3.763120120797124173e+02,8.234222206757129925e+02,1.600386798832641659e+02,2.773306264806515387e+01,4.189492469674386825e+02,3.802421098425969603e+02,3.067987049531917592e+02,4.623946308163241952e+02,3.740228569659176383e+00,1.314349167898950199e+01,-1.168242522911181469e+00,5.004591551769501621e+02,2.387552754795333954e+02,5.868449135871918543e+01,2.511810503124980585e+02,-3.026416599423136589e+01,-1.211159726436038930e+01,6.599680114491803806e+02,7.530825600955557775e+01,1.388533174696137280e+02
1.829862349380467776e+02,4.475902986259909255e+01,1.480944483581183022e+03,1.027667762799946729e+02,-2.718097195097917762e+01,1.175141316870551009e+03,2.476277157434686558e+02,2.574093097630692455e+02,1.265232629035271884e+03,-6.237961338570076464e+01,-1.188972171541264515e+02,9.199015426155300474e+02,3.318766646407125336e+02,5.523441795869905491e+02,1.220613163617251985e+03,-1.130682088477105793e+02,-2.052556219091879939e+02,6.700636909195155795e+02,4.947679241985815111e+02,7.423708743587860681e+02,1.144784595591423567e+03,2.679990825471085003e+01,1.756656479138924567e+02,7.827298156609257376e+02,1.869912680887235013e+02,3.886406945872108167e+02,8.152167365766844114e+02,1.646069987310355600e+02,3.238824260080984629e+01,4.172983424388349931e+02,3.786688228280828525e+02,3.315353264796439703e+02,4.532404570763207516e+02,3.666652421995029609e+00,1.424311476639995711e+01,-1.184538753177543535e+00,5.148876068658018994e+02,2.686796174020729495e+02,4.827224047568783760e+01,2.516353290242115293e+02,-3.034417405585584504e+01,-1.262658569906530204e+01,6.754409412163726074e+02,1.079006386357787761e+02,1.354197887822878386e+02
1.835657056151089819e+02,5.212902086194888795e+01,1.471034549103001837e+03,1.046101818282611333e+02,-1.885488719823213799e+01,1.164954505609510534e+03,2.484724628417893655e+02,2.654293427763899444e+02,1.257810527620973062e+03,-6.157945049556452233e+01,-1.135116625497066138e+02,9.117177272481544605e+02,3.315408870773653121e+02,5.596824758018835837e+02,1.219044598291478678e+03,-1.170296047472158989e+02,-2.030009470559550380e+02,6.660052903213136233e+02,4.891963148433762854e+02,7.584215612022251207e+02,1.150463420327032964e+03,2.728188359699379362e+01,1.858628712883643459e+02,7.750114753384199275e+02,1.842658672414348473e+02,4.012012222707635942e+02,8.068855963929140671e+02,1.690416635164552872e+02,3.714122224714762410e+01,4.155960317254742904e+02,3.776946030776791758e+02,3.566268536801432560e+02,4.448865193762547392e+02,3.579512969791011301e+00,1.521741396960916681e+01,-9.908620526074456425e-01,5.277486038246559019e+02,3.016773234236957819e+02,3.801430542486986752e+01,2.520947478046235801e+02,-3.037057172643161707e+01,-1.304519102632225902e+01,6.904070623512808424e+02,1.432805473571842185e+02,1.307445791108910953e+02
1.839496413767506340e+02,6.012485912651141717e+01,1.461111290938830734e+03,1.063397866478768492e+02,-1.020321493492359366e+01,1.154872429585565897e+03,2.494494246226151688e+02,2.740223274311434807e+02,1.250260196327223412e+03,-6.106270490424732600e+01,-1.078104147561216024e+02,9.036583927546118957e+02,3.305654067254309325e+02,5.676885689897520706e+02,1.217702920772868765e+03,-1.202640668430181705e+02,-1.991698836247393558e+02,6.627915826247893847e+02,4.832080355869485970e+02,7.739504802773443544e+02,1.156638275664890443e+03,2.780549389509553748e+01,1.959114021666077576e+02,7.671049279828356475e+02,1.815675048920856511e+02,4.139558082801507339e+02,7.984306689277008218e+02,1.732693046516498043e+02,4.173670296418136871e+01,4.137270681295683517e+02,3.774935539640680986e+02,3.820048216820110838e+02,4.369538524820022758e+02,3.420258858543284042e+00,1.611779219809421448e+01,-4.878784527963712647e-01,5.387186304828549055e+02,3.379842721298166452e+02,2.794497998300971275e+01,2.525013760980662028e+02,-3.042934265788275638e+01,-1.327317087227535630e+01,7.049346244877891650e+02,1.819859647935544160e+02,1.239329126914595491e+02
1.841643128124666760e+02,6.895584308127605766e+01,1.451187380002329064e+03,1.079289981840911139e+02,-1.320694619950247173e+00,1.145010928522311133e+03,2.505283760173309702e+02,2.832333120285776999e+02,1.242468132799980140e+03,-6.111398698713679067e+01,-1.022010882676222110e+02,8.960919567888669235e+02,3.289312896292192931e+02,5.763451409520540665e+02,1.216415638224220402e+03,-1.233382526849759842e+02,-1.945886616407463521e+02,6.608462110751847831e+02,4.769605003484227836e+02,7.887870158482706984e+02,1.163131096379288692e+03,2.847542494354495446e+01,2.058148656963751364e+02,7.588887101314633128e+02,1.789255694133636325e+02,4.269831996213318348e+02,7.898283153862182644e+02,1.772405294688696813e+02,4.605730716971822147e+01,4.115984300361987493e+02,3.781213267872842039e+02,4.076217168103831341e+02,4.291100220317388789e+02,3.158003602414462208e+00,1.703122500715776866e+01,3.460120861732323139e-01,5.475412855144066953e+02,3.775178774668050892e+02,1.815140557139272914e+01,2.528517931336563720e+02,-3.060800835050094193e+01,-1.328185254322407616e+01,7.188713303224751598e+02,2.244114361059767759e+02,1.145884367429185460e+02
1.842158287798217486e+02,7.889852187942683770e+01,1.441262583150642286e+03,1.093275655325409303e+02,7.820633326103654248e+00,1.135490732583859426e+03,2.515940137202638311e+02,2.931299218781317677e+02,1.234373895619297627e+03,-6.192065447505213882e+01,-9.703596845814440996e+01,8.893330672400758203e+02,3.267317912151184487e+02,5.856748235908539755e+02,1.214979097525037332e+03,-1.267025195806757552e+02,-1.903982894158857562e+02,6.604494054037710384e+02,4.704189596376291433e+02,8.031647009794078258e+02,1.169758641713705629e+03,2.933860109030879926e+01,2.157333414166487842e+02,7.503486643201885045e+02,1.763813175766588586e+02,4.404036427966757401e+02,7.810596109751699032e+02,1.809625352463343972e+02,5.017021210967761391e+01,4.092245720358262702e+02,3.794861806068586816e+02,4.334196055416008448e+02,4.212958557008135472e+02,2.839123740254542838e+00,1.798827775969430931e+01,1.421348766463333968e+00,5.540301675606997378e+02,4.199297104845439890e+02,8.871905922065783656e+00,2.531660620195860076e+02,-3.100964908050307045e+01,-1.311698796638136066e+01,7.317497107257776179e+02,2.706409815431182437e+02,1.031232981497828831e+02
1.840805318693196284e+02,9.012378288540993765e+01,1.431296514591392224e+03,1.104831592359352044e+02,1.730674013523374200e+01,1.126387678836409577e+03,2.525114141396236676e+02,3.037729629963033062e+02,1.225953176853529385e+03,-6.346316179130739243e+01,-9.240288739434063814e+01,8.835221713806914750e+02,3.241604799977669700e+02,5.957521451213157206e+02,1.213211641253655671e+03,-1.304764537724929880e+02,-1.875058075169086180e+02,6.616446636882050143e+02,4.634176639787297631e+02,8.176661886789675009e+02,1.176391456543798313e+03,3.037406751991915854e+01,2.258799027742431917e+02,7.415972862793511240e+02,1.739764779704157149e+02,4.542828035559589352e+02,7.721453157637829463e+02,1.845087492538102936e+02,5.427746901495433463e+01,4.067640570558031072e+02,3.813674104168833310e+02,4.593801901510889820e+02,4.138327603826965628e+02,2.592921957943153721e+00,1.890848798618312898e+01,2.559902367041700710e+00,5.580497297594416750e+02,4.648373005665673077e+02,5.426989177566354794e-01,2.534412656258995469e+02,-3.173272858769241012e+01,-1.287274579646054384e+01,7.428463687321524276e+02,3.204844618102241611e+02,9.069678091691469035e+01
1.837083134961539486e+02,1.025492454128451811e+02,1.421214295585434456e+03,1.113452500913725061e+02,2.723642227109692016e+01,1.117693236437724408e+03,2.531858828697656918e+02,3.151679262981369902e+02,1.217206180860561517e+03,-6.551277858001773780e+01,-8.804699322636406578e+01,8.785872686787527073e+02,3.214550916220443924e+02,6.066625965927778452e+02,1.211011113238477947e+03,-1.343734658125763417e+02,-1.861267420324830084e+02,6.642512593381998158e+02,4.557973055781947096e+02,8.329518966316367141e+02,1.182957302573455536e+03,3.153448875726276768e+01,2.364316669851063182e+02,7.328256053666143544e+02,1.717481643370742006e+02,4.685773818642061315e+02,7.631535224530936148e+02,1.879962920492124567e+02,5.862193037169549825e+01,4.044674079665737167e+02,3.834615573550960903e+02,4.856108878944980916e+02,4.073067910263116005e+02,2.580461612918699021e+00,1.963248280709418836e+01,3.569213243720330997e+00,5.594894981194457841e+02,5.120278667951912439e+02,-6.298911390803303867e+00,2.536295756359837981e+02,-3.280742362826148906e+01,-1.264894470375988433e+01,7.513903052663470135e+02,3.736236540847569927e+02,7.877939053907198286e+01
1.830381582605233746e+02,1.158282092957992973e+02,1.410964870887152983e+03,1.118515498897273091e+02,3.775168359531346596e+01,1.109328058496400672e+03,2.535833488479610196e+02,3.272248312438711650e+02,1.208184752018571317e+03,-6.774997151188098599e+01,-8.345857147414824340e+01,8.743068697566453693e+02,3.188109012485505787e+02,6.184445793732355696e+02,1.208407878420322504e+03,-1.377908603649737813e+02,-1.856664600445804467e+02,6.679607462222143113e+02,4.475260820529794046e+02,8.494158937754052658e+02,1.189415748684687287e+03,3.281334568838867227e+01,2.475031820419427504e+02,7.242208804591878106e+02,1.697328159523432021e+02,4.831573170851385157e+02,7.541682877443370216e+02,1.915410635842767135e+02,6.342424936724318485e+01,4.025505468136285572e+02,3.854377935632312528e+02,5.123928212463358705e+02,4.022577600941697824e+02,2.917201491147130898e+00,2.003058152358376631e+01,4.331088680614319841e+00,5.582519602925136724e+02,5.614604525137530118e+02,-1.124932883802703287e+01,2.536623617983453300e+02,-3.412513468367891534e+01,-1.251702372376800376e+01,7.568251601733915095e+02,4.297297199696352550e+02,6.855920634034349348e+01
1.820178011337098098e+02,1.295076816521821002e+02,1.400603139044117825e+03,1.119129594084494244e+02,4.912250137630345392e+01,1.101214577438460765e+03,2.537100122874792874e+02,3.397631321053888769e+02,1.199043362752598568e+03,-6.993960319246835411e+01,-7.806299772502828205e+01,8.704410885104346107e+02,3.163026907591129202e+02,6.310587350117694996e+02,1.205578923514461621e+03,-1.400095552558038889e+02,-1.850201742597468524e+02,6.724751039664200789e+02,4.387257087497657153e+02,8.669626517473926697e+02,1.195738613500127940e+03,3.429288302601889882e+01,2.591744882261110092e+02,7.159012346399547368e+02,1.679740045517663134e+02,4.978897078902376734e+02,7.452395352072545620e+02,1.952133364822894350e+02,6.889062626505764797e+01,4.010610079925340301e+02,3.869963518723246807e+02,5.401455652602282953e+02,3.988368703667396176e+02,3.623483404578184963e+00,2.012253499047993799e+01,4.855511307286024092e+00,5.542640256895915627e+02,6.130703397200021527e+02,-1.428565597603697945e+01,2.535079249590786787e+02,-3.542066388490136575e+01,-1.250954120467650021e+01,7.589915895070239458e+02,4.884937792510592089e+02,6.049802295238487204e+01
1.806165879846725772e+02,1.432786998476181282e+02,1.390333798705827576e+03,1.114154724512512900e+02,6.179430770428449904e+01,1.093365898007527448e+03,2.535749365911490543e+02,3.525813146792625616e+02,1.190059284233861717e+03,-7.205956473444257426e+01,-7.139905148025243875e+01,8.668694978623790348e+02,3.138506086556743639e+02,6.444094328540614924e+02,1.202794588513586632e+03,-1.404097938229542137e+02,-1.831249939210471211e+02,6.776392908110682356e+02,4.295875789870095787e+02,8.850347563648651885e+02,1.201909387074872257e+03,3.613716662532585389e+01,2.715288957326354762e+02,7.078984507285359769e+02,1.665244589909125352e+02,5.127295781546374656e+02,7.363522105373439217e+02,1.990153937680910587e+02,7.526101587364912859e+01,3.998162297387027593e+02,3.879247202206229304e+02,5.693196100811862834e+02,3.966351196552926126e+02,4.638269402932281515e+00,2.012950080288178967e+01,5.272093487165803616e+00,5.475014548614332170e+02,6.665400227010210301e+02,-1.585652081256836254e+01,2.532227828113220198e+02,-3.634505994463918910e+01,-1.262933788068315444e+01,7.581269268507545576e+02,5.496148648734557582e+02,5.425226002825838378e+01
1.788262054807729839e+02,1.571742340548159973e+02,1.380473231609121285e+03,1.102461781844169479e+02,7.630380910282811158e+01,1.085931018442534196e+03,2.531634449099469748e+02,3.655681148517416545e+02,1.181578155551700092e+03,-7.430720213719972378e+01,-6.320048909813472449e+01,8.636821456800441865e+02,3.112391194981254330e+02,6.584086588908196518e+02,1.200313937315481326e+03,-1.386234342157910930e+02,-1.794315347555740345e+02,6.835169593185255508e+02,4.202372148033019812e+02,9.028815706645847285e+02,1.207926674836825441e+03,3.852723705026566137e+01,2.846572040100457457e+02,7.001831524535406288e+02,1.654361892919822878e+02,5.277569802224045361e+02,7.274419458424916911e+02,2.028893956839790746e+02,8.282026196436808618e+01,3.984536546945473674e+02,3.881325030326634078e+02,6.002649795232002816e+02,3.947952766468995947e+02,5.883294773219287954e+00,2.041665257267107947e+01,5.767164032290589049e+00,5.379987155571900530e+02,7.212073450072607557e+02,-1.672989905836244517e+01,2.529544494814290658e+02,-3.661124965546947863e+01,-1.286271936268333960e+01,7.546628312763688200e+02,6.128071841699664901e+02,4.896619131509285694e+01
1.766527575090756272e+02,1.715920747214259450e+02,1.371342650626361547e+03,1.083331611175578075e+02,9.305056273787843679e+01,1.079164941592546938e+03,2.524359228839526850e+02,3.787924027144671300e+02,1.173896056363410253e+03,-7.698555910775823463e+01,-5.337566172168092749e+01,8.611955656852148877e+02,3.081739293428681776e+02,6.730444379162054247e+02,1.198288625184779903e+03,-1.345830963124784603e+02,-1.740134270531420384e+02,6.903653602501650539e+02,4.106377572894048171e+02,9.199254205312636259e+02,1.213787019109660378e+03,4.157150495504620835e+01,2.986181657534066858e+02,6.927027757444923282e+02,1.647423398012401492e+02,5.431340911623919965e+02,7.184517947355632259e+02,2.067502016088170365e+02,9.181749706146692347e+01,3.965674336038401293e+02,3.876410986325615227e+02,6.331232017882973651e+02,3.923627194856429696e+02,7.325306803651327137e+00,2.134959247467067556e+01,6.502026216267697833e+00,5.258212015618732948e+02,7.761487490307796406e+02,-1.766332943962688162e+01,2.528827369363432638e+02,-3.613873727023051430e+01,-1.318357459446172086e+01,7.489046053915933499e+02,6.778207029138247890e+02,4.375445008016959747e+01
1.741067598572312249e+02,1.871219543379991705e+02,1.363151147929912213e+03,1.056771470981155971e+02,1.120321671656246281e+02,1.073340379589181111e+03,2.513467735885148784e+02,3.925092212625222601e+02,1.167140831352858413e+03,-8.034551030197491173e+01,-4.194509597302609194e+01,8.598837752556390797e+02,3.043526226629791722e+02,6.884100661464855193e+02,1.196733493046778221e+03,-1.284694211408513240e+02,-1.672827150851719011e+02,6.985015954297807639e+02,4.005963751409533984e+02,9.360305382883966558e+02,1.219440562143110810e+03,4.524412505083171965e+01,3.133842420308639589e+02,6.854054683682339828e+02,1.644430131830525568e+02,5.590109937277935614e+02,7.093919573884176089e+02,2.105335627164993753e+02,1.023223077801799121e+02,3.938591971376002903e+02,3.865257424176322729e+02,6.677703728518876005e+02,3.887012859351052612e+02,8.985734607610778468e+00,2.313792912415128811e+01,7.551909336697415043e+00,5.110092770859187681e+02,8.303432571198571850e+02,-1.907717082318614388e+01,2.531303488987435628e+02,-3.510904733950773249e+01,-1.354863863024231385e+01,7.407539030043001276e+02,7.444135899568495915e+02,3.811928560207189776e+01
1.711946582302861657e+02,2.042719209632657567e+02,1.355926201198944682e+03,1.023551259273973812e+02,1.327235999533278346e+02,1.068648253095856489e+03,2.498643225331653923e+02,4.070682605756617818e+02,1.161222323952691113e+03,-8.447993207214597078e+01,-2.899678227818876053e+01,8.602290260336342271e+02,2.995279278399244163e+02,7.046687876410769604e+02,1.195573296757658909e+03,-1.205941295291512176e+02,-1.595484266218465166e+02,7.081142998184203634e+02,3.898744858555288602e+02,9.515352185743009841e+02,1.224743596271023989e+03,4.939608472213355128e+01,3.288193603784056336e+02,6.782428024170804974e+02,1.645076834680644424e+02,5.754482416164377128e+02,7.003560301319365635e+02,2.142509545280240673e+02,1.141206623676281282e+02,3.902273796652878559e+02,3.848381887225253308e+02,7.038302416769868159e+02,3.837648289468146459e+02,1.088912441775130091e+01,2.574334454417224194e+01,8.887482398210085677e+00,4.935407535542107667e+02,8.828068437933590076e+02,-2.091332927987329171e+01,2.536999430326255265e+02,-3.388949992478227813e+01,-1.389675497631600898e+01,7.296375893555170933e+02,8.122499428822741265e+02,3.211442867027095360e+01
1.679138916249017086e+02,2.232424892221386017e+02,1.349513587946588586e+03,9.849279555284167031e+01,1.542351567848423599e+02,1.065131868401031852e+03,2.479732503367963261e+02,4.227732476315796362e+02,1.155881758611209534e+03,-8.932291756446798558e+01,-1.466379803414718452e+01,8.625310738763945437e+02,2.935485959604444020e+02,7.219636037462264539e+02,1.194723025664930901e+03,-1.112809881230169111e+02,-1.507425107118547771e+02,7.191296542282068458e+02,3.783416851693111767e+02,9.670380762453467014e+02,1.229445642005224954e+03,5.384800523156731344e+01,3.447181318503723446e+02,6.711628648393715366e+02,1.648969789549509244e+02,5.924172806805430582e+02,6.914738532233857313e+02,2.180371744095507154e+02,1.267501327422602486e+02,3.857567612476694308e+02,3.825480832392503316e+02,7.407731797513562242e+02,3.780860217342622605e+02,1.299058449320283515e+01,2.889026011486237167e+01,1.039662499661469752e+01,4.733595877132826786e+02,9.326724057557544256e+02,-2.275168805470198663e+01,2.544803143779022321e+02,-3.286364794921537680e+01,-1.416511601096119044e+01,7.147043405888330199e+02,8.807861004139726901e+02,2.621602889166148742e+01
1.642546872504557030e+02,2.438587803869562265e+02,1.343635555442680243e+03,9.422218740538765758e+01,1.757243681143201002e+02,1.062675477604296702e+03,2.456546827644897348e+02,4.397707842039582147e+02,1.150816441207340631e+03,-9.473516185215247276e+01,9.206252886285010151e-01,8.667596932544884112e+02,2.863650359137122337e+02,7.403219091009914337e+02,1.194147982140492104e+03,-1.007999563949376238e+02,-1.404817029253729288e+02,7.312387094703136654e+02,3.660810343072117234e+02,9.830691841001043940e+02,1.233228329827813013e+03,5.852452751228575778e+01,3.608959487647701962e+02,6.641119375011530792e+02,1.655919187444667671e+02,6.098868720198994424e+02,6.828286540782406746e+02,2.221647001839412781e+02,1.396877827026737862e+02,3.806227396966493757e+02,3.795234141586306009e+02,7.780895858242666918e+02,3.724884785263502636e+02,1.514104415798570891e+01,3.216692076854140225e+01,1.193033715908110537e+01,4.504721148087490974e+02,9.792645028703547041e+02,-2.410465342806586619e+01,2.553173596124730977e+02,-3.226446485621466564e+01,-1.432063554001571504e+01,6.951927851076242177e+02,9.492444705512152723e+02,2.100671607800572360e+01
1.602076586877495004e+02,2.656775875705632188e+02,1.337984424726271754e+03,8.964797576978943994e+01,1.968615314713612747e+02,1.061041738362485830e+03,2.428535786737698743e+02,4.580282771422810129e+02,1.145820760665156286e+03,-1.006044672388749177e+02,1.772576446971336139e+01,8.725441259079839256e+02,2.779885673033881517e+02,7.596276578053303865e+02,1.193878344764387521e+03,-8.936718462634560467e+01,-1.283667994300455462e+02,7.441057468066702540e+02,3.533668581062814269e+02,9.998510953961111909e+02,1.235770461473168098e+03,6.355585736351568471e+01,3.772846252760190850e+02,6.570559471294317291e+02,1.666098015973790609e+02,6.279396693143576158e+02,6.743999409328303045e+02,2.269956214130649528e+02,1.526004242233388482e+02,3.749652376907302482e+02,3.755460861960452803e+02,8.154719439223534891e+02,3.676762333561670744e+02,1.712522501694441246e+01,3.517318598223125292e+01,1.335879853792028094e+01,4.250557753650016366e+02,1.022196147130849454e+03,-2.471337768348996988e+01,2.561023379458187605e+02,-3.209852919048528719e+01,-1.438677890098165335e+01,6.707654490520036461e+02,1.016702472703747844e+03,1.685070200347102443e+01
1.557648449542802496e+02,2.882034214755872199e+02,1.332327754718585311e+03,8.483516373083897122e+01,2.180804741770113253e+02,1.059938310482222505e+03,2.394486073802740407e+02,4.774095449040287349e+02,1.140880546256429398e+03,-1.068881358669509751e+02,3.595222272992808143e+01,8.793288628186195410e+02,2.684071054033735777e+02,7.797105684989430756e+02,1.193980870086398454e+03,-7.717558498386057408e+01,-1.142548630762558304e+02,7.576427593270157104e+02,3.405020351128854372e+02,1.017308938300900536e+03,1.236778714383828401e+03,6.927924804641978085e+01,3.939795457876417686e+02,6.500156674683696565e+02,1.679910059429996352e+02,6.468325095617163925e+02,6.660813542283624429e+02,2.328652853456699461e+02,1.655228804218810410e+02,3.687952107920555704e+02,3.703492202570943164e+02,8.529047195353159623e+02,3.639220246801753547e+02,1.875942793552301069e+01,3.766413903812730979e+01,1.463137583640014761e+01,3.975088758159938038e+02,1.061431110667906069e+03,-2.468873811354633574e+01,2.568228408260396236e+02,-3.218522955863123514e+01,-1.444246678709108167e+01,6.416264782163673317e+02,1.082218718726263205e+03,1.371002741421271942e+01
1.508970050962431344e+02,3.111152311458404824e+02,1.326595444399232292e+03,7.981260102357383346e+01,2.404464965114576955e+02,1.059093243911888749e+03,2.352376108451312291e+02,4.978046684249669056e+02,1.136177973918736598e+03,-1.135680133403566288e+02,5.609283384044928766e+01,8.866185519426736619e+02,2.574914263234564373e+02,8.005286048843436220e+02,1.194488741633715335e+03,-6.440646735293313441e+01,-9.828998885884624315e+01,7.721563567994210189e+02,3.275945236515695456e+02,1.035332025829775375e+03,1.235928448789605000e+03,7.612649367825372337e+01,4.112059538720091041e+02,6.430914251630166518e+02,1.697578235770157278e+02,6.669412230029795410e+02,6.577661704004131025e+02,2.399374663111260588e+02,1.788724643809266013e+02,3.619706953013889006e+02,3.636694681236012343e+02,8.905960084988394101e+02,3.610171203952340306e+02,1.999863221424098469e+01,3.964533516090379806e+01,1.583236658948868758e+01,3.684064542721698672e+02,1.097221603805940049e+03,-2.445281612999646370e+01,2.575522949933774157e+02,-3.226490939298121674e+01,-1.458590405943513169e+01,6.083861118247350532e+02,1.144896970992413799e+03,1.115473865092980610e+01
1.455061259429799918e+02,3.344208498843037773e+02,1.320913084558079618e+03,7.457795917684971698e+01,2.651926852710060416e+02,1.058322672590226603e+03,2.299495310222199294e+02,5.192460986573094033e+02,1.131997907495697063e+03,-1.205480673638610796e+02,7.884443932349486772e+01,8.941664430860307675e+02,2.449541517882028359e+02,8.223436203333294543e+02,1.195279988097064461e+03,-5.120034262143565229e+01,-8.067652187995696522e+01,7.882375701228467051e+02,3.144103322287479045e+02,1.054114305003734898e+03,1.232717938976082223e+03,8.445613326683634625e+01,4.292175126425366898e+02,6.364478663548044324e+02,1.718639741346410119e+02,6.886045199635780136e+02,6.494349120876368033e+02,2.481068843687260426e+02,1.933020756588838083e+02,3.542380232781189875e+02,3.553130386342051565e+02,9.287817025122824361e+02,3.584932834280496650e+02,2.100090336784452205e+01,4.138984090956132889e+01,1.720995416548566226e+01,3.383865654844227606e+02,1.129909410297895647e+03,-2.455068488466735843e+01,2.583959927134474697e+02,-3.210207996187810409e+01,-1.488133851689750387e+01,5.717943965324765259e+02,1.203877863806318828e+03,8.518905936408073032e+00
1.393812645585164489e+02,3.584926955769986421e+02,1.315558702706660597e+03,6.909702184763693822e+01,2.931785988453647747e+02,1.057572634001377537e+03,2.232916555095861213e+02,5.419575771981890284e+02,1.128568769354306824e+03,-1.275644215750487263e+02,1.048837398107573051e+02,9.019864869817060935e+02,2.304097573803363161e+02,8.457751932474003524e+02,1.195917985181292579e+03,-3.760915567826720007e+01,-6.136106240140376400e+01,8.064457934285688907e+02,3.004072169836165358e+02,1.074329441197113965e+03,1.226322360854524504e+03,9.443285360625611702e+01,4.481900931593637551e+02,6.302468130825623120e+02,1.741607776612002567e+02,7.119564023830338328e+02,6.411708806883908665e+02,2.570144903178432401e+02,2.094779345362559866e+02,3.453040373674490411e+02,3.452224519614170504e+02,9.675187208691312435e+02,3.559743600969811155e+02,2.212906491752940497e+01,4.337195229226253446e+01,1.914640912985194632e+01,3.080317996714892956e+02,1.159702480207684857e+03,-2.544072801099030201e+01,2.594362094529957972e+02,-3.153505065682948683e+01,-1.532275053712931090e+01,5.325268876815956673e+02,1.258351120900896149e+03,5.105442952071327589e+00
1.322004611302182013e+02,3.839735469477508900e+02,1.310858670525227808e+03,6.330418426591205616e+01,3.245715531959406235e+02,1.056911311757872681e+03,2.150294381051876371e+02,5.663234191229033740e+02,1.125912320710227277e+03,-1.341795414266784121e+02,1.346152266081418531e+02,9.101707595054856483e+02,2.135149972409256236e+02,8.716812409686876890e+02,1.195524895013478499e+03,-2.358052724746061557e+01,-3.984379930752118071e+01,8.269989201520061215e+02,2.849402954611584846e+02,1.096981573688593244e+03,1.215570798570616034e+03,1.060331190156241519e+02,4.681927763633354402e+02,6.245507307464104088e+02,1.763997087723868162e+02,7.368573548395493162e+02,6.330839537163498107e+02,2.661783159908920879e+02,2.278945629250291915e+02,3.349028037620653890e+02,3.335094815589704353e+02,1.006583284550430562e+03,3.534490641414911352e+02,2.390495660916181819e+01,4.614669564396337620e+01,2.205418837013252187e+01,2.778121946873828847e+02,1.186579298933309701e+03,-2.733950264498652416e+01,2.607130947147205120e+02,-3.047218080253981753e+01,-1.584321506406098656e+01,4.911394729589248414e+02,1.307675986972109513e+03,3.536013622609947560e-01
1.236025826862433377e+02,4.115736253883351310e+02,1.307077597000253945e+03,5.711707703939099190e+01,3.588987263473379130e+02,1.056451963473892420e+03,2.050708321145077662e+02,5.928068940668728146e+02,1.123789723441833530e+03,-1.398922755979879469e+02,1.680042494959778310e+02,9.186019943176152083e+02,1.940919028825496468e+02,9.009067266042059146e+02,1.192791749856160322e+03,-9.016541360012711337e+00,-1.525747732800858714e+01,8.496927327984896010e+02,2.675176059527802863e+02,1.122957842681885495e+03,1.199111987685611211e+03,1.191724022357982591e+02,4.892783348943913779e+02,6.192485289943153930e+02,1.782745849771983728e+02,7.629777471025548721e+02,6.251978160413164005e+02,2.751673850667268084e+02,2.488015172704633358e+02,3.228408967691570410e+02,3.204173635922737162e+02,1.045502197056928480e+03,3.513063405001403794e+02,2.694119616674257145e+01,5.023181441089256793e+01,2.622549435373947802e+01,2.481228096416992059e+02,1.210380414245047405e+03,-3.015727524721547326e+01,2.622499865610436700e+02,-2.886504278073705976e+01,-1.637326339181335655e+01,4.481867559814270976e+02,1.351572320717470348e+03,-6.080230852331656166e+00
1.133108303053850676e+02,4.418187895410022179e+02,1.304355321836891562e+03,5.047133206124950533e+01,3.953735137690184160e+02,1.056210802039576265e+03,1.935041568005967747e+02,6.218664742378072106e+02,1.121784532537875975e+03,-1.443234789673302885e+02,2.045234603035531507e+02,9.267054716163030434e+02,1.721254798314866150e+02,9.339960141397823463e+02,1.186177951979759882e+03,6.095600448735512877e+00,1.330966993234074991e+01,8.741186690543160012e+02,2.479546132552711128e+02,1.152480252468037406e+03,1.175716633217099115e+03,1.338618115770279360e+02,5.116504097980939036e+02,6.140532737221562911e+02,1.794864994339835107e+02,7.899856853609779819e+02,6.173847503303062467e+02,2.837161423940621603e+02,2.722421666596238197e+02,3.090296878603642767e+02,3.062118470961939352e+02,1.083650990336205496e+03,3.501023331354909942e+02,3.185910259289809687e+01,5.604526754100874086e+01,3.170472732106524916e+01,2.193962736992615987e+02,1.231008646824560628e+03,-3.354874477839749147e+01,2.641015689130149440e+02,-2.668143229539024830e+01,-1.691997754474711613e+01,4.044063664066526940e+02,1.390225808189855798e+03,-1.434494183375479182e+01
1.012532383817222694e+02,4.748460713560395448e+02,1.302692133430683725e+03,4.337072632441091002e+01,4.332422447561500007e+02,1.055943497862093864e+03,1.805443885608764560e+02,6.539084918976310519e+02,1.119465334447563009e+03,-1.473607892794782117e+02,2.431563993058081223e+02,9.333702877799572661e+02,1.476127510385375672e+02,9.709529639534190437e+02,1.174230851979534691e+03,2.153955788251652237e+01,4.642641394996650206e+01,9.000334307440399471e+02,2.263486073587988585e+02,1.184722240519000025e+03,1.144576853520992699e+03,1.502738704797816922e+02,5.357909397923442611e+02,6.085816421707716017e+02,1.797997917132055647e+02,8.177147779112079888e+02,6.093885967904253675e+02,2.917194267972485022e+02,2.981388503014403568e+02,2.935233692644139865e+02,2.910554233622141282e+02,1.120336355410042188e+03,3.501664833491764739e+02,3.918617820614208114e+01,6.390799588731216119e+01,3.825978335804027353e+01,1.922172704234313301e+02,1.248601650557167432e+03,-3.708973192380132389e+01,2.663876384296382867e+02,-2.387711283217945635e+01,-1.761973330275160876e+01,3.608496250496418725e+02,1.424180079023890357e+03,-2.449957970800846496e+01
8.761728355968341475e+01,5.103449226080442145e+02,1.301928081066671439e+03,3.594368250867832160e+01,4.719371523381715861e+02,1.055039245531526149e+03,1.663862677189646320e+02,6.892789575309020620e+02,1.116490800959270928e+03,-1.491122194200779347e+02,2.824046512389230656e+02,9.371099967860089919e+02,1.203640085804738789e+02,1.011085341863817121e+03,1.155853306786700841e+03,3.679271178572228962e+01,8.410133750706170019e+01,9.276018494292519563e+02,2.029111575011612274e+02,1.217791744660739596e+03,1.105466388362965517e+03,1.686490519757647633e+02,5.624294282588299438e+02,6.024743790703620334e+02,1.790580467793136847e+02,8.461886351863598748e+02,6.009034083574424585e+02,2.991335178842343794e+02,3.263377659432920836e+02,2.765725619945013136e+02,2.749425088593249598e+02,1.154840347371122789e+03,3.512463451801024235e+02,4.923740259217886006e+01,7.406681578716099068e+01,4.548589688751828675e+01,1.673461158555709858e+02,1.263586952883516460e+03,-4.053345470545046680e+01,2.692789153970830398e+02,-2.035957448760937893e+01,-1.872438152748397755e+01,3.188787782055936191e+02,1.454057216905021505e+03,-3.662428038576261713e+01
7.280091742827627854e+01,5.476860679301705659e+02,1.301666758438470197e+03,2.849785069139450755e+01,5.110108081671187961e+02,1.052556492540883028e+03,1.510203968826155574e+02,7.282565734545180476e+02,1.112538691464272233e+03,-1.495732825197655700e+02,3.203346396315623110e+02,9.364570950500097979e+02,8.992774939362270459e+01,1.052939058425763733e+03,1.130360857732386876e+03,5.106024609584134311e+01,1.258724396018036060e+02,9.572822662071456534e+02,1.777834755092280261e+02,1.249120267822903998e+03,1.058704075616189130e+03,1.890726615768227816e+02,5.923218406657634887e+02,5.954957209710552206e+02,1.771500882386962132e+02,8.754621208005228254e+02,5.916431572881410830e+02,3.058736096504835587e+02,3.565634817853016898e+02,2.586817058313442317e+02,2.577371942061907362e+02,1.186462441676552999e+03,3.523970784478020732e+02,6.201762290846082237e+01,8.667351104646499493e+01,5.300466642425534758e+01,1.456017166930915323e+02,1.276604591391311260e+03,-4.402214234618997324e+01,2.729198850062084034e+02,-1.595814049201943519e+01,-2.051260080233956984e+01,2.800224834446869977e+02,1.480291097963873199e+03,-5.082392371018516997e+01
5.727250077035274245e+01,5.861802738546571163e+02,1.301167975876248420e+03,2.156107084070156077e+01,5.500057840160430942e+02,1.047440790314259402e+03,1.341022062992302892e+02,7.709898831111080426e+02,1.107069436108606169e+03,-1.480664622002834108e+02,3.547871684253540252e+02,9.305102190770393236e+02,5.576686215413734260e+01,1.094335315335661562e+03,1.097318013466228649e+03,6.339942359628329882e+01,1.711285936063717941e+02,9.893353489144163859e+02,1.509689300480150678e+02,1.276110070580838283e+03,1.004967012957522911e+03,2.112365815024153051e+02,6.259329299883979729e+02,5.875727993184726756e+02,1.739487168386544340e+02,9.053579393404767188e+02,5.813725682019189662e+02,3.117957597762004411e+02,3.883062901897407642e+02,2.406362054710886866e+02,2.392870927838020521e+02,1.214591745404932908e+03,3.522218676624609088e+02,7.720280021755709754e+01,1.016945282238544053e+02,6.066333137370852313e+01,1.276429662353911567e+02,1.288325925973488211e+03,-4.810989395846989680e+01,2.773012912998151478e+02,-1.043501320465244753e+01,-2.315978416073904711e+01,2.457441523570419690e+02,1.503036000828352144e+03,-6.706071436329135338e+01
4.140506346826261819e+01,6.253234984585158145e+02,1.299313583890804694e+03,1.588739940964523534e+01,5.884414851686181009e+02,1.038880142728217152e+03,1.149523005218239007e+02,8.173395504735507302e+02,1.099088987587153952e+03,-1.427052219842555871e+02,3.838567462577575498e+02,9.194835280372514035e+02,1.766977363468858542e+01,1.132542635230526002e+03,1.056330172688849643e+03,7.287763558244699880e+01,2.194013119031531289e+02,1.023186464083486385e+03,1.224481514341191541e+02,1.296769497460289585e+03,9.450840348701362927e+02,2.343226218174115445e+02,6.631922192072472626e+02,5.787792912406149526e+02,1.692686618024278857e+02,9.352582835911863413e+02,5.699277474937281340e+02,3.167864333826164511e+02,4.207284968096038824e+02,2.234570263378247432e+02,2.195461991798574672e+02,1.238794899689014755e+03,3.493900587861057829e+02,9.423275598415013121e+01,1.187922489656094029e+02,6.863079740113823846e+01,1.137587071753836767e+02,1.299222830082180280e+03,-5.353955249875375699e+01,2.821267720560568364e+02,-3.560144843634662770e+00,-2.662741101837650604e+01,2.172003886821486276e+02,1.522259616990874747e+03,-8.488793770418000406e+01
2.537218780077261471e+01,6.648826608900753854e+02,1.294753355773339308e+03,1.240000780121509116e+01,6.259742404821919308e+02,1.026668084267819722e+03,9.271916384225983165e+01,8.666424841085265598e+02,1.087130697426523739e+03,-1.302474126790914966e+02,4.066148600786887641e+02,9.050619897462770496e+02,-2.377852222856590103e+01,1.164606171100948586e+03,1.007040472000342447e+03,7.873864740725633737e+01,2.703608425995816447e+02,1.057006381916382679e+03,9.243278907446021719e+01,1.310081889753541645e+03,8.799611060326792540e+02,2.570888207806304990e+02,7.034579720801290250e+02,5.692940200631309153e+02,1.628856401877440021e+02,9.640970907210943324e+02,5.572726527354294603e+02,3.209034500345391052e+02,4.526851266766973367e+02,2.082566259652141980e+02,1.986568335445099081e+02,1.258878228113520208e+03,3.431945932447641212e+02,1.124868029490094301e+02,1.372628173686553907e+02,7.733119086125127239e+01,1.037777037185106792e+02,1.309377360770371979e+03,-6.086658006678975141e+01,2.867447437113933688e+02,4.772874791098622893e+00,-3.062860564096570926e+01,1.950514555512236825e+02,1.537897214111348603e+03,-1.032746929356875540e+02
9.160869320619756451e+00,7.047841597154474584e+02,1.286239663461774398e+03,1.204932898139511899e+01,6.626339763347164080e+02,1.011414711246629167e+03,6.667440489445873197e+01,9.174906642156952330e+02,1.069571072385472917e+03,-1.066262544034492237e+02,4.238901476459018909e+02,8.903745919152953547e+02,-6.691105338976143457e+01,1.187810011384962536e+03,9.494520213855614656e+02,8.062293325931230470e+01,3.234770653511236560e+02,1.087825299636472664e+03,6.162004664809573029e+01,1.316008502482004360e+03,8.107142964927043067e+02,2.781373393378096353e+02,7.456985195991568389e+02,5.593604893500870503e+02,1.546252527110621031e+02,9.905901074994004603e+02,5.435936907280286050e+02,3.244728977670901600e+02,4.829035422906364374e+02,1.960086346295745443e+02,1.769863569264213368e+02,1.274902443885562434e+03,3.338703215513115765e+02,1.314653836383257897e+02,1.561054415543709979e+02,8.722771034328053474e+01,9.714309265913909996e+01,1.318444506335409187e+03,-7.013181179555139977e+01,2.902182241336170136e+02,1.446115051195549128e+01,-3.469217259600674197e+01,1.793579473694630053e+02,1.549941949793628055e+03,-1.206979676401099510e+02
-7.313143746017190416e+00,7.449197425581655807e+02,1.273025813889717028e+03,1.558921907830435849e+01,6.989921972665254088e+02,9.944996881667341313e+02,3.655727136554132528e+01,9.676695635889534515e+02,1.045190728295430517e+03,-6.817268581896992430e+01,4.388284077435018844e+02,8.794821487119289714e+02,-1.090552829806765089e+02,1.200188353562695738e+03,8.844426139172292096e+02,7.892161950272875970e+01,3.776315391657665259e+02,1.112300016970322758e+03,3.128378692778009906e+01,1.315227321288029998e+03,7.389410847366621056e+02,2.962522013278093027e+02,7.887776144504636022e+02,5.492535746019470935e+02,1.444894866563309108e+02,1.013603919779459602e+03,5.293741549150316814e+02,3.280697317338135690e+02,5.102858059651676399e+02,1.872881840627023564e+02,1.551349391915335616e+02,1.287161175898871988e+03,3.225141870960196684e+02,1.509032881351366484e+02,1.742377241948096298e+02,9.853744419089227335e+01,9.310466231911620127e+01,1.325834865973012484e+03,-8.077186285362795104e+01,2.915613057496656779e+02,2.521632943710412889e+01,-3.830310306490320471e+01,1.695732470577352160e+02,1.558452540909216623e+03,-1.355302170299846409e+02
-2.406149678459933128e+01,7.850561799305736486e+02,1.255136835544758242e+03,2.331117904034834964e+01,7.361845123322135578e+02,9.777731329847340476e+02,2.855815896548925092e+00,1.014375690600922326e+03,1.013730724900606788e+03,-1.318833543903111405e+01,4.569610796964281008e+02,8.764319368534980867e+02,-1.469782017395043567e+02,1.200961979303973294e+03,8.141550366459865700e+02,7.526463035971173099e+01,4.311553566074892956e+02,1.127991020804729715e+03,3.103441452363297159e+00,1.308829608760354404e+03,6.669421836648007229e+02,3.106672132983624124e+02,8.316878018147662033e+02,5.392489447887116967e+02,1.327648868109424996e+02,1.032485596843613621e+03,5.153749721704585909e+02,3.323745124794331787e+02,5.342300535166109512e+02,1.820682230874884056e+02,1.339100744631369366e+02,1.296137471389183474e+03,3.106523892270271290e+02,1.707837685174813203e+02,1.907942844744661954e+02,1.109964942589303121e+02,9.092442606728506860e+01,1.331060982471229863e+03,-9.182380874651040870e+01,2.900879304135257257e+02,3.672278729677208986e+01,-4.106648044787715435e+01,1.646250134704983168e+02,1.563559053960600977e+03,-1.465690043854796727e+02
-4.093371025338552016e+01,8.249516185004976023e+02,1.233377858000472543e+03,3.481243855910624774e+01,7.757976990667912105e+02,9.631128712942742141e+02,-3.308183217510266871e+01,1.054720453260854583e+03,9.761836882965674249e+02,5.672638881774917508e+01,4.855797667842524561e+02,8.841164719942912598e+02,-1.775436573154831592e+02,1.190781259565771052e+03,7.419732275675327173e+02,7.295065610936902090e+01,4.826361233999804199e+02,1.134732980309720915e+03,-2.123915765499147668e+01,1.298165685425163474e+03,5.976969300847116529e+02,3.211692947999104035e+02,8.736229069256424964e+02,5.295965418315191755e+02,1.200604238028679305e+02,1.047195621675462917e+03,5.024964442384277277e+02,3.379626050431230624e+02,5.548428122066065953e+02,1.796537717703872090e+02,1.142375055716658068e+02,1.302429716332751013e+03,2.996680979831527338e+02,1.912702934896097702e+02,2.053956942878014047e+02,1.237857417808689036e+02,9.000427780130341660e+01,1.334066891421492073e+03,-1.023121385882843697e+02,2.857425139791449169e+02,4.886159661884717309e+01,-4.283555230142446391e+01,1.630771290201566330e+02,1.565545333681557850e+03,-1.534559799771353994e+02
-5.762348383673706564e+01,8.645979667099016979e+02,1.209084615852972092e+03,4.888977627061212416e+01,8.196447118784806207e+02,9.519813274836803885e+02,-6.917157920273942295e+01,1.086387451498989094e+03,9.346934536555695558e+02,1.361968404142593272e+02,5.323407734756883656e+02,9.033125598645805212e+02,-1.983637055475722377e+02,1.171702748577878083e+03,6.720061811815169222e+02,7.692694741245335877e+01,5.323829607812045879e+02,1.135471533421639606e+03,-4.054715309060210160e+01,1.284875578815388508e+03,5.345000373857818659e+02,3.280296489686261339e+02,9.138770653674226878e+02,5.205092681257676759e+02,1.072477800145922373e+02,1.058191220407758919e+03,4.915678875757893707e+02,3.451126175122395807e+02,5.729426699791845294e+02,1.787987402755035760e+02,9.698902176564057243e+01,1.306633786150291598e+03,2.903545158598879539e+02,2.125956822447105878e+02,2.182783870056663318e+02,1.356669561516197575e+02,8.991233525790082126e+01,1.335343028432815117e+03,-1.116055146698321892e+02,2.792655804504041157e+02,6.186266820773639807e+01,-4.376149232980355919e+01,1.633667216556183917e+02,1.564989728039496185e+03,-1.567736635916106991e+02
-7.375653040612392886e+01,9.043768872630628266e+02,1.183745438025058320e+03,6.363440144557074518e+01,8.694089398134228759e+02,9.450904985670168799e+02,-1.029529078695263564e+02,1.108228368694929031e+03,8.921176888013809503e+02,2.167936515514911378e+02,6.032574662083435442e+02,9.322838374071235421e+02,-2.082781917075437548e+02,1.146885855009324132e+03,6.082503688597601013e+02,9.290323579966424461e+01,5.838762185658862336e+02,1.135930762162639894e+03,-5.449196482460839519e+01,1.270957555299160049e+03,4.803289766655928474e+02,3.318337238449395841e+02,9.516551060300954532e+02,5.121778839545943356e+02,9.531001178949875907e+01,1.066134646263829154e+03,4.831546403803950511e+02,3.537105008472015584e+02,5.898305341504928947e+02,1.779912719364863847e+02,8.275828266233385477e+01,1.309203014955201752e+03,2.827809784549691585e+02,2.349435822303316286e+02,2.302293398135417704e+02,1.452914355407570781e+02,9.034474042637670266e+01,1.335751961152152717e+03,-1.195565027336586184e+02,2.721038651786273590e+02,7.626430117224224148e+01,-4.425123714284296028e+01,1.640912029368641072e+02,1.562848638519187034e+03,-1.577672168763897389e+02
-8.901297387696243391e+01,9.449596733015285963e+02,1.158658287858623680e+03,7.675048821794564446e+01,9.261441216588636962e+02,9.422291522475530883e+02,-1.321079231733687607e+02,1.120603169275320397e+03,8.514291432652000822e+02,2.888354315221211550e+02,7.005917452689177480e+02,9.671568961707140488e+02,-2.075920140458684386e+02,1.120053003040784006e+03,5.537474419137752193e+02,1.254773017585375925e+02,6.442208826826147288e+02,1.142813992747565862e+03,-6.374819009625699096e+01,1.258654701477459412e+03,4.371564476863271125e+02,3.333082755069165160e+02,9.859381506641871056e+02,5.048117034468841666e+02,8.513825818712233229e+01,1.071583582150883785e+03,4.774625296939871077e+02,3.632867861936844633e+02,6.069014585699811732e+02,1.758357916257110389e+02,7.167011694841585268e+01,1.310349004114084437e+03,2.764964848154351671e+02,2.583408615990601902e+02,2.423468104721696932e+02,1.515738365680274171e+02,9.107103416637311000e+01,1.336171530506589761e+03,-1.263723972508761335e+02,2.660713524286347820e+02,9.267077527342391363e+01,-4.484837824968226982e+01,1.642756720019748968e+02,1.560362328570116915e+03,-1.578266220346138198e+02
-1.032350498001542292e+02,9.869765127489181396e+02,1.134728901992089504e+03,8.604008632556796954e+01,9.897274376610400850e+02,9.422766542332843756e+02,-1.549955629573333056e+02,1.125366855245101533e+03,8.151506911457563547e+02,3.437055075239193798e+02,8.214707118487627895e+02,1.002958111081494394e+03,-1.980573003581635589e+02,1.094819931230440034e+03,5.100416416430937829e+02,1.757186391085807600e+02,7.228632489308216691e+02,1.160905993452771327e+03,-6.982526738187577564e+01,1.250061032066153757e+03,4.054825778862232823e+02,3.332125672974841564e+02,1.015536958487461902e+03,4.986891033109142199e+02,7.734196452727556448e+01,1.074819988038786505e+03,4.743714106910736632e+02,3.731746376964169372e+02,6.252536587108551203e+02,1.714246451232984612e+02,6.332236986418475055e+01,1.310047846381512045e+03,2.709216336066346571e+02,2.825716443166115255e+02,2.557172535179145143e+02,1.540038354949044788e+02,9.189205515035725114e+01,1.337169668307738675e+03,-1.323326126603452622e+02,2.628612556671844231e+02,1.114376700764355235e+02,-4.607364948408732630e+01,1.635256490367682431e+02,1.558764894279799591e+03,-1.579791015389503173e+02
-1.164793329886762763e+02,1.030666464312211019e+03,1.112427926055670014e+03,8.991936248248866548e+01,1.058503409923176150e+03,9.434152851065404093e+02,-1.710236189430049194e+02,1.125512718371676783e+03,7.849654594853167282e+02,3.758723986302850903e+02,9.580269436913613390e+02,1.034856619438004145e+03,-1.825943848007790962e+02,1.074064168905327506e+03,4.770996187719316595e+02,2.392290103894727338e+02,8.286002293542450161e+02,1.190148228901804941e+03,-7.464023148531578045e+01,1.246587675110586815e+03,3.842903995949252476e+02,3.323007926894341608e+02,1.039372692493842806e+03,4.941893269206219657e+02,7.214155093043879674e+01,1.075896828250733506e+03,4.735695064057949821e+02,3.827295362986856730e+02,6.454557782561912518e+02,1.645913760599841567e+02,5.691334456500416650e+01,1.308170537697456666e+03,2.656919996263648613e+02,3.071284379086408762e+02,2.711251002082049695e+02,1.527970342332010603e+02,9.262488575529378920e+01,1.338886634978790198e+03,-1.375593732882387599e+02,2.635679154632308041e+02,1.324764646032276119e+02,-4.827410048903740147e+01,1.620034992105904905e+02,1.558920411770646297e+03,-1.586198581107528298e+02
-1.289824779824342329e+02,1.075737875749908881e+03,1.091866467543010458e+03,8.779945467796194691e+01,1.129374720692809888e+03,9.435203598079199310e+02,-1.807162419178072241e+02,1.124557397433911092e+03,7.615661057740652495e+02,3.839245582244887487e+02,1.099304460075451516e+03,1.059009288141802699e+03,-1.647533228599123447e+02,1.059511734981527752e+03,4.536619557149227830e+02,3.058767336289852210e+02,9.658371738156117772e+02,1.224065143887411978e+03,-7.996349703158449529e+01,1.248583193379255817e+03,3.714447279310312524e+02,3.313148997103450597e+02,1.056886569271776807e+03,4.917765855720913919e+02,6.938307997942627026e+01,1.074870650835631295e+03,4.747181273023026051e+02,3.915216505949366592e+02,6.675435446823903476e+02,1.559721781442713109e+02,5.152498925565094368e+01,1.304692843335594262e+03,2.607782336941796757e+02,3.312182315215665653e+02,2.888814130480197377e+02,1.488452130502610657e+02,9.312068543942307031e+01,1.341151942692122702e+03,-1.419854126819013516e+02,2.683845801628473282e+02,1.552983783509810110e+02,-5.152891087762893818e+01,1.602423330549533205e+02,1.561080618811800377e+03,-1.595655366271629987e+02
-1.410368950230202927e+02,1.121512863309793829e+03,1.072931776891886102e+03,8.020695872870392407e+01,1.198427285155046548e+03,9.406453304693251312e+02,-1.854485627784436588e+02,1.125798397649044091e+03,7.447338618507594674e+02,3.703696781669486313e+02,1.234294811819473352e+03,1.072617090607919636e+03,-1.479783059710430564e+02,1.051649020798138054e+03,4.378380480144779199e+02,3.619010814558320135e+02,1.131631123519334324e+03,1.250548218330007785e+03,-8.691914649385579139e+01,1.255333822987804524e+03,3.643594734703769973e+02,3.309553932523354547e+02,1.068377816498785705e+03,4.919272513952491295e+02,6.866227299397982620e+01,1.072093349593422772e+03,4.775726269699383693e+02,3.994201259607985435e+02,6.911846450632780261e+02,1.468625398749421151e+02,4.645965980699412512e+01,1.299890651405702329e+03,2.563817623952791678e+02,3.538306057940134224e+02,3.087926828418595733e+02,1.434950197487204093e+02,9.330117428042139238e+01,1.343715885043278149e+03,-1.454860485322517434e+02,2.765903939372192326e+02,1.792611276808207208e+02,-5.563822402603556583e+01,1.588749481426790737e+02,1.564904440181959217e+03,-1.603393265510333094e+02
-1.528242068883588729e+02,1.167234694467337931e+03,1.055426573949060412e+03,6.861623702074413700e+01,1.261912409245094523e+03,9.334641603474265139e+02,-1.869689899760057870e+02,1.131605465146192728e+03,7.335786873469263583e+02,3.404664428876724287e+02,1.354812716473092678e+03,1.073324749985331664e+03,-1.348408603957013554e+02,1.049936300724361899e+03,4.276987170742016815e+02,3.939934449633100826e+02,1.314945947755262296e+03,1.255050838575732769e+03,-9.570422227670192683e+01,1.265441150927196759e+03,3.606677467568646875e+02,3.318024609875611191e+02,1.075076799240527635e+03,4.950231674138487961e+02,6.949847141334767286e+01,1.068399333086331580e+03,4.820189802382299717e+02,4.065449364093049667e+02,7.158662416083302560e+02,1.389211429878012325e+02,4.150114420052822339e+01,1.294412092318706982e+03,2.527525776752714819e+02,3.738573611202917277e+02,3.302357628933493174e+02,1.382411612082038062e+02,9.317750504061638139e+01,1.346425864666080997e+03,-1.480108413668596654e+02,2.868369580003987949e+02,2.038533016453895925e+02,-6.018350790855251375e+01,1.583743787114215422e+02,1.569724343303109663e+03,-1.604991688218331092e+02
-1.642943284867375837e+02,1.212325189301953969e+03,1.039168186299471017e+03,5.506439441745123986e+01,1.317213557333539256e+03,9.215300277146826602e+02,-1.869229481493116225e+02,1.142918220472176017e+03,7.268446114193011454e+02,3.006639918061375170e+02,1.456954926978133471e+03,1.058590728273711193e+03,-1.264816319556784521e+02,1.053183521185974087e+03,4.216787789923495211e+02,3.938133544078669388e+02,1.498715146895038970e+03,1.225141953051245309e+03,-1.056047035984373679e+02,1.277366232870519525e+03,3.586801115287615858e+02,3.342022192485172241e+02,1.078881604358381082e+03,5.012527438961993198e+02,7.148272558969884471e+01,1.065062279009380973e+03,4.880309286621049978e+02,4.131394417952153049e+02,7.409749136614065037e+02,1.338150586050999493e+02,3.699513393250902027e+01,1.289153211265124355e+03,2.500822357090096375e+02,3.902391979669449711e+02,3.522839489220314704e+02,1.344399393299624137e+02,9.282218487544065511e+01,1.349241279795646051e+03,-1.495848522828016200e+02,2.976268059455052821e+02,2.288310761116901801e+02,-6.461571343494975395e+01,1.588838355945142666e+02,1.574890374030636622e+03,-1.598469684477066437e+02
-1.751603531185645295e+02,1.256434319330958033e+03,1.024032754520377694e+03,4.167002706951758029e+01,1.363412857133366515e+03,9.052672751564550708e+02,-1.865606212148033762e+02,1.159097328281010277e+03,7.232022894288492125e+02,2.571884180573987919e+02,1.540620486613714320e+03,1.025727535707725565e+03,-1.224688563869496534e+02,1.059911640858788360e+03,4.187301552510367628e+02,3.609079659829751563e+02,1.664081401578585428e+03,1.154659907138732478e+03,-1.152672760821983360e+02,1.289868202819956423e+03,3.575502930630932497e+02,3.381680710295041763e+02,1.081854284521162526e+03,5.105493469699823663e+02,7.434448791312073013e+01,1.063500188797800774e+03,4.955810790629869302e+02,4.194607894567299127e+02,7.657365920489512519e+02,1.329040009182965321e+02,3.371089127186713341e+01,1.284957244689344861e+03,2.485101910174554973e+02,4.021080517364612206e+02,3.738390287780972017e+02,1.331230350799051791e+02,9.230619890575395914e+01,1.352106207340881383e+03,-1.502039102450801522e+02,3.077962351803501519e+02,2.541158923176915607e+02,-6.832418987234268570e+01,1.601786174962988980e+02,1.579983973501298351e+03,-1.584617254753152622e+02
-1.850044391407514865e+02,1.299272706976387099e+03,1.009964300401980381e+03,3.017023111840304495e+01,1.401246857014888974e+03,8.857069120128389841e+02,-1.866763628295438764e+02,1.178204961297481532e+03,7.214946313042354404e+02,2.150495170713066955e+02,1.607566250797623752e+03,9.728558622715253250e+02,-1.211353316464547163e+02,1.068583518583474415e+03,4.182869642172873910e+02,3.026187843461816556e+02,1.795154098800884640e+03,1.045806766277869201e+03,-1.231021397607300258e+02,1.302154963798231165e+03,3.571916579126132660e+02,3.433556110414930913e+02,1.085695131375416167e+03,5.225679753044429390e+02,7.792694524694779545e+01,1.064840839069085405e+03,5.045432316483747286e+02,4.257600911253957747e+02,7.891005549291959369e+02,1.370340536388772534e+02,3.253350009049031399e+01,1.282277748072169061e+03,2.481678189111800066e+02,4.088980029723875873e+02,3.937499655097600453e+02,1.349405036646784026e+02,9.165346268795344997e+01,1.354810248789034631e+03,-1.497605282998706002e+02,3.168158006535421691e+02,2.795112993906168413e+02,-7.066501245085395055e+01,1.617644777750080323e+02,1.584810266690130220e+03,-1.566022484422122432e+02
-1.934140657887679708e+02,1.340361876155460777e+03,9.969808391305574560e+02,2.156119958844271167e+01,1.432510216061750043e+03,8.640701229819278524e+02,-1.876888062615191757e+02,1.197669623510403198e+03,7.209282648400134121e+02,1.774973756239307932e+02,1.659164943561130258e+03,9.003395044425086553e+02,-1.202682533016896116e+02,1.077707572499697108e+03,4.201557143559385850e+02,2.310569742884530058e+02,1.882391599814468464e+03,9.084399866353982134e+02,-1.276894850984230345e+02,1.313729570074211097e+03,3.580413817808417889e+02,3.491420513219591157e+02,1.091421458611426488e+03,5.366868218095279417e+02,8.210721886958828009e+01,1.069552436119807680e+03,5.146180726464532427e+02,4.323439613107736363e+02,8.097125262436820776e+02,1.464695805086068958e+02,3.410640765999890078e+01,1.281007068168531305e+03,2.491681614413104739e+02,4.104182951746131494e+02,4.109236880188828422e+02,1.402162645194560753e+02,9.085973101248811190e+01,1.356985409158198991e+03,-1.481042660256334216e+02,3.248064982600594135e+02,3.044123873477192888e+02,-7.095883763524990684e+01,1.630779582476693008e+02,1.589254739943036384e+03,-1.545729004311455128e+02
-2.000553080492325648e+02,1.378892169243902345e+03,9.851888650256902338e+02,1.591110774524261551e+01,1.459202111183195939e+03,8.413669161613837559e+02,-1.897259232197415599e+02,1.215142455846012126e+03,7.211902244806028648e+02,1.458921609603645777e+02,1.695076530251536724e+03,8.118585881327524021e+02,-1.178962789327040639e+02,1.085909443622432036e+03,4.244160323517608049e+02,1.587229241414172520e+02,1.923472065712245922e+03,7.570787089435128792e+02,-1.281194868739071921e+02,1.324074062669076739e+03,3.607559567532188680e+02,3.547885797929402543e+02,1.099362166297803014e+03,5.520324025068463243e+02,8.671726006368460560e+01,1.077326825795887544e+03,5.253128246865363735e+02,4.396289970626075387e+02,8.260845488409431709e+02,1.609479339622446048e+02,3.855748094101292622e+01,1.280595209375891955e+03,2.515225903451731995e+02,4.069102983623806153e+02,4.244424255863294206e+02,1.490733813873831366e+02,8.996645280217603613e+01,1.358277965905172550e+03,-1.452064829168347444e+02,3.322986613342579858e+02,3.276893569057392597e+02,-6.848284969864870675e+01,1.637119344211809562e+02,1.593169713902653484e+03,-1.526286705657568064e+02
-2.046545447110651708e+02,1.413817134622100184e+03,9.747842691564914048e+02,1.240490354442892063e+01,1.482809636561704565e+03,8.181756653298099309e+02,-1.926465071025015163e+02,1.229245752034482621e+03,7.224406526982695596e+02,1.199867370728637184e+02,1.713457098996654395e+03,7.144118314621437094e+02,-1.129004565099632345e+02,1.092059926531889687e+03,4.313494044105130456e+02,9.487175688725886857e+01,1.921840990069765212e+03,6.070433056024430698e+02,-1.242423847272280568e+02,1.332392299421281450e+03,3.658942070239701820e+02,3.596225556263046883e+02,1.109405617266254694e+03,5.675486410846519902e+02,9.150571122869516216e+01,1.087269922036014123e+03,5.359993859639604352e+02,4.480854385037745260e+02,8.369560746418197823e+02,1.798069852423421935e+02,4.539497343638910820e+01,1.280399658644088731e+03,2.550485257214290584e+02,3.991184577647535434e+02,4.336925074426952165e+02,1.615801023195022879e+02,8.911908684070294839e+01,1.358573821414057647e+03,-1.412950219997868260e+02,3.398748955541383339e+02,3.478286348379328388e+02,-6.247295286426712124e+01,1.635619723989291003e+02,1.596379397282408945e+03,-1.509388470172261805e+02
-2.069505169568214171e+02,1.444174493828671984e+03,9.660055719507901131e+02,9.644093662644626974e+00,1.504033141958072520e+03,7.946856376901263275e+02,-1.960388567358639875e+02,1.239931332483463848e+03,7.251424643375298729e+02,9.858588554086477984e+01,1.712448975053370987e+03,6.170904199896197042e+02,-1.052633267059251807e+02,1.095453434687356093e+03,4.413611643612194371e+02,4.400857922918230969e+01,1.884190534070685317e+03,4.712353471358704837e+02,-1.167991910967129172e+02,1.337592563130666122e+03,3.736457422459977806e+02,3.631779106015829939e+02,1.121313001536591401e+03,5.821336318440495461e+02,9.614949480475574717e+01,1.098289411989097061e+03,5.460503506575602160e+02,4.580431382320633702e+02,8.417225076696054202e+02,2.021279178827985277e+02,5.359210857569458852e+01,1.280052382856308441e+03,2.593514124627895399e+02,3.883673637483224752e+02,4.384912459211859073e+02,1.778773687101083567e+02,8.854023696546681776e+01,1.358085909069982108e+03,-1.368449260973451089e+02,3.478862578848500107e+02,3.632841063217256874e+02,-5.213186410972812013e+01,1.628183213625963504e+02,1.598757973209542570e+03,-1.495824236903587519e+02
-2.067160399449826684e+02,1.469484448366777315e+03,9.590322003340239689e+02,6.141941744201365516e+00,1.523005100115863343e+03,7.709498976300601498e+02,-1.992914649923648653e+02,1.248324898581064872e+03,7.297628352917156462e+02,8.039113435796912199e+01,1.692000875266142657e+03,5.290630349083272677e+02,-9.591754159543320668e+01,1.095944497432381922e+03,4.548580313249249798e+02,6.550018034556034152e+00,1.818303523027924257e+03,3.584273947630022690e+02,-1.073714845169466798e+02,1.338547391235943451e+03,3.836823213738454115e+02,3.652664071074975141e+02,1.134909478133722587e+03,5.948386819040257478e+02,1.003023709944440185e+02,1.109483040059633367e+03,5.550109961063724313e+02,4.694563540773921204e+02,8.407507754462268394e+02,2.268608281206915933e+02,6.182981179087192203e+01,1.279628174590883646e+03,2.639065111124957639e+02,3.765685842516674597e+02,4.391846121836881593e+02,1.982629399982665745e+02,8.842123951239685198e+01,1.357209304884609764e+03,-1.324353931983394830e+02,3.563878567507297817e+02,3.729061845413702372e+02,-3.662825535687185408e+01,1.618207957598054065e+02,1.600281157343548557e+03,-1.485526575183208422e+02
-2.038944784363550298e+02,1.490013162900440193e+03,9.538718644720730708e+02,8.553494513278598887e-01,1.539766122119451438e+03,7.471920850552277216e+02,-2.017834663600315821e+02,1.256155887199640574e+03,7.364739139206310483e+02,6.469946632759862837e+01,1.654944080846542192e+03,4.575328757580009551e+02,-8.630034343325952761e+01,1.093956069831014247e+03,4.720828433363675458e+02,-1.935133066206335783e+01,1.732022336628006997e+03,2.730644635462927567e+02,-9.808998585694129702e+01,1.334507300490596208e+03,3.952015692326172598e+02,3.659820245781628500e+02,1.150082120394063168e+03,6.050755434350456881e+02,1.036626315428284357e+02,1.120367187963608558e+03,5.627305983005992402e+02,4.817946031494689123e+02,8.354361299315435190e+02,2.529330159671161482e+02,6.883751256595142820e+01,1.279544994815845939e+03,2.681847236372067300e+02,3.660509231901478415e+02,4.366900680781237156e+02,2.232090017571717055e+02,8.881251469680067601e+01,1.356243360383479967e+03,-1.285928515405224175e+02,3.653236274763464735e+02,3.763056811545778828e+02,-1.508996692488398494e+01,1.608781880654456984e+02,1.601010757958939848e+03,-1.477862970451182889e+02
-1.987898468628024489e+02,1.506743336307429217e+03,9.503140058241135648e+02,-6.453179788588112586e+00,1.554625264915089019e+03,7.240049624436551312e+02,-2.031360367285313941e+02,1.265039943505300698e+03,7.450066739847384270e+02,5.165688943211190320e+01,1.606757905166703040e+03,4.063754742250471850e+02,-7.780864446180028438e+01,1.090361272918650229e+03,4.929554967732312321e+02,-3.603115858274348682e+01,1.633192555758740809e+03,2.159969957010488031e+02,-9.111134873398718526e+01,1.325464087960694314e+03,4.071724777050598618e+02,3.656492567356852987e+02,1.166659139117555469e+03,6.127444863409531308e+02,1.060421028984599587e+02,1.130897729311702960e+03,5.693755827861523358e+02,4.941744563990680490e+02,8.279650366733239935e+02,2.793451040028908210e+02,7.374217181304722146e+01,1.280302474180086165e+03,2.717328257317044518e+02,3.591783055976143260e+02,4.324750495311698728e+02,2.532821508199921539e+02,8.959894097835038451e+01,1.355205358511942222e+03,-1.257365437523843212e+02,3.748567809417348826e+02,3.740521618588348360e+02,1.337028175898490900e+01,1.601529467499289012e+02,1.601052195001486325e+03,-1.472470427464753016e+02
-1.921778295689264837e+02,1.521043208090805592e+03,9.480007635435706561e+02,-1.517242887055804879e+01,1.568152764942595240e+03,7.023588164848017641e+02,-2.033923118717009686e+02,1.275911916115637041e+03,7.547314104039767244e+02,4.199440005243131679e+01,1.554246045417460664e+03,3.758311572023102372e+02,-7.135570613061977951e+01,1.086315164225861281e+03,5.169895743843952687e+02,-4.531373785048228342e+01,1.529904292943104792e+03,1.854805924838971691e+02,-8.799459051171727708e+01,1.312294053437383127e+03,4.187002374664286322e+02,3.647283051539934036e+02,1.184317220628961195e+03,6.182131993152161158e+02,1.074158830028516576e+02,1.141338274559518595e+03,5.752954576036410117e+02,5.056985405462443737e+02,8.208756011806395918e+02,3.052417606346537013e+02,7.630896379609247049e+01,1.282240178357802279e+03,2.741605850692960757e+02,3.578607657733606970e+02,4.284704529028351772e+02,2.889514727222139072e+02,9.058014193962880256e+01,1.353899719454171418e+03,-1.242406984827141230e+02,3.856584500601790637e+02,3.676636887322297298e+02,4.954677233830580008e+01,1.596379922777990998e+02,1.600530682790384162e+03,-1.470517724157397481e+02
-1.852285444165290755e+02,1.534190516821260871e+03,9.465869485141412270e+02,-2.412087964581647626e+01,1.580852557481937311e+03,6.834300004880803954e+02,-2.030163347732890315e+02,1.288806246323415280e+03,7.649021892416217270e+02,3.645474972218540444e+01,1.503879599334049317e+03,3.631882906505673532e+02,-6.716502868707802065e+01,1.083100706179101053e+03,5.433325663666831815e+02,-4.834777813278272163e+01,1.430382885643825375e+03,1.780517568557246477e+02,-8.921664171168261248e+01,1.296618442652364138e+03,4.293529954076719832e+02,3.636995717994014399e+02,1.202619297509686476e+03,6.221472807823927269e+02,1.079315005097707996e+02,1.152073616367432805e+03,5.807975670621336803e+02,5.158280067222100342e+02,8.165727366755320418e+02,3.299415454483997792e+02,7.696795463082563060e+01,1.285438621743797285e+03,2.750720444871603831e+02,3.631605421237697442e+02,4.268987145627954760e+02,3.303350696369951152e+02,9.159641829916517963e+01,1.352201762995280887e+03,-1.245229212462655397e+02,3.989708215759351333e+02,3.593849680225933980e+02,9.394215862566582587e+01,1.591882500604703239e+02,1.599579934073402910e+03,-1.475648276949175681e+02
-1.792342098464484081e+02,1.546991849450530935e+03,9.458847259861445309e+02,-3.200449064224312679e+01,1.592817386459248155e+03,6.683105531673545556e+02,-2.027034093639915682e+02,1.303017986521830153e+03,7.749130572217451345e+02,3.526793947378561001e+01,1.460529315753733044e+03,3.640564737045440324e+02,-6.483549994342993728e+01,1.081974411387798682e+03,5.709284264861223619e+02,-4.591646162992874025e+01,1.342229449402621640e+03,1.892262443195630226e+02,-9.407222489536161447e+01,1.280423018837592053e+03,4.392852885246211372e+02,3.629588571024459611e+02,1.221164042836745466e+03,6.252715905847536533e+02,1.078652083870683214e+02,1.163449578308596983e+03,5.859594982768932141e+02,5.245812343186024691e+02,8.169237292741638612e+02,3.529412948324497279e+02,7.659689319585929468e+01,1.289766101363456301e+03,2.740382694188090795e+02,3.751579357076690826e+02,4.299647535771921412e+02,3.770093885341105988e+02,9.261026896202653802e+01,1.350331392666634883e+03,-1.270433551060855280e+02,4.163487109620668889e+02,3.517668711236038916e+02,1.465419869906610018e+02,1.585687849227033439e+02,1.598317455986523782e+03,-1.493650775645766657e+02
-1.752408224603663882e+02,1.559683287625610092e+03,9.458869950592561509e+02,-3.785848871702287255e+01,1.603684852434322693e+03,6.576778316265159674e+02,-2.030975241042127948e+02,1.317527906951051364e+03,7.844351015494996773e+02,3.795881431339488898e+01,1.426857108571965227e+03,3.737340686965957843e+02,-6.361509991464608760e+01,1.083944388112616252e+03,5.987566906396727973e+02,-3.880400119086471022e+01,1.271095711594195336e+03,2.141443550396620878e+02,-1.010569692149188370e+02,1.265538868945491686e+03,4.490769087531350010e+02,3.627492917322878725e+02,1.239726407182178946e+03,6.281674269252347358e+02,1.075331992340760792e+02,1.175673252744421006e+03,5.906065054694674927e+02,5.324470334135730809e+02,8.229713165507573649e+02,3.739384494559384962e+02,7.614648184648717688e+01,1.294990202527843849e+03,2.706903465179309478e+02,3.930979661815104009e+02,4.393732617256030721e+02,4.280103650982983936e+02,9.369244435941985216e+01,1.348875113389963417e+03,-1.321659849276628051e+02,4.391227810456675229e+02,3.470789463102298100e+02,2.066673309129403719e+02,1.575204182730779223e+02,1.596816546837843816e+03,-1.530474809295256762e+02
-1.737262319925239638e+02,1.572128194820249064e+03,9.466500391808594941e+02,-4.132923451610905374e+01,1.612974525341546041e+03,6.515187724239692670e+02,-2.045483334035536132e+02,1.331487648356647014e+03,7.934068433979819019e+02,4.353503347760511843e+01,1.403207863646672195e+03,3.882985775458978992e+02,-6.275641760675956249e+01,1.089461084728836113e+03,6.260794565267365215e+02,-2.797424852862865663e+01,1.219188665256734112e+03,2.482487995926207134e+02,-1.085844199449499854e+02,1.253117443609389966e+03,4.593560253275607010e+02,3.631371343200767114e+02,1.258271529883627181e+03,6.311687847203107822e+02,1.071890686002455482e+02,1.188765016433277424e+03,5.944833760769437276e+02,5.400657233308926379e+02,8.347446164678203786e+02,3.928960746913612638e+02,7.627693888636460429e+01,1.300866389026957449e+03,2.649192649348144641e+02,4.156998009109303780e+02,4.557420197750401485e+02,4.820547418252154444e+02,9.493694858380362689e+01,1.348483084216974930e+03,-1.399405307152709668e+02,4.677715453652634778e+02,3.466521413551392925e+02,2.729806646920849289e+02,1.558586487810369192e+02,1.595109284240339321e+03,-1.589257370409221437e+02
-1.744399902640457753e+02,1.584143735969939826e+03,9.481252725701592681e+02,-4.274520001931094271e+01,1.620576218503437531e+03,6.490109758930572070e+02,-2.070011309807333930e+02,1.344555981747918850e+03,8.019436338208673760e+02,5.087343137466292831e+01,1.387759696031753265e+03,4.052243532307381315e+02,-6.180572048553436559e+01,1.098129809396995142e+03,6.526167201591982803e+02,-1.452695534278398348e+01,1.184221459980080681e+03,2.879024440300703986e+02,-1.156803566350407664e+02,1.243264382390239007e+03,4.704100897701136432e+02,3.640219992974278398e+02,1.276836490596780550e+03,6.343563941080336690e+02,1.069506539653345527e+02,1.202544154942043633e+03,5.975097525355846528e+02,5.478673825580663106e+02,8.511770838726698685e+02,4.101167718576301695e+02,7.716012642256376353e+01,1.307166796487612828e+03,2.570705729391173122e+02,4.414638341282346801e+02,4.781378101451728639e+02,5.378621339700479211e+02,9.637610590120506515e+01,1.349415958085986858e+03,-1.499326908944134402e+02,5.014762951558518012e+02,3.503646119756832604e+02,3.436363222852473314e+02,1.535830806851234911e+02,1.593224131975842965e+03,-1.667842350940477729e+02
-1.764589624566833095e+02,1.595717752875347514e+03,9.500695601399902444e+02,-4.299478720640479423e+01,1.627019068487717504e+03,6.486267331474007278e+02,-2.100395975097098074e+02,1.356954027250787249e+03,8.102470117642681089e+02,5.903771515810505832e+01,1.376888951893092553e+03,4.234291470958660852e+02,-6.070280597597252381e+01,1.108647425421390381e+03,6.785709504026460763e+02,4.632902468140654983e-01,1.159453200436919587e+03,3.306797370127804356e+02,-1.222768477730541719e+02,1.235004664153012982e+03,4.820122538757852908e+02,3.651703234830832230e+02,1.295396843987818556e+03,6.376134402555853740e+02,1.067880812217133837e+02,1.216651765786998794e+03,5.999316505162909152e+02,5.558822293888127888e+02,8.702089355066621010e+02,4.262496679763590919e+02,7.850395298089065932e+01,1.313670073895256110e+03,2.479934380234936953e+02,4.688591510907752991e+02,5.040356666720389285e+02,5.943788565489442135e+02,9.795015195911487638e+01,1.351270774266516810e+03,-1.612147153111565956e+02,5.381017454425624464e+02,3.565567370618535961e+02,4.164925122155099757e+02,1.509256492601462583e+02,1.591220560470522287e+03,-1.758275884120491526e+02
