5.804988007434940300e+01,-1.190129242642456120e+01,1.642081170241566724e+03,4.565733581831828758e+01,-1.511844878451313718e+02,1.343460847360040361e+03,1.060247142873623289e+02,2.117826575271620584e+02,1.335267641544265189e+03,2.022213723084722687e+02,-2.839811906063773677e+02,1.119460655712827474e+03,2.360593829042180118e+02,2.706898145973373744e+02,1.100535736489854798e+03,3.137577802684535868e+02,-9.158737191349528928e+01,1.234398305301596110e+03,3.189616400932149531e+02,1.384422113437853739e+02,1.258709415502635011e+03,-4.249031932270658984e+01,-3.054880637856298975e+01,7.656178460719577288e+02,1.167464246642648931e+02,2.467496104548123412e+02,8.283860716344622688e+02,1.286429654399417757e+02,-6.076469025463758555e+01,4.161139792025277870e+02,5.018500336309326144e+02,1.055046788747875439e+02,8.966524242807562359e+02,-4.228376714280457804e+00,5.531169918276285458e+00,-5.311104407190767596e+00,2.868228568461292411e+02,1.266045467065880956e+02,4.939185631776926471e+02,2.798393212447566043e+02,3.204151590552247741e-01,1.728563239971212440e+01,5.570007318880601588e+02,1.902242924888189535e+01,4.595689340385616788e+02
5.765444785192399024e+01,-1.577684939140874754e+01,1.644349775084869407e+03,4.561386022781142913e+01,-1.529239887193519962e+02,1.343528405124313394e+03,1.069429411843753854e+02,2.094312457318430347e+02,1.336610726553658651e+03,2.025132837814952325e+02,-2.849658710123079572e+02,1.119699597898579214e+03,2.388661685713607028e+02,2.700086116807910912e+02,1.102441068612694608e+03,3.170129880094882537e+02,-9.770739182894240571e+01,1.234797831559757014e+03,3.217032907741480585e+02,1.374960603944980164e+02,1.258725855145164132e+03,-4.210635173243577611e+01,-3.196722041973935191e+01,7.656004993196753503e+02,1.178679065854322658e+02,2.458855168113773857e+02,8.301723465477314221e+02,1.286285927594011582e+02,-6.036234854546090389e+01,4.164659905448390873e+02,5.025931158631528888e+02,1.059259229454742410e+02,8.966914743197812641e+02,-3.668469479621308427e+00,4.993786954216558271e+00,-5.395021476479057831e+00,2.900966599466034381e+02,1.219719615576700420e+02,4.916234256271388290e+02,2.791068157931758265e+02,-7.799754781913411650e-01,1.789278191738409163e+01,5.555969725032036877e+02,1.668418681332351383e+01,4.622602563783759706e+02
5.731241590353639737e+01,-1.824920049854814152e+01,1.645996910033703443e+03,4.551293681061221719e+01,-1.537739807723124272e+02,1.343475877762777372e+03,1.078609750633367952e+02,2.084168410498087667e+02,1.337699317447197018e+03,2.026596245968127903e+02,-2.853616307605954034e+02,1.119579917889766421e+03,2.412179906845068729e+02,2.703357319432378176e+02,1.103975959053622773e+03,3.193715806518154068e+02,-1.020051531882400440e+02,1.234970241040682140e+03,3.238380510100378729e+02,1.375968910042945481e+02,1.258877127287257281e+03,-4.180634806155750027e+01,-3.232802067971500293e+01,7.654171685016680158e+02,1.187727012788777330e+02,2.459722681086815896e+02,8.311919662557095307e+02,1.288073264071037443e+02,-5.989288067561351880e+01,4.167768139046838201e+02,5.032828941999994186e+02,1.063178280206989825e+02,8.964728234111679512e+02,-3.288450997578403534e+00,4.490507536624243734e+00,-5.258040048998914529e+00,2.932005480260370405e+02,1.187586871186252324e+02,4.894706284867337445e+02,2.786814406743152404e+02,-1.650654346546325479e+00,1.844424624880448604e+01,5.549266011526495959e+02,1.435130685897523506e+01,4.641693494452431992e+02
5.707699433082256490e+01,-1.843140841900138227e+01,1.646649450967625853e+03,4.531381112093436769e+01,-1.531134570063595390e+02,1.343239466552886142e+03,1.087691732678399177e+02,2.095885833237562395e+02,1.338419120336988726e+03,2.025639032796055119e+02,-2.847313744807514695e+02,1.118885898428696009e+03,2.428161086049581456e+02,2.723962310694716962e+02,1.104924244780227582e+03,3.203903357357102664e+02,-1.033840647195388414e+02,1.234895645576812285e+03,3.250906217613493254e+02,1.394549538568888636e+02,1.259263178598024751e+03,-4.163246351961086589e+01,-3.092962085292765551e+01,7.650010078132270337e+02,1.193524145851855565e+02,2.475576614134888018e+02,8.310536840800710934e+02,1.292573438566125219e+02,-5.923912032596189903e+01,4.170017272980251732e+02,5.038544260800947541e+02,1.067343481416342712e+02,8.958852218449922020e+02,-3.152162682367314339e+00,4.050061997042271322e+00,-4.792743285679201826e+00,2.960532443621207790e+02,1.177909675028267458e+02,4.876011166116151685e+02,2.787062792479844688e+02,-2.190034233150405907e+00,1.888867467124400790e+01,5.553601518880445838e+02,1.208098175804957997e+01,4.648749220809798999e+02
5.699071003758046317e+01,-1.623342914812472060e+01,1.646285451285746376e+03,4.501301649889603596e+01,-1.507637292362279311e+02,1.342828771535204623e+03,1.096414292685842895e+02,2.130375162981257802e+02,1.338827506421817588e+03,2.022178845940227347e+02,-2.829130480419303240e+02,1.117597916187283772e+03,2.435968101237990595e+02,2.764125818976302185e+02,1.105309376555531799e+03,3.202633592969736469e+02,-1.018098947956224123e+02,1.234789843181987862e+03,3.256181735370265073e+02,1.432382191982206336e+02,1.259951672707362604e+03,-4.158545015367182174e+01,-2.763034674638534582e+01,7.644169977697857803e+02,1.196347026732682792e+02,2.505986378386908768e+02,8.298899608760137880e+02,1.299012003508262865e+02,-5.824440994977827302e+01,4.171008879472485660e+02,5.042380143677088427e+02,1.073041723860636836e+02,8.950028789870400487e+02,-3.167994194486148718e+00,3.694395816520241738e+00,-4.051386052843160002e+00,2.986872572116385527e+02,1.190045008456359028e+02,4.861196921972241398e+02,2.790987468725451208e+02,-2.451253927333218563e+00,1.918991304951529031e+01,5.567533878758137007e+02,9.973596220636823162e+00,4.644595261432948519e+02
5.705746248545722921e+01,-1.225454756294137937e+01,1.645145535681242336e+03,4.465034511983877508e+01,-1.469846404728413347e+02,1.342295656412632979e+03,1.104483003683979803e+02,2.181664286631660445e+02,1.339069500316597669e+03,2.016895752020286352e+02,-2.800580170319510671e+02,1.115840635328692542e+03,2.437068329783877800e+02,2.820905646031456513e+02,1.105383077740044882e+03,3.196695439367510403e+02,-9.813565129480585369e+01,1.234884243773251683e+03,3.258628845851766869e+02,1.486362375700353198e+02,1.260991576689135627e+03,-4.166537262237888939e+01,-2.277368132959283997e+01,7.638055491863103725e+02,1.197344962880687973e+02,2.545969815236100828e+02,8.282073736147381169e+02,1.305570726940234749e+02,-5.676968078030997589e+01,4.170635476054703190e+02,5.043743579747794570e+02,1.081554307773193813e+02,8.940541264873238561e+02,-3.141119372272482391e+00,3.433440587940995492e+00,-3.206722268798769537e+00,3.011636055873625537e+02,1.216388588566945543e+02,4.850908218814176962e+02,2.796201845829864965e+02,-2.572288430739967602e+00,1.934063064841472368e+01,5.585212905541343389e+02,8.164398560829184248e+00,4.634139823703255274e+02
5.723490089612029408e+01,-7.402788473817183856e+00,1.643549400357858531e+03,4.429828552281878018e+01,-1.423143738682653066e+02,1.341685559020558230e+03,1.111762654346830317e+02,2.240176309124669274e+02,1.339259665016919826e+03,2.010774690951123489e+02,-2.765412834977052512e+02,1.113791988332344999e+03,2.434035950030774700e+02,2.887789881925894520e+02,1.105514016680304167e+03,3.194003623852636338e+02,-9.358170251882906143e+01,1.235157376094063238e+03,3.262811019561518151e+02,1.550821868822561669e+02,1.262401711110743236e+03,-4.190559125003306207e+01,-1.694705491777435569e+01,7.632904710583171664e+02,1.197709899550043815e+02,2.589220600791618949e+02,8.265791162033725641e+02,1.310564149693402669e+02,-5.477862928646081997e+01,4.169267695535893949e+02,5.042468691802471881e+02,1.093275934234190316e+02,8.933237898114167592e+02,-2.891925476496856273e+00,3.261931159179256134e+00,-2.451494236990567455e+00,3.034561117906596905e+02,1.247289167769875178e+02,4.845528827319101879e+02,2.800126336363720156e+02,-2.671254288951071310e+00,1.937236918381526252e+01,5.598887767114842973e+02,6.803220572088546803e+00,4.623768086892631572e+02
5.746869428166817784e+01,-2.467716041563403184e+00,1.641753081241550490e+03,4.403842217174334195e+01,-1.373349256722922576e+02,1.341011977432951426e+03,1.118411561417190541e+02,2.296761813726083403e+02,1.339422862188760064e+03,2.004634255190136400e+02,-2.727563184820833158e+02,1.111619846886898586e+03,2.429444478645272909e+02,2.957279346193590754e+02,1.106022495882847124e+03,3.200021402011191753e+02,-8.918660449641616594e+01,1.235244329595506315e+03,3.271478066977331309e+02,1.619810969404519767e+02,1.264122443095201561e+03,-4.236228931608506088e+01,-1.073007349864140991e+01,7.629223902944792144e+02,1.198110233046180184e+02,2.631132318181161622e+02,8.253877004565187008e+02,1.313544953083275288e+02,-5.239543013691693574e+01,4.167725787433018922e+02,5.039158019450520669e+02,1.107410831258299595e+02,8.930426767328319784e+02,-2.370550214468626127e+00,3.164676984846483965e+00,-1.894909542744321440e+00,3.053982799456778139e+02,1.275794879754118512e+02,4.845453005661632346e+02,2.801107554087697622e+02,-2.780009071385162844e+00,1.935167941258704616e+01,5.601762004192011091e+02,6.027869537981535686e+00,4.618715980324672046e+02
5.775011495516645965e+01,2.142471410239358054e+00,1.639916183589025195e+03,4.393598916764744189e+01,-1.324716455778271040e+02,1.340267317073172762e+03,1.124895115527172607e+02,2.345682159596366887e+02,1.339517680494429214e+03,1.998933634362818736e+02,-2.688966059984016965e+02,1.109460027649633275e+03,2.425188562441300348e+02,3.023430476531896716e+02,1.107037982532325259e+03,3.216149613696500182e+02,-8.548459757188291519e+01,1.234602534861974164e+03,3.285395600076672054e+02,1.688469033814889144e+02,1.265968249040368164e+03,-4.306746772781795585e+01,-4.540182345457756341e+00,7.626862308889034239e+02,1.198654975176850854e+02,2.670184479999628593e+02,8.247407849025202040e+02,1.315608384595206815e+02,-4.988509480732315637e+01,4.167016057161708318e+02,5.035236422766395208e+02,1.122507151367118468e+02,8.933139445273635602e+02,-1.696612771997301206e+00,3.130329340413647632e+00,-1.512615913829845171e+00,3.067407143715483926e+02,1.299933219428350526e+02,4.851281681326485682e+02,2.798786448038831054e+02,-2.843679708586686949e+00,1.935686691604257703e+01,5.589942681802468769e+02,5.939392603276082205e+00,4.621661331670230766e+02
5.814807231906819851e+01,6.412153789437031293e+00,1.638146826990639738e+03,4.402256498435886556e+01,-1.279077331391419108e+02,1.339447648820683526e+03,1.131883597540323620e+02,2.385572540400863772e+02,1.339494706850988223e+03,1.993865119832776713e+02,-2.648670658800089655e+02,1.107408581909665372e+03,2.422372864927545209e+02,3.083489169768535589e+02,1.108449725394663346e+03,3.240377401527329084e+02,-8.249207803266966721e+01,1.232815021030268781e+03,3.304437502438615297e+02,1.753510803736704418e+02,1.267634399095925573e+03,-4.398742076365922316e+01,1.407561428841922924e+00,7.625418476738618665e+02,1.199227367893095391e+02,2.707531243325636865e+02,8.245402146819959626e+02,1.318667280778038275e+02,-4.755027204025643073e+01,4.167940591771127288e+02,5.032495851895198484e+02,1.137490223822422024e+02,8.941007684975131724e+02,-1.095959756224818671e+00,3.161819426960434942e+00,-1.174867628158372090e+00,3.072886832047264534e+02,1.322221429935436845e+02,4.863721925729522013e+02,2.793833550313835872e+02,-2.770168947742320587e+00,1.944197547277172688e+01,5.562982735715945637e+02,6.590693189592892409e+00,4.632757355405614703e+02
5.877664663729014904e+01,1.053738527164275318e+01,1.636544298679702251e+03,4.428834861358901520e+01,-1.236292282908505058e+02,1.338562287510970691e+03,1.140068358085596572e+02,2.418470357314862724e+02,1.339330789851285999e+03,1.989484349620619241e+02,-2.604019852207687222e+02,1.105508959291703377e+03,2.421539724475318280e+02,3.138175978088264628e+02,1.109974190415447993e+03,3.269156363235579761e+02,-7.992034743341294245e+01,1.229821724292784893e+03,3.328615342905583816e+02,1.813372246707901638e+02,1.268777519997996706e+03,-4.502151933630999281e+01,7.070235075605967090e+00,7.624478492089609745e+02,1.199855494484631180e+02,2.745556460078208829e+02,8.246010256712437467e+02,1.324143041155780054e+02,-4.559419549418172579e+01,4.170760180740448959e+02,5.032235885275350711e+02,1.152505927153578398e+02,8.952755282112113946e+02,-7.697574905804093204e-01,3.268914141901877013e+00,-7.341712425149300447e-01,3.070293156329110502e+02,1.347603338592938940e+02,4.883198350002467123e+02,2.787463932645051159e+02,-2.498405393503178473e+00,1.960633021659216624e+01,5.523245784518167056e+02,7.996898821347225628e+00,4.650559229263773773e+02
5.970617597517365027e+01,1.470095104867737845e+01,1.635191849668662144e+03,4.467979612103108167e+01,-1.195488404030033536e+02,1.337624655535302281e+03,1.149946201721790402e+02,2.447781763865897631e+02,1.339025900959686851e+03,1.985652023436447280e+02,-2.553221365939810426e+02,1.103746190940819588e+03,2.422910930538042180e+02,3.190684562746677670e+02,1.111301687991017616e+03,3.299142245518178811e+02,-7.745434264415551695e+01,1.225935092904468320e+03,3.358162591562949046e+02,1.868313121899111593e+02,1.269137739853281346e+03,-4.604123222413375771e+01,1.252445798917769970e+01,7.623524908043058304e+02,1.200899015139168711e+02,2.786342899505991682e+02,8.247347396566443649e+02,1.331910206987101901e+02,-4.402729712932161021e+01,4.175093989434133164e+02,5.034454005854557863e+02,1.168991044250730766e+02,8.967120227085077886e+02,-7.755247261059925457e-01,3.443393257907017446e+00,-1.207729501514783060e-01,3.061550407066985144e+02,1.381194299834744186e+02,4.909491122200463451e+02,2.781025445948489505e+02,-2.054372699025227345e+00,1.978974807058639485e+01,5.474650216949655714e+02,1.016107374178848843e+01,4.673146816576115725e+02
6.087588138274468008e+01,1.894321215365818389e+01,1.634117560820163362e+03,4.510273470830922804e+01,-1.156235812485970342e+02,1.336646246866915590e+03,1.161658763423376683e+02,2.476329476458994918e+02,1.338594619945493605e+03,1.981817952146479058e+02,-2.497512217924917479e+02,1.102070528337856103e+03,2.426483920807316110e+02,3.244890656826659665e+02,1.112243946924323154e+03,3.328085959848163498e+02,-7.495693781671315037e+01,1.221650225426283896e+03,3.392869387162721750e+02,1.920269562047321017e+02,1.268637965904436669e+03,-4.694156594769474111e+01,1.791328210753066585e+01,7.621809379138294389e+02,1.203023518078221628e+02,2.830690978402224687e+02,8.247826530692832421e+02,1.340179375967892383e+02,-4.267149212298175343e+01,4.180145320547283063e+02,5.037621488861717012e+02,1.188840604905896328e+02,8.983800327340718468e+02,-9.929323514046998200e-01,3.638401003464615258e+00,6.102623984750727981e-01,3.049512681384506436e+02,1.426488935087332379e+02,4.941756680018881980e+02,2.775705139918203486e+02,-1.565259069884037402e+00,1.990117648354469182e+01,5.421294362170010572e+02,1.308611540689198094e+01,4.698977138628162606e+02
6.207832527662850453e+01,2.318134248406096276e+01,1.633273732961326914e+03,4.543953252116101282e+01,-1.118979549285570698e+02,1.335651110274180382e+03,1.174993860023522245e+02,2.505354636515740481e+02,1.338081645618045741e+03,1.976916526248822663e+02,-2.441268518645037489e+02,1.100448159835236538e+03,2.432057913066704771e+02,3.303531387007735702e+02,1.112807575780505431e+03,3.355013755937878841e+02,-7.253110997555823758e+01,1.217387234677986953e+03,3.431562191679244052e+02,1.972128200225808143e+02,1.267403355178664924e+03,-4.767677664212820332e+01,2.339503273564567820e+01,7.618552524882927628e+02,1.207031351317898498e+02,2.877928363150550695e+02,8.246333946535916084e+02,1.346406106871807822e+02,-4.125635389437353240e+01,4.185161575621062298e+02,5.039275262422842729e+02,1.213064127867184396e+02,9.003843414171327595e+02,-1.192821584621245101e+00,3.777715601426914205e+00,1.308244479705055197e+00,3.036066455123004175e+02,1.484054701998387884e+02,4.978962959174031653e+02,2.772291407362044424e+02,-1.212327092634733816e+00,1.986790699991940556e+01,5.366270272343435863e+02,1.673748988532541304e+01,4.727232462330792373e+02
6.304470772609531082e+01,2.732278185585251151e+01,1.632561764468146748e+03,4.558722871031654478e+01,-1.084594719182458533e+02,1.334698688401082109e+03,1.189583426552400169e+02,2.534702004872702616e+02,1.337587833896942811e+03,1.969638812895182411e+02,-2.389809900205547137e+02,1.098903326480544592e+03,2.439360373625916054e+02,3.367096462997893127e+02,1.113162751717503397e+03,3.380184366062429717e+02,-7.044325374478803781e+01,1.213322202248288932e+03,3.472417000850514910e+02,2.026499508417467723e+02,1.265686581995043980e+03,-4.827071830688583987e+01,2.909845694110913072e+01,7.613447539515233302e+02,1.213617103718991643e+02,2.926464061592002395e+02,8.242489106427532306e+02,1.348671944075066449e+02,-3.954828048553412145e+01,4.189868524155738783e+02,5.037155470460020865e+02,1.240666363507654353e+02,9.029064336512078626e+02,-1.164318177236942198e+00,3.798708240102687039e+00,1.813855604045188752e+00,3.020623408296752359e+02,1.550811525706358793e+02,5.020391213269139143e+02,2.770991331618167806e+02,-1.134845918147388222e+00,1.967744901922925038e+01,5.310846332187003327e+02,2.095920245459169706e+01,4.757601242870894680e+02
6.358952528762872447e+01,3.136175935770102896e+01,1.631882092003244225e+03,4.550608263198839154e+01,-1.053513347879077031e+02,1.333880332357589623e+03,1.205178565030309699e+02,2.563746363289895953e+02,1.337261213061441595e+03,1.959078331001367133e+02,-2.346275151948959774e+02,1.097509778963156577e+03,2.448318761838476405e+02,3.433858826661054309e+02,1.113534265601806283e+03,3.405030569053185445e+02,-6.895700354874662708e+01,1.209373028556217150e+03,3.513986511547158216e+02,2.084619819665306863e+02,1.263735866966942012e+03,-4.880762281537295877e+01,3.509600042811096898e+01,7.607013999379970528e+02,1.223112856499228940e+02,2.974796851312724471e+02,8.236818784681507850e+02,1.346722292407342820e+02,-3.744340374559168794e+01,4.194595966155136466e+02,5.030291025802370086e+02,1.268472660441646127e+02,9.060655061044586773e+02,-8.245034667707082932e-01,3.701290045262237705e+00,2.049817122935994718e+00,2.999989840826108320e+02,1.620428452511916362e+02,5.065801378077895833e+02,2.771389919831376574e+02,-1.337841142329438071e+00,1.938631941777740764e+01,5.254175037857006600e+02,2.540958895381972127e+01,4.789652628916292088e+02
6.372415786385320757e+01,3.537766694671198309e+01,1.631165787264287019e+03,4.524862426429238837e+01,-1.025107793237266236e+02,1.333267582189248742e+03,1.221786197410427377e+02,2.592298511409323964e+02,1.337225656944245202e+03,1.945407410855510477e+02,-2.309625453667499073e+02,1.096322038778496335e+03,2.459295868341413041e+02,3.500995576528829929e+02,1.114078320541162157e+03,3.431894230239093986e+02,-6.815411487761588205e+01,1.205289660443778530e+03,3.556175309848267148e+02,2.146165530192874087e+02,1.261670735678253095e+03,-4.941065176871252618e+01,4.140064777627765125e+01,7.600348764234823875e+02,1.235321986008693500e+02,3.022453452467471493e+02,8.230496072024517389e+02,1.342107445706813849e+02,-3.498852277744477846e+01,4.199987863787315518e+02,5.019496925925332675e+02,1.292166976808543950e+02,9.097804848038362024e+02,-2.524653068862134364e-01,3.562619980570614686e+00,2.059497640961586828e+00,2.969741835652266673e+02,1.685292667470169476e+02,5.115158478671603461e+02,2.772623685961252704e+02,-1.669929244735739449e+00,1.908913033810199877e+01,5.193647224378162264e+02,2.960846053158448399e+01,4.822190878416079158e+02
6.366107030733481054e+01,3.944500996280583394e+01,1.630364496091377077e+03,4.494043606791573353e+01,-9.977729451927334026e+01,1.332833984302248837e+03,1.239544912874417122e+02,2.620914060706613782e+02,1.337477315045326122e+03,1.930102931839719815e+02,-2.275089189070599787e+02,1.095286489913095920e+03,2.473013806418906597e+02,3.566292872732473143e+02,1.114807184764528301e+03,3.463365849774134517e+02,-6.782934015443881037e+01,1.200751734308503728e+03,3.600444290250642894e+02,2.210227574602498919e+02,1.259421102280110972e+03,-5.021043230885710074e+01,4.797555229304876434e+01,7.594309944715582787e+02,1.249554242915860840e+02,3.070283864320993530e+02,8.224592878301439214e+02,1.337434005741627914e+02,-3.234080087059456332e+01,4.206476499242637033e+02,5.007094086135713269e+02,1.308107457754346967e+02,9.137327324484051587e+02,3.633879563337859553e-01,3.497785428165543387e+00,1.971622590135713171e+00,2.926265023163387582e+02,1.739603567464413345e+02,5.168169033586475507e+02,2.773725698700359317e+02,-1.901224456248191030e+00,1.886534663542630597e+01,5.125843978926782256e+02,3.312511437988863605e+01,4.853019798933373750e+02
6.369929353315585985e+01,4.354296678918711905e+01,1.629416085078675678e+03,4.471278131586487348e+01,-9.696327660814166904e+01,1.332408851182038688e+03,1.258447975721083765e+02,2.650535377559435801e+02,1.337824644580407039e+03,1.915451131649044498e+02,-2.236721259875294834e+02,1.094197659525771314e+03,2.490063981587626927e+02,3.629641968140484778e+02,1.115595202683015941e+03,3.501388140385635097e+02,-6.752398648953199256e+01,1.195422907534969227e+03,3.649141102206048117e+02,2.276754012349492768e+02,1.256750924035208300e+03,-5.130577643346900629e+01,5.474166389465469251e+01,7.588724199770349514e+02,1.264906078169144052e+02,3.119882488813307191e+02,8.219290919056147686e+02,1.335213672096639073e+02,-2.970238531014031125e+01,4.213900790759694814e+02,4.996027917115854393e+02,1.314969929506524693e+02,9.174757022172007055e+02,8.303147606979739415e-01,3.586767714325197698e+00,1.916552819065692415e+00,2.868226512678247673e+02,1.782072812562359729e+02,5.223980850284935968e+02,2.773985903279381091e+02,-1.862850197965697063e+00,1.873498327351042292e+01,5.047773775185422664e+02,3.581748944403485524e+01,4.879344154522362942e+02
6.406057373917728626e+01,4.755560188301063818e+01,1.628226577478122408e+03,4.462482982932063891e+01,-9.393758830486341083e+01,1.331712769131671848e+03,1.278176413082359204e+02,2.681869601261627167e+02,1.337936184267849740e+03,1.903513450284672786e+02,-2.190379439314427827e+02,1.092740962540420924e+03,2.510231766284481694e+02,3.693547058287538221e+02,1.116262877657601848e+03,3.546518850319122294e+02,-6.669939799187658025e+01,1.188981849775772162e+03,3.704459981477990027e+02,2.347225687768791715e+02,1.253352305927385487e+03,-5.272626937142511849e+01,6.158568879750509240e+01,7.582304670132593856e+02,1.280687896809886581e+02,3.172516036522695231e+02,8.213674415771355370e+02,1.336933915091351253e+02,-2.726081449101679866e+01,4.221590420551339662e+02,4.988762446434832896e+02,1.314312178390854911e+02,9.206413255758499190e+02,1.052168199748688027e+00,3.816999616777116966e+00,1.949388853378067665e+00,2.796749118756576991e+02,1.816497369360676828e+02,5.281215523286030020e+02,2.773160006827204711e+02,-1.558665025066267473e+00,1.864979376125408805e+01,4.957932473398093975e+02,3.795085520662855316e+01,4.898689541095646405e+02
6.477861517955049919e+01,5.138014774566601517e+01,1.626694751234368368e+03,4.462859694706263269e+01,-9.066558018997341151e+01,1.330470828112053368e+03,1.298226650231936503e+02,2.715044206668757170e+02,1.337490859241911721e+03,1.895127440498370106e+02,-2.135311401226367991e+02,1.090606677039247415e+03,2.532108644022354440e+02,3.762249307426599785e+02,1.116702150592305998e+03,3.597637916027935603e+02,-6.497316527397704533e+01,1.181168518253655520e+03,3.767668858726392500e+02,2.423816319933748105e+02,1.248974810579050200e+03,-5.441361705781530844e+01,6.838870403208235871e+01,7.573460968520902270e+02,1.296766768095645830e+02,3.228351468883465145e+02,8.206342027941029755e+02,1.342746062694710645e+02,-2.514642743722797036e+01,4.228914919285770679e+02,4.986344090271000482e+02,1.309741373232130286e+02,9.231197390667479112e+02,1.076571830244175132e+00,4.083823815548122127e+00,2.027870583213156941e+00,2.714560309523201340e+02,1.849545797223477166e+02,5.338224944370296043e+02,2.771460872713519734e+02,-1.170427066832232077e+00,1.852545136391366754e+01,4.856844424053546732e+02,4.006605800036540188e+01,4.909896382030952964e+02
6.570747623621984701e+01,5.506782324299168607e+01,1.624766750467519614e+03,4.460583599391612353e+01,-8.717856617744800474e+01,1.328541312627760362e+03,1.318265122147400348e+02,2.749802764883588111e+02,1.336348296605426412e+03,1.889554164209473868e+02,-2.073706735624952842e+02,1.087614045583746702e+03,2.553421718248381751e+02,3.839730153892907651e+02,1.116982893917252113e+03,3.652131915175087329e+02,-6.229718760153659929e+01,1.171846228691394117e+03,3.838907029580394692e+02,2.507519056975980902e+02,1.243546568136648830e+03,-5.623616453004824933e+01,7.508644317515155819e+01,7.561454523322028081e+02,1.313580395862429668e+02,3.286578123992312044e+02,8.196409043835469674e+02,1.351754715778232310e+02,-2.340537580591028188e+01,4.235915650012283891e+02,4.987936653131786784e+02,1.305138132092613148e+02,9.250971568425611622e+02,1.066439926145453132e+00,4.250139635876997168e+00,2.053978071736971334e+00,2.625044860351937359e+02,1.886850098319612812e+02,5.393327780229411701e+02,2.769393758515788022e+02,-9.491526809534001075e-01,1.829486192258119104e+01,4.747057669052757660e+02,4.263020424941920083e+01,4.913607283066804143e+02
6.663501255446023208e+01,5.888009033222353850e+01,1.622478409268491305e+03,4.445678846297290221e+01,-8.349334230137634449e+01,1.325981329192139356e+03,1.338437882988889953e+02,2.786015885778228380e+02,1.334632982394899045e+03,1.884998728449037060e+02,-2.008989191999199306e+02,1.083779155926838484e+03,2.572132923664116220e+02,3.927508215302011649e+02,1.117379818030714205e+03,3.706456999612539676e+02,-5.898031116444565214e+01,1.161040111766348218e+03,3.917414418812673489e+02,2.596653728142651971e+02,1.237240240100222991e+03,-5.803681963400345012e+01,8.173507400812393087e+01,7.547004942111910850e+02,1.331745280193462406e+02,3.346301073131796784e+02,8.184107766085456888e+02,1.362580675600189579e+02,-2.198757356529749529e+01,4.243494175041586232e+02,4.990992752015214933e+02,1.302896008030475627e+02,9.269252711647390015e+02,1.210091013163687501e+00,4.222763876411107731e+00,1.945071874364124431e+00,2.531922952570799623e+02,1.929682827982190929e+02,5.444857549076223222e+02,2.767554605914995705e+02,-1.065787223551521112e+00,1.794882643419063584e+01,4.632831915405889731e+02,4.567553300363247359e+01,4.911854235465604575e+02
6.742100337043514457e+01,6.318911605741448767e+01,1.619949535854246960e+03,4.418272188774115961e+01,-7.953982008220776834e+01,1.323009967949568818e+03,1.359382384854137911e+02,2.823988899010181512e+02,1.332677760641405939e+03,1.879668038050639325e+02,-1.944175489146963116e+02,1.079293875978593860e+03,2.587808711073266181e+02,4.023427011163187785e+02,1.118289748790124122e+03,3.756966224280974984e+02,-5.553736632405465201e+01,1.148914324136199184e+03,4.001863669161849089e+02,2.687013309354380226e+02,1.230439868774031311e+03,-5.969666529744205263e+01,8.852625733274840059e+01,7.531809580454455499e+02,1.351450365141401164e+02,3.407430904961769329e+02,8.170491941922298338e+02,1.373849504702687341e+02,-2.075342617837966941e+01,4.252882990678499482e+02,4.992050802353745667e+02,1.303114003832048695e+02,9.288979199547273993e+02,1.614675837141253290e+00,3.993259326778384022e+00,1.684284013628291721e+00,2.439520115470762676e+02,1.974185565364884383e+02,5.490991159721857002e+02,2.766474558367140162e+02,-1.519668726944652049e+00,1.753801093304917913e+01,4.519789944343008301e+02,4.867348270689029022e+01,4.906828081720769319e+02
6.807325893573514008e+01,6.826036727947131055e+01,1.617330798601153674e+03,4.390742080777693701e+01,-7.515548762841441999e+01,1.319894416137502958e+03,1.381904481663426907e+02,2.864221064461764854e+02,1.330860824997447480e+03,1.872683640654595365e+02,-1.881054322571539217e+02,1.074431314626673839e+03,2.602406812229743878e+02,4.122279313562870584e+02,1.120064038228463232e+03,3.800833557978874637e+02,-5.243554512774920084e+01,1.135687411911739673e+03,4.090605894779249070e+02,2.773832353449409993e+02,1.223591302767000116e+03,-6.118629512766808887e+01,9.571115152785024804e+01,7.517257550672251227e+02,1.372002143569258976e+02,3.470779761936432237e+02,8.156486678129963366e+02,1.384474796570258093e+02,-1.950116807672099739e+01,4.264640656914033912e+02,4.987912583123390391e+02,1.304159256786235517e+02,9.310531458234031561e+02,2.238865963226885913e+00,3.623576362441568222e+00,1.320694298439057279e+00,2.353058648027117385e+02,2.013447000529998263e+02,5.529376131682621462e+02,2.766521825739082487e+02,-2.154565086186870815e+00,1.713582024447590868e+01,4.414611278389570543e+02,5.075081802668920261e+01,4.899415924407397256e+02
6.872670512932315035e+01,7.405185162880455607e+01,1.614736159397321671e+03,4.382441257199955231e+01,-7.016349043556266452e+01,1.316827173031488428e+03,1.406510056430214490e+02,2.906765723617446611e+02,1.329430517587930808e+03,1.864290164511986632e+02,-1.820012897139486938e+02,1.069427751907403263e+03,2.619833698266897386e+02,4.218154839642116372e+02,1.122832814380294849e+03,3.836780945851959359e+02,-4.986211116013998179e+01,1.121523556834268902e+03,4.181896302947161530e+02,2.854580773729018119e+02,1.216979851866912668e+03,-6.258073504686395694e+01,1.034546814027111452e+02,7.503263739489939326e+02,1.391818749854241446e+02,3.537224807810293896e+02,8.142066991969203400e+02,1.393816704754023590e+02,-1.800944450863041979e+01,4.277827824078180470e+02,4.976732441699319338e+02,1.304245852012106752e+02,9.330868118779779934e+02,2.903599845467334628e+00,3.201996426703100695e+00,9.284368956686943619e-01,2.278480975570190310e+02,2.040874808217596126e+02,5.556623353446726696e+02,2.767837481817710454e+02,-2.752726409940060570e+00,1.678754402340010188e+01,4.324593881549457137e+02,5.112422101382098560e+01,4.888307525665014168e+02
6.955580932729004928e+01,8.017058330579111214e+01,1.612196061858751591e+03,4.410530710975632473e+01,-6.449364427074455364e+01,1.313855889399269245e+03,1.433058354644917074e+02,2.950706704605166237e+02,1.328406285382893429e+03,1.855321182977383785e+02,-1.760033279760331482e+02,1.064394534565998356e+03,2.644366646821104041e+02,4.307293419434404314e+02,1.126412907096461595e+03,3.865256546740625936e+02,-4.763157541644883963e+01,1.106452269848137348e+03,4.274253382192127901e+02,2.931021385864730746e+02,1.210546231399453291e+03,-6.403030665324384074e+01,1.117016561429976775e+02,7.488089147903791627e+02,1.408895873253362083e+02,3.606567034700462386e+02,8.126218654663371126e+02,1.401814432351290236e+02,-1.608598662581153960e+01,4.289996531193917804e+02,4.958506271983853253e+02,1.303030205880780272e+02,9.344009467842570302e+02,3.377878767717282127e+00,2.812034403666852533e+00,5.592640922790040880e-01,2.221762497704984867e+02,2.052566228127056718e+02,5.567935436753753038e+02,2.770300959056631314e+02,-3.132546514381471248e+00,1.647837257472674821e+01,4.256819856246969493e+02,4.947127450231580781e+01,4.870258586660467017e+02
7.068333628726831819e+01,8.602893731702093305e+01,1.609644923633313510e+03,4.482677696802981160e+01,-5.827375811246773907e+01,1.310883253615399781e+03,1.460720625946607356e+02,2.994194034041339023e+02,1.327587370049981018e+03,1.846433058780586975e+02,-1.698864014623189291e+02,1.059287464895202675e+03,2.678786952776175099e+02,4.389741913159019191e+02,1.130351556110648289e+03,3.887869963035961405e+02,-4.528724663838242037e+01,1.090354703130205962e+03,4.366924883928254530e+02,3.009281634996039543e+02,1.203864140503554836e+03,-6.570174600936344689e+01,1.201429122853371894e+02,7.469268991054537992e+02,1.421479515200124126e+02,3.676971941580594603e+02,8.107642013298934671e+02,1.409059404317809197e+02,-1.361498742743654944e+01,4.298128083924398197e+02,4.934702223708973747e+02,1.302117759835743982e+02,9.342588491196084988e+02,3.491732921836557590e+00,2.532957815405536106e+00,2.194068721920554854e-01,2.188028548844025636e+02,2.047248801132378730e+02,5.557334536517994366e+02,2.773547814061577697e+02,-3.194334804992271959e+00,1.613799881762018273e+01,4.216904282249128073e+02,4.598579031441587261e+01,4.841538861054457357e+02
7.213494153534875863e+01,9.111321003790912698e+01,1.606935729299477089e+03,4.595725135607849410e+01,-5.183252072710661906e+01,1.307710084419455143e+03,1.488271314518866575e+02,3.035086139955174076e+02,1.326640187374700417e+03,1.837751489487673098e+02,-1.633839919857621226e+02,1.053925445233180881e+03,2.723251048561448329e+02,4.468778929908330610e+02,1.134083548880555782e+03,3.906258275920343976e+02,-4.235346872897303427e+01,1.073018627707045198e+03,4.460169936304938005e+02,3.097724997680709862e+02,1.196323244835046808e+03,-6.771995664852794050e+01,1.283157218117298157e+02,7.444920810775406608e+02,1.428575190597436801e+02,3.745478288814275061e+02,8.085511086701974364e+02,1.416691852699314325e+02,-1.059541669275958320e+01,4.300020930433772719e+02,4.907227322894568147e+02,1.304018089374478677e+02,9.319893264133588673e+02,3.210480118411644490e+00,2.451061454918459059e+00,-1.216621535149353672e-01,2.180860386609653006e+02,2.024221319872416132e+02,5.518759972195966839e+02,2.777052487747107534e+02,-2.914682326691383718e+00,1.567578983674052218e+01,4.207779536871326513e+02,4.107627634977016839e+01,4.799924351118485788e+02
7.385055222360061578e+01,9.521115397563404770e+01,1.603870010622448717e+03,4.740416757926720237e+01,-4.560241552897576867e+01,1.304082625173949964e+03,1.514594281788641013e+02,3.071878530637633276e+02,1.325208890262565546e+03,1.829164080121586551e+02,-1.563462047150572403e+02,1.048031694154011120e+03,2.775420623792238644e+02,4.548573000324720965e+02,1.137121329275298422e+03,3.920940709517372511e+02,-3.860665240478787297e+01,1.054225738520216282e+03,4.555032576310369450e+02,3.203650360151959831e+02,1.187431118476709571e+03,-7.013940467202181139e+01,1.357984798007223048e+02,7.414446378758779019e+02,1.430060233006900887e+02,3.809362495200781495e+02,8.059579016091729500e+02,1.426085231873480268e+02,-7.155107896438178905e+00,4.295321353591261300e+02,4.877297668903608496e+02,1.310168579214216322e+02,9.271696083457583200e+02,2.629530738656804978e+00,2.645940067958879371e+00,-5.042762467082022582e-01,2.202026965242861252e+02,1.981263634432948493e+02,5.447719746318946363e+02,2.780253082180398678e+02,-2.329510240426616363e+00,1.502495255696530663e+01,4.229225047797258981e+02,3.492090522624048532e+01,4.746173373200333572e+02
7.573069514109783995e+01,9.848325174636327972e+01,1.600237584075972563e+03,4.908747030037711312e+01,-3.996370675162009434e+01,1.299727098242066631e+03,1.539193807170062485e+02,3.104474932819568380e+02,1.323005284595066769e+03,1.820899924673464625e+02,-1.488881430233283254e+02,1.041281383175760311e+03,2.831604254547016808e+02,4.631766851011299195e+02,1.139194309805822968e+03,3.930829199011236597e+02,-3.421244946341215609e+01,1.033819644733711812e+03,4.652594150770348165e+02,3.330569604231978929e+02,1.177063619529658581e+03,-7.295357070336284266e+01,1.424098152804234019e+02,7.378188249923165358e+02,1.426434847524875238e+02,3.867628387812563346e+02,8.029552760029479259e+02,1.438446804309926108e+02,-3.520709126089492269e+00,4.285618255646662078e+02,4.844823649248465927e+02,1.319418684239617505e+02,9.197221015326756515e+02,1.902525015810009101e+00,3.142681576483271400e+00,-9.527633986852409587e-01,2.251660357828161807e+02,1.914538117963130333e+02,5.342715248755418997e+02,2.782676895388026423e+02,-1.536945523701157335e+00,1.417443046520410554e+01,4.278521928956480451e+02,2.720541716329626070e+01,4.684098027607630002e+02
7.768565624324658359e+01,1.013617666780773590e+02,1.595861335000275176e+03,5.099548692229880942e+01,-3.510260005975959530e+01,1.294382104918066034e+03,1.562475246479384339e+02,3.134444731870634087e+02,1.319860472921103337e+03,1.813795394536562355e+02,-1.413953600881875445e+02,1.033360992977845854e+03,2.888177909138076416e+02,4.718626597471503601e+02,1.140296801248768361e+03,3.933709275522044777e+02,-2.964880388123408039e+01,1.011722941583015768e+03,4.753094773238795483e+02,3.477513467284152853e+02,1.165524585946297975e+03,-7.612510828318397671e+01,1.483163267782555295e+02,7.336472748252315341e+02,1.418450969539716482e+02,3.921814780639244304e+02,7.994364860306321816e+02,1.454539933725809533e+02,6.192974628848105234e-02,4.273596423209335171e+02,4.808603604707158752e+02,1.328200683256400509e+02,9.098870264999609390e+02,1.158296084486546196e+00,3.865051270563877317e+00,-1.461747639875555338e+00,2.328749088990003600e+02,1.820956742903339034e+02,5.205743523594012458e+02,2.784040563018301668e+02,-7.092160541246953498e-01,1.317855727007204969e+01,4.351911410561638149e+02,1.724868435154160906e+01,4.619111941462095956e+02
7.966435901167514544e+01,1.043492571426754978e+02,1.590632770932492576e+03,5.319459002831296601e+01,-3.095145582282674468e+01,1.287841890928056273e+03,1.585617453490304172e+02,3.164605988119382687e+02,1.315737631321521349e+03,1.808925358024468721e+02,-1.343306604740573960e+02,1.024047035589672532e+03,2.942591655528872820e+02,4.808091112580616482e+02,1.140652950879501532e+03,3.927326695504404483e+02,-2.546153887528841864e+01,9.879126484984163881e+02,4.855415803025510399e+02,3.640628011432053199e+02,1.153402204288627672e+03,-7.960858007528099733e+01,1.539905550625496176e+02,7.288911442509876224e+02,1.406860120388986957e+02,3.975658074112588451e+02,7.952092951088849304e+02,1.474652939331195398e+02,3.428047437545321152e+00,4.261758153379544183e+02,4.767149631171656665e+02,1.332545076479245267e+02,8.980773921868438947e+02,4.616052354879940922e-01,4.641537388345263082e+00,-1.994290945276090188e+00,2.431797976752249042e+02,1.701504632711819625e+02,5.041685359270697404e+02,2.784321231391290326e+02,-7.434231674602534423e-02,1.214588643476238516e+01,4.446082900355103220e+02,4.450540195227942419e+00,4.556025702462517302e+02
8.165548341261323628e+01,1.078200959223550797e+02,1.584517905829355414e+03,5.578956220404345601e+01,-2.723655235650224427e+01,1.280000916299602977e+03,1.610013657652235679e+02,3.198027213733730036e+02,1.310709605428278792e+03,1.806775849564255907e+02,-1.279426409416183930e+02,1.013286871189124213e+03,2.993680424718399422e+02,4.899570612536896306e+02,1.140630237589173475e+03,3.910193811358279277e+02,-2.199948307550770821e+01,9.623927907245985125e+02,4.957128022762590263e+02,3.815972577738862697e+02,1.141335439410006529e+03,-8.335014976434261769e+01,1.600291284480687466e+02,7.234504915784899595e+02,1.392350049891347510e+02,4.033710455527927365e+02,7.900704783679531147e+02,1.498772153118922574e+02,6.557825726937987376e+00,4.251385096651484332e+02,4.719643049387276506e+02,1.330828457995087888e+02,8.846742951792496115e+02,-1.678771223691758185e-01,5.282918472326039172e+00,-2.487118466098661607e+00,2.559447126427501757e+02,1.563169501887788044e+02,4.856889824824109496e+02,2.783797598642619846e+02,1.540085290957289854e-01,1.121323534561582669e+01,4.558988748824564823e+02,-1.122033119674703450e+01,4.497256421344308706e+02
8.366656779730143967e+01,1.119064840191692269e+02,1.577526735913046195e+03,5.885441298191909709e+01,-2.360185544787071166e+01,1.270871574580439983e+03,1.636488226124377263e+02,3.236811238128136665e+02,1.304908443877030550e+03,1.806436016273367784e+02,-1.220773970586669321e+02,1.001236597011279855e+03,3.041427286494385385e+02,4.993861468697034525e+02,1.140630898454559656e+03,3.881359370838225118e+02,-1.928442327625355190e+01,9.351977286327497723e+02,5.054943313437622692e+02,4.001783694722293490e+02,1.129837237468712601e+03,-8.727292214039637486e+01,1.669121831119784929e+02,7.172353395206632740e+02,1.375557171754505816e+02,4.099525180750586060e+02,7.839064399840839314e+02,1.526792239040156574e+02,9.557398521054643936e+00,4.242195725759563061e+02,4.666508744838463372e+02,1.325540962165080998e+02,8.698576678169270053e+02,-7.089452230880640693e-01,5.690909948923594364e+00,-2.861790564821631744e+00,2.710674283761716765e+02,1.418045562794470982e+02,4.657525421358885751e+02,2.783045656256403504e+02,-1.293855079144137221e-01,1.051033935630017169e+01,4.689635051070022200e+02,-2.899566503834407527e+01,4.442288951035976083e+02
8.569507917830949850e+01,1.165015862107328815e+02,1.569667726173033998e+03,6.236769204601295513e+01,-1.973997623216178354e+01,1.260556473242689663e+03,1.664690345461281709e+02,3.281202415462834097e+02,1.298464187234133533e+03,1.805255385695882069e+02,-1.162406426330000215e+02,9.882139635231740158e+02,3.086502025091842256e+02,5.092405723581452435e+02,1.140983027441107424e+03,3.839190735679714521e+02,-1.708020258521496260e+01,9.064267926873742454e+02,5.145289438992156192e+02,4.198972301990967253e+02,1.119247128120467778e+03,-9.127078445593775768e+01,1.748196063175243467e+02,7.102304497003206052e+02,1.357003729254124664e+02,4.174240942234789031e+02,7.767392000523529987e+02,1.558609734298128444e+02,1.256502451577988211e+01,4.232747536472326715e+02,4.609357452996076745e+02,1.322879207840314280e+02,8.535606424836414590e+02,-1.109912618062712131e+00,5.923834334252479294e+00,-3.045582194125058262e+00,2.884230457124709233e+02,1.280009564066018868e+02,4.448280651495528559e+02,2.782863882801462978e+02,-8.643384817862348468e-01,1.012060774946265873e+01,4.836919900068092488e+02,-4.746149376707644763e+01,4.388492918372647864e+02
8.770754088857684394e+01,1.213614082372218093e+02,1.560924408035146826e+03,6.618790434364200337e+01,-1.546701942082786374e+01,1.249187901736863751e+03,1.693053412634682218e+02,3.329504423817447787e+02,1.291458729970168179e+03,1.799189954238961775e+02,-1.098768580303266162e+02,9.745673970464564491e+02,3.129797524385537599e+02,5.195580773570632118e+02,1.141851691139927198e+03,3.780121880523884101e+02,-1.509229383884602171e+01,8.762792517449727256e+02,5.224868645505467839e+02,4.409911224285596631e+02,1.109773845954058743e+03,-9.522452259119725682e+01,1.835909066117549742e+02,7.025021904118832481e+02,1.336929337127887436e+02,4.256212595612512359e+02,7.686825052511484273e+02,1.594089120414135152e+02,1.565004516799299061e+01,4.221271773819325972e+02,4.550369244801105992e+02,1.330311706011097783e+02,8.355726712267477296e+02,-1.300568484192765828e+00,6.169042190760200661e+00,-3.003742589952818065e+00,3.077524806825906012e+02,1.160674961075204976e+02,4.231823177605318733e+02,2.784107351440700313e+02,-1.848508186406683684e+00,1.004739296208835242e+01,4.998099898211369236e+02,-6.500813936324144038e+01,4.332784522707867723e+02
8.963747491850250526e+01,1.262471005319542598e+02,1.551274330541279596e+03,7.008921057033541047e+01,-1.072070011209142493e+01,1.236871039847339489e+03,1.719426396194328959e+02,3.378953959457565475e+02,1.283912821677224201e+03,1.783809711705078485e+02,-1.026685450052388830e+02,9.605184438755703695e+02,3.172027095734079580e+02,5.301550268097547587e+02,1.143189745627799994e+03,3.698560005723823565e+02,-1.314585670588868638e+01,8.450530063162615306e+02,5.291223147234245516e+02,4.636674760965786959e+02,1.101530587858054787e+03,-9.903059006274040144e+01,1.928365673367693773e+02,6.941508845391272189e+02,1.315133108071468087e+02,4.341828671203000454e+02,7.598454684957873724e+02,1.633027886453279507e+02,1.878296959562345236e+01,4.206468059255457774e+02,4.491400895280407326e+02,1.353545224997158130e+02,8.157282641017144442e+02,-1.232052619685367167e+00,6.636109626141657003e+00,-2.774608853111139251e+00,3.285955767376780727e+02,1.066415085756902243e+02,4.009128240188913423e+02,2.787437877688672074e+02,-2.828195544976803699e+00,1.019911248349334798e+01,5.167884608486365323e+02,-8.035438686183400137e+01,4.273385246272074482e+02
9.140245953713778704e+01,1.310322035830937750e+02,1.540732483590863467e+03,7.384784206371874404e+01,-5.510450797821571989e+00,1.223662525206482769e+03,1.742084817843555413e+02,3.427186005123260202e+02,1.275800950509515815e+03,1.755690304527487058e+02,-9.465047878490275934e+01,9.460617423238476249e+02,3.213424272759669975e+02,5.406765084408011717e+02,1.144739977571951840e+03,3.588416789668126512e+02,-1.121951500215657838e+01,8.130947576712395630e+02,5.343302076089000821e+02,4.879994304873903275e+02,1.094503031999283166e+03,-1.026183047922271783e+02,2.021290153967446201e+02,6.852537449122445423e+02,1.290970373677834573e+02,4.427090635327313635e+02,7.502584314837542934e+02,1.675217396863059776e+02,2.189976941458008142e+01,4.187870747990570521e+02,4.433164407931218420e+02,1.394659119328173063e+02,7.940651756880884022e+02,-9.111871901603865176e-01,7.440145126258583375e+00,-2.488479796935152866e+00,3.503787262742591793e+02,9.974624497857169558e+01,3.780451314577117614e+02,2.793054569624698615e+02,-3.597922927008493144e+00,1.040391562255548230e+01,5.339045301316856467e+02,-9.291443781749434550e+01,4.210970113588199411e+02
9.293140149862047394e+01,1.357192696510593919e+02,1.529376442263466743e+03,7.733996838812812769e+01,1.290497681131773378e-01,1.209587955251898848e+03,1.760591950718196586e+02,3.473531422872666781e+02,1.267070927463222915e+03,1.713670649333746780e+02,-8.608929530138173902e+01,9.309818403503930995e+02,3.253658208090633934e+02,5.507870727854203778e+02,1.146086779885118631e+03,3.445535900653850376e+02,-9.331820471325301014e+00,7.807295640244749393e+02,5.381815105088924156e+02,5.139306545399030028e+02,1.088484278475192014e+03,-1.059401380405698205e+02,2.111699789194502443e+02,6.758409618708593598e+02,1.263536834753585936e+02,4.509198897756227211e+02,7.398716651780721349e+02,1.720516648708081107e+02,2.500579475785124473e+01,4.165665308592615474e+02,4.374811881608986255e+02,1.452320759655710845e+02,7.708591560684092201e+02,-4.039768251162884627e-01,8.551421277910932872e+00,-2.350174571757718489e+00,3.726638119476268116e+02,9.491256072869315119e+01,3.546462356548881303e+02,2.800526951307098216e+02,-4.050178708585991494e+00,1.045396220006123222e+01,5.504613538905134646e+02,-1.028645498997213110e+02,4.148663035037943700e+02
9.419035361930212957e+01,1.403666163714844117e+02,1.517323466292604735e+03,8.060102662633106263e+01,6.146357161750102271e+00,1.194675507847880453e+03,1.776070103218515612e+02,3.519400216055802275e+02,1.257651775712561857e+03,1.659359427100536664e+02,-7.726517928007496039e+01,9.149843016776072773e+02,3.292048498631808116e+02,5.603659112325101432e+02,1.146744799405895947e+03,3.269565299869854016e+02,-7.394069940145031161e+00,7.482232247004791361e+02,5.409011472245771301e+02,5.413227534671393641e+02,1.083072400434010433e+03,-1.089446296807178527e+02,2.198611890814695755e+02,6.659126555991821306e+02,1.231929500330919041e+02,4.587454992886259788e+02,7.286184598017384815e+02,1.768752038319416044e+02,2.823181321515975384e+01,4.140135612183012768e+02,4.314186458765183261e+02,1.523568125358812893e+02,7.465245943035109804e+02,1.912307143723969149e-01,9.843771314969163910e+00,-2.578517086972841543e+00,3.954157617450501903e+02,9.144021493412665791e+01,3.308981117791997235e+02,2.808849116195231090e+02,-4.159469937814944451e+00,1.016639894447474823e+01,5.660671025019148601e+02,-1.109035276895859994e+02,4.090664061910929945e+02
9.519823166517306845e+01,1.449873181544442673e+02,1.504670832247355293e+03,8.381346820320311508e+01,1.245010762074651822e+01,1.178977226118862518e+03,1.790770368135587489e+02,3.567505284631371865e+02,1.247457913638316768e+03,1.596501863892304698e+02,-6.835351177726947469e+01,8.978757099742775836e+02,3.327971306112627872e+02,5.695674078985607593e+02,1.146266525609141809e+03,3.064143427417440648e+02,-5.169560910273125920e+00,7.158106106092366190e+02,5.427705051858704337e+02,5.699537683524877139e+02,1.077791494494417748e+03,-1.115598382863863662e+02,2.282708101856717064e+02,6.554715966974755474e+02,1.195425742819068375e+02,4.663196174830061977e+02,7.164888253927384767e+02,1.819403087048336261e+02,3.179423324134052464e+01,4.111109654576547427e+02,4.248781614364212373e+02,1.605715828469422206e+02,7.214509236091539606e+02,7.796918275526584230e-01,1.120983319295149094e+01,-3.319691868283969782e+00,4.190790253972351138e+02,8.868738551436916850e+01,3.070911434774181430e+02,2.816740590672542339e+02,-3.933863956846340049e+00,9.440046240064777550e+00,5.808123386490801749e+02,-1.178303690714534326e+02,4.039858742104484577e+02
9.602770709318357945e+01,1.495047432286063724e+02,1.491443804542864427e+03,8.722544110713234033e+01,1.889348378470922185e+01,1.162564182975085032e+03,1.807160402994740593e+02,3.620417266663407645e+02,1.236410397400283045e+03,1.529374870155957353e+02,-5.949518903540175074e+01,8.796973160051445575e+02,3.361158489213658527e+02,5.787111325982903054e+02,1.144345348920616743e+03,2.835367325119638622e+02,-2.399580560961375397e+00,6.837633925291099786e+02,5.439856635255180208e+02,5.994533529204148863e+02,1.072290487078911838e+03,-1.137093639474024371e+02,2.365449449451256214e+02,6.445410437154039300e+02,1.153516118076290269e+02,4.738983339369653436e+02,7.035596790837813614e+02,1.871309017464832039e+02,3.588754727038244141e+01,4.077766952841902253e+02,4.177090607568682685e+02,1.697183417070169753e+02,6.958752066947412231e+02,1.293624980211772524e+00,1.266624725619706560e+01,-4.572950678581491069e+00,4.443405345846070418e+02,8.629232041350022087e+01,2.835375787757759554e+02,2.823085559904845923e+02,-3.385413997591681490e+00,8.287456678662147525e+00,5.952179837988348936e+02,-1.241230448516540577e+02,3.995393950636101295e+02
9.678867081056409916e+01,1.538122677468934114e+02,1.477591583915806723e+03,9.103701623953330113e+01,2.530474500953637929e+01,1.145502895750232938e+03,1.826916772690357220e+02,3.679424060067835285e+02,1.224478941713341783e+03,1.460955287393888966e+02,-5.096382912039227620e+01,8.607378934706329119e+02,3.391608253647151514e+02,5.880898141380010884e+02,1.140883071354135154e+03,2.589560909159693551e+02,9.711175927732244029e-01,6.524266484092036080e+02,5.445451545849226704e+02,6.292624484733912595e+02,1.066491773768611438e+03,-1.153556042419884307e+02,2.448284414725007423e+02,6.331580410556249490e+02,1.105884525486233088e+02,4.817564052612236765e+02,6.899665144253013978e+02,1.922731341020002560e+02,4.058595068065672962e+01,4.038984545838570739e+02,4.099739930013674893e+02,1.797161556556581843e+02,6.698662767032257079e+02,1.698050723803372630e+00,1.437335307005188234e+01,-6.170162949736512026e+00,4.716466390494668985e+02,8.429835990122209921e+01,2.604569883009639284e+02,2.827314549379842106e+02,-2.547845054461373326e+00,6.830536604456262317e+00,6.099427692650718882e+02,-1.296631329166240221e+02,3.951485380553980917e+02
9.759486187745721963e+01,1.579100716355714837e+02,1.463034211589805409e+03,9.530530709036334258e+01,3.156652428959436207e+01,1.127833715668897412e+03,1.850206410401424080e+02,3.744489476927348619e+02,1.211718548933095917e+03,1.391776368232596042e+02,-4.324022052554430218e+01,8.414168997210002772e+02,3.419089361755615641e+02,5.978324100010024722e+02,1.135992369895511274e+03,2.331644465808247730e+02,4.623286934206744192e+00,6.221759012416092673e+02,5.442375838895775360e+02,6.587217301849868818e+02,1.060582517802494976e+03,-1.165380395947498613e+02,2.532299852969001677e+02,6.213575429722245644e+02,1.052489836680023245e+02,4.901088117392820322e+02,6.758463407807774956e+02,1.971894882002657425e+02,4.581857981597974572e+01,3.994095876705764567e+02,4.019847847751211134e+02,1.905027553458850207e+02,6.434339440704292201e+02,1.990849557663934455e+00,1.654283617886382629e+01,-7.827116133915877683e+00,5.007077022522489642e+02,8.322298208911017525e+01,2.379120400787616916e+02,2.829555612360985037e+02,-1.525027424608172533e+00,5.260409844563152859e+00,6.253798172444423926e+02,-1.336475823686569129e+02,3.898285919928211456e+02
9.852177988712446677e+01,1.620259542428830741e+02,1.447725567881376719e+03,9.990884929313574503e+01,3.770128242191252355e+01,1.109570735911216389e+03,1.875536514547288505e+02,3.815289800702478260e+02,1.198267006854717465e+03,1.319994617132759913e+02,-3.687074629115183910e+01,8.221066458365119161e+02,3.442567527235801776e+02,6.078984686615482360e+02,1.129928146362275811e+03,2.064823740922345792e+02,7.886215620694413175e+00,5.933212685966459503e+02,5.427462242979238454e+02,6.872872622064832058e+02,1.054852850513542535e+03,-1.173712481991179999e+02,2.618236457319673605e+02,6.091686985226563138e+02,9.937784034419634338e+01,4.990778611587317073e+02,6.612980593312640849e+02,2.017767932787708389e+02,5.142668684487934172e+01,3.943651956009315995e+02,3.942434965579872141e+02,2.020494911844898240e+02,6.167029715298568817e+02,2.209080517351752704e+00,1.927830055863238456e+01,-9.245770520508301615e+00,5.302629644222913612e+02,8.411528887349233230e+01,2.158392845128390718e+02,2.830507293266489341e+02,-5.197846481639181171e-01,3.774441331937423261e+00,6.413574897684892449e+02,-1.346480974155397519e+02,3.824585170523473039e+02
9.957219910003671259e+01,1.666165512635661514e+02,1.431690823247650314e+03,1.045820443398588395e+02,4.390198875099417819e+01,1.090729725611134199e+03,1.900270581847560436e+02,3.892427307008572939e+02,1.184296994516835866e+03,1.242518526255284002e+02,-3.216351033038071705e+01,8.030037194180741835e+02,3.460045026129432131e+02,6.181679002660517881e+02,1.122979007119391554e+03,1.791409222999261317e+02,9.986012746710171584e+00,5.660448964377470702e+02,5.398204430895360701e+02,7.147327571620623985e+02,1.049497715655392540e+03,-1.179932184968221094e+02,2.706588724740223029e+02,5.966290030328435705e+02,9.308628859456446492e+01,5.086989402777754208e+02,6.463857261123479248e+02,2.060617562181372762e+02,5.725845280954693806e+01,3.889690201890675212e+02,3.873160922676638052e+02,2.144660881507342935e+02,5.900425437713163319e+02,2.437297492784079811e+00,2.244653486573493950e+01,-1.021877708671384255e+01,5.582648804171873280e+02,8.857000045494974927e+01,1.941444514898253715e+02,2.831127202290625746e+02,2.045079235253932093e-01,2.512008494249736934e+00,6.571268395626213987e+02,-1.307795728607182184e+02,3.721081731586882029e+02
1.006663361234803773e+02,1.722098059845191074e+02,1.415023369925085490e+03,1.089980951206188564e+02,5.047680021099065328e+01,1.071374263264433921e+03,1.921654795887162663e+02,3.977713959283158829e+02,1.169954324325957941e+03,1.156560382698531981e+02,-2.892121161551094488e+01,7.841315077969918548e+02,3.469098410258063723e+02,6.285276051502320342e+02,1.115373871286249141e+03,1.514025248100988108e+02,1.041291464784744392e+01,5.404404037237202374e+02,5.354261062994145277e+02,7.411694546277105928e+02,1.044524414897727638e+03,-1.184917312273409067e+02,2.797635747507662813e+02,5.838022765567907300e+02,8.654619259487625982e+01,5.189459201950425040e+02,6.311721472877137558e+02,2.101957474551772975e+02,6.324454544535045386e+01,3.835237559199808288e+02,3.816899015012792233e+02,2.281125496828256587e+02,5.640563108617201351e+02,2.797669334866637492e+00,2.567263346931924772e+01,-1.068905461552588676e+01,5.824321681597197085e+02,9.858185343603223316e+01,1.727832048081832284e+02,2.832289653458276462e+02,4.341074060709037008e-01,1.512423356035208499e+00,6.716625720619319964e+02,-1.199904337631662230e+02,3.582718303028648847e+02
1.016646945542306781e+02,1.791595349728714837e+02,1.397859671723445899e+03,1.128594164026013260e+02,5.773825694730463454e+01,1.051659048424613729e+03,1.937945769548934436e+02,4.073132309839733125e+02,1.155327169964105678e+03,1.060888754702934307e+02,-2.640726763997105664e+01,7.654694753252850887e+02,3.467909534006498689e+02,6.388924444589017639e+02,1.107249416913518644e+03,1.236515365381577851e+02,9.214432754753579147e+00,5.166350533501505424e+02,5.297985518720449818e+02,7.668503128424282522e+02,1.039829029122657630e+03,-1.188570338307688274e+02,2.891495958964975443e+02,5.707806982814341836e+02,7.995814629005751328e+01,5.297603144111598112e+02,6.157455012979654612e+02,2.143846925570015287e+02,6.942610768248943032e+01,3.783198775812496137e+02,3.776637310649281858e+02,2.435987111411538137e+02,5.394184493032054206e+02,3.405393705907223900e+00,2.848298116597027274e+01,-1.074390706239873339e+01,6.009257191173998081e+02,1.161384812404415783e+02,1.517730010163386964e+02,2.834524570844224627e+02,1.343982235643726986e-01,7.110289870534053369e-01,6.841095061097902317e+02,-1.004976878518337458e+02,3.409253535249707738e+02
1.024188012933672525e+02,1.874639028899855759e+02,1.380361384188543980e+03,1.159561193223375000e+02,6.591327492750428974e+01,1.031848058144600827e+03,1.949125971269861566e+02,4.179177284821804506e+02,1.140469457617513171e+03,9.562897189664684561e+01,-2.359250390465898306e+01,7.471195307471571141e+02,3.456161105643516294e+02,6.491840254757393041e+02,1.098687123345895088e+03,9.642055546143399170e+01,7.038996799086027600e+00,4.948950129219240921e+02,5.233707383561385313e+02,7.919112974427706604e+02,1.035382488636331573e+03,-1.189949096752689286e+02,2.988376236677355564e+02,5.576629017757405791e+02,7.351557718752761161e+01,5.410780366331048299e+02,6.002094266280248576e+02,2.187882465561435765e+02,7.594543571733272813e+01,3.735144787587778410e+02,3.753017340052634268e+02,2.616095579749612057e+02,5.166386529637228477e+02,4.298988639967733505e+00,3.052618096432268757e+01,-1.055577784803028507e+01,6.128343100879193344e+02,1.426022994818981999e+02,1.311524416271880398e+02,2.837877215857991473e+02,-4.838537575274587388e-01,-2.579313527828748509e-02,6.941071801708029625e+02,-7.130129688419357592e+01,3.204285819012555407e+02
1.028332433140362383e+02,1.967806840347794548e+02,1.362715855105799619e+03,1.181728820121864914e+02,7.513695865299825982e+01,1.012293787961793669e+03,1.956842387729032566e+02,4.293866894335781694e+02,1.125462034470831668e+03,8.450898034882202126e+01,-1.954648588514043794e+01,7.293974403183359527e+02,3.435169792780491207e+02,6.593333398478629306e+02,1.089785447649298249e+03,7.034529299492375287e+01,4.881561963972241180e+00,4.756194875360633318e+02,5.166091062545793875e+02,8.162572428761368428e+02,1.031386183248217776e+03,-1.187930296676301509e+02,3.088989576933838066e+02,5.445188680168072324e+02,6.739085786469024697e+01,5.528541675791234411e+02,5.846412975369466949e+02,2.234402590049388380e+02,8.302296143378271154e+01,3.690595898065476490e+02,3.744587480260948382e+02,2.826159039254273466e+02,4.958869607591112185e+02,5.384974315305518289e+00,3.174674853792993190e+01,-1.030378396706537458e+01,6.182596786146083332e+02,1.781387323216989671e+02,1.109512778036124132e+02,2.841890506270399896e+02,-1.020362317241511052e+00,-8.435200143936442130e-01,7.018043975948779689e+02,-3.257254075156259177e+01,2.973588973468114318e+02
1.029119482211763170e+02,2.066511912665416162e+02,1.345136906490505453e+03,1.194509556505604451e+02,8.552481767008016789e+01,9.933781966372399665e+02,1.963559723451791683e+02,4.413291313651096743e+02,1.110463468035624601e+03,7.299293218759692081e+01,-1.374968014450686660e+01,7.127922550167459121e+02,3.407127733465803772e+02,6.693331689659261201e+02,1.080707910552013345e+03,4.604991212426832448e+01,3.658685315380397984e+00,4.592149185797573523e+02,5.098347649833608557e+02,8.396654666850662352e+02,1.028267635755728406e+03,-1.181947722666799621e+02,3.194833264100172414e+02,5.313635090659261095e+02,6.174856621798125644e+01,5.650840362143547964e+02,5.690556881791789010e+02,2.282294144126802848e+02,9.092693393591355289e+01,3.647156943278079666e+02,3.748599457006042144e+02,3.066375892581803555e+02,4.769753410909315789e+02,6.443885368331826236e+00,3.241000017435437996e+01,-1.011460758514012426e+01,6.179993062213947042e+02,2.215427547329081506e+02,9.121661562044887717e+01,2.845706892818363940e+02,-1.053314255642356700e+00,-1.848177566013143203e+00,7.075805219095798293e+02,1.435102539106318353e+01,2.723578912898095155e+02
1.027586099842799996e+02,2.168032143531688689e+02,1.327836066594212980e+03,1.197327139574778698e+02,9.724769524572022306e+01,9.754319259453480981e+02,1.971312553538035388e+02,4.533468437812235834e+02,1.095700460515048235e+03,6.122611517758898003e+01,-6.163160348847299019e+00,6.978261908299823517e+02,3.373982952085085003e+02,6.792950974149276817e+02,1.071662669984069453e+03,2.398130846856503595e+01,3.856639608858803303e+00,4.459255305374298928e+02,5.031162887006859705e+02,8.619889580432999310e+02,1.026483272894183983e+03,-1.172285895833865652e+02,3.307965766225888160e+02,5.181565585390341084e+02,5.676412976918776820e+01,5.778117863264271818e+02,5.534114971427056844e+02,2.329456586371826745e+02,9.992336948453920797e+01,3.601447881189237137e+02,3.761982704175772483e+02,3.332350236144733344e+02,4.595015356334128569e+02,7.215600742014227187e+00,3.296576753751490685e+01,-1.004739409077641099e+01,6.130148045517420314e+02,2.706707335105069205e+02,7.208192014826018124e+01,2.848279275464254283e+02,-3.368069581364559473e-01,-3.085100095413812582e+00,7.116680703657458480e+02,6.750177200062729810e+01,2.460287140298143811e+02
1.025180970998368792e+02,2.273439189089799299e+02,1.310957852245153617e+03,1.189227367239364384e+02,1.105202358747776543e+02,9.586631400389596820e+02,1.980681117574693531e+02,4.652333515171765157e+02,1.081386123795696221e+03,4.912340030436666893e+01,2.944952467975104238e+00,6.849073351420652216e+02,3.336771159386390764e+02,6.894446412160405089e+02,1.062823099699990053e+03,4.253395048151287661e+00,5.458311404354990515e+00,4.357186281001999077e+02,4.962832646356751525e+02,8.832706439617245451e+02,1.026225585197793180e+03,-1.159737708967631704e+02,3.430206776331298784e+02,5.048309718582441974e+02,5.261754685254114605e+01,5.911159673673104180e+02,5.376688612769535212e+02,2.373661705979043006e+02,1.102021886736843896e+02,3.550392938249557915e+02,3.782113219313309287e+02,3.617824827308670024e+02,4.430717319414249573e+02,7.528824974895197641e+00,3.383516054000731543e+01,-1.012113019212416809e+01,6.039454536386042491e+02,3.233371161684050890e+02,5.382176613027467482e+01,2.848652555489350107e+02,1.082147512468501604e+00,-4.553499308320757777e+00,7.139000338666946845e+02,1.251854338626081073e+02,2.188842590518042357e+02
1.022816089637352093e+02,2.387185636209775907e+02,1.294517430304330219e+03,1.168888097945361579e+02,1.254747910599957237e+02,9.431330261950381555e+02,1.990547976363586145e+02,4.770592279317280600e+02,1.067614079250520035e+03,3.635575149199588907e+01,1.326465059298847393e+01,6.742583712631090975e+02,3.295823624884869218e+02,7.000402272761856466e+02,1.054253259052225076e+03,-1.339896900735545415e+01,8.171079321325930067e+00,4.282867424833630139e+02,4.890458367292551429e+02,9.036798065056461837e+02,1.027214698224352105e+03,-1.144909581130608700e+02,3.562093986731021005e+02,4.913374932637336201e+02,4.944883718028266628e+01,6.050724976319729649e+02,5.218615428148909814e+02,2.413399899065619252e+02,1.218063305025881817e+02,3.492271553712847663e+02,3.807178570945887941e+02,3.918884781410424125e+02,4.274830148545158295e+02,7.399012297345723077e+00,3.524515154213953849e+01,-1.035903015670165139e+01,5.908663479139727315e+02,3.782081646529813383e+02,3.684163396604998297e+01,2.846241749499696425e+02,2.895930442696178275e+00,-6.240784676501252015e+00,7.136928442206292402e+02,1.868023519715457326e+02,1.913388019464444199e+02
1.020078606649930322e+02,2.514559545848949540e+02,1.278401622261040757e+03,1.135019855885468161e+02,1.419931604308846715e+02,9.287976229197139446e+02,1.998774842790744799e+02,4.890947096391215609e+02,1.054310024184390386e+03,2.245187573003157055e+01,2.461700515940255940e+01,6.659366300929136742e+02,3.251508153426487411e+02,7.112764836778604831e+02,1.045906118673532774e+03,-2.948256158360132417e+01,1.177811594067038392e+01,4.231693256577234479e+02,4.811563734014888496e+02,9.233480681165975739e+02,1.028720487549815971e+03,-1.127711455222360399e+02,3.702166184272979876e+02,4.776876120100910725e+02,4.729108483792511208e+01,6.197146191721119521e+02,5.061334085052984619e+02,2.448363747306130165e+02,1.346118249242465197e+02,3.427076989443154389e+02,3.836166072750356193e+02,4.237097821169134590e+02,4.127760328218693644e+02,7.028295346138015987e+00,3.719588540151413980e+01,-1.081723456810698458e+01,5.733579266599011817e+02,4.351773547958301265e+02,2.159497623070118522e+01,2.841025279691356218e+02,4.701680610019239204e+00,-8.151016355939537661e+00,7.102287901800084455e+02,2.531013610894771375e+02,1.637433848860624153e+02
1.015077825637357307e+02,2.658539220425227541e+02,1.262461660518582448e+03,1.086894503795216309e+02,1.596373717362121170e+02,9.155944645099199306e+02,2.003364685182158098e+02,5.016294182895546783e+02,1.041294069132211916e+03,6.969144821833607395e+00,3.696194728565841814e+01,6.598916058896337518e+02,3.204688901996051413e+02,7.232565865727696064e+02,1.037708954097650576e+03,-4.445495310605950579e+01,1.636969452459403840e+01,4.199428091659692086e+02,4.725429405565413958e+02,9.422682125158063400e+02,1.029819226932078664e+03,-1.107401591976307884e+02,3.847082933869589851e+02,4.639796985863260375e+02,4.601838978839154493e+01,6.350240019301137409e+02,4.907075459239973725e+02,2.479425709263634019e+02,1.483906530455785457e+02,3.356091245299124353e+02,3.868581820706983194e+02,4.579562949157862022e+02,3.991394518026219771e+02,6.701236269416313895e+00,3.955612097070866895e+01,-1.157775686200576359e+01,5.508230653775657402e+02,4.950115176044084251e+02,8.461833477677274118e+00,2.833611022915584385e+02,6.208440361451724954e+00,-1.031061579473056256e+01,7.027177056314121728e+02,3.256684435782466949e+02,1.364580377582398114e+02
1.005008529740271115e+02,2.817949686521416766e+02,1.246656742308618277e+03,1.024639127759264454e+02,1.777905336593568393e+02,9.035165211310670657e+02,2.003331578468254293e+02,5.148132954632177416e+02,1.028433331508167612e+03,-1.035017895637554197e+01,5.032036040320488723e+01,6.559981716154891274e+02,3.156351097125378260e+02,7.360625822763006454e+02,1.029688015605786859e+03,-5.842273153662804930e+01,2.231675692460207117e+01,4.184020927458556116e+02,4.633705591358648803e+02,9.603532177540249677e+02,1.029740664621172073e+03,-1.083115905883386745e+02,3.992751640439949483e+02,4.503990420555042533e+02,4.534584534225444230e+01,6.509802877375697108e+02,4.758017823687596319e+02,2.508204140632864494e+02,1.629366557908989535e+02,3.280962048071046411e+02,3.903964122134032095e+02,4.955748194413483816e+02,3.867241225222745129e+02,6.636858573131288352e+00,4.220471346146285185e+01,-1.270873819377569802e+01,5.229026284491001206e+02,5.585097844303342072e+02,-2.358751028889762402e+00,2.825173404878204906e+02,7.374101229345715325e+00,-1.275319801537714781e+01,6.906170397303355912e+02,4.058872108613521732e+02,1.099235868508786211e+02
9.870679629242842168e+01,2.987996097204477337e+02,1.231159902647599665e+03,9.490704241004354458e+01,1.959840079242104878e+02,8.926219980574990132e+02,1.998668751505358330e+02,5.286191160836729068e+02,1.015801250766651151e+03,-2.950368379041011480e+01,6.474359548530999575e+01,6.540610261102267486e+02,3.106588503567233488e+02,7.498605557799234020e+02,1.022062909266135193e+03,-7.099998573137662561e+01,3.003021802454427913e+01,4.186683217666250698e+02,4.540158985886100709e+02,9.775986798701051157e+02,1.028118702964849490e+03,-1.054475375049662063e+02,4.136093108439281991e+02,4.371897307119782567e+02,4.489452699159759419e+01,6.676596241247510761e+02,4.615438533590370298e+02,2.536460111184038055e+02,1.781824125353417116e+02,3.202760336992405996e+02,3.941256758961006881e+02,5.372902603689676653e+02,3.754718832659031591e+02,6.879008477501354690e+00,4.511899446523253943e+01,-1.421423392488113535e+01,4.898110516193762010e+02,6.256959929594841014e+02,-1.089828480457703463e+01,2.817252599374116926e+02,8.401317908288170599e+00,-1.549873359845274834e+01,6.737348264149597981e+02,4.939015246597393229e+02,8.467043365183099013e+01
9.591979006829372167e+01,3.162776691736436305e+02,1.216353808905330197e+03,8.611516930848669915e+01,2.142338892459843009e+02,8.829781830284126727e+02,1.989395979448039498e+02,5.429357856360062442e+02,1.003750562252585837e+03,-5.024281971616460396e+01,8.037929801956465781e+01,6.538393705085328520e+02,3.053716895033830383e+02,7.649371921875132330e+02,1.015260492734688569e+03,-8.141483315923078123e+01,3.967879576511057138e+01,4.211886727535779755e+02,4.449594018557268669e+02,9.941991180663069372e+02,1.025037624643153322e+03,-1.021883329422909696e+02,4.276583145023698194e+02,4.246037906240595703e+02,4.429840454740337918e+01,6.853236259813169227e+02,4.479412190619422063e+02,2.565574511586563631e+02,1.942276780578865498e+02,3.121420767017620506e+02,3.978226358114835648e+02,5.832438388505419198e+02,3.650574734936972732e+02,7.274781789201621329e+00,4.835929752287918859e+01,-1.600001095718085509e+01,4.524428398156408093e+02,6.954909174480920910e+02,-1.739463217971051634e+01,2.811393153600250230e+02,9.598664801308352423e+00,-1.854088537880416609e+01,6.521941021102004470e+02,5.880901329731708529e+02,6.122039490625654423e+01
9.203188712074883426e+01,3.338270269996603474e+02,1.202710428304303605e+03,7.614394405183827530e+01,2.331637590629709109e+02,8.745878633988016873e+02,1.974295925643915268e+02,5.577151472585318288e+02,9.928491144797125116e+02,-7.213308305745827909e+01,9.756066436694737831e+01,6.551213259268658931e+02,2.994198040908246981e+02,7.816258313169435041e+02,1.009827213704567043e+03,-8.881324742160487062e+01,5.105394603466528736e+01,4.266196834086221656e+02,4.366135212806120762e+02,1.010530311727831759e+03,1.020885959217198206e+03,-9.863826397839983429e+01,4.416657307469074567e+02,4.128388499685124771e+02,4.330533802829325651e+01,7.044215207794396747e+02,4.349189158526196479e+02,2.596260342564843313e+02,2.112555326144365608e+02,3.035691570487922490e+02,4.011216714120156439e+02,6.328869096785978172e+02,3.549829202315696648e+02,7.540619047306272194e+00,5.197562646071418158e+01,-1.787068967591920199e+01,4.121898874969330109e+02,7.659766239179787135e+02,-2.221556007945163458e+01,2.808664245540726938e+02,1.118510803913073737e+01,-2.184492929552557783e+01,6.262870880177515573e+02,6.852847083030995918e+02,3.990664942009858152e+01
8.700797301337148326e+01,3.514252115289473863e+02,1.190615477191728360e+03,6.499407140801723415e+01,2.538075269858733805e+02,8.673531439326125110e+02,1.950215516461789491e+02,5.730771027572574212e+02,9.836925308379097714e+02,-9.461019964406864347e+01,1.168114989394814955e+02,6.577992681132953976e+02,2.923464973887197402e+02,8.001944411526873182e+02,1.006245014494982343e+03,-9.260702438866779573e+01,6.368353505416281735e+01,4.356121370792870948e+02,4.291258866406975585e+02,1.027057495340954347e+03,1.016106457421788036e+03,-9.491330433259338406e+01,4.560661152223963200e+02,4.019796574496751873e+02,4.182962855659712176e+01,7.254702032763797206e+02,4.223863430840239630e+02,2.628541213764855229e+02,2.293952904300199123e+02,2.943438906347641364e+02,4.035451938946550854e+02,6.851505234095158130e+02,3.447824966540575247e+02,7.385117967376212178e+00,5.591546093496187098e+01,-1.955688494797441379e+01,3.705396270086913546e+02,8.350271854600377992e+02,-2.577620278179392344e+01,2.809236609131812088e+02,1.314420678838706813e+01,-2.535020022641681336e+01,5.962898400973351727e+02,7.816194507938625975e+02,2.070921924408781578e+01
8.083788522658024078e+01,3.694459393175442301e+02,1.180224959939594100e+03,5.265414174705639283e+01,2.771894396405074872e+02,8.610922014258122772e+02,1.912530986872142194e+02,5.893293406713892182e+02,9.766665812256792378e+02,-1.170188734729636195e+02,1.387294217658292723e+02,6.618489176378731145e+02,2.837118664914987107e+02,8.208241660071654451e+02,1.004692359147743673e+03,-9.270379980623077643e+01,7.715138410968496885e+01,4.485639707106256537e+02,4.222146978356559543e+02,1.044300728759598769e+03,1.010941376299233866e+03,-9.105839104350029345e+01,4.712959782184807409e+02,3.919625324588216699e+02,3.994442188220904200e+01,7.488575467450608585e+02,4.102761595101870853e+02,2.661920895888779910e+02,2.486344202597661877e+02,2.842066653883263712e+02,4.045789438250226340e+02,7.387983029053071959e+02,3.342355384805999279e+02,6.652017859629779650e+00,6.000813766737578447e+01,-2.075977407980426648e+01,3.286443171309899185e+02,9.009400505098687972e+02,-2.849171960639685608e+01,2.812273513508133078e+02,1.520305425784665765e+01,-2.897329537718455583e+01,5.623311269826962189e+02,8.736559030274166844e+02,3.214175197653605043e+00
7.348912806165232325e+01,3.885319066956756728e+02,1.171418489082211408e+03,3.917442561918311839e+01,3.039151758540651826e+02,8.555792488306615269e+02,1.856683779273784296e+02,6.069242013531975317e+02,9.717638407109503760e+02,-1.386624960885936275e+02,1.637953996382095738e+02,6.671645827568485174e+02,2.731721167521442908e+02,8.437405208050068950e+02,1.004835688942423417e+03,-8.953430351566225909e+01,9.144332440889863278e+01,4.654627485643105729e+02,4.150946231887304521e+02,1.062902398632513950e+03,1.005245769741474305e+03,-8.694563026272290074e+01,4.876415809971986732e+02,3.825835541385384317e+02,3.783217417885123268e+01,7.746711690685808662e+02,3.985316319729430461e+02,2.695604678849962852e+02,2.688459067310862451e+02,2.728956097088976662e+02,4.037453674086577280e+02,7.928100438398881806e+02,3.234767115114728426e+02,5.448468761805974836e+00,6.404888144602149680e+01,-2.119868993350051412e+01,2.870916070610761039e+02,9.627858461325504322e+02,-3.077454895296455817e+01,2.816321538575834325e+02,1.693966974258083980e+01,-3.261698384553307051e+01,5.243938589282931844e+02,9.593379309207962251e+02,-1.326398244773764645e+01
6.486656881439745348e+01,4.094009460602501349e+02,1.163861491115603712e+03,2.472032327758171988e+01,3.339772311417081028e+02,8.505660278013973539e+02,1.779989339531413464e+02,6.264038472015697607e+02,9.685458864682016156e+02,-1.588946643311840035e+02,1.921767928172920392e+02,6.733194600333138169e+02,2.604640580646887997e+02,8.694159199737289327e+02,1.005747285486967257e+03,-8.390054097913741771e+01,1.070946667076813554e+02,4.859361669730079143e+02,4.065311701739925638e+02,1.083683419590879339e+03,9.984063710195232488e+02,-8.218788855647530056e+01,5.052208302609254815e+02,3.735642435449411778e+02,3.571778097749641745e+01,8.026415478511069068e+02,3.870717499831297914e+02,2.728638357327389485e+02,2.899095964779526184e+02,2.602004554340509230e+02,4.006161362251878586e+02,8.466323456943210886e+02,3.129457781120385675e+02,4.219890570778513705e+00,6.794452294042619656e+01,-2.065241149145950317e+01,2.460173464358943534e+02,1.020390247068059807e+03,-3.304968933066051306e+01,2.820160630973426805e+02,1.795842039606794671e+01,-3.619419972060475033e+01,4.824669059343634672e+02,1.038394336340485324e+03,-2.945386612135237314e+01
5.477759499214956662e+01,4.326522663683917926e+02,1.157135009070970455e+03,9.570194804793876742e+00,3.668169398118636764e+02,8.457695460645920775e+02,1.682656966687596594e+02,6.483691890907664401e+02,9.662766341080792927e+02,-1.772366255274062041e+02,2.235544456127020396e+02,6.794015925953601709e+02,2.452955695582058979e+02,8.986605376271133991e+02,1.005988018841067401e+03,-7.674446474152053099e+01,1.250166995692315481e+02,5.095193187595422728e+02,3.950319620413342250e+02,1.107514335438614125e+03,9.893686989826300078e+02,-7.612677857670030335e+01,5.241021066537396109e+02,3.646666291384800047e+02,3.379580468381899294e+01,8.322159447049209575e+02,3.757849536123267740e+02,2.759925996127867052e+02,3.118367265610802974e+02,2.460311759568558045e+02,3.947414443256250252e+02,9.001789620222226631e+02,3.032025620082839623e+02,3.730985520187888760e+00,7.185219371267189103e+01,-1.899122467515386958e+01,2.055107044791305952e+02,1.074041468414542123e+03,-3.575071497725057412e+01,2.823791590866817387e+02,1.805447273976580647e+01,-3.966942229170115297e+01,4.367849826247075384e+02,1.112012982661655997e+03,-4.590248612053600397e+01
4.291443099264854055e+01,4.586177447179127853e+02,1.150861879732799025e+03,-5.929726936730075337e+00,4.015362662849853450e+02,8.408494199639875433e+02,1.567320407963440516e+02,6.734770524409290147e+02,9.641554367279148892e+02,-1.934443263010255123e+02,2.569885759246802763e+02,6.840541362490432675e+02,2.272024314563338123e+02,9.324519018428475192e+02,1.003795668745157286e+03,-6.894633558622057024e+01,1.460929185877948271e+02,5.359807382544136090e+02,3.791529765013924020e+02,1.134956207258330323e+03,9.767464740939781223e+02,-6.794282954998108437e+01,5.444655827827435814e+02,3.558178211156662201e+02,3.215378954839451353e+01,8.627038948091309294e+02,3.645702094356504404e+02,2.788240972275211220e+02,3.348089446958484814e+02,2.304824165143886887e+02,3.855465334902771701e+02,9.535777939776016865e+02,2.946959822044462953e+02,4.932691012669437214e+00,7.625150312035880518e+01,-1.619805626692920342e+01,1.660794355144586518e+02,1.124113427322843108e+03,-3.928506372961827964e+01,2.829051952584040919e+02,1.731486300037796155e+01,-4.310322521713250410e+01,3.880433016732465035e+02,1.181929118301178278e+03,-6.284371780391053619e+01
2.888112454592677381e+01,4.873030831232017022e+02,1.144762546672696544e+03,-2.139938703587753110e+01,4.371307364123771322e+02,8.354173315962196966e+02,1.437124145161006368e+02,7.024492492909782868e+02,9.615042349245263722e+02,-2.074274257790708589e+02,2.908842343307057945e+02,6.857485160436390288e+02,2.054647663448621131e+02,9.715123666948580876e+02,9.972624638391482677e+02,-6.122256048009555229e+01,1.708144554322006172e+02,5.654616097181684609e+02,3.578590321252135595e+02,1.165855737226856036e+03,9.589781499199444852e+02,-5.687652590548307785e+01,5.666830416073469223e+02,3.471825920316145471e+02,3.070189790816135300e+01,8.934088416886451114e+02,3.533888962792547659e+02,2.812447299264075014e+02,3.591103531258243038e+02,2.138563426875870448e+02,3.722989631579770844e+02,1.006807810748594306e+03,2.875830804930068325e+02,8.744110855126415061e+00,8.192292865354897913e+01,-1.237099111648312189e+01,1.288916520141325748e+02,1.170796496658990918e+03,-4.399634589969276988e+01,2.839384292939980696e+02,1.614469684977417785e+01,-4.667123686939744687e+01,3.374858437136002181e+02,1.249377807275780697e+03,-8.018399395227723403e+01
1.228060350958579150e+01,5.184650420922411058e+02,1.138608524975891896e+03,-3.639515792982610520e+01,4.727045436947020676e+02,8.291047799517173189e+02,1.293089997894302883e+02,7.360659626389490313e+02,9.577701926414981699e+02,-2.189702117742636744e+02,3.231756619937223718e+02,6.832200703512875180e+02,1.791597496295518681e+02,1.015815827512625219e+03,9.844252763940083923e+02,-5.414580517730612996e+01,1.992219339273101184e+02,5.982720368321822662e+02,3.308293153306327667e+02,1.199199617910493544e+03,9.345084512744172116e+02,-4.247601303718816723e+01,5.912509901691910272e+02,3.391331992394384542e+02,2.913461963679874245e+01,9.236954485539309871e+02,3.422677403063689212e+02,2.832086821056337840e+02,3.850085342646633535e+02,1.966181761458747133e+02,3.542274062560625794e+02,1.059454794806527389e+03,2.816525187690504595e+02,1.583229760096368643e+01,8.983876718965510122e+01,-7.694018890567976499e+00,9.562968113789179370e+01,1.214050158190329284e+03,-5.016327780472640541e+01,2.858578515227438288e+02,1.523368058021618054e+01,-5.063007920966417430e+01,2.868307843862561413e+02,1.314460552951616137e+03,-9.757401033732212170e+01
-7.162764674230241546e+00,5.518258239693288942e+02,1.132092858754453118e+03,-5.031074641570666728e+01,5.077060079291010766e+02,8.216737391822534846e+02,1.131823279483192835e+02,7.751005221380841022e+02,9.523120854696790047e+02,-2.273073807270115765e+02,3.518276263204783163e+02,6.759508063883982913e+02,1.473679185616621510e+02,1.064264211909823416e+03,9.633033574596015569e+02,-4.826740923539546202e+01,2.312179605026604179e+02,6.344073547121389538e+02,2.985764362573213475e+02,1.233400679528790988e+03,9.019960007663463557e+02,-2.475570656152940785e+01,6.186153308366866668e+02,3.321116249510305920e+02,2.695294960183773014e+01,9.530033021100759925e+02,3.312295623675260572e+02,2.848254345478637219e+02,4.126693407833799938e+02,1.792956291400220721e+02,3.307799906934330352e+02,1.110756335693866731e+03,2.763582604088968537e+02,2.648863537453859252e+01,1.009949947748068837e+02,-2.370650178380126150e+00,6.800780949149333310e+01,1.253771730112178602e+03,-5.803968415263921088e+01,2.888804098451782352e+02,1.548216817552436630e+01,-5.522484176284095980e+01,2.380689336485303613e+02,1.376256331416738703e+03,-1.145242848447708468e+02
-2.949870993728888635e+01,5.873271651428617588e+02,1.124688136456541997e+03,-6.226736130786305523e+01,5.421846796310137506e+02,8.131208743776572874e+02,9.446168850634850855e+01,8.201364034450103873e+02,9.440971987611837903e+02,-2.307210900220044891e+02,3.756058564542653926e+02,6.645849465293294998e+02,1.094894666746874066e+02,1.114681618761628670e+03,9.320161428979126867e+02,-4.426247275395942893e+01,2.670332390828938856e+02,6.730403506639673878e+02,2.623044795468765642e+02,1.266876866430772907e+03,8.605669742909077513e+02,-4.190039852012988675e+00,6.489949408963644828e+02,3.264376780857251106e+02,2.355819114822070404e+01,9.808492969479207204e+02,3.201981895430333793e+02,2.864389260753019357e+02,4.421481480970573443e+02,1.623672672655392262e+02,3.019166294459650999e+02,1.159915719447217953e+03,2.709499943421577086e+02,4.065458217047717682e+01,1.162178657045012784e+02,3.460553029378902856e+00,4.718600930075589162e+01,1.290064256392789503e+03,-6.788224103653831776e+01,2.928737178421259841e+02,1.789323322796396454e+01,-6.056516425538470827e+01,1.932079691804171659e+02,1.433566531943141626e+03,-1.305380304718460138e+02
-5.450392186678808315e+01,6.252456083322811082e+02,1.115591518880096146e+03,-7.109191872911129906e+01,5.769506715651107243e+02,8.037285562636020586e+02,7.187513222264549029e+01,8.712248441915889998e+02,9.315461848578244144e+02,-2.263974631689315800e+02,3.948597959182306454e+02,6.511672919615974706e+02,6.559929546407636280e+01,1.164105329747572569e+03,8.891113562164900941e+02,-4.294982915256090195e+01,3.074506126243852009e+02,7.122896401805056712e+02,2.235636155017577380e+02,1.298543789701180685e+03,8.101287200921697149e+02,1.844352417006701828e+01,6.822916070969564544e+02,3.221531218192617985e+02,1.840211569508142375e+01,1.006833961758376518e+03,3.089654859329314149e+02,2.886432551055067393e+02,4.734194523510274166e+02,1.461904583154496322e+02,2.683008439096741995e+02,1.206463199946928626e+03,2.646922551847134741e+02,5.806277425553840743e+01,1.359723881572747359e+02,9.784099333274493659e+00,3.335730088304340768e+01,1.323425050905304261e+03,-7.988797228548678220e+01,2.972775332250436691e+02,2.342286077369498543e+01,-6.652147903634153181e+01,1.540257617301408857e+02,1.485788088223795057e+03,-1.452329562001908982e+02
-8.168826441594134735e+01,6.660267120745311331e+02,1.103835237902198969e+03,-7.546851366826189178e+01,6.134563539878153051e+02,7.940495169647830380e+02,4.412004519543201297e+01,9.274310387598351326e+02,9.127320702456247545e+02,-2.107650767123123217e+02,4.119439548860963782e+02,6.390811230569890995e+02,1.676029851018067163e+01,1.209233443869774419e+03,8.341011330001820170e+02,-4.503106905215517486e+01,3.534698705466785214e+02,7.494601808839403247e+02,1.838724763155551329e+02,1.327889315991028752e+03,7.516972646172661143e+02,4.227918791740303561e+01,7.180884036084744366e+02,3.189824230333139781e+02,1.115755902774599129e+01,1.030616458891832281e+03,2.972780434197823638e+02,2.921916599566630453e+02,5.063611186675317413e+02,1.309915858105430289e+02,2.313000618836755393e+02,1.250386448484097173e+03,2.571504490795891229e+02,7.839135848722189337e+01,1.601983435896998174e+02,1.669363517027303701e+01,2.568859348287215738e+01,1.354691793806632859e+03,-9.401500175030426476e+01,3.012014612993370406e+02,3.278762936554745266e+01,-7.269518320908933617e+01,1.218636213699047914e+02,1.533321824211327339e+03,-1.583991128577332574e+02
-1.103232976122383207e+02,7.098755905374158601e+02,1.088561832261694235e+03,-7.427788960278645902e+01,6.533388098967709539e+02,7.848424746748802363e+02,1.039686736273569068e+01,9.864587631941843711e+02,8.859547017610484545e+02,-1.804033402529852310e+02,4.310154213956900549e+02,6.325720404770164578e+02,-3.481246695069366837e+01,1.246893069962536629e+03,7.680088142262536621e+02,-5.050927873531004053e+01,4.054730223037715859e+02,7.817808649966636949e+02,1.444741552813049736e+02,1.354621923078203736e+03,6.875904758184302636e+02,6.652858153163639088e+01,7.556749002039666721e+02,3.164340468158620752e+02,1.864729863729096548e+00,1.051821923291855455e+03,2.850144930841064479e+02,2.978046556306140928e+02,5.406575473682444226e+02,1.168947163742902688e+02,1.927830408392293577e+02,1.291906235013095738e+03,2.484618679119826368e+02,1.013354586260762176e+02,1.882196745976748389e+02,2.429299978277856198e+01,2.261900051158889369e+01,1.384697261364867700e+03,-1.097697889433669047e+02,3.036921985269499942e+02,4.627232927263649032e+01,-7.849374071145001608e+01,9.746827780648033013e+01,1.577230301248948308e+03,-1.699448700551224363e+02
-1.394756999240988478e+02,7.563541802101055964e+02,1.069363448568416288e+03,-6.703983323257895677e+01,6.978105826378739494e+02,7.769796151097951906e+02,-2.907930656175157580e+01,1.044634419695953738e+03,8.504770120868689673e+02,-1.333654437587166797e+02,4.572517473582485081e+02,6.358470598124486060e+02,-8.587201835903269398e+01,1.274485275012179955e+03,6.936158702853631439e+02,-5.796456272337833582e+01,4.624471863726975016e+02,8.074933525111486006e+02,1.062715146553604342e+02,1.378233453837154912e+03,6.212875782920586971e+02,9.054651071012784769e+01,7.940577178969541592e+02,3.139915255012971897e+02,-8.990953318385113135e+00,1.069919809954900074e+03,2.723495902133811342e+02,3.059478045619150066e+02,5.756983000533223276e+02,1.039322458905525792e+02,1.547802384629982839e+02,1.331039712388905400e+03,2.394427332764405207e+02,1.265798242617920408e+02,2.187996620129793826e+02,3.254757237625191379e+01,2.235796017519653844e+01,1.413771565082093730e+03,-1.261274165444848592e+02,3.040834404438078877e+02,6.363197436008974961e+01,-8.330083650505434889e+01,8.089529351762730869e+01,1.618381721995408498e+03,-1.797569901015146456e+02
-1.680634791061486908e+02,8.042986467154205457e+02,1.046528305091874017e+03,-5.429339209463429228e+01,7.472577930647032645e+02,7.713299379761526779e+02,-7.281979793905047416e+01,1.097454791589582783e+03,8.070783771605734955e+02,-7.049655867806193044e+01,4.958133200204636069e+02,6.519388277323421335e+02,-1.326358606321518323e+02,1.290429819083932216e+03,6.151775434660939936e+02,-6.406377821800545291e+01,5.220592799762358709e+02,8.269816942642316917e+02,6.986189464395827997e+01,1.397900577356366512e+03,5.568554983795236240e+02,1.138221933085519737e+02,8.319877270252771950e+02,3.112976776913053527e+02,-2.050457228243385188e+01,1.084194479098538068e+03,2.597997050093573534e+02,3.166826981124354461e+02,6.106130493927859106e+02,9.199558504534458336e+01,1.191197008720183987e+02,1.367265611381961207e+03,2.313947117986996318e+02,1.537448806367697500e+02,2.503990141265052500e+02,4.115354593016333240e+01,2.335831260588281566e+01,1.441381273875258557e+03,-1.417177488230030065e+02,3.022964633743062564e+02,8.418137732955324282e+01,-8.668680584696706148e+01,7.150326741365788052e+01,1.656688126470899533e+03,-1.875941499004595983e+02
-1.949707329761213543e+02,8.521889748832572877e+02,1.021063233494259066e+03,-3.773690896768735570e+01,8.013087925533528733e+02,7.686059091896850077e+02,-1.182112301332291082e+02,1.140645907904571004e+03,7.581399548497118985e+02,3.810092049190485053e+00,5.509050162609362360e+02,6.817129864272651503e+02,-1.715955866835043651e+02,1.294589169803266032e+03,5.376207632490136348e+02,-6.373469666955259783e+01,5.820242279563744887e+02,8.434664412541761749e+02,3.556485939750351122e+01,1.412882263144806075e+03,4.980730391878474279e+02,1.359603987775400356e+02,8.680717784117939573e+02,3.082495324400566687e+02,-3.149422128715124813e+01,1.093915344824462181e+03,2.481170844732529019e+02,3.296623998036416765e+02,6.445154166727061238e+02,8.074631843495640737e+01,8.714725231004867112e+01,1.399542839716607887e+03,2.256145165473549810e+02,1.823975154480207266e+02,2.816078420072652762e+02,4.948997904490084210e+01,2.459507658360856652e+01,1.466174743315572186e+03,-1.552492134360474552e+02,2.989717750167273493e+02,1.070775641711115895e+02,-8.857715992814794959e+01,6.806690120830313617e+01,1.690980375328044602e+03,-1.931389334707631917e+02
-2.192338076814731949e+02,8.987864761963290903e+02,9.944557804379147683e+02,-2.002090894061819171e+01,8.593012251153490979e+02,7.691638924697682569e+02,-1.620525907402538337e+02,1.171381805911115180e+03,7.071887188056585956e+02,8.187442256230146143e+01,6.250799118039611812e+02,7.234247245199217105e+02,-2.003806703243128595e+02,1.288529153003675674e+03,4.655022554062855988e+02,-5.126798914918228434e+01,6.423297183652028934e+02,8.626978279229841746e+02,3.413310055391209019e+00,1.423158074116317948e+03,4.475922454727191280e+02,1.566936241284615221e+02,9.009907720948531278e+02,3.049826410444446196e+02,-4.073960828878130513e+01,1.098679000375345140e+03,2.380904338237483557e+02,3.442591240893776785e+02,6.768704222588243056e+02,6.957139302878344722e+01,5.958876901167109708e+01,1.426688486259032970e+03,2.228135002067123480e+02,2.121529498636964206e+02,3.116063064569427752e+02,5.668289217271407665e+01,2.560888707391619334e+01,1.486486635672018792e+03,-1.659574277042044059e+02,2.953772623561465593e+02,1.316756992358175182e+02,-8.930777570483674310e+01,6.899914091884781442e+01,1.719603686624659304e+03,-1.962118124447274283e+02
-2.402571264135252704e+02,9.436485926288214614e+02,9.682581466835351875e+02,-4.215371025373309877e+00,9.207596115224514506e+02,7.727849764669753085e+02,-2.012856261121243335e+02,1.189168555231887467e+03,6.580699739344179306e+02,1.541210490384041520e+02,7.187205932719863313e+02,7.730369492223579755e+02,-2.183257892513952356e+02,1.275402379460057773e+03,4.021302469060613021e+02,-2.224439920244849134e+01,7.070232903472229964e+02,8.912550153533203456e+02,-2.682999564907856893e+01,1.429823220028374180e+03,4.064993266506789951e+02,1.759072618388220519e+02,9.297611562397829630e+02,3.017850267479176409e+02,-4.726049267770589779e+01,1.098739108411383540e+03,2.303540062683197789e+02,3.597349410515725481e+02,7.077862355062931101e+02,5.767180939017467978e+01,3.655169023665064998e+01,1.447887170456468766e+03,2.227643430702570413e+02,2.428059128523379400e+02,3.404497664152899574e+02,6.176197929167571488e+01,2.638003016274740276e+01,1.501076918784780219e+03,-1.738093234422932198e+02,2.931262285739430808e+02,1.577762580462169240e+02,-8.954463173725491743e+01,7.261834977500731725e+01,1.741324668451056823e+03,-1.969997984214906808e+02
-2.579687125673534638e+02,9.872030568997947739e+02,9.436667518078292005e+02,6.894022016080644910e+00,9.854731261062489693e+02,7.785216870997514889e+02,-2.336505138226270617e+02,1.196011188295276497e+03,6.140724021749396115e+02,2.112548991772117972e+02,8.296658830797967994e+02,8.251712421598052742e+02,-2.264986396640841235e+02,1.259331200782954738e+03,3.491681061338528593e+02,2.426482832662088285e+01,7.841256013026345499e+02,9.336272658985856197e+02,-5.555124846899209246e+01,1.434885107499959986e+03,3.744361609978629417e+02,1.936233527019025473e+02,9.539334402723962967e+02,2.990049280592213563e+02,-5.055459316668555658e+01,1.095101948687069580e+03,2.252849834350122364e+02,3.753548850765374709e+02,7.380516011638620739e+02,4.430910992418127847e+01,1.763279427230296648e+01,1.463046570444960025e+03,2.243911011349476325e+02,2.743931521517675947e+02,3.690277230829148039e+02,6.385776993123918999e+01,2.712643902426064457e+01,1.509735189376059679e+03,-1.793359768099327027e+02,2.938059622610530823e+02,1.856330094631336181e+02,-9.010503189508196442e+01,7.737207771123115663e+01,1.755983093127821121e+03,-1.961177280913447021e+02
-2.728268442172825985e+02,1.030358303849836602e+03,9.212854158990843416e+02,1.144260188851128035e+01,1.053073366741903783e+03,7.847288595214489533e+02,-2.580590868728958753e+02,1.195784045730288653e+03,5.773293051474843196e+02,2.464983300203500676e+02,9.531753860820971340e+02,8.742510020082017945e+02,-2.271993572604840779e+02,1.244403181540631977e+03,3.067941584077403263e+02,8.411399859974778792e+01,8.830831413327186965e+02,9.890661534434752866e+02,-8.305063120535059795e+01,1.440485840531278427e+03,3.501420022414887967e+02,2.099160819482441411e+02,9.736498273404982911e+02,2.969998879471961004e+02,-5.071244276182183341e+01,1.089295123080436497e+03,2.230064124768138356e+02,3.904070133162909997e+02,7.688722715459934989e+02,2.913872500726507653e+01,2.100113397091491585e+00,1.472843432288938629e+03,2.262540023527040489e+02,3.071259042260954288e+02,3.986874047631844746e+02,6.239045688915916088e+01,2.808788433930581974e+01,1.513457215503195357e+03,-1.832200177362525153e+02,2.986321784295983548e+02,2.157205098246914190e+02,-9.174789137813955620e+01,8.195985822973452173e+01,1.764565181681084823e+03,-1.944402144466859852e+02
-2.856518817013693479e+02,1.073919990632789904e+03,9.011710523536097526e+02,8.829203816164980623e+00,1.122419122666556405e+03,7.893518733715606004e+02,-2.746202832095247572e+02,1.193054424649581051e+03,5.486699658998071527e+02,2.570831044430413499e+02,1.082536883232070522e+03,9.153190726970557307e+02,-2.231786567296622650e+02,1.233628263061216330e+03,2.742314877073603725e+02,1.480128455219786758e+02,1.010575888879902436e+03,1.049762835844725032e+03,-1.092817504777652999e+02,1.447941943764212283e+03,3.320781325512986655e+02,2.248002516926041210e+02,9.895503025433365565e+02,2.961393257623793716e+02,-4.835658265881336604e+01,1.082921378653888723e+03,2.234576635638890423e+02,4.041816660617154753e+02,8.014105840356314729e+02,1.249259035248038785e+01,-1.088267395266470849e+01,1.478494319960803750e+03,2.271449159780045761e+02,3.412025195731998224e+02,4.306631038605611934e+02,5.722954003759933528e+01,2.933363420977694958e+01,1.514122890187760277e+03,-1.859315854584920089e+02,3.082113130837542485e+02,2.483813617929492921e+02,-9.498954765295835045e+01,8.536249366441701625e+01,1.768768885676274294e+03,-1.928098104266498751e+02
-2.973437599230801425e+02,1.118174084141641515e+03,8.831050945900778970e+02,-3.402664766268575502e-01,1.191287473972983889e+03,7.904273182937405409e+02,-2.843896577192834343e+02,1.191810869656434988e+03,5.278735214121647914e+02,2.444932212918678260e+02,1.210385051799033818e+03,9.442680438180627789e+02,-2.168982594475475025e+02,1.228273759184534811e+03,2.503336619011134019e+02,2.034142128560884544e+02,1.166577717517742940e+03,1.101685336640338392e+03,-1.337023894307474166e+02,1.457125110490117777e+03,3.188377262052123911e+02,2.381721760251847400e+02,1.002575745368818048e+03,2.968387823075690335e+02,-4.441532808639516361e+01,1.077236298060374111e+03,2.264775546044179748e+02,4.159956242351454989e+02,8.363187480217453640e+02,-4.527459579802979306e+00,-2.203652844844677361e+01,1.481402475039795718e+03,2.264764075953933400e+02,3.765689934805427015e+02,4.655344776525136581e+02,4.881722449760574989e+01,3.064414468427233729e+01,1.513836531569753106e+03,-1.876511690767932521e+02,3.224434261550831025e+02,2.835216343761018720e+02,-9.997285544591807138e+01,8.683880044827935762e+01,1.770381920603005483e+03,-1.918013244768482082e+02
-3.085976915812435664e+02,1.162844756944063420e+03,8.669093902470530111e+02,-1.462651169088543135e+01,1.256702649598799326e+03,7.866272607090298834e+02,-2.889827681040532070e+02,1.194540007287171875e+03,5.141080146890916467e+02,2.135066357256605443e+02,1.330325377598609521e+03,9.576646507886360951e+02,-2.100607656974048325e+02,1.227827431731480601e+03,2.339760802232252956e+02,2.379781732163773711e+02,1.342640992217381608e+03,1.128297106327521760e+03,-1.553354860097202845e+02,1.466533314768248829e+03,3.092657735345422338e+02,2.498511056603537952e+02,1.013745068339466002e+03,2.995814948455799254e+02,-3.981233428540842567e+01,1.072951871352761827e+03,2.318638657779345920e+02,4.252987550686656846e+02,8.734442921198990462e+02,-2.021735851530474548e+01,-3.181119683730120329e+01,1.482836750638119156e+03,2.243181497914839326e+02,4.127171694333178493e+02,5.029177977944583517e+02,3.822486418703496724e+01,3.153266909926378858e+01,1.514231596786100909e+03,-1.884828584774980413e+02,3.405602887760329054e+02,3.204820531770204184e+02,-1.064058609930156933e+02,8.595667072842473999e+01,1.770799957209951344e+03,-1.916587907918910219e+02
-3.197175456257858741e+02,1.207365530272043316e+03,8.526198566742042431e+02,-3.222929239521676692e+01,1.315822699487210230e+03,7.776241852407327997e+02,-2.901817763479625683e+02,1.201901753492718626e+03,5.063160911409381129e+02,1.705622055588932824e+02,1.438133190319494133e+03,9.526412723289215592e+02,-2.034711314671413049e+02,1.230535459998210399e+03,2.241859083431495776e+02,2.433901857098052801e+02,1.523373585051587042e+03,1.115893168090773997e+03,-1.730368737252730114e+02,1.474017056194142469e+03,3.024187072650112782e+02,2.597008979309222809e+02,1.023978973617756651e+03,3.048815339199754249e+02,-3.518973422544722496e+01,1.070306689085140306e+03,2.394020414487178243e+02,4.318199677052754737e+02,9.117973295136500838e+02,-3.266500488379851674e+01,-4.033741730227107070e+01,1.483735110467777986e+03,2.211568206065385027e+02,4.486018016410566815e+02,5.414925446219931473e+02,2.707860389977993876e+01,3.143292348595988983e+01,1.516040549046093929e+03,-1.887404072680104719e+02,3.612729825720920189e+02,3.581166076502070723e+02,-1.135963241564095654e+02,8.267592891121360310e+01,1.770855812577756751e+03,-1.923898071444930906e+02
-3.305680410206005604e+02,1.251212629829550906e+03,8.404453339267213323e+02,-5.135073568744046213e+01,1.366932418215106736e+03,7.641055177098345439e+02,-2.896131884088484867e+02,1.212992462725090490e+03,5.034301403213294179e+02,1.221145703892886871e+02,1.531940154513736616e+03,9.272217376994095730e+02,-1.971749374025052362e+02,1.234209575311895378e+03,2.201061523595444100e+02,2.179483208505074003e+02,1.690548117047548885e+03,1.058309348683367034e+03,-1.858675918167068630e+02,1.477756787896836158e+03,2.975207321117393917e+02,2.677647303346898866e+02,1.034014176642339862e+03,3.131728161240253030e+02,-3.076083100572756734e+01,1.069281748512466720e+03,2.488752592772912919e+02,4.356691665191302718e+02,9.497611697893546534e+02,-4.023428085515948993e+01,-4.749216126336153110e+01,1.484651205822515749e+03,2.175749812977883551e+02,4.827249922096066257e+02,5.793313706353998214e+02,1.730516883963738906e+01,2.998371166783364572e+01,1.519084096467738846e+03,-1.890511475803102428e+02,3.829973137232082649e+02,3.950189953488622905e+02,-1.206058275829335997e+02,7.742695059433293636e+01,1.770937042987868608e+03,-1.939064988271317986e+02
-3.406518438837694589e+02,1.294065295050144186e+03,8.305854570406272614e+02,-7.038526855332769117e+01,1.410003190250347870e+03,7.474120818079564970e+02,-2.885285778452763452e+02,1.225995928062355006e+03,5.044570766800626416e+02,7.343599833487841977e+01,1.611385849053209768e+03,8.810377896621522495e+02,-1.907791611737310973e+02,1.236938933462274917e+03,2.209417137247806409e+02,1.667827298679459034e+02,1.828061541903455236e+03,9.589385316156498220e+02,-1.934313829756411280e+02,1.476961692864945462e+03,2.939600893118216618e+02,2.743425391476771438e+02,1.044411544069028196e+03,3.246620349936426351e+02,-2.632638345934847734e+01,1.069790528394880539e+03,2.600734538906486364e+02,4.373391671057501071e+02,9.854495960009107876e+02,-4.195099170355770468e+01,-5.304095683485596879e+01,1.485806293575233440e+03,2.140212779671962267e+02,5.133789564625340063e+02,6.143854043093718929e+02,1.073299382840638039e+01,2.726125415644034078e+01,1.522614251938457983e+03,-1.901773969498552788e+02,4.041259742406344913e+02,4.297952356787788517e+02,-1.265025322252827209e+02,7.109017830553838735e+01,1.771233830237383700e+03,-1.960997768207852232e+02
-3.492761057089218752e+02,1.335731950304699012e+03,8.230579412694687562e+02,-8.802136329350348376e+01,1.446516796636013851e+03,7.289553981529128350e+02,-2.876977259676243648e+02,1.238954188190492459e+03,5.085457435095643177e+02,2.801512599948308235e+01,1.676323062178575356e+03,8.160204775028280437e+02,-1.838488538031302539e+02,1.237475930194738112e+03,2.259865447119850614e+02,9.968973562428070068e+01,1.925690438503576615e+03,8.292926574756041873e+02,-1.960649553696628402e+02,1.471950439013117148e+03,2.912776032396381538e+02,2.799659715738458203e+02,1.055619374885953448e+03,3.392243976765713569e+02,-2.142709285522154161e+01,1.071747462978194562e+03,2.728129262633457870e+02,4.376118634064298476e+02,1.017083101416451882e+03,-3.763760811105636606e+01,-5.679872991851873820e+01,1.487177640482600737e+03,2.107428069276943177e+02,5.389717047017484219e+02,6.449230692768106792e+02,8.685442932880786060e+00,2.381793651423275904e+01,1.525778470779858026e+03,-1.926628633099320211e+02,4.233139621350319430e+02,4.612911070662900102e+02,-1.306246391198151287e+02,6.481573695664874890e+01,1.771928340129732760e+03,-1.988059506893539208e+02
-3.557733831225321524e+02,1.375955730359747122e+03,8.176485012262842247e+02,-1.033661068313402609e+02,1.478648315182016177e+03,7.096878705888766490e+02,-2.874133424149027860e+02,1.250411390018023212e+03,5.150947896084043123e+02,-1.248927527135612081e+01,1.725901926199517902e+03,7.365913649809417620e+02,-1.762514267734175917e+02,1.235269523510226463e+03,2.347383610398381393e+02,2.771543665887071484e+01,1.980350953265031649e+03,6.850250553487222760e+02,-1.948238936880391918e+02,1.463651276263191221e+03,2.891228616250619439e+02,2.852622118640226745e+02,1.068023645635009416e+03,3.564078670929225723e+02,-1.557015918613469196e+01,1.075037566370227523e+03,2.869613456380837420e+02,4.374148937224758811e+02,1.043274420731102055e+03,-2.776273940636017912e+01,-5.875326444080548782e+01,1.488556664449563186e+03,2.078544127019132759e+02,5.583300247625724069e+02,6.697636855553256510e+02,1.173523820741629109e+01,2.048637761284977188e+01,1.527952992059420239e+03,-1.965187051540700622e+02,4.397354650856948979e+02,4.887255332430135581e+02,-1.327347415492560003e+02,5.970807454059134756e+01,1.773205891401643612e+03,-2.017111549387996661e+02
-3.597364334769622474e+02,1.414273489360313761e+03,8.139850607325686269e+02,-1.160956821269238333e+02,1.508233778066363811e+03,6.898734121598504316e+02,-2.875931776647266815e+02,1.259761003902194716e+03,5.238403851532098088e+02,-4.783492836536731829e+01,1.758569061073227203e+03,6.491300789821182207e+02,-1.683175880980101056e+02,1.230267970833791878e+03,2.470235095713770193e+02,-3.991166121913953901e+01,1.994877039302541561e+03,5.413849606882672560e+02,-1.912645503654821937e+02,1.452882116796473838e+03,2.872277308638962268e+02,2.907431970610866756e+02,1.081927557210982968e+03,3.755426796980584641e+02,-8.458360243239406273e+00,1.079477631483455525e+03,3.024412087308414812e+02,4.376767645772640094e+02,1.063178136280812623e+03,-1.311716984322571555e+01,-5.911784872739628582e+01,1.489554159197658919e+03,2.054710796124333569e+02,5.709096678698861069e+02,6.882813039371798141e+02,1.971505363959027335e+01,1.803624026707723260e+01,1.528819523228772823e+03,-2.011201873599553096e+02,4.532647093022830518e+02,5.117348736701440544e+02,-1.329839102678252516e+02,5.648042950834644671e+01,1.775093075274803596e+03,-2.042845726521348695e+02
-3.612085121125566047e+02,1.450044231957252578e+03,8.116465166846937791e+02,-1.265125249772714255e+02,1.536043418674498525e+03,6.692393789806026234e+02,-2.879474554754771702e+02,1.267247370745147009e+03,5.348043117474430801e+02,-7.846409341097056256e+01,1.772918346905575163e+03,5.608529618773141010e+02,-1.607496172162653636e+02,1.222660437138502175e+03,2.630223033444390239e+02,-9.736548048033246516e+01,1.975433031427605101e+03,4.099759157709917190e+02,-1.870788952695420164e+02,1.439851258247852456e+03,2.854595654655871044e+02,2.966029538896456756e+02,1.097462043207641500e+03,3.958826781667660839e+02,-1.535225337975000826e-01,1.084844235228383923e+03,3.191799568419618822e+02,4.392047805928514208e+02,1.076539348800836706e+03,5.489219443939993504e+00,-5.830866134039125370e+01,1.489602069125317030e+03,2.038232169086117835e+02,5.769090739803017414e+02,7.003002258229124664e+02,3.195077744331259240e+01,1.685225964475494465e+01,1.528238529916030075e+03,-2.053569265657655194e+02,4.645377003241219427e+02,5.303693341354800168e+02,-1.316911933066765243e+02,5.521595009502827622e+01,1.777250177837860065e+03,-2.058166041337623540e+02
-3.607584796800897493e+02,1.482641798299239781e+03,8.102200219969049613e+02,-1.353861059618813840e+02,1.561694646216756837e+03,6.473920009796087243e+02,-2.881647646042857787e+02,1.273699397402518116e+03,5.480573565707800299e+02,-1.047068683021796147e+02,1.768824174062215434e+03,4.784922727023010793e+02,-1.543271304726622191e+02,1.212699564709778315e+03,2.831280105244874221e+02,-1.421751652787930595e+02,1.929035738347928827e+03,2.976712417685802734e+02,-1.836919803975413572e+02,1.424133426206170270e+03,2.839400307636209391e+02,3.026244190421633675e+02,1.114493421570475448e+03,4.166988920408402919e+02,8.880505252696442753e+00,1.090973235716714953e+03,3.370070041212840692e+02,4.425888115256065589e+02,1.083710775109920633e+03,2.735461432431068118e+01,-5.686301619470911106e+01,1.488046828730268317e+03,2.032883617559746767e+02,5.773098868160353732e+02,7.060486556859896154e+02,4.759359771622511204e+01,1.679363305383837357e+01,1.526090035588240426e+03,-2.079681923748796635e+02,4.748631282651682568e+02,5.450695590793952761e+02,-1.290259338457137801e+02,5.534660709857514149e+01,1.778904253364915576e+03,-2.055804808555327554e+02
-3.593847316565413053e+02,1.511692474773763252e+03,8.093042982957308595e+02,-1.435868162797218588e+02,1.584169336499329575e+03,6.242694880037645362e+02,-2.880647562896550085e+02,1.280145009364051020e+03,5.634060207270591718e+02,-1.262623047061881891e+02,1.748177380064035106e+03,4.072159476765862678e+02,-1.495713276571008237e+02,1.200680603765379146e+03,3.076692087116186940e+02,-1.742058181310718510e+02,1.862215510305248017e+03,2.073485590920855657e+02,-1.819595405038438400e+02,1.405069732340258952e+03,2.831326374848213163e+02,3.082584470722706556e+02,1.132603289469056335e+03,4.373089899386041566e+02,1.787901330597806648e+01,1.097860640826588451e+03,3.555500559119097943e+02,4.481304608386094515e+02,1.085663397787015128e+03,5.181552720168844672e+01,-5.531923553562001672e+01,1.484384716984930719e+03,2.042984556270462519e+02,5.738315208254306299e+02,7.062406079713570080e+02,6.592093738449888463e+01,1.730329443570426662e+01,1.522241276241325295e+03,-2.079474562325474380e+02,4.859671397162734934e+02,5.566011576463614574e+02,-1.247211516072805608e+02,5.588548526200444400e+01,1.779051774925233985e+03,-2.030714840184509455e+02
-3.582439306828746908e+02,1.537200067956118346e+03,8.085280395328975374e+02,-1.516791255897338999e+02,1.602564829769629569e+03,6.004285536765198685e+02,-2.876753635369894937e+02,1.287446450725575460e+03,5.802023215720606686e+02,-1.422134739353146813e+02,1.714840810487192130e+03,3.500831049022001480e+02,-1.465536408658244625e+02,1.187066544507103572e+03,3.366128650451340150e+02,-1.945321210477705733e+02,1.780975942051770744e+03,1.394185801599911372e+02,-1.820777767560304881e+02,1.382314597614488548e+03,2.838052151459230004e+02,3.128517452425343208e+02,1.151163347284232714e+03,4.570923118752150458e+02,2.599426948719231234e+01,1.105668595839667887e+03,3.742049374920064793e+02,4.558068881826035295e+02,1.083940554121400055e+03,7.808994836539478968e+01,-5.407703275646940710e+01,1.478560302309337203e+03,2.071276790025924868e+02,5.687440734290971704e+02,7.022026836945028663e+02,8.652508489826246318e+01,1.771064528351591250e+01,1.516677350111231817e+03,-2.048995072474447170e+02,4.995917564482160174e+02,5.659051227829842219e+02,-1.179411958713227193e+02,5.584310911666783284e+01,1.776885399696241620e+03,-1.982369522731987104e+02
-3.582806787340665551e+02,1.559472418325955232e+03,8.076373872777317047e+02,-1.596866101802520745e+02,1.616619628067732037e+03,5.770607041666380610e+02,-2.872167569411130330e+02,1.296047234407019687e+03,5.974148437464032213e+02,-1.515506904264742900e+02,1.673899718681484956e+03,3.080775484207501336e+02,-1.449452544239048564e+02,1.172662564386846952e+03,3.693866310463885725e+02,-2.047336991602318506e+02,1.691450541415954831e+03,9.315314413117653203e+01,-1.837304272790502466e+02,1.356220311030293715e+03,2.868592243419059855e+02,3.159211546934249100e+02,1.169469083451988581e+03,4.755428667309120101e+02,3.255062243660577082e+01,1.114592961177349025e+03,3.922156060250056839e+02,4.652856651376089303e+02,1.080484096543840451e+03,1.051816541493102477e+02,-5.326792250987826804e+01,1.471140416113582205e+03,2.116335178135100250e+02,5.645077483462589498e+02,6.958828059960505925e+02,1.093584880594671205e+02,1.758009681972013638e+01,1.509689429137937395e+03,-1.992446087679985567e+02,5.170327639514018756e+02,5.738776345624287387e+02,-1.073810800072008078e+02,5.466371974278853685e+01,1.772210564717187935e+03,-1.916038304662780263e+02
-3.599066816361177530e+02,1.578902281377623467e+03,8.066195214825918356e+02,-1.671411414942094211e+02,1.626763802985148004e+03,5.557443685388121821e+02,-2.870076441582596090e+02,1.305878078300668221e+03,6.139278427034672632e+02,-1.538685042912084384e+02,1.630596592373784006e+03,2.805371268597033350e+02,-1.442507212609950216e+02,1.158690301488913065e+03,4.049051208017143040e+02,-2.066431041981757062e+02,1.600366108588684938e+03,6.732118467597068445e+01,-1.863853437035326408e+02,1.327879032654362391e+03,2.931013659982502304e+02,3.173497890816518634e+02,1.186879385268824308e+03,4.923561205574343944e+02,3.723536138935971707e+01,1.124654894427257204e+03,4.088343423781926163e+02,4.760015277153810302e+02,1.077322495296431271e+03,1.319321301671318736e+02,-5.268893201113775149e+01,1.463206219564859111e+03,2.170883412674212138e+02,5.633025990054711656e+02,6.896285349364080730e+02,1.346377054158923556e+02,1.694095514651793621e+01,1.501959194099117894e+03,-1.921817384833263986e+02,5.387747749665397805e+02,5.811744082488613685e+02,-9.159352875071618882e+01,5.248356801037271424e+01,1.765575794274487407e+03,-1.842341037416829863e+02
-3.628896420276722097e+02,1.595762745476296004e+03,8.057553900757064866e+02,-1.733636108809335781e+02,1.633789340056499668e+03,5.380211488990419184e+02,-2.873384843457234297e+02,1.316437870399247913e+03,6.288907909933343490e+02,-1.497921026720308930e+02,1.589359994712910066e+03,2.657165987699391962e+02,-1.440584788163879750e+02,1.146631739497498302e+03,4.417962561709891247e+02,-2.022752313900014087e+02,1.514663532880349067e+03,6.020492982502681656e+01,-1.895827945417414639e+02,1.298822880938186927e+03,3.030477979575247218e+02,3.174218495929377468e+02,1.202928931761877266e+03,5.074921995315774552e+02,4.014921394516473185e+01,1.135559372189356282e+03,4.234931465159804702e+02,4.872894118036654731e+02,1.076197085858076662e+03,1.572103428346155738e+02,-5.185860531400140161e+01,1.455977187308300699e+03,2.222500610211862977e+02,5.666013624387604750e+02,6.857488280120029458e+02,1.626405271569144020e+02,1.628839397004344391e+01,1.494441132273926542e+03,-1.853726193394860786e+02,5.643935563821636379e+02,5.881457455676792279e+02,-6.944402996865288458e+01,5.007406188577938622e+01,1.758014117739781113e+03,-1.774840207969233177e+02
-3.665304841157065425e+02,1.610170611647925398e+03,8.055099795467592685e+02,-1.778119375840031182e+02,1.638462544700844774e+03,5.249314626708801370e+02,-2.883670178413015037e+02,1.327026976270552495e+03,6.419304324324361914e+02,-1.408669413200360623e+02,1.553143743804606629e+03,2.612928536709229661e+02,-1.441576918842874591e+02,1.137822731374753857e+03,4.787470476694113586e+02,-1.936770875745763192e+02,1.440201021205796224e+03,6.938503442380965680e+01,-1.930815485398434248e+02,1.270527180936460354e+03,3.168045980831450947e+02,3.166867155772520164e+02,1.217401411351873548e+03,5.211597239638728070e+02,4.170310356399649976e+01,1.146745012570617291e+03,4.359282304366968219e+02,4.985470541668581745e+02,1.078236685129214038e+03,1.801673792656785054e+02,-5.021079942151584419e+01,1.450361598874450920e+03,2.257337868870502291e+02,5.749356998023270080e+02,6.859806926125671680e+02,1.934699321199086910e+02,1.634483270574251534e+01,1.488069073642117246e+03,-1.804085265159248763e+02,5.927989946802500754e+02,5.949188818192079680e+02,-4.052977830777867752e+01,4.847503757608169650e+01,1.750558555262493201e+03,-1.726078788934113675e+02
-3.700580066856214785e+02,1.622247590578170730e+03,8.062762029842572247e+02,-1.803321236144187765e+02,1.641357757403520736e+03,5.166551419496800008e+02,-2.900766926240817156e+02,1.337055970776572622e+03,6.531530757923584360e+02,-1.289895590509957515e+02,1.523092482022474542e+03,2.647439018407054618e+02,-1.444946269878399505e+02,1.132937868288638356e+03,5.148462900807650158e+02,-1.826364316338961373e+02,1.380056700196489373e+03,9.166993375560281265e+01,-1.968304563709596948e+02,1.243931734425184459e+03,3.340166968758620669e+02,3.157159896986038348e+02,1.230356823497171945e+03,5.337162379634644367e+02,4.241737974019279989e+01,1.157628436792935190e+03,4.462342806065094578e+02,5.093824224315363267e+02,1.083757060541432111e+03,2.004671877403766302e+02,-4.736202242164464593e+01,1.446670568247265692e+03,2.265765196965896564e+02,5.879068517620894454e+02,6.910234086451299618e+02,2.268791534499267470e+02,1.768456089128982001e+01,1.483413938775844827e+03,-1.782390027325895403e+02,6.227169265483909157e+02,6.015345321297822920e+02,-5.409235200316959258e+00,4.848139026979038135e+01,1.743833601780598883e+03,-1.703230785779418568e+02
-3.730348041205359095e+02,1.632352725268357744e+03,8.081100866359312249e+02,-1.812309994494432885e+02,1.642945508974921722e+03,5.123743427884045332e+02,-2.923026531940665222e+02,1.346302742378456287e+03,6.630020331381571168e+02,-1.157334754222197262e+02,1.498489001465334013e+03,2.736026291715957655e+02,-1.450583474464667404e+02,1.131617129863215041e+03,5.497987707201028797e+02,-1.703756018740589866e+02,1.333264261231983028e+03,1.233094918272807803e+02,-2.008392558666101877e+02,1.219174438591451917e+03,3.538703278479449068e+02,3.148678756280033326e+02,1.242107604219994073e+03,5.455377556227177820e+02,4.272355450490123019e+01,1.167902210750403583e+03,4.548493321528450792e+02,5.196971037787429850e+02,1.092211944236794125e+03,2.184123250961808935e+02,-4.332713705051259012e+01,1.444605169097316548e+03,2.247304896884856475e+02,6.043725247020462348e+02,7.002915395567719088e+02,2.622251840883391765e+02,2.040573563066715224e+01,1.480447903339793811e+03,-1.787972137399634676e+02,6.531627989932658238e+02,6.080235703605620756e+02,3.442365746608130905e+01,5.023236550095415964e+01,1.737927161965135610e+03,-1.705067610497402200e+02
-3.755406932869884145e+02,1.641192508097973814e+03,8.106294621436222769e+02,-1.811838209100764914e+02,1.643745418902395159e+03,5.104113277927493186e+02,-2.947937992466005994e+02,1.354987205405817349e+03,6.720914340931041124e+02,-1.019655686889653481e+02,1.476997438596830307e+03,2.855782312271484216e+02,-1.458009350104619273e+02,1.132447721107160987e+03,5.839239224532868775e+02,-1.574184846024990634e+02,1.294710284068662531e+03,1.603615185660442535e+02,-2.050629197418481056e+02,1.195628825641470939e+03,3.751633580806043824e+02,3.141802927870069198e+02,1.253150293007746541e+03,5.569305303163038161e+02,4.286564506817579456e+01,1.177687197842775277e+03,4.624783214490678347e+02,5.296732770901406866e+02,1.102302967439171425e+03,2.349037739839857863e+02,-3.856536708586755680e+01,1.443442079296775091e+03,2.211985579048025272e+02,6.226898745831589395e+02,7.119953939574018023e+02,2.985540950998814651e+02,2.402829474561794498e+01,1.478526272354262801e+03,-1.809972490535627685e+02,6.836531297313403002e+02,6.143944422214559609e+02,7.677713317731021903e+01,5.311238523209789975e+01,1.732517833992216993e+03,-1.721780438331137191e+02
