2.252429677006901159e+02,-7.494450782824459623e+01,1.636090280555828940e+03,4.854944213807122821e+01,-2.244511597264125555e+02,1.351388166145911100e+03,2.421897279700836236e+02,1.072746045214505699e+02,1.388648027635533026e+03,1.834651729992605240e+01,-3.410101693469677002e+02,1.102752250699845717e+03,4.069394068852241162e+02,2.043954968362885722e+02,1.174059306229983122e+03,2.685934215692768703e+02,-2.679801887873352371e+02,1.170123434052533185e+03,3.844302109348066097e+02,-6.895850210127451030e-01,1.230913463660243224e+03,3.500453924979897380e+01,-6.708627722710787111e+01,9.764625339387225722e+02,1.679920288955864009e+02,1.251970748623548815e+02,1.074652559270614120e+03,7.401889573361003727e+01,-6.826969301331709516e+01,4.962864685636947684e+02,4.321901588567674253e+02,1.580020092117568353e+01,1.127878323637930180e+03,-9.444292034946887071e+00,1.052676187071012137e+01,-3.102447670975192917e+00,3.103301324223331790e+02,-1.835753372129686412e+01,6.403263013348744153e+02,2.653201591611833123e+02,-5.789847357824218932e+01,-2.485882454969964428e+01,5.417618690588259369e+02,-1.197533472076414114e+02,6.984666533058715459e+02
2.280349206509003182e+02,-7.129147905202184177e+01,1.635712509343956981e+03,4.957913594623592957e+01,-2.207272309058661790e+02,1.351836923666388884e+03,2.446752184794771097e+02,1.098520541486358155e+02,1.390014948653172723e+03,1.986097139708738135e+00,-3.402009600624108430e+02,1.099086947546998317e+03,4.118416132370752507e+02,2.075763819379383506e+02,1.171736929623055858e+03,2.577950023471655641e+02,-2.755516570754562622e+02,1.158710789526391636e+03,3.861736156980401233e+02,-6.173698841326318743e+00,1.226627941163701280e+03,3.271034035477401858e+01,-6.569217127143157597e+01,9.773812364106139512e+02,1.683845992535257494e+02,1.249955994666360795e+02,1.074605647225007488e+03,7.393835045930093486e+01,-6.460477654961393057e+01,4.952289099190504089e+02,4.332684583284354858e+02,9.499096055917785719e+00,1.125918345567208917e+03,-1.025396887406903623e+01,8.915354766003236620e+00,-1.941318112537455454e+00,3.054662551147806084e+02,-1.486219310611775768e+01,6.411060427379483144e+02,2.661116253313115294e+02,-6.001435174043487564e+01,-2.409002618928470341e+01,5.315562433254766574e+02,-1.247558529267124072e+02,6.976572623509406412e+02
2.318982470541352257e+02,-6.904317720717661189e+01,1.634007775846102732e+03,5.119263637595256711e+01,-2.178100329690102797e+02,1.351386466831013649e+03,2.482862936985467286e+02,1.114806937296464753e+02,1.389971091918647971e+03,-1.415166657263496042e+01,-3.388490149306397257e+02,1.095498585834099458e+03,4.175730106275781282e+02,2.110364292019535810e+02,1.169215899585970647e+03,2.468390742749990352e+02,-2.821011053027131084e+02,1.146042016932400429e+03,3.879095679370300331e+02,-9.699369325219247884e+00,1.221413408550793747e+03,3.040377982232421772e+01,-6.405776941274164926e+01,9.779404718058370918e+02,1.686829826377021107e+02,1.256525693483556836e+02,1.074459892189144512e+03,7.375504998522842470e+01,-6.109120311472482001e+01,4.944343205718909644e+02,4.341022939259992199e+02,4.498898491715606518e+00,1.122920395543912036e+03,-1.037007055498019881e+01,8.216862969527420901e+00,-9.496856176426505813e-01,2.971568083716848605e+02,-9.089732941827689316e+00,6.413425660199247886e+02,2.667709270868087401e+02,-6.159850104625263612e+01,-2.350010955860634354e+01,5.190976049470815497e+02,-1.253847344810533428e+02,6.938969243012243169e+02
2.372998037304971888e+02,-6.891575068392874925e+01,1.630457099206417070e+03,5.366802759758846975e+01,-2.160967016473076399e+02,1.349706277631358262e+03,2.535207994648041847e+02,1.116684001087111255e+02,1.387821334835280823e+03,-2.988447523552721563e+01,-3.364343009563542068e+02,1.092140448620860752e+03,4.245324650056301721e+02,2.149484881220936927e+02,1.166407719459241889e+03,2.354352219708590610e+02,-2.869506477146476300e+02,1.131393581184789582e+03,3.896207477083837034e+02,-9.893052917519094436e+00,1.214701398775473990e+03,2.817457990980933857e+01,-6.203850731709677291e+01,9.778764251676947197e+02,1.688768806125330286e+02,1.275921901359221380e+02,1.073994469596408635e+03,7.353486256884622208e+01,-5.787489035370681023e+01,4.939345245927976293e+02,4.346318123302570484e+02,1.872234374149787328e+00,1.117988073882476556e+03,-9.342828049204543461e+00,8.960765832654436380e+00,-2.442748775697334007e-01,2.835934381294800914e+02,1.928010602489675374e-01,6.406455473278432464e+02,2.672036370830145984e+02,-6.226672285746101210e+01,-2.317621311990304989e+01,5.031477582259896053e+02,-1.192453066189106465e+02,6.853554836208936649e+02
2.438834807662238688e+02,-7.066851206062699475e+01,1.625629905019945227e+03,5.686046915763099463e+01,-2.154162935593432167e+02,1.347201200867773196e+03,2.599955488323546433e+02,1.105448626151103895e+02,1.383882543214949919e+03,-4.513117591065167034e+01,-3.326377177781660635e+02,1.089246191504478702e+03,4.324907231728093961e+02,2.193171167316111223e+02,1.163403157016227169e+03,2.231892726907078668e+02,-2.900471136366422797e+02,1.114846641475777005e+03,3.912348230833891307e+02,-6.351963306977900459e+00,1.206503015984309059e+03,2.623690140661382841e+01,-5.964057589438434803e+01,9.771026295195179046e+02,1.690651618226549147e+02,1.306189289927601465e+02,1.072897218774818839e+03,7.353680553505753892e+01,-5.509880783068869192e+01,4.934940880090924225e+02,4.350549117952915594e+02,2.182198720848759876e+00,1.110593249184629030e+03,-7.120078656460800737e+00,1.108542031822015339e+01,1.466227556203099081e-01,2.653344041265556257e+02,1.267850608996982587e+01,6.389244057421379921e+02,2.674023931039923809e+02,-6.188634371932803901e+01,-2.307055356302007354e+01,4.839862918002918377e+02,-1.068583286599579054e+02,6.719731740964688242e+02
2.508241286199488798e+02,-7.332915267602938059e+01,1.620723859076257895e+03,6.037842671436315101e+01,-2.151448158768522774e+02,1.344674442942458199e+03,2.667732426233486649e+02,1.086583390533460260e+02,1.379126819567684834e+03,-5.991756283154845164e+01,-3.274797208847191428e+02,1.087063254210405148e+03,4.408020315011020216e+02,2.239626758772917299e+02,1.160361466124587878e+03,2.097090670413104476e+02,-2.919153313255060311e+02,1.097031118796342525e+03,3.925870461128918123e+02,3.241136191019897139e-01,1.197199560202528573e+03,2.482033403149096173e+01,-5.699474639088113292e+01,9.757320662216683331e+02,1.693800182374581880e+02,1.341106260405064177e+02,1.070881867276727917e+03,7.405447349764806120e+01,-5.290029023163239685e+01,4.927940217207682281e+02,4.356835600289625745e+02,5.278629105131734889e+00,1.100505892687428741e+03,-4.060030275235328112e+00,1.402281232957911428e+01,2.856446659039937885e-01,2.446498227454985681e+02,2.685533739288492683e+01,6.362404189713524829e+02,2.674713052185408060e+02,-6.063410493368812837e+01,-2.303409604241027253e+01,4.630322029826228913e+02,-9.101727608360529587e+01,6.550712147274641666e+02
2.574236333809544703e+02,-7.571940216135061519e+01,1.616749955842860118e+03,6.388709438857500800e+01,-2.145349316084252109e+02,1.342771986449983388e+03,2.729843629255592532e+02,1.066040561837447882e+02,1.374505819948165936e+03,-7.428109379355628050e+01,-3.213611438237343236e+02,1.085745503345638326e+03,4.488332248988044171e+02,2.285313022734962658e+02,1.157371406400334763e+03,1.947962216124538770e+02,-2.933327041485310929e+02,1.078652530758301282e+03,3.934181984082146641e+02,8.807654364371964917e+00,1.187199316344084309e+03,2.400507913470854149e+01,-5.429487953428156999e+01,9.740455803292146584e+02,1.698776944266492706e+02,1.374059416646702800e+02,1.067839888954681555e+03,7.519082188877867168e+01,-5.138336428600076289e+01,4.916841391645405679e+02,4.367079875643177047e+02,1.027543887959587643e+01,1.087668288097066124e+03,-7.946697706588188304e-01,1.698146931557433703e+01,2.932179214653751753e-01,2.241116352243765562e+02,4.088681932541916808e+01,6.325809940987609252e+02,2.676079007932126501e+02,-5.895337129145583077e+01,-2.290338623129033380e+01,4.419808092584626706e+02,-7.511760210842062691e+01,6.364133135417761196e+02
2.635265303770286209e+02,-7.695926672102964972e+01,1.613919599893951727e+03,6.732837263169793118e+01,-2.130858472067576770e+02,1.341600328442243836e+03,2.783335691864479600e+02,1.047541208401669337e+02,1.370414974147963676e+03,-8.810019288073694099e+01,-3.149283008811906939e+02,1.085262546545807709e+03,4.563330860511453011e+02,2.325303019928044819e+02,1.154391557004102651e+03,1.786085471790153463e+02,-2.948882459868351020e+02,1.060135286140283597e+03,3.934288343281274933e+02,1.750026205987250094e+01,1.176717259445135824e+03,2.361547131987208559e+01,-5.174880810216090765e+01,9.724084545558050650e+02,1.704757976827687287e+02,1.401215280456558787e+02,1.063915178596479564e+03,7.672664760840928011e+01,-5.056846201780076910e+01,4.903073712606164349e+02,4.380234289714300076e+02,1.580751720420216166e+01,1.072141386549689059e+03,2.001515335161922149e+00,1.925556919763106478e+01,2.920850823167617794e-01,2.053518156739128244e+02,5.349167624043785452e+01,6.277197852867425354e+02,2.680337190238043377e+02,-5.740384373739216528e+01,-2.258935425086429660e+01,4.220237529520491648e+02,-6.148716276380125123e+01,6.173236228928261653e+02
2.695277139659621071e+02,-7.672715846765612469e+01,1.611576080421891675e+03,7.094057435782846710e+01,-2.107730549314831023e+02,1.340726637107151419e+03,2.832151321208585841e+02,1.032230288223481978e+02,1.366578181028814242e+03,-1.009618826167711205e+02,-3.087950389976500674e+02,1.085375637506947442e+03,4.635401731622198440e+02,2.354149185138285816e+02,1.151276923114041892e+03,1.616613590213795817e+02,-2.966596824840248701e+02,1.041545798962381014e+03,3.923767473643513313e+02,2.501316169608242390e+01,1.165757296479594970e+03,2.325200588772100474e+01,-4.955683453012574802e+01,9.711450316366227753e+02,1.709775852190593355e+02,1.422372123990998034e+02,1.059436722714247480e+03,7.817337501653895515e+01,-5.035343023165426501e+01,4.890117446977159261e+02,4.392156477069188441e+02,2.053205596519276099e+01,1.054119396478167118e+03,3.841034267845199857e+00,2.041633480005958390e+01,3.550728295963944681e-01,1.886110509797157988e+02,6.434714840937644453e+01,6.212221881060835358e+02,2.688960621119163648e+02,-5.646079990608318155e+01,-2.211869315127820812e+01,4.035373319483596788e+02,-5.059641528912233355e+01,5.982550666213450086e+02
2.760487779396668770e+02,-7.523574131617090188e+01,1.608619179215334952e+03,7.510584986701948651e+01,-2.080321093760304336e+02,1.339487659898727543e+03,2.884372131833831077e+02,1.020035109958299557e+02,1.362317821371692844e+03,-1.121826094753364345e+02,-3.032586798137730852e+02,1.085700636691886302e+03,4.710043232860824673e+02,2.367379046053031288e+02,1.147820562624011473e+03,1.446335737349929502e+02,-2.981594566318956936e+02,1.022737578513235690e+03,3.901821702753873637e+02,3.052373474221975869e+01,1.154194143445071859e+03,2.245306134093485539e+01,-4.789607497477454956e+01,9.704061398141027439e+02,1.711615953150090661e+02,1.439751580904392938e+02,1.054739831888693288e+03,7.897909803201787327e+01,-5.052530489698534666e+01,4.881280131180666331e+02,4.396984543752574837e+02,2.367132224668260321e+01,1.033905987012530659e+03,4.557925988446602794e+00,2.034703614019155538e+01,4.801437921418969523e-01,1.730965975335377607e+02,7.388613216931514671e+01,6.125463839442932112e+02,2.701880438781358862e+02,-5.636097294902615573e+01,-2.161048643388717139e+01,3.862491312455028378e+02,-4.139397732717643663e+01,5.788309905380031068e+02
2.835425596766408489e+02,-7.301710349424909907e+01,1.604097987178127141e+03,8.013996842569171974e+01,-2.055116813776577374e+02,1.337368332868995140e+03,2.947708363489820726e+02,1.011066428898905087e+02,1.356965209942195770e+03,-1.210041429534202138e+02,-2.981607504841022660e+02,1.085837828066092925e+03,4.792540257406528781e+02,2.363223543284136667e+02,1.143755864852656487e+03,1.280913070463880956e+02,-2.985354460542640140e+02,1.003555558425812251e+03,3.870033866129010676e+02,3.391524099986939689e+01,1.141824132901163011e+03,2.089569290549164648e+01,-4.688438233534862576e+01,9.700898953258459869e+02,1.708762477692534674e+02,1.456174814658355672e+02,1.049983983906342019e+03,7.876917689107192189e+01,-5.083202053359909911e+01,4.877758294717309013e+02,4.389227740487914389e+02,2.531936472393188708e+01,1.011785804071025041e+03,4.302448482081576486e+00,1.918037491160636776e+01,6.022777211154280996e-01,1.577197762757324426e+02,8.273550211434772450e+01,6.011681487767743874e+02,2.717302191342021160e+02,-5.707215840630183123e+01,-2.121088592083030733e+01,3.696252737720964205e+02,-3.234254913647180274e+01,5.581596155117963463e+02
2.920665685345713882e+02,-7.064833282262675596e+01,1.597631291365114066e+03,8.613712558858749446e+01,-2.037219864983134698e+02,1.334234675053550518e+03,3.025868831035621724e+02,1.005902250764248151e+02,1.350160813151530647e+03,-1.268740720349013458e+02,-2.929566032338620403e+02,1.085515077378266596e+03,4.885047146935896762e+02,2.343740187579411440e+02,1.138739177421437262e+03,1.123076750341876107e+02,-2.968948975429758548e+02,9.839711311968677592e+02,3.832514456216762824e+02,3.568645113108952671e+01,1.128357104777137693e+03,1.852531871320035961e+01,-4.652250552695586094e+01,9.698694816756343471e+02,1.700845664940463848e+02,1.473924327557876666e+02,1.045079642370939609e+03,7.749622837681626208e+01,-5.107809805196652775e+01,4.878197093447321322e+02,4.365594600899003694e+02,2.633949914401530634e+01,9.878626060882181719e+02,3.418917737147530111e+00,1.722424741870982956e+01,6.342448299238330200e-01,1.417170197131515863e+02,9.121681262028423021e+01,5.867023214381297294e+02,2.732245428520458290e+02,-5.839018239467578297e+01,-2.102806861886743306e+01,3.532024131111622296e+02,-2.241764136964735243e+01,5.352271465669614372e+02
3.013167897894283556e+02,-6.852134196759385532e+01,1.589489558549688581e+03,9.292956125561084946e+01,-2.027509383932524543e+02,1.330341253480106843e+03,3.117429996618103587e+02,1.004864680200053613e+02,1.341926870947909265e+03,-1.296681071530830707e+02,-2.869390620032081074e+02,1.084681960761445225e+03,4.985592724819501882e+02,2.314521488561558442e+02,1.132373066848893814e+03,9.727568785769038584e+01,-2.926080450972413587e+02,9.641123078081833455e+02,3.795207065655399106e+02,3.668804389133239852e+01,1.113414855468976157e+03,1.555514057282348617e+01,-4.663965151685207644e+01,9.693293323165696620e+02,1.688431577026999832e+02,1.494618566345496049e+02,1.039763090797267978e+03,7.543777534340284774e+01,-5.118344850382781885e+01,4.879774198620978041e+02,4.325827180817114481e+02,2.791450216926682870e+01,9.620138916019918724e+02,2.281938881449566026e+00,1.491780674587840316e+01,5.160274713993816542e-01,1.248861157652697500e+02,9.921869776296877319e+01,5.690199548691741711e+02,2.743533030294959190e+02,-6.008740738516917190e+01,-2.109848801247186145e+01,3.367373218382159621e+02,-1.150133455770102131e+01,5.092697282423304728e+02
3.108558921105567379e+02,-6.672096039094023467e+01,1.580378314211935049e+03,1.001643406323493650e+02,-2.021836080303122003e+02,1.326162803000173653e+03,3.217265024150182740e+02,1.007270897453416580e+02,1.332543940614155417e+03,-1.297450023703058832e+02,-2.794985768470953076e+02,1.083509334496123302e+03,5.089343854245854004e+02,2.282786501825264622e+02,1.124293890524907283e+03,8.285550407352955915e+01,-2.855013668914263576e+02,9.442206030342820213e+02,3.764326160140280990e+02,3.778554597223568834e+01,1.096592646049849691e+03,1.235638263203762754e+01,-4.687822476907852831e+01,9.681444859768949982e+02,1.672419073309984583e+02,1.519562583395761806e+02,1.033760816530622151e+03,7.306458270258238485e+01,-5.116415984740682177e+01,4.879837503209523106e+02,4.272270191245565343e+02,3.101260685740272294e+01,9.340372637629403698e+02,1.173879897173238485e+00,1.279381866194929351e+01,2.493298962110221950e-01,1.074536408759907005e+02,1.064598714666386599e+02,5.483310105399268650e+02,2.748776467620835433e+02,-6.200904599983284982e+01,-2.138872070984711726e+01,3.201952148332640036e+02,-7.795916297006405538e-02,4.800548036604022286e+02
3.203852808126742957e+02,-6.503955165980008246e+01,1.571079091997851492e+03,1.074574559905472313e+02,-2.012614680159865372e+02,1.322155866840821773e+03,3.319399854239759975e+02,1.011528542752648860e+02,1.322341891559918395e+03,-1.278129675929245508e+02,-2.703247161105355758e+02,1.082281614748673974e+03,5.191184999750886391e+02,2.254574050756445445e+02,1.114273319009691249e+03,6.891359651450255797e+01,-2.759070229088461588e+02,9.245781369907895169e+02,3.744298512716389951e+02,3.956430596112232934e+01,1.077562072489325374e+03,9.313928866553355945e+00,-4.674553234112846667e+01,9.662075119739115507e+02,1.653488453823893281e+02,1.549885014941548889e+02,1.026934621859665185e+03,7.085962472650872712e+01,-5.104878141444037709e+01,4.876985191188583144e+02,4.208419657048683575e+02,3.605454862079352552e+01,9.039067928597088439e+02,2.458568386346326462e-01,1.139365812015044099e+01,-9.834666018422624778e-02,8.976109277362344585e+01,1.128965458344529935e+02,5.251694262120071244e+02,2.746999454689133700e+02,-6.406136455124327256e+01,-2.181750107476276668e+01,3.036597793760727768e+02,1.141107131166394240e+01,4.479796657302494509e+02
3.299158950327193907e+02,-6.311057103650873756e+01,1.562106731029968159e+03,1.145593609107226882e+02,-1.992021712594334986e+02,1.318544479092511892e+03,3.419760954478367125e+02,1.016159522680713962e+02,1.311511564844971872e+03,-1.246741172680431617e+02,-2.595114053900348381e+02,1.081211151673182940e+03,5.287996719744427310e+02,2.232432494225776338e+02,1.102250094579695315e+03,5.536679788261898949e+01,-2.645713486577325853e+02,9.054297827321786372e+02,3.736001646793157533e+02,4.217723125287191976e+01,1.056144495895381169e+03,6.718960343134376956e+00,-4.573501988984000377e+01,9.636385394192216154e+02,1.631907580002587963e+02,1.586247089172316009e+02,1.019327602589820799e+03,6.917210922039072329e+01,-5.079065268779690001e+01,4.871122819339212811e+02,4.137080838529162179e+02,4.290603182340390731e+01,8.719701670029129446e+02,-4.528256232576027274e-01,1.111468537713420801e+01,-4.190052067200051855e-01,7.198802576154886879e+01,1.189483709967485794e+02,5.002466985189419120e+02,2.738790381942190493e+02,-6.612496367431279509e+01,-2.228077732506943676e+01,2.872414891607742220e+02,2.303611888268763863e+01,4.139338266342249426e+02
3.397626900001799299e+02,-6.058995728335528241e+01,1.553483421842826829e+03,1.214586548692451515e+02,-1.955241437772855306e+02,1.315187833855351528e+03,3.517615705969770374e+02,1.021076920137634971e+02,1.299996782637571641e+03,-1.209603340717512765e+02,-2.475564320090062438e+02,1.080249771534990714e+03,5.379331504945031384e+02,2.214899197743032744e+02,1.088257161540562265e+03,4.216266105453241408e+01,-2.524500382894765664e+02,8.869177956166386139e+02,3.736223989377978114e+02,4.538389865345548202e+01,1.032315833006444109e+03,4.724963203112481303e+00,-4.348593548958339738e+01,9.606846276395204995e+02,1.607693434392374456e+02,1.628448230109108863e+02,1.011109018065860937e+03,6.815154241584026806e+01,-5.023799838072218193e+01,4.862827266456169468e+02,4.058864262737551485e+02,5.110579961789976977e+01,8.389686690263894207e+02,-9.237418769780358918e-01,1.204345157295389690e+01,-6.033789725633638135e-01,5.405970445101243627e+01,1.253567861992759020e+02,4.742259056768947971e+02,2.726064562164634708e+02,-6.798619025491429113e+01,-2.267324667575543273e+01,2.710274040493243319e+02,3.534696280158114945e+01,3.790012077907799153e+02
3.503791022141815574e+02,-5.728829132349250841e+01,1.544677669920561584e+03,1.283715229672446299e+02,-1.902235878695895508e+02,1.311564558132374032e+03,3.615263990424930967e+02,1.028213795835768991e+02,1.287486245584596418e+03,-1.169679989096869690e+02,-2.352372306314162813e+02,1.079001104910456434e+03,5.466274652654036572e+02,2.198117750355351063e+02,1.072302079418116818e+03,2.928018534606481182e+01,-2.404371182300732528e+02,8.690620383057671461e+02,3.738886312022282823e+02,4.875049688877360410e+01,1.006171819811785554e+03,3.349434360118007437e+00,-3.992571022731621611e+01,9.575767197388669274e+02,1.580892573123395550e+02,1.675365827747846481e+02,1.002479524161840004e+03,6.775729096741926583e+01,-4.918203621533513115e+01,4.852686759550811075e+02,3.971572160212842846e+02,6.012622337762704205e+01,8.058839297452366282e+02,-1.185599125315897728e+00,1.388044228594305451e+01,-5.760778334568105175e-01,3.575751473568961103e+01,1.327555005850619239e+02,4.475350435966478813e+02,2.711530871755867338e+02,-6.936302228139571469e+01,-2.290912478301966004e+01,2.550761830740223104e+02,4.890473258278372271e+01,3.441817776347842255e+02
3.621191342518375222e+02,-5.318925306821362398e+01,1.534731454644839914e+03,1.356169759918212776e+02,-1.837317544657406927e+02,1.306895755725972322e+03,3.716345510458370995e+02,1.040996622247841827e+02,1.273505268032437016e+03,-1.126491639306185846e+02,-2.233547609557563760e+02,1.076813778875181924e+03,5.549419531240533843e+02,2.178716430535701249e+02,1.054307744804175627e+03,1.677761896558023125e+01,-2.290901150809955311e+02,8.518227990692797675e+02,3.737709681235102153e+02,5.191074228806632362e+01,9.779058997593677987e+02,2.494357019494150229e+00,-3.533490328505359201e+01,9.544276393078276897e+02,1.551732555201418222e+02,1.725356336272188287e+02,9.936038389369309698e+02,6.781338031890769003e+01,-4.745686397135884249e+01,4.841070042742060195e+02,3.870707638790834721e+02,6.951565182675213350e+01,7.736977929250257375e+02,-1.267142503267550957e+00,1.603493004938014366e+01,-3.161104842605240717e-01,1.692350088625270388e+01,1.412523285199842178e+02,4.203216601126370051e+02,2.697899739833447370e+02,-7.002504398847351297e+01,-2.294423547075097147e+01,2.394338324899796930e+02,6.376100594620653794e+01,3.102734580271026630e+02
3.750422633117088367e+02,-4.836676426465469092e+01,1.522569522285680250e+03,1.434413278924295412e+02,-1.766904109894936141e+02,1.300396011095970607e+03,3.823672800748032046e+02,1.062886007712330780e+02,1.257589625918274123e+03,-1.077455293468313471e+02,-2.124108162422485577e+02,1.073044563670347998e+03,5.627332456758124408e+02,2.156365736196466969e+02,1.034174242661499420e+03,4.821061780749838377e+00,-2.184325450236543134e+02,8.352357602268878054e+02,3.729092404930494808e+02,5.476995560548454733e+01,9.478057530283629148e+02,1.978172260896598367e+00,-3.028917936441691694e+01,9.512170810399961738e+02,1.520562450881949701e+02,1.776888069646100803e+02,9.845928825154672950e+02,6.808412844043242274e+01,-4.504380630350993897e+01,4.828339682539753426e+02,3.750983977847694177e+02,7.892124858090431871e+01,7.431552717062752436e+02,-1.213493265295688461e+00,1.786459630297737888e+01,1.402799299101100960e-01,-2.397763212284638179e+00,1.503369938307237703e+02,3.925589855288687318e+02,2.686960875709840479e+02,-6.993224622453428196e+01,-2.279376529446994581e+01,2.241430828938430295e+02,7.929170244590257255e+01,2.779023720074405333e+02
3.888554242944356929e+02,-4.287923752559755286e+01,1.507418525689315629e+03,1.518886783145427728e+02,-1.696646120394796924e+02,1.291575946631622855e+03,3.937603317082493959e+02,1.095794955716299768e+02,1.239492869606602198e+03,-1.019921616415737446e+02,-2.023805853581181964e+02,1.067364209935523604e+03,5.696405426585367877e+02,2.134662166114125341e+02,1.011918518611432319e+03,-6.395242947726414329e+00,-2.079302922194363816e+02,8.195290117722034893e+02,3.713615636020736019e+02,5.757736165143059281e+01,9.162175505742263795e+02,1.587910868499662786e+00,-2.546817841959813222e+01,9.478479124250145560e+02,1.487679229780181629e+02,1.829073615623002240e+02,9.755083344583482585e+02,6.836240180746192152e+01,-4.213653481719704530e+01,4.815216480575325591e+02,3.608381190310715283e+02,8.809619993239103053e+01,7.145873613921647802e+02,-1.089623688314360850e+00,1.893091147225090509e+01,7.149229166914777833e-01,-2.197485487657497671e+01,1.592106009471210371e+02,3.642179565420270251e+02,2.678902925518369784e+02,-6.929788118710054334e+01,-2.253488970936293612e+01,2.092342137381421026e+02,9.451403485208057020e+01,2.475643197607640218e+02
4.030237757949993807e+02,-3.672624073162897673e+01,1.489180917427528811e+03,1.607882037079021131e+02,-1.629304890820368996e+02,1.280461552730675066e+03,4.055623690745966314e+02,1.139255636293630261e+02,1.219346887169785077e+03,-9.529742400028682425e+01,-1.927515173666624548e+02,1.059925070182035824e+03,5.752033700099686939e+02,2.119941194238329274e+02,9.877772105111129122e+02,-1.684170965396106112e+01,-1.967099067147365190e+02,8.051028614171272011e+02,3.695268044952729838e+02,6.086186725889584892e+01,8.834329629786492433e+02,1.151800448407767963e+00,-2.138200815748477979e+01,9.442176003937413498e+02,1.453211087573295401e+02,1.881895344318659227e+02,9.663544289245156733e+02,6.856135708588602995e+01,-3.913601898128753476e+01,4.802940735166068862e+02,3.442070518538749297e+02,9.696700611346032872e+01,6.878326592884772026e+02,-9.761491964807893496e-01,1.912659386128680339e+01,1.318453275339857456e+00,-4.153504100410336264e+01,1.673233163211176588e+02,3.353905785452714099e+02,2.672333013490600706e+02,-6.852580641305652875e+01,-2.228739617942047246e+01,1.946995770852319367e+02,1.086472247198029351e+02,2.195542928810776289e+02
4.169988421443462698e+02,-2.989940675576906770e+01,1.468576752558875341e+03,1.698572435054006746e+02,-1.564316403200841137e+02,1.267605462001271917e+03,4.173219972054969844e+02,1.190730851018722802e+02,1.197693294617714628e+03,-8.782576742855586360e+01,-1.828578622803918847e+02,1.051278872002110120e+03,5.790299724683433169e+02,2.118733560881798326e+02,9.621815578357736740e+02,-2.683503740266137783e+01,-1.839794445740595847e+02,7.923377193323798338e+02,3.678847183799888967e+02,6.528047706165054365e+01,8.495354333689781470e+02,6.099258795430294589e-01,-1.813163997869915178e+01,9.402566254798052796e+02,1.417187135355723058e+02,1.936079360758587029e+02,9.570586750830785832e+02,6.877777950329623025e+01,-3.655981060461706278e+01,4.793012098256435252e+02,3.255505791669705218e+02,1.057192269191701683e+02,6.622996842682649685e+02,-9.629630760350340601e-01,1.862174110396180993e+01,1.884950717859417813e+00,-6.091959643482400821e+01,1.747393434561666368e+02,3.063052800430470484e+02,2.665123043454054255e+02,-6.804893336648268587e+01,-2.217568369061177336e+01,1.804644293520986764e+02,1.215048552441863166e+02,1.938007144533858082e+02
4.304485373690619099e+02,-2.248621052690038269e+01,1.446940563688475777e+03,1.788511521365468013e+02,-1.499117561836888797e+02,1.253861832497759906e+03,4.285533898744750445e+02,1.246832634979212600e+02,1.175348873085026980e+03,-7.995305871609889437e+01,-1.723238369443815259e+02,1.042088208226729648e+03,5.809184499307747274e+02,2.135287380147176748e+02,9.356145652332487543e+02,-3.702739867728378442e+01,-1.694643346914757274e+02,7.813455167828136609e+02,3.667088053938096550e+02,7.145023895569384820e+01,8.143330014137176249e+02,4.793567049730929758e-02,-1.533675339248704361e+01,9.359284863714671019e+02,1.379796320106924838e+02,1.992683255004406817e+02,9.474831106359940804e+02,6.927789136393100478e+01,-3.487406207833802085e+01,4.786546084927088032e+02,3.056208758082286181e+02,1.147837668662103425e+02,6.371964457638406429e+02,-1.143332390939416854e+00,1.769676803092071893e+01,2.390987934033571793e+00,-8.012886741617666075e+01,1.820642125050972595e+02,2.772657067468908849e+02,2.655638159409081709e+02,-6.815198765108735302e+01,-2.228441586802076912e+01,1.663762122549122751e+02,1.334558510583223097e+02,1.697641240302749850e+02
4.433695564710760664e+02,-1.474152846331822531e+01,1.425723893302453007e+03,1.876725878687767306e+02,-1.431398436797881004e+02,1.240027152933567550e+03,4.389004402362618862e+02,1.304827819842959684e+02,1.153146595681974986e+03,-7.211497358618633768e+01,-1.613122934941864912e+02,1.032803256312092344e+03,5.808689729013382248e+02,2.170517821613116212e+02,9.084561421326546906e+02,-4.811565723797676242e+01,-1.535985530273756865e+02,7.718583960925892598e+02,3.659097863925820207e+02,7.983010277154076562e+01,7.775046760250631905e+02,-3.294297358989692337e-01,-1.229571168636244494e+01,9.312214821279914077e+02,1.341677564605656698e+02,2.052557533876370712e+02,9.375016333016134240e+02,7.037964211847848617e+01,-3.429366178473247118e+01,4.783560919472880641e+02,2.854190741705863275e+02,1.246570047811674726e+02,6.118864462158915103e+02,-1.599490809424777282e+00,1.658854624659213428e+01,2.844338100758498911e+00,-9.922291688896206097e+01,1.899918799011645945e+02,2.485937721529811597e+02,2.643589165620387575e+02,-6.886531996204953998e+01,-2.262362451137049746e+01,1.522347511402549003e+02,1.450333311173466484e+02,1.465724634087005143e+02
4.560284011235097523e+02,-7.057195780115391948e+00,1.405917137982306485e+03,1.963908314699455957e+02,-1.360962218655921845e+02,1.226527857460462428e+03,4.482275583029314134e+02,1.363773370778692424e+02,1.131659835214108398e+03,-6.461772363008836351e+01,-1.503851138472211630e+02,1.023486926211281798e+03,5.789861149775953209e+02,2.222859675902965080e+02,8.809291599597938784e+02,-6.038795568359123678e+01,-1.373185860179521853e+02,7.633646831507841171e+02,3.650730289446145207e+02,9.068790701524822850e+01,7.389488283060885578e+02,-2.784801844607500687e-01,-8.314873261670157945e+00,9.261595452718353272e+02,1.303994534687376188e+02,2.115917441996132027e+02,9.271208815766748330e+02,7.227125986956789916e+01,-3.463453599552454421e+01,4.782643101745488252e+02,2.659423730122260849e+02,1.356277124741498596e+02,5.862344891479442595e+02,-2.368435511388259140e+00,1.543726702053981015e+01,3.246883988516158226e+00,-1.181521543409293855e+02,1.988116652998778022e+02,2.206276572992985621e+02,2.630008298222528538e+02,-6.997132922181452841e+01,-2.311774055282280571e+01,1.378649202602432808e+02,1.565297046337468601e+02,1.234144248681292311e+02
4.687762114165214484e+02,1.732776297872572480e-01,1.387663100177332126e+03,2.051817922677474542e+02,-1.290158949263149282e+02,1.213307931568401045e+03,4.566053655224032468e+02,1.424788887793937135e+02,1.111028747936256877e+03,-5.750667126268809426e+01,-1.400646719274523093e+02,1.013872778007744728e+03,5.753313367137160412e+02,2.290231177796428881e+02,8.531713795407988528e+02,-7.339118939042508316e+01,-1.215645868864514796e+02,7.554157620937504589e+02,3.636399716915905742e+02,1.041317675070590809e+02,6.991272299821752085e+02,3.841101944647189459e-01,-3.040067945376064618e+00,9.208249423487409331e+02,1.268143495951316595e+02,2.182238094561005823e+02,9.165612519939852518e+02,7.486964746974798857e+01,-3.531226920609996967e+01,4.781302144223100754e+02,2.479168934731972342e+02,1.475887241636378633e+02,5.607585023196012344e+02,-3.394731802948530053e+00,1.432944614893378699e+01,3.556817422362084979e+00,-1.366490018825108734e+02,2.082413190443543840e+02,1.937522879799890347e+02,2.616476224727556428e+02,-7.110593982591346673e+01,-2.362709229055568372e+01,1.231987229560920980e+02,1.678962789566448066e+02,1.000025208760283135e+02
4.818523253323011772e+02,6.724932824405028597e+00,1.370245228405093940e+03,2.142381271021730527e+02,-1.222741475094705237e+02,1.199952695660537074e+03,4.642105438880817019e+02,1.490281857285144724e+02,1.090958343853421638e+03,-5.056677192625091521e+01,-1.304271324459745074e+02,1.003605592768931842e+03,5.698224572539998007e+02,2.371554910370302025e+02,8.253552380076409918e+02,-8.598212807335741559e+01,-1.068147141810103875e+02,7.478948999544487606e+02,3.611243042251973066e+02,1.201396640066193271e+02,6.591250260044583911e+02,1.706226453872220494e+00,3.386587866646172618e+00,9.153572519522731454e+02,1.235196427482997308e+02,2.250535410274208061e+02,9.062136415447179161e+02,7.782446236221726110e+01,-3.553303090125840669e+01,4.776954940940821643e+02,2.316156510577713732e+02,1.600870033518847606e+02,5.364681032215872847e+02,-4.503732592182002392e+00,1.336152990316034384e+01,3.679599352742569884e+00,-1.542757437967778742e+02,2.177112427029952073e+02,1.683966108687690451e+02,2.604214942044993677e+02,-7.190066886482139807e+01,-2.399964618010405815e+01,1.083153569282514468e+02,1.790044534011189228e+02,7.681295514666672375e+01
4.952866378193427863e+02,1.265269338389273379e+01,1.352444274350456681e+03,2.236975919559809824e+02,-1.161856051770351286e+02,1.185953726586718176e+03,4.711954713770863918e+02,1.562437831788867868e+02,1.070879525687066462e+03,-4.345946170438262612e+01,-1.210454544745030887e+02,9.925205489083767816e+02,5.622599723449268367e+02,2.466717835075326946e+02,7.977513518750399726e+02,-9.680117329751129773e+01,-9.296379932709227489e+01,7.410683294866030337e+02,3.572656726893991959e+02,1.385370083706011997e+02,6.203083325349090273e+02,3.579346550235649627e+00,1.042837085144544496e+01,9.099029341111829581e+02,1.205403002451904086e+02,2.319920657865524163e+02,8.964634421447439081e+02,8.069370335515168335e+01,-3.461958258113594411e+01,4.768097387852195652e+02,2.168428770243051815e+02,1.726204657828160123e+02,5.144324454499369494e+02,-5.435097549662115668e+00,1.264802875196780185e+01,3.500004482272457196e+00,-1.706158752640555463e+02,2.269063566137501766e+02,1.449588782352852547e+02,2.593658497899470490e+02,-7.210733682944579925e+01,-2.413720088153377574e+01,9.341022493034890317e+01,1.900470877376115197e+02,5.490849390673810859e+01
5.089360530932361257e+02,1.829020304403434949e+01,1.333077413413651129e+03,2.336098792158475987e+02,-1.108211608531577212e+02,1.170956975120145671e+03,4.775895758284489148e+02,1.641806771862447079e+02,1.050200263889854796e+03,-3.592294693555334106e+01,-1.113218102525854363e+02,9.808046065217200749e+02,5.524818376644610680e+02,2.575243979286013314e+02,7.706974967918413313e+02,-1.049266656876610995e+02,-7.959075371200972882e+01,7.354002049305640867e+02,3.520778914266713286e+02,1.589503930357106185e+02,5.837653734839573190e+02,5.775535821017803606e+00,1.745700392341372265e+01,9.045339076324013377e+02,1.178074922159917577e+02,2.390219070307179550e+02,8.874758982644178786e+02,8.319999825275401406e+01,-3.231230079115092479e+01,4.755067857633805488e+02,2.031034455085516868e+02,1.850206417104422201e+02,4.952877962471971500e+02,-5.944874262404633569e+00,1.226275900378949579e+01,2.941305771142899594e+00,-1.854904493584719205e+02,2.362019024573316130e+02,1.236939945426045853e+02,2.584688694531244550e+02,-7.166449446785433963e+01,-2.404842628277449279e+01,7.871672562231603365e+01,2.017719563359532060e+02,3.540645027676789880e+01
5.225996912214691292e+02,2.414822444771446897e+01,1.311463607465464065e+03,2.439347432833812377e+02,-1.059269693011355713e+02,1.154875949374822994e+03,4.832728147434278867e+02,1.726922098490592816e+02,1.028548760123796228e+03,-2.792786637591589738e+01,-1.009342437213885972e+02,9.689538477354327597e+02,5.405539138263766290e+02,2.695131556230721799e+02,7.445216007424310192e+02,-1.103302960347386090e+02,-6.636083455681190912e+01,7.312733099397261185e+02,3.458040508121785024e+02,1.808310351872569868e+02,5.499132001323108625e+02,8.021481295768325026e+00,2.408835840395563110e+01,8.991933244315428055e+02,1.151945469924595784e+02,2.462404822088079186e+02,8.790850529083468246e+02,8.540739968277752325e+01,-2.886709729052287798e+01,4.739986888183648830e+02,1.898890138408084738e+02,1.976806753716402909e+02,4.789571545839589817e+02,-5.931161264213840489e+00,1.217392754037189562e+01,2.020677652033717298e+00,-1.990536126621504707e+02,2.467006904019714000e+02,1.046502028389716656e+02,2.577225521246409130e+02,-7.068892568253598085e+01,-2.385887244364897697e+01,6.444526857617466931e+01,2.153743099834615009e+02,1.889716526321775802e+01
5.361166878692823730e+02,3.076400158003544760e+01,1.287625377927241743e+03,2.545552445556837142e+02,-1.009853770093487668e+02,1.137855185633757856e+03,4.880265141711912520e+02,1.815302617312158304e+02,1.005922573510238408e+03,-1.970970516388426574e+01,-9.004282133430163526e+01,9.575540972363983201e+02,5.268664236948853841e+02,2.823157705812254790e+02,7.194918609250279360e+02,-1.138642128594540992e+02,-5.323979762291875062e+01,7.287942257610651495e+02,3.388192641304628410e+02,2.036092435689633362e+02,5.185487811150260313e+02,1.007552918387817620e+01,3.036080635360914926e+01,8.937219961845440821e+02,1.125801186978318782e+02,2.538585276397175221e+02,8.708751807950131933e+02,8.769473550680321239e+01,-2.488115887947001426e+01,4.725876441358240072e+02,1.769480615348456354e+02,2.114576192180584826e+02,4.647498573789096099e+02,-5.506630822518713053e+00,1.224598691158545449e+01,8.707857664979836709e-01,-2.116938568369567406e+02,2.598203904713772090e+02,8.772115951683477419e+01,2.571636358723701505e+02,-6.940468327794413028e+01,-2.376389469199990145e+01,5.079263205666532599e+01,2.320973919518452817e+02,5.170892188024043712e+00
5.493863666404294008e+02,3.855129208917853845e+01,1.262183705250560479e+03,2.652991635673523092e+02,-9.540543751860121802e+01,1.120153838414689517e+03,4.916333963580950126e+02,1.905201289256660573e+02,9.826924451194806807e+02,-1.167023893613994545e+01,-7.911910692991978067e+01,9.470054036987868358e+02,5.120615992895598083e+02,2.956528467777075662e+02,6.958155150868716419e+02,-1.167978876230290979e+02,-4.040421334166383360e+01,7.277645071623168178e+02,3.315176311018225306e+02,2.269204874317263432e+02,4.892805332150448976e+02,1.177801182154377102e+01,3.665374759598910970e+01,8.879647085351552960e+02,1.099014271315034819e+02,2.621340943308983924e+02,8.624177459503450791e+02,9.052827288794919980e+01,-2.095352942118855921e+01,4.715388046172042777e+02,1.644088938860881797e+02,2.272659819938541261e+02,4.517844004654213563e+02,-4.962988526974461578e+00,1.231985358192081570e+01,-2.871138237112381697e-01,-2.237909224942040964e+02,2.766381787785005031e+02,7.278889370748299825e+01,2.568608271328768637e+02,-6.804936724946199433e+01,-2.394186221854160834e+01,3.801277589498459974e+01,2.527439557289494019e+02,-6.580269525513561035e+00
5.623283030352879450e+02,4.768346852126092728e+01,1.236038474186625763e+03,2.759746018909451095e+02,-8.877400552210424678e+01,1.102030122975285167e+03,4.939788034882926695e+02,1.996819485023903553e+02,9.594556150143004061e+02,-4.205207487786051246e+00,-6.857888186337035563e+01,9.373338039791979099e+02,4.968237366518769136e+02,3.094364525108642283e+02,6.736427205109725946e+02,-1.201928730356094945e+02,-2.800912144694498807e+01,7.277725496994620471e+02,3.242010668046412434e+02,2.507506876768405277e+02,4.619759736710486777e+02,1.306569187734922899e+01,4.339845519695256826e+01,8.818917445663446415e+02,1.071668535925090282e+02,2.712495546249198810e+02,8.535176335614460186e+02,9.416971480211724099e+01,-1.739912546890158040e+01,4.709763131565366621e+02,1.526981543885733572e+02,2.455771603665001521e+02,4.394761030196575575e+02,-4.637485276982972415e+00,1.230703107471433455e+01,-1.211367747952386775e+00,-2.354706035806818818e+02,2.973387248114731847e+02,5.984655222173877576e+01,2.568575118799223560e+02,-6.680426627826189190e+01,-2.447192091811652759e+01,2.647543103040565526e+01,2.773279636989028063e+02,-1.722758361611041522e+01
5.748504618023525836e+02,5.803703939048139659e+01,1.209993173442871239e+03,2.864259181256354623e+02,-8.105509861223272594e+01,1.083663629401828302e+03,4.951063887242212331e+02,2.092004621906863804e+02,9.367876090601572514e+02,2.460960936008083522e+00,-5.853803578839161759e+01,9.281821677085501960e+02,4.816436982675965055e+02,3.237550967958692354e+02,6.530244547364858363e+02,-1.244740957319785934e+02,-1.606790578713317430e+01,7.283184944294592924e+02,3.169820964226298088e+02,2.753896444391938303e+02,4.368651296109864006e+02,1.396508682057352857e+01,5.076253924560938202e+01,8.756512239599666145e+02,1.044246342688168880e+02,2.811779711765269099e+02,8.443133568773718025e+02,9.850046291473417170e+01,-1.418956825760429297e+01,4.708502657508462903e+02,1.423060574254156165e+02,2.661188239995069011e+02,4.277997463723395413e+02,-4.754238945804911687e+00,1.221673204511982647e+01,-1.723094662118020759e+00,-2.464999356859819670e+02,3.210651220985089367e+02,4.899237841611746802e+01,2.571173678131199267e+02,-6.577122134052099511e+01,-2.530063178971052906e+01,1.663089360278052808e+01,3.050222609013028432e+02,-2.718698647425218695e+01
5.868743786789189016e+02,6.922770046598833460e+01,1.184477207655006623e+03,2.965981474957094406e+02,-7.262849540477525068e+01,1.065117407987972229e+03,4.952042462324131407e+02,2.192595376476702711e+02,9.149948429905949752e+02,8.369846895136898723e+00,-4.887188860570525151e+01,9.189833114310494011e+02,4.666778202353141864e+02,3.386991649376710711e+02,6.338324648382248370e+02,-1.293923867815747712e+02,-4.546896141599545693e+00,7.289385542019276727e+02,3.097323183529856010e+02,3.012276112147614526e+02,4.142500961605825296e+02,1.458642881747978670e+01,5.850490134356590488e+01,8.695127685241221798e+02,1.017162149943717253e+02,2.916100242648055314e+02,8.351774042992345812e+02,1.030658854917277694e+02,-1.112370416987305966e+01,4.709828240402192137e+02,1.335354671484188600e+02,2.879662587227862218e+02,4.172033832119732324e+02,-5.329534844586314435e+00,1.209465856887625534e+01,-1.770659072047016336e+00,-2.563733038827120367e+02,3.462711623025584231e+02,4.029022664254787855e+01,2.575215021921789571e+02,-6.498180614612968498e+01,-2.627320686587761500e+01,8.868686324878325422e+00,3.344372705734638771e+02,-3.622837953028227531e+01
5.983986023362497235e+02,8.075642867391945856e+01,1.159465003620182642e+03,3.065753101772749005e+02,-6.412617234373975350e+01,1.046345238378320346e+03,4.945317583854982217e+02,2.298728803779069381e+02,8.939914998764022585e+02,1.382320845657493358e+01,-3.948255873880735578e+01,9.092383420400857403e+02,4.517637010019907393e+02,3.541888664966462557e+02,6.157156550300851450e+02,-1.343118683181917561e+02,6.451023864914695594e+00,7.293534666290167934e+02,3.021273949203269922e+02,3.285408076035079148e+02,3.941179648430566544e+02,1.512076788556322882e+01,6.608634656375470229e+01,8.637388479776543591e+02,9.905359581465357621e+01,3.020000846750644428e+02,8.264983134325877927e+02,1.073001077603597651e+02,-8.066862716572465786e+00,4.711616254526325633e+02,1.263809819777052610e+02,3.099882901792001348e+02,4.082856698703936900e+02,-6.190239864751781340e+00,1.193200804888779487e+01,-1.448817562342498144e+00,-2.645185281613549932e+02,3.714219958842922438e+02,3.360967863734518346e+01,2.579271268204642524e+02,-6.440668887347193561e+01,-2.720829718244695883e+01,3.357051444717766397e+00,3.641364287969694260e+02,-4.368879670942348525e+01
6.095304088881539428e+02,9.223087676619311992e+01,1.134604531579475633e+03,3.165555451249677503e+02,-5.613112418811060422e+01,1.027257953672669601e+03,4.933262994230173035e+02,2.408605599304974874e+02,8.733751625060950801e+02,1.928004448031858686e+01,-3.051365927730500616e+01,8.987795221283264482e+02,4.365741633823917027e+02,3.699802285444343397e+02,5.981704299072306412e+02,-1.385898051862298530e+02,1.661878366401405671e+01,7.296428127814515392e+02,2.938123827600811069e+02,3.573912619537653654e+02,3.760327510819926147e+02,1.581501720861354876e+01,7.296066279878532157e+01,8.584667648430928466e+02,9.643687596607274770e+01,3.117398471359654764e+02,8.184920946683780585e+02,1.107853140288411282e+02,-5.065082846584306075e+00,4.712311384305954789e+02,1.205998709190341600e+02,3.313980498223798463e+02,4.014762728268038927e+02,-7.085333889234250115e+00,1.163002795334452699e+01,-9.617440127223785273e-01,-2.704860683660552354e+02,3.957121750025380038e+02,2.858048164913977374e+01,2.582497078793430774e+02,-6.395088674990802247e+01,-2.797368922777325650e+01,-7.674587377167529922e-03,3.931906858692876767e+02,-4.891257508337852045e+01
6.204308273098649806e+02,1.035644470868356564e+02,1.109470638898469133e+03,3.267575835977884253e+02,-4.888367455585478183e+01,1.007834240777213836e+03,4.917368214451473136e+02,2.520154205093602684e+02,8.526630539944021621e+02,2.519404962484693300e+01,-2.232192176714799103e+01,8.879018487846295784e+02,4.208280058599490872e+02,3.858747103446713709e+02,5.807287140418260378e+02,-1.418357337852469300e+02,2.557013740022730275e+01,7.303625302176961895e+02,2.846275521841128580e+02,3.876585950307776329e+02,3.594299890125275283e+02,1.689724203114767320e+01,7.887195532785453622e+01,8.536673687918287214e+02,9.388955687821862739e+01,3.204032836980010188e+02,8.111443769228615110e+02,1.133980997496506404e+02,-2.256494383619863431e+00,4.711433244359736818e+02,1.159071747171969378e+02,3.521000449699777732e+02,3.968982524178496760e+02,-7.817626798485187933e+00,1.105550764619457027e+01,-5.379176319108647242e-01,-2.740206174637802974e+02,4.194525307009916446e+02,2.469882937324995709e+01,2.585112529599958862e+02,-6.345416638651700936e+01,-2.852400410562869126e+01,-1.480321812964891404e+00,4.215396574297641905e+02,-5.163940290136544320e+01
6.311893737007430900e+02,1.150401576093261440e+02,1.083797148508026794e+03,3.373013870834901695e+02,-4.214012357546786092e+01,9.882107495519950362e+02,4.898130948996105758e+02,2.633484933138332735e+02,8.315468475049974586e+02,3.185882979973693807e+01,-1.523371202828604787e+01,8.773012003385109665e+02,4.044567570448455740e+02,4.019730341320602633e+02,5.631752027859824921e+02,-1.439766110815525053e+02,3.304574929162840391e+01,7.324806434719653225e+02,2.747545655466291237e+02,4.191405969939807505e+02,3.440852347867136132e+02,1.846199513105619516e+01,8.400121832674436462e+01,8.491866559600136952e+02,9.147130650821902975e+01,3.279591649091654517e+02,8.042773873869904264e+02,1.152849592692300575e+02,3.305374747010476622e-01,4.709551110913819230e+02,1.121436213203230778e+02,3.726530989261856348e+02,3.944207359578268779e+02,-8.319777276115642550e+00,1.014187797985034578e+01,-3.253437462846806572e-01,-2.750201777012165394e+02,4.439336061467809031e+02,2.149606389439014364e+01,2.588199978619910553e+02,-6.272737628680307864e+01,-2.888664375642130366e+01,-1.247313794709906443e+00,4.499929831418270396e+02,-5.214421857800444116e+01
6.417118098997020752e+02,1.271906091597601574e+02,1.057562669288431380e+03,3.481315949852388485e+02,-3.524730102730349302e+01,9.686725483795160017e+02,4.875447589978508063e+02,2.752202470771925960e+02,8.100131778647560168e+02,3.933197150631936978e+01,-9.285414315667761542e+00,8.678405819286713268e+02,3.876557212276038626e+02,4.187550041270117163e+02,5.456731507681026869e+02,-1.451811462016963219e+02,3.902611022033219257e+01,7.370801916054771254e+02,2.646547462832942301e+02,4.516607693079558317e+02,3.303808734439604677e+02,2.037641828771798203e+01,8.890672253974055650e+01,8.448256393976753316e+02,8.924872390263470834e+01,3.348441244536143699e+02,7.976598564107833909e+02,1.167161268911515037e+02,2.914195382199707751e+00,4.707843241240265115e+02,1.092921423572220192e+02,3.938957597115446561e+02,3.937806989981494326e+02,-8.644332356468645173e+00,8.950423590945883134e+00,-3.132029821883348109e-01,-2.734721688584291996e+02,4.708293377959153077e+02,1.863723986532507482e+01,2.592920473756745423e+02,-6.162933860511241591e+01,-2.911476956282757911e+01,7.331346569411756331e-01,4.798590547345328332e+02,-5.110619363018130912e+01
6.517077858914004764e+02,1.405552421697699685e+02,1.030905990222941909e+03,3.590299593871665138e+02,-2.738767899391617888e+01,9.495219690783455917e+02,4.849149892283222698e+02,2.882283695541426596e+02,7.882748324789824892e+02,4.747168626341355946e+01,-4.141631327541436036e+00,8.602426170061403354e+02,3.708117366587269998e+02,4.368899184781450344e+02,5.287334134290354086e+02,-1.457297775539278462e+02,4.368125175583305264e+01,7.449323131178423409e+02,2.548021843936065522e+02,4.851620355290829707e+02,3.191687377585208196e+02,2.228288154872697291e+01,9.431261709968157447e+01,8.404069806946667995e+02,8.724476913064752637e+01,3.418422944869681714e+02,7.910823293568787449e+02,1.179224321839676435e+02,5.905656022971574437e+00,4.707482851688261007e+02,1.073392098380268749e+02,4.164650583983297452e+02,3.946538761917695979e+02,-8.895568138934384805e+00,7.639152306448547591e+00,-3.261745500499196870e-01,-2.694470048889503460e+02,5.014296442837203358e+02,1.588934740264148182e+01,2.599627817083806463e+02,-6.014911178414108406e+01,-2.924572464162392293e+01,4.715899977385189068e+00,5.123627997202341930e+02,-4.932116722756701677e+01
6.607985283263992642e+02,1.554544117344648555e+02,1.003962780934099897e+03,3.697061787539243483e+02,-1.787498286182367124e+01,9.308984549173675305e+02,4.819297595389710978e+02,3.028951272679090039e+02,7.665907360745057986e+02,5.605839457369852852e+01,7.685060487454774547e-01,8.548393369150952594e+02,3.543669621202021176e+02,4.568891256500717191e+02,5.130579340331063349e+02,-1.458801191904807411e+02,4.723850322241494837e+01,7.561573294910767800e+02,2.453811088365889646e+02,5.197787151826904619e+02,3.113549699075238664e+02,2.372785980969312547e+01,1.008593923856931411e+02,8.358059211512170350e+02,8.540946652454054799e+01,3.498102592983465797e+02,7.843791213900956336e+02,1.190028431984889750e+02,9.689166588275591963e+00,4.709101637479195119e+02,1.061000103896386833e+02,4.404796362470655708e+02,3.966519891304192811e+02,-9.159398402002258521e+00,6.362307895188249240e+00,-1.075361771937294597e-01,-2.631420576735612258e+02,5.360685544365126134e+02,1.301462753437373365e+01,2.607438868657392845e+02,-5.844256321673232435e+01,-2.929474151241862145e+01,1.100187502398212480e+01,5.481207647758952817e+02,-4.741292414789413812e+01
6.686785419414528633e+02,1.719072593277572878e+02,9.767628332990584568e+02,3.799086139346379127e+02,-6.370617722409784633e+00,9.126773241426137702e+02,4.786077403929465390e+02,3.193519631813625779e+02,7.451198578075269552e+02,6.492877082278779710e+01,6.018057309783199749e+00,8.514825713924778938e+02,3.387060010905091190e+02,4.788364786617207756e+02,4.993487492711500408e+02,-1.457421006867924120e+02,4.990060409326186175e+01,7.701673215532032373e+02,2.361777131028728434e+02,5.558516151599676505e+02,3.075311933550022445e+02,2.436673889403939697e+01,1.089244292895710373e+02,8.309546176070155070e+02,8.363855636293304485e+01,3.593699249865683782e+02,7.774287244478950925e+02,1.199289543290042701e+02,1.439072488858328924e+01,4.712514471514559773e+02,1.051567526092465101e+02,4.655456969849175266e+02,3.993105658411981267e+02,-9.471864751427940377e+00,5.178599555012469935e+00,5.443861022445825038e-01,-2.548914351855255802e+02,5.740085937861683760e+02,9.701344756474771458e+00,2.614559108223884891e+02,-5.679336971811900980e+01,-2.928197767608078905e+01,1.975437969825352624e+01,5.869176540402605724e+02,-4.566268962774602613e+01
6.752267403232962124e+02,1.897234551613968847e+02,9.492702140458358144e+02,3.894917850573979763e+02,7.060559574961532192e+00,8.945357301590946690e+02,4.749485764150007867e+02,3.372371753322468635e+02,7.239088875846289284e+02,7.405159070999177118e+01,1.201232675471254474e+01,8.496415644723603009e+02,3.241207527204388725e+02,5.023789054623346715e+02,4.881590600226980428e+02,-1.451783182713855069e+02,5.186132104019582556e+01,7.859240109615102483e+02,2.267750178354209538e+02,5.938323657435395262e+02,3.078887355210595160e+02,2.413887523316159189e+01,1.185710437394773464e+02,8.258377598727558961e+02,8.182802599137390587e+01,3.707133857729319288e+02,7.701672374673099739e+02,1.206143905041345050e+02,1.980505076594410596e+01,4.716782120029668590e+02,1.039739620844572840e+02,4.910534142432652516e+02,4.021361254997849528e+02,-9.827590045065340618e+00,4.038463671468994320e+00,1.661977380094243006e+00,-2.450661257165905340e+02,6.138104296192507263e+02,5.602715188642410915e+00,2.619194174529033603e+02,-5.550909037608550278e+01,-2.926168308622588299e+01,3.093168917420614861e+01,6.278763928702165913e+02,-4.400602900225968739e+01
6.805018951270255911e+02,2.086865979707662575e+02,9.215301433773468034e+02,3.984144838013517074e+02,2.205984822747122465e+01,8.761583608672367518e+02,4.709133281435152867e+02,3.558872516869748210e+02,7.029981265412723133e+02,8.351883036899560864e+01,1.894637029892303559e+01,8.486283717915723628e+02,3.108384368550575232e+02,5.269766157889853275e+02,4.798055762159105484e+02,-1.437612226823660819e+02,5.334075524249299605e+01,8.023604925213057868e+02,2.169308146084959787e+02,6.340606050272334642e+02,3.123845005045417338e+02,2.331684765978182838e+01,1.296212592349329782e+02,8.204848083789228212e+02,7.992501482570425253e+01,3.836055548537183313e+02,7.626142616329949533e+02,1.209947912314736271e+02,2.553766249363778940e+01,4.720568876786427950e+02,1.021212800436570092e+02,5.165715421722220526e+02,4.047165528707919293e+02,-1.020163156033414786e+01,2.857561931371796149e+00,3.086832397819575746e+00,-2.338819338900485150e+02,6.539785646146132194e+02,4.603518810652080795e-01,2.620492475096510816e+02,-5.479704917752286519e+01,-2.932116698330601423e+01,4.436551823331566879e+01,6.699104458501208228e+02,-4.217095492432986958e+01
6.846441592635648021e+02,2.286962365080653399e+02,8.937974319701623926e+02,4.066893581685857839e+02,3.818079662539621211e+01,8.574506427705522356e+02,4.664396133753411391e+02,3.747092175250350010e+02,6.825370307244296555e+02,9.347944937036382385e+01,2.682731031771965391e+01,8.478440454486326416e+02,2.990509522453972409e+02,5.522402730766103787e+02,4.743232233028255678e+02,-1.408131925679813037e+02,5.452542287038497903e+01,8.187359489230307190e+02,2.068641824409981496e+02,6.764845988033048343e+02,3.209263222480137756e+02,2.240096270531426015e+01,1.417965929877817644e+02,8.149513182905902795e+02,7.794149285005096317e+01,3.975658382766500836e+02,7.548791545842574351e+02,1.210781786321194176e+02,3.126287839334253960e+01,4.722644666403032261e+02,9.945563962624660803e+01,5.421061258662156206e+02,4.068305060326695752e+02,-1.056053002955703235e+01,1.614936815949983950e+00,4.556598957870163780e+00,-2.212342840790575167e+02,6.935492626623679371e+02,-5.778858490797568415e+00,2.618940675033036314e+02,-5.467632398322520260e+01,-2.954501448143127362e+01,5.990089160586362738e+01,7.122051932572775286e+02,-3.987333863416874635e+01
6.877699759348020052e+02,2.497736726791091542e+02,8.665324403139682090e+02,4.143292105526746809e+02,5.508072389805118974e+01,8.386192429077232191e+02,4.614862483156406938e+02,3.935030239469559774e+02,6.628014442394101025e+02,1.040719731422018270e+02,3.546316051589564466e+01,8.469513070953557872e+02,2.888961640624472125e+02,5.781380881190455057e+02,4.714554553651452125e+02,-1.355241841496148822e+02,5.538823228757922124e+01,8.347652008972170279e+02,1.972287518229474017e+02,7.204743017871694519e+02,3.333777179875684169e+02,2.191111053202546799e+01,1.548509787904692701e+02,8.092853953894849610e+02,7.592836422812466424e+01,4.121213561621169674e+02,7.471204847296431808e+02,1.209537308186909286e+02,3.691838641116248709e+01,4.722313993192638009e+02,9.614412996236173115e+01,5.680851785233504643e+02,4.084794703724915621e+02,-1.086218530425569639e+01,3.946810912033824614e-01,5.845510217898596927e+00,-2.067028499989003762e+02,7.323374886981728196e+02,-1.293619428821602035e+01,2.615995742913545996e+02,-5.496634808721812249e+01,-2.997094563019021862e+01,7.746875579584951765e+01,7.544754063396084121e+02,-3.696789503696298596e+01
6.899399922233261577e+02,2.719330202147692717e+02,8.402558724369878291e+02,4.213252825945316431e+02,7.260199090318502613e+01,8.200781436059625094e+02,4.560796737691468365e+02,4.125382329898536682e+02,6.440960048040644779e+02,1.153990460049318187e+02,4.440423887184161345e+01,8.459320901323685575e+02,2.803972169621549142e+02,6.049573744061274283e+02,4.707108156682373874e+02,-1.271119739154670185e+02,5.550279576052714958e+01,8.505183295588595911e+02,1.887774107811364672e+02,7.648791609783356762e+02,3.493972523637535801e+02,2.217701220171068499e+01,1.686412038473530686e+02,8.034910627445070759e+02,7.393576491842829057e+01,4.270023054439599264e+02,7.394686203802190221e+02,1.207674374934988322e+02,4.271375844171062397e+01,4.719560269565033650e+02,9.251510861911435768e+01,5.951039069873623930e+02,4.098201652340320038e+02,-1.106256339370626129e+01,-6.637269905877450915e-01,6.869161592759502888e+00,-1.897811479697610366e+02,7.707562661174059713e+02,-2.067811542842220263e+01,2.613219474509036786e+02,-5.535562303894217706e+01,-3.057028185634684547e+01,9.701391494199620524e+01,7.968872452921277727e+02,-3.348209232408283498e+01
6.912079911293030818e+02,2.950144966722862705e+02,8.153708359617658061e+02,4.276618428747659095e+02,9.072435847963724598e+01,8.022655383394210276e+02,4.503329094291121919e+02,4.323534998149187345e+02,6.266308121523105683e+02,1.275447684874352205e+02,5.293940974250213571e+01,8.450415529802834271e+02,2.734124726412999280e+02,6.330727384888199367e+02,4.715228519231932296e+02,-1.149834159114559213e+02,5.403436026006927762e+01,8.662056269075485488e+02,1.819492259309753592e+02,8.083810041957716521e+02,3.683180824555402069e+02,2.322303461438151473e+01,1.831316057480840982e+02,7.975100433719146622e+02,7.198807052005308549e+01,4.422029088402009052e+02,7.319555163123039847e+02,1.206790366953702858e+02,4.897569509205190030e+01,4.714803342360451666e+02,8.883068515815193678e+01,6.236049115892670898e+02,4.110491975745580362e+02,-1.113940802856020085e+01,-1.466500198794360443e+00,7.691542830434598521e+00,-1.702359296910549062e+02,8.093549386329037816e+02,-2.863375046582330441e+01,2.611462883481815425e+02,-5.551416128916850568e+01,-3.126489489071275685e+01,1.183095122838129498e+02,8.397317292047080173e+02,-2.952373124842074503e+01
6.916872308058007093e+02,3.186154083630179912e+02,7.920907477932985330e+02,4.333453223051141094e+02,1.094629104929673105e+02,7.855107155037892426e+02,4.444264395954546671e+02,4.534272087976045782e+02,6.104881441572146059e+02,1.405988253981821856e+02,6.027185958164552204e+01,8.446990159399350659e+02,2.676481348369151192e+02,6.626901703582792607e+02,4.734922969661660659e+02,-9.886413371044382359e+01,5.002044455367778397e+01,8.819891398410308057e+02,1.766623844505424756e+02,8.500205434303148877e+02,3.892590984736536939e+02,2.479382523016631978e+01,1.983728761227837367e+02,7.912363305629750130e+02,7.008233096760054082e+01,4.579174348186194266e+02,7.244958513401517166e+02,1.208127217161715521e+02,5.596812086227475191e+01,4.708363364503021558e+02,8.511567650822196640e+01,6.536864795653406190e+02,4.123189614010394735e+02,-1.111629552352644623e+01,-2.036043343318246546e+00,8.441696570377910547e+00,-1.483947699368693520e+02,8.483590293950197747e+02,-3.646798626802353027e+01,2.610578290602123843e+02,-5.519396153572780861e+01,-3.196514484264719158e+01,1.407790604567522053e+02,8.830730829235697001e+02,-2.512547528088689930e+01
6.915612072465642086e+02,3.422065124679315318e+02,7.705218251652174786e+02,4.384226843023052425e+02,1.288206226250273971e+02,7.700305635136603541e+02,4.385646848451830806e+02,4.759380599249280408e+02,5.957135069805501644e+02,1.546531292341336155e+02,6.588252282785099112e+01,8.453597748736832500e+02,2.627439278015271498e+02,6.937294257471558012e+02,4.766003014949575913e+02,-7.886869101406338700e+01,4.288150529851029091e+01,8.979060737996840089e+02,1.724412105011208780e+02,8.896347220808791008e+02,4.114524814440163141e+02,2.650039740260608312e+01,2.144943584068978737e+02,7.845596880413883127e+02,6.819806772472330181e+01,4.744200587208113120e+02,7.169306699790588482e+02,1.212136137395110467e+02,6.382250325777486921e+01,4.699907395171810549e+02,8.113748718349349076e+01,6.851264158208409754e+02,4.137208012895595175e+02,-1.105569423339767887e+01,-2.492920625602389251e+00,9.206923354997284648e+00,-1.251845201232115130e+02,8.874582177225582882e+02,-4.387409919687397064e+01,2.609789276491318333e+02,-5.427614600404069733e+01,-3.260254564636097285e+01,1.634503311133685486e+02,9.265900051921171325e+02,-2.013425723770190245e+01
6.910237265647806453e+02,3.654073546931570604e+02,7.508103014080909361e+02,4.429792312090784208e+02,1.488472533456465214e+02,7.560171192383512562e+02,4.329352651696194130e+02,4.997529662337648233e+02,5.824451460699576728e+02,1.697767069477685027e+02,6.991837163111902953e+01,8.474005911758889624e+02,2.583967503771111183e+02,7.258933005042913464e+02,4.812466334807488693e+02,-5.548004492475939031e+01,3.293287837775987015e+01,9.138974561464348199e+02,1.687652374590526279e+02,9.279425651510160833e+02,4.345676832253757880e+02,2.801447088773042182e+01,2.317105484556615238e+02,7.774180080632596628e+02,6.630222160285252642e+01,4.919575793467495259e+02,7.091066071890296598e+02,1.218245586174743380e+02,7.260832799295241102e+01,4.688194369772760410e+02,7.653433581307542966e+01,7.175619193202956012e+02,4.153057745184452756e+02,-1.100934237336139709e+01,-2.959796366089240127e+00,9.977818993828533323e+00,-1.018911831816564444e+02,9.259142750419509866e+02,-5.052557208157617197e+01,2.608446172381305814e+02,-5.276186083849406572e+01,-3.314085248971792907e+01,1.850766046648572285e+02,9.696926104662724129e+02,-1.423344683146351741e+01
6.902019171109575382e+02,3.882797412305775993e+02,7.332017027049868148e+02,4.471225466010663467e+02,1.697540100935306100e+02,7.437041759060516597e+02,4.276931925346236767e+02,5.246154492741731019e+02,5.709500482611525740e+02,1.860113591325455502e+02,7.336344675091449119e+01,8.510381943554434656e+02,2.544701549512172676e+02,7.588393168851436030e+02,4.880492931488010413e+02,-2.941681557860647089e+01,2.161729730278070249e+01,9.298631573057850801e+02,1.653873234369803242e+02,9.661887291897294290e+02,4.587992215075758509e+02,2.922309123263748276e+01,2.503071404268113724e+02,7.698329634624977871e+02,6.434491714531924345e+01,5.106818006913200065e+02,7.009476908429423929e+02,1.224969329224241363e+02,8.246134500597989359e+01,4.671276940993396352e+02,7.099775387152082828e+01,7.506808292872919992e+02,4.170913142886437868e+02,-1.095380478400934265e+01,-3.454186179343877505e+00,1.067695499631235734e+01,-7.978012289217230091e+01,9.628679863881900474e+02,-5.606355996407019404e+01,2.606677500805039358e+02,-5.073755155684204965e+01,-3.356720515856773801e+01,2.043500607970546810e+02,1.011824970891627572e+03,-7.101682190272692985e+00
6.891308556159549426e+02,4.114564834877780868e+02,7.179376859897326995e+02,4.509626576080117388e+02,1.919725675670606790e+02,7.333340848511769536e+02,4.229718818435436560e+02,5.503797411992266007e+02,5.615112552472685366e+02,2.034171940751749901e+02,7.784268812947253480e+01,8.562939103091468951e+02,2.510504734839443870e+02,7.923083027018066105e+02,4.975010382586824562e+02,-1.411038809748738521e+00,1.128885900371711770e+01,9.456622819520875964e+02,1.624220148999258413e+02,1.005499537047429044e+03,4.846702574224716500e+02,3.027881152284196276e+01,2.705757993502950853e+02,7.619097549772188813e+02,6.225578008485468473e+01,5.306106454010546258e+02,6.924869999571210428e+02,1.230389396790677665e+02,9.365368817834925608e+01,4.647058894746660940e+02,6.439323224586713934e+01,7.843046050640781459e+02,4.190374538153640742e+02,-1.076035105080943133e+01,-3.839299123668140190e+00,1.124275636459000083e+01,-5.978751509916280327e+01,9.976377271392947250e+02,-6.016530610767298981e+01,2.605526961603630411e+02,-4.834784865523454300e+01,-3.387676117190667213e+01,2.200884954051380760e+02,1.052762975684323237e+03,1.378191730379909830e+00
6.877993729975919450e+02,4.359880879304527070e+02,7.050696386855420315e+02,4.545914163912173080e+02,2.160779803172744380e+02,7.250496469715516241e+02,4.189014723997419196e+02,5.771241421901706872e+02,5.542436407591437728e+02,2.221351220733452863e+02,8.511754748654402647e+01,8.630161230987083627e+02,2.484324888910004461e+02,8.261119139893363581e+02,5.096876138771020806e+02,2.801661588203529973e+01,4.598231935654170321e+00,9.610514532987436951e+02,1.601918684037216281e+02,1.046269407168713087e+03,5.127116354588409877e+02,3.152801292125942467e+01,2.927080492500398918e+02,7.537958952278930838e+02,5.995362545492398709e+01,5.516085149876878404e+02,6.838466603768609957e+02,1.232875323401898413e+02,1.065446980513637669e+02,4.613917179105977766e+02,5.676436103681292167e+01,8.183457286397969028e+02,4.210224182058212250e+02,-1.022977011196690711e+01,-3.857299707265379851e+00,1.170465281032067395e+01,-4.242919587690991534e+01,1.029865172940915045e+03,-6.267062651767614767e+01,2.606469701914174948e+02,-4.578368613237967111e+01,-3.406450613454430965e+01,2.313278693340028553e+02,1.092745108405896417e+03,1.097237750416577384e+01
6.862247669045868861e+02,4.629385720253506520e+02,6.943566855271308214e+02,4.580600625982213501e+02,2.425952503315354818e+02,7.188117700733816946e+02,4.156101622273650378e+02,6.050773825571777707e+02,5.489839808134325949e+02,2.423838152939436839e+02,9.651367709134399320e+01,8.709607972304049781e+02,2.470341357467778778e+02,8.600010335382305584e+02,5.242346732131309182e+02,5.866678890412825353e+01,3.729266825053388690e+00,9.756367470749582935e+02,1.589814505331225405e+02,1.087878156155263696e+03,5.432293897241947889e+02,3.334957508508070845e+01,3.167023450560608353e+02,7.456103726655743458e+02,5.737217893424035253e+01,5.734068040734210854e+02,6.751724437077400580e+02,1.231749217539439343e+02,1.214395658884176186e+02,4.571082650911549194e+02,4.825726561333438980e+01,8.527176663761611053e+02,4.228558796131541158e+02,-9.179382316900239758e+00,-3.217778395867489927e+00,1.219520382589666241e+01,-2.792520996075848672e+01,1.059505662806190912e+03,-6.369532326183317394e+01,2.610557798007923793e+02,-4.326838967018952076e+01,-3.412981636122958662e+01,2.373454337478891887e+02,1.132392538255885938e+03,2.107037074322808579e+01
6.844968515582211239e+02,4.929142855850313367e+02,6.853582039164209618e+02,4.613593196912688086e+02,2.718023782180309240e+02,7.144250374346555645e+02,4.132019448610715813e+02,6.344270807021938481e+02,5.453498010372528597e+02,2.643353337890635544e+02,1.125541770823233065e+02,8.799033217264852738e+02,2.472574645166676532e+02,8.935424013378627706e+02,5.404943290157469846e+02,9.058860046090251217e+01,9.806726303057141436e+00,9.889230673500925377e+02,1.588739777684928072e+02,1.128862243171833597e+03,5.762517493241612101e+02,3.597198784693047457e+01,3.423471095333859466e+02,7.373690451542609026e+02,5.449033293755368135e+01,5.956992321813266926e+02,6.665437925339285812e+02,1.227576475599904882e+02,1.384428970291994574e+02,4.518600608753487222e+02,3.904730083866220980e+01,8.872934647348737371e+02,4.243369387866027864e+02,-7.533897357713461140e+00,-1.690326205842725305e+00,1.288884381811418045e+01,-1.640494165512621194e+01,1.086756795750178298e+03,-6.366258249914340439e+01,2.617685226220011145e+02,-4.102485696793391412e+01,-3.408976390600271600e+01,2.376884932711483316e+02,1.172487134713249588e+03,3.076379666164808313e+01
6.827663673551633110e+02,5.257709538716964062e+02,6.776796008477670057e+02,4.644127285924566308e+02,3.036548684152172086e+02,7.116640390432906997e+02,4.117288982234646824e+02,6.651542404431702380e+02,5.429396540667020190e+02,2.879132375876443461e+02,1.329473075326282299e+02,8.897311093485819811e+02,2.493410565813738913e+02,9.261384729007734222e+02,5.578363452454366325e+02,1.238679028282275567e+02,2.270594701264642268e+01,1.000460777038244146e+03,1.597469968093259638e+02,1.167436421051524349e+03,6.115837728075425730e+02,3.934874823147116985e+01,3.693044287485713539e+02,7.289403996100468248e+02,5.134884469860124767e+01,6.183098819223222335e+02,6.578956333109362049e+02,1.221903588514449552e+02,1.573959168989844386e+02,4.456869428046714461e+02,2.931665115616332784e+01,9.219454919120424847e+02,4.253258550210613294e+02,-5.366635609348731961e+00,8.412422783126609627e-01,1.390423602860084706e+01,-8.018714190056197566e+00,1.111996823430403992e+03,-6.322450838153576314e+01,2.626458093676040448e+02,-3.922892911111823366e+01,-3.399143020645686164e+01,2.322519391437908496e+02,1.213708418852905879e+03,3.898295423127665060e+01
6.811994353007860354e+02,5.606629157795165384e+02,6.712115622010485367e+02,4.670899721767775077e+02,3.378736861104192712e+02,7.104131920523242343e+02,4.111847435205426109e+02,6.970033653635387054e+02,5.415520017413231244e+02,3.126484681319646484e+02,1.568896893387037039e+02,9.004686316415391047e+02,2.532726798440950233e+02,9.572184864172584184e+02,5.758778703304209330e+02,1.584154364200826706e+02,4.130897094966910998e+01,1.009986239614259148e+03,1.613817238284088091e+02,1.202110618951257948e+03,6.488424552778650423e+02,4.315175272761881331e+01,3.972550291790975621e+02,7.200608203809764518e+02,4.804126529279406554e+01,6.413610892804695141e+02,6.489967179900916108e+02,1.216536229270639353e+02,1.779351132376947646e+02,4.385931770658187929e+02,1.925902774484734792e+01,9.566148745736948058e+02,4.257835586872846534e+02,-2.865556762796523493e+00,4.379377222772340872e+00,1.522868105267790995e+01,-2.859230842488739377e+00,1.135710655910811965e+03,-6.309718013811146875e+01,2.634848345053997605e+02,-3.797326186932519221e+01,-3.391329972498925116e+01,2.213685937898564760e+02,1.256393578623217309e+03,4.466398969775777772e+01
6.799376614004249859e+02,5.964129733892789318e+02,6.662049915347311071e+02,4.692334640976570199e+02,3.741217738566665503e+02,7.107224997705163787e+02,4.115312349927738182e+02,7.295886240166381640e+02,5.412932705975978251e+02,3.377202067135790458e+02,1.835097966536043828e+02,9.122170586206231064e+02,2.588182606080216601e+02,9.864844995318910605e+02,5.945653336762708250e+02,1.938959188044466657e+02,6.406565578638036129e+01,1.017428422553621203e+03,1.635835064456457246e+02,1.232138403833508619e+03,6.874258780262745177e+02,4.689378464346756203e+01,4.260175645882246727e+02,7.104149606658045286e+02,4.468215634612597142e+01,6.653241024894343809e+02,6.395150393796700428e+02,1.212712632210711234e+02,1.996396132556470775e+02,4.304833060526908071e+02,9.050122812272610062e+00,9.913284908966860485e+02,4.257505414781487616e+02,-2.419536232457177860e-01,8.857429328704469640e+00,1.670839825659213318e+01,-7.411855384728313068e-01,1.158336603575984782e+03,-6.387169446717012278e+01,2.641312795322311331e+02,-3.726300660478941040e+01,-3.395074629494146023e+01,2.058284061204042246e+02,1.300350513093904738e+03,4.693870334985168569e+01
6.790862614967635409e+02,6.320036481109411852e+02,6.631357791103822592e+02,4.706813448934246367e+02,4.121352695619652309e+02,7.127411364469611499e+02,4.127439608366081529e+02,7.625421424427073589e+02,5.425221811933561185e+02,3.621894039050806100e+02,2.122489639238607992e+02,9.250321317909279060e+02,2.656598767314474117e+02,1.014036433603311821e+03,6.141281948341749057e+02,2.298435249494330321e+02,8.961219918493699765e+01,1.022744303146850370e+03,1.662284067984070361e+02,1.257654228553598841e+03,7.264867022449905107e+02,5.013552712308046466e+01,4.555642814823951312e+02,6.997508493354775965e+02,4.137095616144649313e+01,6.908726323641974432e+02,6.291612994479928602e+02,1.210608769059523695e+02,2.221895853687369140e+02,4.211381285782345003e+02,-1.241294811329899384e+00,1.026128561318450238e+03,4.252769098827721450e+02,2.371169917833995555e+00,1.420080588475019745e+01,1.811094683902803837e+01,-1.003475140406928201e+00,1.180041200912990007e+03,-6.587623892406107018e+01,2.645692896897082846e+02,-3.704142936141181508e+01,-3.418930493540776894e+01,1.867738617222043445e+02,1.344771304344952341e+03,4.531772379060760159e+01
6.787246225684447154e+02,6.669313645528968664e+02,6.624495698392124723e+02,4.712749995682106032e+02,4.517209457810354820e+02,7.165710658943818316e+02,4.148486896398952126e+02,7.955993934953825146e+02,5.456793291075426851e+02,3.852909631437647704e+02,2.430406032258569837e+02,9.387940776187748497e+02,2.735521411217530954e+02,1.040281990994261150e+03,6.349764341605160780e+02,2.658864582484630432e+02,1.172065148452252004e+02,1.025689880471469223e+03,1.691967854541959468e+02,1.279523508200092692e+03,7.650108436321787622e+02,5.269618264601551516e+01,4.859249359567918987e+02,6.879709952190852391e+02,3.817343335513498204e+01,7.185728796846512978e+02,6.178543614120667371e+02,1.209446144967895265e+02,2.454647706863798078e+02,4.102470492468017937e+02,-1.175049049547321367e+01,1.060958626102340304e+03,4.243516212852193235e+02,4.987566444328638937e+00,2.037492938648898289e+01,1.923114090416155264e+01,-2.503350861424479490e+00,1.200555575812213874e+03,-6.914249803920813520e+01,2.649289125592716232e+02,-3.721984932541760571e+01,-3.467821269116032568e+01,1.655037438073504177e+02,1.388326324345048761e+03,3.979620673855720980e+01
6.789204261964299576e+02,7.012569894316047794e+02,6.643434965395792915e+02,4.708559916199932900e+02,4.926421891536037947e+02,7.221272729741484682e+02,4.179219073570153569e+02,8.285827568100913822e+02,5.511103851875735700e+02,4.065996474946139188e+02,2.762461029301821327e+02,9.531258079250675337e+02,2.823684234213619106e+02,1.065691793989814641e+03,6.575933457084416887e+02,3.019388698887653391e+02,1.468401039094672456e+02,1.025715590171117583e+03,1.721957829163729627e+02,1.299034111229385644e+03,8.020164308664377586e+02,5.478378228073010092e+01,5.170543876696184498e+02,6.751430719484310430e+02,3.513011992458953614e+01,7.485603345221055633e+02,6.058266526650793367e+02,1.208163467446079693e+02,2.695558766131109678e+02,3.974845233686698975e+02,-2.282908655961377420e+01,1.095587794525841900e+03,4.228807764104993225e+02,7.784305442792394558e+00,2.740283959066216468e+01,1.999784645394334248e+01,-3.858938333701991574e+00,1.219241214701277386e+03,-7.348105591669430225e+01,2.654022228698622712e+02,-3.768178622911158016e+01,-3.541996373800781583e+01,1.432829884592832741e+02,1.429485690658309750e+03,3.080630079786648778e+01
6.797326543491914208e+02,7.353690545649876640e+02,6.687018503688434521e+02,4.692680847539812135e+02,5.345037894644049175e+02,7.290754248201056953e+02,4.220450770323085976e+02,8.613266420485344952e+02,5.589755035012118469e+02,4.259631521204478304e+02,3.123892694786645734e+02,9.673896171096050693e+02,2.919641446223239996e+02,1.090558359761333804e+03,6.824262882760385764e+02,3.382468526846786290e+02,1.790241097445099285e+02,1.022119537525884994e+03,1.745180584631623333e+02,1.317545217077270536e+03,8.367712870670961820e+02,5.699132992840457490e+01,5.487716056814017520e+02,6.614151573990753832e+02,3.228151143684994651e+01,7.803870763080979032e+02,5.936044810962312113e+02,1.206337915647115580e+02,2.947047498314722134e+02,3.825981528590849052e+02,-3.491925961573689108e+01,1.129625367126878245e+03,4.207244432822865292e+02,1.106752339902852533e+01,3.535687321722379295e+01,2.054576442855918827e+01,-3.843360094488973644e+00,1.235428897151628917e+03,-7.862023736818069608e+01,2.661164262229381734e+02,-3.824986081717857189e+01,-3.638549826771500051e+01,1.212482244844317307e+02,1.466992983180306283e+03,1.900433121796793401e+01
6.811963208223736501e+02,7.696393204621919040e+02,6.751953422569278018e+02,4.663720243824544127e+02,5.767470741351669403e+02,7.368640484564397184e+02,4.272219305520692387e+02,8.936293463031488500e+02,5.692686161479138036e+02,4.432449300747010739e+02,3.517842127403010863e+02,9.807533945985059063e+02,3.019110221113684815e+02,1.114892153321783553e+03,7.097596358923810840e+02,3.752636272661624730e+02,2.143694007075616241e+02,1.014426710131242089e+03,1.748442853479297696e+02,1.336131478969621639e+03,8.688938257533027354e+02,6.015733301097557018e+01,5.808319288301106553e+02,6.468816281310942031e+02,2.968773379620323638e+01,8.131421089776274584e+02,5.818560783074664187e+02,1.204910648711121723e+02,3.212106005563814506e+02,3.654763963126786166e+02,-4.833479878036678201e+01,1.162615506039968523e+03,4.177488911812101264e+02,1.519489214773964036e+01,4.434857146756564816e+01,2.123179621793116567e+01,-1.744262620629612126e+00,1.248877296255742522e+03,-8.433790004898511938e+01,2.670297928252830388e+02,-3.863197223175059491e+01,-3.755087846674650365e+01,1.004215013979210767e+02,1.500287013031184188e+03,4.982302183838435816e+00
6.832850142076463271e+02,8.041962348222372157e+02,6.834601497776493488e+02,4.620640871474894880e+02,6.187853652663105777e+02,7.448192371212426224e+02,4.332842983695161934e+02,9.252995542075665298e+02,5.819025226515110489e+02,4.580423809738425689e+02,3.941804017926760366e+02,9.922811414142547619e+02,3.112633054244985260e+02,1.138477398947381971e+03,7.395823013381470901e+02,4.134122709109460629e+02,2.531576594225302301e+02,1.002793500657091954e+03,1.712363900886432759e+02,1.355226892379763967e+03,8.982833286700381450e+02,6.514352402474128212e+01,6.131036618760957708e+02,6.314853351479879393e+02,2.742363615714893399e+01,8.457988471440455669e+02,5.711677154599144615e+02,1.206309429005192300e+02,3.493412545058836258e+02,3.461789559314798339e+02,-6.307497150690427645e+01,1.194157427024285425e+03,4.138351210275608878e+02,2.046786695115259747e+01,5.454321197583303871e+01,2.259031258773264739e+01,2.470347864944086869e+00,1.260085268557857034e+03,-9.052553119206322663e+01,2.678831586572407559e+02,-3.838224458918340787e+01,-3.893749608888384017e+01,8.175705943166518352e+01,1.529645327613349764e+03,-1.094131379855145525e+01
6.858547890504313500e+02,8.389423114948701823e+02,6.932517986936134093e+02,4.562874692521261295e+02,6.602062908303406630e+02,7.522503286404900109e+02,4.398190354544245793e+02,9.563028804261257392e+02,5.967923951597483665e+02,4.695780295264374331e+02,4.385549640749687228e+02,1.000980974720598851e+03,3.185179610297019508e+02,1.161005298883931346e+03,7.714993549203198882e+02,4.528286765175999449e+02,2.951131622108991337e+02,9.881737656598646709e+02,1.614263835849338022e+02,1.374334722472060776e+03,9.249413085745328544e+02,7.261364610610277737e+01,6.457487010273686110e+02,6.150254597182248517e+02,2.554588425877555835e+01,8.776192816581555007e+02,5.618453588063857751e+02,1.213767412014997120e+02,3.792764192611646195e+02,3.249285980940477430e+02,-7.879283595998971634e+01,1.223991759625045006e+03,4.088284425692777404e+02,2.701961930911877019e+01,6.620009633814218830e+01,2.523355371788199264e+01,8.228545524849604220e+00,1.270256024937547636e+03,-9.715958730341721150e+01,2.681865978260462953e+02,-3.691269914369332383e+01,-4.063389599189426349e+01,6.611830182056257854e+01,1.555951757137042932e+03,-2.872570082011032611e+01
6.885922038101531371e+02,8.737626646059839004e+02,7.045155224002603518e+02,4.490459478675891773e+02,7.009162075746525034e+02,7.585215492583528203e+02,4.461413780642430424e+02,9.869357006031469837e+02,6.138960602459391112e+02,4.768943268668280098e+02,4.831563630082693521e+02,1.005755085200231179e+03,3.218179777187220338e+02,1.182170807409465624e+03,8.047382784077018414e+02,4.931673903334367992e+02,3.395078231446027530e+02,9.720753981121163179e+02,1.433671541772536955e+02,1.391957306622581200e+03,9.487924647077055624e+02,8.288795301752533362e+01,6.793001827673598427e+02,5.972731419016678274e+02,2.404599875145757792e+01,9.084156820067967146e+02,5.538274201601280993e+02,1.229965292667034049e+02,4.110866938017946950e+02,3.020719939738889366e+02,-9.494585452072921328e+01,1.252018087990137701e+03,4.024859533894887704e+02,3.473519220010171438e+01,7.970061613704370984e+01,2.971312762641015937e+01,1.461036192501091335e+01,1.280909401966602218e+03,-1.042003953944242483e+02,2.671940722376054964e+02,-3.357369430190799875e+01,-4.278813858890465127e+01,5.414321571027605984e+01,1.580200319322289261e+03,-4.839741298176422646e+01
6.910066422222714664e+02,9.087359113199971716e+02,7.173750706233511210e+02,4.404507225900016465e+02,7.411388056701413234e+02,7.630637455008994721e+02,4.513198412052882986e+02,1.017897948876785904e+03,6.332118556539702467e+02,4.793473957426642187e+02,5.258419615720187039e+02,1.005254846474108831e+03,3.193034675528286357e+02,1.201668727950227094e+03,8.382569641870445594e+02,5.335301580122057885e+02,3.855644851199018035e+02,9.559463933462362775e+02,1.158511723158670321e+02,1.405887440683548903e+03,9.695669005363183715e+02,9.590229380232575807e+01,7.145852069922906367e+02,5.781243188313743531e+02,2.281178772074200722e+01,9.385469504820557631e+02,5.467449947346815406e+02,1.255443927689159125e+02,4.447274185387788634e+02,2.780218864664576017e+02,-1.110371562631036113e+02,1.278242034730549904e+03,3.945136933131884120e+02,4.323558108736643391e+01,9.550951399650993778e+01,3.636528139555836958e+01,2.066904943935706385e+01,1.293336001996546202e+03,-1.114767769806659601e+02,2.638457962235136165e+02,-2.778925352802500015e+01,-4.557826244091774015e+01,4.606278720670432847e+01,1.603001990314501427e+03,-6.974725885378755663e+01
6.924959112500337142e+02,9.441570278284061715e+02,7.320644503074729528e+02,4.308246867763119212e+02,7.812735765804344510e+02,7.653255776144048923e+02,4.542392655702137745e+02,1.050143345979034393e+03,6.547523773850030011e+02,4.772396951059853905e+02,5.646684537012444025e+02,9.977300412030940606e+02,3.094455168257014179e+02,1.219112135020553296e+03,8.709015767379107729e+02,5.725587509917462512e+02,4.329346430333310423e+02,9.404405525597328506e+02,7.893894657485830635e+01,1.413848219468168054e+03,9.867295789089646405e+02,1.112464518055919740e+02,7.525156501179841371e+02,5.576949835044413248e+02,2.161698191566415517e+01,9.686572667527813110e+02,5.401059345640576339e+02,1.287410928492221274e+02,4.800188987511916707e+02,2.531992078035154918e+02,-1.267942409791063625e+02,1.302676486103496245e+03,3.847409126865407529e+02,5.193669549078648373e+01,1.140459787178254771e+02,4.516632445292074038e+01,2.571574957581059806e+01,1.308160358788757321e+03,-1.186257587055154801e+02,2.567266254255092690e+02,-1.919774214730109207e+01,-4.917911443728481657e+01,4.160130939370810665e+01,1.624350196442024071e+03,-9.211066054716529550e+01
6.924702940476252024e+02,9.803113200580819466e+02,7.488094876496992356e+02,4.208471936488660958e+02,8.216967542922722032e+02,7.646959454584089144e+02,4.536908204835362994e+02,1.084474368748054758e+03,6.784924364211818784e+02,4.723164494899317560e+02,5.986095899730800056e+02,9.810198816257062617e+02,2.912489596375170322e+02,1.233962855237622762e+03,9.015284609905397701e+02,6.087088016743684875e+02,4.819413973988625344e+02,9.248999186208363881e+02,3.403171701325673126e+01,1.414270674640327343e+03,9.994188734478771039e+02,1.282299603147471032e+02,7.938184650439694678e+02,5.363081506912685654e+02,2.015084425275968982e+01,9.992789496127284110e+02,5.335317720740418963e+02,1.319543368438823165e+02,5.166038256395175949e+02,2.280001090345067212e+02,-1.421702948000594802e+02,1.325233373366618252e+03,3.733747119961088288e+02,6.016850105463705489e+01,1.355035444790693759e+02,5.562868714636449141e+01,2.950529471634090939e+01,1.325195684774991378e+03,-1.251295027865630374e+02,2.441498828918096251e+02,-7.729588085144158072e+00,-5.373731326273548348e+01,4.005323621880997820e+01,1.643726850429529122e+03,-1.143466459345014954e+02
6.904782543270146107e+02,1.017111775341077987e+03,7.676544301866118758e+02,4.116694599579294618e+02,8.625984600021065489e+02,7.604653202787023929e+02,4.485006986437007868e+02,1.120993292899214339e+03,7.042650780870598055e+02,4.678354229842549330e+02,6.282100849363446287e+02,9.528188963884558689e+02,2.643329915184139054e+02,1.245569028994563041e+03,9.290246472057535811e+02,6.406743688008867821e+02,5.333902426822569396e+02,9.073061944968150101e+02,-1.638604478812521137e+01,1.406908849035944968e+03,1.006407699298293664e+03,1.459400574226878291e+02,8.387785710138039121e+02,5.144024281432027692e+02,1.809035619758509839e+01,1.030469014325976559e+03,5.269563997070695223e+02,1.343146349033873719e+02,5.539058853447394313e+02,2.028076306169697318e+02,-1.571633541260180777e+02,1.345641319091711466e+03,3.611838363064463238e+02,6.731976316838138530e+01,1.597034347545787796e+02,6.677440319986196471e+01,3.229285443887829388e+01,1.343595154833931019e+03,-1.304369712200947333e+02,2.244703884764086297e+02,6.426406872684976790e+00,-5.935042667089599888e+01,4.052125686601191745e+01,1.660412357219060141e+03,-1.350050577796294249e+02
6.862773842054670013e+02,1.053821053072925224e+03,7.882634439279148637e+02,4.048988342694659650e+02,9.039100449527614956e+02,7.519117572591303542e+02,4.377256524738088501e+02,1.158645355893787610e+03,7.315976350604155414e+02,4.680313844678467490e+02,6.559582833598497018e+02,9.112563283610188591e+02,2.289894175920155135e+02,1.253339830079423791e+03,9.522350676904273996e+02,6.678710761271374849e+02,5.880297795673756127e+02,8.847580809194255380e+02,-6.915655531282193635e+01,1.393065931133525964e+03,1.006177727636788291e+03,1.632963813517583560e+02,8.870388164193974490e+02,4.924479788363937587e+02,1.520537896567398839e+01,1.061617787635483865e+03,5.207080822256842794e+02,1.349544275477705355e+02,5.911327232142110688e+02,1.780422990432384722e+02,-1.715586341102660981e+02,1.363415462834399705e+03,3.494503129196551185e+02,7.296521007980794593e+01,1.860584545049469511e+02,7.722494359921692819e+01,3.474529804936905464e+01,1.362147358483962535e+03,-1.341103207382700475e+02,1.966313084432797211e+02,2.295825821381014364e+01,-6.603852090730190127e+01,4.219462495064277618e+01,1.673753328232661943e+03,-1.525838140024233667e+02
6.798382673438778738e+02,1.089060634034816758e+03,8.097889078214302572e+02,4.023646899968647972e+02,9.453343591331729385e+02,7.385627483693284603e+02,4.209223110001694295e+02,1.195113567627762905e+03,7.595463443879261831e+02,4.770106482446296354e+02,6.861863553213185014e+02,8.556857333183378387e+02,1.863029804776599292e+02,1.256985015726214669e+03,9.698901463997736982e+02,6.908329280150838940e+02,6.460245395169505400e+02,8.543414253113453469e+02,-1.208285260354629571e+02,1.375368986423758997e+03,9.972115627840133811e+02,1.791344412237517645e+02,9.374801841605135451e+02,4.709433456832167053e+02,1.147049280206354815e+01,1.091484794697975303e+03,5.154391273294837674e+02,1.332974694847567321e+02,6.273539562641656175e+02,1.542123786574490509e+02,-1.847485102394336991e+02,1.377893057287377587e+03,3.396304845147988090e+02,7.693850976897341809e+01,2.136701937770330346e+02,8.543095417063214825e+01,3.770557132439105885e+01,1.379520644600740980e+03,-1.359295386280132902e+02,1.607933882299956281e+02,4.159431278191611625e+01,-7.370439158160839099e+01,4.451927711386037601e+01,1.683215121623677078e+03,-1.657844380687241710e+02
6.713169165586776899e+02,1.121173897217951662e+03,8.309203005861327256e+02,4.056517453134597417e+02,9.864733718386621604e+02,7.205811838218830871e+02,3.984359779965944313e+02,1.227213819610431528e+03,7.866502613235495573e+02,4.973643023040185653e+02,7.243864701316938408e+02,7.874449040157380750e+02,1.383078762202538883e+02,1.256678145705514908e+03,9.806623745631904967e+02,7.113511478768393772e+02,7.068769667402626737e+02,8.141453512991686239e+02,-1.679552923728568885e+02,1.357177063342440078e+03,9.785079658815687935e+02,1.923440356974539895e+02,9.882155018249051182e+02,4.504950288012599344e+02,7.142543907233932288e+00,1.118431210758469661e+03,5.119284255450414776e+02,1.292841534532441017e+02,6.616495704363145478e+02,1.319128632087872575e+02,-1.957527459557634018e+02,1.388335584465466582e+03,3.328365386673200987e+02,7.933629417038152098e+01,2.415234217992077390e+02,9.002117952826597502e+01,4.184872865419857391e+01,1.394356298305381870e+03,-1.359245627107574990e+02,1.187702325488254615e+02,6.220052891045178001e+01,-8.209686129997182036e+01,4.718142566880483457e+01,1.688246574329802570e+03,-1.737350102006586496e+02
6.610424371042053053e+02,1.148829645065858131e+03,8.501620421590703245e+02,4.155058609051208691e+02,1.027031688254095116e+03,6.990959160969163122e+02,3.715883543421264221e+02,1.251735072332142863e+03,8.111151702799589884e+02,5.289928143309119832e+02,7.759695551854842961e+02,7.102725726035179150e+02,8.803555785259422350e+01,1.253032687501941382e+03,9.834253865451744332e+02,7.321958792126009712e+02,7.700108227037943607e+02,7.641237546247610908e+02,-2.073955583564878680e+02,1.341796603685493892e+03,9.501563878937708978e+02,2.020577815450121761e+02,1.036753037087772555e+03,4.319040707428175097e+02,2.762894836194005332e+00,1.140770366737323911e+03,5.108374081966147742e+02,1.234278660015356763e+02,6.932899816188444220e+02,1.117507366319524493e+02,-2.034646131123877240e+02,1.394086295455837671e+03,3.293829894983452391e+02,8.046360579118373835e+01,2.687155239229720678e+02,9.018211203286136879e+01,4.733481812046867532e+01,1.405276705020319696e+03,-1.343464321912956052e+02,7.398845051170341947e+01,8.475813284461648323e+01,-9.080600250744703317e+01,4.994920037453935180e+01,1.688165442282879212e+03,-1.761827517727451209e+02
6.495329317266059661e+02,1.171618138233360469e+03,8.662628125407378548e+02,4.313323331655444690e+02,1.067033254108317578e+03,6.762421170177740350e+02,3.426244517598332777e+02,1.266464839393255488e+03,8.312348743493591883e+02,5.686759998099254290e+02,8.447014562892452432e+02,6.301107105980133838e+02,3.927995161735428553e+01,1.246903435749179152e+03,9.776622436932068467e+02,7.563414513265396408e+02,8.358058837806977408e+02,7.064816316184216021e+02,-2.367038592405899067e+02,1.331725365715585440e+03,9.136912888249962634e+02,2.078504057674655598e+02,1.080373243737819621e+03,4.161553390441957845e+02,-9.339766912176955538e-01,1.157153019485757568e+03,5.125184467044396115e+02,1.166601944441143530e+02,7.218929600977486416e+02,9.422365950841910376e+01,-2.070293214571474607e+02,1.394757898507922391e+03,3.286421872395620198e+02,8.074251052791470329e+01,2.946630429615001390e+02,8.592424504256058526e+01,5.361588598806918071e+01,1.410983205657044437e+03,-1.316037510588128328e+02,3.084399995810874273e+01,1.092438437326555771e+02,-9.931667309259513843e+01,5.250928708214941310e+01,1.682294885469555311e+03,-1.736299066378905991e+02
6.375020316566759675e+02,1.190368554758557821e+03,8.786168025001337583e+02,4.510418674920301783e+02,1.106937964280433789e+03,6.547739496761162172e+02,3.143430279581842797e+02,1.271031009351003377e+03,8.459112957877076724e+02,6.107065143036612653e+02,9.312920769922241107e+02,5.542047721059788046e+02,-3.990520269790312380e+00,1.239149971884657816e+03,9.638423048825407022e+02,7.857842422148615924e+02,9.065032902630081253e+02,6.453353168625924354e+02,-2.545578723101496337e+02,1.328153855609039510e+03,8.719859077965699043e+02,2.098867845010169333e+02,1.116683995515666766e+03,4.042465770416775968e+02,-3.185505826218323566e+00,1.166914413438362317e+03,5.169391034843091575e+02,1.100097546157227413e+02,7.475061987290023353e+02,7.960965791755776877e+01,-2.061818988910235646e+02,1.390408781390139666e+03,3.292995156156068788e+02,8.060311492762278363e+01,3.192314358986261027e+02,7.810021961743767349e+01,5.953353107484662132e+01,1.410567632713557032e+03,-1.281810519884647874e+02,-6.407361502764983285e+00,1.354876131302322051e+02,-1.071210649522501797e+02,5.443059952387315548e+01,1.670406612121354783e+03,-1.673391054841431185e+02
6.257925402962881662e+02,1.207024583031304019e+03,8.874520947892882532e+02,4.714032491431123049e+02,1.147546761510324359e+03,6.373398316129790828e+02,2.894720550442261242e+02,1.267234278270211007e+03,8.550393020275230356e+02,6.484603260236600590e+02,1.032747389615301245e+03,4.896906722702066190e+02,-3.845439279750718242e+01,1.230521701064333456e+03,9.435423997853764604e+02,8.202645260563751890e+02,9.863290723026509568e+02,5.856395303830167904e+02,-2.610238802824564459e+02,1.330886962600289507e+03,8.286367804490137132e+02,2.089548955423021255e+02,1.144210194903009324e+03,3.968866886726469261e+02,-3.385590187934171880e+00,1.170310524189291073e+03,5.237184915577046240e+02,1.042321279613119884e+02,7.705838951889394366e+02,6.791715131674048678e+01,-2.013843129517749162e+02,1.381657612272949791e+03,3.298830697614780547e+02,8.037769840391676723e+01,3.427296823484396100e+02,6.813764706085831335e+01,6.372414372382066716e+01,1.403972239192581128e+03,-1.245484901504726452e+02,-3.483044244895966557e+01,1.630781727287148328e+02,-1.138517896107266267e+02,5.528633849174978820e+01,1.653265494134265964e+03,-1.591337469672516818e+02
6.152002097245504046e+02,1.224114254979466068e+03,8.937188879824626611e+02,4.888546917909713443e+02,1.189682156950297667e+03,6.257312196958166624e+02,2.699942790289970844e+02,1.258728196502788933e+03,8.595509764723665285e+02,6.763069984393588356e+02,1.142944532602152549e+03,4.420952610063273482e+02,-6.220364884765945845e+01,1.221724231772613166e+03,9.191753692015288379e+02,8.563796983784316126e+02,1.080496206587197321e+03,5.317522759443817222e+02,-2.574637246089870928e+02,1.338692232342720217e+03,7.870337125270924616e+02,2.063474544764884797e+02,1.162809172259511342e+03,3.941888411772397944e+02,-1.222745385699597120e+00,1.168569838041039930e+03,5.322258931535718602e+02,9.953802532122408309e+01,7.918587080483638374e+02,5.891379675615881695e+01,-1.937019448006576852e+02,1.369694352751310362e+03,3.293089546433990904e+02,8.022903681068046922e+01,3.657327371191044563e+02,5.759049275811486268e+01,6.517703188147814330e+01,1.392351070000340087e+03,-1.210801292623455652e+02,-5.357515775064761243e+01,1.913458313891161140e+02,-1.193705577247367131e+02,5.484314273570566911e+01,1.632920602174461692e+03,-1.509913217339444316e+02
6.062215923377327726e+02,1.244039709196955528e+03,8.987307496834661151e+02,5.005045454996198373e+02,1.233782408534382967e+03,6.204675247466717565e+02,2.566859807732254808e+02,1.250141468483865538e+03,8.610679647424235554e+02,6.910452810809628090e+02,1.254402847363782939e+03,4.142361040980504754e+02,-7.513144875829884484e+01,1.213582856581866054e+03,8.933799691480097636e+02,8.875794672585406033e+02,1.193294267711689599e+03,4.862967824668314165e+02,-2.460607283351245655e+02,1.349895898831947079e+03,7.494788146635386283e+02,2.036115860515478460e+02,1.173738380103802001e+03,3.955244297320859346e+02,3.279523337480855449e+00,1.163714459918402554e+03,5.416979570834066635e+02,9.553728727602350546e+01,8.121479562274807904e+02,5.222287473517972245e+01,-1.844813018975803800e+02,1.356168421767891004e+03,3.272135238049809232e+02,8.014109007893509329e+01,3.887706100271578293e+02,4.770903007018313247e+01,6.367263223144310302e+01,1.378065777622305177e+03,-1.180076996174695978e+02,-6.390122367454749508e+01,2.194226021284804347e+02,-1.237589822464470330e+02,5.317446609402747271e+01,1.612481243238358502e+03,-1.445420951380495183e+02
5.988319478884860700e+02,1.268476502895236990e+03,9.037169019130134302e+02,5.049393100438018678e+02,1.279633552314085136e+03,6.209054833826289723e+02,2.490544257887501089e+02,1.245921815601369644e+03,8.613075365590358388e+02,6.922505863096561143e+02,1.360587201680879616e+03,4.058444605627245210e+02,-7.876122680858422598e+01,1.207139251589115702e+03,8.683169679136871082e+02,9.052836909302835693e+02,1.325953446671816891e+03,4.499099927870640272e+02,-2.291635509343628883e+02,1.362947150675082639e+03,7.167234099306375583e+02,2.022448354475499457e+02,1.179325507101104449e+03,3.996481775109919568e+02,9.837215560704942519e+00,1.158171126508608268e+03,5.513640198130423187e+02,9.143002513353880545e+01,8.321549961668863489e+02,4.745466643719094435e+01,-1.749634764541175400e+02,1.342965579747726906e+03,3.239885136422971073e+02,7.996833557673137705e+01,4.120168692414075622e+02,3.921522895270928188e+01,5.986280257763706913e+01,1.364217125331624857e+03,-1.154305987506903932e+02,-6.848790596564961675e+01,2.463761310695100804e+02,-1.272080869793979332e+02,5.061381352056719862e+01,1.595401729462502999e+03,-1.406719935219457511e+02
5.924199474168138977e+02,1.298074398539150934e+03,9.094635388757333203e+02,5.025243976561084196e+02,1.326398492292462151e+03,6.257656127919555047e+02,2.456823945826220097e+02,1.249250392856404460e+03,8.615110058346311916e+02,6.814643140267038461e+02,1.457677896607197226e+03,4.139487786906346400e+02,-7.559627274037322309e+01,1.203554083370743001e+03,8.451826320753206119e+02,9.009148341471865251e+02,1.475119926536358889e+03,4.219846908189861097e+02,-2.087523818923067438e+02,1.376725845819855067e+03,6.881132106452228072e+02,2.034390328108268307e+02,1.182343127638572241e+03,4.050690778740528231e+02,1.806782336421195367e+01,1.154272097476845147e+03,5.605789258111931304e+02,8.636717576681709829e+01,8.523181919559719972e+02,4.432669412477324045e+01,-1.659716526404781973e+02,1.331917633880922494e+03,3.205728817586487480e+02,7.950224516760268045e+01,4.351392918999187600e+02,3.235604883192591075e+01,5.494575902950608537e+01,1.353850698286759553e+03,-1.133788178212625724e+02,-7.038635996571443343e+01,2.714050983582418439e+02,-1.298615062381199436e+02,4.758155910980423897e+01,1.584572923263056509e+03,-1.394151295616663901e+02
5.859484528202019646e+02,1.332476963532386662e+03,9.161599886736867120e+02,4.951001556665515864e+02,1.372924206411674731e+03,6.337466481812679149e+02,2.448089598198270664e+02,1.261336212468766917e+03,8.621392481981181390e+02,6.607516181187235134e+02,1.544916832259770445e+03,4.338073266488974582e+02,-6.829422515317600073e+01,1.203809490339051990e+03,8.241382211061929866e+02,8.682036621815473154e+02,1.632567931281381789e+03,4.019038677530334098e+02,-1.862481403006253515e+02,1.390541012712086285e+03,6.622432790355363750e+02,2.079397451833552566e+02,1.185304079700198599e+03,4.105054061426634462e+02,2.767216948458198900e+01,1.153792979139882846e+03,5.689362457486087123e+02,7.982887900777049595e+01,8.727304616534723891e+02,4.272690139067083948e+01,-1.577677207129176509e+02,1.324510683073262044e+03,3.181136883895277947e+02,7.850956039590809610e+01,4.573974062026529737e+02,2.716109072819820369e+01,5.011716372228642058e+01,1.349128353753391593e+03,-1.118944062647870226e+02,-7.209206876526539531e+01,2.940453331936604968e+02,-1.316941367793339452e+02,4.440026858811883415e+01,1.581599156922451584e+03,-1.401872364310850401e+02
5.782974176689720025e+02,1.370551221254777829e+03,9.234675251477531219e+02,4.852273197740554451e+02,1.418144814406990008e+03,6.438938589660755270e+02,2.448873317981916671e+02,1.281284017778381667e+03,8.629323524906061493e+02,6.314619130300984580e+02,1.623394916365298741e+03,4.600728379438758111e+02,-5.902495922197763178e+01,1.208335530283790604e+03,8.046329300550814878e+02,8.049631516352854987e+02,1.786352144220748414e+03,3.899707688365346598e+02,-1.626739262077045396e+02,1.403941841726944176e+03,6.377836274253247666e+02,2.160208776265483834e+02,1.189922493600007328e+03,4.152157113170129037e+02,3.855341507947075996e+01,1.157658627310370548e+03,5.763121095074964160e+02,7.187049780430560020e+01,8.931280553178575019e+02,4.269623085345673985e+01,-1.501061177851211426e+02,1.321656405410261641e+03,3.176072086612286398e+02,7.673561825745321130e+01,4.779307999499142170e+02,2.373478565388101202e+01,4.609447980590366711e+01,1.350759773588378266e+03,-1.110757226312563688e+02,-7.507358206608378737e+01,3.142934276361711454e+02,-1.324851465912647654e+02,4.120360204067714704e+01,1.586505391025272957e+03,-1.422222938876565195e+02
5.686439949024983207e+02,1.410694691841769782e+03,9.307500797113492581e+02,4.752974857521349463e+02,1.461355481789385067e+03,6.555879975766459893e+02,2.449048974916078691e+02,1.306558684797199021e+03,8.632559037674102456e+02,5.938538710781258487e+02,1.694047951374835293e+03,4.878991424015367215e+02,-4.922188830353432110e+01,1.216750689512938379e+03,7.859175848721821467e+02,7.137366299865850578e+02,1.923142856624697515e+03,3.874787305430804167e+02,-1.389785196534463125e+02,1.416533077572222737e+03,6.140950125378138864e+02,2.275234185108662643e+02,1.196910795049921035e+03,4.190736258374885779e+02,5.081627291062527263e+01,1.165875828894492770e+03,5.828128786371314618e+02,6.315268843747001881e+01,9.129419392713728030e+02,4.434621499655710863e+01,-1.424392024855114016e+02,1.323571098586777680e+03,3.196175871607753720e+02,7.391217122746499513e+01,4.960758705618546855e+02,2.241413536870184942e+01,4.294715084510992398e+01,1.357878843596395200e+03,-1.110377470432057692e+02,-7.981075087962388181e+01,3.325616429336092779e+02,-1.318887249578262697e+02,3.796989219317309505e+01,1.597898894405198917e+03,-1.449569666033492013e+02
5.567148783630709659e+02,1.451129354161420224e+03,9.373732061197226813e+02,4.668337826848540999e+02,1.502225634212193881e+03,6.682802335681169552e+02,2.443999096394210255e+02,1.333874104760828459e+03,8.625494427219799718e+02,5.476921477792282076e+02,1.756083158898108877e+03,5.137832808885294753e+02,-3.968768586697152756e+01,1.227867311399675373e+03,7.675113470968605043e+02,6.011879248112539926e+02,2.031099019860700537e+03,3.959552508655046381e+02,-1.162630893848049141e+02,1.427922874193365487e+03,5.914234239608010739e+02,2.419093462974889519e+02,1.206132450381790250e+03,4.223979277451239795e+02,6.464818459457531219e+01,1.177667054687451582e+03,5.886584551373448448e+02,5.476049542882756072e+01,9.314106628115315516e+02,4.775961370140076667e+01,-1.341731584763505509e+02,1.329783256737867532e+03,3.241507008469153561e+02,6.981818200961596688e+01,5.115493863051922290e+02,2.371545286367611283e+01,4.027619795871081720e+01,1.368395722913973941e+03,-1.117928274610594457e+02,-8.615424129840641854e+01,3.494560508921362043e+02,-1.295540039332694562e+02,3.463794206562864275e+01,1.613446325825445683e+03,-1.481560028883390601e+02
5.428180465112745878e+02,1.490141394067171177e+03,9.429796188496753757e+02,4.601890424864395186e+02,1.540588291207734528e+03,6.812403410833981070e+02,2.432731560072782599e+02,1.360183143516252130e+03,8.606853735155668801e+02,4.933375511497682737e+02,1.806758282723971206e+03,5.360148024649708987e+02,-3.083619095079040306e+01,1.239983254361346098e+03,7.494703387436252342e+02,4.765625469674803867e+02,2.102430611929717543e+03,4.161233867325597657e+02,-9.574385536363102744e+01,1.437794303478230177e+03,5.706963373987344994e+02,2.583242726695851843e+02,1.216979474740940077e+03,4.256634712399026057e+02,8.014412264520180429e+01,1.191734593683895127e+03,5.940731857596837244e+02,4.789021848840676654e+01,9.477528979688048594e+02,5.292361397191276495e+01,-1.248659679216700482e+02,1.339267770451427396e+03,3.307144311101071139e+02,6.440029788858879556e+01,5.244396575605093176e+02,2.812339459286891241e+01,3.759814053698607239e+01,1.379699494297737601e+03,-1.131277279994674103e+02,-9.373578117266136189e+01,3.654773240740453275e+02,-1.252267955617703308e+02,3.123400853851209291e+01,1.630474854343415700e+03,-1.517619604028795379e+02
5.276716792773751195e+02,1.526255988529199158e+03,9.476624493954448099e+02,4.546798066282497075e+02,1.576188201235106135e+03,6.935289357808558179e+02,2.415696544616252197e+02,1.383419765539643777e+03,8.581107665592285230e+02,4.326060359797294268e+02,1.842590085731600311e+03,5.546663265345808895e+02,-2.285355204569633258e+01,1.251335654367326697e+03,7.324165911973583434e+02,3.498036345612311493e+02,2.134890852673202517e+03,4.472225118493438458e+02,-7.846918272758961166e+01,1.445987116340701277e+03,5.530908216725237025e+02,2.757010432205295274e+02,1.228775997955300681e+03,4.292404819527295672e+02,9.716279236199396507e+01,1.206590717326300592e+03,5.992385252607832626e+02,4.352379615264198520e+01,9.613803904722101379e+02,5.971417418584075421e+01,-1.143072776056160080e+02,1.350680236865249981e+03,3.385249804574675636e+02,5.789856219877038512e+01,5.350736398925440653e+02,3.586560410109528618e+01,3.470815504137293317e+01,1.389460460738666370e+03,-1.145890134183563021e+02,-1.022306217057398641e+02,3.808021766659436480e+02,-1.187868398552774067e+02,2.795871675078003094e+01,1.646532135743115987e+03,-1.556448839960735597e+02
5.121304070266909321e+02,1.558354054632541420e+03,9.519722401668883549e+02,4.490475457121631280e+02,1.608601559951911895e+03,7.042090574664388214e+02,2.393597813619174133e+02,1.402772063745547030e+03,8.557354549693587842e+02,3.688868992400828120e+02,1.861237075724011220e+03,5.711318188447420425e+02,-1.570883512940603133e+01,1.260521156081124445e+03,7.173580739409449052e+02,2.298898022286505238e+02,2.131822825904554065e+03,4.870169453804248292e+02,-6.497257015007052416e+01,1.452477715178209337e+03,5.395730638345493162e+02,2.929331884754420230e+02,1.241052836605162156e+03,4.332516983956891181e+02,1.152803008366115023e+02,1.220908570757827420e+03,6.043028148395629842e+02,4.220821067047523201e+01,9.721030903652572306e+02,6.791238183003370921e+01,-1.024959907808947150e+02,1.362641208775554105e+03,3.467598206540671981e+02,5.089562126493368766e+01,5.438902949462793686e+02,4.681264933667605987e+01,3.184992672813099901e+01,1.396239874960537009e+03,-1.156408477417484733e+02,-1.114104282912959576e+02,3.952630247524306810e+02,-1.102165859692357373e+02,2.521641452604886524e+01,1.659796559068959368e+03,-1.594766274398139103e+02
4.969318103222374816e+02,1.585750533958029109e+03,9.567264100009377898e+02,4.420515674425804491e+02,1.637416575498955808e+03,7.126295238323418744e+02,2.367389861315174642e+02,1.418484636660650267e+03,8.546209431714935363e+02,3.064918669304609580e+02,1.862981367879577419e+03,5.873229351488971588e+02,-9.102082565537841674e+00,1.266730795431662955e+03,7.053804726226493358e+02,1.237425807180161428e+02,2.100890678986680996e+03,5.323639221082082713e+02,-5.508635275435159429e+01,1.457245722177175367e+03,5.305808671542721413e+02,3.090989714867430393e+02,1.253644927376858959e+03,4.375613049190405377e+02,1.338525380794277169e+02,1.233836633647325925e+03,6.093995636938612961e+02,4.400916561284287809e+01,9.802585496623009931e+02,7.722112526460617232e+01,-8.958629229675500483e+01,1.374006131675340384e+03,3.547504929586201001e+02,4.424432699980632577e+01,5.514085995497827071e+02,6.055446492791525515e+01,2.964093256662572529e+01,1.399702572642318501e+03,-1.159392089528474941e+02,-1.210321023856058815e+02,4.085266853698090017e+02,-9.953060703750558957e+01,2.357563675222530009e+01,1.669291412495081204e+03,-1.628300317277118836e+02
4.825553992041702145e+02,1.608254601065051702e+03,9.626599329919746424e+02,4.329805318211413692e+02,1.662556241900934765e+03,7.185743700807745427e+02,2.338821040715922948e+02,1.431386912561724102e+03,8.556019090809712679e+02,2.496202670827605345e+02,1.851054199135148110e+03,6.047539017007276243e+02,-2.490778472570763125e+00,1.269771402843344731e+03,6.973416951894694193e+02,3.577416135533064789e+01,2.052012827063968871e+03,5.799290941264711137e+02,-4.804753443053382256e+01,1.460132722631172328e+03,5.259725862286525171e+02,3.236596906515591741e+02,1.266652119857319576e+03,4.418672430403782982e+02,1.521428991518496048e+02,1.245182906165068061e+03,6.146345206565301851e+02,4.863274578360189082e+01,9.867076386238978785e+02,8.727219330813974807e+01,-7.587072327474089661e+01,1.384057943887523379e+03,3.620561680670336386e+02,3.890648231385603850e+01,5.582718675621895272e+02,7.659697907755477786e+01,2.881096607026209355e+01,1.400415458848745402e+03,-1.155598606506330270e+02,-1.306474317033163857e+02,4.203580620949800846e+02,-8.670024187136839089e+01,2.363203984518852607e+01,1.674909544070783795e+03,-1.654128425978312293e+02
4.692249438372464851e+02,1.626213439497079207e+03,9.700477273606061317e+02,4.219184299953686264e+02,1.684490511762572623e+03,7.221936985561710571e+02,2.310772481642831337e+02,1.442422112217837594e+03,8.590082391625509217e+02,2.014442500221540229e+02,1.830745675042964422e+03,6.238257585375696408e+02,4.735450347262683657e+00,1.269961293076526090e+03,6.937188552906768564e+02,-3.204861953847051126e+01,1.995158317759958436e+03,6.266823807022379924e+02,-4.286168692229789912e+01,1.460832258671150157e+03,5.252783214553292055e+02,3.365402851466297989e+02,1.280327514413675317e+03,4.458591635933573798e+02,1.694499908696644752e+02,1.255369957466764617e+03,6.200476079038255648e+02,5.564371138606110634e+01,9.926808034515717054e+02,9.764594932938372551e+01,-6.181361662913849386e+01,1.392579083263726261e+03,3.684263163510619847e+02,3.579303683081136711e+01,5.652661458577558733e+02,9.456791390307753886e+01,2.987235456025526759e+01,1.399402064971025084e+03,-1.150214431007353824e+02,-1.394141196855420901e+02,4.308159988842187431e+02,-7.159332770121361023e+01,2.575848855928468595e+01,1.677288584388367099e+03,-1.672454095964115197e+02
4.570188635020059564e+02,1.640508550065780810e+03,9.784815444359683170e+02,4.097013454263432095e+02,1.704145804987419069e+03,7.237999571457430648e+02,2.287030488029659523e+02,1.452377455636345530e+03,8.646143935987886380e+02,1.636436792613498028e+02,1.807867143635398406e+03,6.435897396287275569e+02,1.298895772951794569e+01,1.268014733004588606e+03,6.946870922136871513e+02,-7.981242775428172820e+01,1.938592093142392059e+03,6.700838138099069283e+02,-3.874781095174831336e+01,1.459061716686187083e+03,5.281480572736819568e+02,3.480491464058536053e+02,1.294934811249345103e+03,4.493951557118980986e+02,1.851909988317698605e+02,1.265136908440058733e+03,6.255892830739306874e+02,6.468325227885701167e+01,9.995150910243929729e+02,1.079319658965495705e+02,-4.808166472830152571e+01,1.399796247559666881e+03,3.737066649662863256e+02,3.568226141472197810e+01,5.732205705060356422e+02,1.143412464095189591e+02,3.285475865988645694e+01,1.397707520167321491e+03,-1.150734402080015428e+02,-1.459858678813365600e+02,4.402851927483214354e+02,-5.393681229564811730e+01,2.980454528887223731e+01,1.677591779339871664e+03,-1.686532618165523729e+02
4.460075054008472080e+02,1.652447869471721106e+03,9.869371797908745521e+02,3.976172162332684934e+02,1.722536831662963095e+03,7.236900841888425475e+02,2.271560687543639006e+02,1.461844837472401878e+03,8.718246611394303045e+02,1.364297277901051189e+02,1.787338876900134437e+03,6.620933286317143711e+02,2.227116848319000653e+01,1.264954111131286709e+03,7.003543752760025427e+02,-1.091116234357830592e+02,1.887926072666276241e+03,7.081234885502801717e+02,-3.543973897061994194e+01,1.454819325754070405e+03,5.347514701574663150e+02,3.586779961593523467e+02,1.310599397403937246e+03,4.526275020896824799e+02,1.989396875804135334e+02,1.275100919935186539e+03,6.311414956240386118e+02,7.560148290978872865e+01,1.008362935328436720e+03,1.178270286228987800e+02,-3.549287153655103566e+01,1.406229753740822616e+03,3.777528875984766614e+02,3.921325183030593564e+01,5.827970054632786514e+02,1.360465056749534938e+02,3.721520136939755474e+01,1.396163076786211604e+03,-1.163747165510063724e+02,-1.485710582859163367e+02,4.493530822799609155e+02,-3.331756923182565089e+01,3.490651505589161729e+01,1.677245480858671499e+03,-1.700995811067278112e+02
4.363294194506262329e+02,1.663512962336414375e+03,9.941278206232012735e+02,3.869824819787776846e+02,1.740350920928465484e+03,7.220919521968179424e+02,2.267578646941423415e+02,1.471291609936403120e+03,8.799728599888848066e+02,1.188856229300156997e+02,1.772402887795605920e+03,6.771528425668816453e+02,3.214654291526160534e+01,1.261986739293703295e+03,7.109393266785191372e+02,-1.224922977557532846e+02,1.846014032392313538e+03,7.394166475980887299e+02,-3.319370612749973759e+01,1.448540986124371102e+03,5.458511230636023583e+02,3.688831330834207733e+02,1.327196343528661146e+03,4.559996100205803486e+02,2.104479283777434944e+02,1.285403546424434353e+03,6.365752261012249846e+02,8.845465735133005580e+01,1.019959120653821060e+03,1.272217914619324972e+02,-2.484684314111781589e+01,1.412499706663448251e+03,3.804022308148609568e+02,4.687390085730491052e+01,5.942832801580092337e+02,1.599695291467103573e+02,4.197917896964806772e+01,1.395366576344034911e+03,-1.192491680948702992e+02,-1.452409348437666381e+02,4.586173912300763504e+02,-9.257156869135926058e+00,3.959386190191411004e+01,1.677660943983796642e+03,-1.719854474357357503e+02
4.281549555523632762e+02,1.674997883601951798e+03,9.989893441969259129e+02,3.787444463767454295e+02,1.757757842546597885e+03,7.192121440682356024e+02,2.276729281432210712e+02,1.481094853039729060e+03,8.885638121870473469e+02,1.094052858465380211e+02,1.764482969708937389e+03,6.872013753678119201e+02,4.193916548593599458e+01,1.260261402395986806e+03,7.266884906906092283e+02,-1.229871973357819286e+02,1.813432604469970101e+03,7.633983743046949257e+02,-3.250997350743519831e+01,1.441018710461969249e+03,5.624130602944102293e+02,3.789475665659754213e+02,1.344345824255383832e+03,4.600802291972451599e+02,2.196756784742791524e+02,1.295659719745147186e+03,6.418077029609596593e+02,1.033668958834688709e+02,1.034505278694360413e+03,1.362115074397415242e+02,-1.668397190107698691e+01,1.419138140372949692e+03,3.815237433806693730e+02,5.889938236596498200e+01,6.075272387373123593e+02,1.863668996181498301e+02,4.608271185290632133e+01,1.395738287426707075e+03,-1.236326934172144121e+02,-1.344912931497638908e+02,4.685159937316790320e+02,1.860423370554151745e+01,4.225833090278063509e+01,1.679948269901588446e+03,-1.745271417161915224e+02
4.215512852115691658e+02,1.687669189357205596e+03,1.001081303326304919e+03,3.732173667929365592e+02,1.774566523561466738e+03,7.152957551831681258e+02,2.298583923949431949e+02,1.491485177794674883e+03,8.973481339118579854e+02,1.060790587406286676e+02,1.763399624299061770e+03,6.918578797628828170e+02,5.106121805549081216e+01,1.260515157342783368e+03,7.475155416336845065e+02,-1.137711637148832011e+02,1.789157083308481788e+03,7.805002588302704680e+02,-3.372938775168153569e+01,1.433098193434926088e+03,5.848912681418630655e+02,3.889652807592772774e+02,1.361561348735062211e+03,4.652910332983705644e+02,2.268258197440605102e+02,1.305263251018323444e+03,6.468261890980203361e+02,1.203169193146613765e+02,1.051687713453905189e+03,1.450041158362108717e+02,-1.108338734044718876e+01,1.426442813841767247e+03,3.811247559813563726e+02,7.508256416336261907e+01,6.220622454078644523e+02,2.152386533402771249e+02,4.878692755606512321e+01,1.397495114326885869e+03,-1.291903288974183397e+02,-1.159138074586356311e+02,4.792274440797314696e+02,5.023491903750854704e+01,4.182658042257595099e+01,1.684646826792238699e+03,-1.777348695980998627e+02
4.163306046218950200e+02,1.701592867729305453e+03,1.000746841147600435e+03,3.700041335059778476e+02,1.790597208758036004e+03,7.106366819595856441e+02,2.330547697670403693e+02,1.502454834137464786e+03,9.062475141944479446e+02,1.069634013981171137e+02,1.767658649750976110e+03,6.920431886516488476e+02,5.930112220994794114e+01,1.262757878501447294e+03,7.725850050680553522e+02,-9.790939244173493705e+01,1.771113134988455613e+03,7.921694431456942311e+02,-3.672498299320827186e+01,1.425328863416073546e+03,6.125682915681480836e+02,3.989133562133282567e+02,1.378492501761466201e+03,4.716623331976160785e+02,2.323550843485253665e+02,1.313859210876320958e+03,6.516731844849272193e+02,1.389584384428706016e+02,1.070796050463215352e+03,1.537725894170908703e+02,-7.596411684497200945e+00,1.434399886499507829e+03,3.794500450656822750e+02,9.460465055619482655e+01,6.373398497320852130e+02,2.461454837007977119e+02,4.997998949226803944e+01,1.400522458176412556e+03,-1.354899804468683158e+02,-9.068909022372072570e+01,4.906476205511423814e+02,8.496523418583980458e+01,3.830186379532507601e+01,1.691544826918964418e+03,-1.814561433745639363e+02
4.119909518790573770e+02,1.716187978289551211e+03,9.990024035267642830e+02,3.681101519885622224e+02,1.805964715154296755e+03,7.055464570883740407e+02,2.368205436094139884e+02,1.513718861354024057e+03,9.152357803491426012e+02,1.102145623427143875e+02,1.774740425107322380e+03,6.896931155917924343e+02,6.691361708457088753e+01,1.266195732650060336e+03,8.001619920385484193e+02,-7.819908897259810487e+01,1.756481888752673740e+03,8.006870424851786083e+02,-4.084450633457826996e+01,1.417785619638081016e+03,6.433710930100826317e+02,4.087351796209094914e+02,1.395094741387136082e+03,4.787577340856540786e+02,2.369337562533593768e+02,1.321645508376794851e+03,6.564141817645248693e+02,1.585803480037158124e+02,1.090873746878370866e+03,1.625520145079140661e+02,-5.336221540951516573e+00,1.442700039684409830e+03,3.770028719515025841e+02,1.160286660712189075e+02,6.529061983518834040e+02,2.781771478083173861e+02,5.021873030184381292e+01,1.404282961019204777e+03,-1.421223323167195929e+02,-6.159719138592120657e+01,5.024309824780540339e+02,1.214358329259065954e+02,3.286741236170511371e+01,1.699690943650551617e+03,-1.854383842649580174e+02
