1.218996532786698310e+02,5.999365007002373851e+00,1.721177799152925218e+03,6.878589843429028861e+01,-1.695049230570566579e+02,1.440815680964993589e+03,1.109827078821992643e+02,2.147603655986650040e+02,1.413490421147600046e+03,2.900514480554854799e+02,-2.802443700419630090e+02,1.239295253132899916e+03,3.060866924278577699e+02,2.470249011263980776e+02,1.139741849280592760e+03,4.221628459651511207e+02,-1.061051413704914097e+02,1.385329716245352074e+03,4.527952178063387692e+02,8.616217664444795332e+01,1.287599468079656162e+03,3.687186354514906128e+01,-8.998037570264504836e+01,9.350100487922019283e+02,1.484514288536468882e+02,1.538079191661201719e+02,1.025779999801573013e+03,9.924922145494477377e+01,-6.730466020859050502e+01,4.497286545735768755e+02,4.855616070195310385e+02,9.456337957993571308e+01,1.011503587025624142e+03,-4.492070694536689501e+00,-8.962508162186736627e+00,-2.460923753447618711e+00,2.874381236872056320e+02,5.942494822155025957e+01,6.099008689114841673e+02,2.520618862379809286e+02,1.029915260437763003e+01,1.114319026519017264e+01,4.956848322473836106e+02,-8.608424524709732850e+01,5.579184775990174785e+02
1.235307977716641119e+02,9.477506746033782292e+00,1.721838904756323245e+03,6.943452864738951291e+01,-1.654130558064289573e+02,1.440978373053328824e+03,1.132289754770356467e+02,2.167405814108290087e+02,1.413923490042051299e+03,2.908061981024947045e+02,-2.737219051159519267e+02,1.237049582573735279e+03,3.092127760839321127e+02,2.499643127085476806e+02,1.139155014911682883e+03,4.244684906041914019e+02,-1.026596233313250934e+02,1.386064659563492569e+03,4.561463017861664184e+02,8.935827452538342186e+01,1.288090403939155294e+03,3.527186491391736212e+01,-8.813323389020506227e+01,9.351029579259982256e+02,1.485356748435947907e+02,1.567896361136299674e+02,1.026073553696676981e+03,9.877327146147742098e+01,-6.720510595777216167e+01,4.494928497301140169e+02,4.863611892421799894e+02,8.963642089377503908e+01,1.009705044907545357e+03,-6.450792111360948766e+00,-8.006158871975241453e+00,-1.496762560786443874e+00,2.877431790692053255e+02,5.602622057271469913e+01,6.101904154414987715e+02,2.520401555715151858e+02,1.147338788575683566e+01,1.160417780688051792e+01,4.935007565805351533e+02,-8.178129900977823752e+01,5.603712772124356434e+02
1.250807641649761877e+02,1.291154587798292397e+01,1.721967935359279409e+03,6.991226582457572647e+01,-1.613506734574187362e+02,1.440871654099084253e+03,1.153427334113188749e+02,2.192055669743534736e+02,1.414096449197390484e+03,2.912820094603541179e+02,-2.672500272140298989e+02,1.235023682411651862e+03,3.121171764941304332e+02,2.529495224375891382e+02,1.138766030102709919e+03,4.265143254918585853e+02,-9.849511149734870230e+01,1.386377428667354025e+03,4.594884284430576713e+02,9.226351335679638055e+01,1.288869973311666627e+03,3.372657462512422200e+01,-8.587848319752569637e+01,9.353525677258891164e+02,1.486779166111151653e+02,1.598381328524884850e+02,1.026271401367462886e+03,9.822978324007844719e+01,-6.680410895263084115e+01,4.494079450468965433e+02,4.869629688920023796e+02,8.541230161225446693e+01,1.008228425717367372e+03,-7.897761655233495048e+00,-7.293288048424612313e+00,-6.283890243679858267e-01,2.881399887725394819e+02,5.329447080712357376e+01,6.101992047396696535e+02,2.519002339237734702e+02,1.243161690913604467e+01,1.207385790690969785e+01,4.912998847041009753e+02,-7.997524696914935305e+01,5.622523726189456283e+02
1.265020814876414761e+02,1.625779792964774373e+01,1.721269343703746245e+03,7.015879723182212047e+01,-1.573155634953957360e+02,1.440358440816827169e+03,1.172158147966184885e+02,2.224193818927209065e+02,1.413818509692654288e+03,2.912825854480564089e+02,-2.608782934663290689e+02,1.233301580181457666e+03,3.146139860132352624e+02,2.560005851874335576e+02,1.138673068327912233e+03,4.281608740753788425e+02,-9.342549843577901925e+01,1.385925945035763789e+03,4.627843459644122390e+02,9.470317587229072842e+01,1.290044333623853618e+03,3.230474796784434943e+01,-8.301648004494839483e+01,9.357796435539763706e+02,1.489250946780128402e+02,1.629589067649707772e+02,1.026242135182362290e+03,9.764205212401581946e+01,-6.595041084092665074e+01,4.495311013831718583e+02,4.872685860448370931e+02,8.233865433857012306e+01,1.007105019959826222e+03,-8.547847005112892305e+00,-6.954879701389142355e+00,1.004488430205345700e-01,2.886354499595824450e+02,5.172583582721464524e+01,6.097308250505167280e+02,2.516067648120587137e+02,1.302592444966847118e+01,1.254706394123624236e+01,4.890718107266528136e+02,-8.176450101465664488e+01,5.631967887120368914e+02
1.277856089033508482e+02,1.944208712838680597e+01,1.719788503165806787e+03,7.025651366830450684e+01,-1.533178904507401228e+02,1.439489266043940688e+03,1.187804487869625660e+02,2.263091147711300266e+02,1.413018993886244061e+03,2.907759128203612704e+02,-2.547265160407301323e+02,1.231803969772907521e+03,3.165901333396656696e+02,2.590921927022382079e+02,1.138839172189583905e+03,4.294527637310440582e+02,-8.798052407783718820e+01,1.384578579745636489e+03,4.659727200980404973e+02,9.666565599495349659e+01,1.291489143154287603e+03,3.107526122145418412e+01,-7.965450103133714777e+01,9.362414279737861307e+02,1.492959483718388185e+02,1.660741201367888493e+02,1.025850015625407423e+03,9.713217241706152549e+01,-6.469960907120206173e+01,4.498034803895165510e+02,4.873002572657661062e+02,8.050773986094117163e+01,1.006037796550916369e+03,-8.429264558128668483e+00,-6.960028842243017877e+00,7.096291212912424484e-01,2.891207718057033276e+02,5.154225973400281191e+01,6.086980646634347067e+02,2.512349919488683554e+02,1.322616085191329560e+01,1.300211304505776688e+01,4.868576862955138154e+02,-8.634087323195048214e+01,5.631463512805072469e+02
1.289563151173153415e+02,2.237042768673332205e+01,1.717821110072405645e+03,7.037676957704816516e+01,-1.494330587386720595e+02,1.438438739166368805e+03,1.200324723278803418e+02,2.305475777880945429e+02,1.411751664734799306e+03,2.899225899938396651e+02,-2.490157083572285330e+02,1.230316015939440149e+03,3.180248134041391381e+02,2.622191400225506186e+02,1.139124470169474762e+03,4.306431982532617440e+02,-8.311845266795840814e+01,1.382416523671093728e+03,4.690148891042236983e+02,9.835293615021996061e+01,1.292904408059894649e+03,3.004240987999395429e+01,-7.610301037643132815e+01,9.365283483770931525e+02,1.497593680441002277e+02,1.691012594308936343e+02,1.025034976097321760e+03,9.685421621834272798e+01,-6.323017807823543279e+01,4.501060311452390010e+02,4.871290526887714236e+02,7.975912213340917845e+01,1.004628587972431205e+03,-7.798747267795969051e+00,-7.148899996578944815e+00,1.249030932515680092e+00,2.893699724858959144e+02,5.271122944671274269e+01,6.071220768976090767e+02,2.509241129886134161e+02,1.313922719518644122e+01,1.341230187996051093e+01,4.847059831175227487e+02,-9.161202516484844693e+01,5.623126177818811584e+02
1.300472878049556300e+02,2.497249421863930152e+01,1.715736616701108005e+03,7.067374992044318560e+01,-1.458099708836429897e+02,1.437383939991317675e+03,1.210369236435404616e+02,2.347412796881826296e+02,1.410177356915407927e+03,2.890219588560933630e+02,-2.440322901451802124e+02,1.228583126337203566e+03,3.189761321570354085e+02,2.654569888599855858e+02,1.139369669355894075e+03,4.321259948848659747e+02,-7.968143178693259188e+01,1.379641112011724772e+03,4.719289248966892956e+02,1.001782283988153779e+02,1.293939539214041588e+03,2.910223487098479112e+01,-7.266085864499743252e+01,9.364917727885298291e+02,1.502304257500380800e+02,1.720490768857633839e+02,1.023857177306260496e+03,9.690419913827831522e+01,-6.170833438879800070e+01,4.503434175888030495e+02,4.867865364608512664e+02,7.986861149542832550e+01,1.002674608771591920e+03,-6.968588530144894655e+00,-7.330405582956802668e+00,1.749261811658912702e+00,2.891057567482479271e+02,5.504536489928724308e+01,6.051126256662557807e+02,2.507960945737467284e+02,1.296234093024287226e+01,1.375355172912412627e+01,4.826095212647238668e+02,-9.542650910684253063e+01,5.610412680644907368e+02
1.310631889482497741e+02,2.726317551908735126e+01,1.713838563954132269e+03,7.119532258254596968e+01,-1.425949408685460469e+02,1.436412370726817244e+03,1.219068084051550755e+02,2.386032865616616334e+02,1.408539145573196265e+03,2.883826400389783657e+02,-2.400077262823120634e+02,1.226429263718562197e+03,3.195403398857268940e+02,2.689581477020657871e+02,1.139482345487596149e+03,4.342918489537183859e+02,-7.794836253137953008e+01,1.376444715192847525e+03,4.747819998660017973e+02,1.026778261430182653e+02,1.294315823328692431e+03,2.807653847636668587e+01,-6.942431918387181611e+01,9.361070492567342853e+02,1.505977414312832252e+02,1.750527978405480383e+02,1.022450069121928095e+03,9.727472104960283161e+01,-6.020025362136917835e+01,4.504950576024326097e+02,4.862406261637711964e+02,8.067219494647052613e+01,1.000308195199433953e+03,-6.161228624057752512e+00,-7.384951508998279124e+00,2.193612035959123574e+00,2.881116942466935598e+02,5.831849092211556496e+01,6.028428598584059728e+02,2.508944377523721698e+02,1.287884165886975829e+01,1.399891692000795906e+01,4.804708577715755951e+02,-9.658677745105136125e+01,5.596516064221641500e+02
1.319617335728292744e+02,2.938155103427691017e+01,1.712308325758351202e+03,7.186739185973580391e+01,-1.398122940055081642e+02,1.435511005784286226e+03,1.227653835159969304e+02,2.420325199458928580e+02,1.407120163464074267e+03,2.881808988819386741e+02,-2.369690924114260326e+02,1.223838788002378578e+03,3.198095235069735622e+02,2.728800452457774668e+02,1.139477978810849891e+03,4.373765007966800908e+02,-7.753393201542478153e+01,1.372929411175183986e+03,4.776562812375801741e+02,1.063371193459742869e+02,1.293899952761340728e+03,2.681579411510811539e+01,-6.622998116169287641e+01,9.354522415276172751e+02,1.507719916042239845e+02,1.783190313633897972e+02,1.020917573338699981e+03,9.787852956662054282e+01,-5.867243623941411101e+01,4.506093106163702373e+02,4.854506512630420616e+02,8.205739369835679042e+01,9.978977319404963282e+02,-5.457225586465169975e+00,-7.312077563378862166e+00,2.527743903045315488e+00,2.863260320283105216e+02,6.233785671323123267e+01,6.005115815406621778e+02,2.511747403187974612e+02,1.295611903703807677e+01,1.411055315784054187e+01,4.781135451730244768e+02,-9.514298188222352337e+01,5.583112012811017166e+02
1.326802813518697803e+02,3.156721238474012736e+01,1.711198721890170873e+03,7.256039534905234234e+01,-1.372957964853643205e+02,1.434620071563490455e+03,1.237128963871498968e+02,2.450958763964047762e+02,1.406166394132065761e+03,2.883889702103448940e+02,-2.346600865882239475e+02,1.220956189033922328e+03,3.198493419410629031e+02,2.772965032088042108e+02,1.139452873466137589e+03,4.413729067464742570e+02,-7.763448004544790138e+01,1.369106432372080917e+03,4.806175136942213726e+02,1.113947503231727296e+02,1.292716075677899198e+03,2.529852694345420971e+01,-6.275807152085865681e+01,9.346514932240197595e+02,1.507267325529736013e+02,1.820156165679940443e+02,1.019267843977140046e+03,9.861193481670643735e+01,-5.705221426746587099e+01,4.507594658823302325e+02,4.844429347687476479e+02,8.387594724142603297e+01,9.957976162122671440e+02,-4.830408960383294925e+00,-7.202949369078943676e+00,2.695914307460627324e+00,2.838550389631259350e+02,6.694014465167458638e+01,5.982845662479135171e+02,2.515411512889217249e+02,1.311633361996200620e+01,1.404861178654601694e+01,4.753177695857111189e+02,-9.201460427992452651e+01,5.569780948993573020e+02
1.332054715760288843e+02,3.407337417235132193e+01,1.710431162051288766e+03,7.319342345619038781e+01,-1.347351492650793716e+02,1.433692570563644040e+03,1.248119301604519933e+02,2.479607027457487050e+02,1.405783914431855692e+03,2.888119464419476685e+02,-2.325955921432847333e+02,1.217994214040539418e+03,3.196979373821916965e+02,2.821573784025862324e+02,1.139503715230734088e+03,4.460431082726967134e+02,-7.742426938451218632e+01,1.364932172631392405e+03,4.836950015837970795e+02,1.177341439777492553e+02,1.290901624971100091e+03,2.365082816406906829e+01,-5.872831861811573617e+01,9.338351712426223230e+02,1.505065925324948921e+02,1.861786376429682548e+02,1.017443201091351170e+03,9.940934548054127617e+01,-5.529245257324589602e+01,4.509961607344220056e+02,4.833333028535818698e+02,8.588902038615061940e+01,9.941170930301302633e+02,-4.220863401156891292e+00,-7.167163927873733797e+00,2.677083907941426588e+00,2.808973873288471736e+02,7.192655088742219505e+01,5.962370752174249446e+02,2.518966848379361636e+02,1.320427395301724971e+01,1.380226083532540216e+01,4.718480938770350690e+02,-8.835305433627557647e+01,5.554284377050729518e+02
1.336414257408915489e+02,3.706636031161337996e+01,1.709795084039673611e+03,7.380465014336490981e+01,-1.318148979751570380e+02,1.432712746904938740e+03,1.260907717020811134e+02,2.508278656473799799e+02,1.405862096001953887e+03,2.891984974119319531e+02,-2.302223548608339740e+02,1.215090274283829558e+03,3.193754321321344491e+02,2.873292938839610997e+02,1.139641250676063692e+03,4.510203333175223293e+02,-7.637728003653096209e+01,1.360314304738362125e+03,4.868660273127144364e+02,1.249417211126668832e+02,1.288621545148600717e+03,2.206688907337434102e+01,-5.406636677253862899e+01,9.331263266337406321e+02,1.501995190935569155e+02,1.906966659502604386e+02,1.015418964189253643e+03,1.002598263765109863e+02,-5.339899841296803373e+01,4.513207747131432939e+02,4.822746135286270146e+02,8.781160037472848501e+01,9.926514911335486886e+02,-3.595034691207701805e+00,-7.264579388215314459e+00,2.499162012623674212e+00,2.776336741686990877e+02,7.700233073678967344e+01,5.943484735818814215e+02,2.521751367592190434e+02,1.310719087249186821e+01,1.342271667875042063e+01,4.674690586363013267e+02,-8.505328803609231159e+01,5.533744198130184486e+02
1.342114891642778218e+02,4.057476970141114236e+01,1.708990067928160215e+03,7.453465893803360132e+01,-1.283567682242457408e+02,1.431674268864203668e+03,1.275549331682871497e+02,2.538847700888955785e+02,1.406088224233928941e+03,2.893474484370863706e+02,-2.270942817679720349e+02,1.212190974277845953e+03,3.188964030800354408e+02,2.926942533923337351e+02,1.139753155787700962e+03,4.559589981929050282e+02,-7.439755458525431209e+01,1.355073124860103462e+03,4.900494846537030185e+02,1.325091430533626351e+02,1.285968063998303023e+03,2.068186544968919449e+01,-4.893739062910065485e+01,9.326299384479932542e+02,1.498904052070457453e+02,1.953818186344051639e+02,1.013284060208849041e+03,1.011886635910623511e+02,-5.140963626177986612e+01,4.516864486215691841e+02,4.813723225086609432e+02,8.942615180789927365e+01,9.910187697408354097e+02,-2.967191776206567155e+00,-7.475178028731607860e+00,2.227782784966221286e+00,2.741568721250682756e+02,8.180198080522353621e+01,5.925779067463756746e+02,2.523443118795194664e+02,1.284406085450605417e+01,1.302654074611037771e+01,4.619807049166334991e+02,-8.257145657863659949e+01,5.506370360288958636e+02
1.351602811376360478e+02,4.451287009899806435e+01,1.707737942340935433e+03,7.552589687876678681e+01,-1.243818469346946785e+02,1.430554615386049818e+03,1.291969745908893401e+02,2.572699100132797980e+02,1.406076592245580059e+03,2.891517590849923067e+02,-2.229838477171325053e+02,1.209042597986492410e+03,3.182814555381601735e+02,2.982415242899616601e+02,1.139641880507672113e+03,4.606740589186189823e+02,-7.176646020609562981e+01,1.348911440241496621e+03,4.931297698933873335e+02,1.400590295208774592e+02,1.282883970532166359e+03,1.948131148717033057e+01,-4.362584429043698009e+01,9.324056036866409158e+02,1.496201897437342723e+02,2.000841259954189297e+02,1.011231302382930608e+03,1.022242005787886683e+02,-4.934019202404396509e+01,4.520206119475504352e+02,4.806302443805425924e+02,9.067564156734773917e+01,9.889189498832106437e+02,-2.384122400214289339e+00,-7.707179918184020373e+00,1.941346221893806012e+00,2.704863964772410441e+02,8.603117316267989167e+01,5.909741983897567934e+02,2.523947387228212165e+02,1.256436261757911943e+01,1.275359368091183221e+01,4.553074116822575093e+02,-8.096227670504778473e+01,5.472781222114488173e+02
1.365976541603206158e+02,4.874570856738575486e+01,1.705927826138794899e+03,7.680282903481064238e+01,-1.200705668386949156e+02,1.429315066302906189e+03,1.309995444011087500e+02,2.610392699345169945e+02,1.405555378196844913e+03,2.885804642655841121e+02,-2.179122864010899434e+02,1.205308843566088626e+03,3.175605949800344661e+02,3.040898349819200916e+02,1.139112375508907007e+03,4.652108922174313079e+02,-6.897607875119703635e+01,1.341459702942088825e+03,4.960186875098544306e+02,1.474623885530349412e+02,1.279142835347128539e+03,1.830754731439702709e+01,-3.833764753952589643e+01,9.324305817492254391e+02,1.493681952012887280e+02,2.047823397442107023e+02,1.009456444468558402e+03,1.033678056249364943e+02,-4.713208419507208902e+01,4.522568472813852054e+02,4.799546226681901544e+02,9.166924451315431099e+01,9.863472529102859880e+02,-1.890909771729402777e+00,-7.827288205675619892e+00,1.706431019820753958e+00,2.666506030306461525e+02,8.965645132701460795e+01,5.897116225271704479e+02,2.523341805937448612e+02,1.245871734934369535e+01,1.269814031845664637e+01,4.476281398023355109e+02,-7.998016339452523482e+01,5.435799516713509547e+02
1.383884335581668097e+02,5.313953519657474089e+01,1.703699301671442527e+03,7.821764782716958564e+01,-1.156606025174605463e+02,1.427919148216170015e+03,1.329312849098349147e+02,2.651418180983802131e+02,1.404499176970203280e+03,2.876425062679839471e+02,-2.121225756689807440e+02,1.200755967596238634e+03,3.167588311897563926e+02,3.104184801494288877e+02,1.138050802569281359e+03,4.698071672307017934e+02,-6.651983952381682741e+01,1.332401538309190528e+03,4.987238641869604407e+02,1.548006072464440308e+02,1.274396591315686010e+03,1.695948549366204361e+01,-3.305287821304474249e+01,9.325795317206868731e+02,1.490630394747920491e+02,2.095992098579946230e+02,1.008034864030722702e+03,1.045748460851166470e+02,-4.464062016804135880e+01,4.523618454081656637e+02,4.791994033987488137e+02,9.260773772728792608e+01,9.836064821290864302e+02,-1.499803341539957868e+00,-7.702648622834797898e+00,1.560784899510733847e+00,2.627817376942949750e+02,9.299778662831000986e+01,5.889779936473903490e+02,2.521934191913341579e+02,1.263960023857565673e+01,1.285685819617088654e+01,4.394758035761292945e+02,-7.917500106760419953e+01,5.398447159267767574e+02
1.401820132386129103e+02,5.757009383396543711e+01,1.701382153834694691e+03,7.950529980988883949e+01,-1.113433726300098670e+02,1.426338974286328266e+03,1.349390222122485454e+02,2.694237644155014664e+02,1.403117748320024248e+03,2.863703197000590421e+02,-2.060107295701921259e+02,1.195394842903139079e+03,3.158641965174383017e+02,3.173405265509749711e+02,1.136446628550253763e+03,4.747544731153477073e+02,-6.469764465688066934e+01,1.321601960390612476e+03,5.013685278484148853e+02,1.622323420382879249e+02,1.268272776508715424e+03,1.532015745114632921e+01,-2.752677395841557839e+01,9.326443868650824243e+02,1.486145854664274566e+02,2.147317257280157037e+02,1.006863043270096682e+03,1.057486068015382727e+02,-4.168584232143270185e+01,4.523446582902405453e+02,4.782186603590938603e+02,9.368963823459452556e+01,9.810906004933028726e+02,-1.180654193780120931e+00,-7.250500432741299406e+00,1.504649550059971697e+00,2.591623007656866662e+02,9.660719664030970932e+01,5.887691810006683681e+02,2.520303708242452387e+02,1.306599043608306054e+01,1.313105873359741338e+01,4.317077099897845756e+02,-7.801696394647875366e+01,5.361308001456861803e+02
1.415882887294211230e+02,6.191154312195618559e+01,1.699304106064281768e+03,8.041802012146166589e+01,-1.072006419057335620e+02,1.424535999136353666e+03,1.369441222695800775e+02,2.736757877538586285e+02,1.401705379186018490e+03,2.848227540790990702e+02,-2.000081296238532502e+02,1.189488735251592743e+03,3.147979558469827452e+02,3.247907646519309992e+02,1.134356380036411110e+03,4.802261256867551538e+02,-6.348688908889128868e+01,1.309141609903002518e+03,5.041311255054478124e+02,1.698716308384783815e+02,1.260485477252687133e+03,1.342822695236335129e+01,-2.144084961827659441e+01,9.323957083406389756e+02,1.479506282994040305e+02,2.203359433541128283e+02,1.005707657557649441e+03,1.067502277832400210e+02,-3.814960545348958476e+01,4.522427028371383813e+02,4.769052550016379541e+02,9.505440015729311654e+01,9.789726127931385236e+02,-8.795883291841936069e-01,-6.482621983852355108e+00,1.499684360601623911e+00,2.561866666598741631e+02,1.009538328544561949e+02,5.887516374632079987e+02,2.519164011241802257e+02,1.355744282813217083e+01,1.338372183487958011e+01,4.252938684988523050e+02,-7.608825308246213126e+01,5.321213217398448023e+02
1.424025587523419460e+02,6.604719470171514217e+01,1.697585016671723452e+03,8.085930563061370435e+01,-1.031959700583630024e+02,1.422441679532297030e+03,1.388549631254608698e+02,2.777143307586373453e+02,1.400452266173201224e+03,2.830815549083025644e+02,-1.944230364951643537e+02,1.183417638260887998e+03,3.134189407407956196e+02,3.325044033335443601e+02,1.131848661179487408e+03,4.861699802791505931e+02,-6.252947466287378830e+01,1.295232217525333454e+03,5.071294254989713863e+02,1.777457674353284460e+02,1.250916304242146907e+03,1.144907554251216375e+01,-1.460883725135926170e+01,9.316611974274596832e+02,1.470419326448080994e+02,2.264338142975459505e+02,1.004331364318996066e+03,1.074305852187686128e+02,-3.406582754635859089e+01,4.520923983392668219e+02,4.752145172171755689e+02,9.677396296344404902e+01,9.770059847862120250e+02,-5.539720226941122760e-01,-5.519112673235886390e+00,1.476062581347545422e+00,2.542472922071945334e+02,1.060883293967159346e+02,5.883254802554523621e+02,2.519037382947977903e+02,1.389007767506848090e+01,1.351299716948186180e+01,4.209811510312713949e+02,-7.329268893177419386e+01,5.272444080139514426e+02
1.427401601930196477e+02,6.991161734277660855e+01,1.696065165635926860e+03,8.094300933552247557e+01,-9.922108982880909878e+01,1.419976733779187043e+03,1.406033677974128011e+02,2.814595945690500116e+02,1.399344715788696249e+03,2.812263053363743666e+02,-1.893022121136309011e+02,1.177479686748950826e+03,3.115811367124838966e+02,3.401194380208855250e+02,1.128974066495043189e+03,4.923361185457479792e+02,-6.126670550635486023e+01,1.280080429313316472e+03,5.103173732913923004e+02,1.858267148615816495e+02,1.239622144607307519e+03,9.568270063879717569e+00,-7.110088669192983879e+00,9.303850196585259482e+02,1.459080923025585150e+02,2.328952633651703650e+02,1.002614875865208205e+03,1.076847976877129724e+02,-2.964476910042544944e+01,4.519051870190000386e+02,4.731783237222457501e+02,9.886692498770244697e+01,9.745767790461743516e+02,-1.984803184629716222e-01,-4.552172571097868214e+00,1.349118692533581187e+00,2.536085231000858187e+02,1.115037345491536342e+02,5.868657932530412609e+02,2.519927210823231576e+02,1.391882907581189244e+01,1.349453816551213592e+01,4.190071236700164832e+02,-6.996444882356686890e+01,5.209865551530600669e+02
1.429919144120756016e+02,7.353042111536512948e+01,1.694428219280654957e+03,8.095083912721678132e+01,-9.518144196976219007e+01,1.417111968455863462e+03,1.421941013148913839e+02,2.849624791244122548e+02,1.398213420069341055e+03,2.793001391279054246e+02,-1.844010319558320532e+02,1.171744292182380377e+03,3.092282371675792660e+02,3.473600076875265472e+02,1.125771085139897650e+03,4.984235229788095012e+02,-5.919441206473545236e+01,1.263791216165668402e+03,5.134606648711903745e+02,1.940819168195572217e+02,1.226749710855004878e+03,7.877758113310369126e+00,7.271389978376601171e-01,9.286399166850399070e+02,1.446073874100148089e+02,2.395004811101669588e+02,1.000601834377275395e+03,1.075131145840592524e+02,-2.520638351735343008e+01,4.516695674339522952e+02,4.709070508971909135e+02,1.013101050168597936e+02,9.709754838952790124e+02,1.568478201862179011e-01,-3.768276426916455701e+00,1.045520461565766723e+00,2.543583138175465592e+02,1.163009712044357542e+02,5.839756446833069958e+02,2.521243728128978603e+02,1.365420182394471915e+01,1.337198284548063221e+01,4.190610388662683476e+02,-6.678950878882325526e+01,5.132052858871296621e+02
1.436193754578698361e+02,7.701969724715463883e+01,1.692434591269911607e+03,8.121383779106353984e+01,-9.107567169550655706e+01,1.413922489462049498e+03,1.437336011347591409e+02,2.883592813537569555e+02,1.396879672571572883e+03,2.772912969495834545e+02,-1.793003428681633125e+02,1.166032508698797983e+03,3.064751389392960164e+02,3.541942334212980086e+02,1.122283242747965460e+03,5.042401358798160800e+02,-5.612302245698254666e+01,1.246353295792825065e+03,5.162104970286561638e+02,2.024971966518397437e+02,1.212395677156333704e+03,6.324444877555951194e+00,8.477623650664268595e+00,9.265864322536817781e+02,1.432181528444165224e+02,2.460399308484777805e+02,9.984457106196449558e+02,1.070550348986382119e+02,-2.105061833213778044e+01,4.513805509490705958e+02,4.685682449688904967e+02,1.040470454168627867e+02,9.657158945419672591e+02,4.725492993069911885e-01,-3.265910174844365965e+00,5.340258428190661766e-01,2.564884091400189732e+02,1.195764612767648174e+02,5.795761736832592987e+02,2.522094893065653878e+02,1.324883875995709381e+01,1.321347012363129103e+01,4.205656976587300733e+02,-6.456674967656661579e+01,5.042502939895576901e+02
1.449067171296818515e+02,8.054441994673530303e+01,1.690093405157223742e+03,8.197491286462242499e+01,-8.700702141434686610e+01,1.410576858048565327e+03,1.454028153484634629e+02,2.917852716249673790e+02,1.395282710891293618e+03,2.751461514082034796e+02,-1.736083308511222754e+02,1.160024219242940262e+03,3.036209791507417890e+02,3.608595799652212577e+02,1.118558894032282979e+03,5.097489043007756209e+02,-5.228399908393994622e+01,1.227690482723308605e+03,5.182353572196661844e+02,2.110657884334936512e+02,1.196511869347106540e+03,4.748393279180376680e+00,1.581593981094495938e+01,9.243983474242575085e+02,1.418171324522067209e+02,2.523962833308073357e+02,9.962983714104129831e+02,1.065664089575364670e+02,-1.732926556033653043e+01,4.510718551520320148e+02,4.663366506462530197e+02,1.070091676143648840e+02,9.587072007896402965e+02,7.255567277708870888e-01,-3.013211337974452064e+00,-1.516424275015290368e-01,2.600562884808879289e+02,1.208114808331259269e+02,5.737859398272951239e+02,2.521795883961528091e+02,1.290466962611554891e+01,1.307056830685921511e+01,4.231418911926970736e+02,-6.393478709645549429e+01,4.948208941798873184e+02
1.468140182295753107e+02,8.426907068901111586e+01,1.687645306519581936e+03,8.329370820112792728e+01,-8.309963062166345082e+01,1.407249260379550833e+03,1.473730293993011458e+02,2.953130702994340027e+02,1.393496328662788301e+03,2.728099626257328509e+02,-1.671217310769734183e+02,1.153427616710619532e+03,3.010696218826878976e+02,3.677269583167770861e+02,1.114634330328817896e+03,5.149522896684827629e+02,-4.819386278924110911e+01,1.207738936306880078e+03,5.193365574462460472e+02,2.197724630358506772e+02,1.178949911184948860e+03,2.983396120216307068e+00,2.264989611481931320e+01,9.221895965278760059e+02,1.404588348956086747e+02,2.585764694694307764e+02,9.942113574061297641e+02,1.063392806978910414e+02,-1.398403175950296173e+01,4.508178622169739924e+02,4.643315002311299509e+02,1.101572579787678592e+02,9.501893233373878047e+02,9.126760678631017365e-01,-2.869475868374057104e+00,-9.132112098259194122e-01,2.653032712265876398e+02,1.200490198826860251e+02,5.666954752056684583e+02,2.520282459599647780e+02,1.276066457785328190e+01,1.296441574133928043e+01,4.269679940816001817e+02,-6.519917572540356332e+01,4.856370955010261241e+02
1.490151887219916489e+02,8.832779546742382593e+01,1.685370096815554462e+03,8.503439611074570337e+01,-7.937072933155714338e+01,1.404005141148906887e+03,1.497106970141503837e+02,2.989612173968059210e+02,1.391633474681929329e+03,2.702730074130364528e+02,-1.598508150133955326e+02,1.146119993792615787e+03,2.991847911273748650e+02,3.750846467548773830e+02,1.110527879316896815e+03,5.196997883256454998e+02,-4.434224579485599094e+01,1.186513092176246346e+03,5.194860398870023346e+02,2.286046625784451862e+02,1.159646128897137714e+03,9.575498973773874933e-01,2.912620914836950448e+01,9.199765544888318800e+02,1.391620463692573821e+02,2.646956238924328773e+02,9.921062571181010981e+02,1.066031252740917097e+02,-1.078271461028258216e+01,4.506946991290845403e+02,4.625758257127935167e+02,1.135276166012896653e+02,9.404954940965054675e+02,1.031818477904739018e+00,-2.659075906530197653e+00,-1.617006853030940938e+00,2.726198217387766931e+02,1.177828319230629432e+02,5.582089331459844743e+02,2.518172831757555343e+02,1.283138793123624488e+01,1.289851646993480472e+01,4.327866037493688509e+02,-6.831689085806841888e+01,4.771035203344058573e+02
1.510903426991113179e+02,9.280812256525723569e+01,1.683359522485265416e+03,8.693931287029636223e+01,-7.566385003767703665e+01,1.400734708174805064e+03,1.523347467529893606e+02,3.027541146973489390e+02,1.389719052478020103e+03,2.675890054978967214e+02,-1.519156132343591139e+02,1.138184177684403949e+03,2.981471249718373997e+02,3.829825407354254025e+02,1.106264791707958238e+03,5.235783943105144544e+02,-4.089328991220319409e+01,1.164128701867870177e+03,5.187756492175667518e+02,2.375972045530572245e+02,1.138830644799593529e+03,-1.266039562023874465e+00,3.551925647140835451e+01,9.176886548480206329e+02,1.379101798676900898e+02,2.709301246876354980e+02,9.898205094178300669e+02,1.074628604415772060e+02,-7.438567004697348217e+00,4.507260324048957045e+02,4.610064730277280773e+02,1.172484748081123911e+02,9.298069942178200336e+02,1.062313011143437569e+00,-2.257107672312550051e+00,-2.138328506303118104e+00,2.823635758621927039e+02,1.146554055515129136e+02,5.480600381313900016e+02,2.516455860198764753e+02,1.303038793304933662e+01,1.288019539400357516e+01,4.415323783283891999e+02,-7.299868540143323514e+01,4.691483768141997643e+02
1.527514455342283384e+02,9.772445920860735669e+01,1.681411590999258124e+03,8.875213616654862392e+01,-7.171823373633587551e+01,1.397175939368518129e+03,1.550578446202324869e+02,3.067654848187551124e+02,1.387624575573983520e+03,2.648400025110864817e+02,-1.434184319558110872e+02,1.129816033999481533e+03,2.978851268213549019e+02,3.912358821158869659e+02,1.101915721889949737e+03,5.259900302485366410e+02,-3.758377524058644781e+01,1.140758674891562578e+03,5.173215370298894413e+02,2.468837914579153505e+02,1.117101955841001200e+03,-3.530022756035975373e+00,4.207561574563350604e+01,9.152112924283112534e+02,1.366664231763496673e+02,2.774542914945000120e+02,9.871844703028310732e+02,1.089083321662495223e+02,-3.757587415398142117e+00,4.508557236495464622e+02,4.595294387528209086e+02,1.214996581114158261e+02,9.180496215648074667e+02,9.653174359340501720e-01,-1.640085432723943581e+00,-2.396380151612626186e+00,2.946620846779296130e+02,1.111566591018905399e+02,5.359675451892832143e+02,2.516007756794489012e+02,1.325547197066425120e+01,1.293120428872526695e+01,4.538146285415479042e+02,-7.884022939698741084e+01,4.613175886681584643e+02
1.539694634868686762e+02,1.029797242320164514e+02,1.679106780237673320e+03,9.033129027485722418e+01,-6.734555135782433410e+01,1.393008682421706226e+03,1.576866106957450597e+02,3.110940000142655890e+02,1.385104330732676317e+03,2.620528505328045981e+02,-1.344107841599104347e+02,1.121148975344701284e+03,2.981181050654923297e+02,3.995736158068411328e+02,1.097603796873545662e+03,5.263720133044032536e+02,-3.387433793157765649e+01,1.116526984497574631e+03,5.151897965821036678e+02,2.567086211307571944e+02,1.095281501074685821e+03,-5.674712098482876499e+00,4.890145358111013962e+01,9.124287742101982985e+02,1.353962380780888566e+02,2.843740610897435772e+02,9.840719172686992806e+02,1.108856632522963110e+02,2.597047678362521816e-01,4.509692343748220082e+02,4.580784845574949600e+02,1.264286637906150048e+02,9.049731904215656186e+02,7.048990596733959446e-01,-8.751577601225249969e-01,-2.363262315478770859e+00,3.093579383584292373e+02,1.074876494597751133e+02,5.217923128275865565e+02,2.517207300455426662e+02,1.347503809237426964e+01,1.307818841096045404e+01,4.695927055261011560e+02,-8.540486429808781565e+01,4.530574419627049565e+02
1.549417093736283562e+02,1.083550709348093761e+02,1.676000487498368557e+03,9.169933757307055089e+01,-6.258599437779859187e+01,1.387961961753653441e+03,1.601188308448546138e+02,3.157901847991803379e+02,1.381900762002724832e+03,2.591149805660384118e+02,-1.249811642123705440e+02,1.112098196473933740e+03,2.984921135688968548e+02,4.078178967471903320e+02,1.093449367498115635e+03,5.244045576577688053e+02,-2.925390160196714362e+01,1.091398806733801848e+03,5.123869132576439824e+02,2.673626892556914640e+02,1.074104387713385449e+03,-7.618354268780358929e+00,5.594438962304086260e+01,9.092442850219329102e+02,1.340854697890453622e+02,2.916800780258328700e+02,9.803982376748500656e+02,1.133822951221977746e+02,4.420500963624146351e+00,4.509465090726213816e+02,4.566283717267529028e+02,1.320809935414529832e+02,8.903406987929017760e+02,2.712837799924325832e-01,-5.593569412367672966e-02,-2.050314433694509386e+00,3.261411821222117169e+02,1.036356568849014508e+02,5.055804271693044143e+02,2.519816714222643839e+02,1.375958294259729797e+01,1.332887762720301339e+01,4.882425452905677616e+02,-9.223040727462388588e+01,4.440240096676997155e+02
1.559386916501662483e+02,1.135791221619440279e+02,1.671801479370744801e+03,9.300731746830750524e+01,-5.770954946672593167e+01,1.381880999540100220e+03,1.623815772458135882e+02,3.208102454643363330e+02,1.377847883832561820e+03,2.557590896886154894e+02,-1.153660593610457710e+02,1.102328877995699713e+03,2.987380732653241466e+02,4.159736546713389203e+02,1.089472072101644926e+03,5.200690147729711725e+02,-2.351607281970720464e+01,1.065154121883413609e+03,5.089085751276226688e+02,2.790579318964639128e+02,1.053913427571864759e+03,-9.374072266236360917e+00,6.306428147226136360e+01,9.055781932085221797e+02,1.327444468610100614e+02,2.992487049472807712e+02,9.760886143708114560e+02,1.164695524495928538e+02,8.453902858720077518e+00,4.507063750284125945e+02,4.551463826668240245e+02,1.384035829919791070e+02,8.741043958617440239e+02,-3.110867614630362654e-01,7.760566624499563027e-01,-1.488383690003036497e+00,3.447549460885721260e+02,9.957223769190636631e+01,4.874959936938510623e+02,2.523124939428508924e+02,1.424149932023091125e+01,1.365183706468084068e+01,5.089323379558305191e+02,-9.879200277506274119e+01,4.342681066434612376e+02
1.571363545161666764e+02,1.184781584624036270e+02,1.666436142578634190e+03,9.443862065826795060e+01,-5.303585008815801416e+01,1.374732840016507907e+03,1.645931459895995772e+02,3.260545548681644732e+02,1.372912593633045617e+03,2.516566763226875025e+02,-1.059470764908561904e+02,1.091382724607820364e+03,2.987686967372615072e+02,4.241887920173693374e+02,1.085516057027338775e+03,5.135426545602957731e+02,-1.686777012737065817e+01,1.037488114302317626e+03,5.047985608692000596e+02,2.918142871024471106e+02,1.034528185016214138e+03,-1.099993916320158505e+01,7.014331304979489801e+01,9.013613876077019995e+02,1.313954699437458089e+02,3.069038584213510603e+02,9.710600470568160745e+02,1.202754302666435109e+02,1.217795421989030835e+01,4.502140348600162270e+02,4.535141310804756358e+02,1.453235408921753447e+02,8.564704427737281094e+02,-9.897574705183599386e-01,1.674842896485071009e+00,-7.162859456603070107e-01,3.651014296294927703e+02,9.541333636001793650e+01,4.677428512764362836e+02,2.526235951855071562e+02,1.503005050037397083e+01,1.397690885374418102e+01,5.310230703041961533e+02,-1.044953329010126595e+02,4.242312432914979468e+02
1.585343474197263163e+02,1.231259963305106027e+02,1.659986905722559641e+03,9.610803984023118574e+01,-4.869022359604140604e+01,1.366560692612479670e+03,1.668766221529747042e+02,3.314661839622126536e+02,1.367158679138187154e+03,2.465845399777645071e+02,-9.708918316974842355e+01,1.078894608049192129e+03,2.986729047189834318e+02,4.326418539849905756e+02,1.081265471987511773e+03,5.050251733259883054e+02,-9.850935972572141708e+00,1.008187069462699696e+03,5.001675927234947494e+02,3.054576181723113564e+02,1.015362643310161729e+03,-1.252734737021977729e+01,7.717373583256221536e+01,8.965343097787467741e+02,1.300509157357072638e+02,3.145160664821577825e+02,9.652399173831443022e+02,1.249073144868803524e+02,1.561934070596586821e+01,4.494547212393734412e+02,4.514812222138692732e+02,1.528381313368990675e+02,8.378196927658707409e+02,-1.689581800813328982e+00,2.768169907167084443e+00,2.194531757321339926e-01,3.871712605085276664e+02,9.142281816500047853e+01,4.465577933378235116e+02,2.528370227539940345e+02,1.613220183429248067e+01,1.421794940608664781e+01,5.542313791351526788e+02,-1.087641316446454169e+02,4.145806495515349752e+02
1.599940628228535502e+02,1.278732692105616167e+02,1.652572988694269498e+03,9.800826000641997382e+01,-4.447551953446581763e+01,1.357414288999377504e+03,1.692787372615724735e+02,3.370965038185649973e+02,1.360666556310410897e+03,2.405592479278646749e+02,-8.892081625574108728e+01,1.064769238162313513e+03,2.986351305767704503e+02,4.414477028188481427e+02,1.076366205771385239e+03,4.946081438734121889e+02,-3.157149092398969348e+00,9.772664537322767728e+02,4.951621517712471245e+02,3.197696751029960183e+02,9.957352222251773810e+02,-1.392515847562592413e+01,8.427940062594259985e+01,8.910465567755107941e+02,1.286973247008536987e+02,3.220830295502093463e+02,9.586032236496560017e+02,1.303762396963045092e+02,1.900725613809579784e+01,4.484000918217257663e+02,4.487017726814518710e+02,1.610412997952280136e+02,8.185254894317340586e+02,-2.308989787744095690e+00,4.181423783510603620e+00,1.258987893283818993e+00,4.108760431045732275e+02,8.787925795092972692e+01,4.242593985164066339e+02,2.529087611915252296e+02,1.742580919611167189e+01,1.430113103385550666e+01,5.784952548002694357e+02,-1.112089104659180947e+02,4.059654065717044205e+02
1.613513275619986302e+02,1.331945987351486451e+02,1.644262347764808283e+03,1.000225675213308278e+02,-3.996262730117024375e+01,1.347289243284724307e+03,1.717421232390444175e+02,3.430624818550835471e+02,1.353464090708540880e+03,2.338336387045420963e+02,-8.122577064232899602e+01,1.049213421955942067e+03,2.988470940436677665e+02,4.506289043712031912e+02,1.070596315171384731e+03,4.822362749046226895e+02,2.572341401870605448e+00,9.449854737892439971e+02,4.899188682813835385e+02,3.347155819970780612e+02,9.752279550216562711e+02,-1.512637423851146323e+01,9.166101893730923678e+01,8.848468575056123200e+02,1.272999917346561460e+02,3.297372483784968722e+02,9.511883987673376168e+02,1.365701760704187961e+02,2.264013866693706589e+01,4.469940735451736487e+02,4.448583451375513960e+02,1.700692674037660481e+02,7.987634765756391744e+02,-2.720803068546475245e+00,5.954469471303391437e+00,2.325068158488138526e+00,4.359351654014841984e+02,8.495642570803060778e+01,4.012646813825751337e+02,2.528383811842985835e+02,1.870376378304180776e+01,1.417795034144567090e+01,6.036931993044153160e+02,-1.117691339191009234e+02,3.987885735123577433e+02
1.625199955738914923e+02,1.394199758026319103e+02,1.635061138991367443e+03,1.019836933822773659e+02,-3.474421963829959736e+01,1.336104412403798278e+03,1.741451054993497394e+02,3.494154461860895822e+02,1.345507530444090889e+03,2.267311982374716024e+02,-7.354706870620606196e+01,1.032613310366578617e+03,2.994616392087853001e+02,4.601331899647544788e+02,1.063981623142352191e+03,4.677384217144879131e+02,6.914527136124683615e+00,9.117455752308693491e+02,4.845487051221422234e+02,3.505860288165138741e+02,9.539394613349672909e+02,-1.609547075203230193e+01,9.949152426679650318e+01,8.778651255661939103e+02,1.258297110658631794e+02,3.376672593127161690e+02,9.430659685550529048e+02,1.432909204711147027e+02,2.670504352182135221e+01,4.451671928756488228e+02,4.398218984931253885e+02,1.800175589742890736e+02,7.784194918602480584e+02,-2.801654418034293492e+00,8.002228879775522330e+00,3.326488551455490938e+00,4.618969749004161827e+02,8.277017920798722628e+01,3.780135301822924703e+02,2.526652399282575061e+02,1.976717340270301548e+01,1.381666950658542881e+01,6.294325802678498576e+02,-1.106984981600897555e+02,3.930745469077861571e+02
1.635225770035389417e+02,1.465168968469021706e+02,1.624961520446196346e+03,1.037394744180023594e+02,-2.867765316602381986e+01,1.323730919239583500e+03,1.763797017258949893e+02,3.560296508424758599e+02,1.336712150488094721e+03,2.194082069204729351e+02,-6.544999535524715384e+01,1.015342643524617415e+03,3.005880119023877342e+02,4.698505077251062971e+02,1.056776327765916676e+03,4.508816729005937418e+02,9.784042871801680974e+00,8.779628093450594406e+02,4.791639490003216224e+02,3.679190965076434736e+02,9.325291780964172403e+02,-1.688359177623803831e+01,1.078162125690939774e+02,8.700040574824510031e+02,1.242957853308881937e+02,3.459961262450210029e+02,9.342724015602332202e+02,1.503307466345976593e+02,3.115874142234170918e+01,4.428695096544978469e+02,4.337648336984063349e+02,1.908984178967796765e+02,7.571589245826500019e+02,-2.493809753532425955e+00,1.013897806841088034e+01,4.171944549457132112e+00,4.882411599762713195e+02,8.159489193251006611e+01,3.548391418240220787e+02,2.524545412315671626e+02,2.051216626630658268e+01,1.318589654328532035e+01,6.550264637308030160e+02,-1.083559721985434550e+02,3.884740671785398831e+02
1.644410735218048387e+02,1.540767165384112332e+02,1.613992580139711890e+03,1.051940727198876431e+02,-2.195250675374687432e+01,1.310062759820788870e+03,1.784137572743772182e+02,3.626184136000568401e+02,1.327003069514166555e+03,2.116985176533576691e+02,-5.677503066814497856e+01,9.976242374917530924e+02,3.022974767660821271e+02,4.796151031020731921e+02,1.049318887698319259e+03,4.314269225125972298e+02,1.147395359570223405e+01,8.440126832254270539e+02,4.739272079150747459e+02,3.872143207270559060e+02,9.120390754616731783e+02,-1.762745824691090135e+01,1.165184232174003256e+02,8.611593868472763234e+02,1.227605811150928758e+02,3.546961999978903464e+02,9.247539403105877227e+02,1.575416102778989966e+02,3.573985456204378863e+01,4.401043573699425338e+02,4.271590857127383742e+02,2.026598102137081696e+02,7.346382566041527298e+02,-1.864512637515281845e+00,1.214782831093918603e+01,4.791175886785399740e+00,5.144440111017188428e+02,8.206873943028504925e+01,3.318921660428799782e+02,2.522798386622871760e+02,2.095329620947395810e+01,1.225132782658255159e+01,6.796265358340432385e+02,-1.049120400613190043e+02,3.843960120776097824e+02
1.653349320137371308e+02,1.615301016458237768e+02,1.602234466866078492e+03,1.063163019489972214e+02,-1.494592406854028610e+01,1.295096634463512601e+03,1.802957283772741448e+02,3.688892158598601441e+02,1.316357309919744239e+03,2.031572218280280993e+02,-4.771729651786279192e+01,9.795207424979968209e+02,3.046199885683760158e+02,4.892242527404859516e+02,1.041866437343944199e+03,4.091967789743287653e+02,1.257529565226964330e+01,8.102763217091152228e+02,4.690944123871678357e+02,4.086127432123508925e+02,8.935683966894818013e+02,-1.848902755669577047e+01,1.253815390959331495e+02,8.512694593651441437e+02,1.213196409660994846e+02,3.636045135664605255e+02,9.143669388414265313e+02,1.648541651316241428e+02,4.010137637532482557e+01,4.369479409681288757e+02,4.206478716090687726e+02,2.152275768095262833e+02,7.107552796201599676e+02,-1.109619406104028760e+00,1.385931307172209159e+01,5.153533076396169754e+00,5.399458252721912004e+02,8.516133392314785056e+01,3.091928264983319536e+02,2.522090540996046855e+02,2.116709817361826396e+01,1.099488252962487245e+01,7.023960667001708771e+02,-1.001556828103488499e+02,3.802001682515970060e+02
1.661897500580325584e+02,1.684613157312092824e+02,1.589798304828685332e+03,1.071246366861267489e+02,-7.977180389981317177e+00,1.278980145312657669e+03,1.821020535318259306e+02,3.747343810503640498e+02,1.304826252584443864e+03,1.932930441057903295e+02,-3.868847030493952133e+01,9.610373438379373283e+02,3.075406609572208367e+02,4.985064424320773355e+02,1.034523430151672983e+03,3.841613190171846668e+02,1.377347864353030715e+01,7.772259804881103946e+02,4.650319382127421477e+02,4.317557254426345139e+02,8.779323136886966950e+02,-1.957345435139507117e+01,1.342176281553850004e+02,8.403686644455481201e+02,1.200544107885258285e+02,3.725398943294020455e+02,9.029473561654762079e+02,1.722383398808834443e+02,4.398330270904114769e+01,4.335455461351929216e+02,4.148465442896998638e+02,2.285238642924334158e+02,6.857993448178510789e+02,-4.774866789048759497e-01,1.520973657546731239e+01,5.272501553730442936e+00,5.640754256015931105e+02,9.184223993414632048e+01,2.867737812089514478e+02,2.522976015872659730e+02,2.119853889552638648e+01,9.443859987495953234e+00,7.226340705065734937e+02,-9.351679659174961046e+01,3.753574963085768559e+02
1.669318966059888680e+02,1.748247525308850356e+02,1.576801832981247117e+03,1.076630979311378411e+02,-1.131638709422087219e+00,1.262000048744454261e+03,1.838668423820985538e+02,3.803193724384340157e+02,1.292539122161338810e+03,1.818490686589292125e+02,-3.006069834067428204e+01,9.422475733956395061e+02,3.110105629219385150e+02,5.074218210183460656e+02,1.027294390719552439e+03,3.565074791410878561e+02,1.560302609452778633e+01,7.454510756746235529e+02,4.621867395069443774e+02,4.559129568317028429e+02,8.654341278067768144e+02,-2.087132318835831057e+01,1.429795663558095100e+02,8.286080905304195312e+02,1.189864307410071973e+02,3.814496124204216017e+02,8.904142856969658624e+02,1.796429875930419939e+02,4.732668756090856022e+01,4.300796541827316446e+02,4.101647099325746808e+02,2.424656611319825004e+02,6.604098391022473606e+02,-1.476400232585836636e-01,1.626362586404408717e+01,5.191668181643618318e+00,5.860472645202992226e+02,1.026507017190227771e+02,2.647915679562053128e+02,2.525863429186910025e+02,2.100505116400886507e+01,7.683849948148473885e+00,7.398457299750590437e+02,-8.425106366496015653e+01,3.695079679963482704e+02
1.674929195128960089e+02,1.809403536661741612e+02,1.563362958729560887e+03,1.079799196763725888e+02,5.744338992375212172e+00,1.244510686365471884e+03,1.855435834273247622e+02,3.860093101486923501e+02,1.279687381457084484e+03,1.689544561649164507e+02,-2.195980486588583247e+01,9.233496388393560892e+02,3.149659726789060414e+02,5.161311287992696180e+02,1.020183597529036888e+03,3.266370425610612642e+02,1.829664807719771957e+01,7.155688730829152746e+02,4.609882292025004062e+02,4.802860206080550824e+02,8.558233018546133053e+02,-2.224754519404177344e+01,1.517750769140216107e+02,8.162237910051252356e+02,1.180638673323883836e+02,3.904863598691654261e+02,8.768461909081995600e+02,1.869721882269336959e+02,5.027293592050654780e+01,4.267131109664150586e+02,4.067272076938977534e+02,2.569939409789467959e+02,6.353608906068279794e+02,-1.363092732001187635e-01,1.719360677105440516e+01,4.960344017742378320e+00,6.050950377578036523e+02,1.174967456746283574e+02,2.435084367374313672e+02,2.530986855313838930e+02,2.048835392431713132e+01,5.836619635458093924e+00,7.538037024786883649e+02,-7.161776115022037459e+01,3.624105796762152636e+02
1.678718456760878723e+02,1.872983607071024323e+02,1.549606229416767974e+03,1.081192512551045866e+02,1.290798513464483754e+01,1.226832410297654633e+03,1.870242796600687996e+02,3.921979854878561582e+02,1.266490610595006956e+03,1.550581786020197796e+02,-1.422826555874129362e+01,9.046163942817183852e+02,3.193348520164303750e+02,5.249772116187759821e+02,1.013237432884814211e+03,2.950757250156891018e+02,2.182030832944748155e+01,6.880473386089745418e+02,4.616970660546317049e+02,5.042948754834152965e+02,8.484288565671110973e+02,-2.347189902875090795e+01,1.607692001761705285e+02,8.034674401806968262e+02,1.171887255510052057e+02,3.999618514417233541e+02,8.624841623402062396e+02,1.941253069917432015e+02,5.306659549328431780e+01,4.235257774043718086e+02,4.044167650832812910e+02,2.721579763326648731e+02,6.112933357138756492e+02,-2.857185694003768206e-01,1.821952700054732333e+01,4.616878365866228684e+00,6.206863095023626329e+02,1.358787965182877144e+02,2.231566259914648640e+02,2.538336894344467680e+02,1.959794984652633687e+01,4.010720912860874066e+00,7.646165408306422933e+02,-5.492931109061171924e+01,3.538411302740720998e+02
1.681493023691223527e+02,1.943175646156586254e+02,1.535660702598271882e+03,1.081316548331281524e+02,2.056056450053553419e+01,1.209167232001323327e+03,1.882034734090192387e+02,3.991634219452710113e+02,1.253155079119707580e+03,1.407010742360431550e+02,-6.560131081703806544e+00,8.862760457136250807e+02,3.240223168810369998e+02,5.343801956413503831e+02,1.006502907005511815e+03,2.623420652674090547e+02,2.604889730188797614e+01,6.630350177182543803e+02,4.642811856731780722e+02,5.277040863913359772e+02,8.423981582398358796e+02,-2.427744563649722664e+01,1.700478504016293755e+02,7.905391059009314176e+02,1.162630028913142297e+02,4.102074903370011043e+02,8.476618814195938967e+02,2.010658236085634201e+02,5.593530043338080304e+01,4.204773929418007583e+02,4.029978347415964208e+02,2.881960580943576247e+02,5.885400825851171476e+02,-3.420216496332652012e-01,1.952295602348937109e+01,4.193566156606382656e+00,6.326786310922905159e+02,1.573802134208618781e+02,2.037919547574685453e+02,2.547578940928837881e+02,1.842992044708081778e+01,2.256775251104430335e+00,7.727560430147793795e+02,-3.351699449307578504e+01,3.435114944115184699e+02
1.684475389028739301e+02,2.021969555656143029e+02,1.521635571662561006e+03,1.080962922919441809e+02,2.876217661358136368e+01,1.191574157297485272e+03,1.890495160290710999e+02,4.070245376787371470e+02,1.239845209892789399e+03,1.262722639090504799e+02,1.295399875419227076e+00,8.684089268877947916e+02,3.288949754093422371e+02,5.447037912775127779e+02,9.999783669866732225e+02,2.288493862806401467e+02,3.091349908069011576e+01,6.403085716032388746e+02,4.684225952856860999e+02,5.505820447900216550e+02,8.369618994804502563e+02,-2.443704504977828762e+01,1.795483527486586581e+02,7.775579522828078325e+02,1.152199045179005026e+02,4.214302914350545279e+02,8.327040099591716853e+02,2.078470134592988074e+02,5.902195151447411803e+01,4.174251630652949530e+02,4.022435541002912487e+02,3.055103977636113086e+02,5.671227897835865406e+02,-7.844347334566183216e-02,2.116893473949649263e+01,3.737024817598427084e+00,6.413044472637924400e+02,1.820793470045605602e+02,1.852448387842036368e+02,2.558017312627667650e+02,1.723668630465252960e+01,5.581039775610578957e-01,7.789746351365259898e+02,-6.761096384948531046e+00,3.310601882175092783e+02
1.688707053043273731e+02,2.109054135834407191e+02,1.507580779302951214e+03,1.081337563828047479e+02,3.743764916371586082e+01,1.174015571219963931e+03,1.896443830278753353e+02,4.157741465607964528e+02,1.226678823709080689e+03,1.118760125699592578e+02,9.393119353481193201e+00,8.509377928979138233e+02,3.337956071429649683e+02,5.561607271471701779e+02,9.936500699835180512e+02,1.948711383978736364e+02,3.636701489164321544e+01,6.193974774680104929e+02,4.736874869612188377e+02,5.731893223037701546e+02,8.316665658329171720e+02,-2.384444184119500321e+01,1.891130792035298782e+02,7.645778251716394607e+02,1.140224426846475581e+02,4.336449829435370589e+02,8.178462435554087051e+02,2.145538855194975270e+02,6.239782501543977133e+01,4.141957451945722255e+02,4.019978539499226144e+02,3.244996420488556055e+02,5.468891832379151765e+02,5.980487225652608707e-01,2.307139423937983835e+01,3.318510632234352720e+00,6.469909580626217576e+02,2.105763642989560651e+02,1.671974047696224943e+02,2.568643688822411377e+02,1.631956565979149687e+01,-1.139998361077016353e+00,7.840988661919169544e+02,2.574521197572065745e+01,3.161279235566950661e+02
1.694687470687769917e+02,2.202615128585451032e+02,1.493455842428934602e+03,1.083882888626421561e+02,4.643012911173960333e+01,1.156443452297055501e+03,1.901703219262553262e+02,4.253136765110505735e+02,1.213734371897405481e+03,9.734781924054753688e+01,1.758896294560950579e+01,8.337274219963614996e+02,3.386003353388384198e+02,5.687862443750542525e+02,9.876151128082602781e+02,1.605433137737776974e+02,4.218367309466358961e+01,5.998429775132924533e+02,4.797719743371750383e+02,5.958860800072457096e+02,8.265278104817840585e+02,-2.257025270276233186e+01,1.986268953284877057e+02,7.516247370882758787e+02,1.126418513484732244e+02,4.467046998274429370e+02,8.032086919518569630e+02,2.211985760102322729e+02,6.612701620435589689e+01,4.106760054118595917e+02,4.021563022905849607e+02,3.453402273207690882e+02,5.276880739529373159e+02,1.605035531279973560e+00,2.502212766851135584e+01,3.011832107687493210e+00,6.501317920893047813e+02,2.436442682378303743e+02,1.493306051658709350e+02,2.578258920542801889e+02,1.586113188237790084e+01,-2.887869547093564915e+00,7.887692580795950335e+02,6.400970869877487246e+01,2.985026120350198653e+02
1.702427901014978602e+02,2.300345890556595236e+02,1.479132966755576035e+03,1.089761409869129665e+02,5.556463273596220631e+01,1.138872563320624067e+03,1.908465238601117449e+02,4.354545297996475028e+02,1.201048829376457661e+03,8.238178951401236816e+01,2.565978255250864137e+01,8.167371209206496587e+02,3.432941116627197289e+02,5.824609539995111618e+02,9.821800031992769391e+02,1.258758271040249923e+02,4.779070404830834917e+01,5.814556866822143775e+02,4.866717839156055447e+02,6.190658527754379747e+02,8.220566957711070017e+02,-2.085488075668077812e+01,2.081337638392532483e+02,7.387256840426927056e+02,1.110454027125078511e+02,4.603914430289866573e+02,7.888188502075518045e+02,2.276577224468954910e+02,7.032120377496869423e+01,4.068724566120390591e+02,4.026057612154995127e+02,3.678779715042362568e+02,5.094818793273274764e+02,2.724046570134912137e+00,2.677079738671210407e+01,2.843954359531780440e+00,6.509409924469583757e+02,2.817853855474279499e+02,1.314555901349002056e+02,2.585623539632046572e+02,1.580672254120085896e+01,-4.706685356734955583e+00,7.932379841430068836e+02,1.076252780145017880e+02,2.782883576623356134e+02
1.711743583216512832e+02,2.400379940962369858e+02,1.464447681131404579e+03,1.099217382881239899e+02,6.472483600024199291e+01,1.121405273230568810e+03,1.918435793931487297e+02,4.459262363642772016e+02,1.188603125208878964e+03,6.670156273179271977e+01,3.346833480200712074e+01,8.001397018425927854e+02,3.480145258158628963e+02,5.969538765777790559e+02,9.778160144284577200e+02,9.079291574233972995e+01,5.235056420814558464e+01,5.644252226163542900e+02,4.946731891535084173e+02,6.430691647767449695e+02,8.191274573374472538e+02,-1.902178839114783671e+01,2.178463489004046494e+02,7.259145013282853824e+02,1.092115483206869300e+02,4.745070712870139005e+02,7.746543895933513113e+02,2.337143082682388240e+02,7.513937952603664883e+01,4.029062096900847223e+02,4.031831656229562100e+02,3.917322354983254513e+02,4.923530203790873543e+02,3.701470657740049131e+00,2.811748129795002882e+01,2.752117853148107418e+00,6.494421411481881705e+02,3.249981958350965101e+02,1.135722033921400822e+02,2.589617310144879525e+02,1.588126006054641159e+01,-6.591846921891015398e+00,7.973066508117670992e+02,1.559975223317903215e+02,2.560184579735871466e+02
1.722449803305424894e+02,2.502188404042275351e+02,1.449282820576255745e+03,1.111174412373254512e+02,7.395936117655628550e+01,1.104211293329825139e+03,1.932172350914380843e+02,4.564522863563894930e+02,1.176317688785607970e+03,5.020964485113808706e+01,4.108762469292399544e+01,7.843486985929117736e+02,3.530208683626624975e+02,6.119805042486296998e+02,9.749675777874310825e+02,5.524603050379451474e+01,5.512277840676358664e+01,5.492232836577843500e+02,5.041787028586904285e+02,6.680650962245825895e+02,8.187130728736929086e+02,-1.734152116148302269e+01,2.280486875361560521e+02,7.132215828170433269e+02,1.071602760261343406e+02,4.889284861854750943e+02,7.606727596493725514e+02,2.391837472237988038e+02,8.073592568476279041e+01,3.989468737214384646e+02,4.036857607490597388e+02,4.165671561317917622e+02,4.764234864622636678e+02,4.366115974631908259e+00,2.897929203075369742e+01,2.586686125044591833e+00,6.455556465156601007e+02,3.728502880389328311e+02,9.584839274223799066e+01,2.589457584489258579e+02,1.574071872497793123e+01,-8.529853359932561219e+00,8.004169786487969986e+02,2.086755457819169806e+02,2.326230250457489035e+02
1.734275473965556387e+02,2.607286958779654356e+02,1.433644749431334503e+03,1.123346585090093726e+02,8.358974021780444730e+01,1.087492139508412947e+03,1.948955660729576778e+02,4.668873722105994375e+02,1.164081786534026605e+03,3.306362039004779518e+01,4.882338422530244770e+01,7.699528401683626271e+02,3.585875877936057350e+02,6.272817573929175978e+02,9.738408644134807446e+02,1.939222510909079134e+01,5.588038459274719116e+01,5.363696070845890063e+02,5.154717639002158194e+02,6.939594659811122028e+02,8.215863926954043563e+02,-1.591660436097508580e+01,2.389699495562382197e+02,7.006635707989919410e+02,1.049672550660333457e+02,5.036211869906447305e+02,7.468145880540060944e+02,2.440337319032439325e+02,8.719895017400433801e+01,3.951245602443901248e+02,4.039163058381893734e+02,4.423592972741946596e+02,4.617462208704926638e+02,4.710862924577427613e+00,2.941300324946310951e+01,2.175007697681257124e+00,6.392059480062155217e+02,4.247186484011448329e+02,7.855251547253452316e+01,2.585033629322732622e+02,1.516692279562795242e+01,-1.050531236920748590e+01,8.018432944326008283e+02,2.655404543511119186e+02,2.092156432480028627e+02
1.746603324101669443e+02,2.719170465752066548e+02,1.417688474004772843e+03,1.132869478617904520e+02,9.423256789101860420e+01,1.071459239554996884e+03,1.967259069806533205e+02,4.773202695295231592e+02,1.151812487775924865e+03,1.565107517918451308e+01,5.711082512624106755e+01,7.576011822746412463e+02,3.648738118435114757e+02,6.427041241564946858e+02,9.743214713381836418e+02,-1.625166079195865976e+01,5.506318324754815308e+01,5.262088745628477682e+02,5.285382483143800982e+02,7.204036691846948770e+02,8.281088685979523234e+02,-1.465413298542129183e+01,2.507124465874472321e+02,6.882450632761145926e+02,1.027417229786898076e+02,5.186163416953871774e+02,7.329967896062784121e+02,2.484070050030903474e+02,9.451730746429873875e+01,3.914733875585218357e+02,4.037206566159420618e+02,4.694828412650103928e+02,4.482375336287735763e+02,4.896988997073457917e+00,2.959377290700147256e+01,1.421582592804286005e+00,6.303776993512501576e+02,4.799857061368514337e+02,6.198187535908184742e+01,2.577271005821935432e+02,1.418418431098860921e+01,-1.248813658041521180e+01,8.009026759111628735e+02,3.267105329879249780e+02,1.867707030202087992e+02
1.758315325122654258e+02,2.842007688183957725e+02,1.401677983324952038e+03,1.137160329242978918e+02,1.066530274093032347e+02,1.056333864108915577e+03,1.985548438568566780e+02,4.880389141678120950e+02,1.139510090265228655e+03,-1.529174873275969571e+00,6.631763625646381399e+01,7.478905425366577902e+02,3.718419548761947340e+02,6.582370781676617071e+02,9.760672426494224965e+02,-5.079667794432557315e+01,5.352516313302139395e+01,5.188255130903322652e+02,5.430130902551859435e+02,7.469200050401086628e+02,8.381764580060234948e+02,-1.334073221241505181e+01,2.632584857152726840e+02,6.759723829724271127e+02,1.005797784484811928e+02,5.339595226892718074e+02,7.191240962296321868e+02,2.525274284313313728e+02,1.025850009140592647e+02,3.879382301633358452e+02,4.029930173560750859e+02,4.985521510373577030e+02,4.357004078529204207e+02,5.170959468292519290e+00,2.975651834086129810e+01,3.877612451030699736e-01,6.190840900568070992e+02,5.380838138495209932e+02,4.641867888972536349e+01,2.568243150768504393e+02,1.302870664948624579e+01,-1.441317733997279227e+01,7.971012334696816879e+02,3.922461880201627196e+02,1.658526883428357053e+02
1.767930068529510379e+02,2.978538022632251341e+02,1.385908017333378893e+03,1.134585601337471701e+02,1.214692099937494731e+02,1.042353695551456894e+03,2.002952244284642802e+02,4.993574274122761381e+02,1.127274809610352577e+03,-1.803497218362545951e+01,7.655445989185678002e+01,7.412832434673229045e+02,3.792650288819103253e+02,6.739849324176407208e+02,9.786949320775662500e+02,-8.316165206046893843e+01,5.204909538291371263e+01,5.141237268852469242e+02,5.582499091931988460e+02,7.730846306726440389e+02,8.513051188399979310e+02,-1.176839101685289890e+01,2.765232684471553171e+02,6.638661768110043795e+02,9.852664949097828639e+01,5.496551736987864842e+02,7.051294664199066347e+02,2.565568957021031906e+02,1.112356774785978217e+02,3.844275374506580079e+02,4.016641922702062288e+02,5.301236834518909973e+02,4.239369434326443411e+02,5.730387480835973157e+00,3.011342019353840982e+01,-7.056384651769169736e-01,6.052609143505318343e+02,5.984324972416712853e+02,3.212025551004551005e+01,2.560740117897772166e+02,1.199990545179749013e+01,-1.617593073457187458e+01,7.901683206911429806e+02,4.618882155221055541e+02,1.465505282955950861e+02
1.773982599234488191e+02,3.128567272536668611e+02,1.370632764949767079e+03,1.124637347626801329e+02,1.388594529081910878e+02,1.029762456721889066e+03,2.019399642815910738e+02,5.114301239679898572e+02,1.115276237551301392e+03,-3.363149788774941129e+01,8.762630823502374255e+01,7.380540426227647686e+02,3.867981274899896107e+02,6.901003798641557978e+02,9.819347937466583289e+02,-1.123744521755498340e+02,5.099181978847824581e+01,5.119944080051608353e+02,5.734587781595589604e+02,7.986752859743418185e+02,8.667865230034631168e+02,-9.828802219772008186e+00,2.904115479822880275e+02,6.519571606169108691e+02,9.657524072522430458e+01,5.656485039588249037e+02,6.910200787526802060e+02,2.605039740949419524e+02,1.203065245756114052e+02,3.808578181732277699e+02,3.997061223017032603e+02,5.644466916099727314e+02,4.128811382528205627e+02,6.614692158339129158e+00,3.077738448154401496e+01,-1.568487732559521008e+00,5.886514529138314629e+02,6.603798111332768030e+02,1.932710673054674544e+01,2.557306673060531637e+02,1.129728733430739318e+01,-1.765825627355668104e+01,7.799802063809563606e+02,5.350198230836418816e+02,1.286474414065169185e+02
1.775446052093308253e+02,3.289397357219816058e+02,1.356032264198070834e+03,1.107616725499644019e+02,1.584697224709015586e+02,1.018772327162836177e+03,2.035129982163460625e+02,5.242031193973646168e+02,1.103698880836007220e+03,-4.836172917691607864e+01,9.919806867608708956e+01,7.382578737247168874e+02,3.940517750301160049e+02,7.067326301497571421e+02,9.856812742348292886e+02,-1.378362433424015592e+02,5.032054193635433847e+01,5.124494205821957848e+02,5.878468915288558492e+02,8.237141411310519743e+02,8.838493144523280307e+02,-7.521443411981485916e+00,3.048624616560472873e+02,6.402665462413851856e+02,9.470221842037852866e+01,5.818745794788437706e+02,6.768907448094792016e+02,2.642397492772736314e+02,1.297295216767357431e+02,3.771485090149929533e+02,3.971605664881095095e+02,6.014037139235202858e+02,4.026470533860436376e+02,7.691712922543811004e+00,3.173232613508874778e+01,-1.979312122907475047e+00,5.687691885021475855e+02,7.232144117828529488e+02,8.261415386882902112e+00,2.559181043262417461e+02,1.094599719010219729e+01,-1.877440755883074175e+01,7.664225121631807269e+02,6.108563798132897773e+02,1.118990176608362646e+02
1.772022684719677557e+02,3.458207283604886015e+02,1.342212168122073535e+03,1.084093706409045268e+02,1.796148372006303475e+02,1.009510541122567815e+03,2.049888143077390623e+02,5.375478061079293184e+02,1.092697198912411523e+03,-6.250604004214964959e+01,1.111085945295477160e+02,7.417240925563862675e+02,4.006266882093400454e+02,7.240226753984620700e+02,9.899512278014525464e+02,-1.594063595141562359e+02,4.998647576882493837e+01,5.156459854140816788e+02,6.007260426548531314e+02,8.483991293561767861e+02,9.017846694875750018e+02,-4.885934098526526270e+00,3.198890983381157866e+02,6.287957665841919379e+02,9.291811669706403620e+01,5.983583660906720070e+02,6.628877021145057142e+02,2.675934234266740077e+02,1.396191706139724715e+02,3.731817259212884323e+02,3.941564880532934012e+02,6.406425012064489692e+02,3.934265664682513375e+02,8.753281329858594972e+00,3.287414206929022242e+01,-1.889088419189246970e+00,5.449974941098132604e+02,7.862285055457491580e+02,-9.034644298690956976e-01,2.565744424959646608e+02,1.084368438424140990e+01,-1.950996790565207561e+01,7.492704401810437957e+02,6.886955541642362277e+02,9.622497812584175847e+01
1.764227654158959808e+02,3.634786059560539684e+02,1.329209138944277129e+03,1.054478826994395888e+02,2.016773017066797991e+02,1.001972722444830652e+03,2.062377119395883653e+02,5.514716225428005600e+02,1.082377078959873188e+03,-7.645339599559228816e+01,1.236450753593740473e+02,7.480920158719137589e+02,4.061221200770580140e+02,7.421377456915140556e+02,9.948026564837934984e+02,-1.772802393828798131e+02,5.031927293750273122e+01,5.218083406207264261e+02,6.115852218541814409e+02,8.729814824685558960e+02,9.200060064754121640e+02,-1.924131908641457223e+00,3.356151024545051769e+02,6.175495239400264609e+02,9.129957063779343684e+01,6.153041706367210963e+02,6.491448556540873369e+02,2.704478331046499306e+02,1.502971434796785104e+02,3.687837546057120903e+02,3.908675804044314646e+02,6.817806765023725575e+02,3.852781988676895253e+02,9.656134991886986541e+00,3.410325524173278922e+01,-1.428376732401837046e+00,5.168167471019648929e+02,8.487671822303863109e+02,-8.097436489088185141e+00,2.574845554492591759e+02,1.087751068812355548e+01,-1.993059713849430281e+01,7.281601634995340646e+02,7.680303924527613617e+02,8.170300876851642613e+01
1.753215033979734585e+02,3.822488659521150680e+02,1.316985726524987513e+03,1.018881951344476136e+02,2.244695582280791655e+02,9.960039234866862898e+02,2.070413208278213233e+02,5.662372441611321392e+02,1.072798620939171542e+03,-9.054911768577396458e+01,1.375815856268522168e+02,7.568899255173281517e+02,4.101550686182595769e+02,7.613105760782200377e+02,1.000260140556465899e+03,-1.917580432694028048e+02,5.212300879887783367e+01,5.311173686821172168e+02,6.201348071876044514e+02,8.976719546726170620e+02,9.380294587805142328e+02,1.419433349214944906e+00,3.522903192528880822e+02,6.065837882861560502e+02,8.998350375450768013e+01,6.331074445393048791e+02,6.357372686646227748e+02,2.727692028827707986e+02,1.622104448130196772e+02,3.637669683091372121e+02,3.874002945073567048e+02,7.245446732104544481e+02,3.779515761240221536e+02,1.040877591543360481e+01,3.541204558646793998e+01,-8.203381399925366857e-01,4.840715207694489663e+02,9.102236922611416503e+02,-1.340141785859443502e+01,2.583849957452154626e+02,1.102415171765569823e+01,-2.015967349509602258e+01,7.026735065592794172e+02,8.484441994679206118e+02,6.841519765114965423e+01
1.740280457850438154e+02,4.026445228766994546e+02,1.305432809493911691e+03,9.771853446002465660e+01,2.483444851617880431e+02,9.913231380944084776e+02,2.071739241393101736e+02,5.822932299851662492e+02,1.063989600256784115e+03,-1.049843725132652708e+02,1.539138964767620905e+02,7.676355443568272676e+02,4.124038453027246760e+02,7.818501577079548497e+02,1.006276332050339079e+03,-2.030401668571582547e+02,5.639367784633088121e+01,5.436416859371003056e+02,6.263163362788227460e+02,9.226284974418733782e+02,9.554066054839945537e+02,5.203318636210492620e+00,3.702565677472792913e+02,5.960363021870522289e+02,8.912735572778998971e+01,6.522655136652122110e+02,6.226838401352440542e+02,2.745674876798209993e+02,1.757647357101500347e+02,3.580083092831383169e+02,3.836657293537162445e+02,7.687815589576026696e+02,3.709012417073909660e+02,1.114208265062496217e+01,3.690942512600745573e+01,-2.616067983894935778e-01,4.471465967335166170e+02,9.699985066268329774e+02,-1.705477444085773442e+01,2.590832180531027689e+02,1.137381364395708871e+01,-2.034278406949302109e+01,6.724846225468163539e+02,9.293723789373323143e+02,5.630028148599390647e+01
1.726070621941033494e+02,4.250117630665637307e+02,1.294415207477407421e+03,9.291194802999268632e+01,2.740013831571973810e+02,9.875989787406377900e+02,2.064937223079390947e+02,6.000639859431869354e+02,1.055968516465293305e+03,-1.197566980440523565e+02,1.734126209509917942e+02,7.799201934131085636e+02,4.126498688610777208e+02,8.041129875693416125e+02,1.012750113752044172e+03,-2.111281719763265698e+02,6.385218044477915100e+01,5.593330447015806612e+02,6.302642245625351052e+02,9.480179819277900606e+02,9.716803185838183481e+02,9.414461321465221744e+00,3.898517644732136205e+02,5.860990284238374670e+02,8.885974966150813259e+01,6.732301019757063614e+02,6.099935021121953014e+02,2.758419738936922272e+02,1.911590216459389637e+02,3.514974598423737007e+02,3.793216045184597647e+02,8.143834121764831480e+02,3.635295252812936724e+02,1.198610650897766128e+01,3.876378360223648656e+01,1.597441846340095228e-01,4.069480302954332842e+02,1.027477629407774884e+03,-1.941579587052737210e+01,2.595261998643572952e+02,1.207691270310072618e+01,-2.061654003493799081e+01,6.374769207481097055e+02,1.009915522898267568e+03,4.513299414975204371e+01
1.709785523790633874e+02,4.492666275480729610e+02,1.283871344183661904e+03,8.742042225956897994e+01,3.021215676935569263e+02,9.845648809164065369e+02,2.049770608151347346e+02,6.197472672055985186e+02,1.048780748661486086e+03,-1.346952046771688742e+02,1.962495957065468133e+02,7.934421816918683135e+02,4.107793411012661977e+02,8.284507039586833343e+02,1.019599011837740932e+03,-2.158318199184682271e+02,7.459630612987810139e+01,5.780537644741425538e+02,6.322105684183640051e+02,9.740986505221617335e+02,9.864085670369390755e+02,1.395308738181391206e+01,4.112819783241288860e+02,5.769335853371677558e+02,8.924806708908069197e+01,6.962861897910217976e+02,5.977169583130041701e+02,2.765757610831311695e+02,2.083155775675809025e+02,3.443075058747290313e+02,3.738394656244564658e+02,8.612088903861206290e+02,3.555324122967376184e+02,1.294368649969677776e+01,4.109965374408361782e+01,4.835119297042990705e-01,3.646846029286420503e+02,1.082068400905616500e+03,-2.090291353522119167e+01,2.597868603618050543e+02,1.325301165931709235e+01,-2.108403019332290995e+01,5.977689030004141841e+02,1.088853740668423825e+03,3.463220535782607357e+01
1.688873649779983452e+02,4.749145172107673147e+02,1.273925535446391223e+03,8.116316241110730800e+01,3.330521942834779452e+02,9.821303283840762788e+02,2.026706377427582311e+02,6.412530309364366303e+02,1.042538702614697513e+03,-1.495291250596350494e+02,2.219373267514073973e+02,8.079738369326863676e+02,4.067308814687597192e+02,8.551656517291875161e+02,1.026832877988567361e+03,-2.168506419499168487e+02,8.807992391760602402e+01,5.995947842101744527e+02,6.323317818906015191e+02,1.001268673029819411e+03,9.992144106812045266e+02,1.871669938323672611e+01,4.345287333262140237e+02,5.685767457884301166e+02,9.029397662170809724e+01,7.215236593925220632e+02,5.859623645616128442e+02,2.767951705891082952e+02,2.269407357256319244e+02,3.365026446574821080e+02,3.666734924210165900e+02,9.090520903602982798e+02,3.471309230628007185e+02,1.385420576215548749e+01,4.391752910899471374e+01,8.573515446906928572e-01,3.215616318437891437e+02,1.133272015158491968e+03,-2.195285321575671134e+01,2.599880861065904014e+02,1.490849799950698085e+01,-2.178851230291106589e+01,5.536681039390022079e+02,1.164868652550821935e+03,2.459860887782195249e+01
1.659592781839266991e+02,5.013585517609485009e+02,1.264933759525007190e+03,7.403184559681531596e+01,3.666990615998615226e+02,9.804173722733199838e+02,1.995997613196711313e+02,6.643168244435823908e+02,1.037437598910763882e+03,-1.639743798132969346e+02,2.496499744503788349e+02,8.232667895881430695e+02,4.004114155823544934e+02,8.845057197987711106e+02,1.034535735984063876e+03,-2.139029525400089824e+02,1.034300335519162104e+02,6.236822820523739210e+02,6.305475158864377363e+02,1.030060513675690800e+03,1.009761654815475026e+03,2.374679756610675696e+01,4.593602694867685727e+02,5.608934100687495174e+02,9.194908930499239830e+01,7.489020225637033263e+02,5.748580115222164295e+02,2.766441161757929308e+02,2.466747559219837456e+02,3.280434889537531262e+02,3.574364881451007818e+02,9.576445729697143179e+02,3.390294174184768394e+02,1.448134384535839558e+01,4.709759994719362908e+01,1.511675722299653080e+00,2.785549961983685421e+02,1.180730294782290457e+03,-2.300669031520331131e+01,2.602205747156667144e+02,1.689666737668549956e+01,-2.268523276211128348e+01,5.056371131837778421e+02,1.236834347772357660e+03,1.496763638564834586e+01
1.618284292750538498e+02,5.283040251711483961e+02,1.257397714687910593e+03,6.592913537623545039e+01,4.026484004403006338e+02,9.796601128588059737e+02,1.957042398872580122e+02,6.887218941567321053e+02,1.033715970006517864e+03,-1.778070167298272963e+02,2.787533798103434606e+02,8.389118618176371456e+02,3.916193882208540344e+02,9.167150942970205278e+02,1.042692023885572098e+03,-2.068710249075332399e+02,1.199421288122763798e+02,6.500089865971027621e+02,6.263119916688954163e+02,1.061091432099671692e+03,1.017602621517611283e+03,2.935131706087357273e+01,4.854687485461909660e+02,5.536030749203440564e+02,9.413339479469837556e+01,7.783458748987585523e+02,5.644793285233058668e+02,2.763938823539338046e+02,2.672511019506132470e+02,3.187457649245181983e+02,3.459782168501072306e+02,1.006650591960632255e+03,3.321089984020990187e+02,1.468328814149397488e+01,5.050191516038190542e+01,2.735781197294980149e+00,2.363847468175293614e+02,1.224211142126378718e+03,-2.450439037940535414e+01,2.605106600540150339e+02,1.894022970345542589e+01,-2.363226948102041547e+01,4.543474306340758062e+02,1.304005045899752304e+03,5.725954638697117183e+00
1.562633070096947563e+02,5.560080157653087554e+02,1.251752416129019821e+03,5.683165475659891541e+01,4.404096051677188939e+02,9.799697321279278412e+02,1.908499722245059047e+02,7.145284616944242089e+02,1.031555727530209424e+03,-1.908909379997881217e+02,3.092065080983943517e+02,8.541831149379379440e+02,3.799976368487290870e+02,9.521264675022233632e+02,1.050899838176515686e+03,-1.959106452066822328e+02,1.375246828503038898e+02,6.783145968488361177e+02,6.184825875524674075e+02,1.094979725224262438e+03,1.021969134368601090e+03,3.612492952331257356e+01,5.126813624070872493e+02,5.463637298215542160e+02,9.674164535256930719e+01,8.097940795885450598e+02,5.547804860347780505e+02,2.763446910192579935e+02,2.886048943263302249e+02,3.083080510670046692e+02,3.323209047025271730e+02,1.055644447408930773e+03,3.270155481664431250e+02,1.457972611679396024e+01,5.413481017282608576e+01,4.833341512250918015e+00,1.956822031511012767e+02,1.263571370659535205e+03,-2.686792031312057816e+01,2.608613154650617503e+02,2.072324880657709656e+01,-2.442965414674960201e+01,4.008163789239194443e+02,1.366025212382150812e+03,-3.269844933696163025e+00
1.492056114812774581e+02,5.852325194545869635e+02,1.248121056731844874e+03,4.684463308278041183e+01,4.796204146143758180e+02,9.810675190406212778e+02,1.849001055613529161e+02,7.422268346009130937e+02,1.030955931821914646e+03,-2.031448731358471207e+02,3.415318436340696167e+02,8.679264611827270528e+02,3.650043205387572698e+02,9.912348436050815508e+02,1.058124789294477296e+03,-1.814761718717000463e+02,1.569002021195126986e+02,7.084836448836299496e+02,6.053757872960215991e+02,1.132218036801317794e+03,1.021665494249180256e+03,4.484463446842927681e+01,5.411364789085425855e+02,5.388761486981331927e+02,9.963318402915493266e+01,8.431636669806981672e+02,5.455694904145335613e+02,2.766570872525675782e+02,3.109134442230557624e+02,2.963887336079359898e+02,3.164981957518573950e+02,1.104100308017473026e+03,3.238417882121174216e+02,1.463317953451218933e+01,5.828886255706290598e+01,8.041800137969236317e+00,1.572221854731109545e+02,1.298776524977787858e+03,-3.048067060055992528e+01,2.613441466543669094e+02,2.203605823712877410e+01,-2.491293433831450699e+01,3.465307584097188851e+02,1.422828482910079629e+03,-1.246403202663740295e+01
1.406888132874591975e+02,6.169408962976815474e+02,1.246172992426879546e+03,3.621437037454492724e+01,5.200959190983172675e+02,9.821523308261649845e+02,1.777728396162287936e+02,7.727572493767605692e+02,1.031635486786612091e+03,-2.144632000633237681e+02,3.762984947495557435e+02,8.785847441630623962e+02,3.458798842044429307e+02,1.034655655938205200e+03,1.062666465294739965e+03,-1.642621740729653652e+02,1.794768435660648720e+02,7.405819947570090562e+02,5.850843030766210404e+02,1.172993661589187241e+03,1.015184975729204098e+03,5.627965281822281440e+01,5.713187837906842788e+02,5.309737510911816116e+02,1.026126005737558700e+02,8.782508161805409372e+02,5.365403350263138691e+02,2.772199616980826704e+02,3.345735605490866078e+02,2.827043387175372686e+02,2.984079471882163830e+02,1.151431966424787106e+03,3.220304845112740963e+02,1.560047417298039107e+01,6.360457435762226197e+01,1.243734601672004203e+01,1.220498003987079869e+02,1.330010820718034211e+03,-3.568665905413840989e+01,2.621832350300611552e+02,2.292198307573825034e+01,-2.506604039969763065e+01,2.934306912402882972e+02,1.474557130572308552e+03,-2.263505527416098673e+01
1.306899144528723582e+02,6.519044816131507787e+02,1.245174821378039951e+03,2.529376432743502079e+01,5.617045042503386867e+02,9.820264950980018739e+02,1.694095827080547849e+02,8.073570479191462255e+02,1.033003793205515194e+03,-2.246133738100463688e+02,4.133806669151696838e+02,8.844308662136783141e+02,3.216256186090037090e+02,1.082883475309099367e+03,1.062402699062856982e+03,-1.451229409752457684e+02,2.069354065326211298e+02,7.747607860302938434e+02,5.560192442156536572e+02,1.216977580108478378e+03,1.001034198143617687e+03,7.098881254578857636e+01,6.039194115137688641e+02,5.226711670651607164e+02,1.054149011380237795e+02,9.146373253788240163e+02,5.273428634394140317e+02,2.776605904906406295e+02,3.601136883735865695e+02,2.671315566729202828e+02,2.777846405521954125e+02,1.197088118586877499e+03,3.205109262761684477e+02,1.836328885902242192e+01,7.100038737511714260e+01,1.787961879094101647e+01,9.139344606438589835e+01,1.357811247987885736e+03,-4.280997353111070680e+01,2.637594888429268281e+02,2.375341789857316144e+01,-2.509477380464480945e+01,2.436869590188296399e+02,1.521574562901408399e+03,-3.471370233600678290e+01
1.190248495082159792e+02,6.903967463134455329e+02,1.244213646448901727e+03,1.449714488854713323e+01,6.041647096208153016e+02,9.794600933164501839e+02,1.596361930132016198e+02,8.472331490437740058e+02,1.034198577295512223e+03,-2.331021288173407697e+02,4.514368822746429259e+02,8.839886303130812166e+02,2.910632060264319421e+02,1.135861252019784843e+03,1.055214816542884137e+03,-1.250429749114172324e+02,2.406925178878895224e+02,8.110184232587375845e+02,5.175009562334905695e+02,1.263153820008218190e+03,9.781269203209641319e+02,8.917098907208182368e+01,6.395904625392366825e+02,5.141507807627070861e+02,1.077047225985748469e+02,9.516754704366552460e+02,5.176538751528282774e+02,2.775218587514152091e+02,3.880378443708104896e+02,2.498016523196588423e+02,2.543276739668464757e+02,1.240668797600463677e+03,3.179959962417161137e+02,2.369628858977329955e+01,8.147485210729203686e+01,2.404657750664464544e+01,6.638175879672030533e+01,1.383102338280060167e+03,-5.215462416038903370e+01,2.664907780149547420e+02,2.518932718993598741e+01,-2.541650051850401582e+01,1.993220968149813075e+02,1.564517962216077876e+03,-4.941775268641107743e+01
1.053782999725368086e+02,7.320724230306310574e+02,1.242471591300969294e+03,4.297717304409749417e+00,6.469161814008964484e+02,9.736249509598168288e+02,1.479832069361606841e+02,8.931315374980965771e+02,1.034160358358026542e+03,-2.389712574589675569e+02,4.879742391153114340e+02,8.765209097983997708e+02,2.530512635988727368e+02,1.192507771828483101e+03,1.039399639901657565e+03,-1.051779803824907304e+02,2.814541801216601016e+02,8.488905740541229079e+02,4.701450254541229583e+02,1.309789537942289826e+03,9.460941086144002838e+02,1.105923913522151310e+02,6.787286728700252070e+02,5.056806527142206846e+02,1.090874484508320421e+02,9.885828727474184916e+02,5.072243443475178992e+02,2.765258152774532050e+02,4.186273779422408552e+02,2.311702796449335153e+02,2.279315691068560170e+02,1.282006145367138060e+03,3.133447751464907469e+02,3.205735331128628474e+01,9.583191428163284797e+01,3.056841711493663993e+01,4.769482739457781406e+01,1.407052225263716537e+03,-6.392859041943765419e+01,2.706087027367950100e+02,2.803277474267213520e+01,-2.655795749504326153e+01,1.618233849017354942e+02,1.604261368057744448e+03,-6.685018263077850520e+01
8.947255290203803213e+01,7.760298296146813755e+02,1.239409709960195414e+03,-4.708613425435610900e+00,6.891826608299087411e+02,9.643891022731675093e+02,1.335812063810411416e+02,9.449438094640092913e+02,1.031714173494684474e+03,-2.405154596083099250e+02,5.200696518403859727e+02,8.624409154475831656e+02,2.068695128703123203e+02,1.250436305770450645e+03,1.013911590078155996e+03,-8.689950400812158193e+01,3.290111735100678629e+02,8.871948221953088023e+02,4.158581056541827365e+02,1.354616950049489560e+03,9.054362787166157887e+02,1.345705219329674094e+02,7.213940596457611036e+02,4.974882406574972720e+02,1.091216988873448202e+02,1.024608507935184207e+03,4.959075612605304855e+02,2.747849139746197125e+02,4.517635426983429170e+02,2.120377093487173568e+02,1.989054460857669824e+02,1.321151685600390238e+03,3.059138465851135038e+02,4.347186207255719381e+01,1.144152305633195255e+02,3.721493163214777411e+01,3.531743896033429309e+01,1.430781741919751994e+03,-7.806730950476715236e+01,2.759265080320726042e+02,3.306167037042644807e+01,-2.898410241374289598e+01,1.319050635924887445e+02,1.641702108274452712e+03,-8.625299624983743740e+01
7.128795377443807979e+01,8.209977771173147403e+02,1.234786031770969657e+03,-1.170960484067976459e+01,7.302290317314259482e+02,9.523594910120967825e+02,1.152327316432377984e+02,1.001492445182785104e+03,1.025652743334217575e+03,-2.350263776715254949e+02,5.455056897677932284e+02,8.435545530895431057e+02,1.526821428345161280e+02,1.306057761753354953e+03,9.784135946356980185e+02,-7.170740665157316585e+01,3.822622647985851358e+02,9.239677341252635188e+02,3.574509995104301083e+02,1.395216053334070921e+03,8.575242783026363895e+02,1.599885688633857512e+02,7.673573440263704697e+02,4.896503264441988676e+02,1.073278624128668497e+02,1.059169366876488539e+03,4.836929433107122804e+02,2.728503975400734021e+02,4.868402381145440359e+02,1.934943509519187046e+02,1.680703178730279035e+02,1.358238946494501533e+03,2.958247271078759013e+02,5.753871396821193684e+01,1.369425260825777855e+02,4.405322239119853123e+01,2.851213982506172329e+01,1.455046549378411100e+03,-9.401451702305485014e+01,2.817255914276074122e+02,4.089750526714063739e+01,-3.290049154840987455e+01,1.094920478714266494e+02,1.677419755816237512e+03,-1.060566522705183132e+02
5.121096992529768244e+01,8.655916169938753910e+02,1.228536613695354617e+03,-1.563784689472378098e+01,7.696982070858053930e+02,9.387160608637672112e+02,9.169212044692901031e+01,1.060566486452700019e+03,1.014838676695137906e+03,-2.187929004058797489e+02,5.639170063340440038e+02,8.230839397004210696e+02,9.191497002381791503e+01,1.355115675332024693e+03,9.332385522517096206e+02,-6.086961278724057678e+01,4.393202055014369876e+02,9.566954230153149865e+02,2.980567154324526769e+02,1.429500719794841416e+03,8.044737607838743543e+02,1.853533194005145788e+02,8.161658596067397866e+02,4.820682638236165189e+02,1.032054546827922081e+02,1.091856067365121817e+03,4.707562064624501090e+02,2.715776502284151661e+02,5.228098035765245868e+02,1.767733329110594980e+02,1.366776631618615738e+02,1.393256598039127311e+03,2.840435913875016922e+02,7.354018198498852144e+01,1.625048229980429824e+02,5.149057739721895643e+01,2.602340066415406739e+01,1.480018032223229511e+03,-1.106167838403455619e+02,2.868533513614203230e+02,5.192131659848914182e+01,-3.808996831664206439e+01,9.388377312469138758e+01,1.711386225489560047e+03,-1.242577863957384494e+02
3.002233441220333887e+01,9.086108884716556986e+02,1.220624446651694598e+03,-1.527258494014978929e+01,8.078806011386476484e+02,9.249724081139489726e+02,6.209353443273162299e+01,1.119192515860557478e+03,9.983525279894111009e+02,-1.876185200309050174e+02,5.775672053664712848e+02,8.053939392849554224e+02,2.736061483709578113e+01,1.393529170151230574e+03,8.793846622239071849e+02,-5.474187256111822109e+01,4.976210944620257237e+02,9.828666888795163459e+02,2.405774355907939821e+02,1.456163598204073651e+03,7.489027639600237762e+02,2.089486564120785772e+02,8.671194183362476906e+02,4.745552729780051777e+02,9.628861497458751728e+01,1.122288615277069312e+03,4.574979357494383407e+02,2.718790450309705307e+02,5.583724664968495972e+02,1.630051080124838165e+02,1.061718567305130563e+02,1.425845856532601601e+03,2.721636310194804764e+02,9.061853780388759105e+01,1.897492817429707657e+02,6.015504052552685721e+01,2.641449705169333484e+01,1.505219850151310084e+03,-1.263043287932707557e+02,2.900377467727073508e+02,6.621222402339856217e+01,-4.385829343553616155e+01,8.399188352640071287e+01,1.742915861034834734e+03,-1.390377407928876323e+02
8.719427066267773085e+00,9.493464332825980136e+02,1.210966760133867183e+03,-9.519136423417025483e+00,8.458224944200139817e+02,9.127627010002071302e+02,2.639263858178032152e+01,1.174070823488963015e+03,9.757032110864865899e+02,-1.379743905919148688e+02,5.914923523888727459e+02,7.953042337881498725e+02,-3.711447481917208790e+01,1.418301290472578330e+03,8.185849069011153460e+02,-5.191199138063391416e+01,5.542004328410492917e+02,1.000785850071117579e+03,1.872850339666366040e+02,1.474942476417375019e+03,6.935915181608612556e+02,2.291167897712511490e+02,9.191597372938523449e+02,4.669872777842810478e+02,8.626453733340295571e+01,1.149923645983038796e+03,4.445200332642861554e+02,2.744740230099775999e+02,5.922898922587298784e+02,1.528991031804560521e+02,7.788562604549105117e+01,1.455254137903277297e+03,2.618837111445544679e+02,1.079865877816783239e+02,2.172120037072874368e+02,7.063285497640508481e+01,2.838427364204913772e+01,1.529596293949084611e+03,-1.395807374583461353e+02,2.903250562998067608e+02,8.351086469170522264e+01,-4.915075887081371775e+01,7.855586599654034785e+01,1.770905067908076489e+03,-1.494120281925026745e+02
-1.175041286506173321e+01,9.878138899996116606e+02,1.199485399278151590e+03,2.176626573623913430e+00,8.852495864657175844e+02,9.036402940211544319e+02,-1.434093421018828707e+01,1.222088267557426207e+03,9.470805780136435033e+02,-6.860046394593935304e+01,6.128733406385217677e+02,7.969554189182000528e+02,-9.723932348006977122e+01,1.428228866412733169e+03,7.533720935803413568e+02,-4.854018222533188975e+01,6.064657821351728444e+02,1.010472613083473107e+03,1.395909214787203894e+02,1.486636723729721098e+03,6.411069842752591512e+02,2.446156054769502362e+02,9.707997341209090791e+02,4.594170780426696865e+02,7.314462783013858882e+01,1.173977737362422658e+03,4.325139448114112497e+02,2.797247336029253688e+02,6.237600023485684915e+02,1.464291681971466801e+02,5.277846048144783708e+01,1.480499135448557354e+03,2.543697340944481198e+02,1.251399210658564982e+02,2.437207337732991732e+02,8.314899473120955520e+01,3.094426906042146896e+01,1.551670932550400039e+03,-1.495976668599991797e+02,2.874813009473195962e+02,1.032609987402562126e+02,-5.284823820659365623e+01,7.629440132453684953e+01,1.794232009132461599e+03,-1.556183909390773863e+02
-3.072404171601980849e+01,1.024791873957817870e+03,1.186230191350965924e+03,1.940724220599956240e+01,9.283123434033306012e+02,8.988028746709446750e+02,-5.791136499973429608e+01,1.260820892262830284e+03,9.135702691250332919e+02,1.799294603956012395e+01,6.496472124803200359e+02,8.124644714611520158e+02,-1.491830708980960480e+02,1.424225132220398791e+03,6.869913307267214577e+02,-3.839658749517968062e+01,6.536159899647320799e+02,1.014341563973120969e+03,9.797237565607670717e+01,1.492905818105713934e+03,5.934826553804326750e+02,2.549171822326332801e+02,1.020239455022906668e+03,4.520712558143615638e+02,5.742524683133878227e+01,1.193576554766043046e+03,4.220934156980790135e+02,2.875895904060546400e+02,6.527387612185806347e+02,1.426484985552923206e+02,3.129197927050239514e+01,1.500679096598867318e+03,2.498195988230701232e+02,1.420216442825894205e+02,2.687583341608977889e+02,9.730963178726007357e+01,3.343241282444025586e+01,1.569805777905983859e+03,-1.564602602160406946e+02,2.821964796784374698e+02,1.247869277696405277e+02,-5.416969592255815513e+01,7.599664491149219714e+01,1.812120692222605157e+03,-1.590046190216748982e+02
-4.791742674168703786e+01,1.061589782029871913e+03,1.171468359198671806e+03,4.056539089604079606e+01,9.771604259376703112e+02,8.987193103912924244e+02,-1.013125772808924268e+02,1.288948959296358680e+03,8.772019582957243529e+02,1.148838502247053412e+02,7.085799657998848033e+02,8.409089329986578605e+02,-1.902854619956042939e+02,1.409183611154697701e+03,6.230498441931945308e+02,-1.399170827186271282e+01,6.983205323633490025e+02,1.017229073050615966e+03,6.206188439686119551e+01,1.495953773038512963e+03,5.520262214060728638e+02,2.603073960317922229e+02,1.065702061642043645e+03,4.452337460075855233e+02,4.014026186931796758e+01,1.208091516771022953e+03,4.136522347318590391e+02,2.976702574753713861e+02,6.800714601164246460e+02,1.397625392219367200e+02,1.333543280629679195e+01,1.515288976212413218e+03,2.474861656323770376e+02,1.590748696353743981e+02,2.926716878882167521e+02,1.120078539177692960e+02,3.542920407652514569e+01,1.582594446617433505e+03,-1.610438073650352635e+02,2.759986627008888149e+02,1.475907624839266248e+02,-5.303558089015702137e+01,7.657312817012973483e+01,1.824344535310864785e+03,-1.614092445759009422e+02
-6.334564842361894677e+01,1.099603152468728922e+03,1.155657131866577174e+03,6.296305891864754045e+01,1.033374780632025022e+03,9.027882020720763876e+02,-1.413124194260089439e+02,1.306518835133837229e+03,8.407147440703201937e+02,2.115647043912736365e+02,7.932745593938633419e+02,8.782450225020799053e+02,-2.194573946413262604e+02,1.387409916176589604e+03,5.649364709590058737e+02,3.117345200261320315e+01,7.477090725312722270e+02,1.025350576103169260e+03,3.089691880492670961e+01,1.498184433572401986e+03,5.172871328526080106e+02,2.617379030877379478e+02,1.105853298298711024e+03,4.391068008548187436e+02,2.273043889059249878e+01,1.217480501586770743e+03,4.073231736679430810e+02,3.092956535388877342e+02,7.073332138953048798e+02,1.355197981783586272e+02,-1.621067638502646790e+00,1.524400877380142219e+03,2.461545449349395369e+02,1.771360552807786348e+02,3.166299047336362946e+02,1.255414582836529434e+02,3.667088411792486369e+01,1.589331573615339039e+03,-1.644210645086930924e+02,2.708920975942957625e+02,1.716416553497413418e+02,-5.022616786437826875e+01,7.708224275240826273e+01,1.831246957643850237e+03,-1.643222259565121988e+02
-7.712472369145908146e+01,1.139846792671541607e+03,1.139304394158822106e+03,8.335541211586860300e+01,1.097363226653638321e+03,9.092650108700960345e+02,-1.751470945873958271e+02,1.314996323168257504e+03,8.070242813511142685e+02,2.962545009274096515e+02,9.027726533193562091e+02,9.184127069588934091e+02,-2.372003814585552561e+02,1.363723978083967268e+03,5.152066104010908703e+02,9.973202237941934811e+01,8.126146209522755726e+02,1.044095687261133662e+03,3.280029751850428443e+00,1.501834560110280336e+03,4.891798971748886515e+02,2.605077086812302127e+02,1.140079124233079938e+03,4.337574629932587982e+02,6.738341402838267769e+00,1.222415338934551073e+03,4.030543038833098990e+02,3.215929720310866173e+02,7.363786262289312390e+02,1.278543372728563270e+02,-1.436848900420219799e+01,1.528633097513347820e+03,2.447911148052338035e+02,1.971803127127792834e+02,3.422921622010223928e+02,1.359325400503825563e+02,3.701828071160306166e+01,1.590364013878097921e+03,-1.672579057635316246e+02,2.688311855298131832e+02,1.974689751502466493e+02,-4.722916659723222921e+01,7.674447568021781763e+01,1.833617012714334351e+03,-1.682562322213997845e+02
-8.927333729958922959e+01,1.182682294099725596e+03,1.122808844133421871e+03,9.871694197007738580e+01,1.167931479016325738e+03,9.156264275109177788e+02,-2.011131209833495461e+02,1.317067845091808977e+03,7.785349376318013128e+02,3.589357169782287542e+02,1.031383917647498492e+03,9.552307590753949853e+02,-2.453132100356060619e+02,1.342426378240834765e+03,4.751924441663157950e+02,1.879325270534164645e+02,9.046505491509776675e+02,1.075217722851461758e+03,-2.183964520033875800e+01,1.508558616285518383e+03,4.672214374109859136e+02,2.579228012219601851e+02,1.168478692550232154e+03,4.291876473821320701e+02,-6.565617847909670957e+00,1.224100927525761108e+03,4.007431539907766478e+02,3.335345551862503157e+02,7.687351432581805284e+02,1.155786468958990554e+02,-2.572275101738553715e+01,1.528945587278918993e+03,2.429833537848223841e+02,2.199962780865865852e+02,3.712494746026700909e+02,1.413856451950071289e+02,3.647819137120178823e+01,1.587111427679528560e+03,-1.695396691100406485e+02,2.711938897642243660e+02,2.259403023864635998e+02,-4.580029389279533092e+01,7.495789867002547169e+01,1.832493182287859327e+03,-1.726342688146301612e+02
-9.962622318129241705e+01,1.227844592253146857e+03,1.106393171687070662e+03,1.069706074218850489e+02,1.242280198531506812e+03,9.193083529005127730e+02,-2.188601960358231509e+02,1.316174994409108422e+03,7.565673618919691990e+02,3.938741379606551618e+02,1.170025946250118295e+03,9.841472319298895854e+02,-2.463825378860234991e+02,1.326416357502813526e+03,4.450013556644417463e+02,2.846901525397788646e+02,1.031872821853686446e+03,1.114635113642674014e+03,-4.506007202506551579e+01,1.519015514272714427e+03,4.507974550324153711e+02,2.550589828391019296e+02,1.191628621995678259e+03,4.254664729003537218e+02,-1.647374069368555993e+01,1.223894185337291901e+03,4.003350657476852916e+02,3.439942291400499244e+02,8.050776738237279915e+02,9.885283611308578600e+01,-3.628851969487146079e+01,1.526405024647389837e+03,2.409461372491345514e+02,2.458976483716905079e+02,4.044259980071812492e+02,1.407721838918347999e+02,3.522981594331250932e+01,1.581697800558168865e+03,-1.707525790984334435e+02,2.784146384542283954e+02,2.577890686695778868e+02,-4.739766114393331264e+01,7.133023225106236964e+01,1.828987834839229208e+03,-1.761969477345548114e+02
-1.079019366485329527e+02,1.274694288869381126e+03,1.090182944388338910e+03,1.073915128648318102e+02,1.316557640515472031e+03,9.185128527458294911e+02,-2.292872810199465903e+02,1.315830945714325935e+03,7.411653221897963704e+02,4.005817130137113509e+02,1.308716777167475584e+03,1.002909904639908177e+03,-2.431597885851513752e+02,1.316755073994646864e+03,4.238643765760588735e+02,3.731566552424446854e+02,1.194798428073795549e+03,1.152194368070851397e+03,-6.638314131331063095e+01,1.532625542658278391e+03,4.393497168646868545e+02,2.526687671589072011e+02,1.210319917222867161e+03,4.228195304711473455e+02,-2.293065710753952402e+01,1.222958791403347277e+03,4.018280301794212050e+02,3.518643416746022012e+02,8.450092524511674128e+02,7.921158607316905886e+01,-4.630726156545336636e+01,1.522069848684706358e+03,2.391674909853356894e+02,2.745531954275306248e+02,4.416822126863576159e+02,1.339967530351731568e+02,3.360278612837662848e+01,1.576338207624783990e+03,-1.703510123912876111e+02,2.898865252900544647e+02,2.931312208599276801e+02,-5.271441084423641144e+01,6.573609009878586562e+01,1.824192998734708453e+03,-1.776667460719783662e+02
-1.138764450796451086e+02,1.322503623034466955e+03,1.074379826145471498e+03,1.005881182113383119e+02,1.386839070025183446e+03,9.127060429627564417e+02,-2.341006315308301282e+02,1.318856831003105299e+03,7.313759913040230458e+02,3.829902295526811713e+02,1.439224098040449917e+03,1.010846918247068061e+03,-2.379688650353315040e+02,1.312813916782639126e+03,4.106258383820004383e+02,4.348781814968608614e+02,1.384687612908679739e+03,1.174016544642928693e+03,-8.529774555458838847e+01,1.547678347827093148e+03,4.324055743005041563e+02,2.511947412401893871e+02,1.225438439064786962e+03,4.216123715541341426e+02,-2.640044151811820683e+01,1.222139301339907433e+03,4.052033102411193681e+02,3.562561088083220966e+02,8.872190218219174085e+02,5.911781448993115617e+01,-5.564863069908150095e+01,1.517022255866343130e+03,2.379868017664856836e+02,3.049647928024555767e+02,4.817848026626988371e+02,1.221184731964132482e+02,3.198427261975943381e+01,1.572729533348920086e+03,-1.681953805544312672e+02,3.041607097134651099e+02,3.312340083845334107e+02,-6.148338429933592408e+01,5.838347353662821604e+01,1.819149787428908439e+03,-1.763312708062844365e+02
-1.175521861187764756e+02,1.370607005358370316e+03,1.059401886710490089e+03,8.817188974120752221e+01,1.450165456690016981e+03,9.025787665904241521e+02,-2.352312718121306716e+02,1.326752285341911147e+03,7.258552747327361203e+02,3.474851271345721671e+02,1.556683663531736102e+03,1.007335363109605851e+03,-2.323277004265974028e+02,1.312891266181161882e+03,4.041337915131077807e+02,4.553552967602968238e+02,1.585044251516093254e+03,1.166749287097258502e+03,-1.010880822484040351e+02,1.561825252704656350e+03,4.294527901573810027e+02,2.508248075944979121e+02,1.238000138816972822e+03,4.222444489158986585e+02,-2.759275881382047046e+01,1.222056990801636402e+03,4.103535879825176380e+02,3.567430131592058160e+02,9.298909226919024604e+02,4.123466616101063664e+01,-6.393287076109555045e+01,1.512419979611322560e+03,2.373878625892009779e+02,3.355874736090958663e+02,5.227279261759913425e+02,1.071769731652490947e+02,3.068564817695572700e+01,1.571666873887643305e+03,-1.647185046615701935e+02,3.193793656058546162e+02,3.706485621575119467e+02,-7.259916897925100443e+01,4.983974214037662875e+01,1.814813703775507520e+03,-1.723202001236104195e+02
-1.192192417861051723e+02,1.418384379270189584e+03,1.045871618482654640e+03,7.231493305131766647e+01,1.505224040988163324e+03,8.895164174532462766e+02,-2.343463298881523542e+02,1.339423654737714969e+03,7.234887650160569592e+02,3.008341738753713344e+02,1.659504512096614917e+03,9.905913985762121001e+02,-2.269133198810189356e+02,1.314985232721474176e+03,4.034040932492040952e+02,4.288381755495956895e+02,1.775777786219342488e+03,1.121974883931871545e+03,-1.132627388286191632e+02,1.572788501990733948e+03,4.297557675573430629e+02,2.515481876447580305e+02,1.249216107462687887e+03,4.250139129318155824e+02,-2.718399075299543810e+01,1.223275237693351073e+03,4.170659890178737328e+02,3.535540904720670596e+02,9.711424639025948409e+02,2.772385144119104083e+01,-7.071195776847159209e+01,1.509407428755791216e+03,2.370803718052760587e+02,3.645765932625338337e+02,5.622337818909671796e+02,9.177124612406289828e+01,2.984413974593169172e+01,1.572998893464951152e+03,-1.607831151877722675e+02,3.338042529974609351e+02,4.096106453978633226e+02,-8.447748650551491778e+01,4.095900276621525649e+01,1.811973207396905991e+03,-1.665359856084249657e+02
-1.193787886940928473e+02,1.465179110513131036e+03,1.034425083256780454e+03,5.533347247135277769e+01,1.552424359426856427e+03,8.748579293957218397e+02,-2.326011330296014705e+02,1.355402200222400324e+03,7.237415497564849147e+02,2.487800176060225112e+02,1.747842791252864572e+03,9.577329511398596651e+02,-2.218391947662800874e+02,1.317398607877339600e+03,4.075993922983749371e+02,3.601999831385427342e+02,1.938294325399967647e+03,1.038893657886143501e+03,-1.219114189108908874e+02,1.579008327783167488e+03,4.322547535859777099e+02,2.532079068546039480e+02,1.260448595792555807e+03,4.300056507092400011e+02,-2.564999610754353654e+01,1.226365342385299300e+03,4.250588521809925169e+02,3.476243436266015578e+02,1.009335595583425516e+03,1.982194861155457843e+01,-7.563163720420830316e+01,1.508852419687684460e+03,2.367236694260010665e+02,3.901330202499360666e+02,5.982273354370197467e+02,7.851139287793628796e+01,2.943232087263671914e+01,1.575894947346122080e+03,-1.573720122994396604e+02,3.462708099619701443e+02,4.464968462045467277e+02,-9.550545217110905583e+01,3.269842138791430841e+01,1.811134733285351558e+03,-1.603375547856996377e+02
-1.185859045739331066e+02,1.510277201409058307e+03,1.025434787980228975e+03,3.932012418001659881e+01,1.593395319768047784e+03,8.592989758005850263e+02,-2.306297394892949910e+02,1.372506980774082649e+03,7.266303259205470795e+02,1.954803862058459458e+02,1.821719467223470019e+03,9.062375309450698069e+02,-2.170465407762168581e+02,1.319006383863846168e+03,4.159710263894641571e+02,2.629513026630648369e+02,2.059556121992812223e+03,9.242943956168727482e+02,-1.278008629604430411e+02,1.579976764150640292e+03,4.356535332981783313e+02,2.555597986774318997e+02,1.273008916327894894e+03,4.370301811632126032e+02,-2.325217140303065122e+01,1.231810343478480945e+03,4.340288437809807078e+02,3.404628482742215851e+02,1.043235586094539030e+03,1.777777732001153765e+01,-7.853174006633996385e+01,1.511043481395302251e+03,2.360915895840989265e+02,4.108745592482292750e+02,6.291580003188623778e+02,6.948845145204552409e+01,2.938207588987317465e+01,1.579271312465692290e+03,-1.552984478780273605e+02,3.564240800928549788e+02,4.801463991167975678e+02,-1.044323597928325853e+02,2.588680769549707605e+01,1.812410888684914653e+03,-1.551238255010366061e+02
-1.173075657045026077e+02,1.552991557827008137e+03,1.018803268479915687e+03,2.579930452610707192e+01,1.630149659375047122e+03,8.426937184602116986e+02,-2.286612276538276944e+02,1.388714541769104699e+03,7.324202758381751437e+02,1.435457629414524661e+02,1.879937908481517979e+03,8.359907682377941001e+02,-2.125687248557763951e+02,1.319214335001004201e+03,4.278902893957810534e+02,1.543066088202819515e+02,2.133854495167989171e+03,7.901600780628783696e+02,-1.321496061049762432e+02,1.576147987943512135e+03,4.387005056644310912e+02,2.583357132571162538e+02,1.287866504320860940e+03,4.456285059031317246e+02,-2.013477571231485541e+01,1.239819964400399613e+03,4.436720633066232722e+02,3.338657750767440575e+02,1.072079600794754015e+03,2.107258603696287835e+01,-7.947955696888254806e+01,1.515549702372283946e+03,2.350982099299922936e+02,4.261190639672866496e+02,6.541455374428215919e+02,6.589323003396482648e+01,2.973792451551845772e+01,1.582180938556978845e+03,-1.550452513032506943e+02,3.646755719654026962e+02,5.099689078376701445e+02,-1.105905242965959587e+02,2.104789467049392471e+01,1.815448911678499144e+03,-1.519469675538645390e+02
-1.158657090363956996e+02,1.592791546154482603e+03,1.013950141101933468e+03,1.543056634106347857e+01,1.664255116508027641e+03,8.243017635475935094e+02,-2.266420456451891141e+02,1.402891326154498529e+03,7.412584597891220710e+02,9.435289296316061325e+01,1.920313916516746076e+03,7.507044037462424058e+02,-2.085461393354036375e+02,1.317765668362266979e+03,4.429721936104458564e+02,4.961828163509561307e+01,2.162187773807844678e+03,6.502317834364350801e+02,-1.362048062586745516e+02,1.568510687534121644e+03,4.405574738081938335e+02,2.612914586964103023e+02,1.305415555469444143e+03,4.551505119298954583e+02,-1.644577894957705766e+01,1.250200830539664821e+03,4.536802194259677208e+02,3.295491669854361589e+02,1.095609728065326863e+03,2.876804957546245589e+01,-7.875283331130539466e+01,1.521370234551262683e+03,2.337547975495000685e+02,4.359773578594823107e+02,6.729924584014200946e+02,6.787310234672050058e+01,3.071223080758887036e+01,1.584046565168888264e+03,-1.567293602230199383e+02,3.719286118011822282e+02,5.358725303744880648e+02,-1.139036866879113603e+02,1.834150754959849650e+01,1.819457002893112303e+03,-1.512502802699268329e+02
-1.144742351787003685e+02,1.629378042091193265e+03,1.010008523863642722e+03,7.866560117743286895e+00,1.696316717961253062e+03,8.033204150366807426e+02,-2.243232711887819164e+02,1.415093615616527131e+03,7.529285772030498265e+02,4.846721056245979753e+01,1.940869012477451179e+03,6.578161384764985087e+02,-2.050577330927452522e+02,1.314567142506271921e+03,4.611752907022045065e+02,-4.138607358925881385e+01,2.150118774846982888e+03,5.169816228176008508e+02,-1.408567269196967686e+02,1.558067894521301923e+03,4.410904347082183676e+02,2.642186100315094563e+02,1.325432044191339628e+03,4.648944350834917714e+02,-1.240559372570510988e+01,1.262389009871842291e+03,4.637414615684384671e+02,3.287992073310584829e+02,1.114067126075026181e+03,3.983652575121470107e+01,-7.679688164318940835e+01,1.527341127033453176e+03,2.321634683589165888e+02,4.412371827383805680e+02,6.861171962068805215e+02,7.465496702209146918e+01,3.257041117251781515e+01,1.584743565737337804e+03,-1.601321847820296114e+02,3.792054272424930446e+02,5.581089240517846974e+02,-1.147156686400296053e+02,1.760382342049526727e+01,1.823402352932094345e+03,-1.527937126635469838e+02
-1.133230808870711712e+02,1.662647165589673250e+03,1.006137590545536227e+03,1.888930520502358767e+00,1.725936857176472131e+03,7.794321821872417786e+02,-2.213535686618010629e+02,1.426331253072108211e+03,7.668054249999839840e+02,6.129728306857584741e+00,1.941144508766165472e+03,5.668129310961003284e+02,-2.019567935832624528e+02,1.309628995392108436e+03,4.827482746281503410e+02,-1.153155827602828793e+02,2.105379152429124133e+03,3.998352211646118803e+02,-1.464835213548777233e+02,1.545492574792815731e+03,4.409422416643587894e+02,2.669180830317378081e+02,1.347245389935223102e+03,4.742654920243010110e+02,-8.300106506372063819e+00,1.275637134432078710e+03,4.735721226685465695e+02,3.322354498644297109e+02,1.128108533554372343e+03,5.338248510271873215e+01,-7.417300404069250419e+01,1.532611239426661996e+03,2.305641769979667686e+02,4.431214582195064509e+02,6.944413334347269711e+02,8.489339379526836638e+01,3.540075599408127260e+01,1.584594732583514315e+03,-1.647548783829114143e+02,3.873350054624323775e+02,5.771252545664219724e+02,-1.135242452200399157e+02,1.842265696517507934e+01,1.826387954560910885e+03,-1.557924081574217325e+02
-1.126414471837869087e+02,1.692574356328685099e+03,1.001806948021188191e+03,-4.146607713786184313e+00,1.752118317765359279e+03,7.531249922249105566e+02,-2.174300190106561388e+02,1.437936072027052205e+03,7.819800678049271028e+02,-3.226545431473316228e+01,1.922900273420918438e+03,4.867199923906466665e+02,-1.988714752046142848e+02,1.303109641550163133e+03,5.079966222081899332e+02,-1.732248101545636132e+02,2.036193496899180900e+03,3.046674773772673461e+02,-1.530512276102955980e+02,1.531086380955165851e+03,4.413451580044726370e+02,2.691618857212163221e+02,1.370015189390680689e+03,4.828966207188125281e+02,-4.424540551874663663e+00,1.289247254723500419e+03,4.829749261778776486e+02,3.397483866826635790e+02,1.138636416598876849e+03,6.872470518154948138e+01,-7.149286964399625788e+01,1.536932984391303307e+03,2.293500795393947556e+02,4.430524109892126603e+02,6.992393150801349293e+02,9.713977557880470215e+01,3.893050975001694525e+01,1.584288465884706966e+03,-1.699040410529550229e+02,3.968203895095853113e+02,5.934614809967332576e+02,-1.107159438229336388e+02,2.021341912681013753e+01,1.828061739421451875e+03,-1.592337762291567174e+02
-1.126968413040025752e+02,1.719121839204437720e+03,9.969340381599120064e+02,-1.168100072483508178e+01,1.773884126893494113e+03,7.256791348304720941e+02,-2.124965388198064886e+02,1.450854133023914528e+03,7.974654233403001626e+02,-6.587047062365512318e+01,1.889956894893976596e+03,4.238380494331382238e+02,-1.953861203043676369e+02,1.295393343534938367e+03,5.369713169462945643e+02,-2.177214319798281110e+02,1.950583303821444588e+03,2.340921754807517630e+02,-1.603276514713107588e+02,1.514964442480213620e+03,4.437478101297125477e+02,2.706863243853470067e+02,1.392947173457329427e+03,4.906932417445183887e+02,-1.020443922870194697e+00,1.302730265081700281e+03,4.918881015056694537e+02,3.506104813215136460e+02,1.146604361354738785e+03,8.535811607645784704e+01,-6.931580617969810021e+01,1.540592257060097381e+03,2.289636927785316800e+02,4.425146745359427882e+02,7.019518594329432517e+02,1.102888441252095078e+02,4.254807130011717931e+01,1.584666961550339011e+03,-1.748273453930418384e+02,4.079168187860787498e+02,6.076758719754385538e+02,-1.063750283063345421e+02,2.232069403525303741e+01,1.828794462360068565e+03,-1.622617406690403072e+02
-1.137380481970049715e+02,1.742268651883546681e+03,9.918363997856907872e+02,-2.138404718427426587e+01,1.790802859932953879e+03,6.988768843769875048e+02,-2.069054210197886334e+02,1.465200310912381156e+03,8.123878828626720860e+02,-9.342380272756975046e+01,1.847417459248020805e+03,3.805815990371372664e+02,-1.912748022792215465e+02,1.287128494483788927e+03,5.692400821665197554e+02,-2.507287602638979536e+02,1.856260783575967935e+03,1.880397257789345815e+02,-1.680294116416134500e+02,1.497272641637716333e+03,4.494058299363920241e+02,2.712439317194861133e+02,1.415348921263749617e+03,4.978077017960249577e+02,1.767739001472669713e+00,1.315844353578885148e+03,5.003886378639043642e+02,3.636981445421292278e+02,1.152896061331476631e+03,1.028489828760052802e+02,-6.800333414420015288e+01,1.544002308889526603e+03,2.296907485880238369e+02,4.430133834584331680e+02,7.039786914044682362e+02,1.238615848795455463e+02,4.556408331411619628e+01,1.586362587488125428e+03,-1.788836141979471392e+02,4.208493987588464620e+02,6.202642034965276707e+02,-1.002082026532684154e+02,2.418001675832696051e+01,1.829428353857547336e+03,-1.644641905080478921e+02
-1.159271623221103908e+02,1.762166966965682832e+03,9.870486144121161942e+02,-3.289720158697597441e+01,1.803184328259060294e+03,6.745842643719987564e+02,-2.014381888293920326e+02,1.480260558237166379e+03,8.261091197578372203e+02,-1.136390723911790701e+02,1.800684472617179381e+03,3.556777289115132703e+02,-1.866243964696109288e+02,1.279185067630116464e+03,6.038620421292781657e+02,-2.727363671055287568e+02,1.760504359430478644e+03,1.643691058540530321e+02,-1.758300874516471595e+02,1.478282196245649402e+03,4.590846743223925159e+02,2.706952630917917304e+02,1.436561609074833768e+03,5.045781647769599658e+02,3.909963030483515567e+00,1.328544227658427189e+03,5.086445074682289942e+02,3.777412118189668035e+02,1.158326011395140085e+03,1.207357221162803427e+02,-6.757997363733120721e+01,1.547201920973891220e+03,2.314798679453692785e+02,4.460359339882135146e+02,7.064880830225387172e+02,1.380372515203826538e+02,4.757274685874143216e+01,1.589397302887903379e+03,-1.816873782653454157e+02,4.360199740630580436e+02,6.315709197286823837e+02,-9.160223088097214372e+01,2.550968531563306385e+01,1.830668499161159843e+03,-1.659282890231984311e+02
-1.193017367646235130e+02,1.779301540666992651e+03,9.830995575863017848e+02,-4.501305889052753173e+01,1.811909817649908746e+03,6.543422516487413532e+02,-1.971332993542239080e+02,1.494885554703658272e+03,8.382711129212484593e+02,-1.257463621365122179e+02,1.754569252504621772e+03,3.453872192023022762e+02,-1.817749330250271669e+02,1.272515522992772503e+03,6.395870985131092539e+02,-2.833664590166516177e+02,1.669643826821655466e+03,1.594966571934818660e+02,-1.833105071907269235e+02,1.458337408984958756e+03,4.729536130624479142e+02,2.690811088813064771e+02,1.455905115233505285e+03,5.114521306353094587e+02,5.481512305742882951e+00,1.340901000166675658e+03,5.168441804954870804e+02,3.915484385620904959e+02,1.163699466499363325e+03,1.385025290234683837e+02,-6.769603218794846100e+01,1.549591863193181553e+03,2.339247045668035696e+02,4.529122702609469115e+02,7.102869439058509897e+02,1.534362370009690153e+02,4.868345633090571312e+01,1.592990716904345618e+03,-1.831631072202848713e+02,4.540417173622093401e+02,6.417407077114522735e+02,-7.981350768724236389e+01,2.642379529711149644e+01,1.832495842271334141e+03,-1.670526173448298835e+02
-1.237762806099330959e+02,1.794484894188006365e+03,9.803331846837033936e+02,-5.622667714081782009e+01,1.818061696576333134e+03,6.390378730857037226e+02,-1.949547378871697276e+02,1.508032296605807005e+03,8.487876605353645800e+02,-1.298973620589755740e+02,1.712585594572353330e+03,3.451008193772365189e+02,-1.771328518891293129e+02,1.267924957138360242e+03,6.751992793428560162e+02,-2.824866176097425523e+02,1.588206701611039989e+03,1.690945756206130568e+02,-1.899922756361459619e+02,1.437745186885284511e+03,4.906542345480891640e+02,2.666188425727296476e+02,1.472765570549042422e+03,5.188799732961716700e+02,6.627781651352908199e+00,1.353030938410362069e+03,5.251370637614783163e+02,4.042041049423617096e+02,1.169795654806593575e+03,1.556554468841143546e+02,-6.776607683640366986e+01,1.550130005906542237e+03,2.364402566685382965e+02,4.645423905924445762e+02,7.157724554217800232e+02,1.707424966648328848e+02,4.945598826661951364e+01,1.595798753386239468e+03,-1.834889063324325491e+02,4.755246684442752780e+02,6.507677962926620694e+02,-6.426293137923137522e+01,2.735552536917539257e+01,1.834058960682400311e+03,-1.682524400198884109e+02
-1.291660219953197384e+02,1.808625905088498484e+03,9.788127335514794822e+02,-6.542177771847673284e+01,1.822591894432113349e+03,6.286862885288682037e+02,-1.954129690062967200e+02,1.519183600845112778e+03,8.578100104938521326e+02,-1.272361504985256744e+02,1.676433698450137854e+03,3.507086070153943638e+02,-1.729773381391823364e+02,1.265798817361254123e+03,7.098634298133772518e+02,-2.710810588526167635e+02,1.518081819969163007e+03,1.888333085497671675e+02,-1.955134933312930912e+02,1.416718787575937313e+03,5.114580764595015125e+02,2.636150720386572743e+02,1.486839550261139948e+03,5.271646965395200368e+02,7.511007102774536648e+00,1.365040442142355914e+03,5.335987470273755662e+02,4.152388642422300222e+02,1.177188106776946825e+03,1.718684824699301998e+02,-6.725406495666176454e+01,1.547924109508299580e+03,2.385363039533798997e+02,4.810733525243061308e+02,7.229487919687983322e+02,1.903071788830590947e+02,5.055822821590384564e+01,1.596571728788496785e+03,-1.829710724373943549e+02,5.006904970908346968e+02,6.586416790407408826e+02,-4.486422784675320941e+01,2.878763534298913385e+01,1.834212067194616566e+03,-1.697473385488168844e+02
-1.352132015575810158e+02,1.822393147063086417e+03,9.783116906479801855e+02,-7.238080275087234838e+01,1.826177289399153551e+03,6.223653915514420305e+02,-1.982923819909458416e+02,1.528496562112192578e+03,8.656828627188705241e+02,-1.196454460719234589e+02,1.645744688372162955e+03,3.593832853620583592e+02,-1.693542970085228490e+02,1.265894746332486648e+03,7.433358379420203619e+02,-2.514737899749286782e+02,1.458097030851240106e+03,2.150127491381116442e+02,-1.998566986382730022e+02,1.395418260646656790e+03,5.344197468454361797e+02,2.603446830661194440e+02,1.498402510029623272e+03,5.363087728344136167e+02,8.259458988993175765e+00,1.376986626260824551e+03,5.422169917732178419e+02,4.247401196565953683e+02,1.185973419219024208e+03,1.871158118276483719e+02,-6.596028249425620515e+01,1.542880628534989683e+03,2.400353619958356148e+02,5.016838188993953622e+02,7.314736881772835204e+02,2.118848575615359096e+02,5.235434142407384428e+01,1.594902014456223696e+03,-1.819243164544485012e+02,5.290281773137970731e+02,6.655048102314467542e+02,-2.226039082529466739e+01,3.093613554052988235e+01,1.832372587923228366e+03,-1.715299267963899013e+02
-1.416098352369614304e+02,1.836000282341244656e+03,9.783783287309659045e+02,-7.787725464655474639e+01,1.829244832875903285e+03,6.183528040012364499e+02,-2.026263672151631852e+02,1.536688724179326982e+03,8.728943357170254558e+02,-1.093602894015678828e+02,1.618237001370904636e+03,3.696613905095981067e+02,-1.660841533060396671e+02,1.267323632604031445e+03,7.759562943844925940e+02,-2.269742117052915660e+02,1.404243530510714209e+03,2.448481262427052343e+02,-2.034534309773749214e+02,1.374025446999299447e+03,5.584780357957148453e+02,2.569728470440367118e+02,1.508398773229416747e+03,5.459547409307405132e+02,8.943442800598216280e+00,1.388863820947839258e+03,5.508955149058532470e+02,4.333330049477213493e+02,1.195615922777311880e+03,2.017046613647630409e+02,-6.413463282787164133e+01,1.535986077263281913e+03,2.411252503341590341e+02,5.246186750440409696e+02,7.407164784795726291e+02,2.346168488662158325e+02,5.469086258190110783e+01,1.591576297605272202e+03,-1.806149866511137247e+02,5.592122464268577460e+02,6.717093540774741314e+02,2.170753979824294078e+00,3.359574929469933124e+01,1.829064033377636406e+03,-1.734636482127772013e+02
