1.589775279468707652e+02,5.095450428555635902e+00,1.732865262207236356e+03,1.169446697767685208e+02,-1.829346933500136458e+02,1.460678198595995127e+03,1.479777953550183724e+02,1.813377992122559590e+02,1.429369702402993653e+03,2.893416979170945069e+02,-3.356504368191688172e+02,1.248281945901036352e+03,3.230252250003771337e+02,2.570017515821078860e+02,1.180248277163461125e+03,3.923928921689660569e+02,-1.687275978025388099e+02,1.431165498029213495e+03,4.723250309135543716e+02,1.325064700379960811e+02,1.349254977074028147e+03,1.333132129778123556e+02,-1.455544338969733360e+02,9.484308553992996167e+02,1.559368565490791525e+02,1.399675704144768247e+02,1.000988475988694404e+03,1.013611846487548149e+02,-9.473892945137131960e+01,4.423534522747477808e+02,5.057193211013466225e+02,2.073398520036808748e+02,9.567841786876888364e+02,5.343028582858090125e+00,-9.394635952000086832e+00,8.288639666739939793e-01,2.310585210432710426e+02,1.303360608337238773e+02,6.593859541848236177e+02,2.224173586939803045e+02,-4.340330231155269303e+01,-2.083247409874508094e+01,3.628956498558026738e+02,8.330440717602883183e+01,5.025456733721800902e+02
1.600215018937436753e+02,9.025660116864679949e+00,1.731557076779516365e+03,1.172609836327910102e+02,-1.808527458844107798e+02,1.458472784216860191e+03,1.487590415758286895e+02,1.826475225493985306e+02,1.428255498162334334e+03,2.907582365216232461e+02,-3.330525191934921736e+02,1.246039130871349698e+03,3.232550239065306528e+02,2.588820594944697859e+02,1.181521099991829715e+03,3.955808606432331089e+02,-1.679582163629848708e+02,1.432297244175750620e+03,4.729519878060424389e+02,1.329283964052718261e+02,1.351464920994246313e+03,1.340115091090364388e+02,-1.432643891696167486e+02,9.485311525837900035e+02,1.561236952483101845e+02,1.423029460741362300e+02,9.998959861249618370e+02,1.009508515611253188e+02,-9.729071328083176695e+01,4.414082132016550304e+02,5.056071497366094718e+02,2.059092068029387406e+02,9.536269808660194940e+02,4.606475036937117018e+00,-6.893683497956429207e+00,1.404681437284335699e+00,2.204248299423513515e+02,1.350923135214333968e+02,6.623672723340893072e+02,2.231738840297692548e+02,-4.150159459212225954e+01,-2.103411062769331963e+01,3.517784095584794386e+02,8.894611152159059486e+01,5.015151966662895688e+02
1.612277126282897655e+02,1.274691253718084205e+01,1.730133060113063948e+03,1.178777005123185404e+02,-1.785847897231384422e+02,1.456347164887776898e+03,1.498979044388511568e+02,1.846515813418385790e+02,1.427165674390190588e+03,2.922056590392928683e+02,-3.305635605298970745e+02,1.243743335301374600e+03,3.232877751321674396e+02,2.615582749134747473e+02,1.182160806952292205e+03,3.989227966459744152e+02,-1.671775769201118749e+02,1.432876950819506419e+03,4.737858116455469712e+02,1.340718601713629994e+02,1.352924685156751593e+03,1.345261173606353680e+02,-1.409343660329975023e+02,9.484922869367744624e+02,1.564885263724824540e+02,1.448262264109290243e+02,9.988091564225087495e+02,1.006080558251372281e+02,-9.883151852501947587e+01,4.405304624201419870e+02,5.055171746607407499e+02,2.051006469453650993e+02,9.505336784543818567e+02,4.169184532187916403e+00,-4.912558154592566950e+00,1.750589285976929421e+00,2.098103902613793537e+02,1.398097246583237450e+02,6.651924298186354463e+02,2.238913201417490484e+02,-3.982870880234816724e+01,-2.124268110585750691e+01,3.396281427759492999e+02,9.366338703976001057e+01,4.998968705713620011e+02
1.626448789283970484e+02,1.612051048644911688e+01,1.728560692485435993e+03,1.188985895414352569e+02,-1.760022254306073819e+02,1.454398537205108823e+03,1.515436312182159213e+02,1.877530793701160121e+02,1.426134618128592592e+03,2.936704589171425255e+02,-3.281010413549665827e+02,1.241342131985785954e+03,3.229901736771585092e+02,2.655563024369297978e+02,1.181833000184232333e+03,4.025332162644902496e+02,-1.662391086717300936e+02,1.432426663503394821e+03,4.749498532658956833e+02,1.364715492767724356e+02,1.353028447326254081e+03,1.346986831270867526e+02,-1.384369314954187189e+02,9.482539727144051085e+02,1.571354381997699932e+02,1.476969892860355458e+02,9.977747348849146647e+02,1.004240380223277498e+02,-9.878670566339040704e+01,4.398028252545308305e+02,5.055096779519651022e+02,2.052469369313179470e+02,9.475712493386550932e+02,4.189147695403712568e+00,-3.723345372545573184e+00,1.747715238800927606e+00,1.993684568161632740e+02,1.445652815135897526e+02,6.677779850581240453e+02,2.245569838692606766e+02,-3.850689701137928012e+01,-2.145334190692922860e+01,3.260670008525249273e+02,9.710587666950668506e+01,4.974167676922618853e+02
1.641796966653168397e+02,1.911372521721130013e+01,1.726916791487603177e+03,1.201678342531557462e+02,-1.730547671261629432e+02,1.452744700834008881e+03,1.535719026146655324e+02,1.919231524224668419e+02,1.425207113447609117e+03,2.950628868241009855e+02,-3.253934788488639924e+02,1.238834085194338286e+03,3.223460785437296181e+02,2.709931088820368359e+02,1.180642973365069111e+03,4.064562023622517586e+02,-1.648788628984097215e+02,1.430691417124312238e+03,4.764576843874442034e+02,1.403557250383960593e+02,1.351504703267611376e+03,1.344488798033228250e+02,-1.355953220154314636e+02,9.478681683667091420e+02,1.580520271065150268e+02,1.509751232280872557e+02,9.968833031091869543e+02,1.004892035994027992e+02,-9.722655167792903796e+01,4.393216535904394391e+02,5.056871579400287260e+02,2.062762408694601675e+02,9.448205692134857827e+02,4.630419883048097596e+00,-3.262033667588475794e+00,1.434277844259252088e+00,1.893980480157884472e+02,1.495818247259277314e+02,6.701787356036376195e+02,2.251821976904441556e+02,-3.752660217447169089e+01,-2.165349819528739417e+01,3.115767073741113222e+02,9.968803356610894184e+01,4.942609323835039845e+02
1.656697391111016486e+02,2.180785563945266148e+01,1.725366905977180750e+03,1.213877897525325693e+02,-1.697462774030456956e+02,1.451496524222932521e+03,1.557034212976547281e+02,1.967990365509295430e+02,1.424440114911762976e+03,2.962480453345074238e+02,-3.221336007038601110e+02,1.236292154139397553e+03,3.214236422503187782e+02,2.776465305602498006e+02,1.179028579463496044e+03,4.106902748058595876e+02,-1.628126101028584287e+02,1.427691387550837135e+03,4.781984621423143835e+02,1.456589501589109545e+02,1.348472810191913823e+03,1.337996707492354460e+02,-1.322732084994699733e+02,9.474648687534914870e+02,1.591238945336025949e+02,1.545875605969805520e+02,9.962193604479471105e+02,1.008381393917441642e+02,-9.471427164815493427e+01,4.391694558565673674e+02,5.061722577008397934e+02,2.077946147433549413e+02,9.423130981111693245e+02,5.303400389335673815e+00,-3.227910507691111874e+00,9.682242863498484731e-01,1.802698929869636402e+02,1.551365190203711109e+02,6.725087700172500718e+02,2.257728139564990499e+02,-3.681208439082404738e+01,-2.183201745870996646e+01,2.972211151272097709e+02,1.022360229767969884e+02,4.908856916373356398e+02
1.669838231224038623e+02,2.436396305832696285e+01,1.724100680905040235e+03,1.223047319874409880e+02,-1.661186328249079054e+02,1.450710309777008661e+03,1.576931192544036833e+02,2.019111683310676142e+02,1.423891676646896940e+03,2.971282940520134730e+02,-3.182047225662361711e+02,1.233860203601324429e+03,3.203100302587906185e+02,2.850991391796798098e+02,1.177492899803213277e+03,4.152120528710962049e+02,-1.598734457731344492e+02,1.423705013628884217e+03,4.799527665039133240e+02,1.520914583485212290e+02,1.344374308370764766e+03,1.328508435649472119e+02,-1.284507185517231562e+02,9.471761062822180293e+02,1.601893542149358325e+02,1.583531903845458260e+02,9.957966028756256947e+02,1.014126547593939875e+02,-9.193744631379779264e+01,4.393678372580288283e+02,5.070629324925068886e+02,2.092751806423688379e+02,9.399496482792601455e+02,5.967786751515352428e+00,-3.282619438398382439e+00,5.342206722391215079e-01,1.723277082787878953e+02,1.613745657339804325e+02,6.747812256236851454e+02,2.262957490418982900e+02,-3.630089787314238237e+01,-2.199000718096231566e+01,2.841311583359655515e+02,1.053595922874737454e+02,4.876787548833876258e+02
1.680777142595922555e+02,2.696031631634261672e+01,1.723246833435042845e+03,1.228298583040200924e+02,-1.622641514511424248e+02,1.450348049745601656e+03,1.594554687114890044e+02,2.068886889784225787e+02,1.423589330736758711e+03,2.977217286946585659e+02,-3.138042745103908260e+02,1.231707428369426680e+03,3.190629514823996260e+02,2.928422277076950309e+02,1.176338098647914421e+03,4.199665446900687584e+02,-1.560888503959239131e+02,1.419173284791130300e+03,4.814339775815902840e+02,1.592013734077952165e+02,1.339782818095513903e+03,1.317069076557546055e+02,-1.242182465915095264e+02,9.470666213919050733e+02,1.611060330106949436e+02,1.620667875736021983e+02,9.955279688347360434e+02,1.020835043597122365e+02,-8.936792234697027482e+01,4.398421563576082463e+02,5.083858104765852204e+02,2.102367922648683702e+02,9.374620689720782138e+02,6.435922492131267880e+00,-3.217657591059079447e+00,2.539781201680655354e-01,1.658275206291392294e+02,1.681430110835066785e+02,6.767613036346359650e+02,2.266729769646144064e+02,-3.596474402861168329e+01,-2.214274819497475022e+01,2.730936729098509659e+02,1.089985796464905121e+02,4.846976169663680025e+02
1.689894400013575080e+02,2.972932422699632582e+01,1.722798144878893709e+03,1.230386568885351863e+02,-1.583330955882092610e+02,1.450274925639598450e+03,1.610653445928860492e+02,2.115463479396728417e+02,1.423487015565039883e+03,2.981672901604026720e+02,-3.093454926120483037e+02,1.229952340047080725e+03,3.177042050315740198e+02,3.003291847443762776e+02,1.175541986088681824e+03,4.248395425713828217e+02,-1.516352166951974993e+02,1.414539876473485037e+03,4.823469612901893697e+02,1.664218590889157383e+02,1.335154586683699335e+03,1.304102182519940243e+02,-1.197001757006654685e+02,9.471111001419747026e+02,1.618022777001561678e+02,1.655914475079673309e+02,9.952557909106390071e+02,1.027179384442478352e+02,-8.713804989437210224e+01,4.404361305572975311e+02,5.100705879853540523e+02,2.103522239428161527e+02,9.344678541935896874e+02,6.630265981076632897e+00,-3.012257355491776867e+00,1.477389955914340802e-01,1.609195262939696818e+02,1.749728640185691972e+02,6.779372792507120948e+02,2.268162054379633616e+02,-3.577127316522961564e+01,-2.230750100844767303e+01,2.644130728746804948e+02,1.124507337675226495e+02,4.816294102520964202e+02
1.698039065440078730e+02,3.271814705737810414e+01,1.722582546285402032e+03,1.230865321634542227e+02,-1.544929765442943506e+02,1.450300475559134611e+03,1.626665489561988522e+02,2.158525648939377675e+02,1.423441095509929255e+03,2.986387676581770734e+02,-3.051754107750521712e+02,1.228593370864166445e+03,3.162413853755172113e+02,3.070441939743705575e+02,1.174822968285436446e+03,4.296587424173356453e+02,-1.466912784081444272e+02,1.410074100101148360e+03,4.824539791636037194e+02,1.731460926054860465e+02,1.330626518422718163e+03,1.289277966093487748e+02,-1.149770139786179328e+02,9.472241369647844067e+02,1.622958963076389409e+02,1.688997595505163929e+02,9.948252023628372172e+02,1.032402861338046876e+02,-8.514788098615311185e+01,4.409853027578452043e+02,5.119597475340134451e+02,2.094863735629971302e+02,9.306148893141012195e+02,6.583446142454296712e+00,-2.785163974240769225e+00,1.553601585411174546e-01,1.576464901397220615e+02,1.812486183107106967e+02,6.776522812825968458e+02,2.266849783952595487e+02,-3.564725279420139259e+01,-2.248338542429748443e+01,2.580010165312119170e+02,1.148283277390608959e+02,4.779645084348888986e+02
1.706171482644926414e+02,3.588278332743005450e+01,1.722311609384876419e+03,1.231191849806447465e+02,-1.508478774315361761e+02,1.450240671130169858e+03,1.643653531508441858e+02,2.198455818580216032e+02,1.423239867702001902e+03,2.992275544600639137e+02,-3.012911675936182405e+02,1.227482397653073349e+03,3.146820581874421805e+02,3.126293062025506515e+02,1.173830612411102493e+03,4.342495008603560223e+02,-1.412843652883626646e+02,1.405739982196734900e+03,4.816328915756885749e+02,1.788653961930221215e+02,1.325956622573297864e+03,1.271938826170870556e+02,-1.100610537326874265e+02,9.473153744109326908e+02,1.626757912958095176e+02,1.720491449706914011e+02,9.941553329128607857e+02,1.036450876715493195e+02,-8.326282905188868710e+01,4.414085229096637590e+02,5.138537095734214972e+02,2.076890391672080796e+02,9.257453412602513936e+02,6.394707533210552519e+00,-2.693405292992514077e+00,1.902352168359928986e-01,1.559480716147584474e+02,1.864755946023402657e+02,6.753400351884801012e+02,2.263302971710622273e+02,-3.549528390415941459e+01,-2.263781605298992616e+01,2.535598143221533292e+02,1.156000539082709366e+02,4.732556550981102532e+02
1.715083411785483918e+02,3.911192827911409609e+01,1.721708190792610594e+03,1.232323162770284313e+02,-1.473835718025573271e+02,1.449969163708481574e+03,1.661731645971011631e+02,2.235701947500232336e+02,1.422694043211434291e+03,2.998862671855444546e+02,-2.972613657666956328e+02,1.226350765562746346e+03,3.130146483222270604e+02,3.170267499868655250e+02,1.172339017258098465e+03,4.385178958471846613e+02,-1.352418141479560916e+02,1.401166391416456008e+03,4.799051036098478562e+02,1.833413906361126351e+02,1.320633366187822958e+03,1.251682379189074226e+02,-1.049275623186091764e+02,9.473320245916607973e+02,1.630571315228230276e+02,1.751301717156273980e+02,9.932669002826332871e+02,1.039685971615972306e+02,-8.143354776754634372e+01,4.417509355288059396e+02,5.155762906976119666e+02,2.051649469008126516e+02,9.199750837954193230e+02,6.165353502430432009e+00,-2.836093049369283747e+00,1.898874916845927352e-01,1.556795500075646714e+02,1.904872079174417934e+02,6.707388767991089935e+02,2.258911248814737860e+02,-3.525549005617892817e+01,-2.271065346598371448e+01,2.507606152668271591e+02,1.148595251498515069e+02,4.673031574252812561e+02
1.725173533807908086e+02,4.227097321020193021e+01,1.720663050042181794e+03,1.234837718425832378e+02,-1.439980932217576424e+02,1.449441241794784219e+03,1.680180806303416716e+02,2.270680270051529988e+02,1.421749178990490236e+03,3.004790507442098146e+02,-2.924354039007869801e+02,1.224867036568047752e+03,3.111608510771528699e+02,3.205388976414741364e+02,1.170335596407965795e+03,4.425001439576868734e+02,-1.283032183881973367e+02,1.395742135005980572e+03,4.774120147826378684e+02,1.867223263407742309e+02,1.314097775502739296e+03,1.228677479382062785e+02,-9.956380330687787250e+01,9.472672237861996791e+02,1.635331252993343298e+02,1.782375211252401641e+02,9.922555826601147828e+02,1.042551116038789019e+02,-7.966992233591504657e+01,4.421405905385324218e+02,5.170330450730891698e+02,2.022358569172780562e+02,9.136241753101470522e+02,5.939074560898300881e+00,-3.201489489721712989e+00,1.400797437925967448e-01,1.566443840121945925e+02,1.934762918394735607e+02,6.639674316787785529e+02,2.255405233883081451e+02,-3.495389909019732499e+01,-2.263510650236736410e+01,2.493786448058946803e+02,1.131970703154421756e+02,4.601690735909463115e+02
1.736328709149442204e+02,4.525539986132882575e+01,1.719327663566112051e+03,1.239235850498173050e+02,-1.406020741439650976e+02,1.448692181735066924e+03,1.698028925833529001e+02,2.304075792225517318e+02,1.420547855110521368e+03,3.008947436802027369e+02,-2.863253493228365301e+02,1.222695783798036700e+03,3.089332575940982792e+02,3.237438398110591038e+02,1.167972389428499127e+03,4.463352748167358186e+02,-1.203376340974218550e+02,1.388810658783759663e+03,4.743436876858824007e+02,1.895234141881575169e+02,1.305972744385634542e+03,1.203582184075249728e+02,-9.399677163719238138e+01,9.471388380651633270e+02,1.641468508528556640e+02,1.814766231028945924e+02,9.912333913353895696e+02,1.045443354016082793e+02,-7.793215132217227392e+01,4.426850342874895432e+02,5.182326060085501922e+02,1.993021018701871583e+02,9.070259783672938738e+02,5.675794452143978930e+00,-3.671429301325536798e+00,6.864132839688567855e-02,1.586214446677163039e+02,1.958540908360143362e+02,6.554221169958534574e+02,2.254111688390377992e+02,-3.468661656145727790e+01,-2.236462112592508689e+01,2.493690837718955322e+02,1.113342512303912031e+02,4.520356921605181810e+02
1.748012581577139031e+02,4.803862245370817163e+01,1.718063149767600862e+03,1.246028068464308518e+02,-1.372025215645749654e+02,1.447815722816071684e+03,1.714669546275664231e+02,2.337144840407344475e+02,1.419384037388465231e+03,3.011214025701164587e+02,-2.789164424075945021e+02,1.219544446807361055e+03,3.060413507696284228e+02,3.272991954757564486e+02,1.165432764434033061e+03,4.501710062437871329e+02,-1.115211322608511608e+02,1.379890030604020694e+03,4.708626356174319767e+02,1.924713710584429407e+02,1.296201165856772604e+03,1.177237922140904516e+02,-8.828771330797498251e+01,9.469604864711830032e+02,1.648922066044677592e+02,1.849748241111136906e+02,9.902729500388841188e+02,1.048748546626412406e+02,-7.605997994131968198e+01,4.433811419951292692e+02,5.192566464753078890e+02,1.968009989137427738e+02,9.003232790408724213e+02,5.278171543311682257e+00,-4.075776967692202213e+00,1.904800506590393142e-02,1.613725895717457206e+02,1.980503497116511369e+02,6.455498499518736253e+02,2.255421850349315775e+02,-3.454386240885525439e+01,-2.189435460251063148e+01,2.508657100588622200e+02,1.098063367631649356e+02,4.430157229317175620e+02
1.759557130390659552e+02,5.069355504505889343e+01,1.717247796811543594e+03,1.255469749167780975e+02,-1.338931191360966864e+02,1.446924389498440632e+03,1.730155225485413553e+02,2.371664762453269191e+02,1.418557568577388793e+03,3.012079335603602317e+02,-2.707086496909517450e+02,1.215210484582520166e+03,3.021698468565127769e+02,3.317373361686723570e+02,1.162810038666218816e+03,4.540573923473507989e+02,-1.023457832689304041e+02,1.368826693881656638e+03,4.670788150019252498e+02,1.962928968545113264e+02,1.285047239403305184e+03,1.150416313217435942e+02,-8.250912341622542101e+01,9.467263193186220178e+02,1.657354874354840888e+02,1.888593216687530401e+02,9.893789679585461272e+02,1.052823403422426907e+02,-7.381466166836318621e+01,4.441022987273174749e+02,5.201948835631549173e+02,1.951486090534157540e+02,8.933726279049656114e+02,4.660083208351270656e+00,-4.270414044320248514e+00,1.960539502781547330e-02,1.646420090945515255e+02,2.003877894642209867e+02,6.346108597260709985e+02,2.258725453105780616e+02,-3.453037968370022526e+01,-2.127096559962338773e+01,2.541013933791182922e+02,1.088820888597326331e+02,4.330395505562635776e+02
1.770486071063366182e+02,5.337242173201809692e+01,1.717048574650746787e+03,1.267152902380951787e+02,-1.307574514599249369e+02,1.446095677197762370e+03,1.745046240270489761e+02,2.409445068560788172e+02,1.418209276388186709e+03,3.011338660504072209e+02,-2.624771339307443441e+02,1.209640666981492132e+03,2.971091737394005463e+02,3.373479273429769023e+02,1.160071493815058602e+03,4.578885836331367045e+02,-9.344687697390742187e+01,1.355821506852727452e+03,4.630917955776745316e+02,2.015396796834677389e+02,1.272979828676363013e+03,1.123784436916671154e+02,-7.672439198988924147e+01,9.464166729656890311e+02,1.666426951289587919e+02,1.932016783592796401e+02,9.884909009286030823e+02,1.057828540469781586e+02,-7.100792263605443111e+01,4.446703755604703474e+02,5.210868254869465090e+02,1.946521497112462953e+02,8.858157646718560727e+02,3.813891366227445179e+00,-4.199336642264554165e+00,6.425992711023091608e-02,1.681733380660582213e+02,2.030824868523110354e+02,6.225529635817279086e+02,2.262756033412986199e+02,-3.454480562403182375e+01,-2.058819350711867102e+01,2.592841952073698621e+02,1.086929702683809893e+02,4.218864416306633984e+02
1.780655464677775228e+02,5.624959895830018297e+01,1.717302646095332648e+03,1.279852825363436608e+02,-1.277702295435763489e+02,1.445319915546361699e+03,1.759963714213995729e+02,2.451622802927995508e+02,1.418238014217867658e+03,3.006942129127393741e+02,-2.549168589247792056e+02,1.202981860481854937e+03,2.908732552400915665e+02,3.441778929462338965e+02,1.157115205041810668e+03,4.614222160870403968e+02,-8.535681531596362959e+01,1.341327478755668153e+03,4.590525454922784547e+02,2.084976500660623628e+02,1.260502879608180820e+03,1.098043961292014501e+02,-7.097391527855032223e+01,9.460143683435311459e+02,1.676024473520937477e+02,1.979714755674199296e+02,9.875065400185867475e+02,1.063551942933319054e+02,-6.762221002724024288e+01,4.449616584044233036e+02,5.219077240604410690e+02,1.954059424290613833e+02,8.772795977575252664e+02,2.829263054837090063e+00,-3.906225831334416920e+00,1.161390984884875938e-01,1.717571543157046676e+02,2.063096692815138908e+02,6.090661629015658036e+02,2.266086222298727932e+02,-3.443796291555874944e+01,-1.996657285005424853e+01,2.664836500645747606e+02,1.093838941810731598e+02,4.093356895015535883e+02
1.790129777268871862e+02,5.945409643096070340e+01,1.717591249396577723e+03,1.291878078346391874e+02,-1.247846273203375773e+02,1.444476371603534517e+03,1.775142046933303845e+02,2.498121387040845320e+02,1.418349568597457846e+03,2.995079437268441893e+02,-2.483803827960868773e+02,1.195574646189793839e+03,2.837296454547617373e+02,3.521147811387855313e+02,1.153868926282993243e+03,4.643618591624998544e+02,-7.832979403863538437e+01,1.325876338621339983e+03,4.551723457862244686e+02,2.171830728611539314e+02,1.248010869806407072e+03,1.074029283997888058e+02,-6.525827416477822851e+01,9.455140910854265712e+02,1.686389303853613910e+02,2.030446530608921876e+02,9.863137602959045580e+02,1.069454116791802250e+02,-6.383780484876097461e+01,4.449788154394038884e+02,5.226009319536060502e+02,1.972230760231160502e+02,8.675912718880499597e+02,1.850429478810043715e+00,-3.488742216835023502e+00,1.331591101624403362e-01,1.752959676252703787e+02,2.102277758133566579e+02,5.937902532943645610e+02,2.267530417608156768e+02,-3.411358722889004724e+01,-1.951877932484691769e+01,2.755739408676010385e+02,1.111133094455051378e+02,3.953448553199537514e+02
1.798913466774001222e+02,6.302579046957022513e+01,1.717460825034895151e+03,1.301787868941863735e+02,-1.216197998987110367e+02,1.443359068577412245e+03,1.790245624449472928e+02,2.547592769169927465e+02,1.418201573580832246e+03,2.971691519998315698e+02,-2.428209623335061451e+02,1.187857748753803435e+03,2.761063181251283822e+02,3.609953096894176952e+02,1.150364809704696881e+03,4.664552717671795676e+02,-7.231684239802960690e+01,1.309915322123956230e+03,4.516458314744492100e+02,2.274117505777918495e+02,1.235722218740678045e+03,1.052546431709639307e+02,-5.951591093272715938e+01,9.449153381542537318e+02,1.698090901248882574e+02,2.082703091051463389e+02,9.848218804628609178e+02,1.075005868523488317e+02,-5.995559937967391306e+01,4.448508419164995189e+02,5.231205534715089698e+02,1.996688719823781639e+02,8.568853574028603362e+02,1.004160288724077921e+00,-3.025904890256034374e+00,9.991257907900499835e-02,1.788569082617428876e+02,2.149087428604129286e+02,5.765543695293387145e+02,2.266383003870466553e+02,-3.360517418272460333e+01,-1.931073507034867731e+01,2.862546567049267310e+02,1.138920965728224814e+02,3.801498333746628191e+02
1.806774376544313157e+02,6.691746214111513780e+01,1.716649064765243793e+03,1.309040915808861314e+02,-1.181773165223779500e+02,1.441749277607809745e+03,1.804547442960433443e+02,2.597940422876297930e+02,1.417553487828727839e+03,2.934504623212174579e+02,-2.379104733952356980e+02,1.180209730973355818e+03,2.684077759705788822e+02,3.706917264531100500e+02,1.146750457305567352e+03,4.675578605810995327e+02,-6.706635944133962823e+01,1.293716329729544441e+03,4.485249637236785247e+02,2.389203743813028211e+02,1.223692729822459796e+03,1.033940795498074863e+02,-5.361151497669967370e+01,9.442059479511129894e+02,1.711805178891646051e+02,2.135513867439780142e+02,9.829875621786123929e+02,1.080116908633807640e+02,-5.627311392538626933e+01,4.447701518727283769e+02,5.234420739581991029e+02,2.022190151523216457e+02,8.455430711661596206e+02,3.489433351417721707e-01,-2.528936238503157519e+00,4.296470174679226789e-02,1.826787365583315932e+02,2.202261527914112378e+02,5.575006660997266863e+02,2.262560047279784499e+02,-3.307711285632480269e+01,-1.933677506749405595e+01,2.981396514154379815e+02,1.174131634848414052e+02,3.642272877413046785e+02
1.813335398406576644e+02,7.103794523046418874e+01,1.715179660135021550e+03,1.314173516064434750e+02,-1.144933326297469023e+02,1.439503615164256644e+03,1.817351986958285579e+02,2.647224726610349990e+02,1.416344068534051530e+03,2.884271065141398367e+02,-2.332197257544865749e+02,1.172809897490635649e+03,2.608308981017357269e+02,3.811530148456851634e+02,1.143241643217134424e+03,4.676410346068958575e+02,-6.226065066658225078e+01,1.277372911985896053e+03,4.456270877790954614e+02,2.515004201034703613e+02,1.211869995102701296e+03,1.017663581750572774e+02,-4.735907340639803920e+01,9.433538802435558637e+02,1.727969460933904315e+02,2.188832284426223964e+02,9.808300877456970284e+02,1.085327492685189839e+02,-5.298497611552157593e+01,4.449066358710677491e+02,5.235326008308862811e+02,2.044823594502194624e+02,8.340020724595079855e+02,-1.263127257195802433e-01,-1.951332686171134423e+00,1.649848262613686292e-02,1.871098420312755479e+02,2.258091860949270711e+02,5.370164022697582595e+02,2.256698107883703130e+02,-3.274480033212281427e+01,-1.952443189995564055e+01,3.108783485033259240e+02,1.210481702812467120e+02,3.481359885950611783e+02
1.818415592584060505e+02,7.530503236614246987e+01,1.713289945033944150e+03,1.318432840177111416e+02,-1.106910171844249930e+02,1.436616424323011415e+03,1.828401798604343753e+02,2.694509077780796815e+02,1.414679583110348858e+03,2.824465149166919105e+02,-2.283614064729996755e+02,1.165603714768156124e+03,2.532828697307693631e+02,3.924007168901483169e+02,1.140055961923639643e+03,4.667671392917328603e+02,-5.761037715220218303e+01,1.260854637929517139e+03,4.425531150055718967e+02,2.650888261367152836e+02,1.200148734334017263e+03,1.002210313187102031e+02,-4.058547525892009844e+01,9.423189924142078553e+02,1.746501237470884291e+02,2.243291129256260206e+02,9.784291840443725050e+02,1.091590396005570511e+02,-5.014261917778103594e+01,4.453398799391949296e+02,5.233151346041473744e+02,2.063688850357862918e+02,8.225464641916861410e+02,-4.664453645934427128e-01,-1.251193365873252361e+00,6.675217489378393321e-02,1.924816572286513860e+02,2.311267876757970612e+02,5.155258289470857562e+02,2.250139591224813671e+02,-3.275699252289978602e+01,-1.976841813964036731e+01,3.242581498742680424e+02,1.240569113668395715e+02,3.323166700507393898e+02
1.822416697790732201e+02,7.967143984510479982e+01,1.711267572642000687e+03,1.323144859902555481e+02,-1.068790936460978145e+02,1.433227991262589512e+03,1.838032340033690275e+02,2.740183575261222586e+02,1.412768238175736542e+03,2.759703435895441430e+02,-2.230579172148353848e+02,1.158396257343229308e+03,2.454558081306740576e+02,4.044925587251693173e+02,1.137371658777759194e+03,4.650666874596986986e+02,-5.288796614691696618e+01,1.244066189565447530e+03,4.388344883887897936e+02,2.797735886303612460e+02,1.188418428334194459e+03,9.855937980481064642e+01,-3.320642492231965548e+01,9.410775223478170801e+02,1.766773965667416633e+02,2.299623018550125835e+02,9.758996638300574205e+02,1.099780138146034005e+02,-4.766461722979197191e+01,4.460323821258433554e+02,5.226708495128749519e+02,2.081028863246766605e+02,8.111844045878249290e+02,-7.142431017687557171e-01,-4.573283152843772847e-01,1.999741047026308283e-01,1.989608074423487665e+02,2.356652205130943400e+02,4.932825386017784695e+02,2.244663146227563573e+02,-3.310678859394395346e+01,-1.997536960107346715e+01,3.382388978547451757e+02,1.258860722419499183e+02,3.169468133016987963e+02
1.826497911568704922e+02,8.411151595168657025e+01,1.709312220922500956e+03,1.329214791204951496e+02,-1.030765116634147063e+02,1.429575285063487172e+03,1.847012362263603791e+02,2.785582406691615347e+02,1.410844511923665095e+03,2.693838800867220584e+02,-2.171484288060235031e+02,1.151011499346590199e+03,2.370251721832022440e+02,4.174704645918531014e+02,1.135333708187988577e+03,4.627242845832980720e+02,-4.793354198277624079e+01,1.226871584434086117e+03,4.341491871149976873e+02,2.957180975287639058e+02,1.176621343580064377e+03,9.661335023106992992e+01,-2.526633277692539536e+01,9.396365723220311565e+02,1.787893264241987765e+02,2.358256098383347990e+02,9.733449914708313599e+02,1.110261739103058432e+02,-4.537321909041943968e+01,4.468456252081272737e+02,5.214893843261821758e+02,2.100756990099766881e+02,7.996557729432437327e+02,-9.026912516548063481e-01,3.164282630028594778e-01,3.756980674852776203e-01,2.064499818043776713e+02,2.390961169947763096e+02,4.702914118504548924e+02,2.241918255171216856e+02,-3.362414654929889934e+01,-2.009546820424796820e+01,3.528964969446921032e+02,1.263710253694454480e+02,3.019143516943429404e+02
1.832374823352341195e+02,8.859067821849193081e+01,1.707489647831162074e+03,1.336990886467528981e+02,-9.921044431265246999e+01,1.425906039739084918e+03,1.856193583900944191e+02,2.832139202578833306e+02,1.409103120876678304e+03,2.628651952431899304e+02,-2.105705216638231718e+02,1.143412376054048309e+03,2.278631853494607356e+02,4.313099676136205858e+02,1.134093880060513357e+03,4.599426102583037164e+02,-4.267897316394090268e+01,1.209084837145445363e+03,4.284934141287569673e+02,3.130545447823222958e+02,1.164830516846658384e+03,9.431030095044289396e+01,-1.691162046985132861e+01,9.380195888767667611e+02,1.809112104640128393e+02,2.419342165576279911e+02,9.708050169212618812e+02,1.122781367251641456e+02,-4.304350794860238238e+01,4.475880297843320932e+02,5.197310968758295076e+02,2.126331750861004082e+02,7.875396082492453615e+02,-1.071413277003517184e+00,9.272259621462002332e-01,5.272387868029476676e-01,2.145984405646433402e+02,2.413495237673232339e+02,4.463942577595387320e+02,2.242747133128495136e+02,-3.405948842486763084e+01,-2.012778933893899591e+01,3.682973099924817006e+02,1.257351018977986001e+02,2.869171645734676872e+02
1.841760426381906370e+02,9.305219208901942807e+01,1.705762006339165509e+03,1.346435321735458785e+02,-9.517329063984965387e+01,1.422390181977152452e+03,1.866171364246339976e+02,2.880597030781800072e+02,1.407642124990957427e+03,2.563567493471372245e+02,-2.033486693326948114e+02,1.135708341664774707e+03,2.181475481762315098e+02,4.458910103506316887e+02,1.133840925731586367e+03,4.568603806911727929e+02,-3.720436277164517946e+01,1.190465015089783265e+03,4.222071402379957590e+02,3.318100766841844234e+02,1.153316146394637371e+03,9.168747475087795351e+01,-8.313050524878748959e+00,9.362264431950607104e+02,1.830128301567448261e+02,2.483013951515064548e+02,9.682226628546428628e+02,1.136699693741385175e+02,-4.046478242892985122e+01,4.480787427282051567e+02,5.174494953071639429e+02,2.159257532792667291e+02,7.743967714802820410e+02,-1.278847337313215649e+00,1.293613965558380707e+00,5.920717864645703710e-01,2.229338777766803901e+02,2.425776993148291183e+02,4.214478754132037466e+02,2.246745475944280770e+02,-3.421608301881897063e+01,-2.010319920858485432e+01,3.843648252585198861e+02,1.244226166034856362e+02,2.716407829346541689e+02
1.855658207792172618e+02,9.743581043416500620e+01,1.704031145248848134e+03,1.357356207750528654e+02,-9.088605974300931223e+01,1.419059615392812475e+03,1.877104679051388416e+02,2.930701890229104265e+02,1.406419449283041331e+03,2.496288989135987322e+02,-1.956006303418194818e+02,1.128054742272491467e+03,2.083117494799409997e+02,4.610086046996732421e+02,1.134774211573500907e+03,4.534543846198836263e+02,-3.178929036133256858e+01,1.170753226474836765e+03,4.158311177888970747e+02,3.519002541378267210e+02,1.142536810689177173e+03,8.885550749118925751e+01,4.115561938738409031e-01,9.341961599742635372e+02,1.851104556061021924e+02,2.549471073667366454e+02,9.654506594642829214e+02,1.151392850512682600e+02,-3.750917822923694445e+01,4.482080156338618622e+02,5.147517717838164799e+02,2.198959351815279888e+02,7.598921966221884077e+02,-1.586516325373215519e+00,1.456436829804818922e+00,5.328332406158657886e-01,2.310603132583406705e+02,2.430618769263260219e+02,3.954761399912937918e+02,2.252364068278801312e+02,-3.405751254624490798e+01,-2.005900174375740619e+01,4.008091183364466019e+02,1.228974456180186650e+02,2.559325067505898801e+02
1.873828358149131361e+02,1.017094906451553982e+02,1.702150674018026621e+03,1.369471624334399849e+02,-8.632425596700137760e+01,1.415792770273472343e+03,1.888719990787172662e+02,2.981434877947014002e+02,1.405245900775285691e+03,2.423930714578046093e+02,-1.875420399434075307e+02,1.120516099425409720e+03,1.988805185056377809e+02,4.764236415320883111e+02,1.137014050896850449e+03,4.495022756307459417e+02,-2.689054258622334004e+01,1.149754366733319557e+03,4.098733936561707196e+02,3.731729278976486626e+02,1.133018245435848485e+03,8.594310042077003686e+01,9.229077584819656010e+00,9.318053401114079861e+02,1.872460576598966213e+02,2.618765798110446781e+02,9.623012727282645074e+02,1.166620123249247314e+02,-3.418375091554840850e+01,4.479724312370846633e+02,5.117262047534227918e+02,2.243869508418024452e+02,7.438706472579079900e+02,-2.020470002073962323e+00,1.567091259446386831e+00,3.436061248058943640e-01,2.388223754947798341e+02,2.431360493275829526e+02,3.687117118832390474e+02,2.257572855887302410e+02,-3.372750599571907060e+01,-2.001883500062109889e+01,4.171599658719146646e+02,1.215365937560224836e+02,2.398905723995851815e+02
1.894711037251324512e+02,1.058807935835998109e+02,1.699917965049908844e+03,1.382264292935560661e+02,-8.150292694524544856e+01,1.412345863160462159e+03,1.900426418404047695e+02,3.031490586079837612e+02,1.403840204794923238e+03,2.344155212747024848e+02,-1.794524935925740010e+02,1.112985513235538292e+03,1.902926273299752324e+02,4.919252146286456764e+02,1.140502392792785713e+03,4.446638576426119585e+02,-2.300596427047832293e+01,1.127431292731859003e+03,4.046172798341052044e+02,3.954512556554653884e+02,1.125164900199238218e+03,8.306057503608008119e+01,1.817269269834005385e+01,9.289133062569734420e+02,1.894631859375411693e+02,2.690593908782018389e+02,9.586186353670011613e+02,1.182744203283976390e+02,-3.063255418583131018e+01,4.474680662944164169e+02,5.083936285254841891e+02,2.292918069796043028e+02,7.263859646521417517e+02,-2.539985213950139986e+00,1.811530187791725144e+00,4.861031539787202815e-02,2.463477727455736499e+02,2.431700091790419549e+02,3.415269687273817567e+02,2.260764873334442768e+02,-3.346974077015642735e+01,-1.998459234186803002e+01,4.328910692608397994e+02,1.206620241035647751e+02,2.238293954265829200e+02
1.915906269477000592e+02,1.099762028069540349e+02,1.697091473938393165e+03,1.394805805499075575e+02,-7.645035411676185788e+01,1.408424140056172291e+03,1.911473742017877555e+02,3.079687094625656982e+02,1.401940388368139793e+03,2.255930801679687363e+02,-1.715839584916653848e+02,1.105217093916155818e+03,1.827982413307201739e+02,5.073646403600292274e+02,1.144973926258081747e+03,4.386546813621313277e+02,-2.046293473170166877e+01,1.103966268031472282e+03,4.000730551078167423e+02,4.185399830988673102e+02,1.119116489224497855e+03,8.029695280715358763e+01,2.730502090950518479e+01,9.254306642746698799e+02,1.917959342227493948e+02,2.764484383857703165e+02,9.543388562009711222e+02,1.200758153123027512e+02,-2.707296501431166291e+01,4.468417536757745552e+02,5.047200208392008562e+02,2.346563214867517217e+02,7.076916646964135680e+02,-3.041543902425758450e+00,2.320850669505151398e+00,-3.012536498286441655e-01,2.539449857992556474e+02,2.435927684832549858e+02,3.143236305154856609e+02,2.261413731442314088e+02,-3.349375528308903682e+01,-1.994068443278690950e+01,4.475735741053833863e+02,1.206445190012378816e+02,2.081476674720097719e+02
1.935046519902859359e+02,1.140178367435361508e+02,1.693459495610630029e+03,1.405811404716322954e+02,-7.119516012215410683e+01,1.403777632762437179e+03,1.921163220407278232e+02,3.125276666247647199e+02,1.399419555271004583e+03,2.159707530985260462e+02,-1.640364630950074059e+02,1.096955707131330655e+03,1.764547686448301249e+02,5.226472501440842962e+02,1.150035857017706576e+03,4.314013106872151866e+02,-1.924050655667490162e+01,1.079749341725828117e+03,3.960839129752347390e+02,4.422143749576474647e+02,1.114738484146808560e+03,7.773513525801132573e+01,3.669612197778252494e+01,9.213675119525372565e+02,1.942720848353102667e+02,2.840379315000256497e+02,9.495074569455415485e+02,1.222083562261285294e+02,-2.368824188971622746e+01,4.462228455511385050e+02,5.006744128687549278e+02,2.406908154017182255e+02,6.881927295954940291e+02,-3.399866593765771050e+00,3.124236583797796118e+00,-6.381281426733170781e-01,2.619119756269489017e+02,2.448963412531198003e+02,2.874568186223446560e+02,2.260146087260983165e+02,-3.386165692513790759e+01,-1.986631788821838995e+01,4.609801344889880284e+02,1.219581983609879643e+02,1.931734279980891245e+02
1.950675009381343443e+02,1.180424797231172249e+02,1.688932270342872016e+03,1.414038034555427430e+02,-6.576106865495330567e+01,1.398291498995131633e+03,1.929148548179578313e+02,3.168333682592798368e+02,1.396333964612211275e+03,2.057029220373284488e+02,-1.566657966191635580e+02,1.088081159261896573e+03,1.711890358030386494e+02,5.377093731011141244e+02,1.155313179074118352e+03,4.230591024625975365e+02,-1.893463629079353794e+01,1.055273163885938175e+03,3.925048250413926212e+02,4.662501946289368675e+02,1.111733283425240643e+03,7.545790108401727991e+01,4.642098738664822832e+01,9.168272661641293553e+02,1.969188692917348362e+02,2.919097576813198316e+02,9.442453437722537046e+02,1.248131404102958157e+02,-2.052985939033071361e+01,4.456697604990275750e+02,4.962776624211232388e+02,2.476956545021834302e+02,6.683555365952869352e+02,-3.522273938565940288e+00,4.167256873950948126e+00,-8.991173390787603470e-01,2.703535830967625770e+02,2.475763639940816745e+02,2.612187581972691532e+02,2.258243314875419969e+02,-3.445333330634698399e+01,-1.974853158924379315e+01,4.730886737190117515e+02,1.251087946508883562e+02,1.790586432462330890e+02
1.962701430404172527e+02,1.221674002086573694e+02,1.683590569009658566e+03,1.418848646955377717e+02,-6.014905503228750661e+01,1.392029223880588233e+03,1.935764330665347188e+02,3.210192688775644001e+02,1.392863608334967466e+03,1.949830277368261022e+02,-1.490942590019835734e+02,1.078672394857594327e+03,1.668790834822054308e+02,5.525181286511367489e+02,1.160566219493408880e+03,4.138622711315608740e+02,-1.890038693838284800e+01,1.030960015307363847e+03,3.893380181746979929e+02,4.905244758570179329e+02,1.109776727494214583e+03,7.353116809077124572e+01,5.655326213946376868e+01,9.119461650516200280e+02,1.997597158407800748e+02,3.002110689367495411e+02,9.386808638911265916e+02,1.279726439226832611e+02,-1.748586386222056177e+01,4.451571229454787044e+02,4.915991844523324517e+02,2.559375008458305274e+02,6.485921484418558975e+02,-3.388133509103503194e+00,5.373153389301956295e+00,-1.055074633882530755e+00,2.790888954401527826e+02,2.520290690180749777e+02,2.358528853499795730e+02,2.256890869364009973e+02,-3.502205104882320796e+01,-1.958931728406678019e+01,4.839924819333031678e+02,1.304726755313047590e+02,1.657546646903364831e+02
1.972217096177378153e+02,1.266418215301105050e+02,1.677640216428951589e+03,1.420572333008979626e+02,-5.430838754006170177e+01,1.385196511075053877e+03,1.942184325209800591e+02,3.253489652734049287e+02,1.389175396734343622e+03,1.839800797057116029e+02,-1.408537350366699741e+02,1.068955785106136545e+03,1.634276722297322806e+02,5.670934787348653572e+02,1.165714307114028315e+03,4.039013504104291883e+02,-1.850661662847440070e+01,1.007004865755989840e+03,3.867477195308027831e+02,5.151333755009682136e+02,1.108601781736931798e+03,7.197570440001217662e+01,6.713287425561588861e+01,9.068143090428899313e+02,2.028007084731010536e+02,3.090559734611363183e+02,9.328818211996122045e+02,1.316640879570788059e+02,-1.433966707072593572e+01,4.446051954430441810e+02,4.867106932123815568e+02,2.655249433886406223e+02,6.291634647694420437e+02,-3.058327584932594156e+00,6.699616793075670707e+00,-1.127995491237971049e+00,2.876765712523727530e+02,2.584788414970547024e+02,2.115567397432870109e+02,2.256573018954724432e+02,-3.530791655354922653e+01,-1.940466934641247931e+01,4.937744726921152392e+02,1.381750937291552646e+02,1.530569512534245007e+02
1.980816558656472637e+02,1.318055009502534460e+02,1.671287421183255901e+03,1.420384005833329866e+02,-4.812739476980541298e+01,1.378032026304085775e+03,1.950211945206842188e+02,3.301331338614568267e+02,1.385297009904466677e+03,1.728105255876783701e+02,-1.316108519103630101e+02,1.059185535824630279e+03,1.608192899727012275e+02,5.815068278120897958e+02,1.170776480054078093e+03,3.929852575060589288e+02,-1.738169640636284896e+01,9.833318025007212100e+02,3.849604314366810627e+02,5.404148719675588382e+02,1.108031897691225822e+03,7.075217405395750347e+01,7.811555216827598258e+01,9.014273547434478360e+02,2.060165267902991957e+02,3.184119293518020299e+02,9.268199301209010628e+02,1.357531754070580234e+02,-1.089177827260601106e+01,4.439294457307132689e+02,4.816499145785228961e+02,2.763361563299129102e+02,6.101499687534990244e+02,-2.653999217806579214e+00,8.153972372347999098e+00,-1.179901860280004211e+00,2.955344236787024670e+02,2.670060009965122276e+02,1.884625807300955955e+02,2.256875975909734393e+02,-3.515425793912628194e+01,-1.921824515141644341e+01,5.024156484498383293e+02,1.481254779274999578e+02,1.406895827718041119e+02
1.989854597239644249e+02,1.379433524751293589e+02,1.664612170699121407e+03,1.419757775192821043e+02,-4.146982214714549286e+01,1.370678251181572023e+03,1.961695796870764639e+02,3.355772529533343231e+02,1.381086701929165201e+03,1.615449211099149238e+02,-1.213541407469006685e+02,1.049546226038577743e+03,1.591514645181895560e+02,5.958192696824287395e+02,1.175793621766514889e+03,3.806894486371785433e+02,-1.554268774099716488e+01,9.596977699704768838e+02,3.841284880257559280e+02,5.668063323153552346e+02,1.108006821994732718e+03,6.977635774332703988e+01,8.934377508937808443e+01,8.956978185980304943e+02,2.093484156908524199e+02,3.280594451407586121e+02,9.203825910801857617e+02,1.400430980626834980e+02,-7.076407418683628769e+00,4.430794839335101187e+02,4.764407927745670008e+02,2.880462289423934408e+02,5.915047057369658887e+02,-2.311901896123921052e+00,9.761984069954893428e+00,-1.274614571492844961e+00,3.021012978751931541e+02,2.776794204149859979e+02,1.666217606419731680e+02,2.256733789152611962e+02,-3.457616019508513716e+01,-1.905403946449655095e+01,5.097762346168635759e+02,1.602177274109383234e+02,1.284008970328139299e+02
2.000058970346455851e+02,1.451259252232935353e+02,1.657521710084556844e+03,1.419842863150869903e+02,-3.424119954334837246e+01,1.363105596401904904e+03,1.977819829319437588e+02,3.416602657246997978e+02,1.376316226236553575e+03,1.502238117792076082e+02,-1.104253815761209552e+02,1.040137251239402076e+03,1.586196572212486160e+02,6.099916419449207297e+02,1.180782641436506992e+03,3.665577183778984818e+02,-1.336699505129879206e+01,9.358830723104849767e+02,3.842471828889289895e+02,5.945951439341403102e+02,1.108604197084495809e+03,6.895968249921254767e+01,1.005777077140386382e+02,8.895135175029630545e+02,2.127188348963847204e+02,3.376733418695890236e+02,9.134222450800212982e+02,1.443636523956580788e+02,-3.006415941885861809e+00,4.420472942333849460e+02,4.711638621304506387e+02,3.002715185527669064e+02,5.731533913770451818e+02,-2.130864330119886851e+00,1.151329643858647245e+01,-1.435385056921967273e+00,3.069840538515200592e+02,2.907217926412280349e+02,1.460242915003525468e+02,2.254949740952005186e+02,-3.375582829645976091e+01,-1.893124364052525621e+01,5.156413153689982209e+02,1.745790294027210621e+02,1.160398859458473027e+02
2.011628404659528826e+02,1.531622957626407242e+02,1.649808108249824272e+03,1.421127941310429321e+02,-2.643410997030786902e+01,1.355134953213539802e+03,1.998650252063900723e+02,3.481537975486894538e+02,1.370801727315870266e+03,1.388567244298170920e+02,-9.936958222344431135e+01,1.031024738947339756e+03,1.594429578665596523e+02,6.238567966102034461e+02,1.185720702654226898e+03,3.503176297484592396e+02,-1.144026799108257109e+01,9.118594207526090258e+02,3.851680113049223451e+02,6.237233896753513136e+02,1.110010662495424640e+03,6.825276325441345193e+01,1.115833558554741529e+02,8.827980341068661119e+02,2.160544656995562036e+02,3.469902994313179647e+02,9.058152542920020096e+02,1.486578653609311687e+02,1.073385554539841191e+00,4.408465365486482597e+02,4.660179882998693301e+02,3.127878347432143187e+02,5.550795286887953353e+02,-2.132394710354237777e+00,1.331557662076838433e+01,-1.626756876475998315e+00,3.100425202418237518e+02,3.066026722531775590e+02,1.266517864709946224e+02,2.250736811591814615e+02,-3.297459636098017199e+01,-1.886192757051109226e+01,5.197971365963048811e+02,1.917061329291164213e+02,1.035777352345182436e+02
2.024605251164621222e+02,1.617182368605712099e+02,1.641262237562759765e+03,1.423509120425038930e+02,-1.811211777421478075e+01,1.346543063146517625e+03,2.023214312005164004e+02,3.547972051831443423e+02,1.364486691048971124e+03,1.274023069800759203e+02,-8.870083153226349282e+01,1.022289822679503914e+03,1.617564754516410801e+02,6.372155066995513835e+02,1.190529070378152937e+03,3.319725509182837868e+02,-1.036016795355230080e+01,8.878535110543366500e+02,3.866848605765197249e+02,6.537825955242242344e+02,1.112418127152476245e+03,6.766821948131074294e+01,1.222254753695686560e+02,8.755297015018087450e+02,2.193015028494059777e+02,3.559630606337975109e+02,8.975002606498843534e+02,1.530194236598735529e+02,4.886328098315830815e+00,4.394833944784526807e+02,4.613100575065989801e+02,3.257171187707701847e+02,5.373482018628615151e+02,-2.258537397076123554e+00,1.498320318012242680e+01,-1.772546646174694152e+00,3.113856754426561224e+02,3.259884926027258416e+02,1.085227820199320092e+02,2.244067829036277999e+02,-3.251871746094721516e+01,-1.884977621528985026e+01,5.221073764326589526e+02,2.123940361646677388e+02,9.105335937038100269e+01
2.039175615491986093e+02,1.705247919876165099e+02,1.631767058139112351e+03,1.426589199217078487e+02,-9.344059258086932829e+00,1.337183216874891059e+03,2.050078858000876210e+02,3.615161072975768661e+02,1.357424420595184984e+03,1.157559138716801641e+02,-7.873767654318396580e+01,1.014011606203196038e+03,1.655335886672107222e+02,6.500119168573728530e+02,1.195049286627187939e+03,3.117379468558601161e+02,-1.057749454904979380e+01,8.642966898271233731e+02,3.886312530832005905e+02,6.841976036315469401e+02,1.115901507424656756e+03,6.727131660392414858e+01,1.325018379740205035e+02,8.677103320121673278e+02,2.224218879888107381e+02,3.648066793523277624e+02,8.884804542480444525e+02,1.576589326397358377e+02,8.213077803147157852e+00,4.379429040472303427e+02,4.573589449404757374e+02,3.395644309164597416e+02,5.200675044164576093e+02,-2.412109846620571929e+00,1.627355752355530782e+01,-1.796553418036303640e+00,3.112820800371607106e+02,3.495603371862924860e+02,9.168764567254085307e+01,2.235749860737143138e+02,-3.259977478400042372e+01,-1.888774568900376494e+01,5.225710887350367102e+02,2.374902351778700904e+02,7.846843598932076702e+01
2.055675884378148623e+02,1.795304070793187350e+02,1.621321661675973701e+03,1.429941258629018250e+02,-1.459542343363134931e-01,1.327048371155940231e+03,2.078084489709264915e+02,3.685227519502196287e+02,1.349687253444766156e+03,1.037754177179943014e+02,-6.959919619625047460e+01,1.006191494398825171e+03,1.705914650114706319e+02,6.624585606601845029e+02,1.199044437750905217e+03,2.899021653647579910e+02,-1.231794281162791016e+01,8.417111960194544054e+02,3.909301925657164816e+02,7.144686745875804945e+02,1.120377268657971854e+03,6.714331276333692244e+01,1.424988068890203294e+02,8.593154427784101017e+02,2.253734625956445825e+02,3.739124353159360794e+02,8.787959870016097739e+02,1.628138138541620776e+02,1.092967275505398028e+01,4.362004977542276833e+02,4.543647812177392780e+02,3.550545287079464174e+02,5.033266214152266116e+02,-2.515398904391969559e+00,1.696707142033735494e+01,-1.658498161274314375e+00,3.100236203888366049e+02,3.777909911869265898e+02,7.617368988396842155e+01,2.227244896653230626e+02,-3.331124567076229681e+01,-1.895546500635608211e+01,5.213502648850839023e+02,2.676108556133801812e+02,6.570711014306512254e+01
2.074333613186832110e+02,1.888954489429478087e+02,1.610004345266690962e+03,1.433208912202400711e+02,9.517661130206770181e+00,1.316248293474693128e+03,2.106810923390394805e+02,3.762151663780283570e+02,1.341282520339565281e+03,9.134690769985351722e+01,-6.131610428127320489e+01,9.986895020907996923e+02,1.766755385199331840e+02,6.749974807844034785e+02,1.202259230628297701e+03,2.667215597411244516e+02,-1.557290965548968309e+01,8.205883305934951295e+02,3.935738340633704979e+02,7.443214107463096525e+02,1.125681430330099147e+03,6.733570236492235495e+01,1.523094520159578735e+02,8.502727023996078515e+02,2.280895724600252379e+02,3.836858440680126137e+02,8.684887488712198547e+02,1.686414975656132356e+02,1.300476160023646166e+01,4.342468764310505094e+02,4.523232368519085185e+02,3.728362856739957465e+02,4.871563994673148841e+02,-2.545901723716818221e+00,1.696529624606314712e+01,-1.364994819848611041e+00,3.078081869185600681e+02,4.107967777090059940e+02,6.192954524880454414e+01,2.220307291656214943e+02,-3.461950422554108542e+01,-1.902142989551106922e+01,5.187580518057944801e+02,3.029642509466820002e+02,5.255588016317548750e+01
2.094955597890987349e+02,1.988512390637278600e+02,1.597921895655795424e+03,1.436124543840388128e+02,1.967622908676174021e+01,1.304932008395513094e+03,2.136574914674499155e+02,3.849398788586559021e+02,1.332142619294723318e+03,7.845421631555477404e+01,-5.391456403734282077e+01,9.912426509607348635e+02,1.835650370588691374e+02,6.880923008271721528e+02,1.204522033080450683e+03,2.424002136751769569e+02,-2.011439490707582323e+01,8.012775650631851931e+02,3.965573635528514274e+02,7.737024603879115148e+02,1.131690323814060548e+03,6.783988251863614494e+01,1.619809990797096759e+02,8.404936094926206351e+02,2.304747887130922095e+02,3.943990128049613872e+02,8.575824225051779877e+02,1.751386780323929031e+02,1.449870137205973997e+01,4.321026888487014048e+02,4.510364720599110910e+02,3.932121227924089908e+02,4.715327952665709290e+02,-2.520486274419149630e+00,1.636201124365328141e+01,-9.564963709693080629e-01,3.047007020149335403e+02,4.483227449007867449e+02,4.882261283667447316e+01,2.216524689357609077e+02,-3.637862772490928620e+01,-1.905535269333567427e+01,5.152072411465425148e+02,3.433393911585841352e+02,3.883260156680643149e+01
2.116794694177514771e+02,2.095435579057444215e+02,1.585186569143998440e+03,1.438592454580876563e+02,3.029809155614656646e+01,1.293216439023849034e+03,2.168103221135896774e+02,3.947828077462455099e+02,1.322192770874592725e+03,6.520749837513506009e+01,-4.736303921408061512e+01,9.835731764402887620e+02,1.911382801362406667e+02,7.019630028830222273e+02,1.205821082698549390e+03,2.171269600036092413e+02,-2.550253314557252082e+01,7.838885296241869582e+02,3.998214767122379953e+02,8.026674260565621353e+02,1.138357177437856762e+03,6.859123614656054713e+01,1.715294257762843131e+02,8.299419253780548615e+02,2.324231033700324929e+02,4.061208841108353340e+02,8.460876111301138280e+02,1.821167783766509274e+02,1.559283494635184297e+01,4.298086557282333615e+02,4.502096999328165339e+02,4.160389644782138703e+02,4.564121012055651363e+02,-2.437957050362732581e+00,1.544338565260542673e+01,-4.876645178765688371e-01,3.006879346565141304e+02,4.898265035680180404e+02,3.669788416887392657e+01,2.216876260329402157e+02,-3.836329052626347647e+01,-1.904897655137425971e+01,5.111334119383258781e+02,3.882049653983335133e+02,2.454994358894330730e+01
2.138704279844231451e+02,2.209761357435029936e+02,1.571923744881893526e+03,1.440849055228875670e+02,4.129940938911013859e+01,1.281163851435711422e+03,2.202188997294898911e+02,4.055274418120448559e+02,1.311438490290743175e+03,5.181378699272122645e+01,-4.141189151751144237e+01,9.755277139536658524e+02,1.993744011025151224e+02,7.164224987103374360e+02,1.206295766826781573e+03,1.911135687481075536e+02,-3.110036000224951636e+01,7.682413778885768352e+02,4.032457455270351829e+02,8.312555896859523727e+02,1.145613353047007422e+03,6.950780625471897167e+01,1.810035285862658725e+02,8.186924897725630217e+02,2.338513806903358443e+02,4.187345120184523921e+02,8.340258094174477037e+02,1.892433691574468639e+02,1.662907000471936669e+01,4.273989813297013143e+02,4.495699312980942750e+02,4.408416101230529307e+02,4.417737461985289542e+02,-2.226243098608896354e+00,1.460405210827802058e+01,-1.770339006766446371e-02,2.957872747176316466e+02,5.345798682457319728e+02,2.545358616494681669e+01,2.221458640309466546e+02,-4.031886961105596612e+01,-1.903297775759335408e+01,5.069181468151074910e+02,4.368246798670058411e+02,1.001247877826220822e+01
2.159534098245230496e+02,2.330745755725163804e+02,1.558280114357700313e+03,1.443540087004830639e+02,5.262466025353227650e+01,1.268806578680282200e+03,2.239520611344749170e+02,4.167944895755285870e+02,1.300003079263570044e+03,3.850749318782961694e+01,-3.547735620510646015e+01,9.671715926556536260e+02,2.083040507852372230e+02,7.309266924491182635e+02,1.206149830963572185e+03,1.646003498545080106e+02,-3.614358514479553008e+01,7.539370516679119874e+02,4.066866698185084488e+02,8.594240747397022915e+02,1.153216223658046601e+03,7.054168298254442959e+01,1.905429883285598009e+02,8.069374339354756103e+02,2.347328098653691768e+02,4.320103099956701840e+02,8.214569325385879210e+02,1.961358911862426737e+02,1.810255090555838109e+01,4.248798931092416069e+02,4.489358208106599477e+02,4.670526610148369286e+02,4.276525071154691204e+02,-1.743663850502193746e+00,1.421139223688028430e+01,3.874525933632532726e-01,2.901406437265836757e+02,5.817413870814385746e+02,1.507695950397170748e+01,2.229512554237447546e+02,-4.202319873560298191e+01,-1.907398696989374898e+01,5.028336743334921835e+02,4.883431153072384632e+02,-4.202552414511566248e+00
2.178620589708126829e+02,2.457911752820642732e+02,1.544404213231738822e+03,1.447553192498913859e+02,6.434396959098533841e+01,1.256185626563058804e+03,2.280624200399457209e+02,4.282546850640620164e+02,1.288086999376106178e+03,2.547320965238577628e+01,-2.871198039089387777e+01,9.587980779377610361e+02,2.179314386467439704e+02,7.448342689528508345e+02,1.205552341065085784e+03,1.378281405378281192e+02,-3.989771431809788993e+01,7.405823228372192943e+02,4.100114519193841716e+02,8.870622788841949387e+02,1.160687618674122859e+03,7.171281751574124996e+01,2.003808218171553790e+02,7.949301245126863478e+02,2.351156043604092645e+02,4.456953820405882425e+02,8.084951395327294676e+02,2.024744892089070163e+02,2.056331001572402073e+01,4.222278485961854244e+02,4.482051191702647088e+02,4.942306621523312629e+02,4.141507903425859922e+02,-8.476344493313280326e-01,1.447963562836445206e+01,6.527426279322817715e-01,2.840397564058444573e+02,6.304153292750959281e+02,5.617310846347909781e+00,2.239750967892811957e+02,-4.334381705388991435e+01,-1.924713671168806073e+01,4.990147487766834615e+02,5.418630643479012861e+02,-1.735758784536062294e+01
2.196175843536116474e+02,2.591490612920931085e+02,1.530403437933219720e+03,1.453631126048834403e+02,7.669500747225440307e+01,1.243370656775729913e+03,2.325731224980959553e+02,4.397746133423849528e+02,1.275878183117774824e+03,1.278753998430066119e+01,-2.026733592743597967e+01,9.508608152207136754e+02,2.281478349486657748e+02,7.577485270736880238e+02,1.204589699765443356e+03,1.109916275673826505e+02,-4.187659412519982283e+01,7.280885735694154164e+02,4.130839890171891398e+02,9.140618377904314684e+02,1.167419056095875931e+03,7.310776567163345874e+01,2.107822399680212300e+02,7.828968819876761245e+02,2.351184841565464296e+02,4.595906070737917730e+02,7.953041094876865600e+02,2.080938103684061105e+02,2.444408762093897991e+01,4.194032236956747965e+02,4.472802155690871473e+02,5.221495091770964336e+02,4.014244554414311210e+02,5.060256038784521904e-01,1.540908286967412977e+01,7.039711345244022977e-01,2.778737009633138655e+02,6.797357228064513492e+02,-2.880619968598649994e+00,2.250798998601620724e+02,-4.426887281800146212e+01,-1.959891322783160561e+01,4.954546654506424375e+02,5.965487501591218233e+02,-2.870429605987209953e+01
2.213364243005162564e+02,2.731904000426997072e+02,1.516312682292523050e+03,1.461985926149332897e+02,9.003385004276633197e+01,1.230454376524327245e+03,2.374486974531741907e+02,4.514221668974897739e+02,1.263472330201744626e+03,3.975180348731311430e-01,-9.607168067545389434e+00,9.438627557726119903e+02,2.386659215530744120e+02,7.697512951583329368e+02,1.203276389315664119e+03,8.419442359220168726e+01,-4.203378957971521857e+01,7.168579065483828572e+02,4.157132935523144965e+02,9.403922218036242384e+02,1.172884587914640633e+03,7.484980664610544920e+01,2.219552112195653990e+02,7.709668113344416724e+02,2.349030974378188716e+02,4.735990653476561647e+02,7.820724620366733006e+02,2.130232980495407844e+02,2.989547737730707766e+01,4.163656901602468565e+02,4.459895716667035686e+02,5.507625126454126985e+02,3.896405775194713783e+02,2.197905698283289411e+00,1.681018243993702299e+01,4.919227134468343587e-01,2.720309139638941360e+02,7.289836450641007559e+02,-1.043508959909115674e+01,2.261485536187505829e+02,-4.489593316809948931e+01,-2.012364005924915489e+01,4.920274985179486862e+02,6.517504805846007230e+02,-3.762832199031162617e+01
2.231936586539925145e+02,2.878860635349029735e+02,1.502110494073632253e+03,1.472164650689613268e+02,1.047173675384399303e+02,1.217540591476247982e+03,2.425670438260351887e+02,4.633617361366580667e+02,1.250849971023595117e+03,-1.185270770889800929e+01,3.314833506576481348e+00,9.382374015284597135e+02,2.490217822988906846e+02,7.813855418557143366e+02,1.201579258049948294e+03,5.743491541178908477e+01,-4.081138779585369036e+01,7.076908791696382650e+02,4.176300941292387279e+02,9.661338184587343676e+02,1.176814920386103495e+03,7.706365369504430873e+01,2.339823019161711670e+02,7.591585730337329778e+02,2.346323334123617315e+02,4.877347731292026651e+02,7.689784628515740224e+02,2.174671549941512581e+02,3.672579359459685122e+01,4.130830138727730514e+02,4.440644391565767251e+02,5.801345839976330581e+02,3.789199670057891467e+02,3.964631509780948360e+00,1.839106410034037253e+01,1.922438719788031186e-02,2.667997332865261910e+02,7.776990407675247070e+02,-1.713763427360624192e+01,2.270889097368456078e+02,-4.537884125368336186e+01,-2.076508036215368236e+01,4.885415140794752347e+02,7.071050256121550319e+02,-4.376921119782605984e+01
2.253516253755339278e+02,3.031067881114896068e+02,1.487786129722433316e+03,1.483264735285569884e+02,1.209806726651045778e+02,1.204750227220580882e+03,2.477268003953053039e+02,4.757365617142177143e+02,1.237919644582667615e+03,-2.414558875199493926e+01,1.811715281305080083e+01,9.342576215553605152e+02,2.586847241159731539e+02,7.933862864894492759e+02,1.199410691375705937e+03,3.065708661201339780e+01,-3.896438095580028005e+01,7.014230777050597680e+02,4.185601568798692256e+02,9.914483463397768901e+02,1.179217306316154463e+03,7.985672475349460342e+01,2.468077149299064388e+02,7.474268213614792558e+02,2.344293700189669778e+02,5.020903739699402877e+02,7.561559839306960384e+02,2.217376039671938770e+02,4.449684924786198081e+01,4.095328372653567612e+02,4.411952651816371826e+02,6.104336224585915716e+02,3.692913092960556014e+02,5.506046439449695740e+00,1.986386262436786510e+01,-6.470376786729957752e-01,2.622974731138307902e+02,8.257297248476041887e+02,-2.311105026809321217e+01,2.278300988320304441e+02,-4.585149467174084492e+01,-2.143549287590228758e+01,4.848126599337283551e+02,7.625647167171832734e+02,-4.709736237284441529e+01
2.278878141126693890e+02,3.187155732081976680e+02,1.473418041166026569e+03,1.494372990933081837e+02,1.388760548803099937e+02,1.192247844951407160e+03,2.527107088055647921e+02,4.886303226064992486e+02,1.224601595448523767e+03,-3.658390483198655119e+01,3.425774018171184565e+01,9.320040345398761019e+02,2.672610948916678808e+02,8.063171999722413830e+02,1.196598845566939190e+03,3.879497600877314767e+00,-3.717693738986234564e+01,6.985043481166396759e+02,4.183969986383621062e+02,1.016503767216945221e+03,1.180245333881872284e+03,8.332335663854904340e+01,2.602878243957061954e+02,7.357336597732137307e+02,2.343517434775705794e+02,5.167842470101309118e+02,7.436701018665251013e+02,2.261683719832434178e+02,5.274512101847768974e+01,4.056966177975555752e+02,4.371389665815268017e+02,6.419863083751311024e+02,3.606808489955843129e+02,6.628635531434837525e+00,2.102886056947684068e+01,-1.387397433833958305e+00,2.584418187239934355e+02,8.731846390779066951e+02,-2.845352425631811144e+01,2.283344926402561441e+02,-4.636151753770081996e+01,-2.203813136990885724e+01,4.807237792466552264e+02,8.183456888648759104e+02,-4.791967846245425022e+01
2.307609220120647535e+02,3.347444778634499016e+02,1.459203918520340721e+03,1.504958749365879100e+02,1.583035501197784356e+02,1.180260547022929586e+03,2.573819405032530767e+02,5.021335233101332278e+02,1.210909463389521306e+03,-4.909758046907639084e+01,5.136202238309734724e+01,9.314038727489528355e+02,2.746995692072475777e+02,8.203355127911094087e+02,1.192890116496101427e+03,-2.264005614694129420e+01,-3.561986463834998062e+01,6.987995074512975862e+02,4.173822708285197791e+02,1.041394769080988908e+03,1.180028270844604549e+03,8.756077782182210001e+01,2.742901004218435332e+02,7.240972358056510529e+02,2.343875021337454427e+02,5.319258170832678161e+02,7.315052178098687818e+02,2.310368950007943738e+02,6.122666668320225369e+01,4.015421984436866865e+02,4.318090211049979530e+02,6.753141183408329198e+02,3.529403601793376311e+02,7.346346477122107643e+00,2.181712255610279527e+01,-2.061506130687229099e+00,2.549759871267834512e+02,9.202991381217226490e+02,-3.322377533131147231e+01,2.286268338090063992e+02,-4.684816171320122891e+01,-2.248783042855776060e+01,4.762341651195091004e+02,8.748189118672893301e+02,-4.679148193122196631e+01
2.338318643473728571e+02,3.515330150135207532e+02,1.445405628343518856e+03,1.514988698797068878e+02,1.791077126011945779e+02,1.169052612632813180e+03,2.617508210323653088e+02,5.164579877572122086e+02,1.196989841066816325e+03,-6.141540587310045396e+01,6.944064063787470786e+01,9.323165552405225753e+02,2.813637154952285755e+02,8.352261557394431293e+02,1.188022285192306754e+03,-4.830540399809117957e+01,-3.368963784908898873e+01,7.017475089143072182e+02,4.161503780729673281e+02,1.066101059593379205e+03,1.178576091339437880e+03,9.267682033043608669e+01,2.888034810466621707e+02,7.125890451043580924e+02,2.344710602130141410e+02,5.476269080934738440e+02,7.195667754669736951e+02,2.365159900560505832e+02,7.006397933250808308e+01,3.969969871974097373e+02,4.252837375572004817e+02,7.110514144605411957e+02,3.458944730644846004e+02,7.878596267356818394e+00,2.229376962266982432e+01,-2.540250632262402330e+00,2.515574347187433943e+02,9.672448427825304407e+02,-3.749259822717636581e+01,2.288109365174364314e+02,-4.718056381756279904e+01,-2.273218530703513807e+01,4.713344824659246797e+02,9.323646111398223866e+02,-4.434900476670065927e+01
2.369241001068076002e+02,3.696983026512612582e+02,1.432230648000215979e+03,1.524718492630947253e+02,2.011779609482964304e+02,1.158847360970875798e+03,2.659559246854240087e+02,5.319987761917050193e+02,1.183099380591732142e+03,-7.313392817173780713e+01,8.889061149155273256e+01,9.346202528099889832e+02,2.878838042944580593e+02,8.506677114719334440e+02,1.181838408170691991e+03,-7.225086974699492259e+01,-3.012696399756909926e+01,7.067756080642020606e+02,4.155390960346352927e+02,1.090508938056937495e+03,1.175794146015184424e+03,9.877440856791635326e+01,3.040079272106190729e+02,7.012878316656244806e+02,2.345104321740941771e+02,5.640459310086155256e+02,7.077003641000004563e+02,2.426620472584345123e+02,7.971908718952046513e+01,3.919253879002413328e+02,4.177183023606554571e+02,7.497241470250544353e+02,3.393846918940388946e+02,8.542259508277695090e+00,2.263314945774904885e+01,-2.721579335921135989e+00,2.478982067030803762e+02,1.013930828141600728e+03,-4.142855653733923305e+01,2.290389837258053376e+02,-4.723835741001960997e+01,-2.277198912380708506e+01,4.659795468324528542e+02,9.911976082928456435e+02,-4.112458630169012963e+01
2.398886022572547745e+02,3.899015820813751247e+02,1.419724472806037056e+03,1.534314809008683085e+02,2.245005746158218756e+02,1.149731378599892878e+03,2.701618224614223323e+02,5.492697541807787047e+02,1.169531027781415560e+03,-8.386786459282004103e+01,1.102949421613294021e+02,9.382566850007580115e+02,2.948255915924593182e+02,8.665428402813730600e+02,1.174363497822883801e+03,-9.358954984601487581e+01,-2.351548104626468927e+01,7.137011309403732184e+02,4.162050845451352075e+02,1.114493885025540749e+03,1.171554116688539352e+03,1.059162331000214436e+02,3.202578808060807773e+02,6.902245090238707235e+02,2.344168784092922806e+02,5.814152642352646581e+02,6.957327966744691139e+02,2.494333781812873099e+02,9.080796231199086321e+01,3.861292112509776189e+02,4.092129405159102475e+02,7.914802157156216253e+02,3.333006457246659693e+02,9.595993278664705528e+00,2.307567160301215381e+01,-2.531327868851589891e+00,2.439099627866137325e+02,1.059868388081718876e+03,-4.534696108035863205e+01,2.294309568508644475e+02,-4.698620201897603010e+01,-2.267090266626034989e+01,4.600454319764100433e+02,1.051194377189864099e+03,-3.742733433316015379e+01
2.426428454465642801e+02,4.125198193286083779e+02,1.407750649745394867e+03,1.543539305755989801e+02,2.491595616101616883e+02,1.141596746241082201e+03,2.744406892965332077e+02,5.687239086623337698e+02,1.156528177976404095e+03,-9.341206260397888173e+01,1.341477298571761310e+02,9.432074770297734858e+02,3.023445184792587952e+02,8.830894135410273975e+02,1.165787866588881116e+03,-1.117154147629114220e+02,-1.291432368890171922e+01,7.228655319580763035e+02,4.182342140624852505e+02,1.138030793872735558e+03,1.165743355645813836e+03,1.140942333255866430e+02,3.379728051853204533e+02,6.793534629235557532e+02,2.341298707973799083e+02,6.000090854211191527e+02,6.835306355645943768e+02,2.567267562375631087e+02,1.038556917582347978e+02,3.793800710824438625e+02,3.997237055012612927e+02,8.359287998753650299e+02,3.276005862993723099e+02,1.112259892890702417e+01,2.387479905481285414e+01,-1.927200727836757777e+00,2.397887259074868496e+02,1.104191034295174859e+03,-4.966947234220069163e+01,2.299874618639781545e+02,-4.649114473835398798e+01,-2.254383436544440755e+01,4.533400535776543734e+02,1.111801049487384944e+03,-3.334615875046163325e+01
2.451716890509506754e+02,4.374225318256003447e+02,1.396078948369822683e+03,1.551649329232671448e+02,2.753258524261923412e+02,1.134158430620890840e+03,2.787184736717900932e+02,5.905561933827382290e+02,1.144229109039681589e+03,-1.018238979536605058e+02,1.606686623951770798e+02,9.494007215307656224e+02,3.100307953388419264e+02,9.008112882734096729e+02,1.156370638233338923e+03,-1.264640498198358358e+02,1.741342012138421547e+00,7.349133280007665689e+02,4.209866050458325049e+02,1.161278982167960976e+03,1.158255348447204824e+03,1.232335911610182677e+02,3.574826804082536000e+02,6.685656547075036542e+02,2.336329553393891842e+02,6.200599182090770682e+02,6.710551169724540159e+02,2.644217794593834014e+02,1.191194976434712345e+02,3.714734125084909238e+02,3.890757214551921379e+02,8.822116852238472120e+02,3.223209472133916051e+02,1.301186177692879120e+01,2.524741854752553749e+01,-9.186124143864121683e-01,2.359923006680415654e+02,1.145883031855081754e+03,-5.480620708661682983e+01,2.305584486117846836e+02,-4.586525799096000355e+01,-2.252371085973915044e+01,4.456611066405386623e+02,1.172106876910318306e+03,-2.887194917973205577e+01
2.474968772838907114e+02,4.640135259925693845e+02,1.384530294397185344e+03,1.557513812996264448e+02,3.032682426626403753e+02,1.127045101270479563e+03,2.828133505992242362e+02,6.146129751012488214e+02,1.132662756108533131e+03,-1.093729639339673696e+02,1.898067377350783431e+02,9.565885700884189191e+02,3.170470658788863716e+02,9.202360860974931711e+02,1.146331436502478937e+03,-1.380153660701056708e+02,1.972003714121906626e+01,7.503479327775946786e+02,4.232993834044372079e+02,1.184598170651315286e+03,1.148944158425983233e+03,1.332402332444141280e+02,3.789101879755511391e+02,6.577349557213304934e+02,2.329604383641343190e+02,6.416834696404363285e+02,6.583842120880391349e+02,2.724216107582408313e+02,1.365603977548624925e+02,3.622783905359839309e+02,3.770706831845678835e+02,9.293041025057766547e+02,3.175682392696245415e+02,1.504945315453446852e+01,2.734417719516179446e+01,4.119063216613111367e-01,2.331079658354207993e+02,1.184155873243295218e+03,-6.102760080968015899e+01,2.309037916135047226e+02,-4.516746066155862138e+01,-2.271852998353281805e+01,4.368612646664996078e+02,1.231086575692643237e+03,-2.407093186541793628e+01
2.496326036279197638e+02,4.915373995588485059e+02,1.373093256525875631e+03,1.559835826861001919e+02,3.333683624578004583e+02,1.119927432224013501e+03,2.865198020879380465e+02,6.404756450729720427e+02,1.121787534383634465e+03,-1.163828180870857949e+02,2.214040277097437581e+02,9.642756669190234788e+02,3.224741313410752355e+02,9.417019123473194213e+02,1.135793635941803586e+03,-1.466049376518861322e+02,4.000371922862542817e+01,7.691360921872368408e+02,4.239447327261759710e+02,1.208490077107057004e+03,1.137594392054079890e+03,1.440695114450451513e+02,4.021536896154017882e+02,6.467744549212328593e+02,2.321988008456481225e+02,6.648751978312922120e+02,6.456854365632078725e+02,2.806712106125473269e+02,1.559541078319981864e+02,3.517570535882814511e+02,3.636221890575264979e+02,9.764000204994192700e+02,3.134901983939392949e+02,1.706201268027399109e+01,3.024899235584570434e+01,1.920662988623142109e+00,2.316565881654096586e+02,1.218786568505845025e+03,-6.839155335378167422e+01,2.308252954291835408e+02,-4.433096110902896214e+01,-2.317652143509414842e+01,4.268683617686634761e+02,1.287892877184284998e+03,-1.921012998918813963e+01
2.515449190887877080e+02,5.194765040523786865e+02,1.361949834881712150e+03,1.557394455328204117e+02,3.660756424404190739e+02,1.112629729391291676e+03,2.896610872978487237e+02,6.676806073647259154e+02,1.111545853157210331e+03,-1.230532202617308855e+02,2.553798074422277296e+02,9.717659939611414757e+02,3.256441889896424868e+02,9.653162660601071821e+02,1.124788391658253431e+03,-1.522523723265777846e+02,6.189624619971790054e+01,7.906063220585159570e+02,4.220667797926061553e+02,1.233504554509668651e+03,1.123935709691464353e+03,1.557790905714749670e+02,4.269728836397325153e+02,6.356772338588031062e+02,2.314850863832402581e+02,6.895919928428626235e+02,6.331512216387682201e+02,2.891328512990212403e+02,1.770565484088263020e+02,3.399418774210700462e+02,3.488439663748932844e+02,1.023172031878303983e+03,3.102363807340619815e+02,1.904251690607403802e+01,3.400287096051645364e+01,3.468077205978770561e+00,2.319099244927924985e+02,1.250203668959618426e+03,-7.674034675265357919e+01,2.303005402580261887e+02,-4.316863884608483204e+01,-2.387565061559849511e+01,4.156363813066462853e+02,1.342023321386376892e+03,-1.476904167282819280e+01
2.531256579058468787e+02,5.477991076309236860e+02,1.351405646946516526e+03,1.549312715971522891e+02,4.017516863892279844e+02,1.105173297083835678e+03,2.920716714136138989e+02,6.959516792180484117e+02,1.101907623150002109e+03,-1.293565074859430695e+02,2.917797481550424550e+02,9.783180969299131675e+02,3.262561872229460391e+02,9.910964063477832724e+02,1.113275997585978303e+03,-1.546933356993131952e+02,8.533808635970814294e+01,8.137117498054138878e+02,4.173342499998888115e+02,1.260163555416039799e+03,1.107680383629416383e+03,1.685418398095627026e+02,4.531156326904941238e+02,6.245242021610624761e+02,2.309970852254398324e+02,7.158652013496177915e+02,6.209326410546212855e+02,2.977170558551982822e+02,1.997236973466364134e+02,3.268855714978220135e+02,3.330560906845171303e+02,1.069755082081851469e+03,3.079278492141502284e+02,2.119311818129737546e+01,3.863868914756562134e+01,5.009901582726525859e+00,2.337957599766786245e+02,1.279231040260223608e+03,-8.573438412170007439e+01,2.295404140953144747e+02,-4.145689088727768734e+01,-2.474620973471224517e+01,4.030676217816018720e+02,1.393259737588178496e+03,-1.135414829086800204e+01
2.541850793364133381e+02,5.769155672926660827e+02,1.341771982320923144e+03,1.535385180333390167e+02,4.404353679544711326e+02,1.097725635942478448e+03,2.935419535136362583e+02,7.253149438830699864e+02,1.092892406275517487e+03,-1.350493072486970334e+02,3.306265549480879713e+02,9.833108844190095397e+02,3.242199014067766711e+02,1.019171918919792233e+03,1.101133644917152424e+03,-1.535345876812980350e+02,1.107473749542386088e+02,8.375117963338537947e+02,4.097399796039747457e+02,1.288921999208839679e+03,1.088530287253354800e+03,1.826189332103005540e+02,4.804072029495031302e+02,6.134570573030824789e+02,2.309252284207241814e+02,7.438560589907838221e+02,6.091093826726686302e+02,3.061984661320238956e+02,2.239308349052163294e+02,3.126171534583710354e+02,3.167258104414211175e+02,1.116451936005014659e+03,3.066482998339404276e+02,2.386774522135683441e+01,4.421561349385324746e+01,6.648589539324868625e+00,2.369294964283810145e+02,1.306609684310642706e+03,-9.488915409125418421e+01,2.289329004890161343e+02,-3.904779339222722712e+01,-2.572191613471993676e+01,3.890008714694673699e+02,1.441438759819608322e+03,-9.596624087151647942e+00
2.544667610152693840e+02,6.073946586652122051e+02,1.333263769602320053e+03,1.516394646890768740e+02,4.816534164132708042e+02,1.090469119233967376e+03,2.937939321629686447e+02,7.560512752657089095e+02,1.084574180292140454e+03,-1.397706521181499397e+02,3.716447442180280518e+02,9.863017037900557398e+02,3.193499581041983788e+02,1.049893905427923983e+03,1.088094647059985164e+03,-1.484833238496008221e+02,1.385454346450789842e+02,8.615960767075873719e+02,3.992069540523459068e+02,1.320126363420604093e+03,1.066118623664931420e+03,1.983061476170594233e+02,5.087676782296240958e+02,6.026314596767833791e+02,2.314221764976622637e+02,7.737930011940962913e+02,5.977095857153385623e+02,3.141673585070908530e+02,2.497077887562814738e+02,2.971390063275554780e+02,3.003839653911232972e+02,1.163311939473304847e+03,3.064437899046146754e+02,2.745189956412289689e+01,5.084994159137831105e+01,8.594059072640906294e+00,2.407552157256143914e+02,1.332569930977342437e+03,-1.036208227455305888e+02,2.289016000355107963e+02,-3.594156527998760708e+01,-2.679830039224506422e+01,3.733402895762155254e+02,1.486230333384277628e+03,-1.009991141598239928e+01
2.536866468370903078e+02,6.396466095574850215e+02,1.325952574513049740e+03,1.494221278306984004e+02,5.244179330882047907e+02,1.083437744802226007e+03,2.925225551911418620e+02,7.885565647504772642e+02,1.077068194950467387e+03,-1.431536225234238486e+02,4.140178334795252226e+02,9.869312285240831670e+02,3.111087891915981345e+02,1.083760091256830492e+03,1.073667114963457607e+03,-1.394722474575582964e+02,1.687388938109104117e+02,8.862042125742387952e+02,3.852638243059250840e+02,1.353903496684891707e+03,1.039911237935991039e+03,2.158621724861889959e+02,5.381943577072465814e+02,5.921748741877593147e+02,2.325416270603053306e+02,8.058123099853205531e+02,5.867560550186649380e+02,3.210622512094610101e+02,2.770576004697823578e+02,2.804783522757867331e+02,2.845479886338828237e+02,1.209807991092241082e+03,3.072946233436786088e+02,3.224921842280133433e+01,5.874492778749853983e+01,1.105246388444221139e+01,2.447288114394113165e+02,1.356707199225538716e+03,-1.113361009727080955e+02,2.297538765487241221e+02,-3.227074186486990470e+01,-2.806719245490076631e+01,3.562941072748589022e+02,1.527082465907301184e+03,-1.342878402108794234e+01
2.515857209680557105e+02,6.737780770561364534e+02,1.319768104370306901e+03,1.471589718108220382e+02,5.674536367824121044e+02,1.076387390600626986e+03,2.894620033304350386e+02,8.232294077306232793e+02,1.070480463637848061e+03,-1.448769707968221212e+02,4.563131603541580716e+02,9.847489636982857064e+02,2.985445040051899355e+02,1.121165367479718952e+03,1.057079005025372908e+03,-1.266232065879936073e+02,2.008636099673877311e+02,9.119746540019983740e+02,3.669863562539362078e+02,1.389948144218773223e+03,1.009146691182204449e+03,2.354233519759278863e+02,5.687762765726245107e+02,5.821673191863148986e+02,2.341903132981454689e+02,8.398008804084906842e+02,5.762914261073163971e+02,3.262989624685762351e+02,3.059218714026590646e+02,2.627756094257163113e+02,2.696613017176719609e+02,1.254786170798911144e+03,3.090333607232507802e+02,3.842929233596399285e+01,6.821571577401341813e+01,1.413024992354044151e+01,2.484602671420371962e+02,1.378230066239667849e+03,-1.175821579347726384e+02,2.315868029543537148e+02,-2.819285285090235504e+01,-2.970381152696024429e+01,3.385813986921183982e+02,1.563356055034761539e+03,-2.007086739762413075e+01
2.479696393271476040e+02,7.096780818783687437e+02,1.314506839448724122e+03,1.451568760961580722e+02,6.095528554409161188e+02,1.068759646460960766e+03,2.843907973893449821e+02,8.604513950932009720e+02,1.064792374911045272e+03,-1.446087927604969536e+02,4.966085344530375210e+02,9.791182560945043178e+02,2.804511195373005421e+02,1.162054779069375627e+03,1.037288771058103293e+03,-1.101493876542218118e+02,2.343151955208433606e+02,9.394750185938436289e+02,3.432448516208333444e+02,1.427264125402414493e+03,9.729025569149803232e+02,2.569200096840197602e+02,6.007619971832313013e+02,5.726424399915063077e+02,2.361134455355249315e+02,8.753467858563283244e+02,5.663448860631731350e+02,3.294683079525952962e+02,3.362022501240245447e+02,2.443679128925732016e+02,2.560482422012416919e+02,1.296719500620989720e+03,3.112375478863034459e+02,4.604026464942357677e+01,7.968492886438241385e+01,1.784315094088809772e+01,2.517678769562323566e+02,1.396426470442456093e+03,-1.222119720741824551e+02,2.342664274008893699e+02,-2.374179873670798102e+01,-3.190614274663443339e+01,3.214516117316201189e+02,1.594544141406486915e+03,-3.031457562763860381e+01
2.427109512668302216e+02,7.472277203685775930e+02,1.309806509735998361e+03,1.437248089709376870e+02,6.498878528883731178e+02,1.059771998233808517e+03,2.770271548859203676e+02,9.006212313011540118e+02,1.059679682035503674e+03,-1.418187792982546398e+02,5.327698574473922690e+02,9.693484876849258853e+02,2.556873620758387915e+02,1.205582098374616862e+03,1.013080480092063681e+03,-9.034725123170682082e+01,2.688269794363978917e+02,9.687756954069211588e+02,3.131572395995065676e+02,1.464000092634885732e+03,9.303263618489568216e+02,2.800254694671756965e+02,6.346215289814299467e+02,5.635862991128728936e+02,2.379148219018993586e+02,9.118292333524480000e+02,5.568462090397429165e+02,3.305337417696486568e+02,3.677918029094894337e+02,2.258210885406621173e+02,2.438823487350503001e+02,1.334151725222821824e+03,3.131850186442073891e+02,5.504710004757583874e+01,9.360884762076226195e+01,2.224449044326240710e+01,2.546578442108105662e+02,1.411084474342227622e+03,-1.254744512156975418e+02,2.374428266960362919e+02,-1.872104447116065984e+01,-3.480768705000014052e+01,3.064601588718152243e+02,1.620449140623476978e+03,-4.406451933208097671e+01
2.357181996076010080e+02,7.864583280110098258e+02,1.305086596425068819e+03,1.432053802449486568e+02,6.881659869040390731e+02,1.048624330344802047e+03,2.668679133705384174e+02,9.441384224632367932e+02,1.054326961200614278e+03,-1.354640350978317827e+02,5.628230579993847869e+02,9.550857507233181423e+02,2.235619590467561295e+02,1.249890955282923187e+03,9.832414954058003786e+02,-6.772626826295108060e+01,3.047897879374690433e+02,9.992533013392562680e+02,2.765729057716758916e+02,1.497543014554392130e+03,8.809802545105391118e+02,3.041649205687377275e+02,6.710086801908213374e+02,5.549142136407652970e+02,2.390965348676446922e+02,9.485814967226924637e+02,5.475445706122761749e+02,3.299419262578022654e+02,4.005609940705262488e+02,2.078832345539746882e+02,2.331662945409000827e+02,1.366143620995953370e+03,3.139617180518871464e+02,6.535687020715981532e+01,1.103134653726096701e+02,2.759072577483305011e+01,2.572722610158202201e+02,1.422662172292957621e+03,-1.279533530485750674e+02,2.405546147225101379e+02,-1.270649610961412179e+01,-3.839103570495986162e+01,2.950703872893592461e+02,1.641266780014040478e+03,-6.069087530665467511e+01
2.269073122114670866e+02,8.275324301241379317e+02,1.299516413800904502e+03,1.440760888343242812e+02,7.246225028318121986e+02,1.034769954215700636e+03,2.531089178564084534e+02,9.912468572290367774e+02,1.047361034935318685e+03,-1.236269960646697115e+02,5.854091038995678673e+02,9.368281418136233469e+02,1.841946344442457928e+02,1.292141388848435781e+03,9.468051573164113961e+02,-4.315531918989470483e+01,3.432280176680160935e+02,1.029628399368246164e+03,2.344018132945984689e+02,1.524951649591438354e+03,8.251646390050077571e+02,3.285811323679106408e+02,7.105760441104264373e+02,5.464377265133326773e+02,2.391077589898664826e+02,9.850109491236405574e+02,5.380134275034199618e+02,3.285810499958561195e+02,4.342846561687697431e+02,1.913699724402272864e+02,2.237295584525750485e+02,1.392543836959938517e+03,3.127356944109528172e+02,7.682551510243825987e+01,1.297813969201812938e+02,3.441615389974243300e+01,2.598263035110012993e+02,1.432154555460874690e+03,-1.303499989321727526e+02,2.428169059083333821e+02,-5.164707549384600860e+00,-4.242750075240144270e+01,2.882258514195210068e+02,1.657595594161789904e+03,-7.901694811017476638e+01
2.162120412422483184e+02,8.705364638606318977e+02,1.292101302409194659e+03,1.470594638588040084e+02,7.599119855264939360e+02,1.018173514910365270e+03,2.347741741553872146e+02,1.041729040165761717e+03,1.037029193061669730e+03,-1.033082380266514662e+02,6.003285599810494659e+02,9.163118834221817224e+02,1.387564959248276466e+02,1.328868656926451195e+03,9.033262809994674853e+02,-1.781948103862604782e+01,3.854198071663089991e+02,1.058115145189610075e+03,1.886484772281846745e+02,1.543655041136420323e+03,7.640666001897476463e+02,3.524224666929878254e+02,7.536849912859619280e+02,5.378684640456224315e+02,2.374127319611577605e+02,1.020591477586893461e+03,5.277913550521287789e+02,3.275808437885233957e+02,4.685503251477037452e+02,1.770222581777207438e+02,2.152652392949360376e+02,1.413972253098698729e+03,3.091010406655224756e+02,8.926647981827537137e+01,1.514976147362989991e+02,4.342351419735028628e+01,2.625251581853314065e+02,1.440739982122127685e+03,-1.331880883650510157e+02,2.432406735517007519e+02,4.378189907016315274e+00,-4.646981146418530528e+01,2.860455475782486019e+02,1.670384313334350281e+03,-9.747891018733153601e+01
2.036394084028397344e+02,9.151952448640854527e+02,1.281924954140392629e+03,1.531345858924232743e+02,7.949624121292542895e+02,9.994690056323504450e+02,2.110686928978088872e+02,1.094550443525102537e+03,1.021648402591594618e+03,-7.066077845436812765e+01,6.091243563682096465e+02,8.965106811665739315e+02,8.949447262634984668e+01,1.356656989063181300e+03,8.531332761452582645e+02,7.142367983014515254e+00,4.322882159595538951e+02,1.082588649599860901e+03,1.421057389542430940e+02,1.552194450514942446e+03,6.996491393094643172e+02,3.748157799941616304e+02,8.001263251233295932e+02,5.289014987941129675e+02,2.335977039091918925e+02,1.054733954322416139e+03,5.166263875264676244e+02,3.280166788890173279e+02,5.027140489269257273e+02,1.653793530233399736e+02,2.074245419102529979e+02,1.431507243612338243e+03,3.033253612034650928e+02,1.024777048327499926e+02,1.744722739093005544e+02,5.519266533580154999e+01,2.654621799444825001e+02,1.449347108440227203e+03,-1.365695933355767977e+02,2.407545837852671866e+02,1.620908121754099085e+01,-4.992506215982299977e+01,2.877577540649593857e+02,1.680777363213464469e+03,-1.144010405797700116e+02
1.893428135559647103e+02,9.606939261041588907e+02,1.268468062053003678e+03,1.633586504281838074e+02,8.308389214506461258e+02,9.799396486598852789e+02,1.818291137681773932e+02,1.147640580696931693e+03,1.000187162680511051e+03,-2.186628323077278324e+01,6.155345863918599889e+02,8.811142487627795390e+02,3.948789298425068495e+01,1.372965773083567683e+03,7.974726659078404509e+02,3.127028507758197051e+01,4.838058321232189201e+02,1.100820511287134423e+03,9.778498515912394851e+01,1.550731307621775613e+03,6.343210915990302965e+02,3.949169594593680017e+02,8.489830624395401628e+02,5.193627337110451663e+02,2.275151716590324042e+02,1.086634107657239838e+03,5.047036733141719651e+02,3.306230529452448081e+02,5.359544082241161504e+02,1.566814266066743357e+02,1.999461430969369644e+02,1.446193273543716941e+03,2.963523316092880009e+02,1.162828216310891634e+02,1.974803007696432644e+02,6.981549039568676562e+01,2.685418308686901128e+02,1.458283644915149125e+03,-1.401032259141787790e+02,2.344692757008255910e+02,3.039756808303071267e+01,-5.221445776398313399e+01,2.919077371935853193e+02,1.689817883227658967e+03,-1.282919460135761938e+02
1.736743521793132743e+02,1.005769560667229257e+03,1.251834059839989095e+03,1.784928867212753687e+02,8.686530881368361179e+02,9.612824720250869177e+02,1.478717915495604984e+02,1.198001320740283745e+03,9.727273703176172148e+02,4.543442712247160387e+01,6.255375790901408664e+02,8.735627870969503874e+02,-7.827978730549149944e+00,1.376835222051366145e+03,7.384632425760606793e+02,5.548210574950574170e+01,5.387566152383113831e+02,1.110952233114585852e+03,5.825962564278531630e+01,1.541100356649891410e+03,5.705321045659909487e+02,4.119677212881385913e+02,8.987154735994994326e+02,5.093348844827870039e+02,2.194216081424272602e+02,1.115233824543254286e+03,4.927107635447351868e+02,3.356196603842165018e+02,5.674332421225257121e+02,1.507879861643245931e+02,1.927470001168142915e+02,1.458588078181281162e+03,2.895163501142714040e+02,1.305692050526655237e+02,2.194322737358378674e+02,8.662544049954588843e+01,2.714878396563182150e+02,1.467055032695918953e+03,-1.430585132562786157e+02,2.240456211932724102e+02,4.684828546511354119e+01,-5.298175901040754354e+01,2.967653034658385991e+02,1.698071734838910970e+03,-1.380976136263830085e+02
1.571868431682051721e+02,1.049093229506731859e+03,1.232742135197617017e+03,1.985448515742072004e+02,9.095268869112311449e+02,9.451995493064143830e+02,1.110716615427531764e+02,1.242217955656501772e+03,9.405883195428384624e+02,1.306075314887422110e+02,6.467029765049697971e+02,8.759355247569615130e+02,-4.924930049995699477e+01,1.369196977844932462e+03,6.788340679212359419e+02,8.256035491949639038e+01,5.951999106835337443e+02,1.112307397330243020e+03,2.513344419549886055e+01,1.526334572269220871e+03,5.104563319273987076e+02,4.253925913208227598e+02,9.474511323875033213e+02,4.991673207364093514e+02,2.100349428684131681e+02,1.139381800154845678e+03,4.816704198202841667e+02,3.427093497044344304e+02,5.965249077666369431e+02,1.471076130142688214e+02,1.859004834792681891e+02,1.468580196279845495e+03,2.840715314948701007e+02,1.453067076046098975e+02,2.397119816376288952e+02,1.041677478172320690e+02,2.739540061209789883e+02,1.474476379086299630e+03,-1.446922389618512170e+02,2.100364741769958528e+02,6.537801550307388254e+01,-5.226938621694499432e+01,3.007772109970946985e+02,1.705372835118500234e+03,-1.433900393457077485e+02
1.405736451357440728e+02,1.089775936549076278e+03,1.212287015772477616e+03,2.224273959995601047e+02,9.545646716242794128e+02,9.329429537410627518e+02,7.411280528000250456e+01,1.277258493121920992e+03,9.060628614584840079e+02,2.290672843730357613e+02,6.867347004254971807e+02,8.881237677904628072e+02,-8.234061059586069575e+01,1.352643617249439330e+03,6.215073919064847132e+02,1.171213845779300442e+02,6.517492014001322786e+02,1.106329645699581306e+03,-1.199122779771490954e+00,1.509790927416330305e+03,4.558460810744262517e+02,4.349328481902689418e+02,9.933675301214630053e+02,4.893524050176884543e+02,2.004486290683608729e+02,1.158164477045339254e+03,4.726100227299438643e+02,3.512413844184906679e+02,6.230414462334579184e+02,1.445824969209799917e+02,1.794995462624017364e+02,1.475586833868737585e+03,2.807462162995932999e+02,1.605388840665219163e+02,2.583417872315729369e+02,1.204566845470088197e+02,2.756806787317246403e+02,1.479103741663324627e+03,-1.445985112756982005e+02,1.940198164158747147e+02,8.577354829931952906e+01,-5.057465412300219043e+01,3.029117973970209619e+02,1.710908942543333069e+03,-1.444691846197259508e+02
1.245562580859652968e+02,1.127731405789781775e+03,1.191602907380026409e+03,2.479363638932111655e+02,1.004741538384389060e+03,9.249759884982793210e+02,3.996898192183711984e+01,1.301294182576579260e+03,8.718944801867153274e+02,3.324919179942992855e+02,7.514419943431794309e+02,9.076800838713970734e+02,-1.057882284256811118e+02,1.330722018509081408e+03,5.691463233939020938e+02,1.647677981545657246e+02,7.092999996911531753e+02,1.097047954232478105e+03,-2.143911385543928816e+01,1.494199390064902673e+03,4.080129821369985734e+02,4.407622617345502363e+02,1.035015429491413897e+03,4.803527386644085482e+02,1.918945510852596215e+02,1.171261518246103833e+03,4.662394078029722664e+02,3.604705732858695342e+02,6.473704532118084671e+02,1.418059349858751261e+02,1.734979557578895424e+02,1.479031957848137154e+03,2.795372567484448041e+02,1.763491186374490667e+02,2.759389620142312083e+02,1.334391410816091081e+02,2.766004775592688247e+02,1.479868965226590035e+03,-1.429071466443207612e+02,1.783830405324887352e+02,1.078285421080995832e+02,-4.874277776650148297e+01,3.028178262808880845e+02,1.713695656109610127e+03,-1.423264524826966237e+02
1.097518993136647651e+02,1.163704066663458434e+03,1.171593590050246576e+03,2.721401782251982127e+02,1.060646890194747812e+03,9.208664748255382619e+02,1.125871247298860744e+01,1.314252457391971348e+03,8.406948725550058725e+02,4.303981014106874454e+02,8.427732538092451477e+02,9.305042594661533712e+02,-1.195102408017816487e+02,1.307013193047267805e+03,5.237878185305132774e+02,2.302759654323776886e+02,7.723463335419895657e+02,1.090368295203858679e+03,-3.697819085977959475e+01,1.481035301335747363e+03,3.678306270419186035e+02,4.435080031532706357e+02,1.071474374793142260e+03,4.724949848372386327e+02,1.854227840559173615e+02,1.179133821820503726e+03,4.627941353232492929e+02,3.698050786432019095e+02,6.704624347042516774e+02,1.373157129662778004e+02,1.676563921223742284e+02,1.478829605622203189e+03,2.798375165231163919e+02,1.928166473148657190e+02,2.935215678902370087e+02,1.414964801685641476e+02,2.768297374609844610e+02,1.476663966635279621e+03,-1.402295329654737657e+02,1.657606726288767334e+02,1.313780892542441450e+02,-4.772749262385592317e+01,3.007977973017924569e+02,1.713229733143753947e+03,-1.384260160486786333e+02
9.656708281308155506e+01,1.198970981193092939e+03,1.152801564018897125e+03,2.920892021831603529e+02,1.122136135798714349e+03,9.194251987637502452e+02,-1.033654875018873120e+01,1.317921816484398960e+03,8.144539433374332020e+02,5.126482988132254377e+02,9.577577214095987301e+02,9.521603757804674615e+02,-1.245368824155270602e+02,1.284347621630272670e+03,4.866400459449681648e+02,3.150830613109681053e+02,8.488884367194889364e+02,1.091931372716180022e+03,-4.935848232717592765e+01,1.470491392921512670e+03,3.356957947822910455e+02,4.441335022400336356e+02,1.102333944645906968e+03,4.659787374547497052e+02,1.816197304160542956e+02,1.182919009734985366e+03,4.620826802755490803e+02,3.789408783704393500e+02,6.936466176496031721e+02,1.300064295751745647e+02,1.616504250576737434e+02,1.475584684850264466e+03,2.808055618797475290e+02,2.099826705775229527e+02,3.122510602601658434e+02,1.438123110689521127e+02,2.765616015062282145e+02,1.470589509930746772e+03,-1.373936198346273443e+02,1.583044340593554011e+02,1.563314090424714209e+02,-4.831120404056786555e+01,2.976281973917705841e+02,1.709965801076202297e+03,-1.343327147996624262e+02
8.516149802377253764e+01,1.234897970457495830e+03,1.135394138069914334e+03,3.055835918552920702e+02,1.188058300264772015e+03,9.190159117257630896e+02,-2.440720741780041791e+01,1.315588255743198488e+03,7.942186562978344000e+02,5.719555336401186878e+02,1.088990130527961810e+03,9.692602134119196080e+02,-1.227158187123479536e+02,1.264432436538430920e+03,4.580690146483350986e+02,4.149152721400550945e+02,9.483926638509376517e+02,1.104143443456662908e+03,-5.978058167855336791e+01,1.462029531921031321e+03,3.114838053199202932e+02,4.437128586800859011e+02,1.127584257629804370e+03,4.609526448762435962e+02,1.804824743389120556e+02,1.184064920312832783e+03,4.636531393317894754e+02,3.878374003139991260e+02,7.182987952710595891e+02,1.195107433194319100e+02,1.552768231570091189e+02,1.470398565932920064e+03,2.817532062445436623e+02,2.278329443211407010e+02,3.331677800913008696e+02,1.405064524135007673e+02,2.759434729525453918e+02,1.463706211515155019e+03,-1.351269203746669803e+02,1.570712085312225952e+02,1.826744163015305560e+02,-5.088997555090080738e+01,2.942666284360372515e+02,1.705331920063128337e+03,-1.313029919781441777e+02
7.550468618946622712e+01,1.272553067057709313e+03,1.119229989453872577e+03,3.116893221941713250e+02,1.256237896960614535e+03,9.179411665758597110e+02,-3.178316993931148815e+01,1.311313400236806501e+03,7.799897656098909238e+02,6.053587064036722722e+02,1.226633056316413786e+03,9.802106292461592147e+02,-1.163033750380406985e+02,1.247965290332914492e+03,4.377481320323316822e+02,5.187816513738699769e+02,1.078186762646094621e+03,1.123772446965659583e+03,-6.880605353081318754e+01,1.455180592985184830e+03,2.945937666396090435e+02,4.431934439777476769e+02,1.147510904754718922e+03,4.575765182283186050e+02,1.815035755531110055e+02,1.183882094892515852e+03,4.669615004061446939e+02,3.965778410508101501e+02,7.454245706510354239e+02,1.063875126120605898e+02,1.486271497499978125e+02,1.464418901982618536e+03,2.823377734251716902e+02,2.462781635264871056e+02,3.569393760795084063e+02,1.325395593800753886e+02,2.750289693538321103e+02,1.458349925479292096e+03,-1.338558543254988820e+02,1.617839489859811408e+02,2.104134029441932228e+02,-5.539100012009955520e+01,2.915159824567436431e+02,1.701239681753698505e+03,-1.299940220654769689e+02
6.750614852674550548e+01,1.312473363406791805e+03,1.104004916330645528e+03,3.108071739525481689e+02,1.323775766846722036e+03,9.148255767391414111e+02,-3.413848667469296316e+01,1.309035296365971135e+03,7.708800803030582074e+02,6.141060749411819870e+02,1.361116849483346869e+03,9.848811318378311626e+02,-1.075044730855868238e+02,1.235078492786008610e+03,4.248967917318231002e+02,6.103554656265489484e+02,1.239592671251501997e+03,1.141602449806994855e+03,-7.632380685219432337e+01,1.450123060109860717e+03,2.841394723979209402e+02,4.432555285537076770e+02,1.162631062155452582e+03,4.560348627529875785e+02,1.839281596081527823e+02,1.183239742448527068e+03,4.714844018937283181e+02,4.052252541456015251e+02,7.752654349819764548e+02,9.203654228440113627e+01,1.421314325831391159e+02,1.458432341510702599e+03,2.824991749178241776e+02,2.651049445054198941e+02,3.836443497291547828e+02,1.214745528299135486e+02,2.738349411885359359e+02,1.456288051175450391e+03,-1.336912956684799951e+02,1.710617878906058138e+02,2.394665588188275365e+02,-6.132651855415954145e+01,2.897612171358254614e+02,1.699313057280262683e+03,-1.304082969397186105e+02
6.115374883604282275e+01,1.354564627344496557e+03,1.089472927353044497e+03,3.043208958173843257e+02,1.387583182530456725e+03,9.089190093784576447e+02,-3.338842308402238501e+01,1.311699007111363699e+03,7.655216596650010388e+02,6.021936147641520165e+02,1.485311525881460966e+03,9.833533690615511205e+02,-9.805008310258698145e+01,1.225817447583702688e+03,4.185003867747424238e+02,6.718699421666111675e+02,1.425489818089243045e+03,1.144803663216281166e+03,-8.175636073467944698e+01,1.447706196396628911e+03,2.792176595964753005e+02,4.443173322144539270e+02,1.173653026991621118e+03,4.565270058728159484e+02,1.870700863557711386e+02,1.182535055086063721e+03,4.767971481585377092e+02,4.137766409583634868e+02,8.070742925722285008e+02,7.837813415966415675e+01,1.364620341180552998e+02,1.452755128274222443e+03,2.822682117267202671e+02,2.838967508356966505e+02,4.126456894023638711e+02,1.092023974733596248e+02,2.724489553384678970e+02,1.458085817733134490e+03,-1.345420387982775878e+02,1.830034757744562341e+02,2.695514420718793076e+02,-6.793447543383555853e+01,2.888920550823536928e+02,1.700215066442244051e+03,-1.320825223904439554e+02
5.657980412667861714e+01,1.398086794185514691e+03,1.075674793917926763e+03,2.940474069973071209e+02,1.444983703330751723e+03,9.002227596143608253e+02,-3.113409934738114870e+01,1.320626873321415587e+03,7.625965473264857337e+02,5.744668796081730306e+02,1.595257208723420263e+03,9.745289142258598076e+02,-8.893239346385992405e+01,1.220383385999124357e+03,4.174224685466217579e+02,6.894083553726601394e+02,1.620594247722549426e+03,1.121278490061662524e+03,-8.439559436872718834e+01,1.448926207572249496e+03,2.790874096372934901e+02,4.466386658428655778e+02,1.181440980257789306e+03,4.592635420767444430e+02,1.905531111415536145e+02,1.181898141924590618e+03,4.826535652778812278e+02,4.222315612512639973e+02,8.391956736206021787e+02,6.741664333239208418e+01,1.323532355493083799e+02,1.447454690183774346e+03,2.816468763983677945e+02,3.019690896763339083e+02,4.426276791107292752e+02,9.769761742608088184e+01,2.710884936995853991e+02,1.462961649283002316e+03,-1.362313202157146179e+02,1.958505591487348170e+02,3.001279438959861636e+02,-7.433897316511099973e+01,2.884403658072220082e+02,1.703404952200576417e+03,-1.343983196266755442e+02
5.401273592824519909e+01,1.441739603992084767e+03,1.063043547625476776e+03,2.817649466078763680e+02,1.494234197085710548e+03,8.893554249273519190e+02,-2.837838362204213993e+01,1.335314360700211864e+03,7.612773544120663018e+02,5.352721204075832020e+02,1.689392704815698607e+03,9.555609534564486012e+02,-8.039348162890010485e+01,1.219038812303538862e+03,4.204136226221124844e+02,6.575373239681799760e+02,1.804664914482513723e+03,1.064117825351018837e+03,-8.372080823976288855e+01,1.454204331859165450e+03,2.831430893392604844e+02,4.504167370164769864e+02,1.186994491008452542e+03,4.644539310017486855e+02,1.943838440785915225e+02,1.181468882119716682e+03,4.890511527674132140e+02,4.306970289583367730e+02,8.694855781065167548e+02,6.082060522440632866e+01,1.304077360450817196e+02,1.442690564989352879e+03,2.806606654760327615e+02,3.183859540442746265e+02,4.718354795096848306e+02,8.880441144795680941e+01,2.700455007782032339e+02,1.469175194765078004e+03,-1.385265643745985074e+02,2.084413235561379452e+02,3.304305212334142539e+02,-7.968288254314198582e+01,2.878432384368304611e+02,1.707429003426560257e+03,-1.368325136723372850e+02
5.364436810040325554e+01,1.483912834773817167e+03,1.052276278854345037e+03,2.689792783739483184e+02,1.534863107105438758e+03,8.771642743437196259e+02,-2.557467671686808330e+01,1.353754576611962420e+03,7.613864718068404045e+02,4.881057726542434807e+02,1.767044282523209858e+03,9.226453767038334490e+02,-7.215903011546414803e+01,1.221780853293961400e+03,4.261337715124598162e+02,5.812404569151678970e+02,1.957577608071161876e+03,9.741719818875426427e+02,-7.959751132026205767e+01,1.462926828245612796e+03,2.907393527928168737e+02,4.557860630355249327e+02,1.191451142152315242e+03,4.722397019239900828e+02,1.988408451783935220e+02,1.181574442398390602e+03,4.962110496672628415e+02,4.394254124850950234e+02,8.959430783163065826e+02,5.962061728186306198e+01,1.309475452851345949e+02,1.438881154620259849e+03,2.794979475709644134e+02,3.320984660979329988e+02,4.984747254967464869e+02,8.402814917656367300e+01,2.695350639074049468e+02,1.474741451380449234e+03,-1.410927381920599544e+02,2.203010152440485854e+02,3.595799830737581715e+02,-8.321645568186103503e+01,2.866860105674416559e+02,1.710570884132651372e+03,-1.390387009733368018e+02
5.549510029990558024e+01,1.523102686907036514e+03,1.043990337373477132e+03,2.568913198900612542e+02,1.567732811718476341e+03,8.642305967239078655e+02,-2.288116992247301695e+01,1.373226281058323138e+03,7.632260937617692207e+02,4.359858125224353671e+02,1.827208177020389940e+03,8.728972716644140064e+02,-6.378634212510436896e+01,1.228017462156382635e+03,4.333223982853027678e+02,4.742104646070935701e+02,2.064349110766579088e+03,8.597071027156899845e+02,-7.234518730972679634e+01,1.473512782745639925e+03,3.010608790620354966e+02,4.627130911750833775e+02,1.196076468701334534e+03,4.825578642000729133e+02,2.042419055100189667e+02,1.182728431721708148e+03,5.044228162039046310e+02,4.487429308770159082e+02,9.172920072924409851e+02,6.408359858048589786e+01,1.339464776504014765e+02,1.436548862487425367e+03,2.785564941857875283e+02,3.421857884086822992e+02,5.211387357309748722e+02,8.434139658684760832e+01,2.695468540537227113e+02,1.478138701963959875e+03,-1.434615747250824427e+02,2.314133005089607877e+02,3.867260229067474597e+02,-8.434439802061164926e+01,2.848280515691246819e+02,1.711528846474393049e+03,-1.407986153467140582e+02
5.935235480208518766e+01,1.558339246478903078e+03,1.038349700428650749e+03,2.463965897224128696e+02,1.594735761382343981e+03,8.505272338955437590e+02,-2.040483467513607962e+01,1.391272321580233211e+03,7.672099863987566550e+02,3.818910737002659062e+02,1.868287616197769012e+03,8.063669281312398880e+02,-5.495020830626803843e+01,1.236475355881777887e+03,4.411247505477657569e+02,3.542452129006433097e+02,2.118226896937921993e+03,7.335806006789940739e+02,-6.271121086862434879e+01,1.483931200723017355e+03,3.131848332656293792e+02,4.708615680440709639e+02,1.202168188584600784e+03,4.949898333167089390e+02,2.107020820167795137e+02,1.185482720612136063e+03,5.138012856693283084e+02,4.589154977793528474e+02,9.332460637428241625e+02,7.377783967810805166e+01,1.390541913618944250e+02,1.435955270797399407e+03,2.783021823332244935e+02,3.481235941835129779e+02,5.390933310099135269e+02,9.006570822015051192e+01,2.698163505075831381e+02,1.478730467996097559e+03,-1.451074651912343256e+02,2.418656229689386805e+02,4.111539114879669796e+02,-8.263537059757213399e+01,2.824107128151677557e+02,1.709826572516250963e+03,-1.419654995003631086e+02
6.480019245427044439e+01,1.589380701853973051e+03,1.034913992427156018e+03,2.379767145853923864e+02,1.618131625974365988e+03,8.354586162070058890e+02,-1.828175526137826878e+01,1.406477978599117705e+03,7.735180280549548115e+02,3.287950587955801325e+02,1.888766288897312052e+03,7.271255820957077276e+02,-4.555701636801385490e+01,1.245441746261279150e+03,4.494014774041331179e+02,2.378369592054040425e+02,2.120923136169975805e+03,6.094445630086025858e+02,-5.176869116113252289e+01,1.492352240919327869e+03,3.263075667261892931e+02,4.795447932618351956e+02,1.210833898403254125e+03,5.086989106876690698e+02,2.179988251435287907e+02,1.190226872600862862e+03,5.240948915361045692e+02,4.700420430945172257e+02,9.443487234681549580e+02,8.779243844415607612e+01,1.456842466930689000e+02,1.436813378272369391e+03,2.790268655472654018e+02,3.499887079136007628e+02,5.523061037815705276e+02,1.008988221814860111e+02,2.699643263620210973e+02,1.476800260781218412e+03,-1.456373902778042293e+02,2.515874794704926671e+02,4.323084794216318869e+02,-7.779628228545153945e+01,2.797955757820469671e+02,1.705850646875475832e+03,-1.424756962328450527e+02
7.129687050658861835e+01,1.616546104755894248e+03,1.032837644773592501e+03,2.315078335965759493e+02,1.639737418923769610e+03,8.183140084716853835e+02,-1.659348626420134210e+01,1.418741067256777797e+03,7.819381608944705704e+02,2.793067361113421043e+02,1.888272409690900304e+03,6.428113536281109646e+02,-3.570009619264264700e+01,1.253257895405110958e+03,4.587822608783052374e+02,1.362641175107591494e+02,2.080437431574940547e+03,4.986100591370759503e+02,-4.073098775873183541e+01,1.497617440951955587e+03,3.399701586276338503e+02,4.878454617685299581e+02,1.222700039959599280e+03,5.225371476667511388e+02,2.256072680564494419e+02,1.197036365632841580e+03,5.346820776046505443e+02,4.820361831058544908e+02,9.515203172494680075e+02,1.050261934069033316e+02,1.531148348567319601e+02,1.438325102991133008e+03,2.806983590546105347e+02,3.485316740530825541e+02,5.612423054264079383e+02,1.161041394257653110e+02,2.697323185935574088e+02,1.473284890610612820e+03,-1.450008640370799924e+02,2.603154399242890236e+02,4.497462104397070561e+02,-6.962051167218722014e+01,2.774605017971041434e+02,1.700605178433545689e+03,-1.423981355298929827e+02
7.824196194871159094e+01,1.640316644582842855e+03,1.031299997214141513e+03,2.261680733906700880e+02,1.660342897565825524e+03,7.988953340933132949e+02,-1.524548748715687196e+01,1.428979819926623577e+03,7.919180098088254454e+02,2.352830203000575011e+02,1.868369836500889960e+03,5.627692412422276220e+02,-2.555136635358864083e+01,1.258832000901615629e+03,4.703587886296269289e+02,5.449520420792390496e+01,2.007874074827773711e+03,4.084772659492933826e+02,-3.070497084720888026e+01,1.499375072815071007e+03,3.541344338936158351e+02,4.948834233625194088e+02,1.237694908388118165e+03,5.353173264217411997e+02,2.328784645026480007e+02,1.205635892708797655e+03,5.447825152982326244e+02,4.946903527051031801e+02,9.556073706742436116e+02,1.244401868586223543e+02,1.605710046663306798e+02,1.439561481895552333e+03,2.830237815578346954e+02,3.450938474678591774e+02,5.665791260197170232e+02,1.348019847176219059e+02,2.691592973449292003e+02,1.469380407033686879e+03,-1.435857539634615136e+02,2.677862098820104961e+02,4.630861284907123832e+02,-5.792976804821163483e+01,2.758575760989388073e+02,1.695358594217034579e+03,-1.419444344841942325e+02
8.501218658706552844e+01,1.661013945473909871e+03,1.029872183641416314e+03,2.206325131449172829e+02,1.679663662694178583e+03,7.779314243047588207e+02,-1.394781038385143823e+01,1.438498464363839958e+03,8.027354046372184939e+02,1.977512073951443199e+02,1.832674719530303719e+03,4.955406463303318674e+02,-1.527812400914705115e+01,1.261916913209320228e+03,4.851571654433848835e+02,-7.344451274559956389e+00,1.914713334000370196e+03,3.424583261789312019e+02,-2.246448728765142988e+01,1.497910037517697901e+03,3.690877517444392879e+02,5.001082142079715709e+02,1.255042219352738812e+03,5.461494098314457233e+02,2.392604009964647389e+02,1.215490176701068322e+03,5.537696709286137775e+02,5.077704021739588143e+02,9.571969816880855433e+02,1.451915193528331827e+02,1.673060985564691805e+02,1.439949164550474052e+03,2.856603717618563110e+02,3.413939316534768977e+02,5.690200117515478269e+02,1.562527629813657484e+02,2.685744227680049789e+02,1.466172113732052594e+03,-1.421194570335228207e+02,2.740488572782097094e+02,4.720410492231264925e+02,-4.253128336524741115e+01,2.752599057926776709e+02,1.691312775487125919e+03,-1.414128547632524260e+02
9.098763730959161933e+01,1.678801776181648165e+03,1.028572529954065885e+03,2.135735781846979648e+02,1.696859530871091238e+03,7.569908946496385624e+02,-1.234522279976528125e+01,1.448364986841630525e+03,8.136783783071321068e+02,1.671690871804182166e+02,1.786317778790078137e+03,4.466759796484302569e+02,-5.013813217074657658e+00,1.263037575219995915e+03,5.036872294838125299e+02,-5.136432760566259503e+01,1.811291015562678467e+03,3.007092335748793062e+02,-1.634318049069952039e+01,1.493825121834999663e+03,3.852584778094146714e+02,5.034642336113934675e+02,1.273503573237856926e+03,5.546939893094603349e+02,2.444533899980874025e+02,1.225984857441562554e+03,5.614039083342552203e+02,5.210908563720504389e+02,9.567625314437932502e+02,1.666250047937352861e+02,1.727196631494496444e+02,1.439549941245795480e+03,2.883773957090193107e+02,3.392468418314953738e+02,5.693004104417491362e+02,1.800307971523297397e+02,2.684032779357544314e+02,1.464384693575559595e+03,-1.414011715461629421e+02,2.797395223074982482e+02,4.765569044266144374e+02,-2.320214496323844600e+01,2.756581061792056744e+02,1.689343363614741293e+03,-1.411136441839726672e+02
9.559128377434636548e+01,1.693999214912422985e+03,1.027598853163933427e+03,2.042563934085185906e+02,1.711319840268524104e+03,7.379094077628509467e+02,-1.022472246226038273e+01,1.459086596918415125e+03,8.241767782800408213e+02,1.437550698742682300e+02,1.735085358364503463e+03,4.176170060608939707e+02,5.136021556580926628e+00,1.263164646397066008e+03,5.258102244220441435e+02,-7.976487984301795109e+01,1.706369666441615209e+03,2.809797430017260922e+02,-1.229093438923204573e+01,1.487769819890527287e+03,4.030317230923327543e+02,5.053473483805843784e+02,1.291782126601127629e+03,5.612203174472463161e+02,2.484445233186699795e+02,1.236629233358833062e+03,5.678608039846089923e+02,5.345516921364164773e+02,9.549894014787787455e+02,1.881711924101244051e+02,1.765072541349298092e+02,1.438978445232360173e+03,2.910225011841889113e+02,3.402911325592494904e+02,5.683337525483919990e+02,2.060463614988344148e+02,2.689048515714675318e+02,1.464312576863095728e+03,-1.419787192363920951e+02,2.861797863550211787e+02,4.770035896459933724e+02,3.001709882801686380e-01,2.767558968616924062e+02,1.689827929574557857e+03,-1.413358387029427661e+02
9.833867745026667251e+01,1.707437381490766484e+03,1.026965181805023349e+03,1.929063295665285978e+02,1.723266258471545598e+03,7.220511501977534863e+02,-7.669373438719512492e+00,1.470655610165096050e+03,8.338801476099636147e+02,1.275923975298306203e+02,1.684598291500152300e+03,4.059047996213475926e+02,1.507850314810821502e+01,1.263353670843033797e+03,5.509442019258226537e+02,-9.403617192856366103e+01,1.607181738459480812e+03,2.792907691162730544e+02,-1.004761303720822596e+01,1.480343342068940956e+03,4.226075218595560159e+02,5.063904743293780939e+02,1.308917899947764454e+03,5.664527478783859351e+02,2.514347475681067579e+02,1.247204226447614701e+03,5.735648852174310832e+02,5.481409840178282593e+02,9.530211310764111659e+02,2.092498098651107910e+02,1.787713262840077846e+02,1.439054688058474767e+03,2.933325801219573918e+02,3.457811793686782380e+02,5.673422889577477690e+02,2.344423983894731407e+02,2.699939894208235955e+02,1.465938305413691751e+03,-1.439148049909052816e+02,2.952218368429929001e+02,4.742973615588448979e+02,2.820529785525014788e+01,2.780631083355378337e+02,1.692588160430503649e+03,-1.423642604232337590e+02
9.888791934311646514e+01,1.720529559841173068e+03,1.026323994146602445e+03,1.806235906213912017e+02,1.733838335882451020e+03,7.098197885113587517e+02,-5.058766265089605696e+00,1.482822101103895875e+03,8.426866272008211354e+02,1.184560564673143119e+02,1.639659605224324196e+03,4.064819803962015499e+02,2.472285894379461624e+01,1.264512041108475842e+03,5.784106200268956854e+02,-9.533803259934013852e+01,1.519344518922130192e+03,2.905650403077759165e+02,-9.325500484503058019e+00,1.472146565251232005e+03,4.439173127493993434e+02,5.072004271955040622e+02,1.324509758459940485e+03,5.712848754502018664e+02,2.537154291966929804e+02,1.257793974865255223e+03,5.789527563921576530e+02,5.619113110635075827e+02,9.524096729316362371e+02,2.292714775050118874e+02,1.800011304747495160e+02,1.440429602923643642e+03,2.947856827793336265e+02,3.564569759819119668e+02,5.678043640778814733e+02,2.654272625902048617e+02,2.712492914395766093e+02,1.469148955022898008e+03,-1.467612285341088239e+02,3.088419336311159782e+02,4.698300630565847200e+02,6.066778981562877959e+01,2.790433183697090840e+02,1.696973256744133778e+03,-1.445008138837239926e+02
9.709613074038441027e+01,1.734904499944756481e+03,1.025094905132444410e+03,1.688678206549207914e+02,1.744629377356408668e+03,7.006639831547475978e+02,-2.905161841272645429e+00,1.495359595908982556e+03,8.507124197966732027e+02,1.155873590927354968e+02,1.603663498868163060e+03,4.135587557157941205e+02,3.398410240735468335e+01,1.267288316973324982e+03,6.076734015362883383e+02,-8.524017938238227998e+01,1.446406819917617895e+03,3.094680990103746581e+02,-9.900817936831636246e+00,1.463826528506107024e+03,4.666252095316811506e+02,5.081721633165757908e+02,1.338687543206262490e+03,5.764812063046545063e+02,2.555570727401120337e+02,1.268680048981477285e+03,5.843054925274441302e+02,5.759349241806748978e+02,9.547129572974045004e+02,2.477583862514638042e+02,1.808860064163057189e+02,1.443374298270467307e+03,2.946830277408834036e+02,3.724679775650071747e+02,5.711351680232315857e+02,2.990950310491598998e+02,2.721027350568018619e+02,1.473886996785176279e+03,-1.497750637478214060e+02,3.285618477427499897e+02,4.651513524016604038e+02,9.765356404878508556e+01,2.792669942812202635e+02,1.702087316266200105e+03,-1.480297097074156909e+02
9.308784838904104220e+01,1.751752051109989225e+03,1.022792645419969404e+03,1.587720804629419433e+02,1.756946141902410091e+03,6.935150577816091300e+02,-1.603644545100044949e+00,1.508163369633751699e+03,8.581968834722866859e+02,1.176870699683047832e+02,1.577963182911369131e+03,4.224244307113891068e+02,4.281000407602223845e+01,1.271973734597984503e+03,6.383521022963712994e+02,-6.604939295061245730e+01,1.389194985675486805e+03,3.315060732763272426e+02,-1.158844762444847731e+01,1.455965670222171866e+03,4.902351953254739101e+02,5.094408718781435823e+02,1.351884038274286240e+03,5.824648996684840085e+02,2.571494712749616838e+02,1.280137573515013401e+03,5.897148019720059438e+02,5.902479961691681183e+02,9.608844204722973927e+02,2.645134057271318397e+02,1.820269289831782089e+02,1.447772038189686555e+03,2.924836246454098045e+02,3.933275578348548152e+02,5.781752172743055098e+02,3.352647609519773937e+02,2.721139350247971720e+02,1.480117850861528495e+03,-1.522839650491738439e+02,3.548536620260531436e+02,4.614819869355504807e+02,1.387710784600707541e+02,2.785334375493837911e+02,1.707116412069397256e+03,-1.530969007803881539e+02
8.730848145447843933e+01,1.771240823421984032e+03,1.019328489073355399e+03,1.506291680341566916e+02,1.771199114306093179e+03,6.873528784365815909e+02,-1.221758182613353005e+00,1.521181508638978812e+03,8.653783040136213458e+02,1.231802586448793164e+02,1.561356883825101704e+03,4.306409679301691540e+02,5.122415281782803476e+01,1.278372070635743285e+03,6.700783572904197172e+02,-4.051902130867602381e+01,1.345360798801447345e+03,3.540519306427813717e+02,-1.415734462888049094e+01,1.448834875834095328e+03,5.142639660005312408e+02,5.109466160805708341e+02,1.364553661728329416e+03,5.892384752694295003e+02,2.585967500256538756e+02,1.292230844847097387e+03,5.951499873426400882e+02,6.048048097506807608e+02,9.707495800607173351e+02,2.797292596801321451e+02,1.836850108701389956e+02,1.453232830589692185e+03,2.882071647260798954e+02,4.179104636843366052e+02,5.887213773036996827e+02,3.733760239323682981e+02,2.711929477498438814e+02,1.487652308334736745e+03,-1.540097839604551950e+02,3.867452262458225505e+02,4.592677653951867569e+02,1.831091498822373183e+02,2.769344280511036800e+02,1.711641547459132426e+03,-1.595452749814003539e+02
8.051103573560610016e+01,1.792348641582253777e+03,1.015107268109043730e+03,1.437925391326697593e+02,1.786730465017711822e+03,6.815565614996153272e+02,-1.439892126178624165e+00,1.534298482372083981e+03,8.724111717339669667e+02,1.305419878618986900e+02,1.550094067710951322e+03,4.382204404658007775e+02,5.935138261970666917e+01,1.285746903168083236e+03,7.023610175358252263e+02,-1.132049317199142457e+01,1.309519540736574299e+03,3.767333029122094104e+02,-1.727357198528613935e+01,1.442214875950392070e+03,5.383694832162002513e+02,5.125344269591529383e+02,1.376998284402893432e+03,5.964372916898196308e+02,2.599444818316221131e+02,1.304724727930762811e+03,6.005432655390600303e+02,6.194649846262053643e+02,9.828746686043477894e+02,2.939712872840130444e+02,1.857009882842036461e+02,1.459228653347309773e+03,2.826210803684267603e+02,4.445378700913020680e+02,6.013923855651786425e+02,4.124968373041206178e+02,2.696610434604885427e+02,1.495998452456032282e+03,-1.551735235234075105e+02,4.218421126469853562e+02,4.580244941019524845e+02,2.292067540894600199e+02,2.748366660083702300e+02,1.715770799953295182e+03,-1.668260904962020845e+02
