1.004307619768222537e+02,1.525264986998321959e+01,1.707708760126641891e+03,4.801510205946827625e+01,-1.567752317337996999e+02,1.408675219045622725e+03,1.297110766833127116e+02,1.942723446557661191e+02,1.405790325096149218e+03,2.006252256804080503e+02,-2.784907523495907640e+02,1.126037914617677188e+03,2.350403271672395533e+02,2.509570516677053149e+02,1.126418925788938395e+03,3.200994506013030332e+02,-8.173602668149253248e+01,1.249904080962336820e+03,3.894197111385990979e+02,6.911189432492895435e+01,1.232100367847298003e+03,-2.096004128970558966e+01,-2.768331778624925477e+01,8.280590747698767018e+02,1.337107121612521610e+02,2.204802924461189946e+02,9.025821013484639934e+02,1.214661964560111045e+02,-9.325801765888283512e+01,4.562486754753170430e+02,4.988330227980398490e+02,7.461193975277139145e+01,1.004751196864978738e+03,-5.493722971587216897e+00,1.531423993558975738e+00,-9.916929353589695850e+00,2.678574212961897274e+02,8.022986215520414532e+01,6.358257925952690357e+02,2.770997468607925498e+02,-1.169064030904087126e+01,2.192301672204848018e+01,4.586793827296538097e+02,-6.545360903166677247e+01,5.633831711238493654e+02
1.014913187402109003e+02,1.390254486061115280e+01,1.707396313762142654e+03,4.777377163329942533e+01,-1.565652127030710972e+02,1.408021979967145398e+03,1.313140290103651466e+02,1.940680423569962159e+02,1.405595848962181435e+03,1.987793100718615449e+02,-2.777755661198049211e+02,1.126532002863043772e+03,2.371231648945376094e+02,2.517933410008669739e+02,1.126460457014894473e+03,3.211825464772184091e+02,-8.859410471507356988e+01,1.249825314916252182e+03,3.899870696116099680e+02,6.798102782554727241e+01,1.228085983829930456e+03,-2.149808962590119421e+01,-2.683026049995634921e+01,8.272055119708987831e+02,1.351835420332292585e+02,2.224057350158660142e+02,9.024508812176133006e+02,1.208654002301508825e+02,-9.325883417348842386e+01,4.562444740423460416e+02,4.980920463503254041e+02,7.709746275052253850e+01,1.001562929604346891e+03,-4.769188739985589898e+00,7.928509675076159113e-02,-9.758446755638169989e+00,2.644183476120433625e+02,8.462796906264517816e+01,6.314256250437697418e+02,2.770154452467108968e+02,-1.347891734737412150e+01,2.245769295268859622e+01,4.521657545393993018e+02,-5.983091740629105715e+01,5.593427631124335448e+02
1.025875654706172071e+02,1.317996138015157293e+01,1.707265913405040237e+03,4.760543766612822481e+01,-1.561345671014868515e+02,1.407594545688747758e+03,1.330201525018614461e+02,1.944983888316143918e+02,1.405524314069219372e+03,1.972380799419449602e+02,-2.768689978921281636e+02,1.126956767248296956e+03,2.387664928614802591e+02,2.530655520002661660e+02,1.126351537122031687e+03,3.222580332784079928e+02,-9.339557477307596400e+01,1.249325624632063182e+03,3.905733796669616709e+02,6.701370052554516121e+01,1.224151156319838947e+03,-2.221350780575973616e+01,-2.535290616850022616e+01,8.264353227078082682e+02,1.364982585438546039e+02,2.247032545028224604e+02,9.020325065968637546e+02,1.202144950756690065e+02,-9.315281269144745124e+01,4.562715098267855183e+02,4.974024675055738385e+02,7.895075158187101749e+01,9.980981660843729060e+02,-4.198431440632004907e+00,-1.010232688916126387e+00,-9.645833039985024726e+00,2.609215098400591160e+02,8.896605420741926196e+01,6.273493270487643940e+02,2.771204240773144534e+02,-1.494388731687632799e+01,2.293224907115190092e+01,4.457671798478663732e+02,-5.554356837507903322e+01,5.548249332021947566e+02
1.037714223971894540e+02,1.350722285536054734e+01,1.707399374707977358e+03,4.755696344093807681e+01,-1.552524308566949571e+02,1.407504719608175265e+03,1.348665704186242920e+02,1.960062694815004818e+02,1.405656365920778399e+03,1.961607366115405853e+02,-2.755676757713821985e+02,1.127196105001818523e+03,2.396835683878522900e+02,2.551419401483530010e+02,1.125999733991551466e+03,3.233141606445680623e+02,-9.488336010148884725e+01,1.248083742367653940e+03,3.912826747835730998e+02,6.651119852658590048e+01,1.220256248101903338e+03,-2.316133373089961367e+01,-2.282469190633499068e+01,8.258132096638195208e+02,1.375923997907506475e+02,2.275797430871482732e+02,9.012075533635676265e+02,1.195152522549504113e+02,-9.279770480891181705e+01,4.563255845532378316e+02,4.968070799275375293e+02,7.989467354058088233e+01,9.941211096767151503e+02,-3.845504701087278931e+00,-1.528625387929484880e+00,-9.605840895870148444e+00,2.574514461759317214e+02,9.318669721721455801e+01,6.236882770951563089e+02,2.774766826935746735e+02,-1.590076505141344931e+01,2.327334222030972199e+01,4.395883824034402778e+02,-5.336439141951142773e+01,5.494875557953713496e+02
1.051067246395454617e+02,1.495489871848401364e+01,1.707733496477126437e+03,4.763506009835421651e+01,-1.537553175623372397e+02,1.407714539571028808e+03,1.368064148443016848e+02,1.986903110492283417e+02,1.405992500663329110e+03,1.955073158943710041e+02,-2.737700950732649403e+02,1.127090374433780198e+03,2.398345940539342394e+02,2.582057294096339319e+02,1.125424104236035646e+03,3.243305968970706772e+02,-9.304864742067377392e+01,1.245985637583659809e+03,3.923090338009006359e+02,6.688662123446313501e+01,1.216306249988626405e+03,-2.424943994434261185e+01,-1.916927516172215817e+01,8.253778672594534100e+02,1.385241911337446368e+02,2.309820969620794813e+02,9.000849710618712152e+02,1.188367567180723370e+02,-9.206998269293329429e+01,4.563778553265446476e+02,4.963537612853932615e+02,8.007066424650328429e+01,9.895216509456665790e+02,-3.667105351801284829e+00,-1.513456069286783556e+00,-9.638545746405364767e+00,2.542288587371027688e+02,9.722138723702948937e+01,6.202882073669875354e+02,2.779801030075030894e+02,-1.635928737280637435e+01,2.341113201798751575e+01,4.337045895432174234e+02,-5.326816825369606789e+01,5.432512226630639134e+02
1.066413432472792522e+02,1.724804038352551316e+01,1.708084079692136584e+03,4.781320976229682884e+01,-1.516511940629704043e+02,1.408093861396183684e+03,1.387563619605022893e+02,2.022898862594954608e+02,1.406441492290693077e+03,1.950698364050320208e+02,-2.716206991323667808e+02,1.126502460819895759e+03,2.393979823863678291e+02,2.622180834965324152e+02,1.124785021211339881e+03,3.252839349183302602e+02,-8.900575976671383671e+01,1.243143742802556517e+03,3.938275785859997313e+02,6.855610365181243537e+01,1.212313005010692223e+03,-2.532979480396371486e+01,-1.465541666908936058e+01,8.251431526047389298e+02,1.394248819162734776e+02,2.346495134477345630e+02,8.989135326396009305e+02,1.182880440320265194e+02,-9.094794095975250059e+01,4.564203300756733483e+02,4.961004883243799100e+02,7.978288799667734565e+01,9.843336961427622782e+02,-3.571050250856135477e+00,-1.233686270835809173e+00,-9.721820048261015756e+00,2.514862966799406934e+02,1.009825388498230438e+02,6.168554773340920292e+02,2.784284426169454605e+02,-1.647538091370473978e+01,2.331642558678687038e+01,4.281421230311919999e+02,-5.462813278801208128e+01,5.362735462232326427e+02
1.083747369514961179e+02,1.991530669484173544e+01,1.708229834578775808e+03,4.805154468165002157e+01,-1.491654986127306586e+02,1.408520787783280866e+03,1.406676793853129936e+02,2.063060241550042804e+02,1.406850113187540956e+03,1.945702799699751893e+02,-2.695239879531098381e+02,1.125411120998475553e+03,2.386467841367483516e+02,2.669602948725063811e+02,1.124340497805863833e+03,3.261447208744546629e+02,-8.439067477352242008e+01,1.239824805511860859e+03,3.958468974818636639e+02,7.179900995235546191e+01,1.208500194695063101e+03,-2.632077088168800572e+01,-9.768274911011522121e+00,8.250999930842098138e+02,1.404144208114602179e+02,2.382617672732068002e+02,8.979232700118690218e+02,1.179702022241379495e+02,-8.956245710743559130e+01,4.564959411082351721e+02,4.961006946867427132e+02,7.917910006414405188e+01,9.786925155336042508e+02,-3.502548150247595693e+00,-1.066152914573994526e+00,-9.827655886236492222e+00,2.493235776596023072e+02,1.043623235890764676e+02,6.131113212032390720e+02,2.786388959674617922e+02,-1.645162651620970706e+01,2.302451079566487380e+01,4.228773383615113062e+02,-5.664244440394686109e+01,5.288344237163468051e+02
1.102497629622987176e+02,2.251763454659536023e+01,1.708010109178024322e+03,4.831898016272763385e+01,-1.466556650040141392e+02,1.408949695149138279e+03,1.425670667339518047e+02,2.102107056973621582e+02,1.407065687936783888e+03,1.937669894267466191e+02,-2.679291669222239420e+02,1.123957163077659061e+03,2.377969054672485072e+02,2.721448661292801035e+02,1.124324204807823662e+03,3.268683176119508857e+02,-8.060263654835448222e+01,1.236307244520524819e+03,3.981368993821674849e+02,7.666847025863138754e+01,1.205211776813892584e+03,-2.726002874319695124e+01,-5.014806508188691225e+00,8.252160129962816200e+02,1.415402217147458543e+02,2.415965616715743920e+02,8.972071337091481382e+02,1.179398365162302724e+02,-8.815377489784130205e+01,4.566808222101558954e+02,4.963678247758296038e+02,7.814901565149092733e+01,9.727455727299247883e+02,-3.489142804730230640e+00,-1.317663368938565061e+00,-9.939588368831801191e+00,2.476590599830018675e+02,1.072577460531883276e+02,6.088774457515000904e+02,2.785343415340731781e+02,-1.645259909053454805e+01,2.261931905734921600e+01,4.178627051484901358e+02,-5.868863942130589351e+01,5.211925341858622005e+02
1.121801849314355337e+02,2.484575396524485313e+01,1.707383619253630968e+03,4.860748619994020459e+01,-1.444215032571491975e+02,1.409405218432068068e+03,1.445384740363083722e+02,2.136498286341089567e+02,1.406995960017698735e+03,1.925214147609229087e+02,-2.669963917939879252e+02,1.122390474471905918e+03,2.369041377916245494e+02,2.775382929723028838e+02,1.124808797323565386e+03,3.274013031790049126e+02,-7.826366605013194544e+01,1.232739583181947637e+03,4.002998616774568177e+02,8.298078584742521002e+01,1.202662891771757586e+03,-2.825390964384942549e+01,-7.377419875406592276e-01,8.254369956739312784e+02,1.427732443060037042e+02,2.446153286138252554e+02,8.967048109819173760e+02,1.181994684798762165e+02,-8.694680350005940284e+01,4.570354269403127319e+02,4.968414378239982057e+02,7.650502000708603134e+01,9.665673620271440996e+02,-3.611985379970457100e+00,-2.083643797600338576e+00,-1.005884240818174291e+01,2.463111795587899167e+02,1.096321173996200145e+02,6.040605207829029268e+02,2.781554313196165253e+02,-1.656626506001864740e+01,2.218685718632679382e+01,4.130690773892337688e+02,-6.043610161356684074e+01,5.134746770406590031e+02
1.140943841781576253e+02,2.698416623299429418e+01,1.706422559752774077e+03,4.893187039751612843e+01,-1.425277597617350409e+02,1.409920146848640798e+03,1.466589382212319776e+02,2.165469091539275155e+02,1.406631032424224259e+03,1.908112949513916305e+02,-2.663985634803099742e+02,1.120942022480285004e+03,2.358563374461633657e+02,2.830307125678224338e+02,1.125646288004385724e+03,3.277187510166405673e+02,-7.712321689062552821e+01,1.229085802624421603e+03,4.019478442895772901e+02,9.036999097146586735e+01,1.200718914073884889e+03,-2.937368596701325885e+01,2.995394844410248503e+00,8.256941951741888488e+02,1.440509599555667819e+02,2.474461683426391687e+02,8.962708561589845431e+02,1.187074044172717038e+02,-8.602163128716696860e+01,4.575662069840961976e+02,4.973815724992031733e+02,7.426702581096314759e+01,9.601307180690037058e+02,-3.929058616648975821e+00,-3.218006916277782903e+00,-1.019557042789281454e+01,2.451516734446356054e+02,1.115859728691227417e+02,5.985880532509319210e+02,2.776130106002290177e+02,-1.680370168838778611e+01,2.177298869019522698e+01,4.085208892511586782e+02,-6.176496582046030426e+01,5.056437672402121279e+02
1.159601555145582950e+02,2.921375394465093223e+01,1.705258111399865584e+03,4.931519820865382542e+01,-1.407558160405821184e+02,1.410473615587855875e+03,1.489311241072562098e+02,2.190725143447368453e+02,1.406022700359456621e+03,1.887029397306691578e+02,-2.654382962345561054e+02,1.119708487693891811e+03,2.344537403706590908e+02,2.886322209937142134e+02,1.126533332129597284e+03,3.278740364992165723e+02,-7.637870071176789111e+01,1.225192769030959653e+03,4.028705101765897325e+02,9.838451157931244495e+01,1.198876250009238220e+03,-3.058231145161808229e+01,6.393457925687155985e+00,8.259162806658629279e+02,1.453283285123630719e+02,2.502930486062305988e+02,8.957621617402505763e+02,1.193909836396649240e+02,-8.525704089166805488e+01,4.582226630819023399e+02,4.977987667630854958e+02,7.180580873874531278e+01,9.533488074104961925e+02,-4.408527045812334677e+00,-4.423774387553109477e+00,-1.035276156892004629e+01,2.442276698399650741e+02,1.133821156608521079e+02,5.923668697168358221e+02,2.770260836655629646e+02,-1.711672498962469291e+01,2.137475414782458216e+01,4.043034955452877171e+02,-6.264888042892999209e+01,4.975548593288953612e+02
1.177719398880894204e+02,3.182258226385061661e+01,1.704017237431059584e+03,4.976923745011571754e+01,-1.387172405027197613e+02,1.410977466973404717e+03,1.512562118424930020e+02,2.215193358372104910e+02,1.405248083162915009e+03,1.863034507100839789e+02,-2.634236005917454690e+02,1.118628691015189133e+03,2.325275311649466516e+02,2.944280813974006605e+02,1.127166316235030536e+03,3.280157669502297608e+02,-7.517716523377731619e+01,1.220925348692565422e+03,4.030902489006323890e+02,1.066029165578703441e+02,1.196470226095238559e+03,-3.174290260842512978e+01,9.841641595150171895e+00,8.260418189111068159e+02,1.466013782779884025e+02,2.533338812397283277e+02,8.950896472840869365e+02,1.201563043394304060e+02,-8.437334940132862471e+01,4.589225192097409831e+02,4.979042531424589129e+02,6.972750089540751617e+01,9.461520439028003011e+02,-4.918659100665314199e+00,-5.404039945410848311e+00,-1.051421382619231615e+01,2.437724379378167328e+02,1.153807705334381666e+02,5.852938017067573355e+02,2.764820807188694971e+02,-1.742180550198081335e+01,2.096558579197163041e+01,4.005398275605593881e+02,-6.310923174909162725e+01,4.890573878966808934e+02
1.195172807126410532e+02,3.494495078245293485e+01,1.702782059112632396e+03,5.028524763169437506e+01,-1.360613302858439795e+02,1.411316329652456943e+03,1.534662962814448974e+02,2.241616624230489094e+02,1.404387541644830435e+03,1.837141922167653263e+02,-2.600516619729653485e+02,1.117559542627518113e+03,2.300370428991758445e+02,3.005344713380789017e+02,1.127392698161989074e+03,3.283412943112681432e+02,-7.302328476870371787e+01,1.216260072035310941e+03,4.027916663602272251e+02,1.147379118821317547e+02,1.192976109457626080e+03,-3.269899466290338808e+01,1.374330141331344812e+01,8.260302095349438787e+02,1.478941432294665503e+02,2.566578143691505147e+02,8.942225091657004441e+02,1.208999575966895748e+02,-8.304588578765127238e+01,4.595830208498399543e+02,4.975576245955741115e+02,6.857227243633023761e+01,9.385404812220721169e+02,-5.281178723874088377e+00,-5.986759708337979546e+00,-1.064318851701240121e+01,2.440970458038548827e+02,1.178846093871422482e+02,5.772953520334416453e+02,2.760282589783794265e+02,-1.762814033837091898e+01,2.052997833642476877e+01,3.973570855702178051e+02,-6.324402134215117144e+01,4.800717428679828913e+02
1.211615325302643527e+02,3.851656332870857824e+01,1.701577086293944831e+03,5.084604210036639671e+01,-1.326595627922959579e+02,1.411407594225830735e+03,1.554017197739641176e+02,2.271618151986195357e+02,1.403521931456734364e+03,1.810053231009684680e+02,-2.555552508564172456e+02,1.116388527896051983e+03,2.271059978106338235e+02,3.070651303578738407e+02,1.127271303038811084e+03,3.290057349302371676e+02,-6.993366634803341242e+01,1.211263500747144917e+03,4.021986807654268432e+02,1.226938251368899415e+02,1.188215292853680012e+03,-3.337248285869491582e+01,1.836199261948836892e+01,8.258708076935533882e+02,1.492267241957367503e+02,2.602526838468231745e+02,8.931686039618982704e+02,1.215288838802875802e+02,-8.103502305308138887e+01,4.601442836290535183e+02,4.966967684343527480e+02,6.851322982450973598e+01,9.305716911129633218e+02,-5.356698391259406833e+00,-6.166624430156439018e+00,-1.069138849364066601e+01,2.454325706031440859e+02,1.209463441724755342e+02,5.683513300175501399e+02,2.756821598158281290e+02,-1.766678811784012737e+01,2.008133187381217866e+01,3.948722626387551600e+02,-6.328042743787079161e+01,4.705913321587913742e+02
1.226766472700006574e+02,4.234805537369481954e+01,1.700372545695366625e+03,5.145511975476049571e+01,-1.286716573928619312e+02,1.411238349220761165e+03,1.569931713145419110e+02,2.305420695617745253e+02,1.402728660596657164e+03,1.782207401914416778e+02,-2.505481852140548540e+02,1.115102296360412083e+03,2.239893317808223685e+02,3.140940815676661941e+02,1.127014654283783784e+03,3.300430051819568007e+02,-6.634016847347665191e+01,1.205980749613411035e+03,4.014869563501737844e+02,1.305595095108162980e+02,1.182356238632229633e+03,-3.382014578688436757e+01,2.372211239619655387e+01,8.255863489035925795e+02,1.505917041344893619e+02,2.640265756962862724e+02,8.919567719026922532e+02,1.219837270462925289e+02,-7.828134233636617978e+01,4.605831831005992285e+02,4.953441908671806004e+02,6.923095110608934988e+01,9.222904515737686779e+02,-5.114396442675146481e+00,-6.063290809098091927e+00,-1.061396867112386211e+01,2.478242708362419080e+02,1.242347769756913181e+02,5.584751683056583715e+02,2.754459570524920764e+02,-1.751171737807842632e+01,1.965479550121862573e+01,3.932061604299773308e+02,-6.360191976927953306e+01,4.606223711513346188e+02
1.240988210576262958e+02,4.624652242670544666e+01,1.699094925147465119e+03,5.216159652977061256e+01,-1.244657346817225942e+02,1.410857027035977353e+03,1.583029120543982060e+02,2.342083362958383645e+02,1.402056067137365972e+03,1.754020515817751686e+02,-2.457040611350925303e+02,1.113769398702109584e+03,2.209892988663054325e+02,3.216116723677030791e+02,1.126855894488984859e+03,3.313462493251760179e+02,-6.284990099482165249e+01,1.200335018854917962e+03,4.007659403070299504e+02,1.385494364866345904e+02,1.175740137922304029e+03,-3.421851243352826089e+01,2.961250908481330413e+01,8.252218346724170033e+02,1.519548110195972583e+02,2.678502224508447966e+02,8.906253095699875075e+02,1.222530205469422100e+02,-7.493091307713650906e+01,4.609177695877409633e+02,4.935890585759676696e+02,7.003799157298735167e+01,9.136467090516374583e+02,-4.648533972048376484e+00,-5.837670894617770223e+00,-1.038567219107483908e+01,2.511450340175128986e+02,1.270611103073258619e+02,5.476603718505255074e+02,2.753170727212690849e+02,-1.718333838733607877e+01,1.928667813292727828e+01,3.925065676303512419e+02,-6.471633566265417414e+01,4.501224371975117720e+02
1.255636275086962144e+02,5.010250507379166152e+01,1.697646801662320058e+03,5.305481237400486094e+01,-1.204390647747465408e+02,1.410328554298901963e+03,1.594981472595983689e+02,2.380048360829705132e+02,1.401482097153947052e+03,1.726044701306410047e+02,-2.414701815759190708e+02,1.112457114004376990e+03,2.183563988028639073e+02,3.295023706335301767e+02,1.126920112372052245e+03,3.327113516165637748e+02,-5.998558475574496640e+01,1.194127063136468678e+03,4.001021127771368242e+02,1.469269070014883312e+02,1.168663079159233121e+03,-3.478842661401644420e+01,3.570095386958440287e+01,8.248146831925423612e+02,1.532758522757623325e+02,2.716172854568629873e+02,8.892052300708776329e+02,1.223704419665103558e+02,-7.127990894121984411e+01,4.611960186838737172e+02,4.915498463774586071e+02,7.019638687696293289e+01,9.044585136393154698e+02,-4.133504526506993848e+00,-5.617305723831633735e+00,-1.001386699324888951e+01,2.552201131247570345e+02,1.286046723912728282e+02,5.358299515091258627e+02,2.752941356738765535e+02,-1.673422543723736311e+01,1.899756334514547973e+01,3.929533063077867041e+02,-6.714922353313123438e+01,4.389987945934662434e+02
1.272698787078185774e+02,5.390371811332862961e+01,1.695939013939486813e+03,5.421959960452142724e+01,-1.168329863959717301e+02,1.409683077631444576e+03,1.607655408338664813e+02,2.417821771920346521e+02,1.400890416561990151e+03,1.698834755200203972e+02,-2.379403365829144263e+02,1.111147730744250111e+03,2.162141729278678213e+02,3.375815550714168012e+02,1.127170499580866135e+03,3.339091085328151394e+02,-5.799486025689473934e+01,1.187140610342892842e+03,3.995373039116648215e+02,1.559400021604480457e+02,1.161250164687008464e+03,-3.570110830514548184e+01,4.171048794746206312e+01,8.243585980996541593e+02,1.545333033839989412e+02,2.753101208632514840e+02,8.876956035283551500e+02,1.223999200939914118e+02,-6.765933920115077171e+01,4.614647696957121070e+02,4.893312185574254727e+02,6.927048393401159387e+01,8.944533638098019992e+02,-3.740521699978295533e+00,-5.463616768057470985e+00,-9.544619280395185257e+00,2.599860080870297452e+02,1.282579870303877669e+02,5.228263197234168729e+02,2.753789696222864336e+02,-1.622863498616201738e+01,1.878706623487026661e+01,3.947378788892984858e+02,-7.128106841424198592e+01,4.271817279951772548e+02
1.293721763917867804e+02,5.769432432146677314e+01,1.693925633540785839e+03,5.567493788695119861e+01,-1.136348608049451059e+02,1.408888952849627913e+03,1.622110282097835068e+02,2.454594542306655001e+02,1.400095767169974806e+03,1.672558824631688879e+02,-2.348839513510696406e+02,1.109717819398253823e+03,2.145352217998277808e+02,3.456958265085364133e+02,1.127453956499879951e+03,3.347456788162950261e+02,-5.677675208189493361e+01,1.179275656773083483e+03,3.990868640028170375e+02,1.657810577719376113e+02,1.153475636707425792e+03,-3.701253284780047892e+01,4.756335727304499272e+01,8.237877344870589695e+02,1.557368986978667067e+02,2.790369377272810425e+02,8.860484629504625218e+02,1.224198313301825181e+02,-6.431045320171561741e+01,4.617317143205362981e+02,4.869937262073814281e+02,6.733516098334800404e+01,8.833767930172737124e+02,-3.557397055979592437e+00,-5.384767894127575616e+00,-9.057765182202050624e+00,2.655818872702561748e+02,1.259115952821225335e+02,5.084540732844881745e+02,2.755741605765981603e+02,-1.573100976416957586e+01,1.863617787578122531e+01,3.980321468397735885e+02,-7.719260733104106009e+01,4.147281843201628817e+02
1.318650160852794500e+02,6.152858207732095508e+01,1.691620297198452135e+03,5.734001879167492177e+01,-1.106088480179936653e+02,1.407861929488021815e+03,1.638018248965253463e+02,2.490580497387856838e+02,1.398916298736154431e+03,1.646624578510277672e+02,-2.318587901477122273e+02,1.107992608949404257e+03,2.131722513765190570e+02,3.538386084972938193e+02,1.127613518285777445e+03,3.350933283408980969e+02,-5.593746198649692047e+01,1.170606882874805024e+03,3.987392820484617459e+02,1.765643276233383290e+02,1.145281360080340392e+03,-3.865376392726857091e+01,5.340759749249815513e+01,8.230011976233581663e+02,1.569224838298151496e+02,2.830052811964885109e+02,8.841846568770704380e+02,1.225117942485214257e+02,-6.130984911324043907e+01,4.619497516762818918e+02,4.845472346858118158e+02,6.493012520701442725e+01,8.711141323589703234e+02,-3.550730939378156759e+00,-5.373182545565999391e+00,-8.647886026260572123e+00,2.723065798314539734e+02,1.220044234149037266e+02,4.925556246877944204e+02,2.758753131395523610e+02,-1.530820458700784670e+01,1.850997982171477929e+01,4.029581402073716276e+02,-8.460788444125346075e+01,4.018774002501884297e+02
1.345459015653992765e+02,6.545655456937683425e+01,1.689078523450264584e+03,5.906032150938950309e+01,-1.074231615296647959e+02,1.406498465978110289e+03,1.653864967133563653e+02,2.526925077355967062e+02,1.397251688514791113e+03,1.619648697776638926e+02,-2.283465014735512852e+02,1.105826291899571515e+03,2.119241781805879441e+02,3.622025798775358112e+02,1.127597550312133535e+03,3.349008205919614056e+02,-5.494811240602056301e+01,1.161312589437432280e+03,3.984802887810130301e+02,1.883144094257780239e+02,1.136691682642952856e+03,-4.047409603473053608e+01,5.951225980644965574e+01,8.219203058603078489e+02,1.581339960828772746e+02,2.874311396305280937e+02,8.820397058737797806e+02,1.227494825748287326e+02,-5.857823869256224469e+01,4.620456760810549781e+02,4.819624665583208412e+02,6.278245110903321091e+01,8.577581294605290623e+02,-3.589161930880026663e+00,-5.436866520889354959e+00,-8.392419112012257543e+00,2.804540780627319805e+02,1.172904286503063105e+02,4.750844911101217463e+02,2.762593168447186258e+02,-1.503329784598160224e+01,1.836019068874810500e+01,4.095536662036255393e+02,-9.299928431418098285e+01,3.890038038409892351e+02
1.371018280909132159e+02,6.954160553907911435e+01,1.686355240619066990e+03,6.068573570344621970e+01,-1.037931206572813210e+02,1.404710211813929163e+03,1.667833217970226372e+02,2.565219438829727210e+02,1.395117636950940778e+03,1.589951106516240884e+02,-2.238971265090206373e+02,1.103143016020659161e+03,2.106077378361663079e+02,3.711120580139785829e+02,1.127500799956049150e+03,3.342013118546143460e+02,-5.334351488741071989e+01,1.151507116456601352e+03,3.983336538899760058e+02,2.009617706899519476e+02,1.127843395228629106e+03,-4.230805809358061254e+01,6.610198023213789043e+01,8.205433952619766842e+02,1.594030221695970226e+02,2.924291618495404350e+02,8.796101646270942638e+02,1.231808853541648148e+02,-5.596033458580376418e+01,4.619821490857888762e+02,4.791852089641103021e+02,6.144406359093780878e+01,8.435853016988456829e+02,-3.516483478643547933e+00,-5.603123593298778182e+00,-8.316081515019876136e+00,2.901239164663898578e+02,1.124401891172996386e+02,4.561526942341892550e+02,2.766744472277933937e+02,-1.497294756255788784e+01,1.813415474189355692e+01,4.177285680232963045e+02,-1.018393838117655434e+02,3.764870119846427201e+02
1.392780800108428423e+02,7.387564346743775445e+01,1.683468742970734411e+03,6.215284084562584610e+01,-9.956794214788102693e+01,1.402444499070924621e+03,1.678849665204739665e+02,2.606825030226318063e+02,1.392618035146917464e+03,1.556465785562333508e+02,-2.182830651504685022e+02,1.099916703742509981e+03,2.091137739297040525e+02,3.808479975156630530e+02,1.127516579264381789e+03,3.331197391919237702e+02,-5.089126925934017720e+01,1.141079595517444886e+03,3.983853636763585087e+02,2.143434133133335138e+02,1.118920531456169329e+03,-4.403048501607731424e+01,7.323701038517177153e+01,8.189587055927595429e+02,1.607350716047016022e+02,2.979499494613559705e+02,8.769645474910512348e+02,1.238069037807089927e+02,-5.332518933473578926e+01,4.618100670830860395e+02,4.761433081582053433e+02,6.103909184359610407e+01,8.289578720842117718e+02,-3.237912388865945790e+00,-5.896084313776031038e+00,-8.368627584166205224e+00,3.011349754217647501e+02,1.076960432947903286e+02,4.360481483041507431e+02,2.770415934978561836e+02,-1.515485355960374747e+01,1.779439983623761634e+01,4.272356245253440648e+02,-1.108861107867390388e+02,3.645875745577465068e+02
1.410253496228323797e+02,7.855796110540832444e+01,1.680398297705623918e+03,6.351647539499005291e+01,-9.473895222707884045e+01,1.399690101926124271e+03,1.687182298112061005e+02,2.652292233342438976e+02,1.389878551542271680e+03,1.519637849543101140e+02,-2.116204312837399755e+02,1.096125645030040687e+03,2.074424916807668637e+02,3.914585520063134823e+02,1.127832837992064015e+03,3.318594402814954378e+02,-4.767448002921790362e+01,1.129647016313411086e+03,3.987648505190110200e+02,2.282134047121439551e+02,1.110051004675535523e+03,-4.557885360502912420e+01,8.080784354422105764e+01,8.173002023726057814e+02,1.621057868113128393e+02,3.038076438860221629e+02,8.742062523498491373e+02,1.245706785756661503e+02,-5.063037044215209193e+01,4.616678778995253651e+02,4.727491890719140883e+02,6.125735032094334542e+01,8.142043834947950245e+02,-2.774360671351052687e+00,-6.309475935503403576e+00,-8.433379304273200816e+00,3.131184770232515007e+02,1.027674701592768685e+02,4.152189017819893024e+02,2.772733981989464951e+02,-1.553530363433142902e+01,1.734092054866722421e+01,4.377040451172362054e+02,-1.203330029278671987e+02,3.534150482303812169e+02
1.425309364207059843e+02,8.363949907530675887e+01,1.677113198076520348e+03,6.490900778212687783e+01,-8.939408091792331845e+01,1.396473876141748178e+03,1.694282225650499925e+02,2.701125439412698483e+02,1.386984726352335656e+03,1.481715560799344473e+02,-2.043665422619079095e+02,1.091734469862621381e+03,2.057178118831413371e+02,4.026811549957374154e+02,1.128534249326182589e+03,3.306438235249404443e+02,-4.405801253459058131e+01,1.116664283847742126e+03,3.995894345490742126e+02,2.422814685093588878e+02,1.101241011762596372e+03,-4.694582901314495871e+01,8.863472976963727490e+01,8.156679652324806966e+02,1.634654899763100389e+02,3.097873503796117234e+02,8.714103779783139316e+02,1.253728063593958382e+02,-4.792131815191977751e+01,4.617187950386008879e+02,4.689068083538099927e+02,6.159300264305291250e+01,7.995268127318811366e+02,-2.254323932140467779e+00,-6.797897261701783655e+00,-8.371239748877348674e+00,3.257490002442009427e+02,9.701223517742887736e+01,3.942075088420496627e+02,2.773074213434750277e+02,-1.599588010215896716e+01,1.681854996468708663e+01,4.487567346618139368e+02,-1.307022390204847682e+02,3.429975753303536976e+02
1.441151553082232510e+02,8.907355592335572680e+01,1.673602295462470011e+03,6.645410064675064632e+01,-8.365949687817921188e+01,1.392850396925486621e+03,1.702035904934918733e+02,2.751997913625764340e+02,1.383953645515207882e+03,1.446047032111795545e+02,-1.971298842291194831e+02,1.086722666442455875e+03,2.041758863768278900e+02,4.140461323863818848e+02,1.129563710459794038e+03,3.296122181687676402e+02,-4.054550855680129473e+01,1.101640857098833976e+03,4.009084438563493222e+02,2.562972711616351944e+02,1.092387599717983221e+03,-4.815871270081395750e+01,9.659583041104883705e+01,8.140595357939295127e+02,1.647506237327187648e+02,3.157688614526308015e+02,8.685752148089533193e+02,1.261132633926208797e+02,-4.527948834078473084e+01,4.620599950235429674e+02,4.645272894525605807e+02,6.168640606338510679e+01,7.849521216987272965e+02,-1.845505921287792006e+00,-7.292606812728611665e+00,-8.083148212706701585e+00,3.389680593428889210e+02,8.978464891899587030e+01,3.735241872393949620e+02,2.771360289890371291e+02,-1.638268415153395807e+01,1.629661497527716918e+01,4.601598826694248032e+02,-1.425069351359888685e+02,3.333799760175088522e+02
1.460589380687016785e+02,9.471801396654088023e+01,1.669871951189299352e+03,6.818919478295794079e+01,-7.765742200443378351e+01,1.388883061335992124e+03,1.711902107266786288e+02,2.803295652747963800e+02,1.380739907402338076e+03,1.415556237136652555e+02,-1.903528989793636015e+02,1.081133669348091871e+03,2.031205938718777020e+02,4.251111390354000719e+02,1.130760084470783568e+03,3.287056092460495620e+02,-3.758237273279174673e+01,1.084353478280554327e+03,4.026873286712656750e+02,2.701680389962074287e+02,1.083353414202926388e+03,-4.926001121035665165e+01,1.046948973020465132e+02,8.123538334699235293e+02,1.659024288056444902e+02,3.217867729341081144e+02,8.656187796659952483e+02,1.267398817814585215e+02,-4.276229709494781872e+01,4.626577152623809184e+02,4.595472941494809902e+02,6.156611216556004251e+01,7.703269731002253593e+02,-1.662143758573528585e+00,-7.727651516377625818e+00,-7.558291929400285269e+00,3.530474006756818994e+02,8.074168941883417006e+01,3.534885206251406089e+02,2.768116465224903777e+02,-1.657349308314616110e+01,1.582790559724261037e+01,4.719035896029028549e+02,-1.558775746190881364e+02,3.246675756967015332e+02
1.484648494635329712e+02,1.003988893345573530e+02,1.665910302527637896e+03,7.004104149217280906e+01,-7.148817669164169786e+01,1.384619368836301874e+03,1.724396536637070199e+02,2.853714211132962077e+02,1.377259889555168684e+03,1.391190867858568652e+02,-1.840557883425106809e+02,1.075101992509341926e+03,2.028511084717836752e+02,4.356796053070394237e+02,1.131947792477906887e+03,3.276016238919266925e+02,-3.539687536849105243e+01,1.064951830010633103e+03,4.048446373649200041e+02,2.840576563038925428e+02,1.074054848767143994e+03,-5.029428432354281853e+01,1.130273123890673190e+02,8.103563884491136378e+02,1.668901354271938544e+02,3.279869393443191257e+02,8.624186714682358570e+02,1.272726815601136821e+02,-4.037705858091148770e+01,4.633473958866323414e+02,4.539385126696539032e+02,6.165001025885928954e+01,7.553576077426831716e+02,-1.699425088503084602e+00,-8.057923306008314412e+00,-6.880129235755069850e+00,3.684452749945515961e+02,6.993658670101947905e+01,3.341149417594619422e+02,2.764193023370833089e+02,-1.653945612377700058e+01,1.541377768929034886e+01,4.841483449945713460e+02,-1.704043112782148910e+02,3.169982445259225869e+02
1.512229739563293549e+02,1.060023603473323845e+02,1.661651620324516671e+03,7.186371077668049168e+01,-6.522786263864352918e+01,1.380071820027750846e+03,1.739135013633062101e+02,2.902670335438303368e+02,1.373421651687576286e+03,1.371330945171384030e+02,-1.778299671131605919e+02,1.068834743343324135e+03,2.035861999337344628e+02,4.458648062234523195e+02,1.133029261245589623e+03,3.257490591280706553e+02,-3.395869269918799915e+01,1.043917290542319051e+03,4.073157359186764097e+02,2.984018133466797167e+02,1.064522597560900294e+03,-5.130090144132950769e+01,1.216795045955759917e+02,8.078768795941894041e+02,1.677290326472623860e+02,3.345137653335632422e+02,8.588639360158833824e+02,1.277862255854618496e+02,-3.810175803202060507e+01,4.639019874645879895e+02,4.477038090906349339e+02,6.251441408463651328e+01,7.397012340799718686e+02,-1.831866711098816269e+00,-8.263852166193148108e+00,-6.186441825683162143e+00,3.855479598344929286e+02,5.767872908641435714e+01,3.151179564802116602e+02,2.760316373416850979e+02,-1.636910927332400689e+01,1.500254018325921912e+01,4.970718207820203816e+02,-1.853194808899469876e+02,3.104915854713183307e+02
1.540837629040532306e+02,1.115445459574755347e+02,1.656981853748285403e+03,7.351360932581611962e+01,-5.892621738587882874e+01,1.375217790884707028e+03,1.755330582373110531e+02,2.950460935675121732e+02,1.369157777590205342e+03,1.352642122036342300e+02,-1.711085744229777674e+02,1.062556327175211891e+03,2.054166659146914071e+02,4.559692503360937508e+02,1.134033594680871147e+03,3.225096327575607802e+02,-3.306305581636534185e+01,1.021912400472310992e+03,4.100986740162048250e+02,3.138011655430723295e+02,1.054921166679280987e+03,-5.231052075979748395e+01,1.306456535217417070e+02,8.047950649825937717e+02,1.684821267376115941e+02,3.414142666524155629e+02,8.548839727148879319e+02,1.283622913463394752e+02,-3.592713986449240338e+01,4.641354689864391503e+02,4.408711274876284847e+02,6.458090576429509611e+01,7.230977930018069628e+02,-1.874866606374405498e+00,-8.350666567063864676e+00,-5.606440372763209723e+00,4.044494292492364593e+02,4.430512335311478722e+01,2.960561778694186614e+02,2.756757962018250510e+02,-1.624113526065017155e+01,1.452454269628182004e+01,5.107193793211208117e+02,-1.999014520164158171e+02,3.052240722619152962e+02
1.567817102967279936e+02,1.171803978235055297e+02,1.651793784301739834e+03,7.491973478034816480e+01,-5.259496506869960086e+01,1.370021083295277094e+03,1.772417273886814542e+02,2.998215719961581271e+02,1.364458237428580333e+03,1.331893079761100296e+02,-1.635362414125233101e+02,1.056446506533951151e+03,2.083027727833303970e+02,4.662714728961786932e+02,1.135101570113740991e+03,3.173576060822641125e+02,-3.247144864380836538e+01,9.996045436598658398e+02,4.132562774346760648e+02,3.308121860612687328e+02,1.045531792002670500e+03,-5.334231791550565305e+01,1.398283498755193364e+02,8.010862937022376400e+02,1.692421062238001070e+02,3.486278006486181198e+02,8.504434867651226568e+02,1.290478841920460411e+02,-3.387546260579438240e+01,4.639883487828125794e+02,4.335024576169601573e+02,6.791340203516161012e+01,7.054967899299431338e+02,-1.672309260201286119e+00,-8.349046983695922464e+00,-5.209141811579398151e+00,4.248673706745642562e+02,3.007386656736133546e+01,2.765560049431434209e+02,2.753340548334850837e+02,-1.635905303036562231e+01,1.393809598894080715e+01,5.249371170090255418e+02,-2.138006864405451779e+02,3.012229642735256334e+02
1.591409459078733164e+02,1.231411768958007116e+02,1.646054526787142322e+03,7.611421376832623764e+01,-4.619307557252415819e+01,1.364461586649088531e+03,1.790441830068463958e+02,3.047654221549834688e+02,1.359389570016095377e+03,1.307539194940906384e+02,-1.551833596054954398e+02,1.050600697601063985e+03,2.121115986699819587e+02,4.768583728178135743e+02,1.136422422091671251e+03,3.100491039414619650e+02,-3.202235668536093272e+01,9.775358555717754143e+02,4.168876276420184013e+02,3.497161542593626109e+02,1.036706555245098116e+03,-5.440091592162767853e+01,1.491188569248149918e+02,7.968056090952918566e+02,1.701007883332468680e+02,3.560583909464480712e+02,8.455211781305315526e+02,1.298484569640937707e+02,-3.197023854263493803e+01,4.635478457157130379e+02,4.257217530940388883e+02,7.223947673509421463e+01,6.871135204991539922e+02,-1.162700740207801786e+00,-8.312937828589403111e+00,-4.987143609004921707e+00,4.461890551472820334e+02,1.529331486615816615e+01,2.565090518546637099e+02,2.749765464448170746e+02,-1.688144417544503284e+01,1.325165383982745304e+01,5.393860026402877565e+02,-2.270254636955762635e+02,2.984312321494467710e+02
1.611230577043571373e+02,1.296211972242054458e+02,1.639831335772854800e+03,7.721060278438660873e+01,-3.962834541360291496e+01,1.358550523610180335e+03,1.810029560487577669e+02,3.100587666090863195e+02,1.354081018557105608e+03,1.280021441411936962e+02,-1.464694267675908463e+02,1.045022067609749456e+03,2.166771666040413891e+02,4.875880567405312718e+02,1.138158891330508368e+03,3.006814013975520083e+02,-3.167225742145708267e+01,9.560571364391859106e+02,4.211055482069737081e+02,3.703739828123514712e+02,1.028806750594405912e+03,-5.547674805547075039e+01,1.584857831892583135e+02,7.920483701998936112e+02,1.711173467549079703e+02,3.636617025665381107e+02,8.400975774679063761e+02,1.307579932443073005e+02,-3.017748141168831211e+01,4.629895730191407779e+02,4.177459341130736448e+02,7.716454192876113893e+01,6.683723166100871822e+02,-3.956676872648594578e-01,-8.304285572679107830e+00,-4.877401758595051540e+00,4.675776049884549366e+02,6.012587676449845375e-01,2.361528830890519544e+02,2.746035102035116324e+02,-1.788051190137473156e+01,1.250784742018413631e+01,5.535880304915799570e+02,-2.395717327718009813e+02,2.966217468636069725e+02
1.628165292769631947e+02,1.366616537344947062e+02,1.633250269340191380e+03,7.834256144460609050e+01,-3.278822207424530433e+01,1.352314877912391921e+03,1.831982058561341375e+02,3.158190085265167681e+02,1.348671068163317614e+03,1.250669415429543392e+02,-1.378767721710340197e+02,1.039634194436998087e+03,2.218652382284057296e+02,4.981714773458106151e+02,1.140391579149521021e+03,2.896174767188509804e+02,-3.148152380385505467e+01,9.352981370212594356e+02,4.260435346467645559e+02,3.922443614530488389e+02,1.022151169943268542e+03,-5.655438401824174832e+01,1.679955220180678452e+02,7.869070796948572024e+02,1.722948243084951230e+02,3.714748395522819351e+02,8.341599490868253497e+02,1.318011379879274898e+02,-2.837252043354711617e+01,4.624736581771719557e+02,4.098967547621067524e+02,8.243195015797179792e+01,6.497596105100506065e+02,4.986130293843026862e-01,-8.361713203335385813e+00,-4.800893870310260603e+00,4.880808122676197058e+02,-1.283850214975479709e+01,2.160097416049674450e+02,2.742700070293390695e+02,-1.933885610604635730e+01,1.174619094349014148e+01,5.669766943009296938e+02,-2.509570306615076731e+02,2.953097241421701256e+02
1.643876066679030998e+02,1.440928846822085916e+02,1.626412650891327303e+03,7.959240014795875595e+01,-2.558640416058199207e+01,1.345753614697161538e+03,1.856747534246470934e+02,3.220323772162643650e+02,1.343234720777531265e+03,1.220086113712647347e+02,-1.296733507624640254e+02,1.034296314113452127e+03,2.276242395706201194e+02,5.083001837517150534e+02,1.143094209176076674e+03,2.773175151620249039e+02,-3.157541812062666864e+01,9.151515988573470395e+02,4.318786091174064836e+02,4.145696111038728873e+02,1.016999744793235777e+03,-5.762511087761433259e+01,1.777497344191151853e+02,7.814353158942619757e+02,1.735722384855240819e+02,3.795734071018752616e+02,8.277093357553297892e+02,1.330580176504695658e+02,-2.637160202819359256e+01,4.620557125912396828e+02,4.025796316250758196e+02,8.807247223161240868e+01,6.316718115010198744e+02,1.363905722543538923e+00,-8.465356071748725952e+00,-4.697130375619290810e+00,5.067342622996090427e+02,-2.342142685212264297e+01,1.967253353189817346e+02,2.740772234008375676e+02,-2.116882242918714141e+01,1.097659442959259302e+01,5.789693466589867512e+02,-2.600057134833759847e+02,2.937553597493655388e+02
1.660127069057330687e+02,1.515816290636195731e+02,1.619325667775615557e+03,8.094232134666297895e+01,-1.798914535997835529e+01,1.338789706253950726e+03,1.884035836451235468e+02,3.285393214740633994e+02,1.337732301897160824e+03,1.187175141011400257e+02,-1.218207987558080561e+02,1.028812608604302113e+03,2.340011295920901659e+02,5.177546307114459978e+02,1.146140887015426415e+03,2.641574953032005624e+02,-3.209260294562427873e+01,8.952884529026050586e+02,4.388298098022453928e+02,4.366619577780360828e+02,1.013569171956317746e+03,-5.869067372930538085e+01,1.877988547318043402e+02,7.756229423608955358e+02,1.748376979912947320e+02,3.880033787362761473e+02,8.207506636887694640e+02,1.346589292628392229e+02,-2.401178306282511343e+01,4.616614915044045802e+02,3.962273442639324230e+02,9.437846344902365558e+01,6.143468539766078038e+02,2.070181638094067633e+00,-8.520590288794362976e+00,-4.537990649122559894e+00,5.226801950802345118e+02,-2.947351125870402200e+01,1.788778955540373943e+02,2.741316498542090585e+02,-2.323298869361991237e+01,1.018343034753115717e+01,5.890840145640370338e+02,-2.650638217841003552e+02,2.911108755966434956e+02
1.678094568434089524e+02,1.587791916378763517e+02,1.611891927355366079e+03,8.227076899934041876e+01,-9.995409041364462510e+00,1.331251943699551248e+03,1.912756726478849032e+02,3.351009187849439854e+02,1.332014270802051215e+03,1.149415536763722230e+02,-1.140785959013655457e+02,1.022942623512118644e+03,2.411074286404834197e+02,5.264687689854022210e+02,1.149348398569075243e+03,2.503107996326884859e+02,-3.311956550056895310e+01,8.752413542284310779e+02,4.471025297059665036e+02,4.581847200133560705e+02,1.012043176741126217e+03,-5.974887394258624340e+01,1.981061397314308294e+02,7.693884706555811590e+02,1.759620686857263649e+02,3.967477923094572247e+02,8.132660201799899369e+02,1.367568802706767315e+02,-2.121693120338191818e+01,4.611327549950990488e+02,3.912193725592313172e+02,1.017517473898547706e+02,5.979031342328526080e+02,2.545895387653236419e+00,-8.378921646731587458e+00,-4.320443758424993064e+00,5.353040925841963826e+02,-2.970998368267900602e+01,1.628186027508912161e+02,2.744891258310215676e+02,-2.535943163358836472e+01,9.352463213290684862e+00,5.970752471698017416e+02,-2.645305404622448009e+02,2.866665289062174224e+02
1.697869747351434455e+02,1.654990397187795850e+02,1.603958947719984963e+03,8.339655614343298851e+01,-1.588560010735368566e+00,1.322909488245616558e+03,1.941316159007677697e+02,3.415183471550669765e+02,1.325882519025647753e+03,1.104097980356486488e+02,-1.061786453681605025e+02,1.016428531503107820e+03,2.490458864394813077e+02,5.345499306844882312e+02,1.152551022770212057e+03,2.357311917529588357e+02,-3.462234128438466030e+01,8.545633322056876295e+02,4.567937433570969006e+02,4.793172464092066321e+02,1.012543491329077710e+03,-6.076957784757276215e+01,2.085793989403663886e+02,7.625975284736991853e+02,1.768420226578254528e+02,4.057433577726376939e+02,8.051940753915290543e+02,1.394952572627863674e+02,-1.799860984242658191e+01,4.603107207100328537e+02,3.878039634067155816e+02,1.105300237616116448e+02,5.824273222715797829e+02,2.783698906235176906e+00,-7.894629401103067323e+00,-4.049760808955677582e+00,5.443450482190227149e+02,-2.352733267760542546e+01,1.485886926790020937e+02,2.751111347318326921e+02,-2.736109603701070725e+01,8.494742303186633592e+00,6.030127183633649111e+02,-2.573949311713711268e+02,2.800666703204195187e+02
1.718382522442674940e+02,1.718148984157078019e+02,1.595389988223762884e+03,8.415268852703073321e+01,7.285065810702532119e+00,1.313553327448265009e+03,1.968166126861122507e+02,3.477288775147828801e+02,1.319171796458819927e+03,1.049655344316910117e+02,-9.793952915588053543e+01,1.009047362904720103e+03,2.578388540002425771e+02,5.422473195455831956e+02,1.155680939070202840e+03,2.202257015659853039e+02,-3.641142589343797198e+01,8.330137847445148509e+02,4.678146146812400730e+02,5.007117655079132419e+02,1.015073587097473137e+03,-6.168337283652684278e+01,2.191172008590783378e+02,7.551088110377929752e+02,1.774328985017035052e+02,4.149104067384096766e+02,7.964406998223585106e+02,1.429826140525185849e+02,-1.440145125727135245e+01,4.591072547937582726e+02,3.860593742830213273e+02,1.208768063586337576e+02,5.680224923616161732e+02,2.822813935444050681e+00,-6.992551717572595749e+00,-3.727640082087794848e+00,5.499183576271624361e+02,-1.099807329536424838e+01,1.359463096726828439e+02,2.758603347007381217e+02,-2.906779419913472040e+01,7.646474382350255894e+00,6.072363841844772878e+02,-2.434885163541930524e+02,2.713706582461242647e+02
1.737847308535482398e+02,1.780042872566283449e+02,1.586113891269220630e+03,8.445881266858955883e+01,1.666810571943090480e+01,1.303089603269642112e+03,1.992394738373380676e+02,3.538098885732293297e+02,1.311805931528054316e+03,9.862673886719444738e+01,-8.928812876023194178e+01,1.000675282693805343e+03,2.674038035645187392e+02,5.498610090235264352e+02,1.158804623836934979e+03,2.035684736200621501e+02,-3.817437649892875129e+01,8.106920379633172615e+02,4.798822029304783428e+02,5.232080024914557725e+02,1.019488253807113892e+03,-6.239748873711574362e+01,2.296076741107416694e+02,7.468307675175677787e+02,1.777546845099010113e+02,4.241566062751209643e+02,7.869224498262852876e+02,1.472751975289787367e+02,-1.045612727664449615e+01,4.575270679335886825e+02,3.859166376708421922e+02,1.327620629164184436e+02,5.547717629639887491e+02,2.718484272433059346e+00,-5.711877158067544258e+00,-3.352786514446952193e+00,5.524286483188237753e+02,7.364009017943557112e+00,1.245056521509948055e+02,2.765459580148888108e+02,-3.036588928477252836e+01,6.844826305036729508e+00,6.102014677256379400e+02,-2.233649551228116081e+02,2.609251257851893229e+02
1.754551609310813092e+02,1.843605690734256370e+02,1.576140210102057608e+03,8.436066827160178150e+01,2.649547456854108418e+01,1.291599306520537311e+03,2.014092829279113630e+02,3.598898471035510624e+02,1.303808211885811488e+03,9.154630061478539460e+01,-8.024818224024019742e+01,9.913336908353372792e+02,2.775866892935187593e+02,5.576136406614562020e+02,1.162076899567862711e+03,1.855988968807804440e+02,-3.957099938175850440e+01,7.880520888369461545e+02,4.925811308999878975e+02,5.473808259774853013e+02,1.025529913084642658e+03,-6.283035769793585956e+01,2.398815679291955973e+02,7.377593486156946483e+02,1.778692089828206235e+02,4.333622439329207623e+02,7.766154026127528596e+02,1.523613219806727841e+02,-6.195771314666302487e+00,4.556352355062529114e+02,3.872309917031753344e+02,1.460131680843277593e+02,5.426462488114509597e+02,2.512636459431288216e+00,-4.201153826991069984e+00,-2.930684829645905598e+00,5.524167921704032551e+02,3.087791209943625859e+01,1.139325369559673078e+02,2.770019857894011466e+02,-3.122996481714762496e+01,6.097588786235530023e+00,6.123089758308170758e+02,-1.979386989121479701e+02,2.491253999366744551e+02
1.767574416739202547e+02,1.909942168336597490e+02,1.565553298001061421e+03,8.401705772953876306e+01,3.653016663737461300e+01,1.279332488291601067e+03,2.034291144725299887e+02,3.660388078497440461e+02,1.295278767824979695e+03,8.390904789371911932e+01,-7.095989747830958549e+01,9.811914788473886802e+02,2.882177699003302109e+02,5.655507430552735286e+02,1.165626412135010924e+03,1.662703349757665592e+02,-4.034289561769679011e+01,7.657842845643039027e+02,5.054497328618669485e+02,5.731228085636163314e+02,1.032916221305095405e+03,-6.294058574666082961e+01,2.496901573466877551e+02,7.279746970406979472e+02,1.778432313045215096e+02,4.423977482978507396e+02,7.655730823070749693e+02,1.581449723868098829e+02,-1.726556039702009659e+00,4.534962127653063817e+02,3.898588666569413022e+02,1.604021043424516790e+02,5.314275648122393250e+02,2.218820494099874807e+00,-2.665283509846239074e+00,-2.482968570561802313e+00,5.504152448911065676e+02,5.885225843773879006e+01,1.040919849780918582e+02,2.771587779079774236e+02,-3.173147177759999238e+01,5.366703168957388748e+00,6.138252315930824352e+02,-1.681080581146735824e+02,2.362004423527574772e+02
1.777064262202034115e+02,1.977635030036611568e+02,1.554499621351886844e+03,8.363744571771115943e+01,4.640800310708411303e+01,1.266633478332997811e+03,2.054455543926954135e+02,3.722267369146162537e+02,1.286365034590080768e+03,7.583773288394660028e+01,-6.172476492739156129e+01,9.705237177668644790e+02,2.991395372140179347e+02,5.735438807629960820e+02,1.169445824088688823e+03,1.456521322390140654e+02,-4.038556071750827670e+01,7.446167612255848098e+02,5.180478869699247753e+02,5.995165804573351807e+02,1.041422622251164057e+03,-6.273277196036961101e+01,2.587749252318147342e+02,7.176003792837622086e+02,1.777187520842518040e+02,4.512063043901906099e+02,7.538990271173264546e+02,1.644359185495000304e+02,2.720408405267114027e+00,4.511267369429695577e+02,3.936980943724711324e+02,1.757423674447845769e+02,5.207030844954213080e+02,1.827774885954281503e+00,-1.291157188865814209e+00,-2.048794873920178894e+00,5.468624417301725771e+02,9.061081179542101438e+01,9.505990266866032812e+01,2.770692317564476639e+02,-3.201929361983953015e+01,4.574258287218731844e+00,6.149192219396883274e+02,-1.345234430243795316e+02,2.221326267051625507e+02
1.784030366612971079e+02,2.043924932101895990e+02,1.543164559290878287e+03,8.339954105597446699e+01,5.579089857523478457e+01,1.253823863281639888e+03,2.075786388673812439e+02,3.783809354383637356e+02,1.277238271977477325e+03,6.736530958002003899e+01,-5.300399398370359449e+01,9.596532134833635155e+02,3.101858168648407741e+02,5.814152958554490169e+02,1.173372419342342710e+03,1.239108131078401556e+02,-3.976502637355301317e+01,7.251362092493319551e+02,5.300005055812006276e+02,6.251461818173720530e+02,1.050918530545130807e+03,-6.224237463621108191e+01,2.670122836176286683e+02,7.067531586781203714e+02,1.775047732718292082e+02,4.599109628786919188e+02,7.416956452892023890e+02,1.709622531631021900e+02,6.829121644929074364e+00,4.484954048902030763e+02,3.986808816937804636e+02,1.919695491408434975e+02,5.099522752174842708e+02,1.329350458488711029e+00,-1.891896351220423156e-01,-1.677091371790466079e+00,5.420775969525077471e+02,1.254949671995536420e+02,8.699851099062591686e+01,2.768754822391970833e+02,-3.227944125987269786e+01,3.626834131347635548e+00,6.157573931370430955e+02,-9.752505426985658232e+01,2.067453336571404350e+02
1.789931290920359004e+02,2.107058879549181540e+02,1.531726660074437405e+03,8.339129213596095269e+01,6.454101862506483656e+01,1.241092380316040817e+03,2.098722132002618537e+02,3.844932420326820761e+02,1.268068637293133179e+03,5.847835582290981193e+01,-4.530372235803233139e+01,9.489061107610056069e+02,3.211378152056597628e+02,5.891117920876523613e+02,1.177183383105275198e+03,1.012927106644908548e+02,-3.868894353337440606e+01,7.077196772229149246e+02,5.410300686894079263e+02,6.487456218330939919e+02,1.061361526552103442e+03,-6.151424657673921814e+01,2.745301195161142118e+02,6.955151109664268461e+02,1.771896914389357391e+02,4.688481267138159296e+02,7.290307828853433421e+02,1.774199049567951079e+02,1.033573881427057373e+01,4.455697915398588975e+02,4.047440385333782160e+02,2.091702481403795844e+02,4.987046811259967853e+02,7.377336595891956783e-01,6.237029968070860741e-01,-1.412885784955953961e+00,5.362675579592107624e+02,1.629532996338660951e+02,7.998979386687406645e+01,2.767358400995013312e+02,-3.268863493710660606e+01,2.448511509451749557e+00,6.165659333535206770e+02,-5.718058494839451100e+01,1.899022258215515819e+02
1.796386245520319278e+02,2.168266533688213258e+02,1.520294422344991744e+03,8.361007019688770470e+01,7.280524353184888753e+01,1.228445165136399282e+03,2.122947271266381222e+02,3.906901528929975029e+02,1.258987743710947370e+03,4.918631998030672037e+01,-3.895642720890417365e+01,9.385937164342124106e+02,3.317060850700481183e+02,5.968020928785811066e+02,1.180736710941963338e+03,7.811197990866605778e+01,-3.743886456619743086e+01,6.925984411791279172e+02,5.509758630449653083e+02,6.698350162187330170e+02,1.072775488204654948e+03,-6.058555684336998581e+01,2.816912597424931164e+02,6.839410012668472518e+02,1.767605181214966024e+02,4.784579498670659632e+02,7.159489245893528278e+02,1.835571956173131412e+02,1.318561928096086078e+01,4.423772998038558057e+02,4.118086031261482276e+02,2.275359383829174362e+02,4.867191670789083560e+02,1.056135084130968294e-01,1.199685342441206393e+00,-1.281439303301093791e+00,5.295441472909872118e+02,2.027164495791232355e+02,7.394463541271123574e+01,2.767525527568595294e+02,-3.337584631714822336e+01,1.012490572066401029e+00,6.176136560334249452e+02,-1.335156044176253154e+01,1.717059122661648303e+02
1.805067450664051023e+02,2.231992168345044831e+02,1.508859307531153490e+03,8.401424082765883838e+01,8.095829656982840561e+01,1.215746796716618974e+03,2.147874302374415265e+02,3.972098758204694491e+02,1.250046975463608078e+03,3.956018427496562850e+01,-3.390019527489943130e+01,9.290067295101038098e+02,3.415671175513799085e+02,6.048141760429954275e+02,1.184048328399597040e+03,5.473691355296195127e+01,-3.626214098337642611e+01,6.799777880000858659e+02,5.597818175555609059e+02,6.889490811727108621e+02,1.085220200270751320e+03,-5.947324696216680451e+01,2.889324433135994354e+02,6.720880131035215754e+02,1.762125946448823299e+02,4.890690838898935340e+02,7.025168861403795972e+02,1.892656978137165993e+02,1.560418517544057337e+01,4.390333080390127520e+02,4.197780375213768025e+02,2.472691058552973686e+02,4.741070893241839599e+02,-4.807373976076461108e-01,1.615187661014166887e+00,-1.274234578081110847e+00,5.219526084493538747e+02,2.449331785049465111e+02,6.863884475402026908e+01,2.769367258146425002e+02,-3.439945301806779554e+01,-6.399006545594828621e-01,6.191350873473965066e+02,3.422988819483622791e+01,1.525878437620227714e+02
1.817542699583256649e+02,2.304064383637729918e+02,1.497307825440958823e+03,8.458313036743086855e+01,8.944522288193770976e+01,1.202836892100300247e+03,2.173230216379203341e+02,4.042995599077995621e+02,1.241202134327693329e+03,2.971411992774362432e+01,-2.959484499742442409e+01,9.203966042095697730e+02,3.504365287960673641e+02,6.134495332728989752e+02,1.187250726321070260e+03,3.157019589443902774e+01,-3.524406074519832544e+01,6.700850665655271996e+02,5.674511071615096398e+02,7.072984118141151839e+02,1.098738164665165414e+03,-5.816348826818096285e+01,2.965593085636276101e+02,6.600416477782496258e+02,1.755433174503122871e+02,5.007129684814397024e+02,6.888653364096090854e+02,1.946289022387061891e+02,1.802482982880249907e+01,4.357105500456792697e+02,4.285371469242452918e+02,2.685200107279721351e+02,4.613191021456254362e+02,-9.244528357131647223e-01,1.931305093040211363e+00,-1.343270077627882975e+00,5.135168700137775204e+02,2.901216080347027173e+02,6.382808625545771974e+01,2.772218840950421850e+02,-3.574097865429885701e+01,-2.405165196557546015e+00,6.212470956477236541e+02,8.585368276852413771e+01,1.332418022367208437e+02
1.834829079069472755e+02,2.388786510050067875e+02,1.485506536603882523e+03,8.533204345064264373e+01,9.862375050986432257e+01,1.189663340646075994e+03,2.199298584321527414e+02,4.121004839394233272e+02,1.232352254001293431e+03,1.974509023871298297e+01,-2.515510200519160833e+01,9.129326202866009226e+02,3.581285292189836014e+02,6.228145720660302231e+02,1.190477389982465183e+03,9.025320757783807935e+00,-3.422238267018808955e+01,6.630711962608191925e+02,5.739968598550051411e+02,7.260747671982528573e+02,1.113276243695519497e+03,-5.660756594297475175e+01,3.046352907862957409e+02,6.479192983895336511e+02,1.747384109345996990e+02,5.131029728350315509e+02,6.751906259278350717e+02,1.998880375155079605e+02,2.091129715389115518e+01,4.325634806505636902e+02,4.379316918383538564e+02,2.914213680523371863e+02,4.489668282646280772e+02,-1.150741816077368807e+00,2.175502456592644851e+00,-1.410946808929540719e+00,5.042872907621456875e+02,3.388977571867590086e+02,5.934269462607475987e+01,2.775098752572425269e+02,-3.731336667648614736e+01,-4.154534763450554280e+00,6.239002745781236854e+02,1.416893333386144604e+02,1.144357964446687816e+02
1.856729582726308365e+02,2.486688138938235682e+02,1.473421187092859554e+03,8.626175748120951425e+01,1.086993746478015197e+02,1.176361376834777730e+03,2.226635351995114434e+02,4.205942133954507085e+02,1.223425489627149318e+03,9.668619221555156074e+00,-1.965159900845543817e+01,9.066534793346309016e+02,3.645627728842794681e+02,6.328009413768479590e+02,1.193768448855808856e+03,-1.249850354594946467e+01,-3.281624329607710422e+01,6.588258768244112389e+02,5.794235191052152913e+02,7.458408466621252728e+02,1.128616948882457564e+03,-5.473298804353547098e+01,3.130357653777807059e+02,6.358529235784784532e+02,1.737671447173917727e+02,5.258071202801811523e+02,6.617117658358316703e+02,2.053248834130414480e+02,2.458221181883284956e+01,4.296516930049832013e+02,4.477328663960138897e+02,3.162038034660614585e+02,4.375475646686641653e+02,-1.136429850098737315e+00,2.346785811716067816e+00,-1.396909171523558424e+00,4.943570834832378296e+02,3.916036482026275962e+02,5.509511458468609391e+01,2.777198760601114031e+02,-3.898264755012561977e+01,-5.791113667688608579e+00,6.268760742473041319e+02,2.016540495067686436e+02,9.679515748691878230e+01
1.881392157891274621e+02,2.594378457016004518e+02,1.461194938156193984e+03,8.727643209301839988e+01,1.197805108007012223e+02,1.163237845484339459e+03,2.255489575215922855e+02,4.296411046591356353e+02,1.214463146925931142e+03,-6.132644057135099303e-01,-1.241980588402640429e+01,9.014544718013858073e+02,3.697245707045329368e+02,6.432259534500470863e+02,1.197059286263237482e+03,-3.264556304138022114e+01,-3.058771899971968011e+01,6.568731307077096062e+02,5.837435441157862215e+02,7.663586457891890404e+02,1.144374698029319461e+03,-5.247016476391048201e+01,3.216229382310182814e+02,6.239658521856001698e+02,1.725965749922797272e+02,5.385092635512395418e+02,6.486088009526797578e+02,2.111136423801313811e+02,2.914079673831014006e+01,4.269056467548803653e+02,4.576156918051148068e+02,3.432852293686049734e+02,4.272167257528831215e+02,-9.224083918799546034e-01,2.435917586897723641e+00,-1.251763399319123726e+00,4.838248375218370256e+02,4.480439483071128279e+02,5.101160579674929352e+01,2.778177715699360419e+02,-4.060255684804218390e+01,-7.299424190348663188e+00,6.298212221163747699e+02,2.653673472035006284e+02,8.065105837865468175e+01
1.905595808754547704e+02,2.706699477651153529e+02,1.449124990066015471e+03,8.813801505921014723e+01,1.319993529770512168e+02,1.150673519097300414e+03,2.285379479107763814e+02,4.390843511412272733e+02,1.205642252158416341e+03,-1.129425043194244616e+01,-3.211636965014330158e+00,8.971427157996691903e+02,3.736225223313493871e+02,6.540152195962286896e+02,1.200241066029087506e+03,-5.113786192001317943e+01,-2.726295184597846344e+01,6.564847589899300146e+02,5.870022769032010501e+02,7.868877189669074141e+02,1.160085513847091306e+03,-4.977913090031252352e+01,3.304194956675934236e+02,6.123560345382313699e+02,1.712197430854373010e+02,5.511928465355015305e+02,6.359788043106910891e+02,2.172218200235536472e+02,3.453864059804477904e+01,4.241495949292356613e+02,4.671805660455094085e+02,3.732208752479376699e+02,4.177411753865113155e+02,-5.983339971805107238e-01,2.448232717546956927e+00,-9.797938745596225241e-01,4.727195393358219349e+02,5.074808214290349042e+02,4.696035013654000068e+01,2.778190842051658933e+02,-4.205708087030832587e+01,-8.757383524109341622e+00,6.323048800663675593e+02,3.322392797305211616e+02,6.600052242604346020e+01
1.925871909855682702e+02,2.819953704733156314e+02,1.437539422981593361e+03,8.850709813467953779e+01,1.455960634636420821e+02,1.138998732922291310e+03,2.315124984326771482e+02,4.488546901576942787e+02,1.197213098336793792e+03,-2.260170273824171261e+01,7.870526950423480272e+00,8.935506916196513885e+02,3.762847776077800290e+02,6.652852669430760670e+02,1.203236922110014348e+03,-6.780214852003082626e+01,-2.287675122381363124e+01,6.569917362955408180e+02,5.892811932971393389e+02,8.066829578659277331e+02,1.175352183941831299e+03,-4.665443606557493439e+01,3.396693548324053040e+02,6.010878173602018251e+02,1.696814421392224972e+02,5.641355867946068656e+02,6.238327456977000338e+02,2.234194748880653947e+02,4.071369906762529922e+01,4.211650311805227602e+02,4.760203388756461891e+02,4.064970340121828940e+02,4.086648465184805445e+02,-2.584754453427053900e-01,2.419142583038672800e+00,-6.370237224349151184e-01,4.609372529283231756e+02,5.688704496507997419e+02,4.274966003711830353e+01,2.777709888176304389e+02,-4.329710839333962014e+01,-1.029947624671257600e+01,6.338794256214767984e+02,4.016610984735766579e+02,5.257073114245776679e+01
1.939945710651211073e+02,2.934321058641014019e+02,1.426643589525613379e+03,8.805908455187604034e+01,1.608832844355044358e+02,1.128403184212256747e+03,2.343272289612823727e+02,4.590163417863311111e+02,1.189385588025081233e+03,-3.471499718718239791e+01,2.058423490106410725e+01,8.906476582741286165e+02,3.777926400328109366e+02,6.772786636370472024e+02,1.206042927194348067e+03,-8.256653834105182455e+01,-1.772656092709590681e+01,6.581122558272777496e+02,5.906700567326070086e+02,8.253538490083466286e+02,1.189947062335472310e+03,-4.310027172420363684e+01,3.497554741333744346e+02,5.901905145927037211e+02,1.680854571656095686e+02,5.777311949347980544e+02,6.121325156286519587e+02,2.293962811066832046e+02,4.770256206860710790e+01,4.177640531203546175e+02,4.838008144526912133e+02,4.432767432841820892e+02,3.995920608117495476e+02,5.677733597933661003e-02,2.419297745629627183e+00,-3.051117880115527536e-01,4.482385614448305091e+02,6.311728666229372493e+02,3.821488139309192178e+01,2.777240299672982928e+02,-4.435221408584018832e+01,-1.204805995249565953e+01,6.341233877506115277e+02,4.731913076759351497e+02,3.995879043168366707e+01
1.947633080619029329e+02,3.054119716323560283e+02,1.416426411288339068e+03,8.660879194970569017e+01,1.780907714141771692e+02,1.118910776142782652e+03,2.368586509996328004e+02,4.697384922772505433e+02,1.182231407722351605e+03,-4.769598659149411191e+01,3.476063788932466991e+01,8.885728513380239519e+02,3.783061884309923357e+02,6.902242917380326617e+02,1.208716535118283446e+03,-9.541179371605554138e+01,-1.213283115489297082e+01,6.600842251524934454e+02,5.912180982088551673e+02,8.429190253165551212e+02,1.203779948246666436e+03,-3.909325978140065416e+01,3.610373076488734796e+02,5.796648803014455780e+02,1.665763004211370628e+02,5.922673205027125505e+02,6.008445529526119344e+02,2.349240467564160610e+02,5.566102430336845686e+01,4.138450173951787292e+02,4.903069360938014825e+02,4.832606829773109212e+02,3.904232177799541432e+02,4.043702730746626117e-01,2.553294760860750579e+00,-5.499403184645215020e-02,4.343260815436963185e+02,6.935424625428505578e+02,3.333619045277610127e+01,2.777060823518586972e+02,-4.530476196255803245e+01,-1.404814420462072633e+01,6.326583924342768341e+02,5.466188806705714569e+02,2.781576814580726520e+01
1.950597201478597924e+02,3.185892676932639915e+02,1.406676388036104981e+03,8.417190689715096141e+01,1.971875596811165963e+02,1.110410366128178794e+03,2.390319707878853137e+02,4.812246898990464956e+02,1.175654842426341020e+03,-6.145635846529810919e+01,5.041011024210764191e+01,8.875583688251099375e+02,3.780348923883545922e+02,7.042358751504160637e+02,1.211326326699720312e+03,-1.062890989516690610e+02,-6.140023197537274768e+00,6.635182984575392311e+02,5.908870078274271691e+02,8.596271894581605011e+02,1.216726669421043653e+03,-3.456375050406828109e+01,3.737119679739429330e+02,5.694983035323549529e+02,1.652993623303338495e+02,6.078112793359271109e+02,5.899760199274048773e+02,2.399776647092325561e+02,6.480342355731265513e+01,4.094098748822160019e+02,4.954257839687660407e+02,5.257714637732284473e+02,3.814029590707399962e+02,9.370676468227693290e-01,2.957740369153906368e+00,8.139662664754808430e-02,4.189812377395974750e+02,7.553257105085143621e+02,2.828567447188013517e+01,2.777116952562620327e+02,-4.623175263009631664e+01,-1.623906909071821048e+01,6.291598277199517497e+02,6.218628782417954426e+02,1.602512999752546463e+01
1.951108824548709606e+02,3.335509467788381812e+02,1.397089216815027612e+03,8.093874948351316334e+01,2.178215253275435543e+02,1.102710707758534227e+03,2.408181523843412606e+02,4.936499037667069274e+02,1.169441225578943659e+03,-7.577188312611988863e+01,6.769941156447627861e+01,8.877854537641196657e+02,3.771518495855925153e+02,7.193050660903101061e+02,1.213892115382019028e+03,-1.150435388259952703e+02,6.469096728705268085e-01,6.690762417816396237e+02,5.895369886259923078e+02,8.757344217416537049e+02,1.228428283618871092e+03,-2.941173149757888083e+01,3.877706789644602168e+02,5.596842629161261584e+02,1.643531010824405882e+02,6.242725091542355358e+02,5.795708244003461687e+02,2.447553874768947821e+02,7.532610589516052357e+01,4.045308428288033156e+02,4.990808587327091459e+02,5.700413369599821181e+02,3.729480140556953529e+02,1.849086598617552202e+00,3.799549825582315687e+00,1.184907627187166829e-01,4.022069619217047602e+02,8.159532789577526728e+02,2.333378138644569333e+01,2.777156680587810911e+02,-4.714122088730687210e+01,-1.847794365304064357e+01,6.233944541376320103e+02,6.987835676858376246e+02,4.793477835372517148e+00
1.950604377389248043e+02,3.505850497629757569e+02,1.387404343979834266e+03,7.719200580213139062e+01,2.394601910423702691e+02,1.095591637653572889e+03,2.422104126017061674e+02,5.071361384340261793e+02,1.163354091911544856e+03,-9.033810387192747271e+01,8.686461750280341221e+01,8.892630691678890571e+02,3.757002042424463184e+02,7.353620645660523678e+02,1.216346069683833321e+03,-1.213913368744308343e+02,8.974846090218552064e+00,6.771837411545728855e+02,5.869698670392317581e+02,8.913805075724521885e+02,1.238217367698093085e+03,-2.354094362727942169e+01,4.030493863949145066e+02,5.502392138867326139e+02,1.637542566055640805e+02,6.415830572264711691e+02,5.696724108873643218e+02,2.496014323792912819e+02,8.737263466609638840e+01,3.992730200650076995e+02,5.011665453757372575e+02,6.155581295997675397e+02,3.653537671424458608e+02,3.294951145881987564e+00,5.267499023218157994e+00,1.031117057066108927e-01,3.843107386173517739e+02,8.748783699363922324e+02,1.864442377486053815e+01,2.777076923173972318e+02,-4.793965493824803303e+01,-2.060494075559471483e+01,6.152890768166164435e+02,7.770379506912235001e+02,-5.424166136865072652e+00
1.948907658070092168e+02,3.696097041193200425e+02,1.377509357362532455e+03,7.322231867641447423e+01,2.616844773105610784e+02,1.088841887155144832e+03,2.431895855907783925e+02,5.217639543955610861e+02,1.157238418936798780e+03,-1.048475261324123267e+02,1.081449281504228139e+02,8.917959635867665611e+02,3.735494242413367374e+02,7.523420725192203236e+02,1.218536862637825152e+03,-1.249795938129103945e+02,1.965659438153583238e+01,6.879320485975550810e+02,5.830201684210410349e+02,9.065838779373887064e+02,1.245257812363276571e+03,-1.687677303343180668e+01,4.193189556129544258e+02,5.412131438651831559e+02,1.634358168177041364e+02,6.598571569265217249e+02,5.602857414785331684e+02,2.548871638052700348e+02,1.010443604557724626e+02,3.936087982171625868e+02,5.015287283488689241e+02,6.622749804947268331e+02,3.585616705800783279e+02,5.327843494744742614e+00,7.547262123653612598e+00,9.280458863213338072e-02,3.658776872647212031e+02,9.316356600054430146e+02,1.408630894396083200e+01,2.777284626844685249e+02,-4.845515250289432174e+01,-2.251979311459409772e+01,6.049776126396194513e+02,8.560607598566296019e+02,-1.416687209939746062e+01
1.944461694084046428e+02,3.902651271063444369e+02,1.367481562507206718e+03,6.927743413150956542e+01,2.844639572659162354e+02,1.082288368409494069e+03,2.436845529970012194e+02,5.375939953888062064e+02,1.151091594496001107e+03,-1.190557704928496889e+02,1.317682935987177757e+02,8.950437282413206503e+02,3.704274050509926042e+02,7.702216255383842736e+02,1.220277189728323719e+03,-1.255142668694521149e+02,3.326431978852983917e+01,7.011642125324144672e+02,5.776462132696420895e+02,9.212970493138469692e+02,1.248839253263938417e+03,-9.351688365511540368e+00,4.363571222595118684e+02,5.326911287186251229e+02,1.632811910890385718e+02,6.794125545939142512e+02,5.513686273775501832e+02,2.609144250427288512e+02,1.164148046007723423e+02,3.873767768030000411e+02,5.000018889255447334e+02,7.105540542881991541e+02,3.521464511812828846e+02,7.892427833536116211e+00,1.077835497647751595e+01,1.470702299507417876e-01,3.476264467478049482e+02,9.859600458483294005e+02,9.202407811795715986e+00,2.778771708885598741e+02,-4.851241013639921107e+01,-2.423097417663562325e+01,5.927497867661722921e+02,9.351411389998963841e+02,-2.127119726256807652e+01
1.935240897522739658e+02,4.120921511278858134e+02,1.357565156141382658e+03,6.554811708709763707e+01,3.082241524146148208e+02,1.075822286307995228e+03,2.435425329545884097e+02,5.546737990644729734e+02,1.145074690055941119e+03,-1.328014356400751410e+02,1.579443478357948720e+02,8.986158651527093753e+02,3.660152451457680058e+02,7.890353614804812423e+02,1.221402646181900991e+03,-1.228976931076123833e+02,4.996877887602950352e+01,7.166151596240440540e+02,5.709629447283633681e+02,9.354797623392609012e+02,1.248648041230506806e+03,-8.794660806717080614e-01,4.539759711771443449e+02,5.247790244685485277e+02,1.631741582824392367e+02,7.006372984019825481e+02,5.428533387682255125e+02,2.678674859355662647e+02,1.335120994157437906e+02,3.803179008277735988e+02,4.964755304006898200e+02,7.608656789740083468e+02,3.455516172348007444e+02,1.087233401191880233e+01,1.500769241612724336e+01,3.445161684927536272e-01,3.302004410350893409e+02,1.037835355780864347e+03,3.384533446258505940e+00,2.782691085685589201e+02,-4.802638065687776248e+01,-2.584998003961170454e+01,5.788808784074724372e+02,1.013498716862167726e+03,-2.706959234956737603e+01
1.919654211979342620e+02,4.347045902142538694e+02,1.348098087761913348e+03,6.217354178999095637e+01,3.336366448018424080e+02,1.069416916864018503e+03,2.425371608963559709e+02,5.730294482966983196e+02,1.139454271706336158e+03,-1.459632010309184693e+02,1.868029729975139901e+02,9.021349791857390983e+02,3.600653794714492619e+02,8.089108910512228476e+02,1.221788837578903667e+03,-1.173023312985549609e+02,6.957536421343014865e+01,7.339774211589655124e+02,5.631840011304142308e+02,9.492054841766383788e+02,1.244830986544678126e+03,8.645882075214256446e+00,4.720147013732668597e+02,5.175659283478325960e+02,1.630335080806405585e+02,7.237912423934704975e+02,5.346707137437967958e+02,2.757979377955806513e+02,1.522823142016415545e+02,3.721702550109123990e+02,4.909480747191797718e+02,8.134115370732500878e+02,3.384405743344555617e+02,1.416186917396478151e+01,2.016703366694923361e+01,8.190541658260519498e-01,3.139926281708949318e+02,1.087391905353983020e+03,-3.838135111576717939e+00,2.789540037935851160e+02,-4.706813806480182905e+01,-2.753091452016483132e+01,5.634288057803659058e+02,1.090297666113425066e+03,-3.236074865356866326e+01
1.896864482672037298e+02,4.579010480717242331e+02,1.339412390783426417e+03,5.924589443858557303e+01,3.612489062713544854e+02,1.063122384147545517e+03,2.404349665789156063e+02,5.926693011224368774e+02,1.134493368725569781e+03,-1.583762370161487638e+02,2.182787517720323365e+02,9.052295747596906494e+02,3.524872083841189578e+02,8.301490201595468079e+02,1.221292397790158930e+03,-1.091364715262469218e+02,9.169170414094482169e+01,7.528727365198567441e+02,5.544821327570272160e+02,9.628272372335084128e+02,1.237788856594590925e+03,1.931884527494067427e+01,4.903295133353627762e+02,5.110695838427905073e+02,1.628164238906667265e+02,7.488707265266853028e+02,5.267491662555864878e+02,2.846187413715220487e+02,1.725868974453308908e+02,3.627607056387615216e+02,4.835356539409902439e+02,8.678849643742714761e+02,3.309496619142614691e+02,1.772677095504945299e+01,2.609904153556010797e+01,1.789670447585172131e+00,2.990934457347568696e+02,1.134691041621662862e+03,-1.256171320191488761e+01,2.798430598311408630e+02,-4.586536045160409003e+01,-2.938748715933625277e+01,5.461472105338613119e+02,1.164634240542170801e+03,-3.814844198424838595e+01
1.866358235894087159e+02,4.817097483022101869e+02,1.331740772619407835e+03,5.680115445277950670e+01,3.911837058455711826e+02,1.057025695645078258e+03,2.371035329700862917e+02,6.136311133565882301e+02,1.130339497644259836e+03,-1.697625330337326943e+02,2.520122916950578258e+02,9.074671038175229114e+02,3.433414994615426963e+02,8.533287743256282738e+02,1.219636418424882550e+03,-9.891148705989964185e+01,1.159164087259978402e+02,7.728159919306390293e+02,5.448175093819552330e+02,9.771495255971976803e+02,1.227806574835771244e+03,3.119429642420380588e+01,5.088115558112901340e+02,5.051942167514761195e+02,1.625015252070585916e+02,7.756144485333904868e+02,5.189915355431136277e+02,2.941101206702076070e+02,1.942737491842043198e+02,3.520357815448115275e+02,4.744247333498323087e+02,9.234903027388527335e+02,3.236851140271366489e+02,2.163724572958260950e+01,3.263870370639558161e+01,3.555888294690165541e+00,2.853852381560388949e+02,1.179527145106374974e+03,-2.244510881772964694e+01,2.807046207603842731e+02,-4.472387997218281441e+01,-3.143654724251823751e+01,5.266128923409851268e+02,1.235587924564156765e+03,-4.526927473431259585e+01
1.827029479942057719e+02,5.063811043703142332e+02,1.325161243393603172e+03,5.479610336916805124e+01,4.230844495916007304e+02,1.051178706849864511e+03,2.326028849003980667e+02,6.360764955878903493e+02,1.126962401169496843e+03,-1.797256721378230111e+02,2.873349031380277552e+02,9.082778980455511828e+02,3.327163830199939980e+02,8.793552456444891732e+02,1.216301037760983263e+03,-8.706729511164650148e+01,1.419643396129400514e+02,7.932724689384191379e+02,5.338145342224747765e+02,9.934477480524409430e+02,1.214724053811057274e+03,4.430796936318854051e+01,5.274387816682120729e+02,4.997415747629283373e+02,1.620732196224257677e+02,8.036262648505573907e+02,5.112637185743600980e+02,3.039643071349756838e+02,2.173001416687528717e+02,3.400253179378481718e+02,4.637814782725063765e+02,9.791795328376236967e+02,3.174546635816877824e+02,2.607887647690519017e+01,3.973366387754633422e+01,6.448275500174671215e+00,2.727321518208323141e+02,1.221371345723986224e+03,-3.283746868747170566e+01,2.812572703283450437e+02,-4.388431391096739276e+01,-3.360618659604726588e+01,5.045349132850503224e+02,1.302367137365568851e+03,-5.409101996412921665e+01
1.776312310435617121e+02,5.323406401989991537e+02,1.319590047780152190e+03,5.308938217889927813e+01,4.563058292719607607e+02,1.045510889095622588e+03,2.271931264861822797e+02,6.604001966443496485e+02,1.124158437467259091e+03,-1.878170874016605012e+02,3.233268583993258858e+02,9.069280801810774619e+02,3.205247731690072328e+02,9.093443347556210483e+02,1.210460269645038579e+03,-7.383653003327761155e+01,1.697037884805087629e+02,8.138286910169191515e+02,5.207700901701932708e+02,1.013172657639521276e+03,1.197806477318216821e+03,5.875153990672740179e+01,5.463362464741043141e+02,4.944934225618619053e+02,1.615149273988036498e+02,8.325130083558128717e+02,5.034247802589281946e+02,3.138831222630522007e+02,2.418319039829007409e+02,3.267865150703658514e+02,4.516521152929094569e+02,1.033943401300025243e+03,3.128674466152538116e+02,3.135729459403777852e+01,4.756752192241373933e+01,1.074883837587933932e+01,2.611832868457420318e+02,1.259489573300641268e+03,-4.302447436696780159e+01,2.813282564573551099e+02,-4.335319738195661898e+01,-3.581077719554343020e+01,4.801002437303103534e+02,1.364457840801637758e+03,-6.443067260474549585e+01
1.709911208093047321e+02,5.601154517688100896e+02,1.314802099518752357e+03,5.145791718179151530e+01,4.901946741268175742e+02,1.039753116286852446e+03,2.212263255649797600e+02,6.873049086640310179e+02,1.121584301136296972e+03,-1.936267176193684918e+02,3.588795577166300745e+02,9.025752374945076326e+02,3.063245489869699441e+02,9.442971083025113330e+02,1.200953051267019873e+03,-5.922211098023437614e+01,1.991407479292196570e+02,8.343920650664933873e+02,5.048276855272149533e+02,1.037346757458243701e+03,1.175839776113617290e+03,7.475222497553913570e+01,5.658092791933031549e+02,4.893332863630809584e+02,1.608007598139875256e+02,8.619408444256927169e+02,4.953859906298442866e+02,3.236960199229789055e+02,2.682455497217015363e+02,3.123866733790005128e+02,4.379011090771334125e+02,1.086995974430045862e+03,3.099975780650149204e+02,3.790610205494058960e+01,5.663615041377281045e+01,1.661343826161621706e+01,2.511140490642037264e+02,1.293173247973644720e+03,-5.249926093731524190e+01,2.809915048425956456e+02,-4.276890884355231037e+01,-3.805426277033510019e+01,4.541870140922378596e+02,1.421636351931096442e+03,-7.572666454532755154e+01
1.622394364685721939e+02,5.902563036562115713e+02,1.310446959611458396e+03,4.967406035028623990e+01,5.242888814936929975e+02,1.033409622661511094e+03,2.149455407216865694e+02,7.177987082230381475e+02,1.118760290075270177e+03,-1.968171884975623698e+02,3.927189811106291586e+02,8.944116676305319515e+02,2.892713459912172311e+02,9.846422659682660878e+02,1.186268340435155551e+03,-4.311788131615634256e+01,2.304141774319214164e+02,8.552880648338058336e+02,4.852651786284569084e+02,1.065916138897354131e+03,1.147378151497593535e+03,9.268349532508985078e+01,5.863314517142032400e+02,4.843358265035384989e+02,1.598764121676977652e+02,8.915922742127195306e+02,4.871473773969585181e+02,3.334281081421097497e+02,2.970157529087464923e+02,2.969443930875263504e+02,4.222284118165895848e+02,1.137797949585952665e+03,3.082710149967313669e+02,4.628816869324012373e+01,6.772314124324485363e+01,2.402896164166981663e+01,2.432415192970796056e+02,1.321991021455362215e+03,-6.117492330234492925e+01,2.805904054574722295e+02,-4.136879131605497406e+01,-4.049901652567226762e+01,4.283337001961646706e+02,1.473811670437422663e+03,-8.735830621552439368e+01
1.508467972251303024e+02,6.232727212188332260e+02,1.306051011327613196e+03,4.764070119447627150e+01,5.583692506027858826e+02,1.025823584697684737e+03,2.082599706002069126e+02,7.530819834054935882e+02,1.115019508853820525e+03,-1.970204975559902891e+02,4.234387730983021925e+02,8.818893687724807933e+02,2.682626100065555761e+02,1.029832450280719286e+03,1.164588026614632781e+03,-2.552626804262978055e+01,2.638365817524216936e+02,8.771655270850289980e+02,4.617719615593914000e+02,1.097457063811591752e+03,1.111063725420098763e+03,1.129651172032003785e+02,6.084923833112504781e+02,4.797614780369955838e+02,1.586379319655833342e+02,9.210865131091304647e+02,4.787702466715780929e+02,3.432593231804103766e+02,3.285356960313462764e+02,2.806978574909882695e+02,4.042793976319795206e+02,1.185978001966494276e+03,3.066320243527579805e+02,5.716015761889978108e+01,8.174140180638700315e+01,3.282434728088749409e+01,2.384645539939771766e+02,1.345994121197114737e+03,-6.946099636153493861e+01,2.805998950152308566e+02,-3.809967705529837190e+01,-4.344411515294541459e+01,4.044436555337178447e+02,1.520829597732212960e+03,-9.891818729205351701e+01
1.364447049938796113e+02,6.595694370794489032e+02,1.301028498456186298e+03,4.554878831269492423e+01,5.924186553163970075e+02,1.016362868968232419e+03,2.005881864936153534e+02,7.942950383892400623e+02,1.109442509336263811e+03,-1.935577128737658938e+02,4.496562467745167737e+02,8.650192829007048658e+02,2.422534628018373155e+02,1.078181416641139094e+03,1.133990530764962159e+03,-6.767281888809768553e+00,2.999319109852823999e+02,9.007097055256175508e+02,4.345865396067305255e+02,1.129498258849753256e+03,1.065972298532440391e+03,1.358775182416771372e+02,6.329157862434353774e+02,4.759485511219149316e+02,1.569296759393727712e+02,9.499402517382085307e+02,4.702993027837324007e+02,3.533806478058120888e+02,3.629479036041909694e+02,2.640459364897146770e+02,3.838218260465192202e+02,1.231245986348012593e+03,3.039235098381885791e+02,7.116815189176286083e+01,9.946231058558225868e+01,4.273327813158740440e+01,2.375345821214359603e+02,1.365829529665143809e+03,-7.813573791682148340e+01,2.813689041405316971e+02,-3.185827442885749505e+01,-4.719464719537464958e+01,3.842992113332643953e+02,1.562430225784313961e+03,-1.102727786577281535e+02
1.189470095418961222e+02,6.993480080253635833e+02,1.294728400391673858e+03,4.400151670814850036e+01,6.265776301944393936e+02,1.004691919004937745e+03,1.908539939196659248e+02,8.421197165316550581e+02,1.100849129302064057e+03,-1.850377634499374437e+02,4.703720420576880201e+02,8.447144844490080686e+02,2.106577408347059759e+02,1.127020118432634717e+03,1.092873886280028501e+03,1.242586040952707549e+01,3.393459015744018643e+02,9.262406777775175897e+02,4.044358223311540428e+02,1.159368644328220398e+03,1.011942679299105521e+03,1.613734809989152268e+02,6.601468634393229422e+02,4.731534119347918477e+02,1.545746307612240571e+02,9.775898554591932452e+02,4.616958747726036449e+02,3.638293812929856017e+02,4.000435334504512070e+02,2.475251047359766119e+02,3.609321750049073216e+02,1.273344834286571768e+03,2.993224505289617241e+02,8.877240731803340168e+01,1.212199808035388600e+02,5.348322528520143493e+01,2.406642069735774498e+02,1.382710352708980963e+03,-8.800749895153126090e+01,2.828603115581472025e+02,-2.178574832031761588e+01,-5.186112209673176920e+01,3.690461563704004675e+02,1.598427462177605094e+03,-1.213888663142203228e+02
9.862135265876541723e+01,7.424581024991776985e+02,1.286515859667884342e+03,4.404319852822120396e+01,6.611313224405885194e+02,9.910236614374870214e+02,1.776770796521625755e+02,8.962958121549308999e+02,1.087898744133128503e+03,-1.690278400676266699e+02,4.854939556381257262e+02,8.230883521979498028e+02,1.737128480850605001e+02,1.173112892734011211e+03,1.040512983131767896e+03,3.098357095543773099e+01,3.825161282128502194e+02,9.533295460008483815e+02,3.723221357814567227e+02,1.185161146978612805e+03,9.498216277393960354e+02,1.889811228005405042e+02,6.905033499839004207e+02,4.714127267373793870e+02,1.514279655945877039e+02,1.003430158489409791e+03,4.528386545779398489e+02,3.744154005779532213e+02,4.392406129555666894e+02,2.317225326055829839e+02,3.361227248381012487e+02,1.312026258332051384e+03,2.926462390587425375e+02,1.100529072309516323e+02,1.467095953839186677e+02,6.486820031146314136e+01,2.472634842620717279e+02,1.398194813081869597e+03,-9.947935439081400943e+01,2.845261615416362702e+02,-7.509276300233968193e+00,-5.718088805739196090e+01,3.588552029988103982e+02,1.628974980562925566e+03,-1.320702614178097747e+02
7.609675798729651319e+01,7.882507697293578985e+02,1.275858613169100181e+03,4.703793458708455688e+01,6.964978818240413148e+02,9.762214402114701670e+02,1.597333570032723742e+02,9.552110985786160882e+02,1.069303326957405488e+03,-1.420901691523778254e+02,4.963628755951042990e+02,8.035487877814796320e+02,1.326898137280500976e+02,1.213196859274552708e+03,9.775354616732946624e+02,4.777287869625033068e+01,4.291399086380336030e+02,9.806191892164709998e+02,3.392765408456011187e+02,1.206341913736889865e+03,8.815531144110186688e+02,2.178482004400291316e+02,7.239071520724554603e+02,4.704842642386142870e+02,1.474299799230113877e+02,1.026814172626282470e+03,4.435980844181413545e+02,3.848041238217493287e+02,4.796199588847163113e+02,2.171535116858032382e+02,3.103539762146838825e+02,1.347017561719333344e+03,2.844048435364621241e+02,1.345905031247754380e+02,1.749665266319022976e+02,7.676201339097987386e+01,2.559747108694876374e+02,1.413774742425958266e+03,-1.122335702839972100e+02,2.854083599877056940e+02,1.075840439301790141e+01,-6.246875881116173446e+01,3.529215127371817289e+02,1.654676653541906489e+03,-1.418167235905229404e+02
5.229266824940923897e+01,8.355500751187827291e+02,1.262391795016113292e+03,5.437553570252900670e+01,7.331900339936807995e+02,9.616781843020759197e+02,1.361941221555576647e+02,1.015787587951509977e+03,1.044118925559257832e+03,-1.004384631289581336e+02,5.060796828802260166e+02,7.905054161193229447e+02,8.986459978845529406e+01,1.244510309260109580e+03,9.060955797997139598e+02,6.207711151799547622e+01,4.777232586740246347e+02,1.006068197742139887e+03,3.061900565625230115e+02,1.223756100347058236e+03,8.100742615692867048e+02,2.469076607478431811e+02,7.597581495230273276e+02,4.698856845944002316e+02,1.426417419802583026e+02,1.047015058070801388e+03,4.339420410956218461e+02,3.947223477921683070e+02,5.200097186253874497e+02,2.041359329351220140e+02,2.849088829065513551e+02,1.377978308619794234e+03,2.755910303248670630e+02,1.615117265118523733e+02,2.045389729517244746e+02,8.905240027420100546e+01,2.650401666106171206e+02,1.430367678341646297e+03,-1.252361465361119741e+02,2.844622947580068626e+02,3.229522360837080441e+01,-6.675934040346126608e+01,3.498191081591542684e+02,1.676390159581441822e+03,-1.499280177790340076e+02
2.826736055184725060e+01,8.828517143982365951e+02,1.245965412825961494e+03,6.704658707289873121e+01,7.717841962822064943e+02,9.490071608384733963e+02,1.071139950101913882e+02,1.073842970272092089e+03,1.012060433636035782e+03,-4.123159760875101654e+01,5.194808709351302696e+02,7.885833223629239228e+02,4.822427028977356400e+01,1.265223885255390087e+03,8.296509633245985924e+02,7.424459012396219748e+01,5.256737448851745285e+02,1.027749415153383325e+03,2.737594623652366295e+02,1.239111386517589608e+03,7.390137803406574903e+02,2.750921051052644657e+02,7.969398546101789407e+02,4.690162692871728041e+02,1.372661306202093101e+02,1.063227634577480103e+03,4.240190044751525420e+02,4.041638155733774624e+02,5.591442404174556486e+02,1.926858286952472099e+02,2.611474154463202808e+02,1.404490185236226580e+03,2.673127606205582083e+02,1.897167122029428583e+02,2.338027524530893970e+02,1.015170314278531123e+02,2.728602278262283676e+02,1.447898622693222933e+03,-1.371047706741148602e+02,2.810019477818879636e+02,5.609294808739497284e+01,-6.911220245150306596e+01,3.480550346908035522e+02,1.694804025667041060e+03,-1.557970290847332535e+02
5.020526935798307555e+00,9.287467540721646628e+02,1.226702556894572126e+03,8.520303402770652212e+01,8.129626762651116678e+02,9.396613736237302419e+02,7.363782631809873180e+01,1.124931953253724032e+03,9.737714340382671026e+02,3.582961973424511370e+01,5.426752829946846077e+02,8.014246647081762376e+02,1.095312826252954252e+01,1.274734763140760833e+03,7.524128275069881511e+02,8.632847674416075279e+01,5.703062526283632678e+02,1.045053253019641033e+03,2.425037179270677257e+02,1.254241110535410826e+03,6.722012576645863646e+02,3.015163942480559740e+02,8.340110001981603318e+02,4.673226668739612819e+02,1.316644644460381528e+02,1.074704378868724689e+03,4.141859973779127699e+02,4.134554483245898382e+02,5.959225960531364308e+02,1.824544313273009948e+02,2.402049050325721851e+02,1.426132043860455724e+03,2.604258829156065644e+02,2.182123742791506800e+02,2.613400295027307720e+02,1.136982463841486748e+02,2.784906166517179145e+02,1.465187654127045562e+03,-1.466703752308291087e+02,2.750999478910412108e+02,8.115031806843617801e+01,-6.896314891391571678e+01,3.465702679404053583e+02,1.710070421712096731e+03,-1.592011337959495734e+02
-1.667989043488124068e+01,9.724046799227492102e+02,1.205076850225779026e+03,1.078637108775905773e+02,8.576162555786730763e+02,9.346010775450625943e+02,3.793780921386625948e+01,1.165433884786972385e+03,9.309649977537220593e+02,1.272257848115499428e+02,5.820914786843098909e+02,8.304017754945928118e+02,-1.918550983199444104e+01,1.273800297665111657e+03,6.786506202483145671e+02,1.023447590736283530e+02,6.106691426798873863e+02,1.059754096110157661e+03,2.127787325625158701e+02,1.270466827931800026e+03,6.130267664803971002e+02,3.255768408413444490e+02,8.695330369230100587e+02,4.644567892915913490e+02,1.263623723239106340e+02,1.081036060180844288e+03,4.049749259748203940e+02,4.231214018363949663e+02,6.297255775358794381e+02,1.727348768326981201e+02,2.227332432081662432e+02,1.442639043903421680e+03,2.553094929301117304e+02,2.464088992742052540e+02,2.862980390772125929e+02,1.248429965827119190e+02,2.818512685722858464e+02,1.480277445005580375e+03,-1.534303450803861608e+02,2.677761696599156949e+02,1.067351175237818950e+02,-6.637277720767222888e+01,3.449663206225405929e+02,1.721780080114495831e+03,-1.604051169471527203e+02
-3.637836346771105411e+01,1.013855068506081238e+03,1.181959361498745466e+03,1.329068980732336911e+02,9.068577868751854112e+02,9.340671326098631653e+02,2.865299089661010434e+00,1.193491099729928692e+03,8.863424525699355172e+02,2.253331248856875959e+02,6.430630208690005247e+02,8.737449968221559402e+02,-4.040989651007848948e+01,1.264473988164003913e+03,6.120553874335198543e+02,1.276836615521421976e+02,6.494509794856306826e+02,1.076159215134594660e+03,1.847551107545522768e+02,1.288256483190152267e+03,5.637834410283514899e+02,3.469585506271688473e+02,9.023799162545906256e+02,4.603766998555548184e+02,1.220140432650317592e+02,1.082445477984138506e+03,3.970065580153025735e+02,4.336054688452352366e+02,6.606617596039430964e+02,1.625726138592389134e+02,2.087859011309255663e+02,1.454064914924043251e+03,2.518533046386384910e+02,2.742521462505525847e+02,3.086369197513458857e+02,1.339532380219691845e+02,2.835627535806223705e+02,1.491142706997202595e+03,-1.576431357882640611e+02,2.608791240046595021e+02,1.325243269780851563e+02,-6.206466616983981766e+01,3.433802413516227716e+02,1.729341878106849435e+03,-1.600234743136681175e+02
-5.389584903261384596e+01,1.053886437212445117e+03,1.158546257119186748e+03,1.574123533027249664e+02,9.617593869768782042e+02,9.374677346582012660e+02,-2.861050087447116397e+01,1.209437713002051169e+03,8.432277201657180967e+02,3.195192103792933835e+02,7.281980220732475573e+02,9.265642655870946101e+02,-5.225932437532851793e+01,1.249794923518609494e+03,5.553182892575773622e+02,1.674132049997963065e+02,6.938258487755233546e+02,1.099764161925043254e+03,1.583942939674650177e+02,1.307220844202750186e+03,5.252328810556526832e+02,3.655774835901728466e+02,9.318684492343030570e+02,4.553652066675738297e+02,1.192924606787758961e+02,1.079884858462161674e+03,3.908727225704752186e+02,4.449998989526033029e+02,6.895919002258467572e+02,1.509963127703597934e+02,1.978969358345154035e+02,1.460837706770476871e+03,2.496226383824096899e+02,3.021477233687035664e+02,3.291776435065402779e+02,1.399520347815753780e+02,2.845144907962787784e+02,1.496512108198272927e+03,-1.600359141415598003e+02,2.566734501138420796e+02,1.585831917078932634e+02,-5.723590162579671414e+01,3.421159457922747720e+02,1.732538166742720705e+03,-1.587540781271749495e+02
-6.921012511092216357e+01,1.093604358409690349e+03,1.136118998129042893e+03,1.782916621438820073e+02,1.022782146791332025e+03,9.433962149371702708e+02,-5.402746949537197452e+01,1.215582405811817125e+03,8.049475655107515877e+02,3.984665189060518742e+02,8.360860654594999914e+02,9.819267342273143413e+02,-5.560241902995844754e+01,1.233219812428171736e+03,5.099820695251638085e+02,2.237630999712758637e+02,7.543244882641241702e+02,1.134549566220436418e+03,1.335051976245345884e+02,1.326371311315653656e+03,4.966233390755943446e+02,3.814997854885217521e+02,9.576602460283215805e+02,4.499762373143079230e+02,1.187111492093127225e+02,1.074805634997289417e+03,3.870215224746783065e+02,4.569237156833164590e+02,7.178703053365417190e+02,1.373358055535978224e+02,1.893192607374057843e+02,1.463662562038071201e+03,2.480817875051205306e+02,3.307246251628276354e+02,3.494008777766795788e+02,1.419300110887674009e+02,2.853995484513205270e+02,1.496439975680189264e+03,-1.613432030451708101e+02,2.572469227922369441e+02,1.852174575076052463e+02,-5.321641147010127071e+01,3.412699587106711760e+02,1.731900574483464197e+03,-1.571686187941908486e+02
-8.232198771654688585e+01,1.133894875441454360e+03,1.115698586758145893e+03,1.930179197648527918e+02,1.089129214386959575e+03,9.498267323273867078e+02,-7.193417572534109183e+01,1.215479496116965265e+03,7.741144751659084022e+02,4.529924294118156354e+02,9.610292391220687023e+02,1.032623663892694140e+03,-5.230937605933385015e+01,1.217892945732395447e+03,4.765077797056835607e+02,2.937520442665001497e+02,8.416825653104301637e+02,1.179948718568099139e+03,1.099320116081466949e+02,1.344495836075414445e+03,4.761965124031374330e+02,3.948788221468164465e+02,9.795404031147226078e+02,4.449416793250582032e+02,1.204421426966771094e+02,1.068671896266843532e+03,3.856860181177463573e+02,4.686110737886394304e+02,7.468897185677442394e+02,1.215305271835652832e+02,1.823220889605618140e+02,1.463332962210628011e+03,2.467469185863212999e+02,3.605310042726480333e+02,3.710283369188833831e+02,1.394102891738079109e+02,2.864459704093621326e+02,1.492364522549757794e+03,-1.619841749886902562e+02,2.639118446302809389e+02,2.127814654286573557e+02,-5.110673666789808323e+01,3.405794680393751719e+02,1.728687805823108192e+03,-1.556786020105303692e+02
-9.317908514443357149e+01,1.175073828470064655e+03,1.097752205277912935e+03,2.002004830738387398e+02,1.158413925032375346e+03,9.545074962418362929e+02,-8.212077093668006000e+01,1.212985660659285941e+03,7.520533024560266995e+02,4.783393550874716311e+02,1.094189792826386793e+03,1.072825341645043409e+03,-4.470896322347842045e+01,1.205970722873928480e+03,4.544325198887647161e+02,3.682809727562865874e+02,9.626790193912077029e+02,1.229027524802826747e+03,8.781546106059622048e+01,1.360506820520219435e+03,4.619489597184357308e+02,4.059340796743543933e+02,9.972582055971987529e+02,4.410684214099915721e+02,1.242283433390877718e+02,1.062474539269342813e+03,3.868797711055527770e+02,4.791702225984557231e+02,7.776177425283239018e+02,1.043026371967718688e+02,1.764407858946508156e+02,1.460571623765293907e+03,2.452199891751756979e+02,3.917473601181928871e+02,3.955017595264601482e+02,1.325632749415057674e+02,2.874413175109942244e+02,1.486622458093363093e+03,-1.620516178896199904e+02,2.767894782960987641e+02,2.415177642381352143e+02,-5.151372100864235648e+01,3.395665418984107191e+02,1.724517014241474271e+03,-1.546454454368880818e+02
-1.016950941435725468e+02,1.216862739669007169e+03,1.082115708661107192e+03,1.998086042534650915e+02,1.226948737473396704e+03,9.554802988603526046e+02,-8.552353034732075798e+01,1.211401970856686148e+03,7.385899065598129027e+02,4.751004644554306537e+02,1.225873653177026881e+03,1.098845799297632766e+03,-3.503300550655070822e+01,1.198251883223924324e+03,4.425260710891238887e+02,4.336618666303751297e+02,1.116641585714087341e+03,1.269125997294086346e+03,6.776400745803195491e+01,1.373668609605848133e+03,4.522721834402742616e+02,4.149674025948825715e+02,1.010565530544393596e+03,4.391401326474600637e+02,1.294573508199451339e+02,1.056530122928299761e+03,3.904511934603409031e+02,4.879022167342929492e+02,8.103008986767518991e+02,8.710705292796143340e+01,1.716105500090799580e+02,1.455982840934652359e+03,2.431656016549078174e+02,4.239804376432068125e+02,4.235162495908171536e+02,1.223108530450730171e+02,2.879810053793687530e+02,1.481619760026076619e+03,-1.615408355952859836e+02,2.947255098200731140e+02,2.714596144801736273e+02,-5.444341838269819789e+01,3.378610346094525880e+02,1.720877919661114674e+03,-1.544861287147776068e+02
-1.078408743529456615e+02,1.258634901873527269e+03,1.068193708912766397e+03,1.930143573897761655e+02,1.290658979502442662e+03,9.515650502982913395e+02,-8.386721394459344481e+01,1.212896096666243920e+03,7.322870613959726143e+02,4.485399647562562109e+02,1.348019998157612690e+03,1.108791946330852625e+03,-2.503388212217734221e+01,1.194254187066341501e+03,4.389524359997172382e+02,4.754736522729166381e+02,1.294184723646682869e+03,1.285150357309315268e+03,5.077189552470588296e+01,1.383685095574823663e+03,4.461954361902460846e+02,4.223826930268437536e+02,1.019449510452263212e+03,4.398297674723955879e+02,1.353796177290183778e+02,1.050682063053930278e+03,3.961662089237855753e+02,4.945444473977894404e+02,8.444110426107586136e+02,7.185703289219934220e+01,1.681559316096402483e+02,1.450098833801628189e+03,2.403338343731099087e+02,4.561916738111459608e+02,4.547503982261005717e+02,1.102758753694978964e+02,2.877760498193757144e+02,1.478985495823970268e+03,-1.605922287193521640e+02,3.155857744347588323e+02,3.023905356976696908e+02,-5.934472740629718857e+01,3.354874207345666264e+02,1.718744695517460286e+03,-1.556328920338967805e+02
-1.117304427377590343e+02,1.299747896789605875e+03,1.055342665527672580e+03,1.817901739176052729e+02,1.346285942495165500e+03,9.426206808585252475e+02,-7.919157960665684470e+01,1.218276014344759460e+03,7.310325186774307440e+02,4.067253162145597116e+02,1.455801655286003097e+03,1.101589511126666821e+03,-1.585295513995807326e+01,1.192673888357427586e+03,4.415108060362670699e+02,4.833531415279028352e+02,1.478883647971770642e+03,1.264391426860436695e+03,3.785832827337762296e+01,1.390677581928272502e+03,4.432236139011466207e+02,4.286696058914793070e+02,1.024424060219474086e+03,4.436281616251235960e+02,1.413744995177492569e+02,1.044766806185750966e+03,4.037861047598261734e+02,4.993392398630013531e+02,8.788009780837597873e+02,6.050461010032864806e+01,1.666346032908384132e+02,1.443433821902877071e+03,2.366624262317151590e+02,4.868035359529922630e+02,4.878800030268093906e+02,9.855884285151131508e+01,2.868639168381948252e+02,1.479037211392271274e+03,-1.595618241680287781e+02,3.368473649778602521e+02,3.338492197808658375e+02,-6.526527351712717007e+01,3.329418532925392356e+02,1.718383008988645997e+03,-1.583320781514227917e+02
-1.136244731841677265e+02,1.339775963482622728e+03,1.043227063415479051e+03,1.684418513994548903e+02,1.392365008340028226e+03,9.294533221470882154e+02,-7.341997061559121107e+01,1.227100250186748781e+03,7.327477157936395997e+02,3.582616019136938235e+02,1.547700664533006375e+03,1.076237487966205435e+03,-8.092957653416103625e+00,1.191991142784343083e+03,4.480045668727447037e+02,4.546362540541275621e+02,1.651360916005090075e+03,1.200895474445961781e+03,2.958751482253293474e+01,1.395090299762435507e+03,4.429998585355548357e+02,4.343400968822539880e+02,1.026699919409836866e+03,4.507923114305210106e+02,1.471459261080711087e+02,1.039038938002931900e+03,4.131172067339065848e+02,5.029176272379726811e+02,9.119824348958300106e+02,5.459751318496920902e+01,1.675669380203267735e+02,1.436475351057898024e+03,2.323831900241665096e+02,5.139842962979408867e+02,5.208803447804806410e+02,8.936682332294839171e+01,2.856388862420521946e+02,1.480774680943150997e+03,-1.588974679509403245e+02,3.562858472468432183e+02,3.651792420306492204e+02,-7.108072429857395491e+01,3.310127552737439487e+02,1.719362688648449648e+03,-1.624137412574789323e+02
-1.138371527454635270e+02,1.378549308008173512e+03,1.031952358984018701e+03,1.551760142272539156e+02,1.429543628183279452e+03,9.133816753032283486e+02,-6.807082255763327794e+01,1.238061340362949522e+03,7.359614409245808702e+02,3.103748076550587598e+02,1.624231436237163052e+03,1.031895713233409879e+03,-1.983292305437001968e+00,1.190949584620400628e+03,4.566900980802615777e+02,3.951833663261117522e+02,1.794231744667347584e+03,1.097530239162726048e+03,2.572010379306782468e+01,1.397536901643470401e+03,4.450684061061689931e+02,4.398460909467764282e+02,1.028107994564614501e+03,4.613134264549639170e+02,1.527717169762740923e+02,1.034284121398766047e+03,4.240216975126722332e+02,5.060867080228754844e+02,9.424340448600784157e+02,5.494345359096738690e+01,1.711376491134350317e+02,1.429617411067021067e+03,2.280222436114581512e+02,5.360377915762413750e+02,5.515228343208858632e+02,8.457739643484114822e+01,2.847025757342909174e+02,1.482418620094300650e+03,-1.589337968619246624e+02,3.725214872479631936e+02,3.956181502002490902e+02,-7.575629079679248434e+01,3.304314768189576057e+02,1.720768160056172746e+03,-1.672148136378252445e+02
-1.126095608726854778e+02,1.416024226347386957e+03,1.021924026319722429e+03,1.437045033611828728e+02,1.460098695829351982e+03,8.956381845423295545e+02,-6.412777065450563896e+01,1.249538492565586921e+03,7.400805622606015959e+02,2.677725013278577535e+02,1.686161959695778251e+03,9.687638700501528319e+02,2.455791659527728044e+00,1.188756568910169563e+03,4.666654068387478560e+02,3.170794157508572653e+02,1.896025527067007260e+03,9.649441389645794516e+02,2.517451515752915725e+01,1.398584065728046198e+03,4.488707982768917759e+02,4.455217972088788656e+02,1.030762705218615565e+03,4.749058754715399004e+02,1.586039825599287951e+02,1.031558785553143252e+03,4.363912470361922828e+02,5.096473436554761065e+02,9.688554984380787118e+02,6.149334899581653247e+01,1.770003021372590410e+02,1.423101174969673821e+03,2.242552170521933874e+02,5.517701776431507596e+02,5.778853533733901031e+02,8.536797416917491432e+01,2.846034394836407841e+02,1.482278790204119787e+03,-1.597421024295587131e+02,3.852484913774117672e+02,4.243910510172754016e+02,-7.857617991332686813e+01,3.315209222301858745e+02,1.721584906725643805e+03,-1.717520652238135881e+02
-1.100407283246351682e+02,1.452086040895067754e+03,1.013554202194604500e+03,1.348923497406872514e+02,1.486879664994597306e+03,8.768888500504331205e+02,-6.202663934646430022e+01,1.260169317845382466e+03,7.453232983029175784e+02,2.323785424631157071e+02,1.733256062034186016e+03,8.891381415275543532e+02,5.292303812968164323e+00,1.185030190603001984e+03,4.780340545448181615e+02,2.344106501518551795e+02,1.952760457711203571e+03,8.180523968192628672e+02,2.630705921964316119e+01,1.398494723954713209e+03,4.539158759988023917e+02,4.515716920561066559e+02,1.036565706375138916e+03,4.910221167205714892e+02,1.650789150707096269e+02,1.031732124062921912e+03,4.500954539976056594e+02,5.143166232400399167e+02,9.903053695973393360e+02,7.349040874039663152e+01,1.842930483388527421e+02,1.417023016425155902e+03,2.216890405062175660e+02,5.607234700314631937e+02,5.986833798460148728e+02,9.203956481926587685e+01,2.855808492105089158e+02,1.479565722967234478e+03,-1.611044087723489042e+02,3.951069918559949201e+02,4.507573868989092603e+02,-7.925685113995771758e+01,3.340112579399487345e+02,1.721163017024397732e+03,-1.750757881969157097e+02
-1.061283155440682009e+02,1.486405284642265769e+03,1.007008339331605953e+03,1.285518757217943744e+02,1.512165080579638015e+03,8.571105327182330029e+02,-6.171378997391630605e+01,1.269267248847603696e+03,7.523871045524277861e+02,2.038381271699568345e+02,1.764156368272577993e+03,7.979061990062682526e+02,6.616786823183538502e+00,1.179631702515569032e+03,4.917423476758276593e+02,1.591084233643427694e+02,1.967006025882287531e+03,6.717258970485634109e+02,2.737381051885127548e+01,1.397012489160231553e+03,4.599598910230569118e+02,4.580843916242066030e+02,1.046723078465660137e+03,5.088968976625349114e+02,1.725148922335933435e+02,1.035113920607209820e+03,4.649235487080585472e+02,5.207275965385921381e+02,1.006216248478784678e+03,8.982131419818867357e+01,1.918721889031987473e+02,1.411408718859042210e+03,2.206957164151396285e+02,5.632457642459472709e+02,6.133306630987076460e+02,1.040943914199109628e+02,2.874417849563017739e+02,1.474756245335214089e+03,-1.625974913572972014e+02,4.033053550322741785e+02,4.739969673700520616e+02,-7.788350862442089806e+01,3.371155022173621774e+02,1.719554080338556787e+03,-1.766122530497641492e+02
-1.009001824749664138e+02,1.518431925900794340e+03,1.002118098703323881e+03,1.235435875549835032e+02,1.536939897384061624e+03,8.358755751530816269e+02,-6.275620326796688886e+01,1.276951945839077325e+03,7.619806899288762452e+02,1.805630277376529591e+02,1.777314955682566961e+03,7.020830120441033841e+02,6.538797673201211857e+00,1.172516270165275273e+03,5.091154206942572387e+02,9.851190346209040172e+01,1.945380974669424177e+03,5.374731983395195130e+02,2.697966933223305475e+01,1.393304470346715561e+03,4.670581650956843873e+02,4.650302840251136445e+02,1.061450887709072276e+03,5.276167753178353905e+02,1.809613357591662179e+02,1.041373458788378457e+03,4.805406322130091326e+02,5.294109904630898882e+02,1.016355121336035950e+03,1.094021150817187191e+02,1.986537658078833033e+02,1.406300674728211561e+03,2.213778851765759441e+02,5.604394539888342024e+02,6.218016568253276546e+02,1.205196909913078258e+02,2.896485430685685287e+02,1.469331275336776343e+03,-1.637303164246008862e+02,4.111866305086185207e+02,4.933900758557927588e+02,-7.468403301519967386e+01,3.398381120175258729e+02,1.717514680851437561e+03,-1.763176384983283924e+02
-9.456469113561935558e+01,1.547540177599471690e+03,9.984587919678707522e+02,1.182522875524242636e+02,1.560862761905401385e+03,8.128678795562187815e+02,-6.449952358119600149e+01,1.283968267684675538e+03,7.743760768454744721e+02,1.609420643020166892e+02,1.772301971517240190e+03,6.095175918203594847e+02,5.236391904150728749e+00,1.163670256746437872e+03,5.312522489625034723e+02,5.515343370834163039e+01,1.895906992529639865e+03,4.221262613723278605e+02,2.434737986850526070e+01,1.386147847689530181e+03,4.754524284854909979e+02,4.722230885269386249e+02,1.079969150641160923e+03,5.462108133114371640e+02,1.901332607410953131e+02,1.049757008700810729e+03,4.964794831626155656e+02,5.406889799774628500e+02,1.020826865024761446e+03,1.314120506233572598e+02,2.039074994040348940e+02,1.401804474923702628e+03,2.236403909923920708e+02,5.540370296611567937e+02,6.244721806519672782e+02,1.401532488676417074e+02,2.915835537331124669e+02,1.465035172009995222e+03,-1.640871588260627902e+02,4.199173025982067315e+02,5.082744869344252834e+02,-6.973794020785490488e+01,3.413786686396871346e+02,1.716136838185281022e+03,-1.746013777434812937e+02
-8.759790916175084874e+01,1.573261174139783179e+03,9.955040841344083447e+02,1.112952122624108284e+02,1.582829548912568043e+03,7.883362362864066881e+02,-6.626226776291242970e+01,1.291296006330859882e+03,7.891389387992048796e+02,1.442448707845751414e+02,1.750713616251717667e+03,5.272880175115756174e+02,3.014915176360956295e+00,1.153155005219198756e+03,5.585116990997602215e+02,2.810788386925130666e+01,1.826312119580717081e+03,3.284168090271796245e+02,1.933660982288531116e+01,1.374349933093508980e+03,4.853620837701097912e+02,4.792824161277262647e+02,1.100769110815153681e+03,5.637687078272322196e+02,1.994485373122441558e+02,1.059432808927333326e+03,5.121823451476043374e+02,5.545115144132589649e+02,1.020167071338373603e+03,1.552817606901465126e+02,2.073963983760828285e+02,1.398076389636476279e+03,2.272649661299896309e+02,5.462180215423782101e+02,6.220834946680952271e+02,1.620054477735848195e+02,2.928434363226265305e+02,1.463058548261536771e+03,-1.634534177606874721e+02,4.303790776096928994e+02,5.182135066312165463e+02,-6.275172695736597461e+01,3.414391913060463821e+02,1.716299212885309316e+03,-1.721129578832446896e+02
-8.071946587408658047e+01,1.595500129656496483e+03,9.927713396900855969e+02,1.021453186434895883e+02,1.601759952775296824e+03,7.632516540058620649e+02,-6.753412242614162153e+01,1.299730089232508590e+03,8.051491359513306634e+02,1.308580260317631883e+02,1.716251701080162775e+03,4.603877155075679752e+02,3.183982498743784251e-01,1.141245683935081388e+03,5.902909842449580538e+02,1.475351884401376878e+01,1.743579123010513968e+03,2.565299942503311286e+02,1.227837629684648491e+01,1.357270096172969261e+03,4.968002434400755192e+02,4.856743307987358662e+02,1.122046911134568518e+03,5.795931811857069533e+02,2.081704328540102438e+02,1.069749880272897371e+03,5.270889383321302830e+02,5.703545182227001078e+02,1.015473330873075724e+03,1.804939550140535687e+02,2.093480234434259444e+02,1.395264557500439651e+03,2.319011162040824843e+02,5.393580390076663207e+02,6.158428207741230835e+02,1.854696306797025329e+02,2.933860537153922223e+02,1.463561937820219555e+03,-1.619036645183729206e+02,4.432275538170139271e+02,5.232221541369794977e+02,-5.299301143546552595e+01,3.402787350300888534e+02,1.718246601553408482e+03,-1.695195124147305421e+02
-7.476549059476617742e+01,1.614641045406317062e+03,9.899228352303177871e+02,9.136253893768842715e+01,1.617184311399028957e+03,7.391201679032521952e+02,-6.812783220752977797e+01,1.309601659448168675e+03,8.209118547680043321e+02,1.218320639744530069e+02,1.674048035156907645e+03,4.111162979630672680e+02,-2.331489269229217509e+00,1.128598064248267974e+03,6.251736029825112837e+02,1.207262823390024131e+01,1.654284666617435960e+03,2.055940161086243165e+02,3.776120461986145482e+00,1.335221766076993390e+03,5.095143464223602336e+02,4.908746298250711106e+02,1.142167732636525443e+03,5.933620740699598173e+02,2.156267107851717242e+02,1.080302972967125470e+03,5.407408607015685220e+02,5.872935204490656815e+02,1.008455489428975739e+03,2.063652657030043258e+02,2.103103753893638554e+02,1.393430378943951155e+03,2.369811241167547848e+02,5.357184092391112245e+02,6.075383750999155836e+02,2.104082077006511895e+02,2.934468957675167076e+02,1.465741769911467145e+03,-1.598146251926646073e+02,4.590085400239735804e+02,5.239382473849628923e+02,-3.939624593407810238e+01,3.384822695408003028e+02,1.721510542919540740e+03,-1.673428962612011901e+02
-7.051390800985355156e+01,1.631484420931916475e+03,9.868255791211605583e+02,8.032869408597859717e+01,1.629388178608034650e+03,7.175765231904870234e+02,-6.822891954085754662e+01,1.320727417786471506e+03,8.350227545471568646e+02,1.180864039249491668e+02,1.629618184994187004e+03,3.792524426546580685e+02,-4.445706881586199088e+00,1.116310752304540983e+03,6.613628117918101452e+02,1.725284189487310726e+01,1.564951185503158285e+03,1.744850161277639700e+02,-5.417426850101204394e+00,1.309538796795974577e+03,5.230701170013586534e+02,4.945998580539720706e+02,1.160041577302942642e+03,6.052271781013104146e+02,2.214296499062904218e+02,1.090850901223405572e+03,5.528576136191893511e+02,6.042613050615535712e+02,1.001292276921772896e+03,2.319767673581208385e+02,2.109602110728692992e+02,1.392483133449287834e+03,2.416617599235506759e+02,5.371221077702438151e+02,5.994908860971054310e+02,2.371166928463651686e+02,2.932971230938909457e+02,1.468337312260368662e+03,-1.577690355630633974e+02,4.782226709376183180e+02,5.216259738030059907e+02,-2.079181681681829730e+01,3.365714862909854332e+02,1.725162469342938948e+03,-1.658639401028274278e+02
-6.852579638362844605e+01,1.647030136501310380e+03,9.835649943826400659e+02,7.064473908517001632e+01,1.639154272770417492e+03,6.999456105993225492e+02,-6.830829634427871611e+01,1.332567318575763466e+03,8.465735228838875628e+02,1.197669446792057073e+02,1.587829673574294020e+03,3.627693315063804675e+02,-5.677382216048015628e+00,1.105755232778433083e+03,6.972015676876508223e+02,2.782685806330404077e+01,1.481805516537175890e+03,1.618952681496961361e+02,-1.446987076477673639e+01,1.282223482256121770e+03,5.370110372919422161e+02,4.969651135859224382e+02,1.175315546024003652e+03,6.157644569290575873e+02,2.255952821562148642e+02,1.101214545771290432e+03,5.633552020201638015e+02,6.203734820590140089e+02,9.962572665224116690e+02,2.563156060267556313e+02,2.119164798670078653e+02,1.392164643262842901e+03,2.449125265543561341e+02,5.446844766407884890e+02,5.942168690294487305e+02,2.661575203204660056e+02,2.930217900448069486e+02,1.470259604010331032e+03,-1.563643020675357889e+02,5.012827965660854943e+02,5.179553252699618042e+02,3.799993868313667811e+00,3.346895249547570756e+02,1.728212845617413222e+03,-1.650932738653461911e+02
-6.903825282189583845e+01,1.662190273753786414e+03,9.803857211230488247e+02,6.350101909750376450e+01,1.647351875540545052e+03,6.869110043579444209e+02,-6.891411621347073435e+01,1.344491637910619374e+03,8.553279429290369080e+02,1.260921980216939176e+02,1.552088232174619634e+03,3.587044815801913842e+02,-5.885813283352468339e+00,1.098165892943277413e+03,7.315718482706765826e+02,4.169706805676729999e+01,1.409817620191545529e+03,1.659902311501263341e+02,-2.259061870156121543e+01,1.255298066564379042e+03,5.509946542696756069e+02,4.984433442838334258e+02,1.188317881608555126e+03,6.257514659369907122e+02,2.284933594457827724e+02,1.111242702861565704e+03,5.723175175209941017e+02,6.351587620224688635e+02,9.951806748808675138e+02,2.785582404623974071e+02,2.135960862889838268e+02,1.392110168924284380e+03,2.457905853450713494e+02,5.586578117020742411e+02,5.938211650862073157e+02,2.980689014435486683e+02,2.924729790007682482e+02,1.471000223002054554e+03,-1.560047508249467398e+02,5.283724350256363778e+02,5.145868955938716454e+02,3.485292531395591453e+01,3.325589808455912362e+02,1.729948235789123146e+03,-1.648235834170595240e+02
-7.191305428487936524e+01,1.677553077058827739e+03,9.775501528234548232e+02,5.929089190696127076e+01,1.654644035754360857e+03,6.783503978495324418e+02,-7.042133685110442798e+01,1.356034796745907443e+03,8.616384114852154426e+02,1.356901531827682845e+02,1.523798195756969335e+03,3.638652495641426299e+02,-5.137968739563236298e+00,1.094149497018185457e+03,7.640589884988587528e+02,5.724093966803310707e+01,1.351392469009375873e+03,1.840685857951645517e+02,-2.925500768945192220e+01,1.230135702481680255e+03,5.648450649630423186e+02,4.996240202200615954e+02,1.199767394321233951e+03,6.358527175441107602e+02,2.306474927649951496e+02,1.120844373212186156e+03,5.799578279782095933e+02,6.485973696157742552e+02,9.989049406356078862e+02,2.983504444954081123e+02,2.161378285204472718e+02,1.391977516245584866e+03,2.438132533367493409e+02,5.784132893202756804e+02,5.993051232805120208e+02,3.330154169220584208e+02,2.914184212422688915e+02,1.470651931155145803e+03,-1.567779951652048851e+02,5.592615783364624349e+02,5.126833289344277773e+02,7.204656962872081749e+01,3.297420070019961713e+02,1.730105388027743857e+03,-1.647620074100081240e+02
-7.663947672421235779e+01,1.693284306632318021e+03,9.751707305071901146e+02,5.756317503261038837e+01,1.661425548446639368e+03,6.733470872704704107e+02,-7.285119974656596753e+01,1.367040381082568274e+03,8.662127506157625021e+02,1.471457406957306375e+02,1.502146938587130080e+03,3.752389911054819436e+02,-3.664013989432071572e+00,1.093357840545533236e+03,7.948912574552531396e+02,7.348603309306619735e+01,1.305373998015925736e+03,2.125086267135385469e+02,-3.444329486136896179e+01,1.207055727698228566e+03,5.785258451420647816e+02,5.009119530554430071e+02,1.210389176060805539e+03,6.463624042440598032e+02,2.324954387691979605e+02,1.130034136826003987e+03,5.865953488887345202e+02,6.609975665640871512e+02,1.006939775561709325e+03,3.159519697407897638e+02,2.194026126912352481e+02,1.391589539514884564e+03,2.392455620617870409e+02,6.025444351681204580e+02,6.100848405378322923e+02,3.705201820873629686e+02,2.897646138078729336e+02,1.469633372604075475e+03,-1.584636567257708464e+02,5.931675862868895592e+02,5.125352884144098198e+02,1.140980557397646322e+02,3.260233731561792752e+02,1.728893886346509817e+03,-1.646878650156174899e+02
-8.239880937231203006e+01,1.709171782001380507e+03,9.731241140761655970e+02,5.723576811365973072e+01,1.667911767616222733e+03,6.703626876231433016e+02,-7.584821207550996292e+01,1.377656826075332674e+03,8.698904328550722767e+02,1.594024798676778119e+02,1.484323468926805390e+03,3.901172908370690493e+02,-1.799692553655868998e+00,1.094499082956294615e+03,8.247452851390363548e+02,9.020106735034906364e+01,1.266975282585960940e+03,2.470366244826179809e+02,-3.872141524227234299e+01,1.185337322554779576e+03,5.920792447898680848e+02,5.023604360685546339e+02,1.220660182140714596e+03,6.571326449274248489e+02,2.342501077124423432e+02,1.138946737026222763e+03,5.926371470880599190e+02,6.728273329411251780e+02,1.017493869165282604e+03,3.321875641958060896e+02,2.230362500423300105e+02,1.391006124041650537e+03,2.331324124933870792e+02,6.290553168575351037e+02,6.239853498591429570e+02,4.094310605636563309e+02,2.876871739529075853e+02,1.468379477598390167e+03,-1.606358601167830216e+02,6.287547048022223635e+02,5.134873447788935437e+02,1.588296467906803571e+02,3.216421043358429870e+02,1.726909357178301661e+03,-1.645423149384175190e+02
