1.687560992983285644e+02,6.040518151911952316e+01,1.821890454019347999e+03,9.578638753686270491e+01,-1.350673061046512373e+02,1.508074376525908292e+03,1.800670363658747135e+02,2.514136005800516784e+02,1.505359078503883666e+03,2.777869518824566057e+02,-1.982755160945018247e+02,1.233377958904000479e+03,3.387142658889673044e+02,3.296258051915383476e+02,1.235432826152691860e+03,4.778169528037011560e+02,-7.811401732016219057e+01,1.378343544709725165e+03,5.141438062191847393e+02,2.033132802737760585e+02,1.365452203420056094e+03,5.704179615256719416e+01,-1.618673813836133846e+01,1.030195978084716899e+03,1.651025096873588325e+02,2.528054776980557961e+02,1.105903336387318404e+03,2.225315996734186967e+02,-6.132930723610380142e+01,5.141767419023667571e+02,5.128379721096189314e+02,1.214259616344116921e+02,1.100112374329781233e+03,3.830977658841415945e+00,3.363564266927822288e+00,3.326243942603798409e+00,3.040848420551381537e+02,9.968107062879862212e+01,6.667837662083123860e+02,2.688281210584149790e+02,3.855658300589205822e+01,8.582569292279961459e+00,4.850987965109595166e+02,-2.807013800914899093e+01,5.939374571932311255e+02
1.707446328358520589e+02,6.440870060102520256e+01,1.820012473827384838e+03,9.770938362642098696e+01,-1.329088426662163442e+02,1.507421774302910990e+03,1.805163672050537684e+02,2.544837588385963727e+02,1.505802603241136694e+03,2.771836337650501036e+02,-2.005350595067690165e+02,1.229682101879932588e+03,3.402970159160651633e+02,3.305022983174662272e+02,1.234451075599505884e+03,4.822648086315597880e+02,-8.442346099752984401e+01,1.369895580830626386e+03,5.170801578056491508e+02,1.980683740346680395e+02,1.364517018468814285e+03,5.585149932035593423e+01,-1.447907576489476433e+01,1.030760240164193647e+03,1.653565121522015602e+02,2.545735000598237150e+02,1.104177124364747669e+03,2.245354893045145559e+02,-6.080581255209109770e+01,5.134758229681527837e+02,5.129808957805944374e+02,1.188269373776195437e+02,1.096141202218905391e+03,1.568460513823301650e+00,1.660955441850973990e+00,5.016033442494287620e+00,3.018547937299753130e+02,1.060752862561305250e+02,6.651473003148716998e+02,2.685617533927097611e+02,3.648288973334859264e+01,8.857283946475257963e+00,4.798168433713206582e+02,-2.887421203615937060e+01,5.923550125459795481e+02
1.726949515536442163e+02,6.747159112498231082e+01,1.818643810491547129e+03,9.958667249865203530e+01,-1.313781307240127774e+02,1.506826245098890240e+03,1.812167314302493253e+02,2.573293163097136471e+02,1.506113316687120232e+03,2.765933565335736830e+02,-2.025166759504460003e+02,1.226415000997091056e+03,3.421874447501482450e+02,3.321164102518947630e+02,1.233816497360863195e+03,4.864314679373010222e+02,-9.006136628991644955e+01,1.361497607874644700e+03,5.202059704731973397e+02,1.943204240717655864e+02,1.362990527037847187e+03,5.450061019856603650e+01,-1.229578943509693723e+01,1.031412205261451390e+03,1.655253999232342608e+02,2.569038467806868198e+02,1.102909518092462577e+03,2.265023654200338115e+02,-6.045063821502578350e+01,5.133162136147716410e+02,5.130449030276406575e+02,1.167930539494501261e+02,1.092186609990639909e+03,-1.685575722203715432e-01,5.028831235390831406e-02,6.344150885414533647e+00,2.997719912293866855e+02,1.112821605785377557e+02,6.628403195278084468e+02,2.683001317756844060e+02,3.496546059892284575e+01,9.071651585896702841e+00,4.753166923807484068e+02,-2.964210728921445082e+01,5.903944534720594675e+02
1.745368634752362880e+02,6.896078480727567239e+01,1.817998296084600724e+03,1.013103717981652636e+02,-1.308820663399994544e+02,1.506309956094174140e+03,1.823334867174819465e+02,2.597107364047766964e+02,1.506215192935412233e+03,2.759283224070238703e+02,-2.039101532627814493e+02,1.223673153613030763e+03,3.446267733185136990e+02,3.348450636403441081e+02,1.233730746775786884e+03,4.900286578194178446e+02,-9.464909364812761794e+01,1.352961887346911453e+03,5.237182222596921974e+02,1.928955672736662734e+02,1.360516720754443213e+03,5.286547002493454528e+01,-9.528284290746963592e+00,1.032143744604024960e+03,1.655310954135721886e+02,2.599514394771167645e+02,1.102304540880315244e+03,2.283604710680331209e+02,-6.031018497954278956e+01,5.139444075853152754e+02,5.130136454996998054e+02,1.156074385570928342e+02,1.088121722379274161e+03,-1.057224109203400042e+00,-1.370489201908766441e+00,7.054876790030872868e+00,2.981463699397556866e+02,1.144438106456111228e+02,6.593229293899507866e+02,2.680231567199761571e+02,3.438500503848550238e+01,9.206018249315608415e+00,4.722495387490135386e+02,-3.053461166844594032e+01,5.878055708434411599e+02
1.761688461296349999e+02,6.875710417519650264e+01,1.817896203715407637e+03,1.027149734387169104e+02,-1.314340798483584933e+02,1.505844888083783871e+03,1.838930553299489077e+02,2.614255156541245810e+02,1.506119462249055232e+03,2.749911746190937833e+02,-2.043904700649711117e+02,1.221166824185797850e+03,3.477052371429391542e+02,3.385617957457608327e+02,1.234181352622744498e+03,4.927969430944599480e+02,-9.814002870001310441e+01,1.343925746577147493e+03,5.277307684767370120e+02,1.936820395628175504e+02,1.357104907016449715e+03,5.090306025739536011e+01,-6.527577637341828165e+00,1.032828058766737968e+03,1.653260444321446698e+02,2.633532999854245986e+02,1.102212995846829699e+03,2.299935769367472460e+02,-6.026618511864779038e+01,5.151917961666149495e+02,5.129429630547823535e+02,1.151718382453296101e+02,1.083696667774191837e+03,-1.069441734231550090e+00,-2.493373852535704760e+00,7.067744846876633069e+00,2.974018318285298506e+02,1.152831621568644493e+02,6.543190181444963400e+02,2.676939508947704098e+02,3.482049612321953447e+01,9.288290295865804680e+00,4.709855918781058790e+02,-3.189453170083067945e+01,5.845577270728855410e+02
1.775004271605792212e+02,6.731557877910115906e+01,1.817894454671246194e+03,1.036439453673339557e+02,-1.325878487698899448e+02,1.505337284567581264e+03,1.858015340903271237e+02,2.624055384767800092e+02,1.505912372290790699e+03,2.735410003256130267e+02,-2.036699619899661968e+02,1.218419346359847850e+03,3.513199228010237789e+02,3.427985141672788245e+02,1.235027674012103262e+03,4.945816189565716741e+02,-1.006048414338568620e+02,1.333985281995494461e+03,5.321955842612107972e+02,1.959147638834703287e+02,1.353043541628975845e+03,4.866465049221929462e+01,-3.822731822963425508e+00,1.033261001833659748e+03,1.649060470435881598e+02,2.665111778930350397e+02,1.102235853731691577e+03,2.312833927598162234e+02,-6.006624544607502258e+01,5.165951486088711135e+02,5.128936683693323175e+02,1.151417536647940096e+02,1.078601571185161447e+03,-4.135615917226739269e-01,-3.205205458401644947e+00,6.477596208671492661e+00,2.980649465848572390e+02,1.141031721035474646e+02,6.477585709422035052e+02,2.672900269443553043e+02,3.602930745729186413e+01,9.366403502863731134e+00,4.717233577403184768e+02,-3.410593928430994737e+01,5.808361002918347822e+02
1.785047076498529464e+02,6.551480647191861806e+01,1.817558385061001218e+03,1.040336455767842381e+02,-1.335805556711311510e+02,1.504637845812540263e+03,1.879056558416505140e+02,2.627904810594235983e+02,1.505717935132696766e+03,2.713981898511865438e+02,-2.016290070586734089e+02,1.215087513746550030e+03,3.551974519227504743e+02,3.470414528489652639e+02,1.236138325699023426e+03,4.953784781250353149e+02,-1.019946318908984324e+02,1.322881180972198308e+03,5.368794437211819286e+02,1.986842778140737664e+02,1.348681795895015057e+03,4.627150354372017205e+01,-1.727721577137013131e+00,1.033263363638046030e+03,1.643083752951099541e+02,2.689982195070188595e+02,1.101941486590197883e+03,2.321612791912897649e+02,-5.943443273745935329e+01,5.176553340372392995e+02,5.128415400834841194e+02,1.151561044935585016e+02,1.072567267195671093e+03,6.089960276692856223e-01,-3.409064406787498225e+00,5.498080942554440576e+00,3.007073072913984788e+02,1.115510919193140893e+02,6.396567403358469619e+02,2.668314234717790328e+02,3.753792752429926338e+01,9.465368160556307586e+00,4.746664440515208412e+02,-3.742840422809349121e+01,5.769613990054045871e+02
1.792477130469233657e+02,6.432323272258979330e+01,1.816695131438847511e+03,1.039574794810813358e+02,-1.336760187098577148e+02,1.503578579366165741e+03,1.900588561698113494e+02,2.629128354398256420e+02,1.505652900979344849e+03,2.685135725176601795e+02,-1.984602232840304907e+02,1.211159586004838729e+03,3.589873230144484637e+02,3.509767122018732266e+02,1.237462658588717659e+03,4.953079830014731328e+02,-1.021161863781443344e+02,1.310599917058328856e+03,5.414421889748085732e+02,2.013272391825036038e+02,1.344206653248841121e+03,4.385675731261174803e+01,-1.410298489837685243e-01,1.032786122814385408e+03,1.635882693070199707e+02,2.707846608769492605e+02,1.101052736400395816e+03,2.326324516557917264e+02,-5.821532169767107945e+01,5.180691662943928577e+02,5.126372790713761560e+02,1.150027722354292337e+02,1.065434106154420988e+03,1.730754230465566090e+00,-3.062423918068874595e+00,4.380908268877540479e+00,3.058564997571662616e+02,1.082546183443358387e+02,6.300245276597357815e+02,2.663803303284620938e+02,3.881134974489365419e+01,9.559451573214410303e+00,4.801222962376020860e+02,-4.193535709301797709e+01,5.732634955415927607e+02
1.798785028861720718e+02,6.441613969111654114e+01,1.815405744210823286e+03,1.036053577470535458e+02,-1.325412183278769476e+02,1.502018087042913294e+03,1.921632974514322996e+02,2.631919540079269950e+02,1.505782176656440470e+03,2.649584157109329681e+02,-1.946922402382851089e+02,1.206887981877485799e+03,3.623906238938153592e+02,3.546010335286255781e+02,1.238989954324245673e+03,4.945464809625690918e+02,-1.008356200885728526e+02,1.297318649507156351e+03,5.455872606914434755e+02,2.035789694558053213e+02,1.339534390027261679e+03,4.150095943575873036e+01,1.347633864389325753e+00,1.031948381778180874e+03,1.627818252717302983e+02,2.721756610144489059e+02,1.099510336714759887e+03,2.327681480263861715e+02,-5.647488309696613840e+01,5.178211790120208207e+02,5.120609673819790260e+02,1.146610922623219864e+02,1.057152568454461289e+03,2.766579327963575086e+00,-2.218944174474891451e+00,3.346222663404025077e+00,3.138971136890136222e+02,1.045168021161654934e+02,6.188533616318013628e+02,2.660124710172789264e+02,3.944074640365640505e+01,9.579402182663246279e+00,4.884564589049901997e+02,-4.757397791354507888e+01,5.699466081535667854e+02
1.805821232512769825e+02,6.592563870500318046e+01,1.813941342379416255e+03,1.032118992808250937e+02,-1.304276961317424934e+02,1.499873661499856325e+03,1.941778665017876904e+02,2.639872275320337280e+02,1.506081796002461488e+03,2.608522390105582076e+02,-1.910145019401065269e+02,1.202517990631717794e+03,3.652660964718214700e+02,3.582019444859541295e+02,1.240655362247079665e+03,4.932754611846110038e+02,-9.831681052572679391e+01,1.283232641494793597e+03,5.491997506609441189e+02,2.055616457878991525e+02,1.334370884178314782e+03,3.919578943400679805e+01,3.172312430811339734e+00,1.030975069887650989e+03,1.618776916082155992e+02,2.735855754235987547e+02,1.097419917180723814e+03,2.326882156825437562e+02,-5.449242180825164183e+01,5.171299951474655927e+02,5.109530075742071062e+02,1.142622289637700419e+02,1.047736699387381123e+03,3.593057498591412990e+00,-1.050919600232120832e+00,2.543598345945222050e+00,3.249827170385888166e+02,1.002345062501119628e+02,6.061550802024179347e+02,2.657812056320304350e+02,3.928262082082217432e+01,9.452369772360452060e+00,4.999424773625090097e+02,-5.426025042235311702e+01,5.669888807141705911e+02
1.815107596399716670e+02,6.844726048116578454e+01,1.812479063667842865e+03,1.029673846312555128e+02,-1.280350315059637580e+02,1.497132472929501773e+03,1.961015233175391472e+02,2.654707814203124485e+02,1.506426321060247801e+03,2.562868226373503830e+02,-1.879731043731333386e+02,1.198023419242074851e+03,3.676676454333394872e+02,3.622332492049877715e+02,1.242299494992397513e+03,4.916778077925539492e+02,-9.508374996760788633e+01,1.268376052145193853e+03,5.524004583431768651e+02,2.076979867226526721e+02,1.328404529540503063e+03,3.685457587751862008e+01,5.554460038610363526e+00,1.030066219629482475e+03,1.608185119800840539e+02,2.753444756248790668e+02,1.094959274084677190e+03,2.325516210486449324e+02,-5.263586601327268966e+01,5.163214315884321195e+02,5.093440949114639125e+02,1.140245215555166425e+02,1.037222557002377926e+03,4.113938130146197025e+00,1.683890461739057653e-01,2.040561751309370564e+00,3.389865051721011469e+02,9.507057371694151016e+01,5.920146249933756053e+02,2.656945293606808605e+02,3.849878488707125967e+01,9.151419626395712825e+00,5.146067308460551430e+02,-6.191956972732530318e+01,5.641230985924814831e+02
1.827202317402698384e+02,7.129133434513116185e+01,1.810978256468051768e+03,1.029488549918788891e+02,-1.261324308135452128e+02,1.493848070747438669e+03,1.979515911470695357e+02,2.675632081116192467e+02,1.506619357668190105e+03,2.513050818071888273e+02,-1.857154112853680203e+02,1.193049195344553709e+03,3.698039929549759677e+02,3.671145852925133681e+02,1.243740569311813715e+03,4.899579826408582335e+02,-9.185158483689984621e+01,1.252543429532057871e+03,5.555044935421615264e+02,2.105650078748446958e+02,1.321519422890302394e+03,3.436308303827514976e+01,8.457942812870710370e+00,1.029275419084135820e+03,1.595333389115075136e+02,2.776362470265339653e+02,1.092318141782980774e+03,2.325472234845843786e+02,-5.118247344079819072e+01,5.157064609836338605e+02,5.074903763503319283e+02,1.141836761560503959e+02,1.025666772777246706e+03,4.259156635518736245e+00,1.129927459574775694e+00,1.824575724791760667e+00,3.555309072119876532e+02,8.874945808300941508e+01,5.766230275281529885e+02,2.657114962956040358e+02,3.748059838402509314e+01,8.724107754520682434e+00,5.321614808416940150e+02,-7.045771408664792546e+01,5.609333609027094099e+02
1.841441072382425546e+02,7.383715101581832130e+01,1.809208282387804047e+03,1.031009602948390267e+02,-1.251612201763179826e+02,1.490127028375086866e+03,1.997522502844374799e+02,2.699547431937835427e+02,1.506463913669532985e+03,2.459540890587141462e+02,-1.839361542611114260e+02,1.187105793515021787e+03,3.719464142438220620e+02,3.730151211133389211e+02,1.244915202595075698e+03,4.883395178616195267e+02,-8.924305988284039870e+01,1.235355353968162717e+03,5.589201044249376764e+02,2.146777261221500623e+02,1.313898838606266509e+03,3.164555254710677801e+01,1.171817229278642181e+01,1.028469893317701008e+03,1.579796350585675668e+02,2.805343473626834907e+02,1.089684436906264182e+03,2.328639127677090528e+02,-5.018044902309794253e+01,5.155000241846330482e+02,5.057670006820268895e+02,1.149214406065971019e+02,1.013174764504618565e+03,4.020002047505455423e+00,1.589039696426655324e+00,1.812825915231843110e+00,3.741260692295912804e+02,8.128221480772612040e+01,5.602761366108436505e+02,2.657546353952844242e+02,3.668468499453494047e+01,8.281156397907738054e+00,5.520706748926918408e+02,-7.970770263266459210e+01,5.570559772703048793e+02
1.856247065068870938e+02,7.579788689040843508e+01,1.806909943760322221e+03,1.032765458008613280e+02,-1.250412245693436120e+02,1.486098760553406237e+03,2.015343349131350124e+02,2.722101304284712455e+02,1.505836446790142645e+03,2.403704673689074411e+02,-1.820482521018801094e+02,1.179877457085174683e+03,3.743262426173919835e+02,3.797191420970582953e+02,1.245971929940974633e+03,4.870077603540960354e+02,-8.756497242609312082e+01,1.216428596301858306e+03,5.630274978153519214e+02,2.202501166936264667e+02,1.305949309949679446e+03,2.871341305467570848e+01,1.522033395430906566e+01,1.027394016670626797e+03,1.561671097420023671e+02,2.840492773650161666e+02,1.087237503197430215e+03,2.336334257549843585e+02,-4.942550499730975133e+01,5.157781911059303184e+02,5.044638853319633540e+02,1.163176352079819793e+02,9.999147653906444475e+02,3.480298800675166060e+00,1.465473193736973379e+00,1.878490653993147408e+00,3.943916941217408407e+02,7.300261161418875133e+01,5.433349187262039095e+02,2.657327641770384616e+02,3.644562950549589431e+01,7.950413251995618324e+00,5.737289135948964258e+02,-8.939725652680407109e+01,5.524012661043612979e+02
1.869892127194433442e+02,7.726526945031216087e+01,1.803959812624866800e+03,1.033186129328752685e+02,-1.252685615177075533e+02,1.481859529419257797e+03,2.033358845659326448e+02,2.739253654087870586e+02,1.504716591761152813e+03,2.348170099210542219e+02,-1.794685473680706593e+02,1.171427058002363765e+03,3.770607605576686865e+02,3.866578851592316255e+02,1.247222325630698151e+03,4.860050846843374188e+02,-8.674702595251515902e+01,1.195553446972665142e+03,5.680614003542298178e+02,2.270444077181153943e+02,1.298084662200455796e+03,2.566805658097668186e+01,1.900147297181714023e+01,1.025796509478076132e+03,1.541507075844149881e+02,2.881427490226845407e+02,1.085106649580547582e+03,2.348679032643911455e+02,-4.856567464064463024e+01,5.164646129214562507e+02,5.036027043004204415e+02,1.183615915864478296e+02,9.860798947812120332e+02,2.798627142137260382e+00,8.926160403817764433e-01,1.900727490008739862e+00,4.162617621995198078e+02,6.443585741548697854e+01,5.261531378990722487e+02,2.655682138437391586e+02,3.684486809186564926e+01,7.821230302979545357e+00,5.966744638420911997e+02,-9.915255111278631261e+01,5.472683064518208766e+02
1.881293520690756225e+02,7.854259692535016768e+01,1.800417402846711184e+03,1.031424956101393491e+02,-1.252162616540373676e+02,1.477402021044787261e+03,2.051931532896503541e+02,2.748814126516048191e+02,1.503150550160032935e+03,2.296153957989948537e+02,-1.758571567823634041e+02,1.162160091625036785e+03,3.801315877156262673e+02,3.931123661744884998e+02,1.248957510541221609e+03,4.851302177751537670e+02,-8.642402623534076156e+01,1.172782290313513386e+03,5.740193349291632785e+02,2.344120173138518055e+02,1.290498644063123038e+03,2.264901569263919967e+01,2.323025422813425678e+01,1.023547119906881335e+03,1.520037097470673189e+02,2.927278737656546923e+02,1.083299219031251369e+03,2.364329722775806033e+02,-4.727899524696698563e+01,5.173493582750151063e+02,5.028935522790044388e+02,1.210242382709667339e+02,9.718012854177252393e+02,2.135302144522298384e+00,1.756584943533068821e-01,1.824009343217295243e+00,4.400406116735772457e+02,5.611091393390510973e+01,5.089965956531767688e+02,2.652208301842771903e+02,3.769265054522809066e+01,7.906933616026451617e+00,6.207242641881158534e+02,-1.085425779863486895e+02,5.422608209073571288e+02
1.890392398912747751e+02,7.990325728566412522e+01,1.796435113268808209e+03,1.027750996058544928e+02,-1.244458489227158537e+02,1.472571694050225915e+03,2.071230872725980134e+02,2.751381645570936598e+02,1.501173651852840521e+03,2.250000793731526869e+02,-1.711975746963084077e+02,1.152586295928781738e+03,3.834169301273142878e+02,3.984957898660090905e+02,1.251246590583695024e+03,4.839138037098621226e+02,-8.607284418376343638e+01,1.148395098732300994e+03,5.806299274563432391e+02,2.415414807492940952e+02,1.283062472177028212e+03,1.975176371508393558e+01,2.810504054963018206e+01,1.020679808460004551e+03,1.497945743585922287e+02,2.976935205379476770e+02,1.081650936843129784e+03,2.380885215888322080e+02,-4.542735687257042088e+01,5.181455918212024017e+02,5.018641426211189014e+02,1.243379786394291813e+02,9.570607421156236114e+02,1.568479214375223973e+00,-3.376801219524920850e-01,1.691589938017285411e+00,4.662385378565315932e+02,4.842087848053691346e+01,4.919945053417298482e+02,2.647007635960117113e+02,3.862833948980593135e+01,8.140251704999430515e+00,6.459413464709365371e+02,-1.171675358415541979e+02,5.380266604025667903e+02
1.897937755120896952e+02,8.143877459198525059e+01,1.792117138427808641e+03,1.023298950453420701e+02,-1.228643843188466178e+02,1.467097147280910804e+03,2.091101566925021018e+02,2.750299892515002398e+02,1.498749388516079080e+03,2.209845067804795633e+02,-1.657083068702631294e+02,1.143052830868119827e+03,3.867547427139172669e+02,4.025800022291169853e+02,1.253861869142545629e+03,4.817126660970465082e+02,-8.513698183935382247e+01,1.122781491839218461e+03,5.874140581373808345e+02,2.478170787482748381e+02,1.275401156142467016e+03,1.696482727697836523e+01,3.374741329696682612e+01,1.017345760521037505e+03,1.475826890730939738e+02,3.029547746562973316e+02,1.079855328042293650e+03,2.395933631021263750e+02,-4.310387710626772417e+01,5.185736066346512416e+02,5.000825832082240368e+02,1.284170622060492803e+02,9.416659366289885611e+02,1.061581221798983954e+00,-4.143540095085154751e-01,1.623229310587979590e+00,4.952487284885065151e+02,4.157411037594950187e+01,4.751548637438671108e+02,2.640654429501296363e+02,3.928802655682230238e+01,8.400826567691831670e+00,6.724352342480999596e+02,-1.247716661905735691e+02,5.349639094402422188e+02
1.904881307960577885e+02,8.307154722160981919e+01,1.787441075849027811e+03,1.019312662431574239e+02,-1.206807497430834104e+02,1.460702195632474059e+03,2.111106237694052368e+02,2.750551558742633915e+02,1.495769123108057101e+03,2.173265834779108445e+02,-1.596682645329321133e+02,1.133617238534792705e+03,3.900026137668500041e+02,4.055689593650978395e+02,1.256391524643504454e+03,4.778947185685006502e+02,-8.313289775157605277e+01,1.096307558561664109e+03,5.938388419043037629e+02,2.531307486227762809e+02,1.267085346200884942e+03,1.417013169755277957e+01,4.014735199609412319e+01,1.013709416524215044e+03,1.454270628949270758e+02,3.084882407745789692e+02,1.077579290861491017e+03,2.408271449422114188e+02,-4.055751090386578994e+01,5.184439037307400895e+02,4.973402733769017914e+02,1.333978591840080128e+02,9.253192316360932637e+02,5.109745999330199684e-01,-3.578686952834619212e-02,1.741872068451059574e+00,5.270486692992695907e+02,3.562232511597595419e+01,4.584364265838808592e+02,2.634027272973509639e+02,3.945779200179178048e+01,8.563829094957380761e+00,7.001101871463500856e+02,-1.313253057228790510e+02,5.330711819368324313e+02
1.911792842672388701e+02,8.468090829284558652e+01,1.782289672383174093e+03,1.016316898250439635e+02,-1.182323775010157334e+02,1.453244286200358829e+03,2.130741195044492144e+02,2.756925961464078227e+02,1.492106335353406621e+03,2.136149579820811937e+02,-1.532687259547174392e+02,1.124105283793245462e+03,3.930695381950604315e+02,4.080131976888248460e+02,1.258460904892308690e+03,4.720249774775220430e+02,-7.975145316674047535e+01,1.069217784891629208e+03,5.995125601221393481e+02,2.580143411248314465e+02,1.257807790512264546e+03,1.121168503190114762e+01,4.717301278213197691e+01,1.009845064167318355e+03,1.433894550993727819e+02,3.143133068795595477e+02,1.074605749014103367e+03,2.418638379932869498e+02,-3.805231473666859898e+01,5.177088145431071098e+02,4.937024892256702628e+02,1.393444506966638698e+02,9.077551973058383510e+02,-1.558055265330009764e-01,6.158641271207409007e-01,2.092574891881961108e+00,5.611122156067364131e+02,3.052872057656481530e+01,4.418302506691146618e+02,2.628089086491730768e+02,3.914414011895819101e+01,8.553286796297816963e+00,7.285230586408267754e+02,-1.370191831540208511e+02,5.320303533819947006e+02
1.918636176235485777e+02,8.622531565835782885e+01,1.776546835060748890e+03,1.013722679273161589e+02,-1.157974134382040603e+02,1.444792796549951163e+03,2.149682771532254151e+02,2.772187322820062718e+02,1.487676652290039783e+03,2.094255348645227457e+02,-1.465652161550581809e+02,1.114274684819404229e+03,3.959154018991945350e+02,4.106344116927976415e+02,1.259901655104647034e+03,4.639590280206045350e+02,-7.492731847766754072e+01,1.041602542408906629e+03,6.043317994450798096e+02,2.635400856800512770e+02,1.247446266778917561e+03,7.992400183225871757e+00,5.462631670226940628e+01,1.005683911970294730e+03,1.415233119491125251e+02,3.204295127122197187e+02,1.070917020645479397e+03,2.429531730381792727e+02,-3.574697676706165339e+01,5.164661287009841999e+02,4.894321704520463072e+02,1.461909507330209976e+02,8.888841489561261824e+02,-8.986371671802678707e-01,1.273764070844170204e+00,2.606989342870616788e+00,5.965743208441074330e+02,2.624401505842206106e+01,4.254025471544806578e+02,2.623720059571006118e+02,3.854162912318187750e+01,8.379409088820192864e+00,7.569367349081661587e+02,-1.421620818964060788e+02,5.314530432972863991e+02
1.925005069030694358e+02,8.777426545357377563e+01,1.770173761216628918e+03,1.010138102139657548e+02,-1.134772249968516604e+02,1.435595307900040552e+03,2.167905597833117497e+02,2.796070448912432198e+02,1.482459591712415659e+03,2.044663758901105268e+02,-1.395259654497887993e+02,1.103968859425114260e+03,3.985319756149534669e+02,4.141398724328282128e+02,1.260755108992991609e+03,4.538079273516907506e+02,-6.881890653441439554e+01,1.013450157998887676e+03,6.085037404131884387e+02,2.710192022075031559e+02,1.236019410859753407e+03,4.540528394468361206e+00,6.231221882844780424e+01,1.001035278761916743e+03,1.398612839876720670e+02,3.267646996235714028e+02,1.066669980637378558e+03,2.444177905394752202e+02,-3.365117243610299624e+01,5.149176805124598104e+02,4.848677193561655940e+02,1.537604775119240514e+02,8.688797653211254328e+02,-1.557323763497906910e+00,1.733301001311582601e+00,3.137232185649156513e+00,6.325038243903899229e+02,2.276917806608592798e+01,4.092885137987600501e+02,2.621642916939833867e+02,3.792918460644587242e+01,8.138842397288112096e+00,7.845115801047736568e+02,-1.470327909294095434e+02,5.311116380086601794e+02
1.930653368876261311e+02,8.944986526451833697e+01,1.763216996038604748e+03,1.004234842618326979e+02,-1.111764275329135074e+02,1.425954157101092960e+03,2.185620460687247828e+02,2.825578843209199249e+02,1.476480039087220121e+03,1.986501118423240371e+02,-1.321142650860193157e+02,1.093186550229525210e+03,4.009267099944335087e+02,4.190684211565015289e+02,1.261130146938873168e+03,4.418156698391763371e+02,-6.168976422203694199e+01,9.847669053967800892e+02,6.124291623446288213e+02,2.815892885790877926e+02,1.223625925986393213e+03,1.008196503280236245e+00,7.008902603997360359e+01,9.956744038942944144e+02,1.384210161108357511e+02,3.331825195601112455e+02,1.062086830191980198e+03,2.465214743993704758e+02,-3.166155934737565758e+01,5.133011743441757062e+02,4.803364149218480748e+02,1.618440024121678391e+02,8.481731525332270394e+02,-1.927103293572879128e+00,1.944527864438261755e+00,3.536334379049250742e+00,6.680715892562217277e+02,2.018486201063591778e+01,3.936624555519007913e+02,2.622373256575407368e+02,3.755085086464455912e+01,7.968812075494344782e+00,8.104883960413163777e+02,-1.517594070019960384e+02,5.309934423614618026e+02
1.935981197254858444e+02,9.134736506741479900e+01,1.755761065555813730e+03,9.956737383010890596e+01,-1.086623597874864231e+02,1.416089656710813415e+03,2.203096597802244787e+02,2.856438763468109414e+02,1.469780316486187075e+03,1.920814286599868410e+02,-1.243370895580702182e+02,1.082053987040146467e+03,4.031235378847534321e+02,4.256786189366183635e+02,1.261039948084717935e+03,4.282294753153537386e+02,-5.377915737123753814e+01,9.556908436210238733e+02,6.165046508692813632e+02,2.958260928421325957e+02,1.210446103994629311e+03,-2.392294939982784641e+00,7.788023808536149772e+01,9.894592995871469157e+02,1.372302251566066502e+02,3.395486792041937747e+02,1.057334454778484769e+03,2.493772020184717917e+02,-2.963939428633377204e+01,5.118192983430076879e+02,4.761272637861432031e+02,1.702858747772056915e+02,8.273450686672329084e+02,-1.873223856824548506e+00,2.005147448609017058e+00,3.734706674789769920e+00,7.025121945827186209e+02,1.863232500367331212e+01,3.787085952349857507e+02,2.626091647629929184e+02,3.752860906295051535e+01,7.971929183083421577e+00,8.342514196165636804e+02,-1.562656317001001014e+02,5.311472462400096219e+02
1.942146222754254552e+02,9.350668407488021217e+01,1.747869119782732241e+03,9.855397476191974704e+01,-1.056667027065121687e+02,1.406064072012109364e+03,2.220479962009400197e+02,2.885034022264671307e+02,1.462408636603091054e+03,1.849854223962871060e+02,-1.162359549556618390e+02,1.070728896308050707e+03,4.051751926057240212e+02,4.338921612941272770e+02,1.260339812630502138e+03,4.132178951332438146e+02,-4.528721242149091353e+01,9.265096089787853089e+02,6.209365009751750222e+02,3.135289213014992242e+02,1.196794548030428814e+03,-5.473636439781726537e+00,8.565302265622389655e+01,9.824189915330330223e+02,1.363464561973898128e+02,3.458099120130868300e+02,1.052457558478444525e+03,2.529361200934187934e+02,-2.748080493397993607e+01,5.105859570825490437e+02,4.724911375460841896e+02,1.790289420068472737e+02,8.069443977068564209e+02,-1.414564832246580028e+00,2.074603601688336685e+00,3.770518239687701723e+00,7.349652478136688387e+02,1.826113337810395265e+01,3.645915416648681457e+02,2.632438740555240884e+02,3.782968828299770792e+01,8.152912825757701043e+00,8.552747706572591824e+02,-1.602630709143168133e+02,5.314389433350921763e+02
1.950672984027601160e+02,9.594860280162761512e+01,1.739546481587247399e+03,9.759986614975703390e+01,-1.019931747388816632e+02,1.395795198994889688e+03,2.237700989249874510e+02,2.909962533103948772e+02,1.454423151536154592e+03,1.776113411240831397e+02,-1.078500694342042863e+02,1.059289489097168598e+03,4.071642290413020646e+02,4.433172492926849486e+02,1.258801392006155993e+03,3.968352655729849516e+02,-3.651329364799560295e+01,8.975616328021129675e+02,6.256415839389261464e+02,3.337769019169385274e+02,1.183139543213953175e+03,-8.132595206449771297e+00,9.338770740306266305e+01,9.747628225786362464e+02,1.358431712127220408e+02,3.520329164671406375e+02,1.047384270060251310e+03,2.570500582048622391e+02,-2.514837840301835925e+01,5.096008903748521561e+02,4.696254719595422102e+02,1.881078998898124155e+02,7.873062078669908033e+02,-7.229565538954595416e-01,2.274918288635811248e+00,3.763809840367154269e+00,7.643824572904371735e+02,1.919638000286546031e+01,3.514139485213025296e+02,2.640397440682901333e+02,3.828616095383013374e+01,8.409170379158910080e+00,8.730464845247416861e+02,-1.632423574731766678e+02,5.313964606533511414e+02
1.962728925375740516e+02,9.872389242173844082e+01,1.730741199033595649e+03,9.693123707147069013e+01,-9.760344042636663175e+01,1.385140510435718397e+03,2.254514821135830971e+02,2.932552114139674586e+02,1.445896855678056909e+03,1.701355638912228585e+02,-9.920664275541757604e+01,1.047672338654460191e+03,4.091735132358705300e+02,4.533639805574565003e+02,1.256266592405772826e+03,3.790046677425314101e+02,-2.803586492215843862e+01,8.691062031890597837e+02,6.302678508191443143e+02,3.552422656696175522e+02,1.170022906203530283e+03,-1.035728151465069402e+01,1.010598872286887229e+02,9.668022272041963561e+02,1.357596252550317502e+02,3.583780965299808372e+02,1.041980819213512177e+03,2.615619957960332727e+02,-2.266470317858786387e+01,5.087576346195402266e+02,4.676296169581103754e+02,1.976107141867132384e+02,7.684692435693583548e+02,-3.706611563929460701e-02,2.639315336099407716e+00,3.854790288198966852e+00,7.896238122974040152e+02,2.157044885549548496e+01,3.391684335676952742e+02,2.648465651421184361e+02,3.865070767786367867e+01,8.586862115640975901e+00,8.870635958364383669e+02,-1.644626941006831657e+02,5.302678919976530096e+02
1.978440317216056599e+02,1.019095584437946229e+02,1.721383732653785728e+03,9.667177009524040443e+01,-9.265814896887235363e+01,1.374009078087559828e+03,2.270641179132885270e+02,2.956136553593344161e+02,1.436918710291427942e+03,1.625794325120055817e+02,-9.037232830785241333e+01,1.035711466333250200e+03,4.112322985955391346e+02,4.634258585808528323e+02,1.252786630474724916e+03,3.595157573086092384e+02,-2.074716419326528083e+01,8.412853730796766740e+02,6.343272893953474068e+02,3.766378770284028406e+02,1.157902972501472050e+03,-1.219028910246266761e+01,1.086371271869636104e+02,9.588287856928675410e+02,1.360456718488746333e+02,3.650187174733588904e+02,1.036118607754314326e+03,2.663722299593657681e+02,-2.009205995654013321e+01,5.078851865095668927e+02,4.664529097129702109e+02,2.076323071429122820e+02,7.502591557763776109e+02,4.538718383002510737e-01,3.123618056081721495e+00,4.140677490649115278e+00,8.097120564195389534e+02,2.560011816993110045e+01,3.277180456685570107e+02,2.655149393947241379e+02,3.866955221879435101e+01,8.571634400222606587e+00,8.969197258561927129e+02,-1.630133637005520768e+02,5.272816663320096495e+02
1.996610771386613408e+02,1.055380342018204374e+02,1.711458015407556559e+03,9.677871483488087279e+01,-8.749178378488397811e+01,1.362454864985414815e+03,2.285892568497242223e+02,2.984455650959814079e+02,1.427600529385143773e+03,1.547618441924451531e+02,-8.154612170867524412e+01,1.023281256787446523e+03,4.132699390586188315e+02,4.730650422855182455e+02,1.248671864875005440e+03,3.380658827297216931e+02,-1.563853121930930357e+01,8.142169392831531241e+02,6.374013893889077735e+02,3.971266461991659753e+02,1.147013271158990165e+03,-1.367767935084802211e+01,1.160788242709121647e+02,9.510144449921616570e+02,1.365445260870415041e+02,3.720420359028566395e+02,1.029725070505184704e+03,2.714523422446475251e+02,-1.751956762015413815e+01,5.068142810582927495e+02,4.658771708968340022e+02,2.182345165195358447e+02,7.325050959280500820e+02,6.813645059950694804e-01,3.647332771145439079e+00,4.640724335201141137e+00,8.241072346652489387e+02,3.163225332064904549e+01,3.168360839205275283e+02,2.659544148989959353e+02,3.815507609560197011e+01,8.359074280102836596e+00,9.024396141321911955e+02,-1.580188541103599960e+02,5.219664348428585754e+02
2.015008130266282080e+02,1.095188637126575486e+02,1.701073713925688480e+03,9.706530284744602000e+01,-8.250919533844607656e+01,1.350707785114419949e+03,2.300173978480431458e+02,3.019992488942152704e+02,1.418093319478182821e+03,1.463127587934059193e+02,-7.312032828927017647e+01,1.010467706830242378e+03,4.151132671799834952e+02,4.821313384504475152e+02,1.244425510994059778e+03,3.143612040835142238e+02,-1.341197580874860762e+01,7.881205257776957751e+02,6.393453336193565519e+02,4.165424842318739138e+02,1.137319885456254042e+03,-1.483285844264423936e+01,1.233352758966375120e+02,9.433745206804966301e+02,1.370354201244439594e+02,3.793817860195939602e+02,1.022801787663243317e+03,2.768152595446372288e+02,-1.505248651969281504e+01,5.054437252434447032e+02,4.655691853322271072e+02,2.294279712726333003e+02,7.152512493527192419e+02,6.843837698257311253e-01,4.122260833636280708e+00,5.301252561054999646e+00,8.328752260922948381e+02,4.010145107347254623e+01,3.062917972698206199e+02,2.661664734807351351e+02,3.704239818706469123e+01,8.061224055451820192e+00,9.038046713232901084e+02,-1.489392658048143687e+02,5.143366212978750127e+02
2.031126513161409832e+02,1.136379529267524759e+02,1.690486074775816633e+03,9.729843725388738562e+01,-7.802147656070398796e+01,1.339113400632450976e+03,2.313355330494562736e+02,3.063123787628020978e+02,1.408594160529904684e+03,1.367618473917135304e+02,-6.562389937360134695e+01,9.976415239990302553e+02,4.165425542696515322e+02,4.907723547028370490e+02,1.240583765613479727e+03,2.882422996360444927e+02,-1.412716957788020267e+01,7.633276023367102425e+02,6.403938992707120406e+02,4.353490205957481294e+02,1.128594392025698198e+03,-1.562782078528018737e+01,1.303578155806530674e+02,9.357888641012269773e+02,1.373192076560723933e+02,3.868265786143258538e+02,1.015405429733237270e+03,2.824739117591920490e+02,-1.277634452693719780e+01,5.037726861360006865e+02,4.652051510703745976e+02,2.412011376257642041e+02,6.988003787655542283e+02,5.367380600416079561e-01,4.460934869490238874e+00,6.030677492874272794e+00,8.367077755106186032e+02,5.142946935070705905e+01,2.959211463812063698e+02,2.662349632743695906e+02,3.541754249977700653e+01,7.844684752936975869e+00,9.016379354228572538e+02,-1.357754843563569409e+02,5.048121293103235416e+02
2.043118218786489706e+02,1.176619844444563796e+02,1.680020993297256155e+03,9.731444569887025864e+01,-7.408721197099865208e+01,1.327993585483802008e+03,2.325171489451808498e+02,3.112474007573368908e+02,1.399314649695538264e+03,1.256818449773737427e+02,-5.952343989917976330e+01,9.853474201568162698e+02,4.173885940461244672e+02,4.993368268958035969e+02,1.237526247727446162e+03,2.597623663995858578e+02,-1.708801154966758773e+01,7.401316594113283145e+02,6.410944200763690333e+02,4.543669313667154483e+02,1.120561733717368725e+03,-1.600895824849443017e+01,1.371290329987060090e+02,9.280533933118431378e+02,1.373009471284188692e+02,3.941165658272457222e+02,1.007604440079363485e+03,2.884189576275381910e+02,-1.068447967014890487e+01,5.018772022540956073e+02,4.646202170409791279e+02,2.536047595640968950e+02,6.835288595411666392e+02,2.808735909625046934e-01,4.593031062001015741e+00,6.739428803401795065e+00,8.368101340459978701e+02,6.595649919431572528e+01,2.856234890607502734e+02,2.662860210146534428e+02,3.350885889578974286e+01,7.838107445691893105e+00,8.970214906003070610e+02,-1.189839926505365213e+02,4.938944256394200352e+02
2.050496221716201148e+02,1.214794334398183224e+02,1.669923488650038962e+03,9.708465573884090816e+01,-7.045579932525681954e+01,1.317496455350101769e+03,2.335321047275037643e+02,3.166078173671900231e+02,1.390405561563351966e+03,1.128318105431666112e+02,-5.497277900884419921e+01,9.740525319486589524e+02,4.176262402913105234e+02,5.082117287353552797e+02,1.235341867785286922e+03,2.291721450005229315e+02,-2.105010344043442672e+01,7.186063903748379289e+02,6.420741201153859947e+02,4.743963148508463519e+02,1.113064167382535288e+03,-1.592918091343954323e+01,1.436963557936729785e+02,9.199435650736930938e+02,1.370234763691908597e+02,4.010876824819007425e+02,9.994415000599493624e+02,2.946209251998135414e+02,-8.608756599492940254e+00,4.998434171327422177e+02,4.639024570244563961e+02,2.668457653450722660e+02,6.695855064526631395e+02,-8.236767930813518324e-02,4.510181090706648632e+00,7.360243052152856791e+00,8.346747633247691738e+02,8.395423688686270225e+01,2.752850206420125687e+02,2.664448841215262291e+02,3.163575258992425177e+01,8.065586573820882066e+00,8.913978273730166393e+02,-9.909588511945882772e+01,4.817846548199921699e+02
2.054283948466292316e+02,1.251686192787220051e+02,1.660218157232842032e+03,9.669675950707393497e+01,-6.667119366378362599e+01,1.307528374708226011e+03,2.343762731586447217e+02,3.222476632015179234e+02,1.381875656344814161e+03,9.823955655904450168e+01,-5.168013465791309358e+01,9.639167923929702511e+02,4.174114976769743635e+02,5.176568757233397946e+02,1.233817647038863015e+03,1.968361875695216554e+02,-2.467071808837648561e+01,6.985831575203326338e+02,6.437478704260570339e+02,4.959036940839573049e+02,1.106184126766097961e+03,-1.538674836836054638e+01,1.501758671473799041e+02,9.112865941909032017e+02,1.366347867498388950e+02,4.077835648961200263e+02,9.909314005525232005e+02,3.010352233276705647e+02,-6.226073343199930221e+00,4.977022897242704289e+02,4.633635213844031000e+02,2.813004076205749584e+02,6.566954714794671872e+02,-5.524723881357392896e-01,4.315293157809611202e+00,7.841897614680504169e+00,8.317587835475270595e+02,1.056646635968914580e+02,2.646981266891482960e+02,2.668072004768652050e+02,3.011586757044316087e+01,8.444668011750749770e+00,8.863118101460986509e+02,-7.628622051730671672e+01,4.681934818292966156e+02
2.056524352375523677e+02,1.289463663019743933e+02,1.650685898887460098e+03,9.627285542283233610e+01,-6.228608346737003387e+01,1.297821204252492635e+03,2.350998689362673133e+02,3.281102369853534810e+02,1.373566684034888794e+03,8.218813549184689293e+01,-4.900547401791807545e+01,9.547528337809154664e+02,4.170298593574917732e+02,5.277075346603710386e+02,1.232558863457193866e+03,1.631516776838836904e+02,-2.699641390641248506e+01,6.798574586158636066e+02,6.461168902991350933e+02,5.189073878163509335e+02,1.100273566610921989e+03,-1.445496583404151103e+01,1.567148894837157798e+02,9.020344323423909145e+02,1.363123504259709193e+02,4.144654582176156055e+02,9.820983393618574837e+02,3.075867756839466551e+02,-3.175543387209346147e+00,4.954119814827767527e+02,4.633821567700272226e+02,2.973841987290409747e+02,6.442324463703647552e+02,-1.083558688335812148e+00,4.224779486876185430e+00,8.133122946017667942e+00,8.291271955430598837e+02,1.312552953424379325e+02,2.535576874499516862e+02,2.674228787126684779e+02,2.915303776764721277e+01,8.844009011468079606e+00,8.830239217672860832e+02,-5.022745030246511533e+01,4.524891865661556949e+02
2.059350047389640395e+02,1.330593753086980371e+02,1.640996471104238253e+03,9.588003958995786036e+01,-5.704250909504717981e+01,1.288106189166824606e+03,2.358084720885877061e+02,3.342025691884331309e+02,1.365223841740822991e+03,6.511001071183781619e+01,-4.622872174440544057e+01,9.462202921196115994e+02,4.167699722651307184e+02,5.381973536568173131e+02,1.231178171595576032e+03,1.285177379311593029e+02,-2.774597849540388594e+01,6.624918476261857450e+02,6.487638776900560060e+02,5.430918503551857839e+02,1.095861633398285676e+03,-1.327937118284459039e+01,1.634418933126131606e+02,8.923106523145143001e+02,1.361938273494176883e+02,4.215077815220960247e+02,9.730234947635033222e+02,3.141402943892242661e+02,7.684289546840572527e-01,4.928998166914759622e+02,4.641968746203654064e+02,3.153199286304441102e+02,6.315281424124293608e+02,-1.579852769232569676e+00,4.497659619641579454e+00,8.183446975570397797e+00,8.271847001445014484e+02,1.606598833081781663e+02,2.415540996603755559e+02,2.682830596275771882e+02,2.875412612798821499e+01,9.156720028281887025e+00,8.821357131388493826e+02,-2.037022382863367653e+01,4.341066509538073888e+02
2.064023350925589568e+02,1.377212716153351266e+02,1.630932703621489281e+03,9.548325696102538984e+01,-5.089465467553296918e+01,1.278300998901778712e+03,2.366273232519854446e+02,3.405583141778015488e+02,1.356640912573590413e+03,4.742854688710115596e+01,-4.279332639422825224e+01,9.381406422502723217e+02,4.167854862554854662e+02,5.488993248502870301e+02,1.229455852382737021e+03,9.333801772373557526e+01,-2.724278321790901458e+01,6.469797209186607461e+02,6.510442935478362187e+02,5.680593702685388280e+02,1.093467974862180199e+03,-1.202710688153702634e+01,1.704423078347404612e+02,8.823987300221788246e+02,1.363558990343989024e+02,4.292303232744985166e+02,9.638622228652081958e+02,3.204934001837161759e+02,5.581141944394471643e+00,4.901318914447416546e+02,4.657654054401726285e+02,3.349480857561218841e+02,6.182107760541451853e+02,-1.938886487558524996e+00,5.323582658178078297e+00,7.972197435692806700e+00,8.256229430948465051e+02,1.934227602700956083e+02,2.285009051181797588e+02,2.693094791488790065e+02,2.872476857987196652e+01,9.340286911813961979e+00,8.834221378639853128e+02,1.354648874926968460e+01,4.129520509794911050e+02
2.070385768228154006e+02,1.431287516892846838e+02,1.620573916588969951e+03,9.495613913166185682e+01,-4.388105145664818707e+01,1.268610069813263863e+03,2.376451905020089441e+02,3.472231244320763608e+02,1.347803306657077883e+03,2.941128291229844294e+01,-3.836589736954975649e+01,9.307359131017624350e+02,4.170240223014555454e+02,5.597072371373536726e+02,1.227399136464922321e+03,5.800283176593051593e+01,-2.605630153152145922e+01,6.341196630123129125e+02,6.523715842351291485e+02,5.935513777911194211e+02,1.093405035896593972e+03,-1.080430334769518197e+01,1.777654407258403637e+02,8.726620172841388694e+02,1.368443106186797138e+02,4.377470094271005792e+02,9.548115570751787118e+02,3.264252970470197397e+02,1.101289288370332464e+01,4.871591257697774608e+02,4.677760914444747868e+02,3.557308023246202993e+02,6.043481318053993618e+02,-2.107092764453115663e+00,6.739136269106025701e+00,7.546960659799510474e+00,8.236229764508664175e+02,2.287324706549514701e+02,2.144059800901569588e+02,2.703565347087640589e+02,2.875725659677329915e+01,9.404986925507056839e+00,8.859901233739399231e+02,5.116499294714081003e+01,3.895344959899480841e+02
2.076986838121237042e+02,1.494900965693821604e+02,1.610321435486955579e+03,9.413285739002641606e+01,-3.597769691337803266e+01,1.259485724419982262e+03,2.388696977523876228e+02,3.542478802711877961e+02,1.338941627944311222e+03,1.110157315062621031e+01,-3.273277849881441881e+01,9.246381643342051575e+02,4.172657568461618780e+02,5.707383533725577536e+02,1.225196315094777447e+03,2.282606926164219630e+01,-2.459784219278197526e+01,6.246575175489523417e+02,6.524509979405063405e+02,6.194956561697566713e+02,1.095663680612099370e+03,-9.590417517903846445e+00,1.854324369671768977e+02,8.634227593776478216e+02,1.377175802371114912e+02,4.468995253169328521e+02,9.460442620948139165e+02,3.317902058006280299e+02,1.673746556634404925e+01,4.841069544274493524e+02,4.698052909976915998e+02,3.769853570137138377e+02,5.903224326506422130e+02,-2.101974159269124343e+00,8.625373318245749488e+00,7.035543798633544732e+00,8.202202629694418192e+02,2.657238218033796784e+02,1.994415989387071590e+02,2.712367608813253241e+02,2.856989692403449510e+01,9.372146785147590364e+00,8.887036066821430040e+02,9.165450967240303726e+01,3.647422599070238789e+02
2.081856537819076607e+02,1.569829897053612626e+02,1.600738515427061884e+03,9.287108154074580568e+01,-2.706418517062364870e+01,1.251464589299199815e+03,2.402205557955022641e+02,3.616624244302380475e+02,1.330454235539375759e+03,-7.634804636276347090e+00,-2.570661473184744494e+01,9.206537581085926831e+02,4.172452710104176390e+02,5.822785495749504889e+02,1.223120151143058592e+03,-1.202455005091596441e+01,-2.293524586966403334e+01,6.189261889053293544e+02,6.513511526004373309e+02,6.458620304312835287e+02,1.099930975975750016e+03,-8.239915345318372886e+00,1.934225154240551205e+02,8.548504495586900020e+02,1.390573261111288730e+02,4.563098575477966392e+02,9.376466181040809715e+02,3.366009143729735342e+02,2.251980172216380538e+01,4.811166558188203339e+02,4.715253074728520915e+02,3.982203587493460191e+02,5.765534520803435043e+02,-1.983197243468251214e+00,1.078247386751487014e+01,6.609128336338836007e+00,8.146546823740744685e+02,3.039128798149072850e+02,1.838451196083988748e+02,2.717700396778246272e+02,2.802482560759495200e+01,9.240503391643514419e+00,8.906538275700843315e+02,1.342624137771594519e+02,3.394151464325674965e+02
2.083580141250363909e+02,1.656464140527871791e+02,1.592285708920079969e+03,9.110229500399006497e+01,-1.701817942997762856e+01,1.244949966212177742e+03,2.415656289598369710e+02,3.694401370748203703e+02,1.322732626458231607e+03,-2.696557869815182329e+01,-1.719162269360062467e+01,9.194119302019871611e+02,4.167790007696776797e+02,5.945971178107346304e+02,1.221444560425561349e+03,-4.653275578524876011e+01,-2.091911623002197729e+01,6.167239550577436376e+02,6.493924258212128962e+02,6.724582811326788487e+02,1.105717818277686547e+03,-6.561111684267453725e+00,2.016558113030294521e+02,8.469048374335502558e+02,1.409277908693447614e+02,4.655419799548038213e+02,9.295910765510238889e+02,3.410451643415609055e+02,2.828956939625846800e+01,4.782795091526011788e+02,4.728411347663582660e+02,4.193599596800375480e+02,5.632670716073713493e+02,-1.796519252931274346e+00,1.302500779242709150e+01,6.410794100208734747e+00,8.065540214463322854e+02,3.434810321486943394e+02,1.678267503892722630e+02,2.718438698238919073e+02,2.716206428722864175e+01,8.985625917613184299e+00,8.914309350426553920e+02,1.788663265657508248e+02,3.139820385000375040e+02
2.082164311759915449e+02,1.753072123013918144e+02,1.585097313443715166e+03,8.885843035189941475e+01,-5.836285641043232886e+00,1.240039651772761545e+03,2.427816954310119115e+02,3.774983551029100681e+02,1.315981870831122023e+03,-4.692054644162375610e+01,-7.373859648443701786e+00,9.210945428939538715e+02,4.158242649315901076e+02,6.077506006613416503e+02,1.220402472109062501e+03,-8.073959286939060576e+01,-1.847553398526391177e+01,6.175127901567373101e+02,6.469268993831285570e+02,6.988505455215239408e+02,1.112522514626943348e+03,-4.426569137774619023e+00,2.100136651686100606e+02,8.393554597876529897e+02,1.433116827200044554e+02,4.743138991328127645e+02,9.217524908402263009e+02,3.454185321375170474e+02,3.408000945168098639e+01,4.756067128784076203e+02,4.738864434127251570e+02,4.407094046763532447e+02,5.504375571013363242e+02,-1.534651217351814312e+00,1.523360516505102424e+01,6.493706591659889504e+00,7.959126734300267572e+02,3.851819102862608020e+02,1.515477665456606928e+02,2.714627418138688313e+02,2.613448757642419196e+01,8.588819131909989579e+00,8.910837596424958065e+02,2.260968998596786435e+02,2.883727565369705985e+02
2.079234093216799693e+02,1.856386131549124627e+02,1.578926629804235745e+03,8.627093736288283310e+01,6.333124178949297800e+00,1.236488079826462808e+03,2.438094925798973236e+02,3.857599117094291614e+02,1.310133948023585162e+03,-6.728396192036890966e+01,3.164533310091311780e+00,9.253928964490917224e+02,4.144487883160462616e+02,6.215036794036268475e+02,1.220172193537378462e+03,-1.145921446743213465e+02,-1.580096711384634034e+01,6.208026440650130553e+02,6.441362187418185385e+02,7.244946595762824018e+02,1.119953859526998940e+03,-1.843195466501140745e+00,2.184088367662752717e+02,8.318726695179415174e+02,1.460728666126816790e+02,4.826643309277574190e+02,9.139564369331668559e+02,3.500059957916948292e+02,3.989253596038595617e+01,4.730479644036169589e+02,4.748978440321226344e+02,4.627019119306371522e+02,5.378919497546661432e+02,-1.144831064913192531e+00,1.733977586208094834e+01,6.810433867489325444e+00,7.829399732990150369e+02,4.298907567983666240e+02,1.351780248268172215e+02,2.707620239457912703e+02,2.508512721918352284e+01,8.069307923970917784e+00,8.898404946914886295e+02,2.769182979223084544e+02,2.622363529856834816e+02
2.077393263341350860e+02,1.963417242154555709e+02,1.573293210556992562e+03,8.353912779687229317e+01,1.927134454197362956e+01,1.233833238171483799e+03,2.446756031786297001e+02,3.942417717327554101e+02,1.304900444797388900e+03,-8.761332687882752168e+01,1.359286927238575515e+01,9.316984658742163674e+02,4.127504990799365032e+02,6.354205162440886170e+02,1.220869303296397220e+03,-1.478257372386397321e+02,-1.328782461139375926e+01,6.264674556237356455e+02,6.409550551594120407e+02,7.489935687771416042e+02,1.127779125174551154e+03,1.063043363993861234e+00,2.268657285651495101e+02,8.241604120258555213e+02,1.489800412856790501e+02,4.909837598615799834e+02,9.060402018408210552e+02,3.549658292221180886e+02,4.560449471563642732e+01,4.705349566685007972e+02,4.760506531207037710e+02,4.856271485287563792e+02,5.254685404683319803e+02,-5.788075180154228505e-01,1.927566981249709599e+01,7.259595148529271569e+00,7.678932678669714278e+02,4.780708097057637360e+02,1.189825922308929620e+02,2.699701839182579874e+02,2.404295385224141768e+01,7.491461674506423307e+00,8.877824545731392618e+02,3.319625911489450800e+02,2.353199860433616948e+02
2.079012855709642622e+02,2.073318183690997785e+02,1.567746121879882594e+03,8.086939948289017366e+01,3.281474475398738377e+01,1.231629379392100645e+03,2.454697309478508203e+02,4.031004002943085425e+02,1.299931688310716481e+03,-1.073786885896333274e+02,2.322622044674988473e+01,9.393967263783647468e+02,4.107912083584028551e+02,6.490803295774147728e+02,1.222536254252508343e+03,-1.799499035779197413e+02,-1.123548590260170776e+01,6.347939417579697192e+02,6.371477377885038322e+02,7.722958233473890459e+02,1.135911849749286603e+03,4.132477132300850897e+00,2.355488924196435221e+02,8.160810581351859128e+02,1.517828434383758918e+02,4.998796471993883301e+02,8.979084637467673247e+02,3.602615168541388471e+02,5.100807068298971814e+01,4.680133364226899744e+02,4.773458283923575891e+02,5.095397919514978753e+02,5.131234700939550066e+02,1.486439327533108368e-01,2.094590570761105397e+01,7.757064048830833336e+00,7.509739467169803220e+02,5.294936120716329242e+02,1.033607019031856851e+02,2.693259505060247534e+02,2.290310573622644696e+01,6.938223394436051628e+00,8.846577871870541685e+02,3.910877523126801520e+02,2.077808085669333309e+02
2.085046732529205542e+02,2.187982111400264102e+02,1.562087971639934949e+03,7.840302066526132307e+01,4.692925989239560636e+01,1.229658093931326903e+03,2.462890705569100191e+02,4.125896454236824411e+02,1.294989355115630133e+03,-1.261473386310997142e+02,3.192962124890221531e+01,9.480900937238276356e+02,4.085807871384564010e+02,6.623065326675139204e+02,1.225134220647262964e+03,-2.103464441390866853e+02,-9.578577232944768483e+00,6.462468735297081821e+02,6.324712592131215843e+02,7.946999938715540566e+02,1.144371961025778774e+03,7.266111578429910622e+00,2.447094013947583733e+02,8.077177560765917406e+02,1.542970020497304233e+02,5.099323361283997542e+02,8.895690238346498973e+02,3.656691496638769081e+02,5.597039292001379351e+01,4.654463826787970220e+02,4.785953342708548917e+02,5.343844307067525961e+02,5.009494527693624377e+02,9.347024996449657674e-01,2.225556570491543340e+01,8.286515870846834275e+00,7.322960165709299645e+02,5.833652314116524167e+02,8.878712751108950840e+01,2.689856867283404540e+02,2.150519358520708124e+01,6.468057461240680261e+00,8.799153660140655120e+02,4.534392642478930497e+02,1.802549946888528041e+02
2.094485982295728661e+02,2.310954108409054584e+02,1.556432790410705138e+03,7.616747732571026575e+01,6.168878138292740232e+01,1.227996414990677295e+03,2.471816317013873743e+02,4.229524467534348560e+02,1.290036967241939919e+03,-1.437122961121156948e+02,4.023949797531813743e+01,9.576511094167491365e+02,4.061003544208969060e+02,6.752957277829742679e+02,1.228540127123366574e+03,-2.384327573703916983e+02,-7.858994715655659213e+00,6.611104073933934160e+02,6.268144446417021527e+02,8.166771405599089348e+02,1.153233547795030518e+03,1.047105073577993650e+01,2.545744314385916027e+02,7.993416189953568392e+02,1.564535095129406557e+02,5.214594196782667268e+02,8.811364380197023820e+02,3.708679013749713818e+02,6.060604279446712894e+01,4.628040642590740390e+02,4.794954116311933490e+02,5.601926540437639233e+02,4.891380129067501912e+02,1.620720883777335031e+00,2.317685689529652748e+01,8.902937642440443611e+00,7.118914879488646648e+02,6.387210696682943762e+02,7.567478343112769323e+01,2.689699674661723634e+02,1.976053045081280857e+01,6.085175153212586174e+00,8.729053429952285796e+02,5.179110733265750923e+02,1.536603166078166396e+02
2.104730925481289603e+02,2.445372261191314180e+02,1.551077338782958805e+03,7.408351453583723867e+01,7.718479193370136215e+01,1.226905149290447980e+03,2.481231748883394914e+02,4.343149634388483946e+02,1.285207869605970700e+03,-1.600964258611862192e+02,4.908011028119101837e+01,9.681299656320323948e+02,4.033288010981734715e+02,6.885845925556482143e+02,1.232550020242442997e+03,-2.638134830728448037e+02,-5.492966424233463485e+00,6.792210272602884515e+02,6.202414508484567932e+02,8.386450923412947986e+02,1.162558362747380443e+03,1.384140531432292143e+01,2.652405577791540168e+02,7.912957089823379420e+02,1.582938938199508812e+02,5.344022221994438269e+02,8.727958972122618206e+02,3.755907961916608997e+02,6.532725247086622744e+01,4.600611502497599190e+02,4.797363991566095365e+02,5.871634618987837939e+02,4.779329921102946628e+02,2.069338307556115364e+00,2.379959109580693521e+01,9.693523092986827905e+00,6.897203107904574608e+02,6.947828137917545064e+02,6.423997151442024744e+01,2.691809375385293492e+02,1.774715355289074381e+01,5.742564477671619372e+00,8.631106061904954458e+02,5.836314132260023371e+02,1.288704031329233430e+02
2.112673213745981968e+02,2.592232540052855256e+02,1.546276076495508505e+03,7.202870486451472232e+01,9.344039302158176952e+01,1.226608513006947305e+03,2.490402025353900513e+02,4.466455791198719680e+02,1.280683838329189712e+03,-1.754379735665651481e+02,5.923682217964702090e+01,9.796123176298756334e+02,4.002521129118778163e+02,7.028702994830603075e+02,1.236897595699908834e+03,-2.863407862965483446e+02,-2.170255184647400970e+00,6.999300303335082845e+02,6.129489411046963596e+02,8.608383337476609540e+02,1.172323729458121761e+03,1.750171548500964036e+01,2.766267982708864110e+02,7.838511233580570661e+02,1.599240314180181031e+02,5.483814145146901637e+02,8.647300621424257088e+02,3.797722103526846240e+02,7.071153138824750783e+01,4.572085532393652443e+02,4.790898712532725767e+02,6.155578831894811174e+02,4.675921118385889486e+02,2.241972539309370571e+00,2.431962138429076603e+01,1.072235866486530043e+01,6.656844590304496023e+02,7.510446090899349656e+02,5.445634391006427677e+01,2.694800178595199895e+02,1.571199850220045136e+01,5.374618736534428898e+00,8.502814317951797420e+02,6.501372070680943125e+02,1.064641874467043294e+02
2.115919073525369356e+02,2.749992726618169172e+02,1.542055503231140619e+03,6.991869120290101591e+01,1.103977148158810593e+02,1.227097977959859463e+03,2.498576475548277358e+02,4.597945919623585382e+02,1.276561984686473579e+03,-1.898332129265766071e+02,7.093610176919476373e+01,9.921091415460024336e+02,3.968637195737739489e+02,7.187640085657013742e+02,1.241301588879892734e+03,-3.060421253220227982e+02,1.880050076818978289e+00,7.222956535087864722e+02,6.051970846886133586e+02,8.833239115875791185e+02,1.182378190770246647e+03,2.155251675718115578e+01,2.885119413268033099e+02,7.771043871250290067e+02,1.614529787878386173e+02,5.628833190528973773e+02,8.570289886034386200e+02,3.836065062262558172e+02,7.725424131578805031e+01,4.542561281467882850e+02,4.774372551778104707e+02,6.455077112185134638e+02,4.583390398723610701e+02,2.227543111433100353e+00,2.496767046136435297e+01,1.198995419543476793e+01,6.396652794463902865e+02,8.070959093411210006e+02,4.612494818217390247e+01,2.697772105159803004e+02,1.397877739057154223e+01,4.939089180719518524e+00,8.344239079507171937e+02,7.171851065471859101e+02,8.667825954977629976e+01
2.113551215957107274e+02,2.915670955544608205e+02,1.538166842903497354e+03,6.775219271118406539e+01,1.279966600238909962e+02,1.228074806593577478e+03,2.505332334576780227e+02,4.735832053490457270e+02,1.272782728792653870e+03,-2.032342232926361305e+02,8.382183729531212180e+01,1.005506193055985136e+03,3.931722945079332590e+02,7.365792543990654622e+02,1.245541608516349925e+03,-3.229543885696689927e+02,5.946104248183717189e+00,7.453955532007418014e+02,5.972611957973260814e+02,9.061009098076049213e+02,1.192461717754249776e+03,2.604162730391461267e+01,3.006427712491553734e+02,7.709604947571626781e+02,1.629418341208052254e+02,5.774837523941511108e+02,8.496222884559027761e+02,3.874644627929103535e+02,8.516057372884553445e+01,4.512046015588069849e+02,4.747435464008373174e+02,6.769071341176178294e+02,4.502917308583652698e+02,2.202647016604097452e+00,2.592672694325447225e+01,1.342752512070334703e+01,6.115916099201608631e+02,8.623931277362293031e+02,3.901488717242989424e+01,2.700767810399026985e+02,1.281814481738902067e+01,4.445904657740598509e+00,8.156823993827514414e+02,7.844305164420565006e+02,6.953471169713316158e+01
2.106125748314775592e+02,3.086742113024661762e+02,1.534190671317952365e+03,6.559093016817585919e+01,1.462947000796527277e+02,1.229063028635581304e+03,2.510565769448835738e+02,4.878940497440140120e+02,1.269149984848407712e+03,-2.154589874934066529e+02,9.734031836360092882e+01,1.019566948625450209e+03,3.892149170114894332e+02,7.562379771151815930e+02,1.249533721944586659e+03,-3.369764976711347799e+02,9.203346500878158309e+00,7.686139908779223333e+02,5.894045247932675693e+02,9.291822470064864774e+02,1.202295250308717641e+03,3.096202434444120399e+01,3.128688134466888187e+02,7.651997380735946308e+02,1.643805259461363164e+02,5.920133344639805273e+02,8.422781282792467437e+02,3.916975337712066221e+02,9.430959084302628526e+01,4.479953459416959731e+02,4.710111960325435803e+02,7.094744387126221454e+02,4.433912043925658963e+02,2.346352760195673959e+00,2.729029336474641809e+01,1.492643689555080044e+01,5.815173248018897993e+02,9.162048705080688933e+02,3.299537525164426910e+01,2.704539964995097989e+02,1.235547208503082928e+01,3.959590827888908926e+00,7.942028466470736703e+02,8.512704567322742832e+02,5.500407799842042067e+01
2.095024410383363431e+02,3.262802432483144344e+02,1.529725092414958453e+03,6.349383330308624807e+01,1.655385205333764134e+02,1.229627626756413520e+03,2.514237045403067725e+02,5.027324996585163035e+02,1.265423624983963009e+03,-2.262919412475456795e+02,1.112554544493831514e+02,1.033982669433183446e+03,3.850535469536345090e+02,7.773331415036701628e+02,1.253359890491607985e+03,-3.478494156476041326e+02,1.120443289374290963e+01,7.917868452754963755e+02,5.818461034469370361e+02,9.526184002144226497e+02,1.211696363610229810e+03,3.626669515654847942e+01,3.252453386632215597e+02,7.595876405390063155e+02,1.657004876223782333e+02,6.066064182739987700e+02,8.346894612688688539e+02,3.964398656848900373e+02,1.044085586666910643e+02,4.444795642374738236e+02,4.662517021958250325e+02,7.429237445376674032e+02,4.373855194035718910e+02,2.757467898661056349e+00,2.907562391501437205e+01,1.638631856616156313e+01,5.496666353685684498e+02,9.677878549008173650e+02,2.809559312124958197e+01,2.709819195823866949e+02,1.256070651207756228e+01,3.574835292724689140e+00,7.700507863129862471e+02,9.169747135865500240e+02,4.307010892262639601e+01
2.081568993285390832e+02,3.446250852606556236e+02,1.524553076176769082e+03,6.145915567081349451e+01,1.861215573556171421e+02,1.229576552061295615e+03,2.516150704920969758e+02,5.182551751730341039e+02,1.261429075819367426e+03,-2.355905463838408593e+02,1.259299625719721689e+02,1.048465521968068060e+03,3.807390509792370494e+02,7.993294585938455157e+02,1.257219808173527781e+03,-3.552769454043943256e+02,1.223319647629662832e+01,8.151520405814080732e+02,5.747119986907173370e+02,9.765090932123260927e+02,1.220648968122445012e+03,4.189521404302968932e+01,3.380583526272127415e+02,7.539736547691506985e+02,1.668162744389745171e+02,6.216306124617481146e+02,8.266168412118383912e+02,4.015308169659669488e+02,1.152347447783679399e+02,4.404451138211646821e+02,4.604851514022003016e+02,7.771069166898545291e+02,4.319082738039944047e+02,3.414733930847305032e+00,3.126265530874600884e+01,1.775932418926852563e+01,5.164135495779830762e+02,1.016652942072659926e+03,2.446832355682160198e+01,2.716571319610546880e+02,1.330855384418147480e+01,3.375879396924798659e+00,7.432105918346732096e+02,9.809889748169096038e+02,3.366789614788586249e+01
2.066337095352716346e+02,3.641789568915031055e+02,1.518710615506988916e+03,5.942068799420459868e+01,2.084367550744934476e+02,1.229039918437763617e+03,2.515939604899549806e+02,5.347720115375304886e+02,1.257126216725424229e+03,-2.433177452703518497e+02,1.421859563316808988e+02,1.062858286137214691e+03,3.762576260435882318e+02,8.218220608275196355e+02,1.261315452900671289e+03,-3.590853123736629868e+02,1.334467055677500014e+01,8.391319964720488542e+02,5.679918907943248314e+02,1.001056448585901535e+03,1.229271757595089639e+03,4.781372966284132531e+01,3.517598986241115995e+02,7.483361015504076477e+02,1.676742650357713558e+02,6.375402221226805750e+02,8.180105107072332657e+02,4.066099529438063769e+02,1.268168653690697454e+02,4.356946647548830356e+02,4.537450222796517210e+02,8.120322705849740714e+02,4.266342864040434506e+02,4.193912732517534714e+00,3.381849904435496512e+01,1.907254090455031204e+01,4.822012452104259523e+02,1.062706238426696927e+03,2.227179908443888934e+01,2.723735551718655756e+02,1.445579713248958775e+01,3.396971537508921113e+00,7.136485750636761622e+02,1.043170086550984479e+03,2.657832807842414624e+01
2.048958740649828201e+02,3.854990820028879170e+02,1.512443690749626967e+03,5.730071964940509588e+01,2.327101241043613129e+02,1.228392096496259001e+03,2.513185110575652175e+02,5.527164557030807828e+02,1.252609742142334881e+03,-2.494927119651187581e+02,1.608566031191729735e+02,1.077198440591098915e+03,3.714969569600387445e+02,8.447338748023061044e+02,1.265721543741345158e+03,-3.592882507391658464e+02,1.607208502611250722e+01,8.640518537539823001e+02,5.615370978447579091e+02,1.026626479662781094e+03,1.237690838597515040e+03,5.406429304061562391e+01,3.668399744593012883e+02,7.427587582011967697e+02,1.682826915498870619e+02,6.547172022843640207e+02,8.090318418221024785e+02,4.113278533232302152e+02,1.394572540869977217e+02,4.301211680435305880e+02,4.460581485565534763e+02,8.477807739460989751e+02,4.214397774364886686e+02,4.929602072204605889e+00,3.669241754288622559e+01,2.041927800085551681e+01,4.474508989325672133e+02,1.106144866329398155e+03,2.151367424938173656e+01,2.729665408211920976e+02,1.588211300553978766e+01,3.601443669121355384e+00,6.814001873021853726e+02,1.103775854328138621e+03,2.139424076325970603e+01
2.028434356454271210e+02,4.090411169864690919e+02,1.506100149587955684e+03,5.507798729013980221e+01,2.589217740689736615e+02,1.228065301779674428e+03,2.507489914413889096e+02,5.725673817399525660e+02,1.248054593737041614e+03,-2.541310183967330545e+02,1.823381612070666904e+02,1.091667877159379714e+03,3.662567567543408131e+02,8.683503418261308298e+02,1.270310066004836244e+03,-3.560102959936026537e+02,2.193879531443436548e+01,8.899402680247012540e+02,5.551127962513209013e+02,1.053706739302152300e+03,1.245886334228750457e+03,6.080012425668542875e+01,3.836835163225539986e+02,7.373554639220893705e+02,1.687081849753558629e+02,6.733566600739125079e+02,7.999479858276533832e+02,4.155425968932220826e+02,1.535943743375569284e+02,4.237208540122875888e+02,4.373982362439746225e+02,8.844133272718466969e+02,4.164817284987746575e+02,5.492677159856453883e+00,3.979889534024854925e+01,2.191933050147568451e+01,4.125155939995246399e+02,1.147174895724511771e+03,2.192058878046812609e+01,2.733081754585534213e+02,1.747746157377144982e+01,3.891000495944680448e+00,6.466358023269929163e+02,1.163212944009398598e+03,1.760534214252894714e+01
2.003773867076194506e+02,4.349854738043950988e+02,1.500016914680247964e+03,5.281795229379221013e+01,2.868674912840224920e+02,1.228350113643445638e+03,2.498398275449039829e+02,5.947208718391872253e+02,1.243645124590826526e+03,-2.572544009783948127e+02,2.064218229428505538e+02,1.106413958974330626e+03,3.602905317805274308e+02,8.931703682118854886e+02,1.274771368955797470e+03,-3.493469804966019296e+02,3.199550650025745568e+01,9.165277100181081096e+02,5.484732042975809918e+02,1.082686754240229448e+03,1.253596833470357524e+03,6.827121739701495073e+01,4.024630898544280626e+02,7.321806203614186188e+02,1.690422548042029121e+02,6.934343624319891433e+02,7.909536852531779232e+02,4.193824124556526840e+02,1.695921825586059981e+02,4.165287534680894055e+02,4.276513488749796466e+02,9.219389683058093397e+02,4.121486276578393699e+02,5.849311046801632941e+00,4.301934177961186379e+01,2.366040236735854663e+01,3.776944804273909426e+02,1.185758180698703654e+03,2.289901238036881992e+01,2.733996416370372344e+02,1.910581995778080255e+01,4.145530089045371014e+00,6.096677263958445110e+02,1.221707523777880169e+03,1.474070614082909358e+01
1.974588768148088036e+02,4.631410972883852537e+02,1.494439593971914519e+03,5.064076650868589269e+01,3.163187157301323964e+02,1.229272427578106999e+03,2.485211011673857797e+02,6.193480874963986480e+02,1.239524082858248221e+03,-2.589779307713054664e+02,2.324733592469393386e+02,1.121321701535475540e+03,3.533385776177254911e+02,9.196549821987792939e+02,1.278721898214210569e+03,-3.392926972536254198e+02,4.656992957279665291e+01,9.434427290059843472e+02,5.414000087867271986e+02,1.113542450606805687e+03,1.260317384906775260e+03,7.674359841977545216e+01,4.231043240015760034e+02,7.271696141398902000e+02,1.693566531707634226e+02,7.147696117442449122e+02,7.820283436748823078e+02,4.231412453364826547e+02,1.875740616952913911e+02,4.085221915447128254e+02,4.166421262384023407e+02,9.603330758933869902e+02,4.088975641795801721e+02,6.077164543131872598e+00,4.623963233802582096e+01,2.564734422520679047e+01,3.432772421573451993e+02,1.221572621160937388e+03,2.362726311941901969e+01,2.734002233702722151e+02,2.059707980187132392e+01,4.279016490962519015e+00,5.708907598395471723e+02,1.279089329200960265e+03,1.245742057283632320e+01
1.941269916991252273e+02,4.929730433949571875e+02,1.489481815946274992e+03,4.864573138960685128e+01,3.471685155870085282e+02,1.230590174030529852e+03,2.466830114961657898e+02,6.463078780699765957e+02,1.235776208906899456e+03,-2.595965904038761209e+02,2.597994104446187293e+02,1.135877323759621731e+03,3.451221913434367252e+02,9.480174110765427713e+02,1.281840891516645115e+03,-3.258044394630658189e+02,6.529013207269568397e+01,9.704677392466144283e+02,5.336597925339629001e+02,1.145648526695899591e+03,1.265364497213929553e+03,8.638253857536479074e+01,4.453338824841061978e+02,7.221431144984633193e+02,1.696724033834409795e+02,7.371635974284669146e+02,7.729250374937015522e+02,4.270759069129493355e+02,2.073820843494376334e+02,3.995665472636237041e+02,4.042316856138399999e+02,9.995421700223228072e+02,4.070481458323034190e+02,6.335502832890758107e+00,4.941180809416781017e+01,2.779220395850097347e+01,3.095811508777214840e+02,1.254198308516045927e+03,2.326547132403753082e+01,2.735656951147453810e+02,2.179532464320662299e+01,4.284411939278760073e+00,5.306948106982727040e+02,1.334768482270603727e+03,1.051640528451014589e+01
1.904605399600136479e+02,5.237628534733161132e+02,1.485116212114135806e+03,4.684007199404170052e+01,3.794610233800077026e+02,1.231891791939942095e+03,2.441755842730416930e+02,6.751788798143537633e+02,1.232436295123966374e+03,-2.595725938788368126e+02,2.879488992509763534e+02,1.149225606995162252e+03,3.353096436615742846e+02,9.781760994110234151e+02,1.283959090985918010e+03,-3.089543518446112103e+02,8.731136528455000700e+01,9.976558272229476643e+02,5.248954069167232319e+02,1.177925852256280450e+03,1.267957120233209935e+03,9.716964723335242127e+01,4.687859269930335131e+02,7.168818436915656775e+02,1.699584504649181156e+02,7.605537627688091789e+02,7.633103768454516285e+02,4.312248945183231399e+02,2.286641080113431883e+02,3.894517104653801880e+02,3.904373444483616709e+02,1.039436510563565207e+03,4.066282375325959606e+02,6.808427119791519821e+00,5.260453624056547284e+01,2.996364752329320424e+01,2.769660545808695815e+02,1.283363175268211080e+03,2.120943572305526814e+01,2.741259571271245932e+02,2.263803771496375106e+01,4.239698136542726203e+00,4.894189600949388819e+02,1.387850041725325127e+03,8.685660802724582297e+00
1.865047303025010024e+02,5.548613914051875327e+02,1.481188756906213712e+03,4.511822808202089874e+01,4.132899041527614941e+02,1.232730666904519921e+03,2.408278138313225440e+02,7.054278578447642758e+02,1.229496500505143558e+03,-2.593868312097874878e+02,3.167892336522429559e+02,1.160400851602014882e+03,3.235001093562116239e+02,1.009895060687942760e+03,1.285035578301523628e+03,-2.890537380087184829e+02,1.116219492446022628e+02,1.025198520404197097e+03,5.145294669770097471e+02,1.209327128641734816e+03,1.267276119059206849e+03,1.089191412080621433e+02,4.931208275565998065e+02,7.112395838102632979e+02,1.701546560510886934e+02,7.851031554397520722e+02,7.529752908583756152e+02,4.353460690113731175e+02,2.510262656538454564e+02,3.780040665434002563e+02,3.754894805647164162e+02,1.079745635412027241e+03,4.073462310972095679e+02,7.654167455489258920e+00,5.601028686603596185e+01,3.208173132898953384e+01,2.458318707514778509e+02,1.309049549384775446e+03,1.727681843756675306e+01,2.751756375177890845e+02,2.320589291907725027e+01,4.265693392237039028e+00,4.473986605647807551e+02,1.437293198200527513e+03,6.660703661881888671e+00
1.822096176209001896e+02,5.859463305935742028e+02,1.477456497723003395e+03,4.330874727012634651e+01,4.486509606053288621e+02,1.232721821711724260e+03,2.364792945320231183e+02,7.366589656536898474e+02,1.226894128133823870e+03,-2.593163316434635135e+02,3.463768289475261213e+02,1.168595913051281059e+03,3.092636691374253246e+02,1.043024064620357422e+03,1.285001935062750363e+03,-2.666564930623960095e+02,1.373312712894116885e+02,1.053128504785992163e+03,5.017657455083628975e+02,1.239411181891048273e+03,1.262486082105491505e+03,1.214055225034075960e+02,5.181148417030503879e+02,7.052334430398325367e+02,1.701958991121142901e+02,8.111649254861333702e+02,7.419857335851189646e+02,4.389981836229823671e+02,2.741768177967205133e+02,3.652024030778039787e+02,3.597660019340181634e+02,1.120057450518682117e+03,4.087022170167873583e+02,8.992259397094711559e+00,5.990984573665183177e+01,3.421375222120113335e+01,2.166048048229079654e+02,1.331398642542212656e+03,1.172749365879137429e+01,2.766479669458611852e+02,2.370324212471881253e+01,4.454650122826125269e+00,4.050954933893692100e+02,1.482082621976107475e+03,4.055800300600981068e+00
1.774231490571284269e+02,6.171711031893266863e+02,1.473655099503142537e+03,4.126801116007383996e+01,4.853637985503945629e+02,1.231564169015544849e+03,2.310099664248457714e+02,7.688307609919893366e+02,1.224487806092301071e+03,-2.592660067333673055e+02,3.767636771220466017e+02,1.173315299598704769e+03,2.922217208448611245e+02,1.077689377234772337e+03,1.283521935941662605e+03,-2.424423428334072241e+02,1.638891671533145313e+02,1.081092402766855912e+03,4.857046618715564250e+02,1.268647477397369130e+03,1.252719759960398733e+03,1.345450205460298605e+02,5.437069328049979049e+02,6.990558189977740540e+02,1.700172106587961309e+02,8.391225000847995261e+02,7.306795360844113247e+02,4.417139182948852181e+02,2.980191067325468453e+02,3.512182790120332925e+02,3.436213900184357044e+02,1.159920075680125592e+03,4.101754918432180830e+02,1.094108751502525578e+01,6.462783766118599260e+01,3.661925837342023726e+01,1.897158597677837975e+02,1.350525454741999965e+03,5.090887835487077240e+00,2.783898151357535085e+02,2.438694203208528677e+01,4.804421479286695273e+00,3.632370741568042263e+02,1.521431605816565479e+03,4.497461073503268292e-01
1.719480364917592112e+02,6.491165060950313546e+02,1.469591135495836397e+03,3.897696782759092571e+01,5.231132811248412509e+02,1.229004263829705678e+03,2.243558051171737020e+02,8.023244911471186924e+02,1.222051605667425292e+03,-2.587658887916986146e+02,4.078685325803043042e+02,1.174343043029395403e+03,2.721004406541377421e+02,1.114302309840351654e+03,1.279782954053047888e+03,-2.170609441406613485e+02,1.912033211313188303e+02,1.108398598496225077e+03,4.654992025683309862e+02,1.298215637965840870e+03,1.237044729022611136e+03,1.485296910794504015e+02,5.700160043807701413e+02,6.929936510411065456e+02,1.695420465733250523e+02,8.691724105233932960e+02,7.195141568481780041e+02,4.431686904946467962e+02,3.226834419111502825e+02,3.363504038777380174e+02,3.272027533962312873e+02,1.198982376964041805e+03,4.113826850412336285e+02,1.368633250028613979e+01,7.051225856027461703e+01,3.971240234047025552e+01,1.655778955410282833e+02,1.366419190852843258e+03,-2.126549576826803900e+00,2.802904238140264397e+02,2.549985619928420633e+01,5.182743528642878239e+00,3.228781618721387758e+02,1.554996528648642197e+03,-4.560622901045291222e+00
1.656306163556252216e+02,6.825406540098921369e+02,1.465221015049265361e+03,3.660082609199348269e+01,5.615587712745169711e+02,1.224784929305189962e+03,2.165050490776080778e+02,8.378145770511121100e+02,1.219303046486110134e+03,-2.571426183472263460e+02,4.394350236198030757e+02,1.171572316471331760e+03,2.486951906519076658e+02,1.153336400707861458e+03,1.272450846713540614e+03,-1.910236974419124181e+02,2.196263127570360609e+02,1.134337524953899674e+03,4.404564421788086861e+02,1.329342560769166994e+03,1.214456621634896692e+03,1.638240394349012945e+02,5.973464341390400705e+02,6.872918483110038324e+02,1.686730288092433909e+02,9.011501682867706222e+02,7.088560446227422744e+02,4.432628768082999500e+02,3.484949206528465311e+02,3.208962134092250835e+02,3.103592953294083827e+02,1.237045841855835533e+03,4.121192949557257634e+02,1.753540827387071843e+01,7.793669334510269664e+01,4.394865638727029733e+01,1.445678569872356150e+02,1.379016194870532445e+03,-9.707492933554595638e+00,2.823829615104568234e+02,2.725186732065369810e+01,5.325196953309223602e+00,2.853286986411988551e+02,1.582994513732654241e+03,-1.131781608336580369e+01
1.584271209522889308e+02,7.180302927450240986e+02,1.460654031558934548e+03,3.449436692732759013e+01,6.004055947942755438e+02,1.218614134422107554e+03,2.074696828146617520e+02,8.759981304420856532e+02,1.215938373211694852e+03,-2.537469279121489762e+02,4.710089768797834608e+02,1.164816824023299660e+03,2.217527072989714156e+02,1.194937005411738255e+03,1.259850824776284071e+03,-1.646697662143467085e+02,2.498189252405695697e+02,1.158549282285865729e+03,4.100626430517310723e+02,1.362480389158982462e+03,1.183957113007911857e+03,1.809976992034813748e+02,6.261794948164565540e+02,6.820270609242121509e+02,1.672976800750021766e+02,9.344807513554071647e+02,6.988199687217772862e+02,4.420967679622904143e+02,3.758718380303653248e+02,3.050496681082974533e+02,2.926912536399552778e+02,1.273958116658798872e+03,4.122727688747871184e+02,2.291354085759166637e+01,8.729111095623963479e+01,4.968293821750333450e+01,1.270094525429162502e+02,1.388390392998408970e+03,-1.781989246735441412e+01,2.848538054762099705e+02,2.984491172312656460e+01,4.864229009319659625e+00,2.519520702335024396e+02,1.606107621780245381e+03,-2.004685490795099412e+01
1.504020534218051353e+02,7.557164093526446322e+02,1.456044498093891207e+03,3.315932137408631775e+01,6.393750214100761013e+02,1.210172522911745318e+03,1.972217034990794673e+02,9.173151020518242831e+02,1.211623869125611236e+03,-2.480565794912003241e+02,5.018769762449457517e+02,1.153733141479087408e+03,1.908605675149827334e+02,1.238516824847143198e+03,1.240312967222978841e+03,-1.381782157203896304e+02,2.825615547615744845e+02,1.181162428945696092e+03,3.740066748675260442e+02,1.396726690211248979e+03,1.144750162861062563e+03,2.004525490811186330e+02,6.571255490113062478e+02,6.770497858194730725e+02,1.652997422784012258e+02,9.682769380748876529e+02,6.892201302102051841e+02,4.398852862891424138e+02,4.051652817110612546e+02,2.888974424135685695e+02,2.737023897766987375e+02,1.309419774405304452e+03,4.116858060693126049e+02,3.028505996613207429e+01,9.892681676811869806e+01,5.706669053518906054e+01,1.131350786430994191e+02,1.394932035208191792e+03,-2.688164376190063720e+01,2.879427502571930404e+02,3.350292642224539463e+01,3.396706381652382145e+00,2.238871151526715835e+02,1.625185496961333911e+03,-3.075470593106932427e+01
1.416524507764629277e+02,7.951844463116539146e+02,1.451417294613979948e+03,3.317482822771359707e+01,6.781120698867141527e+02,1.199174145840023357e+03,1.855900200524372110e+02,9.617799379324230813e+02,1.205923086082379541e+03,-2.395264387568886946e+02,5.310102189240369626e+02,1.137947798400387001e+03,1.554644428653077455e+02,1.282511127826625852e+03,1.212527800394167343e+03,-1.116044532564055345e+02,3.186220537680030702e+02,1.202589401471080237e+03,3.322988045762783713e+02,1.429783054886144782e+03,1.096521538944287613e+03,2.221622577029764614e+02,6.908158895791478926e+02,6.720161610433555097e+02,1.625557417039257473e+02,1.001544498945164264e+03,6.796313473294734422e+02,4.368868969092312113e+02,4.364857117585167998e+02,2.725178991952722072e+02,2.529809380758591431e+02,1.342869746816708357e+03,4.100921715063475403e+02,4.002245111859969029e+01,1.130516239888161607e+02,6.603881366300704769e+01,1.030062108642610497e+02,1.399411763394201671e+03,-3.725070721156212272e+01,2.917705839780542192e+02,3.846763660362046977e+01,5.991134124939128114e-01,2.017769657853851299e+02,1.640927347334801652e+03,-4.310317150536136666e+01
1.322017157560487703e+02,8.356039434756844457e+02,1.446539389435996100e+03,3.512751970270495860e+01,7.161459829845498462e+02,1.185491320546781708e+03,1.721435868200669006e+02,1.008957310357477240e+03,1.198208366975923809e+03,-2.272005644039009837e+02,5.571546811767602776e+02,1.117415947796112050e+03,1.150825719581783915e+02,1.324405529659936747e+03,1.175771706669559080e+03,-8.495734893354344308e+01,3.587319204203874392e+02,1.223100710020906945e+03,2.854928397637762032e+02,1.458504363159803233e+03,1.039699980787904678e+03,2.455414214476166990e+02,7.277480410657846051e+02,6.664894869969650699e+02,1.589093810676113492e+02,1.033411246415968208e+03,6.695212025273316385e+02,4.333949621231959100e+02,4.695870195626727082e+02,2.561183734965728718e+02,2.303482199986016212e+02,1.373569100412114949e+03,4.072011937614074668e+02,5.227691470139918550e+01,1.296096678547280021e+02,7.642148576995265330e+01,9.640562105043002816e+01,1.402898354358798315e+03,-4.889390271042222480e+01,2.961687472410320652e+02,4.495166585871543674e+01,-3.625488777578032007e+00,1.855958378448627855e+02,1.653766651997904546e+03,-5.633098301597581781e+01
1.219342191280311596e+02,8.759932865972440368e+02,1.440936129958163747e+03,3.956326394359372500e+01,7.529973042932475664e+02,1.169325456580570744e+03,1.561273058695525151e+02,1.058015865360937141e+03,1.187648253270871464e+03,-2.092666970716514356e+02,5.791929523284396737e+02,1.092936227968406911e+03,6.967798350893286852e+01,1.361043283848992587e+03,1.129979613166953868e+03,-5.832811106939306711e+01,4.035841140748656812e+02,1.242430952925615884e+03,2.348801775204290152e+02,1.479830369237550258e+03,9.755951360230466207e+02,2.694999586212906024e+02,7.681347894133367618e+02,6.600663665926113026e+02,1.541408830611294434e+02,1.063287434637118622e+03,6.584105530457169380e+02,4.297853551525488456e+02,5.038636512060699602e+02,2.401228493374927950e+02,2.059445279021909698e+02,1.400854447254576598e+03,4.028924081048736525e+02,6.691265016805874666e+01,1.482051909056995669e+02,8.807373767386067698e+01,9.276629279283160656e+01,1.406556434076603409e+03,-6.121602775943678409e+01,3.005966949586539272e+02,5.307834115696736177e+01,-9.022727546261476661e+00,1.746489989429978493e+02,1.664033072483969363e+03,-6.931826008401718298e+01
1.106221105871634336e+02,9.154893688911273557e+02,1.434051592981871863e+03,4.696314090519205564e+01,7.884190424757216533e+02,1.151355288121296553e+03,1.365362619328537050e+02,1.107761369131286301e+03,1.173332877870694119e+03,-1.828474897699460371e+02,5.967595780045535321e+02,1.066621031566897045e+03,2.004245278832831545e+01,1.389130208201738469e+03,1.075764268552950625e+03,-3.201135175231405583e+01,4.536621482086940205e+02,1.259626138808295536e+03,1.824567622432158203e+02,1.491735855258901665e+03,9.063722868568083868e+02,2.926533100043047284e+02,8.118110526684795332e+02,6.524807727414221290e+02,1.479637137013840800e+02,1.090889797247004026e+03,6.460289350502239358e+02,4.265691484077444215e+02,5.384627825592931458e+02,2.251534871021690947e+02,1.802410462625003333e+02,1.424403017987157455e+03,3.973839244035166871e+02,8.354159053302575444e+01,1.681250734492006131e+02,1.010110474041437669e+02,9.122019608042366201e+01,1.411381583373338799e+03,-7.316664477183333304e+01,3.042089521447960578e+02,6.285291705520501182e+01,-1.495441659758974673e+01,1.677702225533255955e+02,1.672236802766924029e+03,-8.083380913054914174e+01
9.804089377098163993e+01,9.535250170555391378e+02,1.425445464189950371e+03,5.771731273605901436e+01,8.226504524839911028e+02,1.132764023981740820e+03,1.123811665608642016e+02,1.156608867491177534e+03,1.154514260741619182e+03,-1.443193795256296710e+02,6.109194813986734971e+02,1.042029791779861853e+03,-3.199599350879694271e+01,1.405822739524507142e+03,1.014492200174149616e+03,-6.484891293029942716e+00,5.087913579533254165e+02,1.273198937536380527e+03,1.305590852201691803e+02,1.493848634261090183e+03,8.348930346507349896e+02,3.135999451824228004e+02,8.582193302818679967e+02,6.436575229058287277e+02,1.400760883845122748e+02,1.116118077431952543e+03,6.324332143442736651e+02,4.243866622444174936e+02,5.724549162619570097e+02,2.119065960209493937e+02,1.539794293185616709e+02,1.444337456047734577e+03,3.912396904373617872e+02,1.016413379508874471e+02,1.884730343903462995e+02,1.153989913114749726e+02,9.079654513066822119e+01,1.417944694419755024e+03,-8.359866585399032601e+01,3.060793401578201838e+02,7.418385606780931596e+01,-2.049946602375534255e+01,1.636556152310829475e+02,1.679202096898399759e+03,-8.989803742417826982e+01
8.412151801871685564e+01,9.898874103097205079e+02,1.414898996209465622e+03,7.205352081860065994e+01,8.565374509336992332e+02,1.115078191929897685e+03,8.311208139448645227e+01,1.202554676293203102e+03,1.130866847764702925e+03,-9.028729322148764425e+01,6.246402292533574609e+02,1.023701382526506904e+03,-8.367550338717917668e+01,1.409295699817440891e+03,9.484052988709127021e+02,1.788294365041216949e+01,5.675981156850095886e+02,1.281541654494792738e+03,8.128790256545576653e+01,1.487542000178976878e+03,7.644634875641314693e+02,3.311725266688708871e+02,9.064532219408821447e+02,6.337132422206996125e+02,1.302708637588087299e+02,1.138845317925006157e+03,6.180540225820909654e+02,4.239028707749651517e+02,6.049882284587639560e+02,2.009647363143965606e+02,1.280566590087479710e+02,1.461105272038805879e+03,3.851835389422793696e+02,1.206920503214636966e+02,2.083693843673858055e+02,1.313875982233147965e+02,9.069805756308694811e+01,1.426220747560186965e+03,-9.170633906794826373e+01,3.055235286863108968e+02,8.692489148064413484e+01,-2.466921894015704098e+01,1.611948973599925807e+02,1.685876825687462770e+03,-9.609915183405416883e+01
6.907199759552403862e+01,1.024683948132867499e+03,1.402388354201689253e+03,8.989258266947520326e+01,8.914517977300361053e+02,1.099835367784255368e+03,4.906327570787778569e+01,1.243272224707913665e+03,1.102670155853955521e+03,-1.904406393535141007e+01,6.428316721151963975e+02,1.016023537796658843e+03,-1.317165056468425632e+02,1.399201044311735814e+03,8.806294599188225902e+02,4.141818938505254977e+01,6.273776174196708553e+02,1.283510298691026037e+03,3.602050025136126976e+01,1.475522257049497512e+03,6.984940097094204248e+02,3.446070911254262796e+02,9.553261325166265578e+02,6.229217948476853053e+02,1.185745763725926736e+02,1.158740461897651358e+03,6.036402500194283220e+02,4.256172361168579528e+02,6.353937083311406013e+02,1.925937055485861151e+02,1.033879498399755619e+02,1.475217589013140696e+03,3.798118426587511181e+02,1.402698787918285177e+02,2.271407985849223792e+02,1.488482273797484652e+02,9.051171124021297487e+01,1.435567031552870958e+03,-9.732187958629289426e+01,3.024118552184758073e+02,1.008917280935411469e+02,-2.666572736594228843e+01,1.596552387403623925e+02,1.692899488593295018e+03,-9.970316737366594850e+01
5.341720771130384549e+01,1.058255612926138383e+03,1.387995542968129939e+03,1.106535402884230450e+02,9.290521671337481848e+02,1.088180179135314120e+03,1.171821959665349944e+01,1.276427220065335405e+03,1.070868349528524504e+03,6.797904798862204245e+01,6.718153144516386419e+02,1.021710569060174407e+03,-1.729226780632094460e+02,1.376923046144624550e+03,8.148839081481166886e+02,6.583741034311756835e+01,6.848840938428945719e+02,1.279082500624165505e+03,-4.716455775372102366e+00,1.461100400086536638e+03,6.400536113261106266e+02,3.536200180546736078e+02,1.003455983655017462e+03,6.116635241051180856e+02,1.053596767739641535e+02,1.175247975415533574e+03,5.900984109919725142e+02,4.296635630674799131e+02,6.632707237171895258e+02,1.865686539889485118e+02,8.078592323013549503e+01,1.487016600361216433e+03,3.753585858854157209e+02,1.600847104841695625e+02,2.444505097565859728e+02,1.671509002315080181e+02,9.023147058729921355e+01,1.444883978069236719e+03,-1.009341783901304268e+02,2.973554046663045938e+02,1.158488168895907364e+02,-2.609701052629625195e+01,1.586587191972097344e+02,1.700221167330541448e+03,-1.015133601021165788e+02
3.793706898784551385e+01,1.091065646050355554e+03,1.371864327950442885e+03,1.330962128078825231e+02,9.709788526392503627e+02,1.080522362844721556e+03,-2.637649081501188419e+01,1.300194203742379159e+03,1.037012737215643938e+03,1.654379956969962109e+02,7.181694231635933647e+02,1.040482031012377774e+03,-2.047768147206982690e+02,1.345522529884178539e+03,7.548526131284976373e+02,9.465892813426073360e+01,7.380958319978273039e+02,1.269924447712416168e+03,-4.098367705459182275e+01,1.447394527745388586e+03,5.913567047014607851e+02,3.584058534820600244e+02,1.049383121137420858e+03,6.003715586057954852e+02,9.136990029875072139e+01,1.187780341546307682e+03,5.782688712775174054e+02,4.357074260563442181e+02,6.885952482215349164e+02,1.820874403124758203e+02,6.088275927266455767e+01,1.496600379396214521e+03,3.716413819358090223e+02,1.799965371752799115e+02,2.603684131288987942e+02,1.851223960884112785e+02,9.008143046157465506e+01,1.452930919438109186e+03,-1.034405684782755515e+02,2.916831158704476366e+02,1.315198172330339617e+02,-2.308654228272491693e+01,1.580165261491788442e+02,1.707078798437351224e+03,-1.025666775595462781e+02
2.351934990128769343e+01,1.123581025187641444e+03,1.354245125802118991e+03,1.553291432021098899e+02,1.018536338485177907e+03,1.076378115425385658e+03,-6.208959070145488823e+01,1.313821820939380132e+03,1.003101380607499777e+03,2.645256281648042318e+02,7.870438882905640412e+02,1.068645653517683058e+03,-2.258744363341808139e+02,1.309288326285820631e+03,7.034089070234844030e+02,1.328396935511780441e+02,7.882737612456612624e+02,1.259577808084763547e+03,-7.300986721616489206e+01,1.436671516858095856e+03,5.533312354829809010e+02,3.595692864630821646e+02,1.091729615335363633e+03,5.894858129614149220e+02,7.762556809781558798e+01,1.196051538207851763e+03,5.687228782134839093e+02,4.430127618246693828e+02,7.118317909975127122e+02,1.778482420106630855e+02,4.409335083209030159e+01,1.503906277610149800e+03,3.682266017530450313e+02,2.000389122481613811e+02,2.753962323963895642e+02,2.012416174317275193e+02,9.025546895265907210e+01,1.458696755082818527e+03,-1.057560678108642946e+02,2.871915554933733574e+02,1.476779429880745909e+02,-1.825351704003064768e+01,1.575543804512132340e+02,1.712383713427995872e+03,-1.037984395172273793e+02
1.096967726376674257e+01,1.156172234729253205e+03,1.335574692385259368e+03,1.750793224702920270e+02,1.072366243846006682e+03,1.074473075702649112e+03,-9.244689920989057441e+01,1.318021631441456975e+03,9.713119588833329772e+02,3.547599852571930228e+02,8.803292856109097784e+02,1.100022908487828545e+03,-2.361251256236960501e+02,1.272919480675509021e+03,6.620252155539785690e+02,1.853326020084514028e+02,8.411279904152892186e+02,1.252914345668343003e+03,-1.009222722575916720e+02,1.429973528553166489e+03,5.254812256862153390e+02,3.580026056820432814e+02,1.129367402701299852e+03,5.794244050032648374e+02,6.522408225063234966e+01,1.200365298919788984e+03,5.616676052846314633e+02,4.506561451518324475e+02,7.339560245518594002e+02,1.723408623502293153e+02,3.059188669685798345e+01,1.508849956276889770e+03,3.647352637221237615e+02,2.204286899595117575e+02,2.904316556707511836e+02,2.140044014928244280e+02,9.073903133119600284e+01,1.461691424325418438e+03,-1.084444669420934986e+02,2.857213897406953151e+02,1.642987328990415961e+02,-1.257723861593170867e+01,1.570402315578959360e+02,1.715305067008319156e+03,-1.057698884620839550e+02
8.278059248809712667e-01,1.189072046543251417e+03,1.316493948197160535e+03,1.902007222488825846e+02,1.132130055410488467e+03,1.073109628790795796e+03,-1.153856114720885273e+02,1.314994944672223710e+03,9.436330490327712823e+02,4.266293727943408953e+02,9.953823346336101849e+02,1.128026630049474761e+03,-2.367264132877843963e+02,1.240529258073590881e+03,6.306426728779584892e+02,2.547638950462805383e+02,9.060697951987486931e+02,1.254669455532161237e+03,-1.247712085225763872e+02,1.427117366492367182e+03,5.061734414798124817e+02,3.547300342750257300e+02,1.161534886911442527e+03,5.705744860870909179e+02,5.509607808862488554e+01,1.201662255918864275e+03,5.569940543343284389e+02,4.577836248357543809e+02,7.562940863969023439e+02,1.643041047212461194e+02,2.028205990491239774e+01,1.511418210767597429e+03,3.611208430628627184e+02,2.415060307965740662e+02,3.066259199816366845e+02,2.223035387415846742e+02,9.131044924671675744e+01,1.462062637950346470e+03,-1.115170327348374713e+02,2.886753452683975070e+02,1.816701814640194641e+02,-7.186545483339550344e+00,1.562353455929701909e+02,1.715712515753943990e+03,-1.085197028264348091e+02
-6.767191007482889376e+00,1.222424515937947490e+03,1.297754190372498442e+03,1.992457726371009983e+02,1.196303251321944799e+03,1.070695648083673859e+03,-1.302550174071381264e+02,1.308045365414616072e+03,9.214598415839791414e+02,4.741347585966387328e+02,1.125055377565086019e+03,1.148002413290254935e+03,-2.299385423269056901e+02,1.214797664371713381e+03,6.080492167817520794e+02,3.390609359099722155e+02,9.933851910489538568e+02,1.267318657317471661e+03,-1.447477114860218421e+02,1.427064080187325999e+03,4.932628039492127527e+02,3.507537285177560875e+02,1.187863425826571984e+03,5.632916507130343007e+02,4.779649826874170770e+01,1.201256148925794150e+03,5.544241250322999122e+02,4.637968916642012118e+02,7.801775842357437796e+02,1.531858481542536765e+02,1.278095554925505084e+01,1.511699321589493366e+03,3.577457406838349243e+02,2.635742056982093118e+02,3.251174529557738424e+02,2.256760160965434636e+02,9.168978641857123080e+01,1.460522332381480965e+03,-1.144833102350456784e+02,2.966230813233869981e+02,2.003448934736695435e+02,-3.130344845317520885e+00,1.550040662794193622e+02,1.714258139782918988e+03,-1.115941264763841900e+02
-1.212516662601484541e+01,1.256401124964572773e+03,1.280051902934811778e+03,2.018458878673524168e+02,1.262238369021217750e+03,1.066240624212964121e+03,-1.378888022139529426e+02,1.300878418429595968e+03,9.052904703022287549e+02,4.961939511118355313e+02,1.259336740062617991e+03,1.158642725761094880e+03,-2.186827988276998838e+02,1.196591348828015498e+03,5.925563172575093631e+02,4.302233894955954270e+02,1.110278858202314268e+03,1.289112339838562775e+03,-1.613592782672616295e+02,1.428517311090851308e+03,4.847702971167713031e+02,3.469356639203923578e+02,1.208333304659593523e+03,5.578906892458094262e+02,4.339709393345620470e+01,1.200379434911094222e+03,5.536649490827340969e+02,4.684241204672764525e+02,8.065337724459584479e+02,1.393983192435142087e+02,7.464106855795570539e+00,1.509907205070537429e+03,3.551926778519148797e+02,2.866840748280649223e+02,3.467031088020362404e+02,2.243548564841090922e+02,9.171743222158006859e+01,1.458124749729313635e+03,-1.166387049313966315e+02,3.091263503168595435e+02,2.209156739181965463e+02,-1.184445194530620693e+00,1.533940545533394015e+02,1.712096464252303349e+03,-1.142702605416384074e+02
-1.593409457475749313e+01,1.291290554951175181e+03,1.263886908458092421e+03,1.987232741690485511e+02,1.326597578694053027e+03,1.059611911497669098e+03,-1.402310754170192979e+02,1.296791255574850766e+03,8.946664395581141207e+02,4.963114656944156877e+02,1.388117207912833919e+03,1.161666966988483864e+03,-2.060062115131943301e+02,1.185184507551045272e+03,5.826317647796332722e+02,5.151896906356483896e+02,1.257454405810692379e+03,1.313330544488992246e+03,-1.753868755032169986e+02,1.430496453336665581e+03,4.793001476485771946e+02,3.439316852790016128e+02,1.223223274156376874e+03,5.546180049611627965e+02,4.151313739165592409e+01,1.199786425173219186e+03,5.544933200383824214e+02,4.717098513077398252e+02,8.355861428510780797e+02,1.242379647114828884e+02,3.596614659473636788e+00,1.506443600699456510e+03,3.539206367186187094e+02,3.104715101708587781e+02,3.715707105030214166e+02,2.191594299231945229e+02,9.145743908945325984e+01,1.455957806103459234e+03,-1.174595515007997619e+02,3.248605105055636955e+02,2.437293343826112277e+02,-1.733915737939839330e+00,1.516420913996498427e+02,1.710407536811582304e+03,-1.158871421173508764e+02
-1.906136719047228212e+01,1.327454971557693170e+03,1.249516689918289330e+03,1.913538658311804568e+02,1.386095654355237684e+03,1.051434066253006904e+03,-1.396620212062085500e+02,1.297981207188048302e+03,8.884151837113346346e+02,4.807029644173489373e+02,1.503927485824635824e+03,1.159883109210403063e+03,-1.945184214146816259e+02,1.178943900587591543e+03,5.772181836002521322e+02,5.789108609842252235e+02,1.427776218222124953e+03,1.329452894207781128e+03,-1.876304087621880399e+02,1.432643668003725907e+03,4.760593085955992478e+02,3.421713273877417691e+02,1.233112340192326656e+03,5.536130939956093471e+02,4.145530474540267107e+01,1.199641612419597550e+03,5.567529437823525313e+02,4.739788290369422157e+02,8.667967030488975979e+02,1.094972821252968345e+02,5.188410895619999241e-01,1.501970792141334414e+03,3.539919533844609418e+02,3.341495094457359869e+02,3.992089862019110456e+02,2.113043230705183646e+02,9.119278826973291530e+01,1.454829953338740324e+03,-1.169073505543607610e+02,3.420144650123167480e+02,2.687133869788142988e+02,-4.746040083136581877e+00,1.501187261032233380e+02,1.709950758800252288e+03,-1.161181966506494661e+02
-2.227051299063563405e+01,1.365134169919661872e+03,1.237007951869732551e+03,1.814844461589400169e+02,1.438331886049184504e+03,1.042672559249594087e+03,-1.382787348433473369e+02,1.305168685344433925e+03,8.851152008445392312e+02,4.557849971292818054e+02,1.603427104140179836e+03,1.154682332941649520e+03,-1.859605842293134117e+02,1.176144787084118207e+03,5.756838536603454486e+02,6.086937213642803499e+02,1.607651026539081613e+03,1.326060750921722502e+03,-1.986144079693700917e+02,1.435172359907548298e+03,4.745923760073994799e+02,3.418644154655588068e+02,1.238941641077296254e+03,5.548802353681500108e+02,4.245751875396498320e+01,1.199759505779574283e+03,5.603041326392366273e+02,4.757856588184649240e+02,8.990756672124688293e+02,9.693519543794478466e+01,-2.184611962550056852e+00,1.497418826749434402e+03,3.550540441514912118e+02,3.566783685618997310e+02,4.285422284660886589e+02,2.021927329730196732e+02,9.133475639675229729e+01,1.455063404902543880e+03,-1.154778080945176271e+02,3.588436350763280416e+02,2.954251389046326608e+02,-9.825319771623515663e+00,1.492422718505072226e+02,1.710851240809339288e+03,-1.150513164757053062e+02
-2.595575512854954781e+01,1.404212978631245733e+03,1.226328000818878991e+03,1.707457145869000783e+02,1.482419534055927443e+03,1.034092973905604822e+03,-1.373947900437516694e+02,1.317649586307454683e+03,8.835949623669399671e+02,4.261816017125237863e+02,1.687068113137746423e+03,1.144400095126951328e+03,-1.810405038425710700e+02,1.175567093366190193e+03,5.775617211042135750e+02,5.981590008902661566e+02,1.780564458059887784e+03,1.294393202641739208e+03,-2.084520808733824424e+02,1.438547779406917471e+03,4.744901545750672653e+02,3.430179821602866923e+02,1.242079205916806131e+03,5.582902478524912340e+02,4.390408018423735825e+01,1.200048572050701296e+03,5.649820588002150998e+02,4.778145413251534706e+02,9.311735138446739484e+02,8.781528847800531423e+01,-4.598066549551108828e+00,1.493872527880819689e+03,3.565734626069587989e+02,3.770407549850984879e+02,4.582443561095039968e+02,1.932209669940629624e+02,9.227878171561100373e+01,1.456486730168933036e+03,-1.139664864243775781e+02,3.741713122785940868e+02,3.232859940702076074e+02,-1.632597330432333749e+01,1.493710838041884870e+02,1.712706159106651739e+03,-1.130754691348821694e+02
-3.001620297385741409e+01,1.444124694166825975e+03,1.217411790798488710e+03,1.604811549157888635e+02,1.519169906071587775e+03,1.025845324939130251e+03,-1.374151056247399083e+02,1.333762247705069058e+03,8.832620516414967824e+02,3.940154375387546111e+02,1.757314467169338968e+03,1.124541127388810537e+03,-1.795546140038149758e+02,1.176669478466576948e+03,5.823134087089459854e+02,5.491807253073048969e+02,1.931314785277977080e+03,1.231102328767553900e+03,-2.169459214293750620e+02,1.443090358261219080e+03,4.752825061005779617e+02,3.454580795063724850e+02,1.244291335257633818e+03,5.636141547810354950e+02,4.547685380415085632e+01,1.200873205151746561e+03,5.705942335648117023e+02,4.807018071185896702e+02,9.620899435207652459e+02,8.266503671613968152e+01,-6.499068510093744422e+00,1.492350521996042289e+03,3.581363505268603262e+02,3.944978331856930254e+02,4.871025460409991865e+02,1.855976682026400795e+02,9.423910137406041088e+01,1.458624675276758808e+03,-1.130836543160113337e+02,3.876342428292650766e+02,3.518359506703513944e+02,-2.349142078673099121e+01,1.506738226571857808e+02,1.714922065263101103e+03,-1.106896654677061917e+02
-3.393826344484310198e+01,1.483980298380188287e+03,1.210172316223851567e+03,1.517341223780440203e+02,1.550732190429559978e+03,1.017350729029571880e+03,-1.380652328442451733e+02,1.351598307761986689e+03,8.841461237006183183e+02,3.594953152674369221e+02,1.816474529783798744e+03,1.089828632638177623e+03,-1.806930483850662768e+02,1.179361727023370122e+03,5.892890454504213267e+02,4.709890022259680222e+02,2.049302743300471320e+03,1.139117692652341020e+03,-2.238433133755706876e+02,1.448679718022816587e+03,4.765471889490727335e+02,3.488602499596154303e+02,1.247545503979880777e+03,5.705670269114160646e+02,4.717104974019808594e+01,1.203084796394354726e+03,5.769472654617940179e+02,4.848206719788302053e+02,9.913143756282532877e+02,8.130560859540376839e+01,-7.486655377883158380e+00,1.493550226242651433e+03,3.595959888274908849e+02,4.087278087073386246e+02,5.142656265220268779e+02,1.801886874228713395e+02,9.711414125152428767e+01,1.460971046254046769e+03,-1.131327947158826959e+02,3.995764809749171036e+02,3.808272635466789779e+02,-3.059173278337075175e+01,1.530077509182871722e+02,1.717062426713852801e+03,-1.083581230333820287e+02
-3.704934127839876368e+01,1.522850613698629559e+03,1.204460146862657211e+03,1.452393606217163722e+02,1.579789248812812730e+03,1.007509600389628531e+03,-1.388008948021400499e+02,1.369676967632349260e+03,8.866729280821417660e+02,3.221673767309940217e+02,1.865229973944163476e+03,1.037007732020986850e+03,-1.833794216528433481e+02,1.183586040468984265e+03,5.978985062235911982e+02,3.768698311492169069e+02,2.129803717436843272e+03,1.026427318248941447e+03,-2.290897320488228672e+02,1.454666843474866710e+03,4.781006595653472004e+02,3.527954092016616983e+02,1.253651751239802707e+03,5.788286860618119363e+02,4.917959246867346224e+01,1.207680675011733683e+03,5.838675674528848276e+02,4.901327997747466725e+02,1.018782206208388857e+03,8.310056652133536659e+01,-7.178903712090701994e+00,1.497658865653908833e+03,3.609850002331385213e+02,4.198278279743595931e+02,5.392694760635819193e+02,1.774168868782022059e+02,1.004528925773195454e+02,1.463195269002963414e+03,-1.139188101174590315e+02,4.106727131687296151e+02,4.100924261410828535e+02,-3.703559155753498544e+01,1.558735237575083090e+02,1.719004651460321384e+03,-1.064521476178699402e+02
-3.881588327544347550e+01,1.560015376223976773e+03,1.200007364864338570e+03,1.413147406983053713e+02,1.608597730059937476e+03,9.951092461316485469e+02,-1.391787843076788249e+02,1.387312733617821550e+03,8.912945756662404619e+02,2.820284061530218764e+02,1.902398519294305288e+03,9.669356953235385390e+02,-1.865463376044668848e+02,1.188988114895005083e+03,6.078555413377023342e+02,2.799468056402407115e+02,2.173160218554276071e+03,9.035157511233193190e+02,-2.329615508702855209e+02,1.460025743842128122e+03,4.800910931093382601e+02,3.567956254147896971e+02,1.263847823577776353e+03,5.880202540121035781e+02,5.170276447360676286e+01,1.215295680923691862e+03,5.911873242049812234e+02,4.962058204325189195e+02,1.044578826438237002e+03,8.729806678711381096e+01,-5.416986991399145523e+00,1.504315640209587400e+03,3.622996806377298640e+02,4.282351104923686762e+02,5.618665205972835111e+02,1.772482843500378635e+02,1.035684562967028199e+02,1.465201904165223141e+03,-1.149106666546295088e+02,4.215032577549468442e+02,4.392884238169466471e+02,-4.244097858186411543e+01,1.585117651705735682e+02,1.720862834725518496e+03,-1.052370090707539276e+02
-3.904538264060496999e+01,1.595021247419631663e+03,1.196405976146611010e+03,1.396941973667472041e+02,1.638247174699383095e+03,9.792563514585787061e+02,-1.390425569151455534e+02,1.404551851234362857e+03,8.981448757406268442e+02,2.400099181625008669e+02,1.925765413275919400e+03,8.849342504543974428e+02,-1.893255319427027530e+02,1.194874448030930353e+03,6.192995553197088157e+02,1.898226865177061029e+02,2.182772383794861526e+03,7.806680843925321369e+02,-2.360512745976891722e+02,1.463696997557338818e+03,4.828987534693251291e+02,3.604360818469241394e+02,1.278488790286511630e+03,5.976501992726464323e+02,5.477520913753419052e+01,1.225843675290179817e+03,5.987021014348307517e+02,5.024078344158982645e+02,1.068574995402588684e+03,9.331327779401914313e+01,-2.394026581482287419e+00,1.512756768314627152e+03,3.633576323426711951e+02,4.346408691622413585e+02,5.818099030762280108e+02,1.792748396195739531e+02,1.057747519827905336e+02,1.467071726846020965e+03,-1.155437162661486781e+02,4.323088954824632992e+02,4.677099743901830493e+02,-4.665487282368307120e+01,1.601448134015006417e+02,1.722797203470013301e+03,-1.048489717507759735e+02
-3.791999240917379410e+01,1.627544161093327375e+03,1.193157597717606222e+03,1.394602916385634046e+02,1.668429673786369676e+03,9.596908402198912427e+02,-1.385032880789670173e+02,1.421766126880950424e+03,9.068669802628783145e+02,1.978282287458733606e+02,1.933382317848468119e+03,7.993269328214756797e+02,-1.911682170598516848e+02,1.200460132787435896e+03,6.326860878460257709e+02,1.112653510010444506e+02,2.163150170974631692e+03,6.661429583140205750e+02,-2.391447348028643773e+02,1.464987591138627067e+03,4.869001971141648824e+02,3.634154550896836895e+02,1.296978827451038342e+03,6.070842373309147888e+02,5.819409672956075497e+01,1.238524523748630827e+03,6.061444277983543998e+02,5.081822083853963363e+02,1.090232747303470660e+03,1.008358409893608325e+02,1.354529764035915962e+00,1.522092359852091477e+03,3.638618394253117572e+02,4.399270362087632407e+02,5.987604215534070136e+02,1.828756263119423693e+02,1.066487635291310880e+02,1.468971992676125183e+03,-1.154906322763377347e+02,4.430205131798252296e+02,4.943158818776620933e+02,-4.971382977835943251e+01,1.602770463169525783e+02,1.724879467380835877e+03,-1.052532062388703338e+02
-3.588864290476443841e+01,1.657210738388310347e+03,1.189787736674695680e+03,1.392215366746357290e+02,1.697777771816791073e+03,9.369052988388436916e+02,-1.377926158741529150e+02,1.439160601262827868e+03,9.166857145374370930e+02,1.575174313898878609e+02,1.924713108644571776e+03,7.189494636456165608e+02,-1.918943920187349761e+02,1.205225437929371310e+03,6.485032208740329907e+02,4.501780370362661188e+01,2.118948478502086800e+03,5.655540875870256059e+02,-2.430439654010263268e+02,1.463830360215068140e+03,4.922691587056861522e+02,3.656055120834340642e+02,1.317983692855995059e+03,6.156105353362521555e+02,6.158047460120310035e+01,1.252168328493228046e+03,6.132235153716025025e+02,5.132620170356896097e+02,1.108728303290065469e+03,1.097461991885957389e+02,5.103387407595702641e+00,1.531586145815306736e+03,3.636338345210164107e+02,4.450965263945143988e+02,6.123822056524886648e+02,1.874197137546583178e+02,1.061977720487697212e+02,1.471096584629716062e+03,-1.147744171552784422e+02,4.534862882911603492e+02,5.179730826955172915e+02,-5.174019675934661677e+01,1.589129589366939115e+02,1.727097240140203439e+03,-1.062188893693297302e+02
-3.350964986030641057e+01,1.683563058910538530e+03,1.185973934679850117e+03,1.375337516330527876e+02,1.724561618009602171e+03,9.120640306417610645e+02,-1.371007277448267985e+02,1.456473569817372663e+03,9.266900022568634085e+02,1.209781388845001118e+02,1.901259386855518642e+03,6.507725131186540466e+02,-1.916420702332821122e+02,1.209133519161620825e+03,6.669862091163615787e+02,-1.017177748529192272e+01,2.055101351153659834e+03,4.821545277147343427e+02,-2.483704454182776260e+02,1.460737116372303035e+03,4.989764648099585429e+02,3.670455638112971428e+02,1.339833193097457979e+03,6.226351939522904786e+02,6.453841876400313993e+01,1.265676848235750640e+03,6.197397477944921320e+02,5.177325008047993151e+02,1.123343618771424417e+03,1.199321495758000395e+02,8.174342939738112435e+00,1.540793658282314027e+03,3.628375553959637045e+02,4.511479667718802489e+02,6.225518460592190877e+02,1.924685887472192576e+02,1.048618454413135339e+02,1.473631166159587565e+03,-1.137007432067100865e+02,4.637249456651512105e+02,5.377970733584403433e+02,-5.278467341701417581e+01,1.565851919560579688e+02,1.729449249167009384e+03,-1.073527567927329329e+02
-3.133025803865944070e+01,1.706217835086669083e+03,1.181630341348419279e+03,1.333919277365154414e+02,1.747388360386632485e+03,8.867725722505851991e+02,-1.364853402683428953e+02,1.473005745830354499e+03,9.361936403568787455e+02,8.969034455139598094e+01,1.866578771601280550e+03,5.985380168241590582e+02,-1.907000037159322403e+02,1.212557016049892809e+03,6.879870427169581717e+02,-5.556561593570045687e+01,1.977442175874797613e+03,4.174561559755119902e+02,-2.553737601584029733e+02,1.456428829741911386e+03,5.070045264029811278e+02,3.678828400284555755e+02,1.360940725410297091e+03,6.279532716656256071e+02,6.683091300372404930e+01,1.278290378308432992e+03,6.257188322159048539e+02,5.219466122122678371e+02,1.133905106492774848e+03,1.311424757864454591e+02,1.016877033354523263e+01,1.549493839388704373e+03,3.620107534268925633e+02,4.588867279867418461e+02,6.295297257334411825e+02,1.979333784347923597e+02,1.033732774409234736e+02,1.476708612408746831e+03,-1.126848363290871333e+02,4.740577780997693935e+02,5.534269301052460150e+02,-5.265943028617794397e+01,1.541891562432945193e+02,1.732016294647720770e+03,-1.082018690438907242e+02
-2.982932906684437668e+01,1.725089549696811218e+03,1.176922582249437028e+03,1.265506139960495773e+02,1.765600071028163711e+03,8.627757398903382864e+02,-1.358782468942230253e+02,1.487904264712950635e+03,9.450032328414696394e+02,6.456296957640465450e+01,1.825764335232982376e+03,5.627059569265776418e+02,-1.892735564646053490e+02,1.215959248144644107e+03,7.110409791089080045e+02,-9.141950753294084109e+01,1.892967675581691083e+03,3.717483374275723804e+02,-2.637970542996336576e+02,1.451331185869425553e+03,5.166133505718723882e+02,3.682906950443806977e+02,1.380086665052557919e+03,6.319493516206781578e+02,6.848807221068521756e+01,1.289569308656394242e+03,6.314749664007722458e+02,5.263690989195988550e+02,1.141010214953175137e+03,1.429685274784829403e+02,1.111075913294585149e+01,1.557484030623286344e+03,3.618575327973663889e+02,4.687352803340627929e+02,6.339756210374677039e+02,2.041347579515428947e+02,1.025565065469756831e+02,1.480348452477294586e+03,-1.120854352859305578e+02,4.850668990518570922e+02,5.651193018387326674e+02,-5.084397389735624273e+01,1.527165719546733840e+02,1.734932936947489679e+03,-1.083959982278930028e+02
-2.938948703142696317e+01,1.740486554548397407e+03,1.172215482714953396e+03,1.175169855188922412e+02,1.779278362223876456e+03,8.416454153317210967e+02,-1.351571666988722313e+02,1.500496037612786949e+03,9.534605958153306347e+02,4.585144183516034389e+01,1.784487894717498648e+03,5.413873671760727575e+02,-1.873077648327777922e+02,1.219548018213856722e+03,7.355526968862993726e+02,-1.171360226193661873e+02,1.809213279495616689e+03,3.443551581452088044e+02,-2.728878875592020563e+02,1.445250851553412303e+03,5.284264214477931318e+02,3.684073507983195555e+02,1.396517771258756056e+03,6.355661131379325752e+02,6.979679556544832053e+01,1.299204886340061421e+03,6.375383593671251674e+02,5.314282269528365532e+02,1.145900436391770654e+03,1.549467027680416322e+02,1.143862118376169690e+01,1.564407765122096180e+03,3.629298617004741914e+02,4.806455600001597190e+02,6.367932148324817945e+02,2.117125094572380419e+02,1.031419462365067972e+02,1.484418554627460708e+03,-1.121207720073227421e+02,4.974177636488153667e+02,5.736348120648476652e+02,-4.655638411145826439e+01,1.529998602806140013e+02,1.738284403844043709e+03,-1.077696703906715072e+02
-3.025342760655760443e+01,1.753009470453533140e+03,1.167955823262629565e+03,1.072364814498701691e+02,1.788995277299577992e+03,8.244779384065717522e+02,-1.342244576573447432e+02,1.510496646965656737e+03,9.622273053037429236e+02,3.313629481655299713e+01,1.747736029223460037e+03,5.315998003199397317e+02,-1.844977625804595220e+02,1.223144874404291613e+03,7.609776541243811607e+02,-1.321582903408627203e+02,1.732780448992007223e+03,3.336716121949376657e+02,-2.816286372756695755e+02,1.437479769749462548e+03,5.432056955206895736e+02,3.683181664624258360e+02,1.409929711861179840e+03,6.399788837798154191e+02,7.117240459099960503e+01,1.306894560429914009e+03,6.444571299928988992e+02,5.374103186252937121e+02,1.150033555027855982e+03,1.666999371819953524e+02,1.182289178720750833e+01,1.569774501400751888e+03,3.654025164227730897e+02,4.941803303503765505e+02,6.388817449467800316e+02,2.213659221186163677e+02,1.056152439462700983e+02,1.488666304590133223e+03,-1.128664547260726891e+02,5.116273148821907739e+02,5.799754028014127698e+02,-3.903055914876077992e+01,1.555305123668146052e+02,1.742024309723895158e+03,-1.063997480180906621e+02
-3.245636843002484540e+01,1.763358836656618450e+03,1.164494506880611880e+03,9.664145634911101013e+01,1.795551477819672755e+03,8.116133355852484783e+02,-1.330503377033952859e+02,1.518056999811578635e+03,9.719038138220462315e+02,2.540525296726145044e+01,1.718490831623352051e+03,5.302417589107509457e+02,-1.805142031249304750e+02,1.226360936921685379e+03,7.869133442578048516e+02,-1.369239994701097487e+02,1.667566271116889766e+03,3.371086589603980315e+02,-2.891565323911208338e+02,1.427314245714044773e+03,5.613907639983938225e+02,3.680720375966895972e+02,1.420441839630437244e+03,6.460854772627781131e+02,7.296517864368797746e+01,1.312442545165451747e+03,6.525583365434781626e+02,5.443930431674867805e+02,1.154561833340286739e+03,1.780315113875466864e+02,1.285906591719736625e+01,1.573204099621345904e+03,3.690682898966887819e+02,5.087343450245720078e+02,6.409047654118737682e+02,2.334892243513187964e+02,1.100960708975534317e+02,1.492826855602720116e+03,-1.142827082245057397e+02,5.278586448846613166e+02,5.850821935977596695e+02,-2.792513142869679399e+01,1.603579000564689352e+02,1.745992334663141946e+03,-1.045305047079094862e+02
-3.577132476524848670e+01,1.772206369603344456e+03,1.161900316545406668e+03,8.628421039318403984e+01,1.799853915642928541e+03,8.024460749130510067e+02,-1.316744213210370731e+02,1.523709561716205826e+03,9.826721141093971710e+02,2.124613088122570304e+01,1.696792739309857552e+03,5.345276438088301347e+02,-1.753124031067607120e+02,1.228941962156779709e+03,8.130935779285114222e+02,-1.333472918150042972e+02,1.613483258031226796e+03,3.511016283918312411e+02,-2.951917857645171921e+02,1.414678750853481688e+03,5.826548663941578070e+02,3.677053980246699325e+02,1.428610416638073957e+03,6.540577235139493268e+02,7.529092432220163289e+01,1.316026056709372597e+03,6.617805891764264743e+02,5.522123252325984595e+02,1.159957002874178897e+03,1.889364697656878320e+02,1.476806161954452001e+01,1.574755321001846596e+03,3.735141682814204387e+02,5.237755393516549702e+02,6.431573624376325142e+02,2.478602673943987895e+02,1.162637327105307037e+02,1.496754980287140143e+03,-1.162257338309160275e+02,5.458057714273124930e+02,5.896082017558271673e+02,-1.367239266161807798e+01,1.670601016485344985e+02,1.750020515649300251e+03,-1.024276249518425175e+02
-3.971583021993794915e+01,1.780168981145524185e+03,1.159877720315455690e+03,7.622016066285409863e+01,1.802900930037712214e+03,7.954574292506881648e+02,-1.301834260181909713e+02,1.528267616465697984e+03,9.941592561964363313e+02,1.907106477496708052e+01,1.679678294951019552e+03,5.419791018002254077e+02,-1.693040735438895865e+02,1.231011329227724673e+03,8.393340653231516626e+02,-1.246689999568326073e+02,1.566345567852877593e+03,3.712907793336035525e+02,-3.002128980148726214e+02,1.400431015288621666e+03,6.057623199788590682e+02,3.672551180826823725e+02,1.435417180594962247e+03,6.632066281327997785e+02,7.797376213635598674e+01,1.318378007129538901e+03,6.716584165989571602e+02,5.604800465345922476e+02,1.165938122182474444e+03,1.995538424917186262e+02,1.727448942316352287e+01,1.575096355861291158e+03,3.783164535340966381e+02,5.389689858991913525e+02,6.455630032298656715e+02,2.635659049203183031e+02,1.233805628946589366e+02,1.500493296720430180e+03,-1.184499702217771926e+02,5.647131043210896451e+02,5.938455422974059275e+02,2.449091193421174761e+00,1.748012356205118181e+02,1.754031981254970333e+03,-1.002612942075097919e+02
