6.116118923628039994e+01,6.964494309598650545e+01,1.834527178213132174e+03,-7.572229950633412088e+00,-7.831698331094450793e+01,1.532041369674310545e+03,1.178491424807177310e+02,3.330440932725194898e+02,1.518591751842403028e+03,2.004783311752588020e+02,-2.434127354206605673e+02,1.305534386374824862e+03,2.903961989181177046e+02,3.416161851274320043e+02,1.191532873525295599e+03,2.619545154899712429e+02,-1.422245650667408334e+01,1.462443370780089026e+03,4.018480967157849477e+02,1.990008556195641347e+02,1.382938383641302153e+03,-1.797745045984903811e+01,5.469109590865357262e+01,9.383623782828955200e+02,1.189647190935835681e+02,3.328767327888708110e+02,1.000381306649084308e+03,1.416446683412390257e+02,-1.716133955192919558e+01,4.892137347922926551e+02,5.783851222101234271e+02,1.442557050237387273e+02,1.132042612743714471e+03,4.593258354150640876e+00,6.038294332611944704e+00,-5.902076377130619278e+00,2.954877610457720039e+02,1.414379962509991060e+02,7.411377020960835580e+02,2.866571276063983760e+02,4.718519641472764903e+01,-3.026419803771377914e+01,4.903326091747451301e+02,2.100181777395291149e+01,6.122060054643009153e+02
6.071505180845586125e+01,7.783914109338576282e+01,1.833792240231218557e+03,-1.010867318321277075e+01,-7.156017060176985467e+01,1.532778767485104709e+03,1.179182176847173054e+02,3.414726352805078022e+02,1.521586157810301756e+03,1.965232663401752120e+02,-2.402479980112970566e+02,1.305263263904080077e+03,2.908113145256449457e+02,3.456764733995519236e+02,1.192214575558690967e+03,2.594948216518607751e+02,-1.450958440698660823e+01,1.461102850967818085e+03,3.994268971332899127e+02,1.998073544352418764e+02,1.383554856314473682e+03,-1.909144588375736973e+01,6.220235209823542988e+01,9.393546634793398198e+02,1.196917555922218241e+02,3.398703994109547466e+02,9.994238548204524477e+02,1.430663579676599966e+02,-1.300254894115774285e+01,4.878702637416063226e+02,5.784800386288683285e+02,1.443914323749380060e+02,1.128932637867837457e+03,1.807845611221073234e+00,4.159828179173064022e+00,-4.437572197562832166e+00,2.951519329383322088e+02,1.475347741205202681e+02,7.403913117656745726e+02,2.866082833682646083e+02,4.620548549383912018e+01,-3.029080090980408713e+01,4.840308759248754313e+02,1.838540843803961877e+01,6.090298794306268064e+02
6.044717731562210616e+01,8.502363103870490590e+01,1.833075734285502449e+03,-1.246618783235971684e+01,-6.540682855216189751e+01,1.533209793386003412e+03,1.183358098393086664e+02,3.493326189665285710e+02,1.523899543557008201e+03,1.927568526489966700e+02,-2.370773094038656552e+02,1.304719326238838448e+03,2.912756714050422033e+02,3.499111768515945755e+02,1.192618188976724468e+03,2.570540846746814623e+02,-1.380312358148290564e+01,1.459784603780951329e+03,3.974531522251133993e+02,2.013791090883522656e+02,1.383654791239922361e+03,-2.044444222552207080e+01,6.986162127372530506e+01,9.400571033482782468e+02,1.203401136876408231e+02,3.471776418118793117e+02,9.984197862127016379e+02,1.442708271318121547e+02,-9.310456016852308281e+00,4.870327034579070187e+02,5.790024720262234723e+02,1.445509764455410959e+02,1.125277443172516087e+03,-5.093565782626153782e-01,2.608837703571484035e+00,-3.064157797154913876e+00,2.941439182768637011e+02,1.531938175606310324e+02,7.392249998679284317e+02,2.867652458384277452e+02,4.547582275526435325e+01,-3.016193272595213060e+01,4.775983246359065788e+02,1.652772606524024468e+01,6.050370775355270325e+02
6.051628194103616920e+01,9.049544709163595257e+01,1.832329124699424256e+03,-1.451008027740602024e+01,-6.030874210115835155e+01,1.533121854821064744e+03,1.193511614064813529e+02,3.560745152185762095e+02,1.525117333933477767e+03,1.892921173518990372e+02,-2.338542804604088019e+02,1.303632971171466352e+03,2.918904127088982250e+02,3.543671461658060480e+02,1.192662614571014274e+03,2.547578813343298521e+02,-1.161419322225794204e+01,1.458487017715196316e+03,3.962468564238361068e+02,2.040210052436779335e+02,1.382988467210991303e+03,-2.209312337321120623e+01,7.756289905930103146e+01,9.402569613411867522e+02,1.208902292117985411e+02,3.547733361407299526e+02,9.973198099328006947e+02,1.451151147700570334e+02,-6.366722291721608862e+00,4.869198515323350307e+02,5.801672295829268933e+02,1.448194955842715217e+02,1.120608364538464457e+03,-2.091344862742491095e+00,1.570279339112104600e+00,-1.857615149075125816e+00,2.921505224887137047e+02,1.581933380847998762e+02,7.371627070736963105e+02,2.872038293237901030e+02,4.512361700992420310e+01,-2.980035564743085175e+01,4.711006416793165386e+02,1.594897204148485415e+01,5.996717568254299522e+02
6.102916362796670313e+01,9.403131644547454471e+01,1.831438998755047351e+03,-1.618681254435029970e+01,-5.643290571567416691e+01,1.532467884109229317e+03,1.210419214198337698e+02,3.612465095787352993e+02,1.525228363465069378e+03,1.861352776562035842e+02,-2.304802299182776153e+02,1.301815721996367301e+03,2.928089864624273559e+02,3.588869324226884601e+02,1.192513975639620867e+03,2.528297698998145506e+02,-8.164194411809361895e+00,1.457210955695274151e+03,3.958891164513926810e+02,2.074043840569477481e+02,1.381710023580568986e+03,-2.386307628901415612e+01,8.489623863899483069e+01,9.398681543331082366e+02,1.213912936689743702e+02,3.622118790310484542e+02,9.960721012784918003e+02,1.455724518944779504e+02,-4.189156627282141443e+00,4.873735936791244399e+02,5.818893851347702366e+02,1.453224096450609011e+02,1.114663640291331149e+03,-2.955299571175439510e+00,1.029304581677332520e+00,-8.567516760180100555e-01,2.893528503776251455e+02,1.625569594988382676e+02,7.337597574751916909e+02,2.878361636474554075e+02,4.509270917363210174e+01,-2.923557951596907145e+01,4.648751935562591484e+02,1.673455057998371132e+01,5.928046025620399178e+02
6.201479157189891822e+01,9.590462753617308067e+01,1.830296629783061917e+03,-1.754857171842532892e+01,-5.355383605722400375e+01,1.531371194294326870e+03,1.233212970632997951e+02,3.646217473680903254e+02,1.524582016843288784e+03,1.831561695129643397e+02,-2.267564617067481265e+02,1.299225678883312867e+03,2.941634484274155170e+02,3.631640699936046985e+02,1.192485808227689404e+03,2.514497947550372317e+02,-4.137184745447029854e+00,1.455998228031594181e+03,3.961569206087829116e+02,2.107437130482663861e+02,1.380263077844579811e+03,-2.546806416309237164e+01,9.141364239876789100e+01,9.389132417938498065e+02,1.219306275826443624e+02,3.689042725005613761e+02,9.946095419757252785e+02,1.457294024481972201e+02,-2.568253165814336381e+00,4.880062978874308897e+02,5.838518343660770142e+02,1.461323935550924489e+02,1.107411602303461450e+03,-3.328501778343905926e+00,8.175819693528389998e-01,-5.743639476865160243e-02,2.862832637131768934e+02,1.664403629938917959e+02,7.286993109086337199e+02,2.884790074794716475e+02,4.516673106958918282e+01,-2.858388738370501159e+01,4.594158069472658781e+02,1.848888837401426599e+01,5.846272984434840509e+02
6.341027774351663027e+01,9.674172807291182608e+01,1.828881159902920217e+03,-1.873925307611304447e+01,-5.109608463981506077e+01,1.530061176196335737e+03,1.260034769792684699e+02,3.662990589349520292e+02,1.523703180058507996e+03,1.801073795257899519e+02,-2.224055806389803251e+02,1.295992686552489431e+03,2.959666366175769667e+02,3.668763394606867791e+02,1.192850616745319485e+03,2.506083122277846655e+02,-2.224336762190148309e-01,1.454928631618803365e+03,3.965650956106883882e+02,2.131823436883012164e+02,1.379114037611557933e+03,-2.670214379019347106e+01,9.696764040783311600e+01,9.374876937720815704e+02,1.225877081931169101e+02,3.744990585291278080e+02,9.928588017896973952e+02,1.457395135232577275e+02,-1.186156004684559395e+00,4.884563417354793273e+02,5.856632176903203799e+02,1.471550078117400631e+02,1.099014744362959618e+03,-3.485872167003808642e+00,7.346962144850779364e-01,5.795612813267080332e-01,2.835169373758581060e+02,1.699504169858681166e+02,7.218910866768012511e+02,2.889723765841123964e+02,4.507157750737593460e+01,-2.799083284516583348e+01,4.551351636396428830e+02,2.044332265062256937e+01,5.754359098019901921e+02
6.506939608014330645e+01,9.727211712423276424e+01,1.827285108837576445e+03,-1.993683554295380844e+01,-4.837168319389410698e+01,1.528760663747628769e+03,1.288897534935993292e+02,3.666921567406404847e+02,1.523065675466351195e+03,1.767016063899247058e+02,-2.171951955971111659e+02,1.292364625289293144e+03,2.980671749881713595e+02,3.698336558950791755e+02,1.193687190669568281e+03,2.500805169289381524e+02,3.215981444218079410e+00,1.454031203888891014e+03,3.965420045838403098e+02,2.141758192254373796e+02,1.378499626447395940e+03,-2.756761398541300778e+01,1.018531610036861252e+02,9.357440835885840897e+02,1.234042758322845401e+02,3.790784281650263097e+02,9.907844365375456164e+02,1.457518626713636820e+02,2.538977630264631080e-01,4.885725795642446769e+02,5.870069900743602602e+02,1.480827422324706504e+02,1.089755470751019857e+03,-3.612398499730188117e+00,6.657369460863550303e-01,1.109802439028500176e+00,2.813824456571528572e+02,1.730240771538009028e+02,7.135064236380769671e+02,2.892652370408976026e+02,4.461028380510862945e+01,-2.756894554920533480e+01,4.521381881180224127e+02,2.167896842866987583e+01,5.654582867862228568e+02
6.679536621128198703e+01,9.806298895207636690e+01,1.825654027185883706e+03,-2.127863672235149650e+01,-4.491021174448377451e+01,1.527574085832907713e+03,1.318340537625144293e+02,3.663880157253685752e+02,1.522926709946253141e+03,1.727226703781537935e+02,-2.110988882227761962e+02,1.288592482012546498e+03,3.002061939139516653e+02,3.720833191592920457e+02,1.194854615886900319e+03,2.495336734110463226e+02,6.165589142907416331e+00,1.453154520598141517e+03,3.956820846032283612e+02,2.137231911619751656e+02,1.378325440324737883e+03,-2.825984886546419261e+01,1.066559301657449197e+02,9.338938074559476945e+02,1.243796439715342075e+02,3.830628431820251762e+02,9.884443301870592222e+02,1.458437646514315418e+02,1.947520936627690435e+00,4.884329264546049103e+02,5.877190427421469394e+02,1.484752972915411817e+02,1.079944978219458335e+03,-3.764295176279781607e+00,6.208811146292029237e-01,1.582911945113626651e+00,2.798321704419467437e+02,1.754345660520840511e+02,7.039122272595471941e+02,2.894198802759806881e+02,4.376565455430706919e+01,-2.736103855727607481e+01,4.501352071184481929e+02,2.137891002659110740e+01,5.547987000990643764e+02
6.838832326746887702e+01,9.934196375426893155e+01,1.824079172401533015e+03,-2.281162040059163587e+01,-4.068414583661631667e+01,1.526434411999557142e+03,1.347641060743796118e+02,3.659403874855989329e+02,1.523279551410526437e+03,1.681191830386142954e+02,-2.043739980027629599e+02,1.284821751474316670e+03,3.021520731202649586e+02,3.739299002592974261e+02,1.196094751043095357e+03,2.486733060215747173e+02,8.776347985451678824e+00,1.451919781541671000e+03,3.939459656970944366e+02,2.123802617748307284e+02,1.378239668498875744e+03,-2.903400065805697849e+01,1.119361486257271849e+02,9.321902998605221455e+02,1.254807861064245458e+02,3.869451492270764561e+02,9.860093601647134847e+02,1.459897145197030852e+02,3.977499851077196613e+00,4.882292410658523636e+02,5.877902964820814304e+02,1.479470905379870089e+02,1.069837194869083305e+03,-3.921261643803341634e+00,6.771607047305566729e-01,2.024556003672480120e+00,2.785152811220170292e+02,1.769126710561234006e+02,6.935270541990618085e+02,2.895474197376326515e+02,4.271904252267471946e+01,-2.734272541210217966e+01,4.485499255305757629e+02,1.902957463961080720e+01,5.434738485710546456e+02
6.969381623243393165e+01,1.009822342919605376e+02,1.822522879854916937e+03,-2.449373039284370890e+01,-3.608433765918285019e+01,1.525142369347957811e+03,1.376622259168323126e+02,3.657011538968520767e+02,1.523921565332238970e+03,1.630273854413121057e+02,-1.974786789239461768e+02,1.281051384763398801e+03,3.038248586690775142e+02,3.758508971129172096e+02,1.197185971650362035e+03,2.473316290299178490e+02,1.117771810765597351e+01,1.449847883417513231e+03,3.916869151480337337e+02,2.110491272245575658e+02,1.377797765272078095e+03,-3.005153121850493392e+01,1.179707956212228481e+02,9.308643037488590153e+02,1.266551611820815708e+02,3.910630876191725633e+02,9.837164045338695360e+02,1.460861955354880308e+02,6.346116759631835968e+00,4.881231261281488969e+02,5.873275724568537726e+02,1.463711042905888746e+02,1.059570784050570182e+03,-4.065535341500445377e+00,8.689973109334402368e-01,2.426482028887180675e+00,2.770003448927222394e+02,1.773225198450846563e+02,6.826736678974974666e+02,2.897259646352504774e+02,4.177171855594009031e+01,-2.745717201901452853e+01,4.467738273235779047e+02,1.454205896211963811e+01,5.314778099662431714e+02
7.064184729650374095e+01,1.026528746694083480e+02,1.820837631041984196e+03,-2.623610129620926301e+01,-3.166263582950176314e+01,1.523479996850902580e+03,1.405304169281745033e+02,3.657626361853689332e+02,1.524587243048647451e+03,1.577004494843639293e+02,-1.908570620183408550e+02,1.277166684790857516e+03,3.053175622867195216e+02,3.783332201379374169e+02,1.198053864075150386e+03,2.454772175141312118e+02,1.344686202726233049e+01,1.446613524655010679e+03,3.894772235240737359e+02,2.106089809971797138e+02,1.376608563247433267e+03,-3.130239434627684147e+01,1.246993361202657553e+02,9.300239201600647903e+02,1.278440675845718317e+02,3.955361546525590484e+02,9.817689249523000399e+02,1.460225276474990039e+02,9.010885467194075460e+00,4.881631498312190729e+02,5.865050889784951096e+02,1.439887539017880158e+02,1.049155552709296671e+03,-4.223161752899533106e+00,1.109526052633424076e+00,2.744654012155141043e+00,2.750295747587447295e+02,1.768157549033202542e+02,6.715037125635750499e+02,2.899512853050859462e+02,4.120324561778244998e+01,-2.766027100858907062e+01,4.444361333423571523e+02,8.306127212189711173e+00,5.188366886575109902e+02
7.126888783116066861e+01,1.040547596837118931e+02,1.818870544597233220e+03,-2.794977027454201490e+01,-2.780617209755479280e+01,1.521332698540451247e+03,1.433657332520917294e+02,3.660197836378743546e+02,1.525075815571813337e+03,1.523770278826899300e+02,-1.847123629052330500e+02,1.273004217213672064e+03,3.067888419157573594e+02,3.817030219875635453e+02,1.198789748773752990e+03,2.431875755184038610e+02,1.569978500106155650e+01,1.442259899933155111e+03,3.878271982503929394e+02,2.115413700318105157e+02,1.374415014932269514e+03,-3.263458051343165778e+01,1.318602431714945737e+02,9.295752428572797044e+02,1.290004292916402164e+02,4.003453716655196786e+02,9.802371614164193261e+02,1.457570129665250818e+02,1.190206860333199046e+01,4.882889813799660033e+02,5.855144415855783109e+02,1.413612075675617064e+02,1.038504859311399059e+03,-4.444496641985526963e+00,1.205750864640413811e+00,2.906982811710447034e+00,2.726685516248337535e+02,1.758920849870609118e+02,6.600205865349031455e+02,2.901412357154317760e+02,4.113760567859404915e+01,-2.795054900769126149e+01,4.415418644306342344e+02,1.179975865271486901e+00,5.056431878748121562e+02
7.171534772255776602e+01,1.051128540549689063e+02,1.816575672529795838e+03,-2.956528117201851913e+01,-2.453983835830886662e+01,1.518744338368085209e+03,1.461560584836290104e+02,3.663033601194712219e+02,1.525315825276196165e+03,1.471647838982400742e+02,-1.789051021945641651e+02,1.268403426078851680e+03,3.082967555934951633e+02,3.860333238484038247e+02,1.199589625791117896e+03,2.406240814714577709e+02,1.816737782037720805e+01,1.437218334466169154e+03,3.869513044967182509e+02,2.137428798441862341e+02,1.371137566072887012e+03,-3.385093072350957044e+01,1.391926533822963847e+02,9.292267311402955556e+02,1.301100307277653485e+02,4.054472268173064435e+02,9.790133042096176723e+02,1.453503524534055487e+02,1.492954416503227577e+01,4.883902752716937812e+02,5.845043891984398670e+02,1.391787789579425691e+02,1.027501715424725035e+03,-4.750055879477175225e+00,9.657265147863740573e-01,2.836429977133547720e+00,2.702619465781853592e+02,1.753177879868905791e+02,6.481675524530091934e+02,2.901847029231435044e+02,4.148846764879126425e+01,-2.836630544747377414e+01,4.384001261188304284e+02,-5.623070421615414816e+00,4.920653308521178815e+02
7.219275582617135001e+01,1.060166705388247976e+02,1.814044272992164451e+03,-3.102271510476405325e+01,-2.155701243344717355e+01,1.515870233340404411e+03,1.488883692341187270e+02,3.665120472540178298e+02,1.525348299625521349e+03,1.420055290587345098e+02,-1.730437141494794275e+02,1.263230307708600094e+03,3.096942610087135108e+02,3.911739416989943834e+02,1.200656929392911479e+03,2.380083606550666673e+02,2.114600803482489155e+01,1.432107184178832995e+03,3.867008204612963596e+02,2.166428247832046168e+02,1.366912517150850363e+03,-3.480409712704585701e+01,1.465717443318697804e+02,9.285994993750545063e+02,1.312055023257659059e+02,4.108316883531212511e+02,9.778473451835292281e+02,1.449353276164377178e+02,1.799869694710359624e+01,4.883700336848199868e+02,5.835135982899877263e+02,1.380134141371490273e+02,1.016075999765755341e+03,-5.092360736120716602e+00,3.280622731115615531e-01,2.491665514566665962e+00,2.682170473659170966e+02,1.759034053160658573e+02,6.359195291085967483e+02,2.900081985317115141e+02,4.201193662925427219e+01,-2.895061936727210039e+01,4.353931607369985386e+02,-1.079982185144263518e+01,4.783178485063525613e+02
7.292295137371328906e+01,1.070961489855501014e+02,1.811423575311936702e+03,-3.225589618442991480e+01,-1.842479701710419704e+01,1.512859575237315767e+03,1.515551123147189969e+02,3.666904498632299010e+02,1.525255201667678648e+03,1.367307891897615946e+02,-1.667143842196633443e+02,1.257388214070562299e+03,3.106703530408563552e+02,3.968821503439619960e+02,1.202107068397215698e+03,2.355767892227813434e+02,2.483643175078317356e+01,1.427427132844365815e+03,3.866793189694258217e+02,2.195742271803303254e+02,1.362096816085059118e+03,-3.544394195324074559e+01,1.540260368981774377e+02,9.273993217017058441e+02,1.323596382336169199e+02,4.165125357086785129e+02,9.764479537352710850e+02,1.446449300904788515e+02,2.104608617749939725e+01,4.881777115988119817e+02,5.824265421821277187e+02,1.381194238105706233e+02,1.004259664533587284e+03,-5.369408531293690778e+00,-5.756230746664758868e-01,1.911531236244732757e+00,2.667578392686847337e+02,1.782070796943317816e+02,6.233240536092611137e+02,2.896289785649519217e+02,4.243184419131002016e+01,-2.970545242659727592e+01,4.327444015722121549e+02,-1.335913493967638210e+01,4.645961733518172991e+02
7.406492842321119952e+01,1.086317578021689485e+02,1.808783158734693416e+03,-3.319606291159376354e+01,-1.480722267079220700e+01,1.509746532916510887e+03,1.541514493488923563e+02,3.670393021881084792e+02,1.525085436711358852e+03,1.311587326420608406e+02,-1.597049531239242981e+02,1.250834783144644007e+03,3.109199487097465635e+02,4.029818400769841560e+02,1.203901922049263248e+03,2.335085850095522062e+02,2.919188240323361683e+01,1.423325758058237170e+03,3.864585604524332894e+02,2.221914564476541614e+02,1.357178483347557403e+03,-3.581623097956317281e+01,1.616725426895005171e+02,9.255607890160025590e+02,1.336544181746916422e+02,4.224952609146570239e+02,9.746024414552578037e+02,1.445468639070344352e+02,2.408501641876116395e+01,4.878056061528737359e+02,5.809915573555513220e+02,1.393548984920317650e+02,9.921840546381770309e+02,-5.484402190588661519e+00,-1.470158273843261920e+00,1.234493934829762996e+00,2.658258899681678713e+02,1.822796875077144989e+02,6.104677193007407823e+02,2.891681234463138708e+02,4.256165277917244794e+01,-3.056613679525341354e+01,4.304430346811815866e+02,-1.303291543951326048e+01,4.510003692751707263e+02
7.565577337278071468e+01,1.107362428186496714e+02,1.806034593712641481e+03,-3.379993345054132448e+01,-1.056850892873507597e+01,1.506422832634414817e+03,1.566669732316532873e+02,3.678681780013729963e+02,1.524824056763214230e+03,1.251698809830555490e+02,-1.520836469625306790e+02,1.243602174968221334e+03,3.103339496204910120e+02,4.094699771951875960e+02,1.205846482851843120e+03,2.318572814389542316e+02,3.389627160247106730e+01,1.419548944504724432e+03,3.857755414814778874e+02,2.246975491392504978e+02,1.352593692080125265e+03,-3.603719234983299202e+01,1.696373814725955640e+02,9.232844312816223464e+02,1.351388960539946993e+02,4.287640943060252994e+02,9.722639192901792740e+02,1.446216994465258665e+02,2.723128866166245032e+01,4.872665110815784715e+02,5.789129864831271561e+02,1.412393497550377219e+02,9.800075967679442783e+02,-5.411473781929621474e+00,-2.068196824597675398e+00,6.690284045876476737e-01,2.651988994599181524e+02,1.875752109333353417e+02,5.973903067497777784e+02,2.888101048897974010e+02,4.235798460830201861e+01,-3.141749526839137374e+01,4.283592478508649606e+02,-1.048838928034032669e+01,4.374929754886264845e+02
7.759107082662957566e+01,1.133753495120893007e+02,1.802975106480203976e+03,-3.408506504142734173e+01,-5.731693255727634551e+00,1.502707456813771387e+03,1.590797839695885045e+02,3.695012017009364627e+02,1.524417915136791635e+03,1.187291124925770589e+02,-1.440952502963923791e+02,1.235795515865687776e+03,3.090837370492988043e+02,4.165228871180427745e+02,1.207673430314759116e+03,2.305255746521501123e+02,3.849828069160118105e+01,1.415583295267093945e+03,3.846232883309234012e+02,2.277613000738439268e+02,1.348549213603275575e+03,-3.626191186104360753e+01,1.780055098464444825e+02,9.209456353258312902e+02,1.368006221505151530e+02,4.352934964720589051e+02,9.695707707259361996e+02,1.447873941334551091e+02,3.067821971179539631e+01,4.865786794426100528e+02,5.759818628599240355e+02,1.431209682269389418e+02,9.678101126847153637e+02,-5.221627723446234270e+00,-2.202280595884053671e+00,4.175252315409120896e-01,2.647247923852314102e+02,1.931067563761243662e+02,5.840076857426610104e+02,2.887192914036837124e+02,4.189506707719019829e+01,-3.214727665670483958e+01,4.264340993141333911e+02,-7.165776243000300916e+00,4.239195896777974326e+02
7.965650976195239252e+01,1.164760478174370775e+02,1.799433848092227890e+03,-3.414788272853448348e+01,-3.737922279690187866e-01,1.498463546013699670e+03,1.613573780662216848e+02,3.721491030717502895e+02,1.523833224619136672e+03,1.118603310199898431e+02,-1.359606889906341110e+02,1.227551065801140112e+03,3.075424514600487669e+02,4.244106536695126692e+02,1.209196444415410951e+03,2.292979082288380823e+02,4.262506899593024912e+01,1.410898825520762784e+03,3.832150876173662937e+02,2.321884595268685416e+02,1.344966005057809525e+03,-3.664594194241688996e+01,1.868070778813447248e+02,9.189182534494768788e+02,1.385708159580546237e+02,4.420679104029082964e+02,9.667905830799436444e+02,1.449444457556362522e+02,3.461656872763532533e+01,4.857700138891016195e+02,5.721764263989210804e+02,1.444098092803621682e+02,9.555219595040143759e+02,-5.048007786693823107e+00,-1.882498319000708964e+00,5.863255831926921235e-01,2.644770138394856644e+02,1.978354182080788632e+02,5.701000457377556359e+02,2.889514773108884924e+02,4.130229072371749055e+01,-3.270850341804917605e+01,4.247797218208533536e+02,-4.732463091035344682e+00,4.100819773891437308e+02
8.160404048502739727e+01,1.200062551535471869e+02,1.795419742125368202e+03,-3.414825479680114029e+01,5.444472171133767802e+00,1.493686328990774200e+03,1.634628744887696428e+02,3.757854051146524057e+02,1.523100657036716711e+03,1.045987772677421077e+02,-1.277229203331982887e+02,1.218970526326766958e+03,3.060899910438142797e+02,4.333744524568990641e+02,1.210452255637804910e+03,2.279084717542654062e+02,4.616276437467725202e+01,1.405167102431975536e+03,3.818626138586896559e+02,2.385441265732697786e+02,1.341570269592526984e+03,-3.729654450783100117e+01,1.960288017268603369e+02,9.173919923589711516e+02,1.403629537380548129e+02,4.490968407774875573e+02,9.642071806008328849e+02,1.450125952223359604e+02,3.913224196528856424e+01,4.848894108983346314e+02,5.676732538005513788e+02,1.448175883461996989e+02,9.429359752502330139e+02,-5.009295994531389518e+00,-1.259259164813195664e+00,1.127345817575928333e+00,2.647088318243858680e+02,2.011505037419846929e+02,5.553708966156086717e+02,2.894108949630515895e+02,4.071532272036642297e+01,-3.315498568563139514e+01,4.236169949490581530e+02,-4.373554445998506957e+00,3.958215274400091062e+02
8.324909773778786359e+01,1.239525880789737613e+02,1.791163636511866343e+03,-3.426125801986481889e+01,1.167998530714357841e+01,1.488513470874654331e+03,1.653615300467690474e+02,3.800904183208591007e+02,1.522314500143805617e+03,9.694307224607889850e+01,-1.192347769082531528e+02,1.210075841367616249e+03,3.049188608260408273e+02,4.435323594512772161e+02,1.211736097330413031e+03,2.261068605642007014e+02,4.932310005613908999e+01,1.398353722191499855e+03,3.808372332504047222e+02,2.469300498825148509e+02,1.338056982286877201e+03,-3.822666108603264945e+01,2.056345785138116753e+02,9.162659100610321730e+02,1.421215045298047528e+02,4.564191904423663004e+02,9.619938407772311848e+02,1.449463878620765627e+02,4.413434867413312190e+01,4.840041059550259206e+02,5.627618579685976101e+02,1.445173512858414426e+02,9.297910195445269892e+02,-5.140131924167336663e+00,-5.296492967595552992e-01,1.845474516527243258e+00,2.656562166476651896e+02,2.031968018404344889e+02,5.395327086682824529e+02,2.898854972986461007e+02,4.025673754323837983e+01,-3.362683254548490908e+01,4.231210848058792635e+02,-6.281858771599036828e+00,3.810710717597712005e+02
8.455248003276886948e+01,1.282295313879013463e+02,1.787018352142469666e+03,-3.461293831525259179e+01,1.827495621525807579e+01,1.483163713059574775e+03,1.670241574469123975e+02,3.845171924575660114e+02,1.521585433258861713e+03,8.882094263502038700e+01,-1.102732364835066079e+02,1.200817737560759952e+03,3.039519148366045442e+02,4.548498540649449069e+02,1.213494489521765672e+03,2.236980913287127350e+02,5.257358237004321921e+01,1.390646361399079296e+03,3.802783996339082933e+02,2.570112958287909350e+02,1.334229787168654411e+03,-3.933934800814096633e+01,2.155817326904091829e+02,9.151755727891350034e+02,1.438502778038435110e+02,4.640903575910365930e+02,9.601314595714783309e+02,1.447349956396030279e+02,4.935660946185303288e+01,4.831774168482797904e+02,5.577154224910000266e+02,1.441284171263998246e+02,9.158671402072724277e+02,-5.374945440356467152e+00,1.528482236410713679e-01,2.475559132115258354e+00,2.673609501786622218e+02,2.048247113754905797e+02,5.223700198276480933e+02,2.901506367953919039e+02,4.002781266712842978e+01,-3.428880017650438106e+01,4.233160956099097803e+02,-9.643429699870395666e+00,3.658603092163474457e+02
8.564706363868624805e+01,1.326250254348883004e+02,1.783274338018488152e+03,-3.522658462826579751e+01,2.514194009874044156e+01,1.477848690947177829e+03,1.684292801279801211e+02,3.884779047073631659e+02,1.520977279287290230e+03,8.007985256082970693e+01,-1.006780228472509435e+02,1.191129317177272696e+03,3.029117902266481224e+02,4.671672352101381307e+02,1.216133075324832589e+03,2.205585622628599367e+02,5.645710303300613475e+01,1.382260707621678193e+03,3.801849055021406230e+02,2.682400849259827851e+02,1.330071528741299744e+03,-4.046151070033807429e+01,2.258264835431999131e+02,9.136568858821733556e+02,1.456041804311188912e+02,4.721494978024374518e+02,9.584184275902373429e+02,1.443990775958344273e+02,5.444392987860516797e+01,4.824422157196187868e+02,5.526925645313743871e+02,1.444904462725053804e+02,9.010313485519809547e+02,-5.594410389123121163e+00,7.265536365823640486e-01,2.795615840887959447e+00,2.696593470265219707e+02,2.071285507891213911e+02,5.037610161667383863e+02,2.900873077344987223e+02,4.009151654103072815e+01,-3.525235004503865355e+01,4.241067931215706039e+02,-1.314073807857019638e+01,3.502869531163033230e+02
8.678537844859390304e+01,1.368580960664030499e+02,1.779999533701477958e+03,-3.600633273751955699e+01,3.218181510673117174e+01,1.472702862416487960e+03,1.695672848317005617e+02,3.915773824795721794e+02,1.520466378378396257e+03,7.051153863898235841e+01,-9.041372997113451504e+01,1.180983156613841402e+03,3.014931345624578967e+02,4.802534156753129082e+02,1.219855657799584151e+03,2.166396158027075103e+02,6.136104778771531443e+01,1.373234574338780476e+03,3.804848969735086825e+02,2.801302747098089299e+02,1.325751370720707428e+03,-4.141546988834903686e+01,2.363224244679617811e+02,9.113755314654960102e+02,1.474525237198794798e+02,4.805810632177669959e+02,9.565717529612937824e+02,1.439926948507622058e+02,5.909721086816647784e+01,4.817870730419811593e+02,5.477143260967794731e+02,1.463113668834722318e+02,8.852185135785473449e+02,-5.699365600831118428e+00,1.224542625765296266e+00,2.718527400565918573e+00,2.723371396370828279e+02,2.108082011862264551e+02,4.836682348448629227e+02,2.897452348560062205e+02,4.044869785331876244e+01,-3.652602215638936656e+01,4.254113916131523183e+02,-1.567215724230991292e+01,3.344746305704700831e+02
8.822160988416956684e+01,1.407230702250180059e+02,1.776990465672595974e+03,-3.677299797291375683e+01,3.931151459624810940e+01,1.467748741694600312e+03,1.704442733343314273e+02,3.937815788235745345e+02,1.519946460735294295e+03,5.990839820521910042e+01,-7.953153673938632551e+01,1.170414196613896593e+03,2.995333810900393701e+02,4.938653704256494166e+02,1.224632642907395166e+03,2.119619033546003095e+02,6.731801160996481315e+01,1.363332149899254773e+03,3.811400656368649607e+02,2.924380367603593527e+02,1.321585555237079006e+03,-4.208978687519588391e+01,2.470212624526697027e+02,9.082996339855180850e+02,1.494382236080115547e+02,4.892998487615541876e+02,9.543633289831644788e+02,1.436062587163648345e+02,6.321767002274363279e+01,4.811559029712805682e+02,5.427049783809333121e+02,1.498758420473616582e+02,8.683876948870980641e+02,-5.660847796189058201e+00,1.751012206097343649e+00,2.312668498142400164e+00,2.753146996387357603e+02,2.157419868187087957e+02,4.621189788787863790e+02,2.893102120259176786e+02,4.102652391392250308e+01,-3.802363756322482402e+01,4.272733053145881286e+02,-1.684437584516106767e+01,3.185353832752907692e+02
9.008403815731323050e+01,1.442151440043513162e+02,1.773851259570025150e+03,-3.734271320605775912e+01,4.647182730875533707e+01,1.462890919247435022e+03,1.710791286102754611e+02,3.954330571939598258e+02,1.519275321279370246e+03,4.813187328654524322e+01,-6.809146121061310453e+01,1.159501749980706563e+03,2.970841180030049600e+02,5.078105177434584334e+02,1.230312772554062121e+03,2.065965448911086355e+02,7.391778834469873516e+01,1.352116497214246920e+03,3.822166094106492551e+02,3.051839454234358868e+02,1.317952921250707732e+03,-4.247092309508179397e+01,2.578796961602750457e+02,9.047128437719400154e+02,1.515555182858310843e+02,4.981794764183309212e+02,9.517139993772890421e+02,1.433568784323125556e+02,6.698058110407680488e+01,4.804522787505535462e+02,5.375485317310620985e+02,1.549862555919744977e+02,8.505123728340903426e+02,-5.517059997865442433e+00,2.449072649814775016e+00,1.743727579662761373e+00,2.787153884140611808e+02,2.210466953305667630e+02,4.391888857931604662e+02,2.889960469779549044e+02,4.169538385854021101e+01,-3.962045506270309403e+01,4.298568951435464101e+02,-1.696432019254629964e+01,3.025511157157444586e+02
9.231041487426455205e+01,1.475399293577660274e+02,1.770149429283345398e+03,-3.761271193266670565e+01,5.360793055164414511e+01,1.457932401004241683e+03,1.714927673928093270e+02,3.971006396873071935e+02,1.518337470009170602e+03,3.516168533903930893e+01,-5.613358481402030975e+01,1.148333766883970156e+03,2.943470945755305479e+02,5.220072011545515807e+02,1.236794006827503154e+03,2.006368417242671569e+02,8.037260518278399957e+01,1.339145405650922839e+03,3.838696168328820022e+02,3.185525331276970178e+02,1.315162330085269559e+03,-4.262485714527556269e+01,2.688645444914544669e+02,9.010565255113195917e+02,1.537541097075650214e+02,5.071098828475025471e+02,9.486979504163991805e+02,1.433579797869988397e+02,7.078687414990722004e+01,4.795491965860193773e+02,5.321187844367882462e+02,1.611650507536055841e+02,8.316250086360470277e+02,-5.327163097202959108e+00,3.463483679381277103e+00,1.178978741816151476e+00,2.827854648830496558e+02,2.255838039856529349e+02,4.149893165739690630e+02,2.889324012799073103e+02,4.231180116106662581e+01,-4.121300743294527535e+01,4.333462539788363870e+02,-1.662249505104137626e+01,2.865846393937415542e+02
9.468878737557332670e+01,1.509924568865191361e+02,1.765569903315696138e+03,-3.760966197795712418e+01,6.064181524731520057e+01,1.452618618008306385e+03,1.716982444521680122e+02,3.993326571481223368e+02,1.517089130000416844e+03,2.110085987914896322e+01,-4.373488117174476031e+01,1.136984367149355649e+03,2.915205193001621069e+02,5.365199765440549982e+02,1.244126133192152110e+03,1.941748565642768654e+02,8.572154868618245871e+01,1.324172970753991876e+03,3.862397953825026775e+02,3.327688766622205208e+02,1.313300598613649981e+03,-4.264865303601501267e+01,2.799449756604641379e+02,8.976932980670519555e+02,1.559635206854501916e+02,5.160403134197987356e+02,9.454663564960110307e+02,1.436819780418990149e+02,7.509229300009556596e+01,4.783174698294483278e+02,5.262788233143232901e+02,1.679785549169617695e+02,8.118769125965798139e+02,-5.118055828346639302e+00,4.891837012247982841e+00,7.152816071469940695e-01,2.877594198005353405e+02,2.285907656669866128e+02,3.896534231104282640e+02,2.891205968640034598e+02,4.276457379507010614e+01,-4.273997197764408895e+01,4.378550389952828823e+02,-1.622150056425611808e+01,2.707188232367051341e+02
9.698209492247387686e+01,1.547831254347148331e+02,1.760005053624745642e+03,-3.747522398937068289e+01,6.746811058677138817e+01,1.446711889621512000e+03,1.717023233914683544e+02,4.024299277990967312e+02,1.515561869994367271e+03,6.133312394571523107e+00,-3.109311651153464240e+01,1.125518757850544034e+03,2.886557774115947836e+02,5.515401188445702019e+02,1.252466053893261687e+03,1.872917925672516901e+02,8.911967047829347166e+01,1.307244344792289667e+03,3.893240042198239053e+02,3.480425903858499623e+02,1.312134571988300877e+03,-4.262249945699883114e+01,2.910761219372672031e+02,8.947262480727448519e+02,1.581267658394953060e+02,5.249735987205094716e+02,9.421418971152024824e+02,1.443465805501824946e+02,8.018508862907188472e+01,4.766767847728138463e+02,5.198819256518149814e+02,1.752772378889380889e+02,7.915495067938880993e+02,-4.859457763308711264e+00,6.728271104121041013e+00,3.681317341389980236e-01,2.937816864144409692e+02,2.300792626841580955e+02,3.633216909219174795e+02,2.894772373977843927e+02,4.299674106722045508e+01,-4.415952027501994337e+01,4.434300547804465396e+02,-1.575630160299230020e+01,2.550994057989993564e+02
9.905868136322146711e+01,1.589254414532071280e+02,1.753557835470033297e+03,-3.740036996158872995e+01,7.399500672461083184e+01,1.440077158672546602e+03,1.715207208026063199e+02,4.063439184082298539e+02,1.513824684411160206e+03,-9.544626820965380176e+00,-1.852156557333536213e+01,1.114014775299771372e+03,2.856188642775042013e+02,5.673021605688275031e+02,1.261916052970234659e+03,1.800517865697802335e+02,9.014210972509690123e+01,1.288646431475648797e+03,3.929089485242091087e+02,3.645942673126609748e+02,1.311144250628122109e+03,-4.258204255360003998e+01,3.021983641559871785e+02,8.919630816237616955e+02,1.602337954714635373e+02,5.339217748763220470e+02,9.387428292900918905e+02,1.453417411650444251e+02,8.603419327128685268e+01,4.746444683164253888e+02,5.128073439013149937e+02,1.832272903393764238e+02,7.709836342652928352e+02,-4.479743859141279039e+00,8.829837051762305933e+00,1.108220796134729291e-01,3.009070918831336030e+02,2.308395960986687498e+02,3.361355564539830993e+02,2.899203047566294345e+02,4.299435946117986163e+01,-4.541838714456373083e+01,4.501210988834408795e+02,-1.488168668875494305e+01,2.399379637990156198e+02
1.009455200456713300e+02,1.632576903535445467e+02,1.746474330136951266e+03,-3.754875839882198818e+01,8.021914282660932827e+01,1.432741360357050098e+03,1.711983605495434517e+02,4.107397709429998258e+02,1.511929108992167357e+03,-2.578484143504485715e+01,-6.287960188224656299e+00,1.102581518980538476e+03,2.821840715728413898e+02,5.839585289759485249e+02,1.272365909109315908e+03,1.724767389230747199e+02,8.901822086683033319e+01,1.268767935328976591e+03,3.966230554331287976e+02,3.826933301358700987e+02,1.309699042892470516e+03,-4.251587401112443132e+01,3.132714788340484233e+02,8.890220018666718715e+02,1.623445445847824260e+02,5.428704013402473265e+02,9.351721235616054173e+02,1.466758276963539345e+02,9.230881064121179236e+01,4.723400483879398735e+02,5.050277190670075811e+02,1.921602350114241347e+02,7.504519330932146204e+02,-3.907276805816576548e+00,1.094596050500580908e+01,-8.158255858353934131e-02,3.091160019978063929e+02,2.321382075295944389e+02,3.082442612126613994e+02,2.904250760734796017e+02,4.275945793745220413e+01,-4.645232294349658986e+01,4.580122340374045393e+02,-1.307745171810955576e+01,2.254432000064257977e+02
1.027746732951372195e+02,1.675760994012424874e+02,1.739044960672274556e+03,-3.800956986955059591e+01,8.628466383248567695e+01,1.424894922185230598e+03,1.708199879223934943e+02,4.151740158036502635e+02,1.509871733097774722e+03,-4.251116001120664833e+01,5.629557003727963860e+00,1.091367278902564067e+03,2.781986643699166848e+02,6.014546868344881432e+02,1.283463628897465014e+03,1.644942112851473723e+02,8.668544309912610402e+01,1.247964790040596199e+03,4.000842663619429800e+02,4.026158985355304480e+02,1.307300612500083844e+03,-4.238523846524278582e+01,3.243274397490846468e+02,8.855026836523641123e+02,1.645887331102364044e+02,5.517922370207654694e+02,9.312715167517644659e+02,1.483948768918911867e+02,9.856794576859165602e+01,4.699261771138504855e+02,4.966626026792663993e+02,2.023737321351872822e+02,7.300430170963287537e+02,-3.108607848749015634e+00,1.281932927020507584e+01,-2.236170491621858047e-01,3.182829877874513613e+02,2.353219799559402077e+02,2.798185541986804310e+02,2.910074735957176131e+02,4.229370700868277311e+01,-4.722413546752675728e+01,4.671450276743220797e+02,-9.722596806101208244e+00,2.117011954108887721e+02
1.046681726615785664e+02,1.717808298164498240e+02,1.731512527071735803e+03,-3.879320100573717411e+01,9.246816344471839955e+01,1.416829551764296866e+03,1.704977086498954009e+02,4.192785207745343996e+02,1.507593541783677438e+03,-5.969265277061892050e+01,1.768482232790472963e+01,1.080559874794740153e+03,2.737071018260782580e+02,6.194529422341774989e+02,1.294750469592206173e+03,1.558878587182722697e+02,8.456657691737028415e+01,1.226497462835458009e+03,4.030578094641504663e+02,4.245093940946650832e+02,1.303775377063565202e+03,-4.215776976139613197e+01,3.354948838909282927e+02,8.811306665899751351e+02,1.671336053594209545e+02,5.607060001316327771e+02,9.269073011296347886e+02,1.505494150663140829e+02,1.044999176739746076e+02,4.675164893185630604e+02,4.879680105981695988e+02,2.140116880422511088e+02,7.096281933710283738e+02,-2.103969197168827243e+00,1.430843426428348941e+01,-3.482797020958805501e-01,3.281124953813470597e+02,2.415126464466810887e+02,2.510612630729280852e+02,2.916542362199476202e+02,4.160301302615508945e+01,-4.776691193075524211e+01,4.773738766562881892e+02,-4.060037958881793863e+00,1.985837517358243645e+02
1.066458130389434587e+02,1.759382048119867648e+02,1.724005460612727347e+03,-3.985232403758846687e+01,9.907437047824672050e+01,1.408831436181503477e+03,1.703322296672677396e+02,4.228579553082681173e+02,1.505004366854398540e+03,-7.727098468911050588e+01,3.065135945853065280e+01,1.070376068106990260e+03,2.689516668381546083e+02,6.373477877178672770e+02,1.305874354074218672e+03,1.463069722815165221e+02,8.408336364855686895e+01,1.204537491349799211e+03,4.055340387674609701e+02,4.482646228765470937e+02,1.299333256556481501e+03,-4.183841284322808463e+01,3.469574886206887641e+02,8.758188873393568201e+02,1.701267739246229098e+02,5.697300734274865590e+02,9.220359201481384162e+02,1.531342624059049342e+02,1.100526550975003488e+02,4.651140358743827505e+02,4.792569093599838084e+02,2.270611690511524614e+02,6.889381277741732674e+02,-9.612549300117647633e-01,1.545120064920284619e+01,-5.372371545217480282e-01,3.381138379829161522e+02,2.514629308910181749e+02,2.222138143730979039e+02,2.922637748669191069e+02,4.070810442390055783e+01,-4.819064019278576438e+01,4.882684461442925681e+02,4.818301917779560739e+00,1.857667985600191116e+02
1.086169714612819064e+02,1.802360625288388007e+02,1.716497807756843713e+03,-4.110155348918761575e+01,1.062956977731671486e+02,1.401063860413719112e+03,1.703636271709214611e+02,4.258835327737646708e+02,1.502000397667761263e+03,-9.506611376099758104e+01,4.527241262386741028e+01,1.061025700254842604e+03,2.642566264671302179e+02,6.543919936229834775e+02,1.316730600880263864e+03,1.353688420558551400e+02,8.609117928950733756e+01,1.182190821556267338e+03,4.076897384075795117e+02,4.735256122588698986e+02,1.294482166073810504e+03,-4.147640715431300862e+01,3.588525143707904022e+02,8.696421362590552917e+02,1.736404600390347355e+02,5.790692610177559345e+02,9.167052277158231846e+02,1.560573904217183667e+02,1.153744392907382945e+02,4.626265871427685852e+02,4.708043613239019010e+02,2.414127045126940061e+02,6.677114616132058700e+02,2.179681177473548059e-01,1.642208826196677407e+01,-9.104027023976085653e-01,3.476692782807489834e+02,2.655473899771902779e+02,1.935649946906807770e+02,2.926554000283003347e+02,3.963679265962597498e+01,-4.863687492684585578e+01,4.991535074899034612e+02,1.784215315135147506e+01,1.728643653817114796e+02
1.104538888933745824e+02,1.848867396256392226e+02,1.708802151205919017e+03,-4.242600554444454275e+01,1.141247731802941416e+02,1.393482854362832995e+03,1.705440676400693008e+02,4.284383644735756889e+02,1.498456078956678311e+03,-1.127052175067941420e+02,6.186954051344221739e+01,1.052645340137274843e+03,2.598882446336880889e+02,6.699068862700629552e+02,1.327423788080300028e+03,1.228173455876896298e+02,9.052726650548065379e+01,1.159490671440758888e+03,4.097661774718275183e+02,4.998603228962714979e+02,1.289848570070201049e+03,-4.113894089009149724e+01,3.711604814572629039e+02,8.627594049725445302e+02,1.776482827010758854e+02,5.889101954925223481e+02,9.109862280918205215e+02,1.591719404380778826e+02,1.206252498051819657e+02,4.599487133252335980e+02,4.628093932580998171e+02,2.569135112566373778e+02,6.458332040139414403e+02,1.312803214808232033e+00,1.741117025325320355e+01,-1.565540128796888197e+00,3.561747277649619150e+02,2.838279481597277254e+02,1.654616631326518643e+02,2.926536745315988810e+02,3.839178521637175123e+01,-4.920588804031234531e+01,5.092829301373258772e+02,3.570684580105536554e+01,1.595846575001479266e+02
1.120888168360163206e+02,1.900522309614334517e+02,1.700616385820404275e+03,-4.369189059713057333e+01,1.223795912076666639e+02,1.385831425018869822e+03,1.707596753179310838e+02,4.306839164392538351e+02,1.494208014612799161e+03,-1.296274700791537384e+02,8.015493267422392876e+01,1.045226998576732285e+03,2.559945574868873734e+02,6.835038148699594558e+02,1.338072349259614612e+03,1.086411829290422446e+02,9.649464633002394010e+01,1.136359160272073723e+03,4.119416434383975911e+02,5.269672129239904734e+02,1.285977530583447333e+03,-4.086576686727071461e+01,3.836549805261118422e+02,8.553318665101658098e+02,1.820479083741901150e+02,5.992737878080648670e+02,9.048813185746694217e+02,1.623522021423215165e+02,1.258129023657071031e+02,4.570518188818708722e+02,4.554399084157695370e+02,2.734021633494730850e+02,6.233907124295698168e+02,2.203749709454603245e+00,1.851211155343209569e+01,-2.502478793421789582e+00,3.631754028172685480e+02,3.061618965053805823e+02,1.383085476323836929e+02,2.921977729329328781e+02,3.692031662163661565e+01,-4.990272685935727282e+01,5.180585709221840034e+02,5.865756340425478044e+01,1.457878974358063431e+02
1.135665321478500829e+02,1.958245100015676030e+02,1.691635161547891812e+03,-4.477618976894949299e+01,1.308278526152426764e+02,1.377734023618653737e+03,1.708962656038654586e+02,4.328695060950271909e+02,1.489067718188149001e+03,-1.451926623618798260e+02,9.937175420601957399e+01,1.038590646783104830e+03,2.526541315431897488e+02,6.952288264969006377e+02,1.348595133303069133e+03,9.306399225003697495e+01,1.027675445128892306e+02,1.112579718174761410e+03,4.142728108467344441e+02,5.547576182899866808e+02,1.283178191360742176e+03,-4.063564001647458213e+01,3.959627617063709408e+02,8.474705057128536509e+02,1.867139380928191486e+02,6.099322205430881922e+02,8.982793356955116906e+02,1.655600057806443033e+02,1.307818279206917396e+02,4.540215987061272358e+02,4.489109019807438017e+02,2.907732121594217460e+02,6.006302257620321825e+02,2.807543234550709421e+00,1.969802547133901882e+01,-3.585041004951130095e+00,3.684250068147550223e+02,3.323566727841404713e+02,1.125406870459413966e+02,2.914040756325567827e+02,3.512500681432806715e+01,-5.063657637884983131e+01,5.251781158082908405e+02,8.650519537466395548e+01,1.314062792003205402e+02
1.150178702472825023e+02,2.022388467646014476e+02,1.681690363571598482e+03,-4.561308278970600583e+01,1.393350199498680979e+02,1.368856319240102266e+03,1.709071300563788895e+02,4.353454126017082331e+02,1.482877017788466901e+03,-1.588651534011842728e+02,1.186796520911718460e+02,1.032432987439197632e+03,2.499634636867302220e+02,7.055684220742624575e+02,1.358637576900732711e+03,7.639632512616528004e+01,1.084498613180402486e+02,1.087826333463849323e+03,4.167285179507427415e+02,5.832713564482230595e+02,1.281458062369307527e+03,-4.037002597629322764e+01,4.077306922196426058e+02,8.392187433236813376e+02,1.915477035784214195e+02,6.204850706175532196e+02,8.909984395223913225e+02,1.688594751530105214e+02,1.353565742280989355e+02,4.510247174047266867e+02,4.435074324287023728e+02,3.091007094559033135e+02,5.778520536459162713e+02,3.118034407536792063e+00,2.089465672477798464e+01,-4.572698771472139434e+00,3.718516394964363485e+02,3.623643592964163531e+02,8.856137192097638433e+01,2.905373781987091206e+02,3.292701105115956040e+01,-5.127204679821007716e+01,5.306376029096481943e+02,1.189220102515604651e+02,1.163061991329970368e+02
1.165728221731942398e+02,2.092817907762897960e+02,1.670841215559265038e+03,-4.623072659115422312e+01,1.479507053449335103e+02,1.359040466141185107e+03,1.708344945444811174e+02,4.385221606548797126e+02,1.475575564693852584e+03,-1.703902991090526768e+02,1.375520498580461890e+02,1.026431976536049660e+03,2.480577514923560329e+02,7.153033993059657405e+02,1.367697946104652829e+03,5.883110856245748010e+01,1.134231578611730669e+02,1.061762819038390262e+03,4.192706801657240021e+02,6.125310996831674402e+02,1.280557113981224802e+03,-3.997479852550597457e+01,4.188273665662254075e+02,8.305529006456563366e+02,1.964966093628916326e+02,6.305907478690174912e+02,8.828919188373573661e+02,1.723778809733746300e+02,1.395174693610701127e+02,4.482337905223209873e+02,4.395040550576727014e+02,3.287550818031481299e+02,5.552997733646764118e+02,3.228404115901546412e+00,2.208401791476083176e+01,-5.211064041787960122e+00,3.734699931634455652e+02,3.964448564819946341e+02,6.665639496456383029e+01,2.899017174992006289e+02,3.034156272938567156e+01,-5.169929469902365327e+01,5.346011460963826494e+02,1.558461052631881785e+02,1.002238757575707098e+02
1.182703776651427461e+02,2.168863392433915749e+02,1.659347063002516961e+03,-4.674656655600674071e+01,1.568900179322677673e+02,1.348329018030932502e+03,1.707694767754035183e+02,4.427601476319021003e+02,1.467229014491965927e+03,-1.798724094228860224e+02,1.559582931411448499e+02,1.020342527963751877e+03,2.470265997398973070e+02,7.252490892390781028e+02,1.375370554754705381e+03,4.030616157887698847e+01,1.183517394827427722e+02,1.034184806949707081e+03,4.219035496636961966e+02,6.424726879423003538e+02,1.280056430928365216e+03,-3.939351855252247248e+01,4.294634537947673039e+02,8.213844525775989496e+02,2.015379051290605616e+02,6.402257802714480022e+02,8.739409918037453053e+02,1.762417731211652949e+02,1.434602580515770569e+02,4.457561357228034353e+02,4.370246309906487454e+02,3.503791886108185167e+02,5.330818007903496891e+02,3.311922764623082216e+00,2.334828782528835589e+01,-5.336665739923612151e+00,3.733017073153999945e+02,4.351745235241750152e+02,4.691784675090583789e+01,2.897087854161873111e+02,2.749987617253239947e+01,-5.188479012425377590e+01,5.372320430770280382e+02,1.976998506820012267e+02,8.284537700164329976e+01
1.200238680933286588e+02,2.249418711450431942e+02,1.647530877349193133e+03,-4.731137777008685674e+01,1.664265642589130323e+02,1.336867567585315555e+03,1.707813411820179397e+02,4.482374915638094421e+02,1.457990541377383352e+03,-1.877145008204170153e+02,1.742546231155853604e+02,1.014029439477796586e+03,2.467976391244905301e+02,7.359635194243782053e+02,1.381536458061083295e+03,2.051904007106064043e+01,1.242775068792024342e+02,1.005155262589860399e+03,4.246491166028961857e+02,6.729841720128464431e+02,1.279512468384051317e+03,-3.863510555572091931e+01,4.401376135259879447e+02,8.115689507859682408e+02,2.066424662395078542e+02,6.497937269657636534e+02,8.642653959409749405e+02,1.805213803003828161e+02,1.474828608276665136e+02,4.435950989355962406e+02,4.359521672333466995e+02,3.746490583255550746e+02,5.111431194132204041e+02,3.559335215905526262e+00,2.481094422583668901e+01,-4.946452074341323168e+00,3.713469854175355636e+02,4.792182828385354583e+02,2.922594019547199196e+01,2.899917376349957863e+02,2.458101506938919911e+01,-5.188526369682934813e+01,5.385983966303222132e+02,2.452219766068546676e+02,6.398858339825312669e+01
1.216631481891821949e+02,2.333404659603648952e+02,1.635621691937456717e+03,-4.802818206313678218e+01,1.767550109800177722e+02,1.324769944159708075e+03,1.708672768732172358e+02,4.548752238574514308e+02,1.448017455291578472e+03,-1.944576132909140824e+02,1.928914459857197983e+02,1.007439978043208953e+03,2.471121209549664286e+02,7.475323861515310000e+02,1.386365736102542314e+03,-9.157953980392230520e-01,1.320631875016918855e+02,9.750847480531854217e+02,4.274838833943614418e+02,7.039618369985564641e+02,1.278568206034872674e+03,-3.775310175843021909e+01,4.514073935214915423e+02,8.009424972864526353e+02,2.117410279746553101e+02,6.599828357577100633e+02,8.540436049649633787e+02,1.852012550526487473e+02,1.517784726486229943e+02,4.416479000495672267e+02,4.359754053578363369e+02,4.019176823320498784e+02,4.892978410531676445e+02,4.095811162333822253e+00,2.651324392901475946e+01,-4.203448117370057524e+00,3.676102994881147197e+02,5.289277000294762274e+02,1.332389608172169027e+01,2.906030199476185771e+02,2.168655142269773606e+01,-5.183244348995613393e+01,5.387037140164658240e+02,2.989815659587022765e+02,4.377261268996436883e+01
1.230215311477780347e+02,2.420391063333021293e+02,1.623678927948704313e+03,-4.889456550574490024e+01,1.878890118438025354e+02,1.312055279626299352e+03,1.709547488111386144e+02,4.623737483583565222e+02,1.437398873790392145e+03,-2.006079512926856125e+02,2.121345543521785828e+02,1.000561380232240708e+03,2.476526400791331923e+02,7.595344951884334250e+02,1.390126791270999774e+03,-2.426280638614305829e+01,1.419986653788510580e+02,9.447194475008935797e+02,4.303158428215489835e+02,7.352743562401610689e+02,1.277010228556208403e+03,-3.678645377806852679e+01,4.635944628216474257e+02,7.893945928335461986e+02,2.167079533082109606e+02,6.714329746475347065e+02,8.434019844278083156e+02,1.901806665024942049e+02,1.562902391246955460e+02,4.397329500671893356e+02,4.367581931915837572e+02,4.319779237701332022e+02,4.673286027191227845e+02,4.915052182154874494e+00,2.831787986885244024e+01,-3.380177273571840946e+00,3.621513405969201926e+02,5.839748678510549098e+02,-1.030272352130776170e+00,2.912895274139032153e+02,1.874604388222216045e+01,-5.190490431548482064e+01,5.375955110880125858e+02,3.588834281694178117e+02,2.267612343178639378e+01
1.240040645234308982e+02,2.510886027437782673e+02,1.611634984889829866e+03,-4.980568595618021277e+01,1.996425582218623447e+02,1.298695241600884856e+03,1.709493659842552233e+02,4.703537452318687428e+02,1.426143116201617659e+03,-2.065310021241948562e+02,2.319479713401417484e+02,9.933958082201696698e+02,2.482531081274550786e+02,7.712356921307708717e+02,1.392934272154385553e+03,-4.952382926303236843e+01,1.537558874682673320e+02,9.150163365851087747e+02,4.330440655426691023e+02,7.666356597570063514e+02,1.274764211409978088e+03,-3.570247656040059070e+01,4.765866514358568224e+02,7.769497225348386564e+02,2.213636025527866025e+02,6.844033120887272617e+02,8.323528496821943463e+02,1.953022248192345103e+02,1.607419852636957955e+02,4.376417280681818056e+02,4.381174475574184726e+02,4.641356110560245156e+02,4.451380549016463988e+02,5.865129718388726765e+00,2.991838694326619574e+01,-2.764315834556383855e+00,3.551246949370448647e+02,6.432498203918953550e+02,-1.391355617184628457e+01,2.918041664845676451e+02,1.553360099063865363e+01,-5.229461762888004728e+01,5.354497315512121531e+02,4.239933452227511452e+02,1.459437333811450799e+00
1.245921041955449624e+02,2.606016961499888112e+02,1.599401409299802935e+03,-5.061563732557868178e+01,2.117110047738073320e+02,1.284705916989306161e+03,1.707942785777528627e+02,4.785397127191945401e+02,1.414230815234752981e+03,-2.124342201953050449e+02,2.520549141251522087e+02,9.859417589578955585e+02,2.490363220126882027e+02,7.819582442696446378e+02,1.394611029926031051e+03,-7.641015620996776647e+01,1.666560303630346027e+02,8.869120895387463861e+02,4.356577020902029744e+02,7.975188378014876207e+02,1.271846887104883535e+03,-3.438836961327920960e+01,4.898559464765125426e+02,7.638020773037236495e+02,2.254863414112436715e+02,6.986383154409796816e+02,8.208208058802820233e+02,2.004057269013311497e+02,1.648349093465618012e+02,4.352085601383273570e+02,4.400783647062042405e+02,4.975698887804293804e+02,4.229000668070345910e+02,6.698649262830220330e+00,3.096350802382270118e+01,-2.559664400245040383e+00,3.467798424709392862e+02,7.051058969158973468e+02,-2.518941664668739477e+01,2.920021162649634334e+02,1.180322032621444528e+01,-5.316550587135068184e+01,5.325552436558867839e+02,4.927970768260743171e+02,-1.900681112358977742e+01
1.247963760755876308e+02,2.706872960687364866e+02,1.586946107013419578e+03,-5.121510723624756167e+01,2.238284745163003322e+02,1.270180927118658019e+03,1.705085636441962720e+02,4.869041703711972104e+02,1.401694155276251195e+03,-2.183998335705014995e+02,2.720878735375461588e+02,9.781567609488392918e+02,2.503634976636319891e+02,7.914696555067175723e+02,1.394760965883085873e+03,-1.044030265894655827e+02,1.800386575121530086e+02,8.610398707685745876e+02,4.382777733156758586e+02,8.272620718200206511e+02,1.268314136068520384e+03,-3.270869279608820079e+01,5.026936499809757493e+02,7.502622280697590895e+02,2.288270930011903772e+02,7.135071019266210897e+02,8.087297970069824942e+02,2.053967572985044399e+02,1.684845119004353080e+02,4.323757443357158081e+02,4.427608417786619270e+02,5.317522425766544529e+02,4.011283412081257893e+02,7.167249372920217354e+00,3.123026108130962086e+01,-2.813204271905624498e+00,3.374072622636509209e+02,7.678367342561687110e+02,-3.460892749514385258e+01,2.918805679135871856e+02,7.464588101405384535e+00,-5.460357131367523209e+01,5.292036823924418059e+02,5.637326485278751989e+02,-3.793734647417193884e+01
1.246162084633960347e+02,2.814126998526455736e+02,1.574291504659432576e+03,-5.157426866908787844e+01,2.359404416748954532e+02,1.255228241148677171e+03,1.701922764205990006e+02,4.957098713852173546e+02,1.388666967038202074e+03,-2.244137568074208104e+02,2.917264719625899829e+02,9.699138221075132833e+02,2.526187042907264129e+02,8.001956755954015534e+02,1.393006531317718100e+03,-1.328410892226483782e+02,1.935020882301504059e+02,8.375060377580042541e+02,4.410801281899751416e+02,8.553790225594192407e+02,1.264241342012483756e+03,-3.059789778644848823e+01,5.145408383905723895e+02,7.366306244184117986e+02,2.311297587320174216e+02,7.283255449933607224e+02,7.960824642684593755e+02,2.103061582713334303e+02,1.719463853951095587e+02,4.292136894453157083e+02,4.461751258334850831e+02,5.666702628407891780e+02,3.805944352565496729e+02,7.115827891333548649e+00,3.074872620041025328e+01,-3.392680219975207301e+00,3.272423486344794696e+02,8.301500099487368516e+02,-4.200899975457100766e+01,2.915470567892776899e+02,2.687490589629646376e+00,-5.657178709924981064e+01,5.255622904294832551e+02,6.356942897337364684e+02,-5.478872279788338062e+01
1.240497956114264042e+02,2.928351162225650341e+02,1.561461323655350952e+03,-5.173016878665244178e+01,2.483118958201712587e+02,1.239879817987676006e+03,1.700038915846119494e+02,5.054329327950965194e+02,1.375373145350025652e+03,-2.303748481258560332e+02,3.107838997858415269e+02,9.610085767102231102e+02,2.559770148317650182e+02,8.091292699706925760e+02,1.389236317746181612e+03,-1.609906514250882026e+02,2.069161134813473097e+02,8.158630538350735151e+02,4.441378175876088221e+02,8.818911991232553191e+02,1.259731901988638811e+03,-2.812376851620513563e+01,5.252400240819875989e+02,7.230696929773761212e+02,2.321651762448680074e+02,7.426728410911176752e+02,7.829760150434572097e+02,2.153081841953396633e+02,1.757576588096879959e+02,4.258621861101215131e+02,4.500694166922942259e+02,6.027629459264900333e+02,3.621011716318394633e+02,6.532633990280679370e+00,2.981249939745091027e+01,-4.029364226119339421e+00,3.163749385568585240e+02,8.914273916339370771e+02,-4.748019812922198923e+01,2.911370731792377455e+02,-2.131194866605428118e+00,-5.889411796442068692e+01,5.216199037671518681e+02,7.082618943094047381e+02,-6.932949591244538112e+01
1.231398563710403096e+02,3.050818687721105107e+02,1.548444798752500219e+03,-5.174323227695966665e+01,2.615087912885300057e+02,1.224084719604845077e+03,1.701204621695985963e+02,5.166008781603381976e+02,1.362062313967513319e+03,-2.361189856704388319e+02,3.292606581783474553e+02,9.512618038693079825e+02,2.603136339200906377e+02,8.194601015193418334e+02,1.383704767865950771e+03,-1.880950726660520331e+02,2.202801123193986825e+02,7.953529551413275840e+02,4.473005117147937995e+02,9.074239502474692927e+02,1.254906054915028790e+03,-2.546791347568779074e+01,5.350848516255239247e+02,7.095562921466739681e+02,2.317753615201785067e+02,7.565413659921465523e+02,7.695489378653898029e+02,2.206740032647104783e+02,1.805428884506773102e+02,4.224011016386143069e+02,4.539288541269891653e+02,6.406686562118692336e+02,3.462125284989704710e+02,5.537774022791058570e+00,2.887509693973380820e+01,-4.420268733591744770e+00,3.047264699895239914e+02,9.516851811356858661e+02,-5.139167514946895921e+01,2.907304345709157474e+02,-6.514510465121843730e+00,-6.128851133724558053e+01,5.172386609868852929e+02,7.815867835956074714e+02,-8.160396188127326411e+01
1.219934772504607139e+02,3.184091118134521707e+02,1.535218396679190164e+03,-5.166907727822735552e+01,2.762430449313944791e+02,1.207826139330531987e+03,1.706868662795801583e+02,5.296164687501441222e+02,1.348931777177200729e+03,-2.414957771113589899e+02,3.473791305960662044e+02,9.406856122127126127e+02,2.652979209236233373e+02,8.321049694725778636e+02,1.376925338738657956e+03,-2.134222016979451553e+02,2.335799371054490621e+02,7.753486546873660927e+02,4.502138567447178161e+02,9.329435525712158324e+02,1.249830979511306396e+03,-2.282137326856109993e+01,5.446637272063434239e+02,6.959458899613725862e+02,2.299090359885898636e+02,7.702765102944578075e+02,7.558993452895970222e+02,2.266650839554388597e+02,1.868105225242432255e+02,4.187138108878806975e+02,4.571163977228857220e+02,6.809576100279448383e+02,3.330810736683460505e+02,4.325651603100014064e+00,2.838809263761572765e+01,-4.352992829599567237e+00,2.921197360457720151e+02,1.011285582275694537e+03,-5.425965062415451001e+01,2.903160732631292831e+02,-1.007810176148419146e+01,-6.344746105086807120e+01,5.122568326969721966e+02,8.560361385462194903e+02,-9.181310399994143268e+01
1.207321138998844248e+02,3.331789059474732539e+02,1.521799202621537233e+03,-5.157190576957582806e+01,2.931371135914228603e+02,1.191281095768381419e+03,1.717594977843925790e+02,5.446463335200697884e+02,1.336075731667104492e+03,-2.464794326174003913e+02,3.655654735504401174e+02,9.296069346849832300e+02,2.705777893895013335e+02,8.473806241470871328e+02,1.369431550568792545e+03,-2.363164869931853787e+02,2.467487504668739007e+02,7.557760313758318489e+02,4.524753276459686049e+02,9.592663628556003914e+02,1.244420172106234986e+03,-2.025351318085853336e+01,5.546033814027096014e+02,6.821043877451426170e+02,2.266275120174648805e+02,7.843816208043125471e+02,7.420279754613316072e+02,2.334060914904643482e+02,1.948496506510520021e+02,4.144316196173846265e+02,4.590606656117775515e+02,7.239477380660985091e+02,3.224585553695937961e+02,3.095301587761636330e+00,2.865336210095403402e+01,-3.793530061785034047e+00,2.784034701598224615e+02,1.070526769582028464e+03,-5.655127234471945741e+01,2.898212931480736074e+02,-1.264191782847241363e+01,-6.513874994426856802e+01,5.065445537451465725e+02,9.317779650950215000e+02,-1.001741114198509450e+02
1.193914839502679968e+02,3.497592586493242379e+02,1.508268455598495621e+03,-5.156396412612330948e+01,3.125095678234799834e+02,1.174881594743819960e+03,1.732567212830973915e+02,5.616257981457381447e+02,1.323482671503764777e+03,-2.512367742389794500e+02,3.843318522261684507e+02,9.186444905570571109e+02,2.759060678104698923e+02,8.649811341556779780e+02,1.361558162318229279e+03,-2.562351598013904095e+02,2.597345521923970750e+02,7.372755477052550077e+02,4.538095391178050590e+02,9.866356707953818841e+02,1.238385806830114007e+03,-1.763723543214050338e+01,5.653539322701547007e+02,6.680214552803753350e+02,2.220754210674272144e+02,7.993100471686079800e+02,7.278380177246210678e+02,2.407987422780860811e+02,2.047517249464717395e+02,4.090161477846978642e+02,4.593877893488656809e+02,7.696005019357654646e+02,3.138658566421239584e+02,2.000927364248720419e+00,2.974508226046429016e+01,-2.886859403319538497e+00,2.635668307170913636e+02,1.129254108915795314e+03,-5.854870720733961775e+01,2.891790849834176242e+02,-1.424771071047118021e+01,-6.628387056759507345e+01,4.999600018589945307e+02,1.008471090856858723e+03,-1.068162975032857247e+02
1.178422857245403179e+02,3.684159446906082849e+02,1.494736062789932021e+03,-5.182872918079759472e+01,3.342820448574699981e+02,1.159200095844193811e+03,1.749363952292794124e+02,5.803751009923273614e+02,1.311078215681966412e+03,-2.560841272399420632e+02,4.040731921713670545e+02,9.085241257657213509e+02,2.811239292955970654e+02,8.842496110661169268e+02,1.353367471432166667e+03,-2.727389494925166673e+02,2.726127162631530041e+02,7.209989130529428394e+02,4.541276265824541269e+02,1.014609788436137364e+03,1.231301113362188516e+03,-1.467997324095661327e+01,5.771062229062137021e+02,6.538429340794422160e+02,2.164293800806736101e+02,8.153357362392200685e+02,7.131914712032755688e+02,2.485288848756812001e+02,2.164990190218830719e+02,4.019621470329268504e+02,4.579472532429437592e+02,8.174765486700509882e+02,3.068154181815221477e+02,1.140626942015661838e+00,3.152573566842569264e+01,-1.864801609127201942e+00,2.478059532640063196e+02,1.186618759768100290e+03,-6.034785591431502638e+01,2.883892407570654086e+02,-1.510552921759982148e+01,-6.697757580239012043e+01,4.922509368628190600e+02,1.085162738806385732e+03,-1.117340491622280041e+02
1.157974774379394916e+02,3.892731951623497366e+02,1.481285770486268802e+03,-5.259438339082134917e+01,3.580580079803236231e+02,1.144722056805928105e+03,1.764181824716635560e+02,6.007642370413575463e+02,1.298794880828327450e+03,-2.613428939507098789e+02,4.248834075471419283e+02,8.998257725534375595e+02,2.860363288510756661e+02,9.045795165998290486e+02,1.344737421206482168e+03,-2.854307747737389604e+02,2.856790033658770085e+02,7.081515817240680235e+02,4.534381672786478248e+02,1.042294573843922990e+03,1.222739129049805797e+03,-1.103764418605258868e+01,5.898415520653488784e+02,6.398252952339034891e+02,2.098464504930270778e+02,8.325327073509588445e+02,6.979960601541432652e+02,2.561771730742196382e+02,2.300377983618082283e+02,3.930288647161856943e+02,4.547428629427868145e+02,8.667927286826381987e+02,3.009699668506155490e+02,5.827852025396791369e-01,3.374494432737667182e+01,-9.094322979540843122e-01,2.315409451043450417e+02,1.241083784685606133e+03,-6.198188321117441291e+01,2.875435623119029174e+02,-1.551389724584546315e+01,-6.743838557930568811e+01,4.830029638150041364e+02,1.160434056818733325e+03,-1.147939197076208018e+02
1.129168140065364838e+02,4.123677383973995347e+02,1.467972286087772773e+03,-5.406036398338393667e+01,3.833484390750919033e+02,1.131664803344510119e+03,1.772524293314722286e+02,6.228399435433805138e+02,1.286641802445316671e+03,-2.671807879165701252e+02,4.465269339076277220e+02,8.928016132607584723e+02,2.902928969403960195e+02,9.257386409147882205e+02,1.335520184218776194e+03,-2.938754697354603422e+02,2.994821326049783465e+02,6.995402357756883021e+02,4.517116674081703991e+02,1.068757512821049886e+03,1.212393935518068929e+03,-6.432327061484882869e+00,6.034496579818362534e+02,6.262642941473397968e+02,2.024321225545698439e+02,8.508479692149771836e+02,6.822844574219304832e+02,2.633892147663701735e+02,2.452954625487046201e+02,3.823800378308723680e+02,4.498140321318670658e+02,9.166494470684621092e+02,2.961767607485330132e+02,4.143019235995527016e-01,3.617867551921196423e+01,-4.664290889323022965e-02,2.153869006555923420e+02,1.290724163495636276e+03,-6.359548245134470790e+01,2.868109492968817449e+02,-1.578250514789733217e+01,-6.791330216376618978e+01,4.717005883994338546e+02,1.232769043092848733e+03,-1.158039448153268438e+02
1.089580694183467386e+02,4.377537342875288005e+02,1.454894792138665025e+03,-5.631636597836384794e+01,4.098538185295543599e+02,1.119969102113219606e+03,1.770166637675482662e+02,6.468558931989975918e+02,1.274743131133695670e+03,-2.735343695990422361e+02,4.686248084713321873e+02,8.873587445724079998e+02,2.933692591507802945e+02,9.479885414273466040e+02,1.325649796382450859e+03,-2.975597375194246865e+02,3.147745918689807354e+02,6.953669704500296120e+02,4.488373628285015116e+02,1.093404445192932826e+03,1.200120000748042685e+03,-6.990109960918601262e-01,6.178440969843160246e+02,6.134462736671466700e+02,1.942383448409594564e+02,8.702290685858738470e+02,6.662496674555776508e+02,2.700262648947361868e+02,2.621646096856230770e+02,3.705514934871107471e+02,4.431192001719463747e+02,9.664071763782856124e+02,2.923921402509976133e+02,7.892094635456444740e-01,3.875272609510881949e+01,8.763077588241430238e-01,2.000733552507121829e+02,1.333764815534662603e+03,-6.557549585386448143e+01,2.863926408190635016e+02,-1.615989981846196244e+01,-6.858102563824088804e+01,4.578794849464160279e+02,1.301034794667063125e+03,-1.146632565540478765e+02
1.038959042335996230e+02,4.655864052628091372e+02,1.442283927445649852e+03,-5.930390351451062969e+01,4.376806692686053566e+02,1.109452745567217789e+03,1.754051186501828283e+02,6.732050840879882116e+02,1.263317424226961975e+03,-2.801478937918510042e+02,4.909714734733242949e+02,8.831954469508065131e+02,2.946534124500229268e+02,9.719969046397651482e+02,1.315135627366133804e+03,-2.959420020658576505e+02,3.323762261466412156e+02,6.953457237864349736e+02,4.447101840419782093e+02,1.116174525278092460e+03,1.185899758790448232e+03,6.253919916095341591e+00,6.330319890296185577e+02,6.016299833124247698e+02,1.852883423125789477e+02,8.907486941084122236e+02,6.502161896548885807e+02,2.762255173319693426e+02,2.805059909122505815e+02,3.582518665782577045e+02,4.344676385780032888e+02,1.016035321902161741e+03,2.895622343046310334e+02,1.959080285339280803e+00,4.160596684158106484e+01,2.128687592343645907e+00,1.863185270227107537e+02,1.369176080388590890e+03,-6.856401326556932929e+01,2.864608146632704120e+02,-1.676174967932155369e+01,-6.949513667202056411e+01,4.412871340216603926e+02,1.364874198294912048e+03,-1.115751091030864899e+02
9.794267252342575603e+01,4.961327844744239428e+02,1.430497272956718916e+03,-6.284598983776213998e+01,4.673838664255982280e+02,1.099990080369514317e+03,1.722727550945387520e+02,7.022996341583854019e+02,1.252588313463618761e+03,-2.866890956438962803e+02,5.137893950658439053e+02,8.799859368112614675e+02,2.935590866165347848e+02,9.986194644206436806e+02,1.303961505177129311e+03,-2.886001040633055368e+02,3.529675857336733316e+02,6.990183705954316338e+02,4.393449942450313870e+02,1.137522854979671592e+03,1.169782015042533658e+03,1.452336777152651059e+01,6.491182949555826553e+02,5.910355588849965898e+02,1.756127425286864252e+02,9.126531608145769496e+02,6.345522765944137973e+02,2.823455815683283845e+02,3.001926058139700331e+02,3.460884612245621952e+02,4.235355310356412701e+02,1.066184260368832383e+03,2.875332115099032535e+02,4.270100857349444112e+00,4.507719569444984842e+01,3.996125224873841031e+00,1.746954640348598105e+02,1.397072186686262967e+03,-7.332640548229295518e+01,2.870979029245343099e+02,-1.751297317384351260e+01,-7.058651430107514102e+01,4.219751308374020482e+02,1.424796032417898459e+03,-1.072346731151438206e+02
9.144883750149210755e+01,5.297034880773026089e+02,1.419874825391268359e+03,-6.672564361513423137e+01,4.997851252447913453e+02,1.091572567936522773e+03,1.676101219109109763e+02,7.344534089188066446e+02,1.242649517239861325e+03,-2.928665301448628497e+02,5.377387650349862724e+02,8.774830340841868974e+02,2.895795938906612719e+02,1.028637438691019042e+03,1.291947163909236906e+03,-2.754358035604660131e+02,3.768608098440822687e+02,7.060485103235700990e+02,4.328757338851892200e+02,1.158246640790616311e+03,1.151803460275171801e+03,2.426459660309486210e+01,6.662365674684150463e+02,5.818235085788277274e+02,1.652801609770532991e+02,9.362765766053699963e+02,6.195563226335023046e+02,2.888268619763330776e+02,3.211613819761036552e+02,3.343497374056241824e+02,4.099811191951923206e+02,1.117842748649490886e+03,2.860381446378734154e+02,8.115611832626443700e+00,4.962829651646767815e+01,6.698623679913276341e+00,1.655431080366979586e+02,1.418700810371951547e+03,-8.050531467074210923e+01,2.882630715470559153e+02,-1.813629572436756732e+01,-7.171732043857301164e+01,4.003008207108220518e+02,1.481851647508389078e+03,-1.028583289396007387e+02
8.471778836973311400e+01,5.665377183669482974e+02,1.410525038061046416e+03,-7.076021047807523701e+01,5.356164217890978989e+02,1.084214360223789754e+03,1.614607129910539811e+02,7.698071005670504974e+02,1.233342667864015539e+03,-2.984850613396167773e+02,5.636357904860988128e+02,8.754702013215085117e+02,2.822622633410601907e+02,1.062519623948820936e+03,1.278612604215813008e+03,-2.568635551371239671e+02,4.038284397005326696e+02,7.163254724837050844e+02,4.253998797966129928e+02,1.179256059359429628e+03,1.131875772165065655e+03,3.568454567341726147e+01,6.844228286772475940e+02,5.740746609548406241e+02,1.544149458459833681e+02,9.618294922283482720e+02,6.053679330001050403e+02,2.960265582877202064e+02,3.434167609379483110e+02,3.229469030618205920e+02,3.936344844382367114e+02,1.171689591905203542e+03,2.847696171359376649e+02,1.384769068212029808e+01,5.573472826960458093e+01,1.035701718756699741e+01,1.589545573169786508e+02,1.435978588062612971e+03,-9.034698666955549129e+01,2.898123423525340172e+02,-1.821429108573803646e+01,-7.275972164058346436e+01,3.768698620684244815e+02,1.536986573316663453e+03,-9.996662674033740359e+01
7.781921093093635022e+01,6.066906837613545349e+02,1.402192019531465803e+03,-7.482105192390041282e+01,5.751376917955961972e+02,1.077793928013357117e+03,1.538304905443997086e+02,8.083152381541945033e+02,1.224219587382907775e+03,-3.034142994226237988e+02,5.920120934748130139e+02,8.736083159013161321e+02,2.711619531040968241e+02,1.100274690677588069e+03,1.263067712430988649e+03,-2.339074634103064056e+02,4.330858979271610565e+02,7.298699608975504134e+02,4.167736147202143684e+02,1.201392468035317052e+03,1.109650715442574892e+03,4.898573549229618607e+01,7.034949237207109718e+02,5.677948636007954519e+02,1.432027590916928546e+02,9.891626452759138601e+02,5.919486113411235237e+02,3.040882499064929902e+02,3.669687968620676202e+02,3.115348345874321581e+02,3.746881845630064163e+02,1.227466418458224325e+03,2.835138220257189801e+02,2.167955196953876396e+01,6.378068880520893913e+01,1.500468530334851636e+01,1.548294730291649444e+02,1.450751051331246117e+03,-1.025124920978834240e+02,2.915749082541730104e+02,-1.731627385472556568e+01,-7.366522390037815171e+01,3.524675129519332017e+02,1.590353198528945995e+03,-9.996490173237141619e+01
7.049798169768831713e+01,6.499695982936444807e+02,1.394317153269790651e+03,-7.878534793811854797e+01,6.179159068232834215e+02,1.071961785350476248e+03,1.446472299695544734e+02,8.497969409920710859e+02,1.214628228314800936e+03,-3.074853688283717474e+02,6.227469307789214099e+02,8.713102761018519686e+02,2.558500979064373269e+02,1.141453027662133991e+03,1.243963335325150183e+03,-2.081526657890738647e+02,4.634879614525588067e+02,7.466789349794972850e+02,4.065153189684759809e+02,1.225347486888960930e+03,1.084440783478731191e+03,6.429610860678940298e+01,7.230304393026909793e+02,5.629497836421414831e+02,1.318823975659427958e+02,1.017652056510656621e+03,5.791450871140251593e+02,3.128907110523181814e+02,3.917517261081779907e+02,2.997429078938762927e+02,3.537843477812518813e+02,1.283731121981058777e+03,2.822955473737019929e+02,3.163313921291849695e+01,7.399386275371399790e+01,2.062602150341700025e+01,1.529423821048952448e+02,1.464113804896987631e+03,-1.160621977067772121e+02,2.934477354382525505e+02,-1.513433307038345177e+01,-7.449441548439466487e+01,3.280021291028305086e+02,1.640943623245585286e+03,-1.036996978505045206e+02
6.223301818398999785e+01,6.959462602721672511e+02,1.386272510348591595e+03,-8.245196062236985313e+01,6.628841822385096521e+02,1.066174602285110041e+03,1.337888564092962156e+02,8.940319571233702618e+02,1.203887048189839106e+03,-3.103594565946460193e+02,6.549530895861424824e+02,8.677660876848680118e+02,2.359986964006990604e+02,1.185307154379753456e+03,1.219560260149381520e+03,-1.815381621926208595e+02,4.939017839961582581e+02,7.666700982472087844e+02,3.938985544241829189e+02,1.251654097758973876e+03,1.055290474273370819e+03,8.161891381398554302e+01,7.425059183695416323e+02,5.595052380617970584e+02,1.207174646958192881e+02,1.046298988970548407e+03,5.668038726661559394e+02,3.220972183365864794e+02,4.175949068718686021e+02,2.873998153946436105e+02,3.319156469424845000e+02,1.338162917735368410e+03,2.814623626479065024e+02,4.357576906138429962e+01,8.644395552673940131e+01,2.720727006007949811e+01,1.529824509089114031e+02,1.476119023883648197e+03,-1.296371295889853172e+02,2.954435028314209148e+02,-1.154748359413115999e+01,-7.539192753582339890e+01,3.044486692155837773e+02,1.686774895975230947e+03,-1.112033753701496295e+02
5.241932691221813201e+01,7.440450123550201624e+02,1.377612270350084827e+03,-8.547655357671109755e+01,7.086530986246013981e+02,1.059810587167394715e+03,1.211406214066658862e+02,9.408610406352355540e+02,1.191440285827792650e+03,-3.114160226504706657e+02,6.871387895113984996e+02,8.621352026446159016e+02,2.114866155527049045e+02,1.231022141585964846e+03,1.187953700233297923e+03,-1.560290356928901474e+02,5.236097621411893215e+02,7.897635289888823991e+02,3.781917528722811426e+02,1.280652595083130336e+03,1.021220738682554838e+03,1.008207579350273164e+02,7.615673903595932188e+02,5.574375747391660525e+02,1.099475978577128643e+02,1.074011523249721449e+03,5.548733961902366900e+02,3.312919830652450059e+02,4.442787674390096981e+02,2.746552500512274264e+02,3.101410959110596082e+02,1.388291401801211123e+03,2.816315339308865759e+02,5.733898358462666778e+01,1.011060283895260028e+02,3.479165963621559143e+01,1.545597618831502018e+02,1.486001848303755651e+03,-1.417906879755723821e+02,2.976412409440606552e+02,-6.559786001336143535e+00,-7.651544677320416099e+01,2.827681517371308928e+02,1.725580927667202104e+03,-1.217425059239296701e+02
4.057962418117171666e+01,7.936688992426137474e+02,1.368166421602653372e+03,-8.736863660650659824e+01,7.539092273531271076e+02,1.052275595544663020e+03,1.066132974871861876e+02,9.902339501054517541e+02,1.176878890132166816e+03,-3.096834977681661485e+02,7.175187695952157583e+02,8.538172556745980728e+02,1.824632776846665934e+02,1.277843138943078657e+03,1.147430379591427482e+03,-1.332560091894916638e+02,5.525567625150935100e+02,8.159707094550906277e+02,3.589314643211395151e+02,1.312330140896705416e+03,9.815589446443885890e+02,1.216555713265912573e+02,7.803020630591585132e+02,5.566975546177665137e+02,9.973610068655791849e+01,1.099920169915840006e+03,5.434314258655474532e+02,3.401500673183811614e+02,4.716354231407310635e+02,2.619658575993166210e+02,2.892272971979866725e+02,1.432297286320858348e+03,2.834596414021344799e+02,7.285057251950490809e+01,1.179537272438633266e+02,4.352586793825035727e+01,1.572126681956101208e+02,1.492800742443457693e+03,-1.513753447225516879e+02,3.000452694375276224e+02,-1.383811794750874624e-01,-7.795039615824600787e+01,2.638014316329281996e+02,1.755699410695019878e+03,-1.341245780440470696e+02
2.650803786776110016e+01,8.442955631615687935e+02,1.357911467790254392e+03,-8.755340835802850563e+01,7.976942564333878636e+02,1.043058175337046805e+03,9.008863349754365402e+01,1.042150808215404368e+03,1.159796375669051031e+03,-3.037951394248159431e+02,7.443040348291150394e+02,8.427067523936456155e+02,1.493619237757953044e+02,1.324942277200670787e+03,1.096875930911594878e+03,-1.142400481946476845e+02,5.813238367725674607e+02,8.453039190965215539e+02,3.361295163954059149e+02,1.346020821315421699e+03,9.362161412748893099e+02,1.438042731660904394e+02,7.993444875204153277e+02,5.571452087188844189e+02,9.014353200234442909e+01,1.123554794029734694e+03,5.326157849415764076e+02,3.485638425105748865e+02,4.996069053873172265e+02,2.499785231084298402e+02,2.693922433551866789e+02,1.469512327312565731e+03,2.872850332923566157e+02,9.018477558461735555e+01,1.370147190798087706e+02,5.367334256023986683e+01,1.604537531379692155e+02,1.496055610461487959e+03,-1.578647374437306325e+02,3.024227363655847967e+02,7.936758929102695426e+00,-7.964832897385844035e+01,2.481672368982930266e+02,1.776748686303300701e+03,-1.470949587166094261e+02
1.030387158634610145e+01,8.954741929617576943e+02,1.346717181921559813e+03,-8.546127285248070393e+01,8.394437701493172881e+02,1.031779649338431909e+03,7.132849766336006780e+01,1.096474550164630273e+03,1.139579900009923676e+03,-2.919385483446760077e+02,7.658796343255269221e+02,8.294183228780608488e+02,1.129142038474305281e+02,1.371019973767969759e+03,1.036128759110679994e+03,-9.930625898700070309e+01,6.108459599428758793e+02,8.774428412850029417e+02,3.103670781134086951e+02,1.380113125163272116e+03,8.858236981860690094e+02,1.669036669520253042e+02,8.197133351825915497e+02,5.584980203764337148e+02,8.114962572126687235e+01,1.144786569378255081e+03,5.224981271872026127e+02,3.566658455928484273e+02,5.281930492391309144e+02,2.393738510095271579e+02,2.502953587928686261e+02,1.500422825743245312e+03,2.928023747220486825e+02,1.094755057784936980e+02,1.583219381028402495e+02,6.556863733897129976e+01,1.638541996602976667e+02,1.496238179987333524e+03,-1.614916641547315521e+02,3.042165778754352914e+02,1.808187680222480509e+01,-8.141133461353902590e+01,2.361989158115553664e+02,1.789808034138921585e+03,-1.596363663440029086e+02
-7.684009614872310934e+00,9.467093623964738072e+02,1.334165199818220572e+03,-8.059826917992660356e+01,8.788318040475311363e+02,1.018320080821663737e+03,4.993206678263544518e+01,1.152655458840025631e+03,1.115318511302633169e+03,-2.718190771468210301e+02,7.809281854723874403e+02,8.155160337334834821e+02,7.420801727278615090e+01,1.413861230062547747e+03,9.661917263055994454e+02,-8.822239354497108366e+01,6.420145696079814570e+02,9.113167639232192414e+02,2.827626903229830759e+02,1.412044848410714621e+03,8.317335589938617204e+02,1.905498160972628625e+02,8.424105928825940737e+02,5.603350191815396784e+02,7.271955371405043422e+01,1.163567874314840765e+03,5.129879929149068403e+02,3.647428255320519952e+02,5.572986586499978330e+02,2.307200333077803123e+02,2.312913058729994304e+02,1.526230193872635937e+03,2.989747732006856040e+02,1.307278821195853880e+02,1.817511875559904979e+02,7.950606935482463200e+01,1.671215571723259927e+02,1.494706130534749946e+03,-1.631231015021247117e+02,3.045985608984121882e+02,3.073384606407788056e+01,-8.291893750022212828e+01,2.279258268083142411e+02,1.797053483838010607e+03,-1.710673974162661182e+02
-2.695490592401169039e+01,9.973090922620444871e+02,1.319594251338036884e+03,-7.258158043168884888e+01,9.156092142017120068e+02,1.003038561535371173e+03,2.541622283027724905e+01,1.209478219030519313e+03,1.085972525559889391e+03,-2.407628932508177115e+02,7.886747360319012614e+02,8.037045090491869814e+02,3.475702588990545649e+01,1.450214061753911892e+03,8.892476931704057961e+02,-8.048251691612342995e+01,6.753453234542865857e+02,9.449128483217415351e+02,2.548076956539791809e+02,1.438823394136462412e+03,7.759286881195657770e+02,2.142843420514461172e+02,8.679495694641876753e+02,5.621740749799118930e+02,6.488344300612756399e+01,1.179616289296882769e+03,5.038512236644565405e+02,3.730943801084462734e+02,5.865772310267407192e+02,2.243537160674753750e+02,2.118232866871367719e+02,1.548205861197125387e+03,3.043039274104277752e+02,1.536477797713030213e+02,2.068286061233551436e+02,9.558685185112453553e+01,1.701171756894148359e+02,1.493207778720496208e+03,-1.638897892160395884e+02,3.026623031514536137e+02,4.608493002378850889e+01,-8.377853846966051776e+01,2.230775634503615379e+02,1.801027644253161725e+03,-1.809701517598895748e+02
-4.695376343550385911e+01,1.046337247034940901e+03,1.302376963701061413e+03,-6.117236223570235865e+01,9.496375368654258864e+02,9.869889749996074215e+02,-2.561209409191054220e+00,1.264969457734706339e+03,1.050802421268922444e+03,-1.961562576584222484e+02,7.894172535059923348e+02,7.977966207509774677e+02,-3.506660709171292467e+00,1.476281440331540352e+03,8.084701985117567347e+02,-7.553920023109704118e+01,7.108356381783938787e+02,9.755919121994270427e+02,2.280795811598232490e+02,1.458025078413130359e+03,7.208602950207554159e+02,2.375914848661703900e+02,8.960368663206912743e+02,5.635984239014053401e+02,5.779170392065351081e+01,1.192235286595221169e+03,4.948614090379405184e+02,3.819124047812800882e+02,6.154060145824240635e+02,2.202792186108961232e+02,1.917659578092088282e+02,1.567133724686014148e+03,3.073844201153816584e+02,1.776217694977549684e+02,2.326572548605127793e+02,1.135719910046299788e+02,1.728004934311269949e+02,1.493190425708738530e+03,-1.647145950297455386e+02,2.977042389614067019e+02,6.390695342965734227e+01,-8.358440448136256862e+01,2.210964433219676550e+02,1.803852449744626256e+03,-1.890729862510737007e+02
-6.713917790369869465e+01,1.092781276956249712e+03,1.282272347914923557e+03,-4.636021222094255023e+01,9.811836631126572001e+02,9.719514242913480757e+02,-3.388996406681565787e+01,1.316557671595774536e+03,1.009885580942119532e+03,-1.363359640727314286e+02,7.853273005204380297e+02,8.022184057411337790e+02,-3.838505028753510118e+01,1.488806615277178480e+03,7.276637965484743518e+02,-7.275188259031762072e+01,7.480511531383134525e+02,1.000990222212853723e+03,2.038922670788628011e+02,1.468845207975993162e+03,6.691832268486859903e+02,2.599371712856468548e+02,9.255822436051964814e+02,5.643703927248419632e+02,5.172705923703380648e+01,1.200420610172499664e+03,4.860069207398178150e+02,3.912362119020278328e+02,6.430784726034205505e+02,2.180787993151000705e+02,1.715718016610358347e+02,1.583073513150671261e+03,3.074838201604832193e+02,2.018951200659000165e+02,2.580864126001655450e+02,1.327935369265058512e+02,1.751454974348677354e+02,1.495272682118676357e+03,-1.659657007782805636e+02,2.895206144619971269e+02,8.360386992607560330e+01,-8.198257534885711095e+01,2.211784460053918338e+02,1.806703995285224664e+03,-1.952089585821249216e+02
-8.701057365279160649e+01,1.135920079304991305e+03,1.259631600989973322e+03,-2.852119902872006207e+01,1.011334900249728435e+03,9.601314032956837536e+02,-6.772988788715883857e+01,1.361474967330755817e+03,9.644578924936331532e+02,-6.177668739076320037e+01,7.812181734030301641e+02,8.209596374222616078e+02,-6.770683671635744361e+01,1.486347762701507691e+03,6.507909973847470155e+02,-7.094805264870235817e+01,7.864410229745132028e+02,1.020289594681821654e+03,1.829870253076572055e+02,1.472597720321309453e+03,6.233646588150594425e+02,2.808622150823389347e+02,9.550646207592924384e+02,5.644643408493067227e+02,4.707756346999010333e+01,1.203269198916153528e+03,4.776171141461854859e+02,4.009938982375769569e+02,6.691762132876240230e+02,2.168547412665296292e+02,1.521811880560819930e+02,1.595535405110319289e+03,3.048478477683913752e+02,2.258612418575198433e+02,2.821190675189084232e+02,1.521661340702626717e+02,1.770972066293999774e+02,1.499156921061063031e+03,-1.674209927926862349e+02,2.786453367220850055e+02,1.044923462194164614e+02,-7.874309642177401258e+01,2.223801094725976100e+02,1.809755449735397860e+03,-1.993766085427917290e+02
-1.061094503838383076e+02,1.175718626639493095e+03,1.235317483336595387e+03,-8.597235350535207488e+00,1.042246468473612367e+03,9.535366317421953681e+02,-1.024158355107865077e+02,1.397285076521611472e+03,9.168729037102452821e+02,2.390517781355755389e+01,7.847374149182159044e+02,8.561925148451321093e+02,-8.968835905912875717e+01,1.470130259200184810e+03,5.814494215568363416e+02,-6.777870500856862179e+01,8.258786515238682568e+02,1.035350774978179970e+03,1.653653654991213386e+02,1.472304043312755766e+03,5.852112009294359041e+02,3.001002349364266024e+02,9.830993527404222050e+02,5.639955921238288283e+02,4.428049630129481073e+01,1.200527968516550573e+03,4.703062949257115974e+02,4.110955670289359887e+02,6.939439374093944934e+02,2.152593851241043694e+02,1.347517317680754161e+02,1.603964763279679573e+03,3.005723448571041558e+02,2.492903381152648024e+02,3.043871468650172574e+02,1.703147713589440002e+02,1.785977078483299465e+02,1.504003144243744600e+03,-1.685621779265437397e+02,2.664513539645120659e+02,1.261647868823765037e+02,-7.383390434167546346e+01,2.237946617374867060e+02,1.812575147551629243e+03,-2.018279993478931260e+02
-1.240264365615400237e+02,1.212996006505673449e+03,1.210383884512884151e+03,1.182302969880744214e+01,1.076944846628788127e+03,9.532464666068538008e+02,-1.356442411051327213e+02,1.422370902995423876e+03,8.701545363353458242e+02,1.137545657671505950e+02,8.054436727687367465e+02,9.070821148122886370e+02,-1.032630923667766325e+02,1.443992710963745367e+03,5.223801158636159698e+02,-5.933937295367751830e+01,8.673736275391637491e+02,1.051049668904116061e+03,1.503191993631823209e+02,1.471537176277615345e+03,5.554571344493078868e+02,3.176476004116967715e+02,1.008923471000142740e+03,5.630941275443407221e+02,4.373571140529310952e+01,1.192989077442424104e+03,4.647497143709983334e+02,4.215146240413285454e+02,7.184307668520158359e+02,2.116773405751714563e+02,1.203104452198392806e+02,1.608267231929178706e+03,2.961256927523000968e+02,2.723600227991786937e+02,3.254330800800591419e+02,1.857945669113700262e+02,1.796438652185763942e+02,1.509005094922504668e+03,-1.690138193177481014e+02,2.550476358715857259e+02,1.487308003034075909e+02,-6.748215336390400410e+01,2.247374437787740646e+02,1.814729346481410630e+03,-2.030759214752128514e+02
-1.404325291288802475e+02,1.249199534026963192e+03,1.185716092322570830e+03,3.064894525822632687e+01,1.118602068105730723e+03,9.588992238827889878e+02,-1.649275629934290350e+02,1.436245770248250210e+03,8.273180466463441007e+02,1.984952919895947616e+02,8.526039959798800965e+02,9.693808268909716617e+02,-1.082908249363477609e+02,1.413356519635466384e+03,4.751161576544354830e+02,-4.060201287365856615e+01,9.137587721627173778e+02,1.074267353174175014e+03,1.366540873279882362e+02,1.473115630424277697e+03,5.336027564987156211e+02,3.337113195518282964e+02,1.032535090262218091e+03,5.618129958787459373e+02,4.568400102612903879e+01,1.182463694277712875e+03,4.614171392312397870e+02,4.322985981228129049e+02,7.442491238508857805e+02,2.045776121382702684e+02,1.094400866632078646e+02,1.609066095910467084e+03,2.927866913831700231e+02,2.954850685140399378e+02,3.466060300006695911e+02,1.973410278416925223e+02,1.803081559761417338e+02,1.513798778218325424e+03,-1.688427867884784064e+02,2.469458564768464157e+02,1.727974684058734454e+02,-6.020447708367699136e+01,2.248530405538551804e+02,1.816230258311756188e+03,-2.037604957070961689e+02
-1.551210651981167246e+02,1.285846503926778041e+03,1.161834198175321717e+03,4.570407484334187842e+01,1.169484373233249926e+03,9.686442680641785046e+02,-1.881818753016244727e+02,1.439643676461994801e+03,7.907248275013306511e+02,2.686314117087022737e+02,9.322167854737413109e+02,1.036126716439395523e+03,-1.055993082115116692e+02,1.383622616701020661e+03,4.398786855845285118e+02,-6.919893836133883980e+00,9.699899891857966168e+02,1.111442437920720522e+03,1.230467142209530920e+02,1.478275090844638498e+03,5.181195172493470409e+02,3.485283063640314936e+02,1.054410463028176309e+03,5.601343292120684509e+02,5.007056992332191925e+01,1.171271098414120161e+03,4.604121989354399602e+02,4.434967219348026219e+02,7.730147357941268638e+02,1.929611350612639455e+02,1.020949164356488836e+02,1.607533755377758780e+03,2.912673130400299897e+02,3.190758974433373965e+02,3.695910528011621068e+02,2.040781417645399074e+02,1.806927834407034652e+02,1.518479766047145404e+03,-1.685198678258739449e+02,2.445469170064374964e+02,1.991969723473461613e+02,-5.278638864737609282e+01,2.240994214163188190e+02,1.817584244917970182e+03,-2.044047896067832255e+02
-1.680295780312885938e+02,1.323917859830805583e+03,1.138922388940460451e+03,5.531204637268370305e+01,1.230002583195476518e+03,9.795854910579126908e+02,-2.042426097582004445e+02,1.434429989206769733e+03,7.616839359400194098e+02,3.169076870175201748e+02,1.044393018568187472e+03,1.099261793603905744e+03,-9.685851273882711610e+01,1.358677059922833223e+03,4.157592781764681149e+02,4.371586875079802326e+01,1.042648202108448686e+03,1.165315375952308386e+03,1.084395735260172842e+02,1.486613831171479205e+03,5.069606940515521956e+02,3.621499839712924427e+02,1.074977843277619968e+03,5.580626166677845958e+02,5.645084771116627564e+01,1.161457712075328573e+03,4.614884392507792086e+02,4.550502673955923001e+02,8.057418413138792630e+02,1.767416993513272985e+02,9.760522511520647981e+01,1.604903503367397661e+03,2.916362193664675715e+02,3.433882805289881617e+02,3.958086471339262857e+02,2.056333435064213404e+02,1.808549661394621921e+02,1.523298529210403558e+03,-1.685731768922224489e+02,2.495791197567920108e+02,2.286129580794758738e+02,-4.619529699082635688e+01,2.226421843050461007e+02,1.819467571791014507e+03,-2.051727923919510772e+02
-1.792212093882293686e+02,1.363537309247124995e+03,1.116993277009298026e+03,5.881663334463468829e+01,1.298304804603704042e+03,9.885281440375254078e+02,-2.131168818153291511e+02,1.423394146164484027e+03,7.403797628333576313e+02,3.401264712428987878e+02,1.182381518201690824e+03,1.151528550836485465e+03,-8.431122920523822017e+01,1.340120331032644799e+03,4.011140258403805205e+02,1.085998261474516227e+02,1.138423701534315114e+03,1.232158790465251741e+03,9.236929599034421301e+01,1.496678952182762487e+03,4.981430922667543655e+02,3.743350597059582583e+02,1.094184609672778379e+03,5.557355817609458200e+02,6.400556798038117279e+01,1.154136037362156458e+03,4.642012988037096193e+02,4.667202167590854174e+02,8.425234088364019271e+02,1.568818666587446273e+02,9.487632943654331541e+01,1.601969893746684875e+03,2.934771410753514829e+02,3.685392457931181980e+02,4.259974171190325478e+02,2.021492889619331947e+02,1.807692620066762004e+02,1.528316449699789018e+03,-1.691812391288423782e+02,2.626625219885134470e+02,2.613071864972131380e+02,-4.142821955509572973e+01,2.207385128359364330e+02,1.822292816136818374e+03,-2.057800850295679140e+02
-1.888283573753815858e+02,1.404097150493232675e+03,1.096047038230242833e+03,5.678233440987588665e+01,1.370623338597783686e+03,9.927484598066504304e+02,-2.158810339740657298e+02,1.409937209387397161e+03,7.260809959488821050e+02,3.395880894254231066e+02,1.333961318714261324e+03,1.187859084884658841e+03,-7.038875878425353960e+01,1.327452858393795850e+03,3.940107730651227484e+02,1.795965228192439440e+02,1.261789300845967091e+03,1.300944850885968663e+03,7.514878625646755950e+01,1.506783803606469974e+03,4.901344072838526245e+02,3.846350174947127698e+02,1.111436346518625896e+03,5.534815922671594990e+02,7.169207395295379115e+01,1.149281646359743036e+03,4.680932615036205107e+02,4.781041785523298131e+02,8.826606313993488584e+02,1.351966876885730358e+02,9.272676654449513478e+01,1.598879353603416348e+03,2.961276678890229732e+02,3.946221732585647715e+02,4.601616860930774919e+02,1.942228316478478689e+02,1.803595611359074553e+02,1.533284246080510684e+03,-1.700040199133576095e+02,2.831449614101972543e+02,2.970722930888768474e+02,-3.932222415540593374e+01,2.186729369304998158e+02,1.825959758027818452e+03,-2.056573629915473020e+02
-1.969765909870537541e+02,1.444714665292062591e+03,1.076147333366840485e+03,5.076184128897807568e+01,1.442239586519848899e+03,9.905487015005508056e+02,-2.142801806758796772e+02,1.397616738690458533e+03,7.175176219107966062e+02,3.201126101496787442e+02,1.484830984498151565e+03,1.205737065648552516e+03,-5.726336216899317577e+01,1.318965324052936239e+03,3.925795597140867130e+02,2.445740830629650020e+02,1.412559922985964931e+03,1.355290739830229541e+03,5.785445012781180196e+01,1.515623672483536211e+03,4.819353255722449489e+02,3.926277508461449202e+02,1.125941335548147890e+03,5.518005897081541207e+02,7.849166708498968603e+01,1.146067443545430251e+03,4.728296680683036470e+02,4.887370667291833684e+02,9.251145375106135589e+02,1.138979431504644992e+02,9.025960816316593593e+01,1.595307380466915220e+03,2.988748495988783134e+02,4.217681711701393965e+02,4.978166410615806967e+02,1.828215694515560585e+02,1.795790446636361253e+02,1.537794652677848489e+03,-1.703858735121671941e+02,3.092629278542580096e+02,3.353852003929133616e+02,-4.037727591816155837e+01,2.167487468282317309e+02,1.829915176501109727e+03,-2.043263469186188388e+02
-2.037100682983219144e+02,1.484716611311240058e+03,1.057426040438147083e+03,4.274518765490054051e+01,1.508672788471503054e+03,9.814806088215262889e+02,-2.102066477191349634e+02,1.389541876152013401e+03,7.132943081577159319e+02,2.882679782670678605e+02,1.622596284956407544e+03,1.204561128127192660e+03,-4.643954747471056521e+01,1.312788615577547489e+03,3.952035146621245758e+02,2.908095858352265850e+02,1.584332777208796642e+03,1.377842267757999252e+03,4.209803917962108244e+01,1.522460151861607301e+03,4.729657647105493083e+02,3.981570464221568955e+02,1.137229264152122369e+03,5.512934734620595236e+02,8.366287706940727276e+01,1.143513770629131386e+03,4.782620872359111672e+02,4.982193354429343231e+02,9.689502177046385896e+02,9.507455409416412806e+01,8.713755257765942019e+01,1.590877305494479515e+03,3.010772030086214954e+02,4.500505371692629524e+02,5.382829280444690312e+02,1.692125306694539120e+02,1.784880627029177163e+02,1.541553162387476505e+03,-1.697982535388551923e+02,3.385742040264121329e+02,3.756174959765513677e+02,-4.464187613902955576e+01,2.152923568043106002e+02,1.833437343098416704e+03,-2.017920399935213425e+02
-2.089400133145699670e+02,1.523877088509171926e+03,1.040066840227824287e+03,3.457174402077622233e+01,1.566673763414008135e+03,9.662455487065575426e+02,-2.052621515680823734e+02,1.387732246613466032e+03,7.122209133817681277e+02,2.506474775536480024e+02,1.739641504479291370e+03,1.184565726154745562e+03,-3.851920574832507782e+01,1.307615110716646768e+03,4.005799102298773846e+02,3.091176431392770496e+02,1.764682436900514404e+03,1.355577043989776485e+03,2.960661395561357168e+01,1.526947147612513163e+03,4.629612198463575510e+02,4.014434649393305108e+02,1.145517479954579812e+03,5.525732921891927845e+02,8.690514895258108652e+01,1.141084816213946397e+03,4.844296990521694397e+02,5.063087630774173249e+02,1.013492182895543579e+03,8.030465680472826762e+01,8.365186088545371490e+01,1.585563889636083786e+03,3.022567170431022987e+02,4.792816992840680541e+02,5.808078624595351585e+02,1.548929172704824282e+02,1.772856825693482392e+02,1.544555296761829140e+03,-1.682193240016725042e+02,3.685370189214047514e+02,4.171581037658983746e+02,-5.169202562397764922e+01,2.146258893444811235e+02,1.835961815767583630e+03,-1.987040836710470160e+02
-2.124388723248291058e+02,1.562331176772540857e+03,1.024292203340448395e+03,2.757371157489970415e+01,1.614776984347940925e+03,9.463593684928675884e+02,-2.005385717772393548e+02,1.392672186008272547e+03,7.134812986146052936e+02,2.127438540987376143e+02,1.833788264836763119e+03,1.146042364305237697e+03,-3.323916001402484000e+01,1.302909843233942411e+03,4.077224816442435440e+02,2.969116204686438891e+02,1.937383212584278908e+03,1.283951585610290749e+03,2.170457490551321555e+01,1.528880965064412294e+03,4.519865751073151614e+02,4.030270786965861021e+02,1.151728120150587074e+03,5.561707335600253828e+02,8.837673981639629517e+01,1.138941534418802803e+03,4.915048240332748719e+02,5.129480348809662473e+02,1.058161277205574152e+03,7.048682363310612686e+01,8.054500199110412950e+01,1.579875314128666332e+03,3.022023941605657456e+02,5.088690571156262195e+02,6.244856991777056692e+02,1.414763347410103620e+02,1.762732147107078049e+02,1.547053891987837460e+03,-1.661998390546404210e+02,3.970831153481091178e+02,4.594074979774620715e+02,-6.070649357323481610e+01,2.149963938769962226e+02,1.837291778547684999e+03,-1.961557265375156476e+02
-2.138933236609373978e+02,1.600291970047100904e+03,1.010337707857284613e+03,2.254182556758658507e+01,1.653368310620829106e+03,9.236938291658525486e+02,-1.966308586038597639e+02,1.403288527362908326e+03,7.166314125605853178e+02,1.784695974914027374e+02,1.906814990346029845e+03,1.089333944103783324e+03,-2.977357428568188524e+01,1.298731940517906423e+03,4.159676753005873024e+02,2.587974695000582983e+02,2.086045028395766622e+03,1.168222189129696517e+03,1.885805466800185926e+01,1.528132234373999154e+03,4.404984120282767321e+02,4.036008402651596612e+02,1.157197305827534137e+03,5.624365437291078251e+02,8.857604258580025203e+01,1.137785186924020763e+03,4.996886904430151048e+02,5.182451946038715960e+02,1.102203839495098919e+03,6.585866971802444425e+01,7.865031445663061049e+01,1.574740707765267643e+03,3.010558282291336241e+02,5.378655219012765656e+02,6.681365220811660492e+02,1.304999400387672779e+02,1.757572115919674047e+02,1.549345957505415072e+03,-1.645908187925051038e+02,4.230390797094484014e+02,5.017138672864494424e+02,-7.061621495573579921e+01,2.164874121930606066e+02,1.837619935673500322e+03,-1.952086464597559541e+02
-2.130039482152609480e+02,1.637776185029740418e+03,9.983948425698373512e+02,1.989263934608559836e+01,1.684334522721561370e+03,9.000024663903517421e+02,-1.937878053664981053e+02,1.417421540429084644e+03,7.214927559515496114e+02,1.500586627719502815e+02,1.961920693208670173e+03,1.015535149976910475e+03,-2.717332701175921272e+01,1.295403523573639177e+03,4.250160205228086170e+02,2.044845491522796976e+02,2.197836430421700697e+03,1.021502818882041538e+03,2.045465526783753418e+01,1.524790330481104775e+03,4.293079107560208172e+02,4.038284835535890238e+02,1.163283355045462258e+03,5.714606182835851769e+02,8.815450146902972506e+01,1.138441769095739573e+03,5.090927993243433889e+02,5.224400627757261191e+02,1.144566446438411731e+03,6.612258609778692175e+01,7.850068680563146017e+01,1.571165226233593557e+03,2.992883168661259106e+02,5.652069196508299456e+02,7.103247501687917520e+02,1.231786295712377637e+02,1.759297158271537853e+02,1.551515452476387054e+03,-1.641252923547228306e+02,4.462922589828597211e+02,5.433469644085155323e+02,-8.028842862215324772e+01,2.189543117238730190e+02,1.837374293749874823e+03,-1.964038291110995829e+02
-2.095949601815528069e+02,1.674479035902536907e+03,9.885407450039698460e+02,1.981853238453030031e+01,1.710388610420000987e+03,8.765353328752045172e+02,-1.920666511788625144e+02,1.432628600102728342e+03,7.280381844370185718e+02,1.281085240755308803e+02,2.001522682694912191e+03,9.273775276012559061e+02,-2.475265309236263889e+01,1.293206085739349646e+03,4.349970921280605580e+02,1.451117846906262514e+02,2.265889530301808918e+03,8.605768203215649237e+02,2.492486076077787871e+01,1.519316043544748936e+03,4.193748438900366864e+02,4.042139357988102688e+02,1.171080498440094061e+03,5.830433055243098579e+02,8.774776638302482468e+01,1.141436983289172758e+03,5.196678897265919659e+02,5.258726324909937375e+02,1.184013631927955657e+03,7.062082550993939378e+01,8.007936530316551682e+01,1.569809499885355535e+03,2.975127689811394589e+02,5.900097804291129933e+02,7.495560380823682181e+02,1.201928020279349880e+02,1.767790229161151956e+02,1.553290686374986080e+03,-1.650981573053819886e+02,4.676781764549880904e+02,5.835415389119873453e+02,-8.870398612707997188e+01,2.220112613955606093e+02,1.836964793237923232e+03,-1.995215937692120747e+02
-2.036938233262263509e+02,1.709817848352776082e+03,9.807005895817281953e+02,2.227385480734165313e+01,1.734207725875800861e+03,8.538385126879187510e+02,-1.914027153805428156e+02,1.446998776137507548e+03,7.363237979376207250e+02,1.117443819517793884e+02,2.026317064900346622e+03,8.296759217670821727e+02,-2.227346803351631976e+01,1.292179960084157074e+03,4.464981408443356941e+02,8.975144896963840324e+01,2.289633566246373448e+03,7.013696337491471695e+02,3.018012836252996678e+01,1.512459537549675588e+03,4.115089737433885944e+02,4.050456388268648311e+02,1.181319957488166892e+03,5.967353891153863970e+02,8.788070709262937896e+01,1.146772246482422588e+03,5.312217090515954396e+02,5.289455301750091394e+02,1.219388637917227470e+03,7.853486131578674190e+01,8.282170263625648943e+01,1.570681114953269343e+03,2.961962186118103659e+02,6.117989508470959663e+02,7.845311782742388687e+02,1.216033285605830372e+02,1.780713935850202745e+02,1.554107050276775453e+03,-1.672745877849807528e+02,4.886595776837579592e+02,6.215670127105960319e+02,-9.509865940413222063e+01,2.250709973550524978e+02,1.836537816647665750e+03,-2.036938456801632356e+02
-1.955588629812511101e+02,1.743080047889994376e+03,9.746661478451978837e+02,2.682764269329597084e+01,1.757616235293833597e+03,8.317944065472680677e+02,-1.915979931560546845e+02,1.459660659069967551e+03,7.464393205485699809e+02,9.904528309174557421e+01,2.035693337313368374e+03,7.289802328056556462e+02,-1.989764719974806084e+01,1.292046993416442319e+03,4.604699772176267061e+02,4.351321135902686166e+01,2.273312603155943634e+03,5.558491908497577469e+02,3.420202588792562892e+01,1.504897145522708115e+03,4.061345408244230839e+02,4.064118202239292827e+02,1.194404806273598297e+03,6.119187873453777229e+02,8.894731557430682756e+01,1.153981439102370814e+03,5.435034387237544706e+02,5.320680704725797341e+02,1.249836278445462312e+03,8.908052033807436487e+01,8.585665827273199113e+01,1.573077827850128187e+03,2.954437691811863829e+02,6.306093145232143797e+02,8.143002854595990812e+02,1.269355229902235465e+02,1.794105577424143121e+02,1.553344918135858279e+03,-1.700023950640330099e+02,5.109206393123679959e+02,6.567627117404510955e+02,-9.904944939155649308e+01,2.274250893034309229e+02,1.835835870733911179e+03,-2.077692698421067234e+02
-1.856598203343863531e+02,1.773599026497747900e+03,9.701448955325887482e+02,3.255556764272649417e+01,1.781110630666855968e+03,8.098817420106810232e+02,-1.923036332482768955e+02,1.470825557915501804e+03,7.584117078800835543e+02,8.779843864868854553e+01,2.028912789568128574e+03,6.325091980103319429e+02,-1.799509079094636377e+01,1.292268709545017146e+03,4.779573091969360235e+02,7.636752329739353584e+00,2.223722339610068502e+03,4.311185119214214296e+02,3.554819475342747381e+01,1.496805322274553646e+03,4.032320555260652668e+02,4.082692429173582127e+02,1.210467422845474175e+03,6.278780076655314133e+02,9.122618294803145034e+01,1.162400792457692432e+03,5.562826726606120928e+02,5.355864404705283732e+02,1.274876727616855760e+03,1.016460793814371613e+02,8.836126976957770296e+01,1.575812002198385471e+03,2.950071833247688460e+02,6.469683931642350672e+02,8.382650890548618463e+02,1.354039400858282249e+02,1.803511573994664445e+02,1.550612581738413155e+03,-1.724228275877483156e+02,5.359824061295877300e+02,6.885188668538860384e+02,-1.004805250886321488e+02,2.283597581835024357e+02,1.834223804755941273e+03,-2.107189076411134749e+02
-1.746347909635811675e+02,1.800910975455994276e+03,9.667940686757104913e+02,3.814073491904560598e+01,1.803935482462547270e+03,7.875510915065780182e+02,-1.930711866482451455e+02,1.481422800403401425e+03,7.720495834582089856e+02,7.639616276423737418e+01,2.006265075970203725e+03,5.467811244964424304e+02,-1.693221742672918495e+01,1.292237630715607793e+03,4.997000884449841465e+02,-1.906515064841357798e+01,2.148333888328914782e+03,3.302789514284233405e+02,3.359796886262260784e+01,1.487690334183216237e+03,4.024654129301540593e+02,4.105342392194093577e+02,1.229374297549830544e+03,6.438433807818703372e+02,9.488661524754321874e+01,1.171488314965236668e+03,5.693639850515689886e+02,5.397225782295374756e+02,1.294355935924828373e+03,1.158237604974981281e+02,8.985134450581860222e+01,1.577626557841787644e+03,2.945274165674446749e+02,6.617787603340368605e+02,8.561167026356480392e+02,1.462035158503967978e+02,1.805325862083312813e+02,1.545928559500510119e+03,-1.736909494034730130e+02,5.648863659397514994e+02,7.162392582782143791e+02,-9.955406346320440036e+01,2.273098299929043549e+02,1.830894734876354960e+03,-2.118968258652658392e+02
-1.632432339886135537e+02,1.824864843638340972e+03,9.642260775241462625e+02,4.220943589877735747e+01,1.824664876039156525e+03,7.645710394825888443e+02,-1.934830615240036877e+02,1.492537423456529723e+03,7.868155450709853085e+02,6.448095944447028671e+01,1.969680911313503202e+03,4.764505977227835842e+02,-1.691654633668897389e+01,1.291548713154637426e+03,5.257666067182440202e+02,-3.849867272289383635e+01,2.054455480873399665e+03,2.539733099491224095e+02,2.851043747875201717e+01,1.476631618086239541e+03,4.034239285187384212e+02,4.131527930693000030e+02,1.250684335653301105e+03,6.590434574263764489e+02,9.996518077710251760e+01,1.181021526527154492e+03,5.825447208581757650e+02,5.445441881670283237e+02,1.308388533394335809e+03,1.313349256208502709e+02,9.027643301838016043e+01,1.577638890110067223e+03,2.938497773179641399e+02,6.761156462352262224e+02,8.678488029306877252e+02,1.587815490070394731e+02,1.798056270071105018e+02,1.539727787095705480e+03,-1.731798621050433553e+02,5.979582160466329697e+02,7.393536359594586429e+02,-9.643180776679632515e+01,2.240357615056958878e+02,1.825203049240426935e+03,-2.110977714253242539e+02
-1.523111530281079524e+02,1.845645436605879240e+03,9.620222146947862711e+02,4.375912709185965355e+01,1.841967130814629627e+03,7.412297477749841619e+02,-1.932989924732639508e+02,1.504894153878656198e+03,8.018585258624420931e+02,5.298709895845831142e+01,1.922713201697172508e+03,4.237207777054293842e+02,-1.790656838479742063e+01,1.290241702768181995e+03,5.554208032651234817e+02,-5.216859298305060832e+01,1.949308101316756847e+03,2.016218374867701186e+02,2.100408160543840097e+01,1.462804231152779266e+03,4.058926249707653824e+02,4.161124030441130230e+02,1.273624588422533634e+03,6.728218839187134108e+02,1.063277214126279233e+02,1.191078263980585689e+03,5.955798274778860559e+02,5.499746295605132218e+02,1.317389442988493556e+03,1.479119968749720613e+02,8.990186540072363641e+01,1.575641952069119725e+03,2.931786487427645511e+02,6.909759544462770009e+02,8.739078631751664261e+02,1.730195132390936124e+02,1.783248783207546353e+02,1.532714176597380629e+03,-1.706846564024880308e+02,6.346851611907940196e+02,7.574362531583911959e+02,-9.095791146502165248e+01,2.187671683891796022e+02,1.816992984216922196e+03,-2.084910461966117339e+02
-1.426465115449738619e+02,1.863663430717423580e+03,9.598062309397844274e+02,4.246789346017320099e+01,1.855139685961391933e+03,7.183533061273354861e+02,-1.925313265869828285e+02,1.518562351235137839e+03,8.162645779839257330e+02,4.354004182825661928e+01,1.870092789661026472e+03,3.884365968768888138e+02,-1.957700220135523139e+01,1.288899492044933595e+03,5.873327983189560655e+02,-6.089911477911867621e+01,1.840362041257187684e+03,1.719575253855151402e+02,1.209955396958542728e+01,1.445964040354699137e+03,4.100708136440964040e+02,4.193911227591673878e+02,1.297144741086925706e+03,6.848188675032419042e+02,1.136548024754025903e+02,1.201824993219261387e+03,6.082077096468565287e+02,5.558410510917564125e+02,1.322183613287887056e+03,1.652231732977955971e+02,8.907705946855246282e+01,1.572145993377997456e+03,2.929313104160016223e+02,7.070516239160880332e+02,8.753939647311515273e+02,1.892810109275746981e+02,1.765703109489408860e+02,1.525647347376066818e+03,-1.666213320417082855e+02,6.737749188974954677e+02,7.704239087820038776e+02,-8.239384432377950418e+01,2.122290419231900387e+02,1.806751817461619112e+03,-2.045668983047609686e+02
-1.349164574856039565e+02,1.879322656924273588e+03,9.573809011599668111e+02,3.874255422430227469e+01,1.864184810903671860e+03,6.971647370726107056e+02,-1.914032335053480551e+02,1.532945394823847664e+03,8.294278964886882477e+02,3.755400537276114648e+01,1.817087788709714459e+03,3.687028684903000908e+02,-2.135196680098498589e+01,1.288545362175422724e+03,6.200466545209737887e+02,-6.512300366540793561e+01,1.735260417622074328e+03,1.630400911245754116e+02,2.901064049608577555e+00,1.426636352802505826e+03,4.166489300316476374e+02,4.228839340081212868e+02,1.320066516526947680e+03,6.951279577086183963e+02,1.214845945783833798e+02,1.213244178266910694e+03,6.202269007520495734e+02,5.619520588353091171e+02,1.324075120050336409e+03,1.828881780308678060e+02,8.803704228834259027e+01,1.568146646447238936e+03,2.933638276171313919e+02,7.246099794109845789e+02,8.741231778615034500e+02,2.083112875132474358e+02,1.752640593535470828e+02,1.519160324243985542e+03,-1.621415153264623825e+02,7.134411219287322865e+02,7.788332362542225837e+02,-6.937495310252936065e+01,2.054962819800363150e+02,1.795479771291230918e+03,-2.001611467481443469e+02
-1.295171353611445966e+02,1.892787693202680884e+03,9.548467597783330802e+02,3.350021430895597518e+01,1.869524955258017371e+03,6.790161395784464275e+02,-1.902166665272794717e+02,1.547020658173958964e+03,8.413215874886237771e+02,3.553883697048144086e+01,1.768746058787947959e+03,3.617141304614078763e+02,-2.252871002873164485e+01,1.290359576472739946e+03,6.524577738286679960e+02,-6.528557993127340353e+01,1.641033118928466138e+03,1.721522727536338664e+02,-5.587870692089627056e+00,1.405950204752490663e+03,4.266532052492060529e+02,4.263712101519876683e+02,1.341299246981503074e+03,7.043013277137800969e+02,1.293171286082119877e+02,1.224974091614931467e+03,6.315621358080153414e+02,5.681795168106961000e+02,1.324732612713332628e+03,2.005635699165239600e+02,8.683672131911109204e+01,1.564723474752578113e+03,2.942359754869673907e+02,7.435220641323937798e+02,8.723880824278362525e+02,2.309974329679651248e+02,1.751825078416923702e+02,1.513664901245251031e+03,-1.590152503205611652e+02,7.518644620153326059e+02,7.838136727116768725e+02,-5.020943303888599019e+01,1.997030652496146672e+02,1.784323405203707807e+03,-1.964670561552907486e+02
-1.264937572229937643e+02,1.903940523674227506e+03,9.525795326221692676e+02,2.779260534050191112e+01,1.871674552264393242e+03,6.650130444754963719e+02,-1.892091697969408699e+02,1.559734601151526022e+03,8.524694703973261767e+02,3.696702933204269925e+01,1.728995863453385709e+03,3.644801193710426332e+02,-2.248270252061856311e+01,1.295293207221757712e+03,6.840540215497039753e+02,-6.205740901187104441e+01,1.562776148822525556e+03,1.958745556072790919e+02,-1.263861519062476546e+01,1.385227516861722052e+03,4.410390966428411161e+02,4.295727245358455662e+02,1.360072046141112651e+03,7.131427128551987380e+02,1.367456893040484829e+02,1.236382026730341295e+03,6.422695512557713755e+02,5.745005085132047498e+02,1.325835235318366131e+03,2.180281894798205542e+02,8.541477537349490490e+01,1.562649735724936818e+03,2.948027913446496200e+02,7.634111254725492017e+02,8.724016696816837566e+02,2.580225225682401629e+02,1.769147900497347621e+02,1.509339217877754209e+03,-1.591594360353335560e+02,7.876818232986732937e+02,7.869120933829742626e+02,-2.350058006923161713e+01,1.957098696245002714e+02,1.774162638397461251e+03,-1.948403173442918899e+02
-1.255509844903574930e+02,1.912622329515291540e+03,9.510114040023614734e+02,2.242704102252292842e+01,1.871132231101345724e+03,6.555863253534967043e+02,-1.884756755699792450e+02,1.570422766587963679e+03,8.635986072281751831e+02,4.068343002346069426e+01,1.699673823616434674e+03,3.742656246928733594e+02,-2.089230088047161615e+01,1.303695177821385641e+03,7.148412716793890240e+02,-5.630413266500672620e+01,1.502294947159733965e+03,2.304115314824738903e+02,-1.794919102960337298e+01,1.365500316713679695e+03,4.601598699346477019e+02,4.322705965370607828e+02,1.376129463263493108e+03,7.223590249019282510e+02,1.435615565998155034e+02,1.246858938730233149e+03,6.524850728719236486e+02,5.809657294964342782e+02,1.328575413951144355e+03,2.352075071304291782e+02,8.370541913660336775e+01,1.562175382464602080e+03,2.942155854197045528e+02,7.838439311491579247e+02,8.755996599190661982e+02,2.894887162125584723e+02,1.806535003134216026e+02,1.506149837315243076e+03,-1.638663811887075781e+02,8.203358924758919102e+02,7.895822608649726817e+02,1.110745931160357536e+01,1.938518203456137599e+02,1.765359719953066815e+03,-1.963004175670903635e+02
-1.261409824864594782e+02,1.919026498456893933e+03,9.503200280932244368e+02,1.772089696883778132e+01,1.868503406318669022e+03,6.501631245739799851e+02,-1.879776901963491582e+02,1.579104553868078256e+03,8.751764787041045111e+02,4.552328057984831844e+01,1.679795054494128863e+03,3.887456959334362523e+02,-1.788935700388121575e+01,1.315088886291275458e+03,7.450761668748853026e+02,-4.891995112156359227e+01,1.457300480515765457e+03,2.720661909481756879e+02,-2.172302148897634666e+01,1.347139047447623625e+03,4.833617020607158565e+02,4.344290526835442279e+02,1.389834500139957072e+03,7.322437731853867717e+02,1.497921220050241971e+02,1.256173243561200707e+03,6.623594894951787637e+02,5.876109102060717078e+02,1.333238857569847369e+03,2.521297918723216185e+02,8.171394750474209445e+01,1.563034941773169976e+03,2.921018008817829354e+02,8.044791238069178689e+02,8.821009267276828041e+02,3.246430394424937731e+02,1.860985271704490458e+02,1.503869633587031331e+03,-1.730545721204636891e+02,8.501813201001323250e+02,7.926619179583598225e+02,5.239003992917066199e+01,1.938518759125511792e+02,1.757753638712326392e+03,-2.009193268272015018e+02
-1.275734874734387745e+02,1.923932507882291247e+03,9.502466965639483760e+02,1.347390412499402501e+01,1.864642735226417926e+03,6.471433820199021056e+02,-1.876021825745544618e+02,1.586516248372878863e+03,8.871404048718987951e+02,5.073185169736216693e+01,1.665535705998685899e+03,4.059769859952028241e+02,-1.405757248066538345e+01,1.328208304387682347e+03,7.750205283931044278e+02,-4.065597240908973475e+01,1.421609314616887104e+03,3.176437053168763214e+02,-2.462444414025527450e+01,1.329756934956593568e+03,5.089450426398590821e+02,4.362335821127403506e+02,1.402123174318379142e+03,7.425659806542878414e+02,1.556668110194728740e+02,1.264650900115741706e+03,6.720191146204449524e+02,5.943807748154529236e+02,1.339094728662752686e+03,2.688610718307569982e+02,7.952770690598509873e+01,1.564608637629712803e+03,2.889073366699419694e+02,8.251128370388244093e+02,8.906108357980691608e+02,3.618653861145673432e+02,1.925113339811778701e+02,1.502098894801780034e+03,-1.850119164964710876e+02,8.783355850828879738e+02,7.961236794239353003e+02,9.752048219222659498e+01,1.949121468084589424e+02,1.750823669630823588e+03,-2.075271278363897238e+02
