9.863593285880975259e+01,-2.783674879222802900e+01,1.720652666240628378e+03,-1.244898582581505764e+01,-1.867698404227204776e+02,1.418553571377510707e+03,1.294234427306598150e+02,1.524105691924110033e+02,1.426984586422337998e+03,1.526401113844430881e+02,-3.089669881789661190e+02,1.175253023437677484e+03,3.378316129502205172e+02,2.206587008520370148e+02,1.163443509371622213e+03,3.673018218401757053e+02,-2.462752924990704173e+02,1.258134535215226833e+03,5.125059297033670873e+02,5.995912974307842802e+01,1.196513372947192693e+03,4.040769861027835930e+01,-6.104873245913407231e+01,9.616387794671426263e+02,1.775016290217255062e+02,1.334544484723039091e+02,1.061180690885190188e+03,1.041691326069638421e+02,-5.352337303865245843e+01,4.608824161988117112e+02,4.818369523287346965e+02,1.422620267174547415e+01,1.079132608233783913e+03,5.384062323750806733e+00,7.351485143307916026e+00,1.178693915664281500e+00,3.750307028195871908e+02,-6.744453225777941263e+00,6.595401853500318339e+02,2.469245579708677951e+02,-2.650461419124653517e+01,1.283702720769083605e+01,5.413326487950540695e+02,-1.685650278284267074e+02,6.240643764092322954e+02
9.972785332475503139e+01,-2.485446174019088872e+01,1.716094517204202475e+03,-1.185751097329826464e+01,-1.867801064837421734e+02,1.414620900782125091e+03,1.307201005181589437e+02,1.528390561781518500e+02,1.423603659012749404e+03,1.516338291853770386e+02,-3.064947330598642452e+02,1.167478161433312835e+03,3.411269465679353630e+02,2.226605103710956541e+02,1.162249540252480983e+03,3.678879034519102902e+02,-2.524791374999624622e+02,1.246684925503269142e+03,5.175661156931170126e+02,6.261131346488544125e+01,1.188689809404993184e+03,3.880282944581266946e+01,-5.902503767333832485e+01,9.616739089610233577e+02,1.774082250711088875e+02,1.346524684016631284e+02,1.059901399617877814e+03,1.044779044215914183e+02,-5.814368632453607688e+01,4.612623345412973777e+02,4.804186291806681197e+02,8.811089605531718050e+00,1.075682210829621226e+03,4.057505369361413372e+00,7.099798736410845912e+00,1.834090795271327456e+00,3.710388781147743202e+02,-6.423288571009127423e+00,6.587100984157333414e+02,2.473391716324398146e+02,-2.726415333441767075e+01,1.295229185960702978e+01,5.360578874801850588e+02,-1.678498265079441865e+02,6.228751519059895827e+02
1.011738544616618043e+02,-2.285940382094379686e+01,1.711971555404796391e+03,-1.099878767219683340e+01,-1.870620190280899351e+02,1.410758296068552909e+03,1.320818936202349505e+02,1.530947528893900653e+02,1.420629872123666019e+03,1.506918250495131133e+02,-3.045777662776238799e+02,1.159402221192423895e+03,3.440766816141233448e+02,2.247383509593939834e+02,1.161060174948284157e+03,3.687059751223134185e+02,-2.579659121122062402e+02,1.234036755773243385e+03,5.224907561772637337e+02,6.529167377890462376e+01,1.180982551571407839e+03,3.712349418776540233e+01,-5.711071588682262501e+01,9.615044745090181095e+02,1.771123299392964441e+02,1.359490640021325305e+02,1.058657622059414052e+03,1.046753975015504210e+02,-6.149015426074991808e+01,4.615991330175555731e+02,4.787708596572446140e+02,3.894615319620160054e+00,1.072431296848992588e+03,3.209927986820598989e+00,6.772266690631549402e+00,2.157201022901351184e+00,3.675303283800500935e+02,-6.375541456169760757e+00,6.571498508108445549e+02,2.477112473829220676e+02,-2.799119906852675754e+01,1.303311863594096387e+01,5.311595209243446334e+02,-1.682627448869036186e+02,6.211815783810435505e+02
1.031430582848078075e+02,-2.231624868405701179e+01,1.708616859412733220e+03,-9.724865704094222352e+00,-1.876629889896533143e+02,1.407040601973162211e+03,1.335433546466613564e+02,1.532162723846945198e+02,1.418349503159171263e+03,1.498033305605993633e+02,-3.034385501141854320e+02,1.150877280271553673e+03,3.464424433721544574e+02,2.270336661294321061e+02,1.159849673307844114e+03,3.698239239884629228e+02,-2.621219527959307243e+02,1.219482478117003666e+03,5.271149435208220666e+02,6.810562057051427587e+01,1.173357027085426807e+03,3.534203055757659939e+01,-5.522200825939260938e+01,9.609667145902612901e+02,1.764840488393757880e+02,1.375662326010319987e+02,1.057412812340933897e+03,1.047242745655616858e+02,-6.285722354783121091e+01,4.618530714070329850e+02,4.767773668254944255e+02,1.202227101136765786e-03,1.069333485440048207e+03,3.050685705514367019e+00,6.291385395532280711e+00,1.977876000608644436e+00,3.648898854715752691e+02,-6.657305410985552285e+00,6.543622187243049666e+02,2.480121779675602625e+02,-2.864598539439698754e+01,1.304474066575291324e+01,5.270156818611393419e+02,-1.702821296648538407e+02,6.186257967225188850e+02
1.055283263699377017e+02,-2.296601517642077894e+01,1.706177408744275681e+03,-8.069046485233608124e+00,-1.883209469739766178e+02,1.403555576257078656e+03,1.350876614397099331e+02,1.535066343809482419e+02,1.416855639320403270e+03,1.488566335211853300e+02,-3.028468651971387544e+02,1.142020435744637552e+03,3.481335681108253652e+02,2.297716834975212237e+02,1.158572927393561258e+03,3.711245595820442418e+02,-2.645731860650018348e+02,1.203151461180272008e+03,5.312768844317196226e+02,7.125449901488798332e+01,1.165656364512081382e+03,3.350366707656691290e+01,-5.307599913551997872e+01,9.599888260598831948e+02,1.755131497361749098e+02,1.398124189299967384e+02,1.056063970725317859e+03,1.046840869094070996e+02,-6.234383649109236814e+01,4.620082431068008191e+02,4.744953191594868258e+02,-2.386540218566878035e+00,1.066114922799012447e+03,3.430457721039983365e+00,5.590990392460923886e+00,1.362581162238960752e+00,3.632767697447415571e+02,-7.018320479085893737e+00,6.503020485590276394e+02,2.482372720657160698e+02,-2.917765634951577880e+01,1.296125021121890342e+01,5.239022142031647036e+02,-1.734904148342270389e+02,6.151386043419115595e+02
1.080205169123335338e+02,-2.400516151820653477e+01,1.704557467717399049e+03,-6.193684109632011214e+00,-1.885630288713682035e+02,1.400358359587658470e+03,1.366660353127802523e+02,1.544316710259320757e+02,1.416020429183344731e+03,1.476907476454561845e+02,-3.022400311274911928e+02,1.133164360943391330e+03,3.492029807479086116e+02,2.332873758320177728e+02,1.157200847865307196e+03,3.724188941294252118e+02,-2.652691274940797257e+02,1.185868422222948539e+03,5.349120688885308255e+02,7.510668353923026075e+01,1.157697132750105084e+03,3.169581975847167854e+01,-5.031916619866269968e+01,9.586156978484859792e+02,1.742973204573470412e+02,1.429543951184382991e+02,1.054503572837966885e+03,1.046823589886202228e+02,-6.061897823937450624e+01,4.620931386766222317e+02,4.721356621154602635e+02,-2.942811347513183406e+00,1.062443283667325659e+03,3.964066969000636931e+00,4.659670585629242190e+00,5.686840993679966871e-01,3.626076384350864146e+02,-6.960583552162096233e+00,6.453754354777842082e+02,2.484110361779780192e+02,-2.951744061866254043e+01,1.278082920418559709e+01,5.218894099370393178e+02,-1.768722672855844564e+02,6.109213040979902871e+02
1.102741347790608728e+02,-2.451077563015920191e+01,1.703433803128290037e+03,-4.283510794647247266e+00,-1.879425249711923698e+02,1.397416931304363743e+03,1.382247945336783630e+02,1.564047697795719216e+02,1.415534212696834857e+03,1.461886416879942487e+02,-3.010368053910344202e+02,1.124699588531094832e+03,3.497956632429927026e+02,2.379514221563981096e+02,1.155751221474898784e+03,3.735752627908634622e+02,-2.644907947374318837e+02,1.168723301261168899e+03,5.381235011017336092e+02,8.015915686656538242e+01,1.149411551132827753e+03,2.999255615002782704e+01,-4.671016738185170425e+01,9.570006214354717713e+02,1.729933416208543520e+02,1.470736332862669826e+02,1.052694924404365338e+03,1.048525361864368506e+02,-5.845044669758298994e+01,4.621771050063011330e+02,4.699765271532237989e+02,-1.627347402307371960e+00,1.058119212392042982e+03,4.268973140068813343e+00,3.584860963096973663e+00,-9.595702029226692298e-02,3.626436255678792691e+02,-5.932028032852358024e+00,6.402164712627063636e+02,2.485754610807892391e+02,-2.959326399405890129e+01,1.253017251011956290e+01,5.208104321542548405e+02,-1.793942054343886525e+02,6.063009275093927499e+02
1.120593054733905944e+02,-2.385284138132336906e+01,1.702356317411314876e+03,-2.457459964731957491e+00,-1.862777219511878855e+02,1.394590925921856069e+03,1.397183799109589586e+02,1.595761744326905500e+02,1.415006041657077503e+03,1.443510040936248515e+02,-2.989513775548127228e+02,1.116889762638431648e+03,3.500723087248500178e+02,2.439855809010077223e+02,1.154285992945929593e+03,3.745529536205044678e+02,-2.627491231318538212e+02,1.152592304677253651e+03,5.411510817501911106e+02,8.683795587953245843e+01,1.140927384702914424e+03,2.841097606547378973e+01,-4.222933000483907051e+01,9.553547041363842709e+02,1.717559551091610501e+02,1.520130186481531211e+02,1.050699306175256879e+03,1.052721815024786878e+02,-5.632925868961751803e+01,4.623362020396392040e+02,4.682455861714468028e+02,1.251888855798780842e+00,1.053138235155866141e+03,4.162602436110036663e+00,2.553512323059777156e+00,-4.255689959209003614e-01,3.631396542370059706e+02,-3.582352080569953134e+00,6.353329875997894760e+02,2.487585581506032213e+02,-2.937410136853079123e+01,1.225165443069782789e+01,5.203510546386667102e+02,-1.804821868493947363e+02,6.015354790752887766e+02
1.133263357195832128e+02,-2.190182974618658562e+01,1.700902040662019772e+03,-7.422605742695083109e-01,-1.837550013163215681e+02,1.391668266798113336e+03,1.411078181150439832e+02,1.637318156879534570e+02,1.414095820154123885e+03,1.423090532246996531e+02,-2.961062898383866582e+02,1.109752956062180147e+03,3.501365043044339700e+02,2.512698093154745322e+02,1.152875825003282898e+03,3.753457378297010791e+02,-2.605813075845018716e+02,1.137816383956666414e+03,5.442429429187410506e+02,9.523475828865377935e+01,1.132512101504340990e+03,2.690228704694317230e+01,-3.706249056898285232e+01,9.538620135228073877e+02,1.706841923745410554e+02,1.574406844627402506e+02,1.048633477356270532e+03,1.059270315121959669e+02,-5.438340229333080345e+01,4.626105371682849068e+02,4.670182679427298922e+02,5.095253368622252310e+00,1.047611995750163942e+03,3.716151325136138883e+00,1.784949056765155806e+00,-3.957198912544184211e-01,3.639727770916783811e+02,2.269652584466490264e-02,6.308149267331449437e+02,2.489400831462752706e+02,-2.892141572988161968e+01,1.198357726411781243e+01,5.202155864721331682e+02,-1.801675497108377044e+02,5.966835703920777405e+02
1.141766384228643147e+02,-1.899286239790740183e+01,1.698818039620542322e+03,8.991592167996685925e-01,-1.808426285708468129e+02,1.388446156467433866e+03,1.423599718497727054e+02,1.683449792537556959e+02,1.412628472615611372e+03,1.402785698622983546e+02,-2.928769455723145825e+02,1.103066759130703758e+03,3.499973913101688936e+02,2.592916215869540224e+02,1.151556867878195135e+03,3.759283416761512058e+02,-2.583104737477445383e+02,1.124133194014216997e+03,5.475113626144633372e+02,1.049709491892331812e+02,1.124403338790262069e+03,2.537497307891797504e+01,-3.149736199142045834e+01,9.525915070632196375e+02,1.697890040693605727e+02,1.629792847720935072e+02,1.046589175271525392e+03,1.067147793177424830e+02,-5.253315022532983392e+01,4.629815004952850472e+02,4.661783385191492357e+02,9.179305094776607277e+00,1.041648823280466331e+03,3.166477781333683073e+00,1.423104996779791964e+00,-1.360432471347406136e-01,3.651925997485501512e+02,4.339399553160189882e+00,6.262738660824801400e+02,2.490444910206415727e+02,-2.840316532559515750e+01,1.174791165388465686e+01,5.202753823964759476e+02,-1.789309266387840296e+02,5.916130386660136082e+02
1.147877479877900271e+02,-1.572215113331495928e+01,1.696092037620611791e+03,2.523943941025033944e+00,-1.780721042927645783e+02,1.384810920820923002e+03,1.434604824852145555e+02,1.727600609522984030e+02,1.410639407417491157e+03,1.384885288793226437e+02,-2.895833653665378051e+02,1.096487349361083488e+03,3.495950512750810049e+02,2.673179579397717589e+02,1.150306357779780456e+03,3.762726600841298250e+02,-2.558786738182348302e+02,1.110838907297049900e+03,5.508685047759213376e+02,1.153270217892132052e+02,1.116626505890055569e+03,2.373010594745068147e+01,-2.580350927439183906e+01,9.514497227853515824e+02,1.689919359214056271e+02,1.683330739026108915e+02,1.044570873286909773e+03,1.074896395788903050e+02,-5.069156848594919751e+01,4.633794517402041038e+02,4.654664921321274278e+02,1.287331043068588876e+01,1.035287486035332677e+03,2.762827286929282700e+00,1.456727983948855165e+00,1.698829419840213184e-01,3.669966967598689962e+02,8.503043729462678613e+00,6.210384266463726135e+02,2.489782157745820825e+02,-2.804022746415609291e+01,1.155032640009598488e+01,5.206285285679831532e+02,-1.774309032026439468e+02,5.861266176011156404e+02
1.153501396002446882e+02,-1.268474341848305720e+01,1.692924489044513393e+03,4.186798628872714367e+00,-1.758120934177437960e+02,1.380769763568695907e+03,1.444375328832780099e+02,1.764398765203697508e+02,1.408326956084170433e+03,1.371195053183218704e+02,-2.862480099815393828e+02,1.089712528748133536e+03,3.488891547619776361e+02,2.747224605198898644e+02,1.149050639189063077e+03,3.764040647598783949e+02,-2.528619449942250412e+02,1.097072812289384729e+03,5.540774477051271560e+02,1.255993863934679950e+02,1.108913486688758667e+03,2.189020221985192549e+01,-2.014699126423020559e+01,9.502074659411042603e+02,1.681570838424989915e+02,1.733724543655035575e+02,1.042491582621135876e+03,1.081309799985518652e+02,-4.884620431054841561e+01,4.637117129751289895e+02,4.646010825826034534e+02,1.582382568391109778e+01,1.028498343646158673e+03,2.637202887471171042e+00,1.726342695127005111e+00,3.885649506024779209e-01,3.696638731044238853e+02,1.166760520790486488e+01,6.144792743860233486e+02,2.486934771040168641e+02,-2.800157843471659191e+01,1.138746094458788605e+01,5.215532672671500904e+02,-1.762809598570246976e+02,5.801010151616316080e+02
1.160416417284737918e+02,-1.024867876081771811e+01,1.689620261455452237e+03,5.945522958008502279e+00,-1.741494213203942536e+02,1.376419967514993687e+03,1.453785757653352562e+02,1.791783786563352407e+02,1.405933274215001120e+03,1.362662913185939715e+02,-2.825875596256893232e+02,1.082601451496390155e+03,3.479651505883056757e+02,2.812810357101326986e+02,1.147702526088501372e+03,3.764117178977825233e+02,-2.487018012590746707e+02,1.082095632543662759e+03,5.568750861223420543e+02,1.354726801464059918e+02,1.100787366018304738e+03,1.981724286728694295e+01,-1.456107732514241704e+01,9.485983400280319984e+02,1.671457176181156967e+02,1.781590879046108000e+02,1.040225907115420114e+03,1.086034476698722671e+02,-4.700412095979405080e+01,4.638936816723415291e+02,4.634144806428823813e+02,1.805007664871622097e+01,1.021206920071055038e+03,2.753265437224428513e+00,2.018043903568620401e+00,4.872116667790429845e-01,3.734708079429131544e+02,1.338126749390593595e+01,6.062823085716217975e+02,2.482340632703925110e+02,-2.830702412659146461e+01,1.125434095178921012e+01,5.233910090533545372e+02,-1.759123688903135871e+02,5.735340518919729220e+02
1.170221043733987614e+02,-8.436906626784850260e+00,1.686448631724539382e+03,7.871754365569090695e+00,-1.729157214791839579e+02,1.371882382222826891e+03,1.464199968652750670e+02,1.811829490929186761e+02,1.403613881273578045e+03,1.359171469575087769e+02,-2.782358178485945359e+02,1.075196765887044876e+03,3.470788945939762016e+02,2.872517778154279995e+02,1.146208326948585636e+03,3.763683715511442074e+02,-2.430536244921624416e+02,1.065469775721490350e+03,5.590864303583248329e+02,1.451631755168405391e+02,1.091791933323311923e+03,1.752527069645367419e+01,-8.974234786011617615e+00,9.464426196216513745e+02,1.658710568963358583e+02,1.829049800114172513e+02,1.037682847119545386e+03,1.089770326941941079e+02,-4.510231934729324621e+01,4.638712446187320779e+02,4.619364970578662906e+02,1.993433744225548665e+01,1.013301258172304642e+03,2.942674704456507584e+00,2.182235613963583010e+00,5.140702618791952450e-01,3.786125043774823098e+02,1.381169177960202354e+01,5.965446057578294585e+02,2.477266419897865717e+02,-2.879943156001287718e+01,1.114750539239147997e+01,5.264300068188464365e+02,-1.764710595281571841e+02,5.664771883294658892e+02
1.184142208602012261e+02,-6.956346068988994880e+00,1.683526574965469990e+03,1.004003335808566355e+01,-1.718117000582391540e+02,1.367243068115389406e+03,1.477029392423250442e+02,1.829802904025940222e+02,1.401361112726566716e+03,1.359406846530781365e+02,-2.730282733494317426e+02,1.067655083340753663e+03,3.465797083565451544e+02,2.931905013838317018e+02,1.144574435244976257e+03,3.762096263257600981e+02,-2.360427104894887123e+02,1.047114566394619033e+03,5.606727598558051113e+02,1.552393686506897552e+02,1.081755016747285026e+03,1.508806849781619341e+01,-3.278916936898097489e+00,9.437256768562718889e+02,1.643292313107590985e+02,1.878754341613420422e+02,1.034849664064206081e+03,1.093974004759827068e+02,-4.299142435637523363e+01,4.636301006470521884e+02,4.603824628475970826e+02,2.211810761796807157e+01,1.004628489232704965e+03,3.000422029799851398e+00,2.198717256591601998e+00,5.324231227473739114e-01,3.851544589861392183e+02,1.370245244892431913e+01,5.856767204110858529e+02,2.473193537880226529e+02,-2.920889689990478644e+01,1.106231454467840436e+01,5.308509815342523552e+02,-1.777206119059555078e+02,5.589300835816910649e+02
1.202589508767390925e+02,-5.359912319746421794e+00,1.680767191704240759e+03,1.249237519748598402e+01,-1.705408560693107631e+02,1.362530214124708664e+03,1.493094214184356190e+02,1.851843286017025889e+02,1.399014984440692160e+03,1.360915936687026999e+02,-2.671388003568731619e+02,1.060140035989745229e+03,3.467272576985791375e+02,2.996235744905669094e+02,1.142850981556099669e+03,3.756765838816642145e+02,-2.282380705152995688e+02,1.027259598036211855e+03,5.617089367508940541e+02,1.662500411497240975e+02,1.070931781039827001e+03,1.263181259839394954e+01,2.592350637560451698e+00,9.405812696333961185e+02,1.625944299808716949e+02,1.932726185724893071e+02,1.031779073112759079e+03,1.100248004779396354e+02,-4.051335099327555866e+01,4.631914545494471440e+02,4.590528481380696917e+02,2.531736388902357859e+01,9.950139321311148706e+02,2.788623536826865479e+00,2.150366818778468581e+00,5.546036365398732126e-01,3.930352580733450054e+02,1.407271117031082497e+01,5.741887348492268757e+02,2.471070119096688416e+02,-2.927613572725019964e+01,1.098616088686109293e+01,5.367347413566320711e+02,-1.790188012270970717e+02,5.508039769292049641e+02
1.224720705802040612e+02,-3.262713170222430126e+00,1.677912286618945018e+03,1.520360066971244883e+01,-1.688873735086565659e+02,1.357723388386101988e+03,1.512088530121179417e+02,1.882381772254841508e+02,1.396347961001240037e+03,1.360605700469144494e+02,-2.609719257454480044e+02,1.052739089921165487e+03,3.475024551043363772e+02,3.067814343076387331e+02,1.141078272250939335e+03,3.743880892983387980e+02,-2.203239559407684567e+02,1.006334266170056594e+03,5.623259283677159601e+02,1.784145178769011011e+02,1.059923003773296159e+03,1.030318493999571849e+01,8.623936182761115177e+00,9.371914171587760620e+02,1.607838730246583623e+02,1.991545639432093822e+02,1.028532242098592633e+03,1.109741069198035319e+02,-3.760191192370235314e+01,4.625964277114630363e+02,4.581958744240254759e+02,3.007886244404780030e+01,9.843215676278452975e+02,2.296523897645915024e+00,2.135888747525478415e+00,5.200578885676784280e-01,4.021059724408370926e+02,1.578952536370866255e+01,5.624782305006649494e+02,2.470911270289906554e+02,-2.886587558223247640e+01,1.089349476016509399e+01,5.440734286197155143e+02,-1.794795886766370643e+02,5.419974916500135578e+02
1.248445287521256404e+02,-5.007123504224546551e-01,1.674639617738174820e+03,1.807724471759885176e+01,-1.667289102651063502e+02,1.352775080255788453e+03,1.532461423852042799e+02,1.922560388362658728e+02,1.393175346726029375e+03,1.355725277747949065e+02,-2.548916613191985903e+02,1.045434034138604829e+03,3.485407935719596821e+02,3.145403257276219051e+02,1.139233491537382861e+03,3.720103281965884321e+02,-2.126615212517231726e+02,9.848282137277648189e+02,5.626622699304597290e+02,1.915676068121198625e+02,1.049395747446556925e+03,8.218604052887167555e+00,1.473459478529809097e+01,9.336734069063146535e+02,1.590103405626599624e+02,2.054331241617923069e+02,1.025121317048983428e+03,1.122826664960071810e+02,-3.431498805465335522e+01,4.618861616074095195e+02,4.579005020602254490e+02,3.654282313472510424e+01,9.725333421286944713e+02,1.627833194106205639e+00,2.197189983182131101e+00,3.346852645648034641e-01,4.121728046522638920e+02,1.919812853261362662e+01,5.507184983617408989e+02,2.471982723984145878e+02,-2.800540671856901298e+01,1.075001477154795992e+01,5.527384669592624959e+02,-1.783419469589925939e+02,5.325298147374257951e+02
1.271066723367308953e+02,2.843969865750469062e+00,1.670703523790835561e+03,2.097930467441580049e+01,-1.640195597840964297e+02,1.347628719789726347e+03,1.551858647533645126e+02,1.970290280199634481e+02,1.389436302826686187e+03,1.344896282104423619e+02,-2.489785141749495097e+02,1.038117638321242566e+03,3.492555177541958074e+02,3.225778513535531715e+02,1.137224536531895410e+03,3.684134284638832355e+02,-2.050281150216856076e+02,9.631614603647390140e+02,5.628469804011469932e+02,2.053638495369678481e+02,1.039769872723551316e+03,6.416663820894010328e+00,2.084830135335318602e+01,9.300322907428150074e+02,1.573419767125470230e+02,2.119506106268100325e+02,1.021493897556817160e+03,1.139159413591691248e+02,-3.076916483521878831e+01,4.610878024062253644e+02,4.580669628292080802e+02,4.432688439158460625e+01,9.597936682342574386e+02,9.280750572711264912e-01,2.321678315648986413e+00,-5.297108521132910808e-02,4.230257181847127868e+02,2.397724478066544407e+01,5.388785610499771792e+02,2.473402125061645336e+02,-2.682924563874165358e+01,1.052746593131158015e+01,5.624306402990159768e+02,-1.753907116771895005e+02,5.226246082199429566e+02
1.290319133519037962e+02,6.539542684745216938e+00,1.666044799681554650e+03,2.378945615551373649e+01,-1.607840527301809175e+02,1.342231133236645064e+03,1.567988271452734352e+02,2.021603279965027014e+02,1.385211061779407146e+03,1.328513538058276993e+02,-2.429773791239888965e+02,1.030632876043400529e+03,3.491012601377765350e+02,3.306178120143394494e+02,1.134950349622876502e+03,3.637104691854088401e+02,-1.967218298688810592e+02,9.416077696339609702e+02,5.630051042954556806e+02,2.195737842364946459e+02,1.031066640103473446e+03,4.839551760311262996e+00,2.696910882323670933e+01,9.262055788974716961e+02,1.557835930644976088e+02,2.185816863917087574e+02,1.017570082609545466e+03,1.158049219387943083e+02,-2.703782024351166413e+01,4.602141539017200671e+02,4.584583870830393835e+02,5.263277140506954055e+01,9.463756773773790201e+02,3.002676542255839354e-01,2.510938348467211867e+00,-5.939306255605297791e-01,4.344654833396294862e+02,2.929442640673907050e+01,5.268300203960948238e+02,2.474718284476453221e+02,-2.547314782469602079e+01,1.022022177761519934e+01,5.726889460394475009e+02,-1.711672271798705083e+02,5.126725288919454897e+02
1.305247461679831815e+02,1.034002080537031354e+01,1.660811795256215873e+03,2.644039485188933725e+01,-1.571336372123645617e+02,1.336543132072185017e+03,1.579532809365018124e+02,2.072323870014466536e+02,1.380674089977597077e+03,1.308194458198746588e+02,-2.364648676148579227e+02,1.022816272746047389e+03,3.478367356988756569e+02,3.386009818632704764e+02,1.132394690878906204e+03,3.581582261246052212e+02,-1.869911832804782819e+02,9.202921683668301966e+02,5.632578419899202800e+02,2.342625798698539086e+02,1.023001946852204014e+03,3.357461845761890995e+00,3.319486936277682076e+01,9.221565506880901921e+02,1.542844894497028747e+02,2.252863005273152055e+02,1.013305367414214402e+03,1.178972807210410991e+02,-2.311243276551998349e+01,4.592769204544777608e+02,4.587956717422963493e+02,6.057140606316079356e+01,9.325763539172199899e+02,-2.392470666611010988e-01,2.841148859729882847e+00,-1.146107883970842733e+00,4.463470918706968291e+02,3.419179593059087807e+01,5.144574251874024640e+02,2.476076544225692544e+02,-2.399684640310240269e+01,9.851098746258935890e+00,5.830054347874919358e+02,-1.667903366084553056e+02,5.030916311807553711e+02
1.316463205598176387e+02,1.407530479770188414e+01,1.655277165367468342e+03,2.892928766911766658e+01,-1.532755173564953566e+02,1.330544538678785102e+03,1.586689850890559796e+02,2.119240298733439261e+02,1.376011944163071121e+03,1.285668355030360601e+02,-2.291254849400023659e+02,1.014536749500084284e+03,3.456430318305851301e+02,3.466878890208918733e+02,1.129681419000350616e+03,3.519909597590509520e+02,-1.755451202332621676e+02,8.992355648099846803e+02,5.636951566482845237e+02,2.497450911279528043e+02,1.015227406742511562e+03,1.829114116620140340e+00,3.964241029244588077e+01,9.179377964614242273e+02,1.527672618758456906e+02,2.320769236109235578e+02,1.008735070670149867e+03,1.201960246451552337e+02,-1.897333250195328347e+01,4.583034707720579490e+02,4.588418786222444510e+02,6.756377868648486640e+01,9.185989008905830815e+02,-7.446508654454199183e-01,3.441308068597989323e+00,-1.545881330137335974e+00,4.586317218736233485e+02,3.800258039011292510e+01,5.017099348248523256e+02,2.477907692769333039e+02,-2.239182813953302542e+01,9.462428117889588819e+00,5.930089045288300440e+02,-1.634494382188817667e+02,4.941786970492672708e+02
1.325710980381916784e+02,1.766770638972678498e+01,1.649693393207894587e+03,3.130563056569702240e+01,-1.494766966248211304e+02,1.324223101332564738e+03,1.591113064570906204e+02,2.160590711909380843e+02,1.371344624787722523e+03,1.261926738826160630e+02,-2.209681789367279805e+02,1.005724285782496850e+03,3.430399581274853062e+02,3.551207885480217215e+02,1.127032569928305975e+03,3.452880398003675850e+02,-1.628424501151789912e+02,8.783904235128193250e+02,5.643240832974831847e+02,2.663753247687129146e+02,1.007527462196397551e+03,1.713630397419968476e-01,4.633088618749651744e+01,9.136719563542534388e+02,1.511635761578476149e+02,2.389361524390920977e+02,1.003967457923795678e+03,1.227601498937465294e+02,-1.471039937654785135e+01,4.573414302809583774e+02,4.584394592046000980e+02,7.360941468011847633e+01,9.044875358381714250e+02,-1.284971153174539138e+00,4.389947820760226271e+00,-1.694123871916900503e+00,4.714104812790786241e+02,4.057612422170519295e+01,4.885867173144308708e+02,2.480432629171324947e+02,-2.065919346122977984e+01,9.100546402692680559e+00,6.026162189934426578e+02,-1.618559516062121872e+02,4.860409045086505557e+02
1.335079815771387644e+02,2.110445118044673407e+01,1.644168327681268465e+03,3.364986162787302959e+01,-1.459728649988003042e+02,1.317546926347125464e+03,1.595311356932605804e+02,2.196151644419646800e+02,1.366680460590501525e+03,1.237211337545180498e+02,-2.123612534949757560e+02,9.963801948120651559e+02,3.406540160904648360e+02,3.640561029373275233e+02,1.124637655245346878e+03,3.379360125344388734e+02,-1.499848824639810516e+02,8.576373016708289470e+02,5.650208511224927861e+02,2.843281676899119361e+02,9.998484284951498466e+02,-1.597215072740822750e+00,5.311957382438298225e+01,9.094621790109215453e+02,1.494410388580290032e+02,2.457676152465458870e+02,9.991260041860217598e+02,1.256590510386613033e+02,-1.057324396507698339e+01,4.564421916312440430e+02,4.575005668576903872e+02,7.927954453713319083e+01,8.901404916134013092e+02,-1.889753106895917245e+00,5.612948147402239130e+00,-1.598189700723427364e+00,4.848631741325996245e+02,4.221145099440069259e+01,4.750931123879036591e+02,2.483386840564571401e+02,-1.888190346934277031e+01,8.804497343989831748e+00,6.120563886856516547e+02,-1.619705014011130402e+02,4.786268681669872649e+02
1.346307574922555830e+02,2.441078776439923814e+01,1.638632970532208674e+03,3.605226739326079866e+01,-1.428616172215936615e+02,1.310443249379015924e+03,1.601775680497937628e+02,2.227181516186131205e+02,1.361918822765491768e+03,1.211704657300304007e+02,-2.038754196146039703e+02,9.865632958521863429e+02,3.389591214210452677e+02,3.734741174975047215e+02,1.122518513487289511e+03,3.296856819777918872e+02,-1.382724155558944972e+02,8.367737272147338672e+02,5.655221688250422858e+02,3.035030759326991756e+02,9.921952993998785360e+02,-3.362987377811767598e+00,5.976881515442857307e+01,9.053013135668626319e+02,1.476113034127354240e+02,2.524377878239839674e+02,9.942763459983789289e+02,1.289023767581086020e+02,-6.879149722816607415e+00,4.556321594521821225e+02,4.559813965474707516e+02,8.544533334256767887e+01,8.753813652374269623e+02,-2.527273540464714863e+00,6.875785918424480059e+00,-1.347912956847070687e+00,4.991499151175017346e+02,4.338893354946392833e+01,4.612151656547773655e+02,2.486168118810280419e+02,-1.722271187385162960e+01,8.601784573937322875e+00,6.217412673038850244e+02,-1.631354012575044692e+02,4.718066904128096439e+02
1.360442870551444514e+02,2.764110026960085165e+01,1.632919214965361789e+03,3.859193823616484309e+01,-1.400464928207693163e+02,1.302816387834823672e+03,1.612170640514955551e+02,2.256138978039988956e+02,1.356900413217641699e+03,1.186201165335991448e+02,-1.960311632023331185e+02,9.763603815482853179e+02,3.381087995388423906e+02,3.831986757573143336e+02,1.120495518895751957e+03,3.202685231012759459e+02,-1.286788594566631900e+02,8.155622754892742705e+02,5.654776431547865059e+02,3.235692778602919475e+02,9.845371751806774228e+02,-4.973434976695340737e+00,6.609825924783439177e+01,9.010520968981588794e+02,1.457187711180386600e+02,2.588838689128177748e+02,9.893855799038842633e+02,1.323898057160767223e+02,-3.829622449093335934e+00,4.548934579320622333e+02,4.538732773084630594e+02,9.288843410535875478e+01,8.600482515866667654e+02,-3.120510135036816735e+00,7.890443642430083671e+00,-1.052541999527833783e+00,5.142791143830102101e+02,4.450289675135159229e+01,4.469358251879791055e+02,2.488269313004595631e+02,-1.584910952716847810e+01,8.506184927338486190e+00,6.320421087991211380e+02,-1.644836181037062488e+02,4.654340314392835012e+02
1.377836275203148944e+02,3.087237837560295262e+01,1.626894580636636874e+03,4.131354905725609683e+01,-1.372764403983933335e+02,1.294613016047294650e+03,1.626871633218070201e+02,2.285937187365902048e+02,1.351487617452062068e+03,1.162054805726461524e+02,-1.890866016548032746e+02,9.658630018459155053e+02,3.379235304296733489e+02,3.929816743783898119e+02,1.118296996236570749e+03,3.095251299304292729e+02,-1.215338975757093891e+02,7.938648081327240789e+02,5.645579059274186875e+02,3.440842554787519703e+02,9.768282364986015409e+02,-6.317214808623377031e+00,7.212891030964766514e+01,8.965164556526921160e+02,1.438159987412358873e+02,2.651936889390714782e+02,9.843388078311030540e+02,1.359208087368493523e+02,-1.374249499540663777e+00,4.541698071054991033e+02,4.512167308514233923e+02,1.019839176295907208e+02,8.440615714975906485e+02,-3.583759757132521706e+00,8.464943909826695645e+00,-7.878608055071604221e-01,5.300212739984567634e+02,4.575691682769369351e+01,4.322725829305620664e+02,2.489645213544750391e+02,-1.485197040986173533e+01,8.513337630632683783e+00,6.430858414322150338e+02,-1.653516257781319041e+02,4.593554053896002642e+02
1.398243026618546594e+02,3.418094819104004500e+01,1.620559292163763303e+03,4.420698458588086766e+01,-1.342643604945857874e+02,1.285896204012816497e+03,1.644977519095932621e+02,2.318775391706849121e+02,1.345637139544552610e+03,1.140296039831430335e+02,-1.829622105955894540e+02,9.551654575952430832e+02,3.380221228052820379e+02,4.025843352225811600e+02,1.115743751454379435e+03,2.974952813583686861e+02,-1.165416692200869448e+02,7.717954314686331827e+02,5.625803039689170646e+02,3.646135397070167414e+02,9.691247463296898559e+02,-7.389999111955890321e+00,7.809312091545314161e+01,8.915431038705993387e+02,1.419352816568487583e+02,2.715750690406050012e+02,9.789961830469444521e+02,1.392720073717825358e+02,7.673305735884397016e-01,4.533928521532843092e+02,4.481162431559741890e+02,1.125906855912026430e+02,8.274446753890266564e+02,-3.856612501170125995e+00,8.591562034322610231e+00,-5.851697070961366931e-01,5.459256308956487374e+02,4.724224502910912094e+01,4.172885494617486870e+02,2.490733102532727514e+02,-1.422285092362511350e+01,8.596494064847068017e+00,6.546790420223268256e+02,-1.654671831448638102e+02,4.533801719168158115e+02
1.420849879910292088e+02,3.760797267740285577e+01,1.614033894349388220e+03,4.720079771931342094e+01,-1.308149354708671126e+02,1.276864922096680402e+03,1.664729043059926710e+02,2.355086195916679799e+02,1.339421539255266225e+03,1.120497619448165239e+02,-1.773193508615628957e+02,9.443743704091581321e+02,3.380221070317307976e+02,4.118251820958660119e+02,1.112876197900249963e+03,2.844266539268638780e+02,-1.130540625280424365e+02,7.497679092160308301e+02,5.595912424867487971e+02,3.848302317623516160e+02,9.616827172337816592e+02,-8.311995786373854500e+00,8.429073957992440569e+01,8.860945185065497753e+02,1.400680756820198667e+02,2.782233199564021788e+02,9.732472854320482156e+02,1.423084132501326451e+02,2.937198392233877353e+00,4.525080395981635206e+02,4.447310497660051851e+02,1.241781802622897999e+02,8.102963850937160259e+02,-3.921230347778258185e+00,8.421125770443214975e+00,-4.550272295325250571e-01,5.614472688357759580e+02,4.909675788956188569e+01,4.020503228573305705e+02,2.492122132761423359e+02,-1.389345009929723851e+01,8.708793954105617630e+00,6.663990690674500001e+02,-1.648509118532490447e+02,4.472590342225009294e+02
1.444244770079921523e+02,4.114101043902904564e+01,1.607445503710501725e+03,5.017678324738908202e+01,-1.268889035640204384e+02,1.267785935203441340e+03,1.684114597680367638e+02,2.393343417243851547e+02,1.332982607903584949e+03,1.100213150266797157e+02,-1.717421446621023620e+02,9.336071545457472212e+02,3.377076875361420889e+02,4.206133970983080417e+02,1.109934530251798378e+03,2.706900697115096932e+02,-1.104044445471398603e+02,7.283716162941652783e+02,5.558537249672625649e+02,4.046026900242661668e+02,9.549387334462620629e+02,-9.282027007573065092e+00,9.088816276520948634e+01,8.802294525547698640e+02,1.381643597340795679e+02,2.851893548510774963e+02,9.670303898602919617e+02,1.450695355141361915e+02,5.350279421387665657e+00,4.514815917964203891e+02,4.412418475970202394e+02,1.361124587577863281e+02,7.927446324668866282e+02,-3.802788162059092425e+00,8.157124022610886982e+00,-4.115111508006921159e-01,5.761292436643384463e+02,5.161215803487505838e+01,3.865656121402308827e+02,2.494120322248625428e+02,-1.378506312328124395e+01,8.795138501508004580e+00,6.777944481099871155e+02,-1.635445228388092858e+02,4.407169663156235515e+02
1.466531351748357110e+02,4.473643050660969323e+01,1.600800083571612049e+03,5.300326026188811568e+01,-1.225755812259449868e+02,1.258872545373972343e+03,1.701437469856990674e+02,2.431105570014674413e+02,1.326445187103611488e+03,1.075462337687312413e+02,-1.659367363576145635e+02,9.229710300388650239e+02,3.370885480226854156e+02,4.289924508911665271e+02,1.107216698112722952e+03,2.566355706598544657e+02,-1.081366310441688228e+02,7.081467488976558116e+02,5.517365319884112296e+02,4.240560233962745542e+02,9.493766300269004432e+02,-1.048176010511638623e+01,9.780489893143419522e+01,8.740262400670968645e+02,1.361584268338530990e+02,2.923605862003142875e+02,9.603206250161915705e+02,1.477781848690354423e+02,8.021396825636916361e+00,4.502889922393173379e+02,4.378174682450811019e+02,1.479601259105405688e+02,7.749203004514411077e+02,-3.560311172962620230e+00,7.953682132658252968e+00,-4.681828055475411032e-01,5.897455193142013741e+02,5.521605409412207877e+01,3.707717378366155572e+02,2.496519944182091422e+02,-1.381827311335887742e+01,8.809485687322123226e+00,6.885703976166548728e+02,-1.613638773657558829e+02,4.335422446035503867e+02
1.485765281602126038e+02,4.838359418285060087e+01,1.593942298853897455e+03,5.557782285540336886e+01,-1.179991764230750562e+02,1.250191787197774374e+03,1.715723356806801121e+02,2.466910923683345800e+02,1.319848083420585226e+03,1.042077393939795513e+02,-1.598554693304001262e+02,9.125370557835367435e+02,3.363356112596814569e+02,4.371803165127402622e+02,1.104921305608917237e+03,2.424529875107297130e+02,-1.060638343657683009e+02,6.894126535556101771e+02,5.475584994007152773e+02,4.435573386071330901e+02,9.453607499293124192e+02,-1.197197327896594210e+01,1.047711479920576920e+02,8.675180438337156374e+02,1.340139206901166631e+02,2.995787577370898020e+02,9.531181779878282896e+02,1.507573462269885169e+02,1.084793602097239962e+01,4.489035629260839642e+02,4.346019814127670884e+02,1.596715820441396261e+02,7.569636555465021956e+02,-3.273011837505360067e+00,7.882777686037376164e+00,-6.089098909070923549e-01,6.023258681700491479e+02,6.034943311639102603e+01,3.546127365368102460e+02,2.498703579297094848e+02,-1.388411245566690511e+01,8.728603373981121294e+00,6.986491432741934204e+02,-1.578354599893355612e+02,4.256742758008308556e+02
1.500658363232205090e+02,5.217962038474922082e+01,1.586639682851884118e+03,5.786762931207456973e+01,-1.132152524239559597e+02,1.241664273475134678e+03,1.726936214565048431e+02,2.501973649737905134e+02,1.313134779374285927e+03,9.972177645680937985e+01,-1.536830038194154326e+02,9.023282193238097761e+02,3.356448615054150082e+02,4.455563508790147011e+02,1.103067985579066772e+03,2.280909114537592188e+02,-1.041840073882578821e+02,6.722483162312096283e+02,5.434648109003497893e+02,4.635858733718112035e+02,9.430115451427986955e+02,-1.363574851868864357e+01,1.115174333545725887e+02,8.606951602541297461e+02,1.317652505752997172e+02,3.068070569054183352e+02,9.454596986241133436e+02,1.542894105150598421e+02,1.376558457700735616e+01,4.473037016521635110e+02,4.317152594273925956e+02,1.715734138589868678e+02,7.390335053317845677e+02,-3.022179097659040803e+00,7.972918960952600997e+00,-7.665914341246018449e-01,6.140507627657746070e+02,6.732762365514440717e+01,3.381579316122401906e+02,2.499995821834163507e+02,-1.382450500253822767e+01,8.554482883845853536e+00,7.080847402015322132e+02,-1.523422295726717266e+02,4.172119322879593710e+02
1.511236260936582596e+02,5.636080265140830647e+01,1.578733951201096943e+03,5.993178010874402162e+01,-1.081534227806101711e+02,1.233150712920791875e+03,1.735971083980722938e+02,2.540523905003545906e+02,1.306202664315342190e+03,9.403095529672606290e+01,-1.476928000713247400e+02,8.923264609573252528e+02,3.351125484180004150e+02,4.545575700556182142e+02,1.101510758249656192e+03,2.132560687847804957e+02,-1.025327654790950476e+02,6.565913122567615119e+02,5.393884357165023857e+02,4.845178939550950759e+02,9.421524033285701307e+02,-1.520775947433629405e+01,1.179663783154234977e+02,8.535655377372437442e+02,1.295274870112535552e+02,3.142173518829582122e+02,9.374413428403246371e+02,1.584851421998507703e+02,1.684466278897396663e+01,4.454981059088819393e+02,4.292415128775591597e+02,1.841947531481420697e+02,7.212766194066532535e+02,-2.869342778587060216e+00,8.267731178158115313e+00,-8.416381922494196033e-01,6.250834630732093729e+02,7.627623970574703094e+01,3.216583172239292026e+02,2.500013715727303065e+02,-1.346830851930500650e+01,8.304223810866348643e+00,7.169150543738763872e+02,-1.443654216549471130e+02,4.083127912495933742e+02
1.519049180789507432e+02,6.124668818424578376e+01,1.570251614708174429e+03,6.190824268009856013e+01,-1.026355427943115473e+02,1.224554887745730184e+03,1.744375872806284633e+02,2.588286316272553336e+02,1.298970883359803111e+03,8.730471204553515463e+01,-1.420621854726776689e+02,8.824918142295957750e+02,3.346894728026346684e+02,4.645087562446792049e+02,1.100003941554345374e+03,1.974948351078165558e+02,-1.010670710608649188e+02,6.423437649883737777e+02,5.351025414842812324e+02,5.064320490465519811e+02,9.423393861063929080e+02,-1.638462499429808616e+01,1.243020548762448101e+02,8.462097628731534087e+02,1.274617444620373732e+02,3.221285718010688583e+02,9.292164362418642440e+02,1.632270975632370096e+02,2.025157264695560855e+01,4.435476078837029945e+02,4.271954879299873937e+02,1.980216670941116206e+02,7.037523186587691271e+02,-2.837859507459769226e+00,8.847094888818045177e+00,-7.576618023677660352e-01,6.354443201610218921e+02,8.717647107128637174e+01,3.054701991809006358e+02,2.498801478856462097e+02,-1.271980990234808928e+01,7.994685186887553030e+00,7.250697951044925276e+02,-1.336562754815316509e+02,3.990412601887879305e+02
1.526723047039800178e+02,6.710601518635722584e+01,1.561396643329829203e+03,6.395867703229986745e+01,-9.645687954571268108e+01,1.215868411358309459e+03,1.753830571162612273e+02,2.649737752536544804e+02,1.291421391548632300e+03,7.986032283492872352e+01,-1.367603078620483075e+02,8.727878862157303956e+02,3.342279367057208788e+02,4.754731040143556697e+02,1.098282670267717322e+03,1.803518887080079196e+02,-9.963616117930642702e+01,6.294073522561500340e+02,5.303301777714392529e+02,5.290573929515066993e+02,9.429963544889626519e+02,-1.696183825714129156e+01,1.308822140051044300e+02,8.387702144973319491e+02,1.257118011427858306e+02,3.308360602227896266e+02,9.209436172824574669e+02,1.682136725416210083e+02,2.411282163847593196e+01,4.415595638490767101e+02,4.254907978551706833e+02,2.132887167636515073e+02,6.863622655444263501e+02,-2.907951157007049314e+00,9.793103309874211959e+00,-5.148926358347923893e-01,6.449984543916624489e+02,9.997774289940710446e+01,2.898768126453680907e+02,2.496722017711813351e+02,-1.163995184170679309e+01,7.633303429367835236e+00,7.323941213793293628e+02,-1.202412721915286937e+02,3.892737368428099671e+02
1.537010459877356823e+02,7.402080972865897479e+01,1.552434866203552247e+03,6.619118167544857556e+01,-8.948168162147739224e+01,1.207138091425227003e+03,1.765563672599183462e+02,2.725716157108539051e+02,1.283594963760824612e+03,7.204847054056534716e+01,-1.315687599037565860e+02,8.632096651371716689e+02,3.335746619708903040e+02,4.872166636629889922e+02,1.096145801099609798e+03,1.615748384180506605e+02,-9.802952547975444020e+01,6.176524130913900308e+02,5.248599790616964356e+02,5.519158101205478033e+02,9.436497377421245574e+02,-1.692308576773722706e+01,1.380598581993374410e+02,8.313721447178451172e+02,1.243488384228129462e+02,3.404439703458772897e+02,9.127050620942052319e+02,1.730780749668307692e+02,2.839594829511621299e+01,4.396489433726402467e+02,4.239502140461436284e+02,2.298863329285751718e+02,6.688538136750530612e+02,-3.028326201099069692e+00,1.113096921039844212e+01,-1.976085583888897157e-01,6.535440160695216036e+02,1.146929137934922664e+02,2.749220411354432940e+02,2.494263871818499751e+02,-1.044786312066639944e+01,7.221276425602282778e+00,7.387453847329585415e+02,-1.042972376717486895e+02,3.787311061926359912e+02
1.551803850158726163e+02,8.184638746121112263e+01,1.543554155911652742e+03,6.860420902045245839e+01,-8.169618686801797480e+01,1.198399662764515824e+03,1.779969418395640730e+02,2.812921753128376281e+02,1.275557834696685632e+03,6.414403500180488038e+01,-1.262020773535781473e+02,8.538029703334919986e+02,3.326399644399876934e+02,4.993169268139185988e+02,1.093531196602197269e+03,1.412797481848975849e+02,-9.604583249150952895e+01,6.068753427481802873e+02,5.186211567759371519e+02,5.745890190661456245e+02,9.441697930194636683e+02,-1.643506974209877214e+01,1.460220990045830547e+02,8.240350291622631858e+02,1.233559148767551079e+02,3.508018730664628606e+02,9.044497939406924161e+02,1.775228157729091834e+02,3.290337860732921627e+01,4.378852015146089229e+02,4.223731193260823602e+02,2.474117947736991709e+02,6.509246107951831846e+02,-3.136554346299472051e+00,1.279101126609279149e+01,7.488982264768506703e-02,6.609178909162654918e+02,1.314109245866046365e+02,2.603652501587363304e+02,2.491944231064989594e+02,-9.421981778496979487e+00,6.764297239075157897e+00,7.440682759448976640e+02,-8.601687786431641314e+01,3.671116229710967218e+02
1.571590371569323281e+02,9.030649026656388401e+01,1.534790007229003777e+03,7.108904702096936035e+01,-7.318945487155600915e+01,1.189638785466215495e+03,1.796607429264001325e+02,2.905711254171818609e+02,1.267367626252659420e+03,5.626645095861930201e+01,-1.204382135590330449e+02,8.446626786771034858e+02,3.314074266500714998e+02,5.113571638608135572e+02,1.090553947873722336e+03,1.199644526739139536e+02,-9.353813604148707839e+01,5.967959584079981141e+02,5.116936204796629681e+02,5.969482456951478753e+02,9.448617462815105910e+02,-1.575704925629539233e+01,1.547220080856402262e+02,8.166439420114274981e+02,1.226554568216659504e+02,3.615730822859511591e+02,8.960092392033885744e+02,1.814116544762757712e+02,3.738128095554224473e+01,4.362576564803605947e+02,4.206308826168001360e+02,2.653383535083336255e+02,6.323857564107503322e+02,-3.176096790928649494e+00,1.461383602335659759e+01,2.223495356531946243e-01,6.670339315818039267e+02,1.502294007041691657e+02,2.457802062344963190e+02,2.490331806350553734e+02,-8.761257470943141001e+00,6.279937383398903172e+00,7.483941566256596616e+02,-6.555458943716918441e+01,3.542233770508746602e+02
1.595558975577719423e+02,9.916097287075972133e+01,1.526046774000829146e+03,7.349073511173193651e+01,-6.408118568308429985e+01,1.180806045882930221e+03,1.814569137938723316e+02,2.999065079659462185e+02,1.259054942136961927e+03,4.834503267040441443e+01,-1.141872308909079123e+02,8.359130595913612751e+02,3.299070201764633339e+02,5.230987058618021592e+02,1.087475343921980766e+03,9.831477883391329442e+01,-9.044064711348447361e+01,5.871218804230176147e+02,5.042601780773753717e+02,6.191940949855527379e+02,9.463086823876309381e+02,-1.512027425659547575e+01,1.639142530360473131e+02,8.090060741887622271e+02,1.221550288571916667e+02,3.723847863028495340e+02,8.871836670458976641e+02,1.847893182249633810e+02,4.165638656045437926e+01,4.346837697608441431e+02,4.187357952300092165e+02,2.832320619792974981e+02,6.132929861461245764e+02,-3.103633113644410635e+00,1.638722692723455054e+01,2.544853544275508250e-01,6.718335970823346770e+02,1.711785081671818887e+02,2.307283142761406509e+02,2.490040640135871399e+02,-8.506914839553239460e+00,5.795613146032939866e+00,7.517930202237998856e+02,-4.303453868153284390e+01,3.400243559708133603e+02
1.622207982802892730e+02,1.083235325763195505e+02,1.517175712404058913e+03,7.568635065392695083e+01,-5.445338933169615814e+01,1.171865174896395729e+03,1.833018750205699803e+02,3.090834215905503584e+02,1.250618828229922201e+03,4.014260518307899872e+01,-1.074945981959999273e+02,8.276938981769066004e+02,3.282002645317951419e+02,5.345459771346845628e+02,1.084603910333793237e+03,7.687854068037914601e+01,-8.681436858174980387e+01,5.776767463592956346e+02,4.965311360695023382e+02,6.416736154490956778e+02,9.490350055113412964e+02,-1.463986797542225027e+01,1.732565383795306957e+02,8.009559868478132785e+02,1.217801032693055561e+02,3.829755016325956944e+02,8.778474070780761167e+02,1.878343378843293863e+02,4.570178169976235694e+01,4.330571423517048970e+02,4.168431652498202311e+02,3.009241551080420436e+02,5.939647203477715038e+02,-2.889526634224622192e+00,1.789423393782981719e+01,2.692143165920630188e-01,6.752047732716698647e+02,1.942278393089064821e+02,2.149064444456260219e+02,2.491547301380081194e+02,-8.580915733503699627e+00,5.340811031963373701e+00,7.543434706242915126e+02,-1.852375595102232708e+01,3.245549098903721301e+02
1.650069337526166180e+02,1.178460962502658731e+02,1.508045692516403278e+03,7.762958240914640839e+01,-4.433832638862040909e+01,1.162832954977415284e+03,1.851652904269201372e+02,3.181951604530048030e+02,1.242029253872448635e+03,3.134255493046203611e+01,-1.005259669135789835e+02,8.201714873921581557e+02,3.263958056204612603e+02,5.458909121194573117e+02,1.082175530482958948e+03,5.579305926635812085e+01,-8.292383335154873691e+01,5.685475433587954512e+02,4.886748143864489293e+02,6.645972228751853663e+02,9.532019635835546296e+02,-1.429233561727490986e+01,1.824245194192428414e+02,7.924428307669552396e+02,1.214787834974446810e+02,3.932709534598532741e+02,8.680082557325899870e+02,1.907750326033088584e+02,4.959987540703901487e+01,4.313030749504733876e+02,4.151854734738736852e+02,3.185640050164940931e+02,5.748678881940527390e+02,-2.518458277881514551e+00,1.896592533510454004e+01,4.051518330396599032e-01,6.769523001061049854e+02,2.194122086109785812e+02,1.982091718670835689e+02,2.494880512969552910e+02,-8.901668388943965837e+00,4.941360490021475371e+00,7.561491554066795970e+02,8.094312690131280519e+00,3.078261152557601577e+02
1.678176630246257162e+02,1.277971913827534536e+02,1.498571839999002123e+03,7.933949421805392888e+01,-3.376682908507824976e+01,1.153786550830188162e+03,1.870870431379412651e+02,3.274785124450972376e+02,1.233237838752279458e+03,2.168411311664008423e+01,-9.356345777243302564e+01,8.135613525123055751e+02,3.246628021425362931e+02,5.573902944234135930e+02,1.080276603792641708e+03,3.475189122432709610e+01,-7.929034307176267760e+01,5.601639617840121446e+02,4.807734948095398408e+02,6.878562623453600509e+02,9.585354512991417550e+02,-1.395181672422143926e+01,1.911991475728779335e+02,7.835515850945906777e+02,1.212069646392056654e+02,4.033652361534973352e+02,8.577907557452899709e+02,1.938048302575635375e+02,5.345345244638539839e+01,4.294025503010130365e+02,4.139736506120086688e+02,3.365329263407868439e+02,5.564293394282416330e+02,-1.993822061133933010e+00,1.953886871161824246e+01,7.807400411810527796e-01,6.768648837592747896e+02,2.470006588548759510e+02,1.807080404501197961e+02,2.499433828664703867e+02,-9.473953494072677728e+00,4.618508453195883767e+00,7.573719672524404132e+02,3.728026126004348839e+01,2.897529175908083516e+02
1.706111610775193697e+02,1.381510194382155419e+02,1.488717589197876805e+03,8.085414001872179313e+01,-2.282621316516527088e+01,1.144847885533995623e+03,1.891557500995241128e+02,3.371080411040085210e+02,1.224204357922912322e+03,1.110489667877222431e+01,-8.698068988506528854e+01,8.081230898214440685e+02,3.231930691384284273e+02,5.692504594681485059e+02,1.078845375992081017e+03,1.326357409175777136e+01,-7.662252677068811124e+01,5.532221925928521387e+02,4.728094588272062992e+02,7.110748208772999988e+02,9.645192090037653543e+02,-1.345363825123912349e+01,1.995085234567636405e+02,7.744575492724590049e+02,1.209156528338545087e+02,4.134343793258876758e+02,8.473652112017607578e+02,1.970226736918385200e+02,5.732714820740390138e+01,4.273689703620426030e+02,4.133139908373772755e+02,3.552679746192568473e+02,5.388748065763713839e+02,-1.342527364702950532e+00,1.970122951912494713e+01,1.450711477039912101e+00,6.748463920016259863e+02,2.775504914421450735e+02,1.625887839822128740e+02,2.504137231047623686e+02,-1.037380052704761546e+01,4.387796472188162156e+00,7.582346634720338443e+02,6.985979378096394043e+01,2.701841126253739844e+02
1.733719027891605435e+02,1.487936993061729254e+02,1.478506568097355512e+03,8.219200986280468157e+01,-1.166404812208784669e+01,1.136169937833825770e+03,1.914556412772850820e+02,3.471052726036265312e+02,1.214938136925577737e+03,-1.676631689229506894e-01,-8.113645485764567411e+01,8.040994895367520030e+02,3.221026443994213082e+02,5.815681239737998567e+02,1.077734265164494445e+03,-8.936203041197966712e+00,-7.557128881774126228e+01,5.484397140224372151e+02,4.646820926009088453e+02,7.338594451289474137e+02,9.706964103494461824e+02,-1.265257877327245595e+01,2.074292775714670256e+02,7.653516915853110731e+02,1.205567333035536279e+02,4.236405197149184119e+02,8.368738175592163770e+02,2.004083398412255974e+02,6.126476384996339419e+01,4.251989038688456048e+02,4.131761980119854911e+02,3.750897668587823546e+02,5.221800597060745304e+02,-6.130495922402656728e-01,1.969194773574087165e+01,2.390905664757184468e+00,6.710196579616881536e+02,3.117301518043094006e+02,1.440867221748447093e+02,2.507971496969990142e+02,-1.163982854166707703e+01,4.251806518710855798e+00,7.589739177405605233e+02,1.067765011520522052e+02,2.490121642603369878e+02
1.760751981790621130e+02,1.596505090530611142e+02,1.468050303134568594e+03,8.335255411219080202e+01,-4.174586980104830203e-01,1.127930782897966310e+03,1.940080248902778521e+02,3.574125412697540014e+02,1.205532765562404393e+03,-1.162864446298955201e+01,-7.619035408776993279e+01,8.016182771618682636e+02,3.213260092414996620e+02,5.943364957180159536e+02,1.076782549012916661e+03,-3.157621716909362775e+01,-7.639528741540212309e+01,5.462459568559141871e+02,4.562564383213404540e+02,7.560686142079575802e+02,9.768626818130113634e+02,-1.145726602099465730e+01,2.151634033550871550e+02,7.563807666092184263e+02,1.201045660962079609e+02,4.340806872736698097e+02,8.263942661272238865e+02,2.038323162340812189e+02,6.535779392323944137e+01,4.228395540620144857e+02,4.134174188018693030e+02,3.961196802445367098e+02,5.061514656297425745e+02,1.369977167073470337e-01,1.982456724955888205e+01,3.506483916941444789e+00,6.657135715810088641e+02,3.499616043039754913e+02,1.254383388176671446e+02,2.510525545933654712e+02,-1.316567826440924982e+01,4.189171450720298395e+00,7.597608365014750689e+02,1.486464051900972265e+02,2.262920951124491182e+02
1.786746082536489837e+02,1.708308634298151958e+02,1.457550054053190934e+03,8.435459501258453940e+01,1.088933198570202698e+01,1.120312443805624525e+03,1.967454949454395319e+02,3.680477840033865959e+02,1.196159390986136259e+03,-2.262789775355513200e+01,-7.194883893383553186e+01,8.006184299052034703e+02,3.205831449036488721e+02,6.075025019966687978e+02,1.075859419257338914e+03,-5.385404330027272835e+01,-7.875026131067892265e+01,5.465897024889769682e+02,4.474296295428654844e+02,7.779223465270573570e+02,9.830457067025024571e+02,-9.839072427470219040e+00,2.230014675109464974e+02,7.476249464363687594e+02,1.195744345950159300e+02,4.447988492165578123e+02,8.159467375774308948e+02,2.070967155275436369e+02,6.979320070846925717e+01,4.202050902976299653e+02,4.138370590547608003e+02,4.183115651545138576e+02,4.905821522111600075e+02,8.590326172159737927e-01,2.034852903442158123e+01,4.656742263315303276e+00,6.593112009580554513e+02,3.920973977911480119e+02,1.068512211903383218e+02,2.512220020032712000e+02,-1.469471552608583487e+01,4.151523629251116176e+00,7.606182324668488945e+02,1.953793915421560712e+02,2.022988558065970608e+02
1.811292341051723156e+02,1.826655760342053156e+02,1.447227469307700630e+03,8.528214848801499670e+01,2.240812229216527740e+01,1.113444075779380682e+03,1.995451909001447746e+02,3.792000705437984607e+02,1.187000121453015936e+03,-3.258030124207037659e+01,-6.788056055641209241e+01,8.008660210430190318e+02,3.194619488774540628e+02,6.210521718847487591e+02,1.074877336848192954e+03,-7.476848328615713513e+01,-8.179344997979356435e+01,5.490045139976300561e+02,4.381796652674728421e+02,7.999015388909344892e+02,9.893472235883082249e+02,-7.824599628795212425e+00,2.312727760987813781e+02,7.391090056423480519e+02,1.190198387153461539e+02,4.558383466734399008e+02,8.055233382027229254e+02,2.100002933501496898e+02,7.482146257137421230e+01,4.172385622446129219e+02,4.142269530111504992e+02,4.415529861125510820e+02,4.753999817141093445e+02,1.526567842491592941e+00,2.131230687635619248e+01,5.693607545304535833e+00,6.520233844620738637e+02,4.373627302702361703e+02,8.849745164329820568e+01,2.514023013433738925e+02,-1.593897809429764578e+01,4.079082067943414991e+00,7.613551720705954722e+02,2.461410349127507402e+02,1.775053118900960669e+02
1.834582751446729105e+02,1.955884533411748123e+02,1.437198604513826467e+03,8.629779530590413117e+01,3.444751288918544674e+01,1.107330343298877324e+03,2.023093254890821129e+02,3.911810450187130641e+02,1.178147770641684701e+03,-4.116227768741968163e+01,-6.333924730151779414e+01,8.020785759194899356e+02,3.175832568281248882e+02,6.350872242093824980e+02,1.073804567441183508e+03,-9.358428781765566384e+01,-8.459936948653223965e+01,5.529269897493985582e+02,4.285593446677850693e+02,8.225264635682016205e+02,9.958163261610482095e+02,-5.480922613468169224e+00,2.402823693406997734e+02,7.308283829182196314e+02,1.185083922415320927e+02,4.672912251274313462e+02,7.951148129870372259e+02,2.124118473691996485e+02,8.065100508312292504e+01,4.139795821765441701e+02,4.143966832880579432e+02,4.657637718796984245e+02,4.607414173530318067e+02,2.134440145987112736e+00,2.251386778182449788e+01,6.508463078937976043e+00,6.437042826769170460e+02,4.846309223728637789e+02,7.054289334681736534e+01,2.516824047303662724e+02,-1.674182016917320581e+01,3.931920942176131195e+00,7.615324543064730278e+02,2.997178905015426267e+02,1.525204229720142166e+02
1.857785738607572057e+02,2.099283411445214824e+02,1.427377060337518515e+03,8.759896615234063688e+01,4.738621459072219011e+01,1.101824881116434199e+03,2.050415879362244027e+02,4.042623587000403518e+02,1.169538442744368695e+03,-4.839853880721871349e+01,-5.787315773937258712e+01,8.041097276398528493e+02,3.147603596048869576e+02,6.498401678067231160e+02,1.072696721205393715e+03,-1.101464023447377940e+02,-8.665368586217695679e+01,5.581020016523665390e+02,4.186332064280758232e+02,8.461461347337600500e+02,1.002457945988850838e+03,-2.894621258005477316e+00,2.502470453189460216e+02,7.227712180492191010e+02,1.180942881414674730e+02,4.793105293519437851e+02,7.847202996675961231e+02,2.143268362638459621e+02,8.734104077690933821e+01,4.105855368885646044e+02,4.141795642825093182e+02,4.909498097576511668e+02,4.469253047185187597e+02,2.684893086968226594e+00,2.358661137547742470e+01,7.073003820014560183e+00,6.338123556115996280e+02,5.328799786489396411e+02,5.321280561048535418e+01,2.520860747618096980e+02,-1.716372716853314628e+01,3.717967097633747997e+00,7.604770906705081188e+02,3.550752666174583396e+02,1.280351715565687698e+02
1.882771963802700270e+02,2.257448101472334940e+02,1.417500129980576276e+03,8.932694665604761042e+01,6.157321381224377888e+01,1.096696394829021528e+03,2.078623389252196887e+02,4.185144321239781675e+02,1.160978825088837993e+03,-5.459690632182750392e+01,-5.141785439042852346e+01,8.070993090473923530e+02,3.110694408396872177e+02,6.655907306684570131e+02,1.071730520297781140e+03,-1.248552549938542029e+02,-8.811036011700849713e+01,5.648421476795995204e+02,4.084073373645176162e+02,8.708175266165371795e+02,1.009331499136229354e+03,-1.394135756306951746e-01,2.612554360325289053e+02,7.149257928830030551e+02,1.178071215215110783e+02,4.920794662914538549e+02,7.743386793945718409e+02,2.158830205403349964e+02,9.477615532307150659e+01,4.072775748300776968e+02,4.134380123108510361e+02,5.172184270165529369e+02,4.343394489195020469e+02,3.171397866831160872e+00,2.418713865160795606e+01,7.454269757381244865e+00,6.215469753370850867e+02,5.815599748984121788e+02,3.686146673451905542e+01,2.525548123863258922e+02,-1.742722284060049631e+01,3.495782473810803204e+00,7.573633175015837651e+02,4.117687649731131501e+02,1.047794151357041414e+02
1.911124769770547971e+02,2.428164294524808895e+02,1.407294878934862936e+03,9.147540532939193270e+01,7.726177893663918894e+01,1.091769053207901834e+03,2.109453387502547628e+02,4.337596130851601401e+02,1.152271388210505165e+03,-6.017147424175725234e+01,-4.423722705129720367e+01,8.114970437613158083e+02,3.068053207399979101e+02,6.825096048398966104e+02,1.071195667432113851e+03,-1.383271962465556157e+02,-8.963282191314881686e+01,5.739788596591120040e+02,3.978274452879107912e+02,8.962885740499625626e+02,1.016606572105072473e+03,2.766038363603900319e+00,2.732735610269916151e+02,7.072743825830291371e+02,1.176608668518782252e+02,5.057563038875110237e+02,7.639500668190041779e+02,2.173269410605658152e+02,1.027503983135645171e+02,4.042305380537848123e+02,4.120787807979440913e+02,5.447784231491547189e+02,4.232868484025408975e+02,3.574748577398905169e+00,2.418017376837474330e+01,7.790251447501866267e+00,6.060981058237125580e+02,6.306652119560740175e+02,2.199081772857518757e+01,2.529793548725237144e+02,-1.776190188336801867e+01,3.345843048936724351e+00,7.513558215016790882e+02,4.699808281774112970e+02,8.345374576092247310e+01
1.942992626471659605e+02,2.607936134207597547e+02,1.396693333794638647e+03,9.385886075426891750e+01,9.458370895651566457e+01,1.087052978076169438e+03,2.144161636270212909e+02,4.496728995873668850e+02,1.143366565642835894e+03,-6.545308576780219312e+01,-3.664819237654280926e+01,8.179249749667091010e+02,3.023632028525071860e+02,7.005264230163789989e+02,1.071413468555349709e+03,-1.509568978459124651e+02,-9.190048221368566317e+01,5.865072594443926164e+02,3.868836634894071267e+02,9.220764742818737432e+02,1.024493231195711360e+03,5.890199512143090566e+00,2.861941814956059602e+02,6.997848744394384539e+02,1.176680071641289089e+02,5.204227264538221789e+02,7.535036702778244262e+02,2.189443773164676657e+02,1.111097534806453808e+02,4.014671291233221382e+02,4.100711032532379932e+02,5.739249606621445992e+02,4.138630068431527889e+02,3.879184267527278518e+00,2.371139047064066929e+01,8.230446003029733504e+00,5.868916928615286679e+02,6.804977303801047128e+02,9.181843062289328117e+00,2.532588003649350696e+02,-1.826019789788645298e+01,3.326703199631500407e+00,7.417763838081698395e+02,5.302081655477702498e+02,6.461896166373088590e+01
1.976636258350386868e+02,2.794224324155059094e+02,1.385953054556176312e+03,9.617387503224790635e+01,1.135379027413550261e+02,1.082775330502814313e+03,2.182813319842627493e+02,4.659680633889138335e+02,1.134441065184127638e+03,-7.058446227016358421e+01,-2.871224635290666782e+01,8.269306258426412342e+02,2.981139687646998482e+02,7.193287732565455599e+02,1.072602454265010010e+03,-1.626472797054733519e+02,-9.507352182053453760e+01,6.030951462799824867e+02,3.757685149254256771e+02,9.476307142587753560e+02,1.033096130901696824e+03,9.379759546301103867e+00,2.999032988102022728e+02,6.924142196015162654e+02,1.178401000983074596e+02,5.360582283889064001e+02,7.429292906250572059e+02,2.209801180521174899e+02,1.198620266477850578e+02,3.988200940145544564e+02,4.074515595596572552e+02,6.049847666492961480e+02,4.059294866582101804e+02,4.101350986101640395e+00,2.312873802289028191e+01,8.866824667351743017e+00,5.637293443862353115e+02,7.312907147896797824e+02,-1.045668149355857945e+00,2.533519724004874831e+02,-1.883902258746706693e+01,3.443310921982863704e+00,7.282332335475229002e+02,5.928325795193395606e+02,4.858196518112026752e+01
2.009137117958378269e+02,2.986985088746016572e+02,1.375588586856886877e+03,9.812830546067118576e+01,1.339739777090038899e+02,1.079287495802034528e+03,2.224327337869995347e+02,4.825593162169337802e+02,1.125845277402503825e+03,-7.553865296966067433e+01,-2.009697170063316563e+01,8.387524047141664596e+02,2.943157927198003563e+02,7.385216842006777824e+02,1.074765553470567966e+03,-1.728503944312882652e+02,-9.853842044262601974e+01,6.237112244587898431e+02,3.649544549430645475e+02,9.725437743444450689e+02,1.042322139212194088e+03,1.339614075638115054e+01,3.143319404763843181e+02,6.851285990976023186e+02,1.181721832394203489e+02,5.525522698560553181e+02,7.321773909370657520e+02,2.235723100275589843e+02,1.291901401700274903e+02,3.959861119269128267e+02,4.043030069434818188e+02,6.382080665857345139e+02,3.991977669614945512e+02,4.310695799549963070e+00,2.280788422040546948e+01,9.691170195398342457e+00,5.367895953584990139e+02,7.829120853049591915e+02,-8.386043501209739404e+00,2.532917289965454870e+02,-1.932044123918753087e+01,3.645579889457655653e+00,7.106593882513803919e+02,6.578298018405978382e+02,3.534494622784090012e+01
2.037895117789055632e+02,3.188497826408235483e+02,1.366141370931467009e+03,9.956548333251211602e+01,1.555886016668937657e+02,1.076908433476480013e+03,2.267138776721359363e+02,4.996091866388129574e+02,1.117950257986184852e+03,-8.022462321062143076e+01,-1.019085883169718265e+01,8.532241404134820186e+02,2.910625032128219232e+02,7.578622436836818679e+02,1.077683500233853238e+03,-1.808618658613315233e+02,-1.010898336210287169e+02,6.475808653541872673e+02,3.550756704226238298e+02,9.967261914091155859e+02,1.051924547457934523e+03,1.802500995399165262e+01,3.294770417811553216e+02,6.779291338320066416e+02,1.186304028705203990e+02,5.697514726807880834e+02,7.212701170439155476e+02,2.267216075278404617e+02,1.393716442982298247e+02,3.926380785766128838e+02,4.007052154796917307e+02,6.736366269956524775e+02,3.933686152711088653e+02,4.618248042049890145e+00,2.298994148735217280e+01,1.060365343430257568e+01,5.065292308084971751e+02,8.347782034457628697e+02,-1.284974781525831489e+01,2.531556449726548976e+02,-1.956112087365360352e+01,3.854755766730628253e+00,6.892409407315300314e+02,7.247273072476276639e+02,2.465626303543169584e+01
2.061937394460251483e+02,3.401497872864201781e+02,1.357924164178694809e+03,1.005083377498485220e+02,1.779794518380198269e+02,1.075801400612857606e+03,2.309914028107212687e+02,5.174384818063246030e+02,1.110989417363121902e+03,-8.460207695575009268e+01,1.617930709505098541e+00,8.698730187342316640e+02,2.882563083340837125e+02,7.774175430669731668e+02,1.081043964471487470e+03,-1.861727225708804099e+02,-1.014446249237047084e+02,6.735116280554464083e+02,3.466333816808593156e+02,1.020448310568970101e+03,1.061642406094024182e+03,2.321844983332163892e+01,3.453926457654643514e+02,6.708615710337983273e+02,1.191678605822254724e+02,5.875214947084843971e+02,7.103282703503393805e+02,2.303086236041718280e+02,1.506608462363551837e+02,3.885289530924799237e+02,3.966683480619190618e+02,7.110142047686351816e+02,3.882403134064009009e+02,5.127916371924551520e+00,2.371666390345207631e+01,1.146725646443831259e+01,4.735552232467534850e+02,8.859700845464770964e+02,-1.477857544572894710e+01,2.530150296997715884e+02,-1.953558927576375837e+01,3.999070107710195554e+00,6.642677799244297603e+02,7.927526903776307563e+02,1.614697554658972578e+01
2.082206078678598828e+02,3.626711370972977306e+02,1.350892048720283583e+03,1.010985537254312732e+02,2.007850652734029495e+02,1.075945470770614065e+03,2.351812260612458090e+02,5.363458733098366338e+02,1.104985241413210133e+03,-8.873984338908883274e+01,1.569292566240743980e+01,8.881517650661520520e+02,2.856159259334624494e+02,7.975299111950595261e+02,1.084643809355622125e+03,-1.886831279839316267e+02,-9.878656108866435659e+01,7.004244095262979499e+02,3.396970399441019026e+02,1.044207003400989379e+03,1.071311075809424665e+03,2.881960764568188438e+01,3.621590893709666261e+02,6.639933867296693961e+02,1.197728524208779533e+02,6.057933642196851451e+02,6.995429901786542359e+02,2.341599590198844680e+02,1.631974563895295773e+02,3.835326199139885830e+02,3.920758483962087553e+02,7.498035760444977313e+02,3.837313767032280794e+02,5.872478298474570479e+00,2.487440621635933624e+01,1.217301157921304267e+01,4.385232156153402343e+02,9.354658338813079581e+02,-1.477438850218915967e+01,2.529006082742049273e+02,-1.932471380306035513e+01,4.038065753188638141e+00,6.359865108002587704e+02,8.610449602196598562e+02,9.493434576300270322e+00
2.100737668513597782e+02,3.861403581937919398e+02,1.344707262846517779e+03,1.014733446611928542e+02,2.238805955779477586e+02,1.077191208916959795e+03,2.392217887526112463e+02,5.564328730772508607e+02,1.099788057990669358e+03,-9.279935090169341549e+01,3.209335650062618583e+01,9.076652473852834646e+02,2.827451907139464993e+02,8.185967034972737792e+02,1.088538902793627585e+03,-1.886901572195235701e+02,-9.302537678456413062e+01,7.277989441727506801e+02,3.338032323633537999e+02,1.068482218504122557e+03,1.080852190313192068e+03,3.466873493269767437e+01,3.798400946966994525e+02,6.573618603614036147e+02,1.205213785593956146e+02,6.245755943207889231e+02,6.890903026937397726e+02,2.381405401732405096e+02,1.769761028496582185e+02,3.776123234717461514e+02,3.866710806278771315e+02,7.893288376080912485e+02,3.798294916717377419e+02,6.775493214689497279e+00,2.629216900188506401e+01,1.267599128238697226e+01,4.020801327224031070e+02,9.823996314503311851e+02,-1.357042631282778622e+01,2.528110986969550140e+02,-1.903625587335779556e+01,3.964612816974292020e+00,6.045437714226935668e+02,9.288342527520394469e+02,4.526849950655916999e+00
2.119341853616897993e+02,4.100125719989890172e+02,1.338945944372198255e+03,1.016585737226782129e+02,2.475380820250695137e+02,1.079343372812043754e+03,2.430254537599674052e+02,5.775358415993169956e+02,1.095185148242085006e+03,-9.696917331302306309e+01,5.073366819654121684e+01,9.282636308944322536e+02,2.792528488720379301e+02,8.408071595006233565e+02,1.093035423087940899e+03,-1.866871004770039235e+02,-8.463709896536978761e+01,7.557859381272173778e+02,3.281162614362835370e+02,1.093535489266053219e+03,1.090157535833886186e+03,4.073416538476119086e+01,3.984442731217386608e+02,6.509212733321713813e+02,1.215912582717907924e+02,6.439407546545393188e+02,6.790289376320763495e+02,2.422270335630900036e+02,1.918772564757283305e+02,3.707498997621846115e+02,3.801069260432408328e+02,8.289950518094962035e+02,3.765224271386450710e+02,7.673423293572785298e+00,2.782617760889714376e+01,1.298756630213140539e+01,3.648398129543688810e+02,1.026266686010870671e+03,-1.188977138663710420e+01,2.527550487050662866e+02,-1.872758088793182907e+01,3.787352592272834162e+00,5.700557607239068147e+02,9.955406198314273070e+02,1.223467155931241779e+00
2.138546134381554964e+02,4.337600943460702183e+02,1.333323212371876707e+03,1.015384843469020524e+02,2.724439283628843214e+02,1.082220275435232452e+03,2.464458027294058411e+02,5.993219328801430947e+02,1.091010517475420102e+03,-1.013912566991132138e+02,7.163215832063012556e+01,9.499702911139312391e+02,2.748592930020056428e+02,8.640312214787848006e+02,1.098509309955789377e+03,-1.830871052334459534e+02,-7.422190342334391744e+01,7.849400093592333860e+02,3.217232326906503772e+02,1.119396980085671203e+03,1.098954116765331037e+03,4.719378621170253751e+01,4.179132288459438769e+02,6.445287670614462741e+02,1.232145240271699720e+02,6.640146440638227432e+02,6.692481293170203571e+02,2.465134853860346880e+02,2.077436376997952152e+02,3.628819992619447135e+02,3.720395598358181246e+02,8.684882899638217850e+02,3.737609588519323438e+02,8.399437091499727615e+00,2.940121735548931881e+01,1.314632345624534437e+01,3.273800583878896759e+02,1.066984077530220702e+03,-1.033615484431445530e+01,2.527869316227176739e+02,-1.838270273316597425e+01,3.507768616864903155e+00,5.327546051877163791e+02,1.060750910547378908e+03,-4.389943353112424340e-01
2.157243155927813234e+02,4.572301621638624169e+02,1.327823571204434984e+03,1.009079614494242776e+02,2.995209912037028630e+02,1.085674145808279491e+03,2.492797952968483912e+02,6.215210435562595421e+02,1.087205573794979500e+03,-1.061063083637905606e+02,9.506470023665906410e+01,9.728138322997101568e+02,2.694170727721360095e+02,8.879720831680330093e+02,1.105140532237554908e+03,-1.779945298017250366e+02,-6.208732274617685221e+01,8.157594347623456770e+02,3.138568677308397810e+02,1.146069297984074865e+03,1.106713476543473917e+03,5.442434277512019491e+01,4.381528311311143398e+02,6.379911448948118959e+02,1.255846753449421129e+02,6.849902995061293041e+02,6.595145633733883415e+02,2.511313172541407823e+02,2.244822777273077747e+02,3.538721955441959608e+02,3.622143877027423855e+02,9.078619217362343079e+02,3.714657673598937890e+02,8.891005488881981833e+00,3.102473804612710140e+01,1.320886826527815927e+01,2.902652546810994068e+02,1.104744751364989952e+03,-9.346365945026684940e+00,2.530044583268772840e+02,-1.794276667960995297e+01,3.109906133893484359e+00,4.931103371339447676e+02,1.124056402252733278e+03,-6.991244112170660330e-01
2.173028943991031383e+02,4.808615142949263941e+02,1.322692996674254573e+03,9.956329911634529140e+01,3.296067616878181070e+02,1.089579644424034086e+03,2.513008200082051360e+02,6.441784556083055122e+02,1.083824061105451165e+03,-1.110322540166020246e+02,1.215104759476239025e+02,9.966603081094408481e+02,2.628293351356441008e+02,9.125143923835889836e+02,1.112693727544785133e+03,-1.711135724838750320e+02,-4.811131739426973297e+01,8.483233892543537422e+02,3.039265102398347835e+02,1.173809499376154690e+03,1.112595504859031962e+03,6.291192099578351105e+01,4.591054819640980895e+02,6.311528068849881947e+02,1.287651692223432747e+02,7.071600672653821675e+02,6.496074971560165068e+02,2.561201767898088519e+02,2.421665354405021162e+02,3.435196874899941690e+02,3.504957075820626073e+02,9.474691493544992227e+02,3.695549706107295265e+02,9.265595152036416593e+00,3.280377252822741951e+01,1.328534527942402477e+01,2.541027316875531881e+02,1.139716623589584970e+03,-9.205679371853101145e+00,2.535108603548851534e+02,-1.735052380535591610e+01,2.572227580740849895e+00,4.518516204525560056e+02,1.184825072978839444e+03,-1.904946563255944803e-01
2.182937616386113575e+02,5.056090496431033330e+02,1.318325441061229867e+03,9.737206339234779762e+01,3.631320237864367755e+02,1.093798121639382089e+03,2.523053802492171087e+02,6.677793986568613036e+02,1.081007843093164865e+03,-1.159938585747624984e+02,1.514233005498341242e+02,1.021091817038241061e+03,2.549206662479195415e+02,9.380438705737727787e+02,1.120451519868225887e+03,-1.618294748006863415e+02,-3.190181425232255563e+01,8.822304306659696067e+02,2.913972036389324671e+02,1.203254293809350202e+03,1.115399165192399551e+03,7.313654348069779587e+01,4.808387926916076367e+02,6.239687212215817453e+02,1.326444592141955354e+02,7.309253340124610077e+02,6.394683270723091937e+02,2.613243472553052129e+02,2.611027203773859355e+02,3.315875398318152065e+02,3.368317772359437754e+02,9.877698529667869707e+02,3.679553417974634613e+02,9.829651869108790407e+00,3.497508148585365717e+01,1.360132461014162963e+01,2.196227611473723869e+02,1.171776301634585025e+03,-1.010440086760539025e+01,2.543791806807658418e+02,-1.656959050855614990e+01,1.892192051890140059e+00,4.098883716306790461e+02,1.242080917609105882e+03,3.047503612056480862e-02
2.184210487518751052e+02,5.325875248375418778e+02,1.315114510706099736e+03,9.428720933940719817e+01,3.999618341721809429e+02,1.098121085602541825e+03,2.521539153163324158e+02,6.931563623968271486e+02,1.078960749195829294e+03,-1.208211267689734569e+02,1.849766974414795868e+02,1.045321975796669221e+03,2.453340824146154660e+02,9.655019463858028530e+02,1.127332234985927698e+03,-1.494345725255880097e+02,-1.303512188661503934e+01,9.168352818365308394e+02,2.756518702217451278e+02,1.235216133810972224e+03,1.113559974088979516e+03,8.548317825624451416e+01,5.036150910157970770e+02,6.165110175289901235e+02,1.369552503990641696e+02,7.567340085986853637e+02,6.292737716900043097e+02,2.663770073289941251e+02,2.818235889105475280e+02,3.178371146870026678e+02,3.211895175630813242e+02,1.029084925455440725e+03,3.665663544222448991e+02,1.103224115943593020e+01,3.793229049179966239e+01,1.452965100912502727e+01,1.877463254634046734e+02,1.200488873277362018e+03,-1.220993015777279922e+01,2.556556153320064197e+02,-1.556496043015846809e+01,1.097327860399369914e+00,3.682109324017104655e+02,1.294645447154240173e+03,-1.344510089263074804e+00
2.174799559060045624e+02,5.626153872029746026e+02,1.313327832247395463e+03,9.031722461792796253e+01,4.394774913691205711e+02,1.102202749100399842e+03,2.507884284804215440e+02,7.212201229093592474e+02,1.077917646216698813e+03,-1.254921313910778196e+02,2.219284555483712040e+02,1.068137660175655128e+03,2.334883986218989094e+02,9.960920443673666114e+02,1.132130046206140150e+03,-1.334108728826053891e+02,8.885758749717531657e+00,9.515974837572072147e+02,2.559505671288358428e+02,1.270179912892644097e+03,1.105294464820518215e+03,1.001987073478286163e+02,5.279151066300054254e+02,6.089054955313446271e+02,1.413423976592058295e+02,7.849328910665429930e+02,6.193838186630351856e+02,2.707804106820015022e+02,3.049856271620228085e+02,3.020746616165226897e+02,3.035063979068199842e+02,1.071386449530869186e+03,3.651685948294398258e+02,1.340681321681767457e+01,4.222241905157593322e+01,1.653806605581150535e+01,1.595886511268829224e+02,1.225394621118875875e+03,-1.573676406818626106e+01,2.574056321191455368e+02,-1.425727841833736953e+01,2.177828102194733217e-01,3.278471818887488780e+02,1.341533275515372452e+03,-5.557321734729965712e+00
2.153433531910682746e+02,5.959056527310286810e+02,1.313023951960186423e+03,8.550014925458802395e+01,4.808369549295940146e+02,1.105505159350245776e+03,2.482099424553113920e+02,7.526701586223374534e+02,1.078076932301519037e+03,-1.302257702512196715e+02,2.616380869629567201e+02,1.087896182915247209e+03,2.185812479412732898e+02,1.030765816088536212e+03,1.133742284251195770e+03,-1.136511772906707733e+02,3.442780949863887940e+01,9.863053224842454938e+02,2.315182206567741332e+02,1.307740810514410668e+03,1.088935183219786040e+03,1.173789218401918930e+02,5.544094870595756674e+02,6.012459741557148618e+02,1.454436205494716035e+02,8.155918206940150412e+02,6.101856302439945239e+02,2.740403945074530156e+02,3.311808619086069143e+02,2.842281654138351428e+02,2.836883487412122236e+02,1.114204079757813133e+03,3.633075196734287147e+02,1.753312819754629714e+01,4.849224633469665946e+01,2.005066759675132815e+01,1.363491376572259810e+02,1.246442196360026628e+03,-2.099503450738014010e+01,2.597651187291699557e+02,-1.247554463233547040e+01,-7.792315442883708254e-01,2.898955154978710311e+02,1.382401671146314129e+03,-1.345139181251825278e+01
2.119262871332889802e+02,6.320610701376295992e+02,1.314009327294824743e+03,7.992648974009050278e+01,5.232492629899858230e+02,1.107288232933003655e+03,2.444014277430596280e+02,7.878503123588970993e+02,1.079474022965041286e+03,-1.354019321371794433e+02,3.031503724081118776e+02,1.102630123791120241e+03,1.996192970254413694e+02,1.069735147209510387e+03,1.131245781543615749e+03,-9.053389221982048696e+01,6.460102008877470325e+01,1.021034248833025231e+03,2.017339201591225901e+02,1.346294028888011326e+03,1.063342469387242090e+03,1.369557908948142995e+02,5.838855555003365225e+02,5.935458089041287622e+02,1.489452670563682659e+02,8.484037114691618626e+02,6.019074818537121701e+02,2.758034495341761954e+02,3.607185776010167615e+02,2.644564985356659008e+02,2.616519041110083776e+02,1.156690913491479478e+03,3.602272624768645528e+02,2.400784311802656390e+01,5.738558410783598873e+01,2.529291777734946578e+01,1.190702799027116185e+02,1.264285218634380044e+03,-2.838479599911397599e+01,2.629391065253486204e+02,-9.930209910483723590e+00,-2.055815388344410799e+00,2.555685978948995398e+02,1.417784591338290284e+03,-2.526798896924574578e+01
2.071300561493332850e+02,6.703407256688692542e+02,1.315836965431334875e+03,7.381474362088813734e+01,5.661146098197200445e+02,1.106671451151738665e+03,2.391984120085359962e+02,8.268026116275660797e+02,1.081822768056083078e+03,-1.412490874618285943e+02,3.452405242347780927e+02,1.110291478581787260e+03,1.755034417507986575e+02,1.112207612733096994e+03,1.123779408942064265e+03,-6.485635397505825495e+01,1.009157226325885972e+02,1.055862242793702990e+03,1.663891641950938265e+02,1.383166583142155559e+03,1.028174188544126764e+03,1.586651035445442517e+02,6.171373149697351437e+02,5.857495255550220463e+02,1.515880101721094206e+02,8.827378314958791634e+02,5.944872787415530411e+02,2.759639898239773288e+02,3.934623321389306057e+02,2.432563145657761936e+02,2.373891550714388359e+02,1.197821512861113433e+03,3.549455325861422352e+02,3.337857588569962530e+01,6.941339267533216173e+01,3.222508021639146136e+01,1.083129442890884064e+02,1.280224225555951307e+03,-3.830136599244650597e+01,2.671089963981700066e+02,-6.219219787354746565e+00,-3.912182269271406110e+00,2.261447891175915856e+02,1.448944378671323193e+03,-4.063274117379216221e+01
2.007965356540272239e+02,7.099997082456195585e+02,1.317855104963136000e+03,6.759803270194430524e+01,6.089978467903345063e+02,1.102771786027576127e+03,2.321417752085149004e+02,8.694120212739703675e+02,1.084399798863178148e+03,-1.473577136703536610e+02,3.864134382641121874e+02,1.109127099596512153e+03,1.452334918896053182e+02,1.156392244112277012e+03,1.110342712870261039e+03,-3.771802542514106449e+01,1.450362268168587434e+02,1.090489840632889582e+03,1.259787937070776138e+02,1.415156565007659992e+03,9.838723332709862461e+02,1.819958500799103263e+02,6.548248087589336137e+02,5.777779621363627029e+02,1.531205141358290689e+02,9.178293132764638358e+02,5.875526766899077984e+02,2.747261235842869951e+02,4.287918044877405350e+02,2.215090810450192294e+02,2.110353200242142009e+02,1.236621580676202484e+03,3.465208303758467991e+02,4.600724153915243875e+01,8.482603015808611246e+01,4.062854370623944078e+01,1.038671867447443873e+02,1.295780435459226737e+03,-5.094579710946410245e+01,2.722604098567739470e+02,-8.735844450451955012e-01,-6.696812815316387280e+00,2.027614600213950951e+02,1.477377268871168553e+03,-5.868020218657750320e+01
1.926967496687567802e+02,7.504724740737485718e+02,1.319304810197258575e+03,6.197044172926887740e+01,6.515188528515351436e+02,1.094894966395999518e+03,2.223791234073575254e+02,9.154515775172731082e+02,1.086049731042780650e+03,-1.521770546156455453e+02,4.249664595409055323e+02,1.098147398250682727e+03,1.082544574891122693e+02,1.199700277027218135e+03,1.089721041551350481e+03,-1.045403981084910683e+01,1.980661984067456558e+02,1.123940703177431942e+03,8.193319453929132123e+01,1.439264770974523799e+03,9.314341941813792118e+02,2.061454234061517923e+02,6.973158714050891831e+02,5.695618782046959723e+02,1.532275700268752985e+02,9.529921657431357289e+02,5.805249268781486762e+02,2.726064072719337901e+02,4.656957946026744821e+02,2.004252223820219569e+02,1.829317206737185870e+02,1.272310138232829786e+03,3.344657599109800685e+02,6.188526002140991977e+01,1.035091981220536894e+02,5.030905515462179523e+01,1.046474640801163645e+02,1.312102907604237089e+03,-6.609108170410044636e+01,2.780038416434145461e+02,6.554222633440014434e+00,-1.063181180593320008e+01,1.860827616325836686e+02,1.504194873899455388e+03,-7.820614853807175848e+01
1.825653664328594346e+02,7.912988006114162545e+02,1.319448073427520740e+03,5.787164472931745962e+01,6.932783582016693344e+02,1.082744373203503983e+03,2.086914220827419797e+02,9.644100065442565892e+02,1.085340002124992225e+03,-1.526970846550021577e+02,4.592640257075567547e+02,1.077623075224297963e+03,6.485160867911598359e+01,1.239051666216008016e+03,1.060694255870344705e+03,1.537707966535241866e+01,2.597047745664260674e+02,1.154463734509503411e+03,3.663362200697471138e+01,1.453363373816758667e+03,8.721808111036516493e+02,2.300204796698799043e+02,7.445369742539276103e+02,5.610453202801004409e+02,1.514807296603236466e+02,9.877190410963299882e+02,5.728144233394590401e+02,2.703665187291938992e+02,5.029374184134582038e+02,1.813825040919570597e+02,1.536823739119744801e+02,1.304298171113431408e+03,3.191430645875498158e+02,8.049136019483893278e+01,1.249200992787091593e+02,6.128691412814127659e+01,1.088712571065651531e+02,1.329513181484215693e+03,-8.291274293575686727e+01,2.834951516067949910e+02,1.636975448969954172e+01,-1.563134702028077072e+01,1.759837437981221342e+02,1.529679851347951399e+03,-9.777997227597471408e+01
1.701827699195142429e+02,8.318971749524356483e+02,1.317697857230735735e+03,5.642246207440850725e+01,7.338989363545395008e+02,1.066616261201169209e+03,1.896979496595093622e+02,1.015171968816339358e+03,1.080824443775938335e+03,-1.445167874388784526e+02,4.883120718008030963e+02,1.049492217811468663e+03,1.641175337207192086e+01,1.271258144548518430e+03,1.022492348448116559e+03,3.809738495894959698e+01,3.276381115065594258e+02,1.179679506546558059e+03,-6.916430156878051960e+00,1.456633024238669805e+03,8.076909151527000859e+02,2.523187227157219752e+02,7.958702633321322537e+02,5.521827868588037518e+02,1.473593301711233323e+02,1.021601346961730314e+03,5.640428796699062559e+02,2.688798634378131283e+02,5.392204383729387018e+02,1.656907431788345093e+02,1.241898438322636053e+02,1.332093025629774047e+03,3.019172965223944516e+02,1.008083872058056158e+02,1.480936344103006377e+02,7.382728350134208029e+01,1.144975470079670714e+02,1.347422637058216424e+03,-1.000074294137350392e+02,2.875425720418001561e+02,2.862493626407432856e+01,-2.122072195022610686e+01,1.714378980559094430e+02,1.553239066697833323e+03,-1.158468163735671226e+02
1.554922179701814571e+02,8.714280530051096321e+02,1.313718172306059842e+03,5.882340982625478176e+01,7.731987627034934576e+02,1.047545299092578261e+03,1.642349113628958435e+02,1.065782018542556898e+03,1.071330252101674205e+03,-1.224537030974152430e+02,5.125823752517452476e+02,1.017482004373631298e+03,-3.460407628800760449e+01,1.293491881791407195e+03,9.752737364033966969e+02,5.633400116095386778e+01,3.975673892610352596e+02,1.196967449527118788e+03,-4.572444687712862788e+01,1.449724050788177237e+03,7.399027599075599255e+02,2.716956479993594371e+02,8.501332004914493155e+02,5.429710679272461675e+02,1.403640224467709174e+02,1.054125116373250421e+03,5.542145019742631575e+02,2.689573076179277109e+02,5.733339032973382245e+02,1.543299715637131158e+02,9.563639868804446564e+01,1.355224875391622618e+03,2.848961527175137007e+02,1.215593010458491818e+02,1.717648073321506672e+02,8.824724510645263820e+01,1.197650541928025802e+02,1.364649924472829298e+03,-1.156601950711913531e+02,2.889075718149639442e+02,4.308191267635083221e+01,-2.662786851394930210e+01,1.707204855117925035e+02,1.573776347525858000e+03,-1.309073187274369729e+02
1.387169934213708302e+02,9.089429828196280141e+02,1.307463429122236448e+03,6.619440686879333668e+01,8.114524394709511625e+02,1.027330220987051462e+03,1.318254884286558877e+02,1.113525241183358048e+03,1.056192706971246253e+03,-8.172926961777687893e+01,5.348360716849829259e+02,9.867100326349377610e+02,-8.499851138522630833e+01,1.303813576061975709e+03,9.203761315946253490e+02,6.988820540838833040e+01,4.641681475765045093e+02,1.204084971986658047e+03,-7.751336372250044349e+01,1.434671977727363810e+03,6.712556849414430644e+02,2.869793239143494361e+02,9.056618530432957641e+02,5.335286732263851945e+02,1.302039537509262743e+02,1.084492846980731429e+03,5.437745985763076533e+02,2.711714003816740615e+02,6.043074324628544218e+02,1.477129739930668393e+02,6.937340531777891783e+01,1.373286279504291542e+03,2.702885779161385358e+02,1.415993847338358194e+02,1.946352796142518855e+02,1.045761830105001735e+02,1.236035249258056439e+02,1.379939388530484393e+03,-1.282974500160385958e+02,2.867054310462141302e+02,5.930664561808362123e+01,-3.102925929708880659e+01,1.718743439111559042e+02,1.590279202760004637e+03,-1.418219886030709347e+02
1.204260742341394916e+02,9.437967960156123581e+02,1.299141561671307272e+03,7.931352921214559615e+01,8.496236729195959470e+02,1.008336296059316624e+03,9.309098872754276499e+01,1.155390501732199709e+03,1.035412456839981814e+03,-1.955294720348956261e+01,5.604858262576188963e+02,9.626383753857970760e+02,-1.313712553047559766e+02,1.301655716350112698e+03,8.602368025072665887e+02,8.085150782363702149e+01,5.229629219439864301e+02,1.199992776665335214e+03,-1.011995934124100387e+02,1.414595167791031599e+03,6.047208882634791962e+02,2.973749159185298367e+02,9.604905648652301124e+02,5.241830388489826191e+02,1.169983413917730388e+02,1.111623927526420857e+03,5.335351111859101820e+02,2.757211800999839397e+02,6.316091724131381397e+02,1.455259509129268167e+02,4.670972720275727141e+01,1.386079477818487248e+03,2.596391544108809057e+02,1.602894328180308605e+02,2.157437058070791522e+02,1.222553738096647038e+02,1.257462491422267306e+02,1.392387552832426309e+03,-1.369492847094050774e+02,2.807477984851502129e+02,7.688403774978374372e+01,-3.384429703180359894e+01,1.732403633635778135e+02,1.602300696954089972e+03,-1.481655926465622599e+02
1.015071836192483090e+02,9.760672687405899524e+02,1.289119551324963595e+03,9.825701574968516638e+01,8.894036556987506401e+02,9.930098376634580291e+02,4.992950842866742533e+01,1.188767967741140865e+03,1.009750289209823904e+03,6.332959947926403288e+01,5.969831787221340846e+02,9.495596027318282495e+02,-1.706805420725470128e+02,1.288103190520393127e+03,7.980584176759743968e+02,9.436733747028515040e+01,5.726154545440251695e+02,1.185751140351251479e+03,-1.169699631187602620e+02,1.393172208709674351e+03,5.436205895709174456e+02,3.026101261056772387e+02,1.012590374114872475e+03,5.154939440954816519e+02,1.014080612486250601e+02,1.134385403729612563e+03,5.244949000362174729e+02,2.823737404300171647e+02,6.553533686612815927e+02,1.467005901223512296e+02,2.864072614166538955e+01,1.393776169443654908e+03,2.533163952179592400e+02,1.776619378251760111e+02,2.348152204643194523e+02,1.400668399341212194e+02,1.265233425016754012e+02,1.401591498309994222e+03,-1.415165974409038370e+02,2.716853062976587125e+02,9.566294509503512700e+01,-3.494503212144947923e+01,1.738314130145734566e+02,1.610104136755251602e+03,-1.504448555175309536e+02
8.304385945288979087e+01,1.006676314711660211e+03,1.277823099197091324e+03,1.220474859537689696e+02,9.329196066554225126e+02,9.831845148939806904e+02,5.336290088572144263e+00,1.212119353795023926e+03,9.807601022286427224e+02,1.617399379211595374e+02,6.520122730159134790e+02,9.491757245406816992e+02,-2.007040418882784252e+02,1.265831769731652685e+03,7.373680540697138213e+02,1.182349890695961534e+02,6.167294660874005103e+02,1.165132004993763530e+03,-1.260023423531916649e+02,1.373925831636482371e+03,4.912093726194183887e+02,3.029961661594072098e+02,1.060113232877254859e+03,5.081659401065751354e+02,8.461858139975190340e+01,1.151957893512760847e+03,5.176170594099913842e+02,2.905045373730551432e+02,6.764096982462160668e+02,1.495585083508837556e+02,1.560558702392000363e+01,1.396974367568620892e+03,2.505266872587397700e+02,1.943003741480604276e+02,2.524278495056049962e+02,1.563703533412965783e+02,1.264750535786918277e+02,1.407551594423634015e+03,-1.427204394511404928e+02,2.608949548338077307e+02,1.158921578025658476e+02,-3.469514529647327805e+01,1.734259554950239703e+02,1.614468141654013834e+03,-1.499988610261630697e+02
6.613448368900432683e+01,1.037097811199909984e+03,1.265684272142179680e+03,1.485044765371838764e+02,9.821189717832107817e+02,9.794401603027803276e+02,-3.714308387155545432e+01,1.225397581368130886e+03,9.507046938685919031e+02,2.663842037806722374e+02,7.309024246305018551e+02,9.600025378420441484e+02,-2.203402751018307413e+02,1.238655994032379340e+03,6.815723930355214861e+02,1.608331732357099213e+02,6.641431726464680878e+02,1.144399320600476130e+03,-1.300278260675062256e+02,1.359459669502159159e+03,4.500862959550632922e+02,2.993955998348981211e+02,1.101597712699379144e+03,5.028719226536696851e+02,6.814295359176459499e+01,1.164143752809900434e+03,5.136319031165858178e+02,2.992339735983507012e+02,6.962953463691741263e+02,1.521371038651556091e+02,7.370692031360704277e+00,1.396589867441424758e+03,2.498324015524920583e+02,2.110086878237421217e+02,2.698841963953129266e+02,1.695643297285097901e+02,1.260007980628324873e+02,1.410512559763949639e+03,-1.417640011664686313e+02,2.501613280838296305e+02,1.381435585337929979e+02,-3.381539861849417861e+01,1.723931865582336229e+02,1.616352592483483932e+03,-1.485585386676003736e+02
5.170849826097806101e+01,1.068818102958862710e+03,1.253156022589056874e+03,1.744671995634509472e+02,1.038020683989401505e+03,9.808470752147765097e+02,-7.419068604962929214e+01,1.230111632677395392e+03,9.222707287491919033e+02,3.655703197953101835e+02,8.343042603278842080e+02,9.780451255455519686e+02,-2.297302531151273115e+02,1.210761968185481919e+03,6.335495504068346690e+02,2.276386203383711972e+02,7.271335525778607689e+02,1.130806315010858043e+03,-1.309212160784751404e+02,1.350913359782846555e+03,4.216143552764905849e+02,2.930975195149079582e+02,1.136113157698783652e+03,5.000717212064103023e+02,5.349118218311210171e+01,1.171445421560613113e+03,5.129127473901447729e+02,3.076278823713935822e+02,7.168125490069860462e+02,1.526506179385155804e+02,3.098234006456642931e+00,1.393607618353495127e+03,2.498582426658041982e+02,2.284457744046198115e+02,2.888003670129107263e+02,1.785688033883372441e+02,1.252129600425295735e+02,1.410899214011033337e+03,-1.398784808169205860e+02,2.412650336485438345e+02,1.630312657899427791e+02,-3.314001084025066035e+01,1.713576093167935710e+02,1.616652509947212593e+03,-1.476509115964349235e+02
4.038316090292747162e+01,1.102857280820726146e+03,1.240768288352270019e+03,1.964044980976175339e+02,1.100137173136728279e+03,9.852945964245215009e+02,-1.034806761793456218e+02,1.229035798027639203e+03,8.980660989113875985e+02,4.479005436911533025e+02,9.573263640437543245e+02,9.984966826286029118e+02,-2.301768733527304960e+02,1.185812545942745601e+03,5.953123651245061865e+02,3.175798717509960056e+02,8.177916899070262389e+02,1.129911259847209294e+03,-1.303814211957304394e+02,1.347874859773523667e+03,4.055869901494964438e+02,2.856142107613138137e+02,1.163333589354617516e+03,4.999173821303505179e+02,4.182099417839725675e+01,1.174873152779699922e+03,5.154396189340200181e+02,3.149073874072166745e+02,7.395266706298961026e+02,1.499731218190367485e+02,1.589005412693306640e+00,1.388800097466097441e+03,2.497814263047918644e+02,2.468809075786049618e+02,3.105556869787349115e+02,1.831256418922770592e+02,1.240281286234616545e+02,1.409347705245209681e+03,-1.379699086130009391e+02,2.355968586355150478e+02,1.908598365739307781e+02,-3.335434124250193122e+01,1.708455297358853500e+02,1.616121001794007952e+03,-1.481359001074544608e+02
3.238278908565872882e+01,1.139567750072967101e+03,1.229177926475258573e+03,2.112282967654909669e+02,1.166336582246751504e+03,9.903103219464443328e+02,-1.241654864401809846e+02,1.225623839458608245e+03,8.800304026445074896e+02,5.049663900871812530e+02,1.090755217765401994e+03,1.017532038089193520e+03,-2.238412245948029806e+02,1.166185643878873861e+03,5.678065588941059332e+02,4.210027590938375965e+02,9.437215566193031009e+02,1.142640464840577806e+03,-1.296677657272327906e+02,1.348779588411067380e+03,4.003216896206268984e+02,2.784361700731022324e+02,1.183537442866819902e+03,5.022876878287542013e+02,3.370282873321473005e+01,1.175601013535370384e+03,5.208444904169066376e+02,3.206114159772945413e+02,7.652792703700346237e+02,1.439853355729995315e+02,1.619537616877342989e+00,1.382562854814691718e+03,2.493812753967168874e+02,2.661247605055168037e+02,3.358135207280216150e+02,1.838159078534587252e+02,1.223891197447576786e+02,1.406709814694072065e+03,-1.365053044929753128e+02,2.338875487264312767e+02,2.213845592702891736e+02,-3.479733205451482547e+01,1.710424614234013347e+02,1.615379561236347854e+03,-1.500796682247236902e+02
2.753044635223392334e+01,1.178706894498572865e+03,1.219166946137891046e+03,2.170176503903770993e+02,1.233248567355533169e+03,9.939978316287821372e+02,-1.369092913810823973e+02,1.223241004901362885e+03,8.690034183339886340e+02,5.329684711673399988e+02,1.223926769001247749e+03,1.033124482921322851e+03,-2.132495005074643757e+02,1.152609734457978448e+03,5.508998109019149751e+02,5.206718318876343119e+02,1.104672425380094865e+03,1.163577259994085807e+03,-1.293819837211449055e+02,1.351581118520198288e+03,4.031715297250392496e+02,2.728025289304188163e+02,1.197537585385261991e+03,5.069218940373761484e+02,2.908513141768051113e+01,1.174673542847035378e+03,5.285233421756804546e+02,3.246740356940737797e+02,7.939325892972125303e+02,1.356440970793900931e+02,2.256837058952641417e+00,1.374987507288378083e+03,2.487361746440500951e+02,2.855935892002472087e+02,3.642901330967499689e+02,1.818315317434245628e+02,1.204530168836637785e+02,1.403927891222301696e+03,-1.356231534509813912e+02,2.361120820931922992e+02,2.538040051327307083e+02,-3.738776418722207495e+01,1.717411464976220259e+02,1.614902068226501115e+03,-1.529646175496057765e+02
2.531780880732089045e+01,1.219618900192041792e+03,1.211557962155201949e+03,2.134148085315429455e+02,1.297094906132369715e+03,9.956352996277034890e+02,-1.434714651022996748e+02,1.224387593459867048e+03,8.646593892640730701e+02,5.327013141862945531e+02,1.347911994215141249e+03,1.044413349109913042e+03,-2.007393225517795088e+02,1.144344007695810660e+03,5.435548776965408706e+02,5.960126689366406936e+02,1.291459721707053177e+03,1.181682447868837471e+03,-1.293767358901771729e+02,1.354389035409229336e+03,4.112369343801393597e+02,2.695428027119200465e+02,1.206560317987683675e+03,5.135705761075128066e+02,2.745724776530740030e+01,1.172912455184208966e+03,5.377922367656509550e+02,3.274071164247129104e+02,8.244428356847531632e+02,1.267245960065283157e+02,3.045962641146545913e+00,1.366170354935854448e+03,2.478738958936358756e+02,3.044329031997434072e+02,3.948379826635174368e+02,1.786274440835715325e+02,1.186277883980191490e+02,1.401798691656047140e+03,-1.353256604455278023e+02,2.415920841338520120e+02,2.869735744933299770e+02,-4.069196214070028361e+01,1.724840253763153726e+02,1.614949142372883671e+03,-1.560580250738832433e+02
2.504874333398966968e+01,1.261367692174677131e+03,1.207045315022441400e+03,2.016215128862576194e+02,1.354651023788882412e+03,9.956532595520056930e+02,-1.460286390626678212e+02,1.230130157172281542e+03,8.658321609008238511e+02,5.082057092287052456e+02,1.457512916524128286e+03,1.050145388398578916e+03,-1.880295360509598197e+02,1.139813091242993778e+03,5.441162490855787155e+02,6.292622768149705053e+02,1.487655321851248345e+03,1.183533675238253181e+03,-1.288993729054477910e+02,1.355869178161190575e+03,4.219822210471709241e+02,2.690177059685860854e+02,1.212099574242795370e+03,5.220808969541689066e+02,2.812132132310476962e+01,1.171018415421814780e+03,5.480509555758025044e+02,3.294030156257318822e+02,8.552158540008966838e+02,1.193176303972446988e+02,4.022334815684628140e+00,1.356587123770117614e+03,2.466601155859647747e+02,3.216542011442953140e+02,4.257852250792561222e+02,1.755932476287894417e+02,1.174464619374907954e+02,1.400740286686658919e+03,-1.355922229904566905e+02,2.492619033054894828e+02,3.197194863206830746e+02,-4.409221855512730315e+01,1.728244871979379127e+02,1.615518012862417891e+03,-1.587192692910356300e+02
2.602798831694779480e+01,1.302802065640525598e+03,1.205990417907262781e+03,1.840698795655520712e+02,1.404003852723481941e+03,9.950499584039318961e+02,-1.465169834311849684e+02,1.239941537678472059e+03,8.710597643649937254e+02,4.649989362374848838e+02,1.551268631265845897e+03,1.047415353336157978e+03,-1.760471220014032099e+02,1.137370677157722412e+03,5.506348724757642685e+02,6.111307498782516632e+02,1.673449491131824061e+03,1.157847268556532072e+03,-1.269823426197283709e+02,1.355360622201982551e+03,4.335673114010653535e+02,2.711501144448546938e+02,1.215767864584843210e+03,5.323808778486600204e+02,3.044562758265402991e+01,1.169724940515188109e+03,5.589057699684701674e+02,3.313893991500453353e+02,8.845874599727436589e+02,1.152682963665554468e+02,5.571780520872552600e+00,1.347273783882244061e+03,2.449832115364899892e+02,3.362746749771470718e+02,4.553904142654987481e+02,1.738415553548971673e+02,1.173586737146462724e+02,1.400681692588425904e+03,-1.363514313547067047e+02,2.579968934280456097e+02,3.511059302367918917e+02,-4.696631055814700062e+01,1.725794199014253820e+02,1.616377344716242533e+03,-1.605234939528443476e+02
2.773612376418470760e+01,1.342657164635663321e+03,1.208273637215342660e+03,1.638790294356274444e+02,1.444871977019075530e+03,9.945989549583185863e+02,-1.462248170901557671e+02,1.252050537773788847e+03,8.790964020448038809e+02,4.087371858954309118e+02,1.629799773048478755e+03,1.031810130374517257e+03,-1.650166264866967083e+02,1.135811694814230123e+03,5.612015888595547040e+02,5.436072114734371326e+02,1.830295644249801853e+03,1.099358827897187211e+03,-1.229421939584327390e+02,1.352762976842632270e+03,4.449003196916901288e+02,2.755154135692127397e+02,1.219153260917491025e+03,5.443839527337938762e+02,3.399697339456724876e+01,1.169842915605500366e+03,5.702026467469497675e+02,3.340811067699541468e+02,9.112388291095257955e+02,1.157576977920211903e+02,8.208250780200781804e+00,1.339640318595614190e+03,2.430396534343573478e+02,3.474616256833787702e+02,4.822482371526538145e+02,1.741441088645077855e+02,1.185472715742977243e+02,1.401135829963258402e+03,-1.373829582947730614e+02,2.668774388536195943e+02,3.805543893120121197e+02,-4.878878575203629708e+01,1.719440049613585586e+02,1.617196533626826977e+03,-1.612293579443362148e+02
2.992093922933799632e+01,1.379773505088261345e+03,1.213287463069625801e+03,1.441743610461906258e+02,1.478417832221189883e+03,9.942804545807435943e+02,-1.457098249251719437e+02,1.264213575162486677e+03,8.891990734842250959e+02,3.445997899078184901e+02,1.693666778813173096e+03,9.991588495951757523e+02,-1.547061362158902114e+02,1.134436262307876405e+03,5.742911776105842137e+02,4.387646243325854698e+02,1.944766070386261617e+03,1.010495973149067936e+03,-1.167737954252255577e+02,1.348275045137221014e+03,4.555507606121001913e+02,2.814562475814747700e+02,1.223676385672288006e+03,5.578652556858892240e+02,3.852017165233038298e+01,1.172131931249956779e+03,5.819453349551488373e+02,3.380741940783381096e+02,9.344039773158934850e+02,1.211491896797452625e+02,1.234651424160506217e+01,1.334968995967410592e+03,2.414373274538786234e+02,3.546767991934443103e+02,5.055146986833198071e+02,1.769832984264040476e+02,1.208481055531116652e+02,1.401435426975960127e+03,-1.382839675708460732e+02,2.753099394551538808e+02,4.077874160708960858e+02,-4.912034162520426861e+01,1.714001100019191313e+02,1.617712587414249128e+03,-1.607116436444829617e+02
3.256627336664389816e+01,1.413371944393213425e+03,1.220088424952249170e+03,1.273502391441719794e+02,1.506639355021313804e+03,9.932025261377181096e+02,-1.449570919174808807e+02,1.274612650937210674e+03,9.011301773612254919e+02,2.771460082116336707e+02,1.742009654709168444e+03,9.480055488620751021e+02,-1.446965461348493704e+02,1.132761329542744079e+03,5.890855863511117150e+02,3.142665783991714648e+02,2.010507165974030841e+03,9.003928215755693145e+02,-1.092794181843645731e+02,1.342072378677190954e+03,4.656583980218219949e+02,2.881908643168542312e+02,1.230438265797979057e+03,5.723622486052520344e+02,4.380909934935954197e+01,1.177062669488513848e+03,5.941246627275405672e+02,3.438040169539577846e+02,9.538295052071787268e+02,1.310970112727180492e+02,1.812980958638528151e+01,1.333853740358256118e+03,2.409792100809421527e+02,3.578108983102296179e+02,5.249047671431409299e+02,1.826527327472899742e+02,1.238002261754080564e+02,1.401032567627246408e+03,-1.385808204036741529e+02,2.830160546663151422e+02,4.326403944451822099e+02,-4.752061407704237439e+01,1.714598277137198465e+02,1.617843801628227538e+03,-1.589596786385697555e+02
3.576039902657984015e+01,1.443223831114683435e+03,1.227643543120596178e+03,1.144428131599693046e+02,1.531569609710588793e+03,9.899964725423579921e+02,-1.436266827706348863e+02,1.282496934381033270e+03,9.149441396635542105e+02,2.102703687290945993e+02,1.772623929443975157e+03,8.813724025811004594e+02,-1.345879224268712733e+02,1.130181146312629380e+03,6.056719641141355623e+02,1.877539220927124575e+02,2.028054295630357728e+03,7.819717660591413733e+02,-1.019023852593111172e+02,1.334035044484675609e+03,4.758721762326999851e+02,2.948971374236261340e+02,1.240079736738535985e+03,5.871411051873279803e+02,4.956110736175443776e+01,1.184614077371381654e+03,6.065431447293187830e+02,3.515504444162049253e+02,9.695739614500288326e+02,1.448144604504054485e+02,2.535006479233571142e+01,1.335888293323671860e+03,2.422485492768592792e+02,3.572961004763940878e+02,5.405282579560031309e+02,1.913490927556400436e+02,1.268054724393582546e+02,1.399720435723370656e+03,-1.379472101204766545e+02,2.899695381798231324e+02,4.548441495011865641e+02,-4.345413631116444009e+01,1.723854480045648643e+02,1.617680492377864539e+03,-1.561428769149690083e+02
3.953350433103928907e+01,1.469611724967692453e+03,1.235068166803619988e+03,1.048607733544695577e+02,1.554608333005131271e+03,9.834433178103483897e+02,-1.412811532477366256e+02,1.288310888579757147e+03,9.306945564840978022e+02,1.471075205497366483e+02,1.783253265002037324e+03,8.067190812644840889e+02,-1.241209924790884429e+02,1.125874838027860505e+03,6.249810058615942125e+02,7.254722520839963806e+01,2.003122013828700801e+03,6.684517084332610466e+02,-9.635029145605858503e+01,1.323656805391856324e+03,4.872617528958172102e+02,3.007784702170928881e+02,1.252716214853858219e+03,6.012548252385486194e+02,5.530679344743320769e+01,1.194244759036554115e+03,6.187376701112973478e+02,3.614474067552413885e+02,9.818186570270953553e+02,1.613624473087424747e+02,3.347565120669108296e+01,1.339785739710421467e+03,2.452799312697702305e+02,3.541704273925357143e+02,5.527054391049650803e+02,2.032311069295207346e+02,1.293345541428994920e+02,1.397672990525376690e+03,-1.364017639285698067e+02,2.963644879947084405e+02,4.739045014132250913e+02,-3.624769749676396913e+01,1.740404699748750659e+02,1.617361886440603257e+03,-1.526608644072844925e+02
4.373734399299474518e+01,1.493121749677773323e+03,1.241774051899102915e+03,9.666538854929181923e+01,1.576266064254874664e+03,9.730228530198305634e+02,-1.375678255504570586e+02,1.293317673471992748e+03,9.481987525608816441e+02,8.996996925218259378e+01,1.773244076705451562e+03,7.339907236106304254e+02,-1.132272989392353395e+02,1.119059309442812719e+03,6.484059386770023821e+02,-2.394442621513268676e+01,1.944392843520364295e+03,5.705489236938640261e+02,-9.413993317422040263e+01,1.310215886015834030e+03,5.011325861842882432e+02,3.051384089976971836e+02,1.268006173683176712e+03,6.136973009302478204e+02,6.046321886820349789e+01,1.205088114425422873e+03,6.300580158266233184e+02,3.734648619696999390e+02,9.908290769498771624e+02,1.798520898187216801e+02,4.177554703593564511e+01,1.343886038711964829e+03,2.495402196124385341e+02,3.500454010999080197e+02,5.618823882115738115e+02,2.184486579227115044e+02,1.310912918741566102e+02,1.395307978567362852e+03,-1.343605515255122498e+02,3.026480188323018865e+02,4.891624205704717383e+02,-2.512032103248969150e+01,1.759408436163318754e+02,1.616939650377856651e+03,-1.490989767911037518e+02
4.800728524610896386e+01,1.514398331225804441e+03,1.247501904392871211e+03,8.736772775861825835e+01,1.596380483253799639e+03,9.591681266654319415e+02,-1.323714966313729917e+02,1.298955996367321177e+03,9.669470721472298465e+02,4.041683511446134247e+01,1.744613050476802073e+03,6.726496236804208593e+02,-1.020241330114657359e+02,1.109426584282640533e+03,6.771967989524079030e+02,-9.931410839511781319e+01,1.861650084997785143e+03,4.950324564355363464e+02,-9.618552350834472975e+01,1.293149563029756337e+03,5.187358578744423312e+02,3.074842510718335689e+02,1.285334345633847761e+03,6.236284931150566990e+02,6.449083059202961010e+01,1.216287818514362925e+03,6.398730831469486020e+02,3.873719325697335307e+02,9.970677856969565482e+02,1.995270303188478636e+02,4.950146934063378268e+01,1.346807716319940937e+03,2.542143076830017776e+02,3.469292406719057453e+02,5.686669288263851740e+02,2.371515847121056879e+02,1.320600198604581124e+02,1.393083463579648196e+03,-1.324992854411726455e+02,3.095852897572956977e+02,5.000258119355162876e+02,-9.269668528456032064e+00,1.774603525857257580e+02,1.616350007682483010e+03,-1.460847547562676141e+02
5.180446958975549876e+01,1.533968447158819345e+03,1.252262989942483955e+03,7.494428301048812102e+01,1.614592827729641613e+03,9.431707580258748749e+02,-1.259266866321380860e+02,1.306241621026728808e+03,9.861728614051282875e+02,-5.846992496960408126e-01,1.702017060319151369e+03,6.290179454152671497e+02,-9.076186317738790876e+01,1.097476923564753861e+03,7.118571405072488005e+02,-1.540772151636981846e+02,1.764599696909436034e+03,4.445874654529719692e+02,-1.025236632951304330e+02,1.272445460273609797e+03,5.409379451217182577e+02,3.076430036627855316e+02,1.304007008160154783e+03,6.306128229675260854e+02,6.707497177222141715e+01,1.227300658840599908e+03,6.478029627710583327e+02,4.027239728268758086e+02,1.001333082340874739e+03,2.197544617451753481e+02,5.607129603399974371e+01,1.347941596498520767e+03,2.585781844610633584e+02,3.469079527222111210e+02,5.739172971685294442e+02,2.594820007123109917e+02,1.324185049563909331e+02,1.391358269653874231e+03,-1.314809440592950693e+02,3.182861292026236697e+02,5.062819889964470690e+02,1.202201037074546086e+01,1.780780576988776716e+02,1.615528228168749138e+03,-1.441175567867117593e+02
5.450617609944751507e+01,1.552163832226784962e+03,1.256240091172653365e+03,5.863866019267970842e+01,1.630753329020845285e+03,9.268225821106976809e+02,-1.188373949903534879e+02,1.315445107121488945e+03,1.005033929424475559e+03,-3.253605211431922584e+01,1.651770792817084612e+03,6.049583526460655776e+02,-7.972987075329943707e+01,1.084548140034184371e+03,7.517888479317790598e+02,-1.898549784068788711e+02,1.662284966336560274e+03,4.184938625154379679e+02,-1.122438434940436309e+02,1.248852892987249561e+03,5.679527906374626127e+02,3.058345611345696398e+02,1.323354190796861303e+03,6.347859802294216252e+02,6.823579196047047901e+01,1.238016118302708492e+03,6.538586705702831523e+02,4.189121608690609264e+02,1.004785875899362395e+03,2.399790054069097494e+02,6.119918351988796701e+01,1.347596506268526809e+03,2.622066577021105900e+02,3.517640637257958360e+02,5.787960059513078477e+02,2.855489400162546758e+02,1.323706961139920111e+02,1.390379655785903878e+03,-1.316746061131141232e+02,3.301275310297334045e+02,5.083678140786437325e+02,3.929525513313746643e+01,1.775623428865106064e+02,1.614569330051539509e+03,-1.434684404548505654e+02
5.550815109785354196e+01,1.569116573636011708e+03,1.259695907732299020e+03,3.920527716454213873e+01,1.645040891194654932e+03,9.119482393213608020e+02,-1.119608514858748549e+02,1.326119777614411532e+03,1.022819550429284732e+03,-5.540667260030450336e+01,1.600485666993703489e+03,5.981839076898107805e+02,-6.913986247968713883e+01,1.072539161589353398e+03,7.953282431127643122e+02,-2.085466782651725168e+02,1.562782819028575432e+03,4.135899893630802922e+02,-1.236627971616073296e+02,1.223821652564106444e+03,5.992345331976410989e+02,3.026436391118242000e+02,1.342722202634631003e+03,6.368650969191426157e+02,6.830924234547877916e+01,1.248659947550107972e+03,6.584227283579034520e+02,4.352767896788463418e+02,1.008813200032601458e+03,2.596887786783456136e+02,6.493974200144856468e+01,1.346797280170688964e+03,2.649185916685375446e+02,3.626562257714103907e+02,5.847255406786619005e+02,3.153849354125827631e+02,1.319961056293150818e+02,1.390367803046033032e+03,-1.330007034891222020e+02,3.465457024007915834e+02,5.074777867657097090e+02,7.284346029171402392e+01,1.760346332670773677e+02,1.613788421092021508e+03,-1.442064348775241172e+02
5.432251793567781561e+01,1.584803407421801921e+03,1.262911185907020354e+03,1.850957221925922624e+01,1.657821847275898563e+03,8.999802683406680899e+02,-1.061756841350411662e+02,1.337399859113800176e+03,1.039100216720504932e+03,-6.971525119101443124e+01,1.553861411493640844e+03,6.037892127637508111e+02,-5.902980274752489009e+01,1.063450245129175983e+03,8.401648956738063134e+02,-2.123401640768500442e+02,1.472836971281206615e+03,4.252413991475182229e+02,-1.347320574761862133e+02,1.199188571119519338e+03,6.335898349216404313e+02,2.988717844409399049e+02,1.361441398978278357e+03,6.379617729368433174e+02,6.781187176750606227e+01,1.259572260081925378e+03,6.620900542176925683e+02,4.512467044444265412e+02,1.014765893327434355e+03,2.784278322001179049e+02,6.763903323771900489e+01,1.346868952243205285e+03,2.665774572723942129e+02,3.799546079137890047e+02,5.932038762432224530e+02,3.488887337119311951e+02,1.311996044759446249e+02,1.391600006375412022e+03,-1.349810207840069438e+02,3.687228567942707400e+02,5.054107694890817584e+02,1.126509095327313617e+02,1.739050522276363608e+02,1.613611720370063267e+03,-1.463173049621028383e+02
5.067814108291055675e+01,1.599136548080479542e+03,1.266141323427312727e+03,-1.312214572336611429e+00,1.669443061623317590e+03,8.916770706661832264e+02,-1.021201862853973097e+02,1.348399794512801463e+03,1.053775537524877109e+03,-7.656542582692695476e+01,1.515812927683292628e+03,6.162451442605716920e+02,-4.924759308793193213e+01,1.058858587378862012e+03,8.840099681514345775e+02,-2.039332502566748531e+02,1.397191125310078178e+03,4.483027850761258719e+02,-1.436029532167023319e+02,1.176688283701937053e+03,6.695101593954626651e+02,2.953058850269483742e+02,1.378881154800025797e+03,6.392371737518107011e+02,6.725554877188872638e+01,1.270997254945495115e+03,6.654539020245157417e+02,4.664532138360474391e+02,1.023644517510042988e+03,2.958644491333839142e+02,6.980135138896717706e+01,1.348964040829756186e+03,2.669708594546494282e+02,4.032535276219348930e+02,6.054659881206500813e+02,3.857642690845206630e+02,1.297851611891779555e+02,1.394388370435140814e+03,-1.369705541115261838e+02,3.972401128693313694e+02,5.041177908532689003e+02,1.583215691267689351e+02,1.717059693330909056e+02,1.614366529723253507e+03,-1.498003138322711436e+02
4.462679611224169207e+01,1.612097017079012176e+03,1.269566611215504508e+03,-1.875165224964963784e+01,1.680145194453689783e+03,8.870172641793336652e+02,-1.000003058836818326e+02,1.358546286061916135e+03,1.067027342776863406e+03,-7.753430211918258408e+01,1.487863725557797125e+03,6.311266576600520466e+02,-3.954638760252160523e+01,1.059419623805279798e+03,9.253051473220854177e+02,-1.864391464930375832e+02,1.337659692039046604e+03,4.781139981894159519e+02,-1.492034105776484125e+02,1.157400888586297015e+03,7.056424787479661518e+02,2.924777636110957815e+02,1.394632273836747572e+03,6.415143999935354486e+02,6.698688593089113397e+01,1.282979960059887162e+03,6.689286315910740086e+02,4.807814850855642703e+02,1.035812778579291489e+03,3.118871670666852083e+02,7.189949915369476230e+01,1.353659028516090530e+03,2.659078884047456199e+02,4.315189540179922005e+02,6.220540275457717598e+02,4.254729686069037484e+02,1.276054297954823369e+02,1.398915367455329942e+03,-1.384545869148075212e+02,4.317984507991627652e+02,5.050478449429418220e+02,2.090076049990981062e+02,1.698773072323345446e+02,1.616119788070048799e+03,-1.546378656183561020e+02
3.662204435958729221e+01,1.623864172290796887e+03,1.273234712021692303e+03,-3.350376799441198727e+01,1.690129332664448611e+03,8.852525595304302897e+02,-9.952819528864483800e+01,1.367738961276078044e+03,1.079222579128776033e+03,-7.442762522738325970e+01,1.468812387551216489e+03,6.460850239375791944e+02,-2.974744909669061954e+01,1.064525863516735853e+03,9.637227308051598129e+02,-1.629171922458502024e+02,1.292340686717056542e+03,5.113710560350435230e+02,-1.516275216924656775e+02,1.141317738710233016e+03,7.412206066094673815e+02,2.905003743328592805e+02,1.408732959233332849e+03,6.449979428179807428e+02,6.710154691023974749e+01,1.295382273810747392e+03,6.726620328913594449e+02,4.943534680227439821e+02,1.050826071713396459e+03,3.266709701138822197e+02,7.419269525421117351e+01,1.360727203122305582e+03,2.634654741238534825e+02,4.632970888753934560e+02,6.424672960589001605e+02,4.672215841851794949e+02,1.246976195615322496e+02,1.405016012357260934e+03,-1.392647262314513625e+02,4.711110258040894792e+02,5.085557827095016705e+02,2.633809183591685610e+02,1.685858602137130617e+02,1.618668367170474312e+03,-1.606509932582758893e+02
2.750672493179755662e+01,1.634855184850540809e+03,1.277033619007823518e+03,-4.649876096354799415e+01,1.699655565894158144e+03,8.850806620520446586e+02,-9.999803657116770239e+01,1.376312991998256621e+03,1.090817851678188163e+03,-6.903051947314112624e+01,1.454902150304128554e+03,6.608637056478499971e+02,-1.985797795948847266e+01,1.072310455441746399e+03,1.000225647466839746e+03,-1.359084861171599528e+02,1.255579594168960966e+03,5.464717826382940302e+02,-1.521473684562489836e+02,1.127257036093196575e+03,7.762302928195034610e+02,2.890513492610782578e+02,1.421768084833818875e+03,6.492273779246174854e+02,6.745258258128217221e+01,1.307963588205362612e+03,6.765471200723847005e+02,5.074641546276859003e+02,1.067462281841394997e+03,3.406650639879077858e+02,7.664659639977290340e+01,1.369175300517514643e+03,2.601582895231198336e+02,4.969052190520854424e+02,6.651094017055205541e+02,5.100040424208501690e+02,1.213270221763533812e+02,1.412074739420843116e+03,-1.396179421382642829e+02,5.130299570274308962e+02,5.137082668306715050e+02,3.196989171687565090e+02,1.676681037497583873e+02,1.621647389377228137e+03,-1.673820208471861974e+02
