1.777508860602706022e+02,7.961629052618827984e+01,1.857559913978325540e+03,1.065553295863379333e+02,-1.258144303159542972e+02,1.544571271109670079e+03,1.703576099808605306e+02,2.747814587893276439e+02,1.533723233545054654e+03,2.721701896286184024e+02,-2.162194674824856406e+02,1.258054472941086033e+03,3.489050038415595623e+02,3.430583091832260720e+02,1.235942084393254163e+03,4.822468623122063036e+02,-9.564362333507271785e+01,1.410505686230970923e+03,5.198370250090596301e+02,1.688594277226564770e+02,1.375736472724418718e+03,6.636836804919869337e+01,-2.828338533671832167e+01,1.065023151629220365e+03,1.646908173461554270e+02,2.339609256014525727e+02,1.135284651263444175e+03,1.704599895664897247e+02,-2.657541948012192989e+01,5.255602435617942092e+02,5.273485490796094837e+02,1.251290489793502871e+02,1.117226050393219793e+03,-1.882906834040802169e+00,2.082010571647790798e+00,2.797121507446802990e+00,2.976379487118872476e+02,1.103785249499124035e+02,6.766251361095809216e+02,2.703975755646359858e+02,4.490651222669337983e+01,1.584994297268403329e+01,4.923643730255330411e+02,-4.027362503248531311e+01,6.091896415499955992e+02
1.791917368447123806e+02,8.324112853298238690e+01,1.855100747000365345e+03,1.072067047349436280e+02,-1.227425869405376915e+02,1.542585269258832795e+03,1.707347285293778896e+02,2.762704646882278894e+02,1.531694331367347104e+03,2.724779500717151564e+02,-2.110544247161545854e+02,1.253811367131951329e+03,3.518336392044040508e+02,3.452048007957359914e+02,1.236101322563589974e+03,4.835577073689439658e+02,-9.834180094489977364e+01,1.409970752578173006e+03,5.248349942826690722e+02,1.675876767738518538e+02,1.375652091070866618e+03,6.672415699812435719e+01,-2.548977092858836002e+01,1.064879223534964240e+03,1.644350603060790945e+02,2.373147572313385751e+02,1.134846705640556593e+03,1.711165289216309020e+02,-2.865187468124011261e+01,5.247438830090438842e+02,5.266344967715589291e+02,1.254436856867912695e+02,1.113755201955713346e+03,-2.988863058827370356e+00,4.283982949801319329e+00,3.180755834027325868e+00,2.947736155179430853e+02,1.157955395785388077e+02,6.746852173770764693e+02,2.697897802934753599e+02,4.609246688095180389e+01,1.651949157238297872e+01,4.893955795454990039e+02,-3.374585104715619366e+01,6.059979323284451311e+02
1.808663206755633155e+02,8.698618476566950619e+01,1.852830871308129417e+03,1.079077299329376274e+02,-1.193802970958467284e+02,1.540590725592660874e+03,1.714507641151686812e+02,2.783749406257234114e+02,1.529973662526201906e+03,2.722338886847659865e+02,-2.060653272445464950e+02,1.249877665701829528e+03,3.543245229735363750e+02,3.478386170637609212e+02,1.236310664702639542e+03,4.844870931228163045e+02,-1.001239370421292989e+02,1.407942467525844449e+03,5.290372577723476297e+02,1.672695268320197783e+02,1.375101878382874929e+03,6.672107493945418355e+01,-2.254498390489848703e+01,1.064755555459277730e+03,1.641502175937955599e+02,2.407709509546248796e+02,1.134368702020181900e+03,1.716803584158072908e+02,-2.959292693613064529e+01,5.241595964940130443e+02,5.259835533148867626e+02,1.263166068894239515e+02,1.110273178749764611e+03,-3.577822830636895990e+00,6.244267578076384773e+00,3.381292365155426971e+00,2.923536583672854476e+02,1.204782494965112107e+02,6.718570208733433446e+02,2.693210494524404908e+02,4.719313898930702322e+01,1.705829031213952973e+01,4.867885889301271618e+02,-2.867679639164389371e+01,6.027619271822026121e+02
1.828643756486162033e+02,9.078560670725731541e+01,1.850889428496549499e+03,1.086451580412821443e+02,-1.156668697227054849e+02,1.538588248327465635e+03,1.726797947860852673e+02,2.813513737223044018e+02,1.528767356695786930e+03,2.710537353063504611e+02,-2.014618915265900512e+02,1.246354650079170142e+03,3.561126782052409112e+02,3.511686650460966348e+02,1.236564173055625815e+03,4.847672470308883703e+02,-1.004484857778911646e+02,1.403405601968490828e+03,5.319567668499894353e+02,1.683401667525159837e+02,1.373629598542048143e+03,6.609506623506523226e+01,-1.934216102401530080e+01,1.064611926257051437e+03,1.638013506618189012e+02,2.443702347292318962e+02,1.133785441384905198e+03,1.720819405600562959e+02,-2.887741255381200034e+01,5.239407488772222905e+02,5.254494544510148444e+02,1.280032907924117183e+02,1.106621671659657750e+03,-3.373508892316517294e+00,7.775083749625489205e+00,3.307708521160776627e+00,2.908598050874972500e+02,1.239108045050035400e+02,6.675590525581275188e+02,2.690744720909530656e+02,4.811219371704908809e+01,1.739187930184322184e+01,4.850109442559569288e+02,-2.597856097056962454e+01,5.994278109283887943e+02
1.850827089097199405e+02,9.434277695606827763e+01,1.849341739824654042e+03,1.093303110059418373e+02,-1.118126402878032479e+02,1.536612904268421971e+03,1.743551855642616886e+02,2.849748258373602994e+02,1.528132409419087026e+03,2.688273945269405090e+02,-1.974574919011056977e+02,1.243104497135040901e+03,3.571807527405964038e+02,3.550279992061124972e+02,1.236811384570019072e+03,4.843437918639362465e+02,-9.932086995234412541e+01,1.396202102899092779e+03,5.335797322634887223e+02,1.705220256235761269e+02,1.370918455251629439e+03,6.475893642916211945e+01,-1.585887019886000182e+01,1.064346666510735986e+03,1.633602923725972289e+02,2.480559497041939778e+02,1.133015283615104181e+03,1.722777349589073594e+02,-2.681905353857363750e+01,5.240740680706230705e+02,5.250567469470728383e+02,1.303377310657116084e+02,1.102553187896059626e+03,-2.453537783839158326e+00,8.770152696377172319e+00,2.999514548612257858e+00,2.906899705666049840e+02,1.259226547397352789e+02,6.617480696230027206e+02,2.690526362397515072e+02,4.873500593112473211e+01,1.753422031998290009e+01,4.845183077153319573e+02,-2.578380945687665360e+01,5.959940484307410316e+02
1.873123066676253359e+02,9.726102909771499583e+01,1.848159652846153676e+03,1.098546340011491793e+02,-1.081487751655245830e+02,1.534717317063586052e+03,1.762416296397128121e+02,2.887145689741443562e+02,1.527975597250473129e+03,2.657018767880645669e+02,-1.941424706941121485e+02,1.239843359959885220e+03,3.577280757292488715e+02,3.590836912772073788e+02,1.237035393297903511e+03,4.834242526574638532e+02,-9.714535489506741328e+01,1.386961473151854989e+03,5.343530144070108463e+02,1.731533475224016456e+02,1.366926360746392447e+03,6.281159913164076869e+01,-1.213472667877057631e+01,1.063843096516731066e+03,1.628192462784920167e+02,2.517307810348463590e+02,1.131975684234395658e+03,1.722590519795397199e+02,-2.427534654922701662e+01,5.244192809351444566e+02,5.247532334987073455e+02,1.328905974640991303e+02,1.097854230763255600e+03,-1.190210735890730120e+00,9.201231064723376818e+00,2.592473534979356398e+00,2.920804044426755013e+02,1.266413101670462282e+02,6.548429598863075398e+02,2.691923912943428263e+02,4.892144698678649917e+01,1.757330775732108208e+01,4.856068071771764494e+02,-2.766585309150339000e+01,5.925714284096461597e+02
1.893729232357310082e+02,9.927304473849993371e+01,1.847216443918715640e+03,1.101653047250614605e+02,-1.049196563490567797e+02,1.532925972631760260e+03,1.780864686231257110e+02,2.920584531996576629e+02,1.528091933131965789e+03,2.619841638858617330e+02,-1.913964563443720692e+02,1.236293542696997292e+03,3.580645226091941709e+02,3.631033717364597919e+02,1.237306898865457015e+03,4.824136258813105655e+02,-9.440972923056136779e+01,1.376675658005414334e+03,5.349894450315835002e+02,1.757019176113765866e+02,1.361936550907898436e+03,6.047667151294781007e+01,-8.236252468270237159e+00,1.063039089556570616e+03,1.621997578345598185e+02,2.553247074770118559e+02,1.130602043691193558e+03,1.720603072507752529e+02,-2.211316737245449104e+01,5.247768775965721488e+02,5.243954657142224960e+02,1.352283794958090652e+02,1.092444047432575417e+03,-5.594209122202086631e-02,9.101186539385071939e+00,2.231541225395751837e+00,2.950724391266831503e+02,1.263331392571318474e+02,6.474173004227804995e+02,2.694016220159975887e+02,4.852006123258209414e+01,1.761942155290238432e+01,4.883168248651173826e+02,-3.105422010992938198e+01,5.893718982754453464e+02
1.911947317257513816e+02,1.004222803365843930e+02,1.846300865883910774e+03,1.103010930989643015e+02,-1.021738513057981095e+02,1.531187024388985492e+03,1.797518265790752423e+02,2.947645103598583205e+02,1.528222812813976589e+03,2.580214102069197679e+02,-1.889272551045209241e+02,1.232282262919769437e+03,3.584958880877193224e+02,3.670593160582121754e+02,1.237757932121512567e+03,4.817377342945752616e+02,-9.142880741414099077e+01,1.366120104849202789e+03,5.361896621266384955e+02,1.780861524690025988e+02,1.356442760511014512e+03,5.799565334484602630e+01,-4.237185195162398443e+00,1.061972212016088633e+03,1.615456632373289665e+02,2.588141798044271695e+02,1.128865199678465615e+03,1.717627591521251702e+02,-2.080422651664598277e+01,5.249733383870091075e+02,5.237994605680695486e+02,1.370822751612135733e+02,1.086357755465851824e+03,6.031230938561401578e-01,8.550810732655667934e+00,1.986583399742895661e+00,2.995681912401374802e+02,1.252357285823303386e+02,6.398271596722477170e+02,2.695945426518276236e+02,4.741868570132191252e+01,1.774603158687451554e+01,4.924914932569810162e+02,-3.551758064274208238e+01,5.865916946691769454e+02
1.928062898663305589e+02,1.010738695590560496e+02,1.845158632130674050e+03,1.103603587654454969e+02,-9.980151827365861550e+01,1.529362179342038871e+03,1.812561491818295281e+02,2.969035360135154065e+02,1.528122366816045542e+03,2.541015543273031483e+02,-1.864106645029932281e+02,1.227742418156714621e+03,3.592450568705925775e+02,3.710360358762720807e+02,1.238505161494771073e+03,4.816434689101120625e+02,-8.829655724071469081e+01,1.355407827143187660e+03,5.384116533877786424e+02,1.806423456260830562e+02,1.350906323815100677e+03,5.552798470222970195e+01,-2.117054174118324084e-01,1.060768292791476142e+03,1.608984598294804869e+02,2.621883422079139336e+02,1.126789512099838703e+03,1.714829712808632962e+02,-2.035047599083744174e+01,5.249348395116411439e+02,5.228304223802697379e+02,1.383564572157393968e+02,1.079644128838773668e+03,7.131816973079589950e-01,7.672065077473358308e+00,1.825027817748536840e+00,3.054608103665520957e+02,1.234707688295022052e+02,6.319799774324491182e+02,2.697143183991734077e+02,4.562092871781965897e+01,1.795798397166440452e+01,4.979600971400004710e+02,-4.076729881377974607e+01,5.842544106549440812e+02
1.942634832167478862e+02,1.017324313460557335e+02,1.843563027424029542e+03,1.104241745429790171e+02,-9.765267515634197082e+01,1.527275496104954755e+03,1.827179415899428818e+02,2.987092831704825926e+02,1.527623752628221609e+03,2.503906481228550831e+02,-1.836294212343523498e+02,1.222658195407834683e+03,3.604128588853824908e+02,3.750776016437052931e+02,1.239595952787939950e+03,4.820958683571874985e+02,-8.502741724470365625e+01,1.343906090766653506e+03,5.417716300374869434e+02,1.838530480471469559e+02,1.345522664546334454e+03,5.310808493711189016e+01,3.779185431694662700e+00,1.059574876320412159e+03,1.602672397233731374e+02,2.654090382479025720e+02,1.124464624111325065e+03,1.713409545223633756e+02,-2.047083000476136405e+01,5.247206985857997097e+02,5.214681561886509371e+02,1.390467877070648228e+02,1.072278509086269651e+03,4.733325847870886727e-01,6.619258598261965609e+00,1.656037793034531802e+00,3.127703382314593910e+02,1.210651374926305976e+02,6.233648695441763721e+02,2.697457272804112449e+02,4.330554497516694568e+01,1.820247318734462638e+01,5.047161121322013173e+02,-4.649516322116299705e+01,5.821292490796439552e+02
1.955878432686968438e+02,1.027626927190485588e+02,1.841396552362940383e+03,1.104918320334205930e+02,-9.564210686347389867e+01,1.524797826265243884e+03,1.842542921064350026e+02,3.003642200609910446e+02,1.526687680081466169e+03,2.469084701944258313e+02,-1.805266075044132208e+02,1.217027803713382809e+03,3.619666106031714321e+02,3.791321030420946272e+02,1.241013866970961772e+03,4.828320798304968662e+02,-8.173129858193190955e+01,1.330560507025951665e+03,5.460791634784324060e+02,1.880737718298220500e+02,1.340136880578638056e+03,5.067435041151045994e+01,7.715614309753774158e+00,1.058473356255195768e+03,1.596121889249167509e+02,2.684156743378246688e+02,1.122032414416507891e+03,1.714231067330396172e+02,-2.083529981148690524e+01,5.244946778345615712e+02,5.198036693803004482e+02,1.391858865667964267e+02,1.064157726774076764e+03,2.234541612131420163e-01,5.559633702752084794e+00,1.411480178032599841e+00,3.217055239530421318e+02,1.180392667014352810e+02,6.133144665604746706e+02,2.697218872694756442e+02,4.081617143489275890e+01,1.840940688790162127e+01,5.129714154041363372e+02,-5.227426956301564331e+01,5.797937607770468276e+02
1.967611702327634760e+02,1.041793276486513236e+02,1.838703661260214631e+03,1.104796123942986839e+02,-9.379139892529232725e+01,1.521910312087804641e+03,1.859075841634716255e+02,3.018663485824900476e+02,1.525406056934148182e+03,2.435460764813088019e+02,-1.771620173293996459e+02,1.210873918811317935e+03,3.637583579173543740e+02,3.831411593298694243e+02,1.242715508935575372e+03,4.835281872928596272e+02,-7.865650302422452000e+01,1.314455207871756556e+03,5.509563375628956692e+02,1.934254815887805989e+02,1.334357099987083757e+03,4.814054641218446307e+01,1.164383404589617932e+01,1.057420321844474302e+03,1.588548095708216294e+02,2.711860797223725967e+02,1.119639351899656731e+03,1.717681038865410414e+02,-2.118440498872625710e+01,5.244395049482801596e+02,5.179752708694453531e+02,1.388713604254260758e+02,1.055165194832870384e+03,2.582371127039264080e-01,4.642152768148171127e+00,1.105615627346395735e+00,3.326050249337746436e+02,1.144881361142426925e+02,6.013526352710040328e+02,2.697188840697935461e+02,3.856090826456222231e+01,1.853020273705118726e+01,5.230572037041121121e+02,-5.764998741574169827e+01,5.768137915210854771e+02
1.977721333875056757e+02,1.056462707010490192e+02,1.835671169747479553e+03,1.102885019581428168e+02,-9.220950317235895000e+01,1.518697435915873939e+03,1.876446066843508333e+02,3.030553259045270806e+02,1.523943407362322432e+03,2.401288436285574335e+02,-1.736203431350003825e+02,1.204271915761820992e+03,3.655858415354211388e+02,3.871891757653511945e+02,1.244648501910366804e+03,4.839636693798062765e+02,-7.605123733447520351e+01,1.295312185098800910e+03,5.559824305957818069e+02,1.998608540033284555e+02,1.327798137916633777e+03,4.545796946583634224e+01,1.567136565876868026e+01,1.056258301160356723e+03,1.579122222803282796e+02,2.738137809529314950e+02,1.117372105485968177e+03,1.723887874043732040e+02,-2.132434267159932517e+01,5.246572236597611436e+02,5.160917097588047682e+02,1.383463740074776354e+02,1.045245938769263830e+03,6.840231218546815040e-01,3.962937926409189071e+00,8.330182731548869679e-01,3.457728830842179946e+02,1.106027116487457675e+02,5.874556829033266467e+02,2.698266180110226173e+02,3.686145720011418092e+01,1.854966969119541886e+01,5.352350832651372912e+02,-6.234238127881310731e+01,5.729399606657583490e+02
1.986689906918065276e+02,1.067024267776129847e+02,1.832523291312669016e+03,1.098924428779863405e+02,-9.103086253245949422e+01,1.515266390093381688e+03,1.894149826857219523e+02,3.037692001240176296e+02,1.522432030690401916e+03,2.365069226911717237e+02,-1.699329086723531645e+02,1.197346873661155769e+03,3.672887299420585236e+02,3.915695402797786073e+02,1.246735551185048507e+03,4.840761582434825527e+02,-7.394715885027234492e+01,1.273669246503591239e+03,5.608197479877220530e+02,2.072903383817727274e+02,1.320318148895296872e+03,4.263191316913856355e+01,1.992309013771832227e+01,1.054795195121388588e+03,1.567370738812037985e+02,2.765390296178547942e+02,1.115212850832127970e+03,1.733102235778575277e+02,-2.109104801142798991e+01,5.251126150889955397e+02,5.141897750826440188e+02,1.380549804585670302e+02,1.034435377411749187e+03,1.381751494116135515e+00,3.543277552138263342e+00,7.080265337138234027e-01,3.612957964810299245e+02,1.066354998441151167e+02,5.721070532874741730e+02,2.700979033614123068e+02,3.583575027584136308e+01,1.846876813763551084e+01,5.495366529771461046e+02,-6.636156609647512994e+01,5.682122816877995319e+02
1.995685468831698870e+02,1.070784968644916262e+02,1.829374958104457392e+03,1.093776603946219552e+02,-9.032990761466453478e+01,1.511643079368997405e+03,1.912125634860027787e+02,3.040179567295973015e+02,1.520874170303564597e+03,2.326253977314607368e+02,-1.660511102756627224e+02,1.190223901935941285e+03,3.688339342836627566e+02,3.966799737267953674e+02,1.248854562688020224e+03,4.838784527778015558e+02,-7.204077295852303564e+01,1.250651672560195266e+03,5.652903730904184840e+02,2.156416574497957015e+02,1.312118875777088078e+03,3.969492043986436869e+01,2.448086806528986159e+01,1.052901468486694057e+03,1.553400217258356690e+02,2.796944735407059852e+02,1.113039894754271245e+03,1.745874129191875568e+02,-2.035968258605214842e+01,5.256499160563622581e+02,5.122440910838478203e+02,1.386026680124974177e+02,1.022821023082048555e+03,2.081013024810853818e+00,3.334241830971806930e+00,7.880297770978640370e-01,3.789723560894065599e+02,1.028493503049770652e+02,5.561205412702038302e+02,2.705028824814001496e+02,3.538497397770127151e+01,1.827846641617373891e+01,5.657438143778010726e+02,-6.991054545577526369e+01,5.629195361291860991e+02
2.006052528569342428e+02,1.068971868052691718e+02,1.826132745413146495e+03,1.088969624146480584e+02,-9.004117389710009434e+01,1.507716137441810588e+03,1.930857200675309855e+02,3.040500418341221689e+02,1.519113932842302120e+03,2.285278126212937195e+02,-1.618755425657455191e+02,1.182962412230669088e+03,3.703306876522094058e+02,4.027886388572335932e+02,1.250849104799988936e+03,4.833071360964839300e+02,-6.978536634002904293e+01,1.227463896273618275e+03,5.693880461916546665e+02,2.248153810325938480e+02,1.303652511955942600e+03,3.667146327568516284e+01,2.934772425116803518e+01,1.050556441872365440e+03,1.537826481465481265e+02,2.835825060397598918e+02,1.110671168714937266e+03,1.762830474279138286e+02,-1.909113629752756580e+01,5.260648657550926828e+02,5.102120394025454857e+02,1.405974260543685830e+02,1.010457491955059595e+03,2.498366817827832431e+00,3.248891308605193817e+00,1.031858816504197085e+00,3.984403121957341227e+02,9.947310668967486436e+01,5.403100329538910955e+02,2.709244457032117452e+02,3.528906269807861662e+01,1.795051599579789325e+01,5.835402572070707947e+02,-7.315191457869948977e+01,5.574436545917789090e+02
2.018509099886042009e+02,1.066222480718919456e+02,1.822522496637949189e+03,1.085684211778849573e+02,-8.993069690288740503e+01,1.503270993538606717e+03,1.950873237405404836e+02,3.042622199108250243e+02,1.516906200348865696e+03,2.242931642376436798e+02,-1.573155052587834177e+02,1.175518901416293602e+03,3.719546379302095716e+02,4.098244784828457341e+02,1.252568208089568998e+03,4.821202051952176362e+02,-6.665471765737237320e+01,1.204856823728042627e+03,5.732332026413963604e+02,2.346110991028141370e+02,1.295376479329206177e+03,3.357047421398558384e+01,3.446498710435155033e+01,1.047812796375417065e+03,1.521473406538434290e+02,2.883510814904616950e+02,1.107929555206092118e+03,1.784185825714523617e+02,-1.735230325916822025e+01,5.261849222658350982e+02,5.080752793150369371e+02,1.444133768917959344e+02,9.972876166960072624e+02,2.468746092030812189e+00,3.208605698470309520e+00,1.319496944951811246e+00,4.194537434968801790e+02,9.664946289903933518e+01,5.251594650036521443e+02,2.712059588692277430e+02,3.534432913677926535e+01,1.745720477660891490e+01,6.027408915069560180e+02,-7.605917004594334685e+01,5.520868303917345656e+02
2.032612772108779211e+02,1.067953559612404035e+02,1.818246179137387344e+03,1.083932499628318595e+02,-8.965550174535785288e+01,1.498095374129994525e+03,1.972073824009073917e+02,3.050103853198793331e+02,1.514047212250898610e+03,2.199603248570705318e+02,-1.523374545544549790e+02,1.167757949410617584e+03,3.738269004586639994e+02,4.173502650579114288e+02,1.253904044485638451e+03,4.799258294306978314e+02,-6.241167335889242906e+01,1.182817363258091063e+03,5.770062796240669059e+02,2.447348801206809128e+02,1.287478057753213079e+03,3.041442828162896106e+01,3.977401064283347409e+01,1.044713684487806404e+03,1.505034031647018082e+02,2.939412313708609190e+02,1.104707662525653177e+03,1.809325738085018997e+02,-1.527063423745401494e+01,5.259182982825367390e+02,5.058421662934986784e+02,1.499864876971458045e+02,9.831321114455200814e+02,2.009138788972790302e+00,3.184532959131482599e+00,1.518891769029077521e+00,4.421296425132618424e+02,9.435598375357022860e+01,5.106568594338771732e+02,2.712230633026288160e+02,3.545600931937050859e+01,1.680943524423788560e+01,6.234323212388661659e+02,-7.851603348179321529e+01,5.469912944918869471e+02
2.046905162713745483e+02,1.077437990994860115e+02,1.813173490264110796e+03,1.082544956992818612e+02,-8.889945027020574742e+01,1.492088320948123737e+03,1.993491083595250757e+02,3.064425240704674138e+02,1.510485335927802680e+03,2.155029392398618882e+02,-1.469668792198714868e+02,1.159497154328335000e+03,3.759337993846244217e+02,4.247598594945744708e+02,1.254802661685808062e+03,4.763315669824095266e+02,-5.720310584617671168e+01,1.160606299762739582e+03,5.809014309650923451e+02,2.549247348296467521e+02,1.279717816559053290e+03,2.727910894822966270e+01,4.528022678871244011e+01,1.041232589039579807e+03,1.488875241575258883e+02,3.001353396746167732e+02,1.101012279539468864e+03,1.836780721911148362e+02,-1.295031559312763392e+01,5.252609521661945564e+02,5.035057215849259364e+02,1.567740281779676366e+02,9.677808846617397194e+02,1.291882627516086846e+00,3.218404242495801704e+00,1.557640041995896230e+00,4.669722496633598325e+02,9.232826578323478373e+01,4.963806188667991250e+02,2.709331527513126048e+02,3.563937932661109897e+01,1.608621062959173642e+01,6.459063205387213884e+02,-8.060494353309991311e+01,5.422023740052142102e+02
2.059670535230768280e+02,1.094494085169078517e+02,1.807432553454413664e+03,1.079965895440481347e+02,-8.751369968620947759e+01,1.485301347806113426e+03,2.013762779395827920e+02,3.084540352112396704e+02,1.506337065865232489e+03,2.108721374725413398e+02,-1.412389855626751967e+02,1.150559289116345781e+03,3.781481836753282550e+02,4.315860995423603299e+02,1.255252808413234106e+03,4.711186774770975489e+02,-5.141978570508732815e+01,1.137111278764714598e+03,5.851156818081466326e+02,2.651166317306866631e+02,1.271494656283391123e+03,2.430348773683829222e+01,5.107312966431879175e+01,1.037282335462168930e+03,1.473054161262249977e+02,3.066711540721296956e+02,1.096968212073145196e+03,1.864705947236287784e+02,-1.041621010988666107e+01,5.242743907298819295e+02,5.009933557149328749e+02,1.639455220463956664e+02,9.511527104752429977e+02,5.517519472481026144e-01,3.413624302289139045e+00,1.458434132884322443e+00,4.946205074182247472e+02,9.006616379885062429e+01,4.817906555886336832e+02,2.703761893801097926e+02,3.595082999049721906e+01,1.543025261250838476e+01,6.704113886363154506e+02,-8.283139130064178346e+01,5.378209860431559264e+02
2.069810275791618039e+02,1.116423644517225711e+02,1.801324555995776336e+03,1.075263848972356726e+02,-8.557107183758988356e+01,1.477885965043271653e+03,2.032008317847844978e+02,3.107828075314010903e+02,1.501794167026185278e+03,2.060654693413726761e+02,-1.351365394694098825e+02,1.140816862832599327e+03,3.803383952645731938e+02,4.377302886249950120e+02,1.255274867470713843e+03,4.643290841207100925e+02,-4.542867504175902127e+01,1.111352161678012635e+03,5.898471420146474884e+02,2.755246329838993233e+02,1.262124807958392694e+03,2.164645009701792588e+01,5.728548763923995324e+01,1.032780812358148069e+03,1.457496333901067942e+02,3.133497070027605673e+02,1.092768947292155190e+03,1.891683601445889735e+02,-7.628703063693634157e+00,5.230548146005027093e+02,4.981625735919801059e+02,1.707413730660234137e+02,9.334256168705566097e+02,-1.872131750802865507e-02,3.895321821254252193e+00,1.322206531338399715e+00,5.254464834711483263e+02,8.698855369544240546e+01,4.665565885397473949e+02,2.696390712305419015e+02,3.641235209340661072e+01,1.500396504355162719e+01,6.968727253855145136e+02,-8.604150661712364467e+01,5.341107476257157032e+02
2.077275987641441759e+02,1.140245342253608669e+02,1.795115947819510893e+03,1.068649014316540899e+02,-8.329367339106431700e+01,1.469986826550627256e+03,2.048435171859686932e+02,3.131763986332871355e+02,1.496985026097981290e+03,2.011581154425859381e+02,-1.285782435914813107e+02,1.130229767281150089e+03,3.824840889214364097e+02,4.434792322803575075e+02,1.254921020039700579e+03,4.562135711372796436e+02,-3.938447607294573061e+01,1.082919639289534416e+03,5.952608081823420889e+02,2.865607155344864054e+02,1.251200567000710635e+03,1.940572852249840352e+01,6.401572049638912176e+01,1.027717925555506099e+03,1.442228789755849050e+02,3.200807400640354103e+02,1.088587187636125009e+03,1.917420397190004735e+02,-4.554836773310411147e+00,5.217078891712515087e+02,4.948688783634344190e+02,1.768190555744550352e+02,9.150351158439651726e+02,-3.349353634692254778e-01,4.748165870496083407e+00,1.272966655328085173e+00,5.592206510730421769e+02,8.270507912719170918e+01,4.507338663161685304e+02,2.688178814968588881e+02,3.698183250472105499e+01,1.492443644594801277e+01,7.247436057214615630e+02,-9.101091002881884151e+01,5.314376543392879739e+02
2.082835995490913490e+02,1.164528381550835547e+02,1.788859846212166758e+03,1.061189485462226401e+02,-8.090075259551463205e+01,1.461658674639617175e+03,2.064181212274157531e+02,3.155274420788738894e+02,1.491889898184644835e+03,1.962616210727867383e+02,-1.214952979347666258e+02,1.118877286810882879e+03,3.847125856279339473e+02,4.493115766961947770e+02,1.254276610063117232e+03,4.470791180188308545e+02,-3.326994375803497661e+01,1.052162299641935078e+03,6.014114998491719462e+02,2.986220559488767776e+02,1.238829202079924698e+03,1.754735245417869649e+01,7.126031498944158216e+01,1.022172197351348586e+03,1.427564945266993846e+02,3.268593384456538615e+02,1.084488257506421178e+03,1.942919945461608791e+02,-1.238571153106225342e+00,5.203307395321813829e+02,4.910751120969042631e+02,1.823940542651851899e+02,8.965138625391920186e+02,-4.274023517930582439e-01,5.954355771166396138e+00,1.396852626432896649e+00,5.950045043729085137e+02,7.726826919337834454e+01,4.347011838594988831e+02,2.680020449198607935e+02,3.757640032432722421e+01,1.520948450217748515e+01,7.530558627926928921e+02,-9.794046305464043201e+01,5.300377834135086914e+02
2.087392499897707694e+02,1.189680842684485640e+02,1.782380955849190741e+03,1.053981450948481751e+02,-7.847921936370077844e+01,1.452866962162348045e+03,2.080470675253132811e+02,3.179017588527942735e+02,1.486372586840889426e+03,1.914313611090406368e+02,-1.139568497152230719e+02,1.106972116640147533e+03,3.872286026092784823e+02,4.556173689418363324e+02,1.253447228778856470e+03,4.371229504312629501e+02,-2.712710647844386713e+01,1.020051392846779095e+03,6.081664621706240723e+02,3.118573220571889806e+02,1.225606934064428742e+03,1.589582409324240508e+01,7.889616164790237463e+01,1.016267568881062743e+03,1.414165263826749879e+02,3.337104618392856423e+02,1.080396671002490621e+03,1.970015665906951483e+02,2.185353361157248209e+00,5.189945769685972436e+02,4.869310043863315514e+02,1.880955653291209728e+02,8.782581788758684525e+02,-4.032946117462192226e-01,7.365659826612722227e+00,1.708135120645951410e+00,6.313012165595646366e+02,7.125344761206686428e+01,4.189312678843778031e+02,2.672769049632544807e+02,3.811941426037474656e+01,1.576220717115094239e+01,7.806219664153040867e+02,-1.061851833574196036e+02,5.297550257945347312e+02
2.091316579213793432e+02,1.216836436794682754e+02,1.775433307004245762e+03,1.047360523532111642e+02,-7.595693762406139626e+01,1.443567038368628118e+03,2.097671188900833101e+02,3.204548053905002121e+02,1.480303486573919599e+03,1.865852196559227423e+02,-1.062340829381540601e+02,1.094832674430459292e+03,3.901857297666379623e+02,4.624956758545895923e+02,1.252531712415300944e+03,4.263261122976839488e+02,-2.126851052353424976e+01,9.877983579166494792e+02,6.151955712322348973e+02,3.260508342483416868e+02,1.212338263716414303e+03,1.420089230793666957e+01,8.672294976311000880e+01,1.010106065294624386e+03,1.402927029718819938e+02,3.406448741029291227e+02,1.076138291335805889e+03,2.000539115533470635e+02,5.547948763432555275e+00,5.177261220011595242e+02,4.827625988904393353e+02,1.946265142611104295e+02,8.603682785492694620e+02,-3.882946231187383024e-01,8.738005536007619867e+00,2.157848786384799933e+00,6.663866021971663258e+02,6.561134592573847613e+01,4.037679352470813683e+02,2.667245160772229724e+02,3.857656517685114750e+01,1.640406453585463709e+01,8.062848294564194020e+02,-1.143984033843459684e+02,5.299494511663630192e+02
2.094206864458345194e+02,1.246475921801408475e+02,1.767905985360830527e+03,1.040668459575336726e+02,-7.317897280289457740e+01,1.433794260338096819e+03,2.114913759767323711e+02,3.233012313950587213e+02,1.473677909482351424e+03,1.814922117964773349e+02,-9.870656924346597805e+01,1.082799185774960961e+03,3.935833542774248599e+02,4.697421395460086728e+02,1.251598728780666761e+03,4.144318329898921434e+02,-1.625244181414861799e+01,9.564060662524036616e+02,6.220625503094789792e+02,3.407192592984836210e+02,1.199666583200815012e+03,1.224770493807504934e+01,9.454182819564387330e+01,1.003725665925569160e+03,1.394705856626470108e+02,3.476457772361218872e+02,1.071533537454486122e+03,2.035587248944575833e+02,8.734573022207365867e+00,5.164984056475675516e+02,4.789676447749486101e+02,2.024296989316558211e+02,8.426674109645744011e+02,-4.712644464085665175e-01,9.825741232785675905e+00,2.674389972671983084e+00,6.986915279245306465e+02,6.137612420896277854e+01,3.893544652376190811e+02,2.664096258671751229e+02,3.896252580965373369e+01,1.694475150238578109e+01,8.291214651998078580e+02,-1.210083692916987417e+02,5.296832680325691172e+02
2.095184463807784994e+02,1.277929201939887349e+02,1.759916338489608734e+03,1.032703026650394378e+02,-7.001508759756271161e+01,1.423687351646360867e+03,2.130552607918130548e+02,3.264274363444275195e+02,1.466636496217610556e+03,1.758427165177994596e+02,-9.162990696207243957e+01,1.071112929329755843e+03,3.972484227501053624e+02,4.770263558079441282e+02,1.250682814109565697e+03,4.009981097624304880e+02,-1.258899156558365640e+01,9.263501118382048389e+02,6.283764425803682343e+02,3.554046911622709786e+02,1.187829883025210847e+03,9.948969392892866637e+00,1.022284151919363069e+02,9.971066524758231253e+02,1.389955030770412066e+02,3.546787280662392732e+02,1.066483624553078926e+03,2.075245072744040158e+02,1.174191057324488341e+01,5.152448483010299469e+02,4.758729873269926998e+02,2.115420856845152286e+02,8.248871460543178955e+02,-6.684636892486794935e-01,1.049104860691013741e+01,3.205343795048009703e+00,7.271027943798014803e+02,5.938743354036342481e+01,3.757258328507122656e+02,2.663577974552657111e+02,3.931714748274222870e+01,1.725871125388947291e+01,8.485480092358259299e+02,-1.247507414556193055e+02,5.280978544322564403e+02
2.093502359257489616e+02,1.310060455502719208e+02,1.751720749558446869e+03,1.022541414450775932e+02,-6.641604669975608033e+01,1.413419372383256814e+03,2.143181412357988052e+02,3.297047467862208237e+02,1.459371006048409754e+03,1.693566859812124505e+02,-8.491565287649052607e+01,1.059816561376966774e+03,4.009036907692303089e+02,4.841505309103570198e+02,1.249795729900460628e+03,3.855024721928940039e+02,-1.036947057003564865e+01,8.975158833841423984e+02,6.339139519750781346e+02,3.700187619897503168e+02,1.176667929259991297e+03,7.373056645905140982e+00,1.097657906249438184e+02,9.902081910845803350e+02,1.388448085019422535e+02,3.617105108001061353e+02,1.060996396243872141e+03,2.118830109119799090e+02,1.466270874892308917e+01,5.138957900549835358e+02,4.736303132928488253e+02,2.216881130583445554e+02,8.068957412273387035e+02,-9.202027629309811330e-01,1.076599184770002893e+01,3.731236589237324708e+00,7.510884076941359808e+02,6.015425883611716529e+01,3.629408352473984110e+02,2.665446400989390554e+02,3.966295268429455945e+01,1.733156836956975866e+01,8.643224829304997456e+02,-1.249770094980135724e+02,5.247445063924329816e+02
2.089070097276951685e+02,1.342469302369433706e+02,1.743516676648930797e+03,1.010216889031145087e+02,-6.238743685647159509e+01,1.403085056444674819e+03,2.152557437692551332e+02,3.329936185452684185e+02,1.451989793643503617e+03,1.618645997408469270e+02,-7.810316181543490188e+01,1.048741670320165667e+03,4.042775341764423160e+02,4.912352952909749320e+02,1.248933927213401603e+03,3.674735226739183531e+02,-9.095578954700760832e+00,8.694046303911271707e+02,6.386489848576665054e+02,3.850284528867380800e+02,1.165853266899738401e+03,4.707790495700653111e+00,1.172296374809718031e+02,9.829958194503441291e+02,1.389250642930784068e+02,3.687327294364685599e+02,1.055138744725637935e+03,2.165433443899011081e+02,1.761328926853331822e+01,5.124151221386124462e+02,4.721969510521821576e+02,2.325168507441512133e+02,7.888213323498696354e+02,-1.123598244448836381e+00,1.082974738798111325e+01,4.245278145516527601e+00,7.706339217228653524e+02,6.388774624802543656e+01,3.510988069371329630e+02,2.669087220247054120e+02,3.996479408942651190e+01,1.725182278520585655e+01,8.764851472335371909e+02,-1.216218994627146088e+02,5.196493634626957601e+02
2.082578150146140672e+02,1.376175476772745583e+02,1.735292273323353584e+03,9.968598158283465693e+01,-5.791787446377605164e+01,1.392631843162579798e+03,2.159846673612441066e+02,3.362697510630729880e+02,1.444450741437491615e+03,1.533216194814683604e+02,-7.058646728548814053e+01,1.037608544512809431e+03,4.072012587400037091e+02,4.987195311868376280e+02,1.248072435003271039e+03,3.466166801319973843e+02,-7.862087755829880287e+00,8.415115407244013568e+02,6.427016703361994132e+02,4.013362572076362085e+02,1.155198692607533076e+03,2.196359861379324041e+00,1.247443725603061182e+02,9.754356286049237497e+02,1.390993192704509624e+02,3.757921053387632355e+02,1.048950839446177952e+03,2.214397681179027586e+02,2.066278888739487485e+01,5.108076820477176057e+02,4.713952896325038751e+02,2.438229560456429681e+02,7.709981643131218334e+02,-1.187675382414972391e+00,1.091584437505464855e+01,4.720210829388592266e+00,7.860648070851209468e+02,7.063597282629184804e+01,3.401936810538678060e+02,2.673827005963544252e+02,4.011536327535674928e+01,1.715109724916780820e+01,8.852935680317793867e+02,-1.149185327025816434e+02,5.130800635013073361e+02
2.075190857468360548e+02,1.413223010916545377e+02,1.726838324557506667e+03,9.842625505144387432e+01,-5.293151939328502920e+01,1.381893900926448168e+03,2.167051681231292264e+02,3.396883141216848117e+02,1.436617274791364480e+03,1.437627614435537566e+02,-6.197791278848388430e+01,1.026193864779602563e+03,4.096595915263540064e+02,5.071660133786973006e+02,1.247160580900880177e+03,3.228970245361712159e+02,-5.811322171611449150e+00,8.137025610335088004e+02,6.462696259436977471e+02,4.198784769148643363e+02,1.144867959689390545e+03,8.077809429814941655e-02,1.324375434763488784e+02,9.674663349986255980e+02,1.392324867076293060e+02,3.830174529269732489e+02,1.042380468488682254e+03,2.265473093548566510e+02,2.381857021172029931e+01,5.090869007875199372e+02,4.710058412599686335e+02,2.556342371812660303e+02,7.537870621580131001e+02,-1.082428068067581295e+00,1.120632189755573194e+01,5.092464683513745705e+00,7.978687911708902902e+02,8.041928336589775483e+01,3.299229147901162946e+02,2.679233116713288041e+02,3.996257674694702899e+01,1.712557795108408953e+01,8.911884489997109995e+02,-1.050713222532075690e+02,5.051986172492277660e+02
2.068064378592403614e+02,1.455526136086933775e+02,1.717908155772684040e+03,9.741372389767413154e+01,-4.731169196116969999e+01,1.370714209637080103e+03,2.176018347664959265e+02,3.435409321001099556e+02,1.428395441398598450e+03,1.332369813065740800e+02,-5.238194460932542995e+01,1.014473692581533896e+03,4.117829093519413846e+02,5.169769774291108888e+02,1.246144221823571570e+03,2.965494793748857205e+02,-2.596424596191241996e+00,7.864052632365494446e+02,6.495845491872670436e+02,4.411470276270735553e+02,1.135381823766749676e+03,-1.440356562423052100e+00,1.404068971509848609e+02,9.589853343624882882e+02,1.392325158360665114e+02,3.906141711214916086e+02,1.035280960909014766e+03,2.318652233593123810e+02,2.707184995490620949e+01,5.072264141445412520e+02,4.708444873157824304e+02,2.681485673028141719e+02,7.374005518603557903e+02,-8.557343217366217836e-01,1.177277858946587585e+01,5.279215984469045608e+00,8.065956102021440302e+02,9.329276083925921625e+01,3.196455359806854517e+02,2.685218309819472893e+02,3.937676825970594763e+01,1.718370649779064152e+01,8.947834313301698330e+02,-9.207971531058321091e+01,4.958601280032283398e+02
2.062035868799740399e+02,1.503836361032466300e+02,1.708398833315144657e+03,9.674335408652579815e+01,-4.098493819202247579e+01,1.359073877391414271e+03,2.187660630515363778e+02,3.481252411287007362e+02,1.419844540892008126e+03,1.217559682410362427e+02,-4.240212300746679830e+01,1.002657758479840936e+03,4.137835875922646665e+02,5.281792008483927248e+02,1.245014710566715621e+03,2.680058862533522301e+02,1.416789094192135057e+00,7.605060636038722350e+02,6.528802131954013248e+02,4.649083538636789967e+02,1.127425418207111306e+03,-2.253416161647208149e+00,1.486971507591196939e+02,9.498783746073306702e+02,1.390701647021809890e+02,3.987996463168794889e+02,1.027476899030829145e+03,2.373895295639135270e+02,3.045311874095915883e+01,5.051410813195225273e+02,4.707954059964958446e+02,2.815848808592719479e+02,7.218401290116912605e+02,-6.117344836908662487e-01,1.258805967228570388e+01,5.219019326764159139e+00,8.128317085498689494e+02,1.093199794281111537e+02,3.085908040520408235e+02,2.691900237246120469e+02,3.833144182681473211e+01,1.725054737809688632e+01,8.968384636383179895e+02,-7.578433480777478337e+01,4.846919703577208907e+02
2.057662555107458218e+02,1.557509156570387177e+02,1.698416644169733217e+03,9.639906022075501824e+01,-3.400633579518691363e+01,1.347137339856868493e+03,2.201825182603770941e+02,3.535977512364477775e+02,1.411171842899880403e+03,1.092764774337771030e+02,-3.287568809510349865e+01,9.910923378431934907e+02,4.158533168235543371e+02,5.404009788028906769e+02,1.243846381704645410e+03,2.377558132779417690e+02,5.319169994469628904e+00,7.369930359853708524e+02,6.563331609221424969e+02,4.902901341450840960e+02,1.121566871103581889e+03,-2.373350757510411135e+00,1.572815978591104908e+02,9.400869209471010208e+02,1.387760570960413986e+02,4.076912545053515373e+02,1.018862234267923441e+03,2.430972593970298306e+02,3.403660786391183279e+01,5.027271501743876456e+02,4.707982585997332876e+02,2.960387315275240212e+02,7.069538098525952137e+02,-4.664852197015516566e-01,1.358396692282767226e+01,4.909974645654963332e+00,8.171886662157244245e+02,1.284967661181270842e+02,2.962214972250949359e+02,2.699313292266153326e+02,3.695211100379869151e+01,1.722421446538575651e+01,8.981757686301076546e+02,-5.606083743116587925e+01,4.713693761577247301e+02
2.055486296271421054e+02,1.615072575422113061e+02,1.688182683082345648e+03,9.626317259662107517e+01,-2.657926263673925504e+01,1.335175380871749667e+03,2.217731858001924650e+02,3.598902597995541441e+02,1.402608064928170052e+03,9.572266633345860498e+01,-2.449719156469430814e+01,9.800861007885944218e+02,4.180622487613227349e+02,5.530528433811970217e+02,1.242773948343877237e+03,2.061899935701808317e+02,8.097591639624020843e+00,7.165266232614217188e+02,6.599749815030003219e+02,5.161928381847244509e+02,1.118039118528560266e+03,-1.964211585356454126e+00,1.660570243034520388e+02,9.296679672434114536e+02,1.384261472904966013e+02,4.172082370623882071e+02,1.009474660084577067e+03,2.489503465317034170e+02,3.788013311910506076e+01,4.999424226292196067e+02,4.708114181163631997e+02,3.114128129972179408e+02,6.925364542439997422e+02,-5.054365664194905294e-01,1.470564437661869484e+01,4.420496137199063647e+00,8.202495694709724603e+02,1.506969216594177965e+02,2.825158485366966374e+02,2.707140664106051418e+02,3.549273733283985877e+01,1.704611275833695672e+01,8.995356400639632284e+02,-3.299500297348281208e+01,4.558669301744360496e+02
2.056187367673192625e+02,1.675114147183317925e+02,1.677855962652272638e+03,9.616345246362566002e+01,-1.897936285353217656e+01,1.323412927919568347e+03,2.234558099421076918e+02,3.667374932137092856e+02,1.394249513058986622e+03,8.104287595244778686e+01,-1.754267326783131509e+01,9.697637044258265178e+02,4.203172816345588672e+02,5.656078157488816487e+02,1.241901351970890119e+03,1.735017587944087722e+02,9.110258586897359123e+00,6.991736394481451953e+02,6.636345261045086090e+02,5.417973508036513977e+02,1.116696211786565982e+03,-1.302126260629611565e+00,1.748684513768902207e+02,9.187937573343565418e+02,1.381264745112755747e+02,4.270633166631308768e+02,9.994996145036941471e+02,2.549110119619954844e+02,4.195340511380209136e+01,4.968641709453654585e+02,4.707876480438651470e+02,3.274540302211634639e+02,6.783920180949403402e+02,-7.591661670372992221e-01,1.592970065366126065e+01,3.864381215801526714e+00,8.224708631291321126e+02,1.757088951001132955e+02,2.679672779897526311e+02,2.714612503163290285e+02,3.424005152483923808e+01,1.673761134629759084e+01,9.014229318805752200e+02,-6.884823296534636761e+00,4.385041610157913965e+02
2.060356789857399633e+02,1.737039303624723914e+02,1.667413215468212684e+03,9.593435020323641993e+01,-1.141008945923106666e+01,1.311910439264540400e+03,2.251737040473229570e+02,3.738081864301813653e+02,1.385981379329722358e+03,6.527264013357682870e+01,-1.181868144902760065e+01,9.600471409025634557e+02,4.224141212008246384e+02,5.778282673294921779e+02,1.241197107068673176e+03,1.397153739113238657e+02,8.367443577080829087e+00,6.844639375470088680e+02,6.669785939450550813e+02,5.668976869472738827e+02,1.117151546994056162e+03,-6.736243942783046723e-01,1.835668633074785703e+02,9.076799782528496507e+02,1.379995251083618655e+02,4.368754548218441300e+02,9.891969849859816577e+02,2.609533888531818775e+02,4.613256497913558007e+01,4.936676959542672876e+02,4.706920483906449135e+02,3.438871488919116359e+02,6.643398423745454693e+02,-1.198868391016312485e+00,1.725288270104606170e+01,3.353986845958636831e+00,8.240823382455636192e+02,2.033789116678872517e+02,2.532855506064236408e+02,2.720636233605865186e+02,3.340003748419985641e+01,1.637852717760217303e+01,9.040189215234079256e+02,2.196777192009288981e+01,4.197650689350634252e+02
2.067951145045016972e+02,1.801532861444164269e+02,1.656683428291023574e+03,9.546183083238055644e+01,-3.863609490473789876e+00,1.300576640385721475e+03,2.268854455191515456e+02,3.808781055078265467e+02,1.377543706543218377e+03,4.855699661242065446e+01,-6.811674484762732185e+00,9.507982715369375910e+02,4.241563852962238457e+02,5.898302730750367573e+02,1.240459795332726117e+03,1.048451968499437470e+02,6.504984824062970183e+00,6.717528937205602233e+02,6.696538215131494098e+02,5.919031506516621448e+02,1.118993294313164370e+03,-2.481075738289204025e-01,1.920754112138774872e+02,8.964915785708224121e+02,1.381686272784501739e+02,4.463554254440842328e+02,9.787927509185152530e+02,2.670599442039515452e+02,5.028932608449979114e+01,4.905254786365698578e+02,4.705563347071465046e+02,3.605936788029671334e+02,6.502049852674730346e+02,-1.744344868913679569e+00,1.868133602644874358e+01,2.959521511489146661e+00,8.250310640471461738e+02,2.337825428358141551e+02,2.389790774074883473e+02,2.724125940319277106e+02,3.303762339172471485e+01,1.604314038870549197e+01,9.072020777540556082e+02,5.355101135742479812e+01,4.000273493741767652e+02
2.077848081678164078e+02,1.870645967138070489e+02,1.645519951882346959e+03,9.469335270206632060e+01,3.929969833152061831e+00,1.289319148364923421e+03,2.285385353237279276e+02,3.879546425737318600e+02,1.368702453055374463e+03,3.110127871264868915e+01,-1.911274083843038429e+00,9.420519708842969067e+02,4.254646378906982136e+02,6.019747954636266059e+02,1.239398810809941097e+03,6.909016825103756787e+01,4.496104595179336805e+00,6.606843315251248896e+02,6.714451413157422621e+02,6.175408594086439962e+02,1.121927222245687972e+03,9.383506882645237940e-03,2.004221118574797629e+02,8.852997195369692918e+02,1.387386361179257790e+02,4.554564281689764584e+02,9.684017446083037157e+02,2.732033532626123815e+02,5.441538213367968524e+01,4.874921850810513320e+02,4.705209348848572404e+02,3.777491230305803356e+02,6.358374481917537651e+02,-2.278743088472471978e+00,2.023571754654559740e+01,2.698325211386493283e+00,8.249921858480170158e+02,2.672761688518693859e+02,2.250712702738250641e+02,2.724407742130752581e+02,3.309617886805572340e+01,1.574000459241973715e+01,9.106594364898260210e+02,8.829809487616481078e+01,3.793871699705223932e+02
2.087972934830979170e+02,1.947355319521669230e+02,1.633987036411576128e+03,9.362143050262733368e+01,1.242189929242841906e+01,1.278226913608582890e+03,2.300634715186191954e+02,3.952797390183234825e+02,1.359413575838176939e+03,1.307323175592461695e+01,3.415437410565622223e+00,9.341894424737894269e+02,4.264073770029124262e+02,6.146637744410666073e+02,1.237796155693167975e+03,3.291802359174183579e+01,3.261947485885756670e+00,6.514684825916241380e+02,6.723424400084518311e+02,6.444342352097767161e+02,1.125764693857374368e+03,3.344445476337620793e-01,2.087110663932140540e+02,8.741243604393073383e+02,1.397764833256703980e+02,4.643908973821591530e+02,9.580258457764963396e+02,2.793281866784312228e+02,5.867771496942716425e+01,4.844595507097976110e+02,4.708096383290329641e+02,3.958267301613549307e+02,6.211670714622728156e+02,-2.669271936639176168e+00,2.195687476915631464e+01,2.557014130207862834e+00,8.234495271013597630e+02,3.043208268846017290e+02,2.111145849836733532e+02,2.721532278227004440e+02,3.345894443535379281e+01,1.539962287149575104e+01,9.140265145990310884e+02,1.269355742128202422e+02,3.576906752993198779e+02
2.096112348437763444e+02,2.034570086813585306e+02,1.622421016434123203e+03,9.226767381576921423e+01,2.206436299058419692e+01,1.267637468443930175e+03,2.314051668383790457e+02,4.032051847807683771e+02,1.349873277104774161e+03,-5.471139506406417219e+00,9.542759542331891609e+00,9.279139828132967978e+02,4.271456588913697487e+02,6.281534709788612645e+02,1.235654611966466973e+03,-3.040655290424270518e+00,3.364696336446293401e+00,6.447961636912062886e+02,6.724741905124654977e+02,6.727703589296063456e+02,1.130308628574826344e+03,1.068012503733098306e+00,2.170468829340775017e+02,8.630264655761640142e+02,1.412973281177624756e+02,4.734964404179603434e+02,9.476190448112279228e+02,2.853514964866652122e+02,6.334732515901993821e+01,4.812188986450684638e+02,4.716277781432899587e+02,4.154310077868482836e+02,6.062590415030180111e+02,-2.793850262340774826e+00,2.389012502470437127e+01,2.526949421817681785e+00,8.198359955346453489e+02,3.451386731936761976e+02,1.964813681992640682e+02,2.716357661082444679e+02,3.399520163240061521e+01,1.491836432888671560e+01,9.169943864533158830e+02,1.700704392086216217e+02,3.347422982904710125e+02
2.101009537934322395e+02,2.133973277644405471e+02,1.611313682959460039e+03,9.068596296462129658e+01,3.312543928680577210e+01,1.258019642637669449e+03,2.325731397310027830e+02,4.120152208412171149e+02,1.340428061126079683e+03,-2.456892540145541659e+01,1.667083513247236937e+01,9.240088598401951003e+02,4.278392041780670070e+02,6.424696533697448331e+02,1.233240279146420789e+03,-3.822470826113631404e+01,4.904002658117252444e+00,6.414478987427428365e+02,6.719672304393536706e+02,7.022016318026069257e+02,1.135276638151096222e+03,2.518286142859742505e+00,2.254656283617116230e+02,8.521723421861044017e+02,1.432597645031242735e+02,4.830361463467476142e+02,9.371668514713245486e+02,2.911893877167203755e+02,6.864469228183209282e+01,4.775921339462736910e+02,4.730406825763987513e+02,4.370277322438773240e+02,5.913208731938452729e+02,-2.569974014424437847e+00,2.605156591044644898e+01,2.626838043505497655e+00,8.137051703750292972e+02,3.894326566227825879e+02,1.807519124762483500e+02,2.710360123994800006e+02,3.457243042346395612e+01,1.422464980312367722e+01,9.193546125981033583e+02,2.177791568808456191e+02,3.105487055935973899e+02
2.103049691891757789e+02,2.245359328810860973e+02,1.601090803001020504e+03,8.897577521523784583e+01,4.559633711137325207e+01,1.249744947681861959e+03,2.336695525332095258e+02,4.218035042228003135e+02,1.331412594623454197e+03,-4.423326154655756426e+01,2.483480322675722718e+01,9.230047400043648622e+02,4.285739330775666645e+02,6.574424536837113919e+02,1.230993103228825476e+03,-7.233581724726245454e+01,7.626115751249265884e+00,6.418540209323767840e+02,6.708422946073836783e+02,7.320001304983314867e+02,1.140361729305867357e+03,4.844677685096162811e+00,2.339234314611101979e+02,8.418131834967482519e+02,1.455710032273230183e+02,4.930640979573815912e+02,9.267243783197041012e+02,2.967930456543203377e+02,7.461006726652865950e+01,4.735437502731062978e+02,4.749175686075648741e+02,4.607185848822154526e+02,5.766369036865519320e+02,-1.978869454507559578e+00,2.840533958338275511e+01,2.898550793860686259e+00,8.048797471281911839e+02,4.364018457956239558e+02,1.639821870102103674e+02,2.705222419944348076e+02,3.506050732337223508e+01,1.331980080056231230e+01,9.209842617744430981e+02,2.694942830930386890e+02,2.854452617651278388e+02
2.104033570312773520e+02,2.366892587244339268e+02,1.591927619162687961e+03,8.727670224657529729e+01,5.922560928337465924e+01,1.242910528984509028e+03,2.348641483094357341e+02,4.324663057246067979e+02,1.323022336619899306e+03,-6.431122083759362340e+01,3.392539835930668346e+01,9.249516833546200587e+02,4.293418338940742274e+02,6.728119680771246749e+02,1.229361888405945137e+03,-1.053555143245273911e+02,1.114657674846010593e+01,6.458763267260152361e+02,6.690192616948651221e+02,7.613561500410065719e+02,1.145404646696992813e+03,8.007631306651777692e+00,2.423499682038660410e+02,8.321859438225881149e+02,1.481025269747522373e+02,5.034387222530142481e+02,9.163938320344540216e+02,3.021622500413529906e+02,8.108433153060022391e+01,4.692025069838300624e+02,4.769873941001342246e+02,4.861940382604068418e+02,5.624569358351889150e+02,-1.077998874246211436e+00,3.087542485170795459e+01,3.381423953343878352e+00,7.935097387133769189e+02,4.850810970124294954e+02,1.467238013457482566e+02,2.702311882294203542e+02,3.535604080161361651e+01,1.227167388819378679e+01,9.217868029836960204e+02,3.242779070381949396e+02,2.600340255762461084e+02
2.106104426972766248e+02,2.496119671596567287e+02,1.583708687967184233e+03,8.572449976176568498e+01,7.364088905216968328e+01,1.237335739249318522e+03,2.363209071402966970e+02,4.437910048477554597e+02,1.315288448879889984e+03,-8.442254645418397274e+01,4.372880301390032542e+01,9.294241554768575497e+02,4.300633387699244850e+02,6.883276813343348977e+02,1.228659005941937721e+03,-1.373789573105624413e+02,1.513780825171805589e+01,6.529179996189051280e+02,6.664169332095966638e+02,7.896495502779999924e+02,1.150546520194744289e+03,1.179236722732760079e+01,2.507287795690950531e+02,8.233976031620400136e+02,1.507150236633651730e+02,5.139635970922236083e+02,9.062677531165021492e+02,3.073167529498849717e+02,8.780636929515515021e+01,4.647868779983697891e+02,4.789726862507504848e+02,5.128876387916543536e+02,5.489044313843068039e+02,2.886646331658773018e-03,3.338497547347726879e+01,4.082789792435373322e+00,7.799974588348846964e+02,5.347829588922094217e+02,1.298116717126756043e+02,2.702212865809419213e+02,3.542145802138299615e+01,1.117867166783741872e+01,9.216091697554273878e+02,3.812838927490879541e+02,2.349737921983279705e+02
2.110468997792129642e+02,2.631122444507630007e+02,1.576136826345821873e+03,8.438316511781738427e+01,8.848724050365210303e+01,1.232718693536105548e+03,2.381162269524315889e+02,4.555678513258252451e+02,1.308142397158535232e+03,-1.040401194098080850e+02,5.398812721388526370e+01,9.357391723801126773e+02,4.306192778091081550e+02,7.037941817391621271e+02,1.228999170159115693e+03,-1.683862727411177218e+02,1.938024629166216428e+01,6.622575291628265859e+02,6.630614089204707398e+02,8.165670606501024622e+02,1.156228664065088424e+03,1.588746572524811818e+01,2.591575254642544905e+02,8.153651788288391344e+02,1.532858219356503184e+02,5.245568508120992419e+02,8.963855444973764861e+02,3.122426716272982503e+02,9.456248997331076112e+01,4.604917330360191841e+02,4.807084046862480022e+02,5.402322375263491949e+02,5.359627624058542779e+02,1.084309246228535528e+00,3.589128337318868489e+01,4.963440241406209985e+00,7.648066254154803119e+02,5.853381862811484098e+02,1.140423999610400330e+02,2.704513009667794563e+02,3.530745669118454089e+01,1.013956882155090788e+01,9.201643242857168161e+02,4.400827076342886244e+02,2.107373086858274291e+02
2.116726075527458306e+02,2.771216362621953522e+02,1.568905720098898655e+03,8.319755716969365267e+01,1.035319365685665076e+02,1.228825479530439452e+03,2.401969713442520344e+02,4.676650253288232193e+02,1.301501191720112729e+03,-1.226769365060087580e+02,6.447518319735800674e+01,9.432510214724047728e+02,4.308683027741823821e+02,7.190799192157465995e+02,1.230321747396542378e+03,-1.981025009073912599e+02,2.369394681218583187e+01,6.733889210161046321e+02,6.591201694570384007e+02,8.420636487089298043e+02,1.163009298378338372e+03,1.998838457056001516e+01,2.678644083325748397e+02,8.078468311671731499e+02,1.557276752712349150e+02,5.353461163024015832e+02,8.867351614312728998e+02,3.168612460439308620e+02,1.013030477810655725e+02,4.564094720952818420e+02,4.821647671963139032e+02,5.678763641554410242e+02,5.235476065288460177e+02,1.976781053965160684e+00,3.838690716210601295e+01,5.948283758477979077e+00,7.482353893493939268e+02,6.369919436361730050e+02,9.989884388389644698e+01,2.707988476948131051e+02,3.513399495955834340e+01,9.249421250777919212e+00,9.169949026518121400e+02,5.006585970263291188e+02,1.874611854119196721e+02
2.123217995395046103e+02,2.916975099130548870e+02,1.561830456405215728e+03,8.200746023969152532e+01,1.187249297004683797e+02,1.225582154007853887e+03,2.424029297068933602e+02,4.800534173545044041e+02,1.295309402867691460e+03,-1.400671190399028490e+02,7.505873082190646528e+01,9.515743716982494789e+02,4.306556628274896639e+02,7.341450293902555586e+02,1.232455589280341883e+03,-2.260190301711129450e+02,2.786188263524388375e+01,6.861892821665660449e+02,6.548465276091183114e+02,8.662696122177181905e+02,1.171298405697511498e+03,2.389544925900048611e+01,2.771793623206906432e+02,8.005453205622378619e+02,1.579919653515973437e+02,5.466429612119270587e+02,8.772939001935679926e+02,3.210587878593422602e+02,1.081693150551336942e+02,4.525219805631013514e+02,4.833664766876500494e+02,5.957732084717027874e+02,5.116169023639941997e+02,2.530571935890004731e+00,4.086447726825380045e+01,6.958699980710096433e+00,7.302571301313192862e+02,6.900749745119505860e+02,8.744152912445755987e+01,2.711156195349008726e+02,3.503366780579190731e+01,8.611283270549670021e+00,9.115006028312144508e+02,5.631590537222094781e+02,1.649690075899128772e+02
2.128109080457603852e+02,3.069740275273787233e+02,1.554877610995875557e+03,8.062455028162594317e+01,1.342230655505320840e+02,1.223033164760819318e+03,2.445390407209469288e+02,4.927977872528585976e+02,1.289525371034980708e+03,-1.562300212095668144e+02,8.575807441785065066e+01,9.606594363917455439e+02,4.298373048130007987e+02,7.491109229180225384e+02,1.235190262138954040e+03,-2.515362229721345386e+02,3.164212213761631531e+01,7.008667175215962288e+02,6.504847450147221934e+02,8.894392768000268461e+02,1.181170190775833589e+03,2.757783639159677591e+01,2.874642204491567554e+02,7.932282663680003907e+02,1.600604937873748668e+02,5.588193642426552969e+02,8.680702697029071260e+02,3.247699374020641017e+02,1.154256901452196189e+02,4.487454113010140304e+02,4.842761555143862324e+02,6.241414419226739483e+02,5.002463016263483837e+02,2.682201286394003237e+00,4.327344778380378898e+01,7.949557850477106946e+00,7.105050857770862649e+02,7.447072313252887170e+02,7.640682584905094643e+01,2.712952430876811150e+02,3.508742592334666455e+01,8.334455565206619454e+00,9.030245901589163395e+02,6.276386264971603168e+02,1.429685921224843810e+02
2.130405522086014116e+02,3.230911139722438179e+02,1.548106473714917684e+03,7.892787656352155068e+01,1.503747666720816483e+02,1.221228884585247442e+03,2.464540318873073659e+02,5.060262059733467481e+02,1.284086798244984038e+03,-1.713844800451651338e+02,9.676589113918663543e+01,9.707245086613536387e+02,4.283252300731189735e+02,7.643128671634342481e+02,1.238339429282617630e+03,-2.741277989924216740e+02,3.486299200735643211e+01,7.177602423966801553e+02,6.461943063424836282e+02,9.119418579600563817e+02,1.192349184500596948e+03,3.118026132229764968e+01,2.990105851463393947e+02,7.858058806520557482e+02,1.619370024623936217e+02,5.721507368333865315e+02,8.591056720603286294e+02,3.280587435118684425e+02,1.233405907746392529e+02,4.449805405568433798e+02,4.847297285553582924e+02,6.533466945780928654e+02,4.896204655386509899e+02,2.481402074367460298e+00,4.550787737681783085e+01,8.927988958326240621e+00,6.884146546947301886e+02,8.007043016596821872e+02,6.645073814681811086e+01,2.713211034675954920e+02,3.528887096443354920e+01,8.498209028927071529e+00,8.909740945070893758e+02,6.939700267137367291e+02,1.213346314086240199e+02
2.130233573483245380e+02,3.401270161364515729e+02,1.541579781335487041e+03,7.691754481877737248e+01,1.676472039149082320e+02,1.220135879263254083e+03,2.480812477953805910e+02,5.198754761953135812e+02,1.278897955019289839e+03,-1.857734720532493782e+02,1.084217356377572514e+02,9.820967620592092544e+02,4.261231874477018096e+02,7.802378541785819834e+02,1.241787617843227508e+03,-2.934503568278365151e+02,3.751385236755785968e+01,7.371077256550601078e+02,6.420133689406687836e+02,9.342201196626965611e+02,1.204334624832156351e+03,3.496461390580884654e+01,3.119344132034469794e+02,7.783331179215547309e+02,1.636451325769287166e+02,5.866972353316953104e+02,8.504246198289717995e+02,3.311351211213420811e+02,1.320823800171044695e+02,4.411332813469139182e+02,4.844667275253336811e+02,6.837543127156651508e+02,4.799426727832230881e+02,2.085689804878033016e+00,4.744492828359155112e+01,9.939046136396639142e+00,6.634689570650233463e+02,8.576528324352990467e+02,5.739901046377689653e+01,2.712719187538031065e+02,3.555694139879878435e+01,9.090461315054259472e+00,8.749456388701580636e+02,7.618974765704873562e+02,1.003277236952112901e+02
2.128280407005697157e+02,3.580581167868905936e+02,1.535306619798529937e+03,7.469384586761395894e+01,1.864909448242699170e+02,1.219624843171886369e+03,2.494243706463257979e+02,5.344193113399583126e+02,1.273851578126653976e+03,-1.995040616612751592e+02,1.211371294748355467e+02,9.950277068326286098e+02,4.233113246442123909e+02,7.973205672702391666e+02,1.245502342422413449e+03,-3.093817869862101588e+02,3.976587420202480416e+01,7.588780795821721767e+02,6.378511259027599181e+02,9.566725025653697685e+02,1.216545071530363657e+03,3.920514114681537166e+01,3.261198191048645185e+02,7.709456280466220051e+02,1.652286930839609340e+02,6.022761269063804548e+02,8.419672280766375252e+02,3.342857925168843281e+02,1.416849648135796542e+02,4.371050246573731783e+02,4.832282431144737984e+02,7.155933831439622281e+02,4.713173834036317089e+02,1.718822037800029623e+00,4.901622283711929384e+01,1.102416630546195897e+01,6.354458071663862029e+02,9.149985336370184541e+02,4.936025052116025336e+01,2.712841507303373305e+02,3.578814512937316294e+01,9.961392347550434678e+00,8.548254831890023979e+02,8.310847526909843737e+02,8.061771969698014573e+01
2.124909206869715490e+02,3.767700896737859466e+02,1.529248854661085261e+03,7.238119678107807431e+01,2.071762256450758741e+02,1.219530228425177711e+03,2.505082355518185295e+02,5.496163084842615945e+02,1.268866904411810538e+03,-2.124844826583160966e+02,1.353025172607709408e+02,1.009552177755709636e+03,4.199749431265804560e+02,8.157067798581994111e+02,1.249497697706136250e+03,-3.220098850754579871e+02,4.194214603596941515e+01,7.827178183059179446e+02,6.335059078490990032e+02,9.795170142328797738e+02,1.228401835140973162e+03,4.408027199799351337e+01,3.412591588248359926e+02,7.637746738835710403e+02,1.667437911131364103e+02,6.185410178368371135e+02,8.335633187180313826e+02,3.377566991815364190e+02,1.520966188874394334e+02,4.327790520579728764e+02,4.808516640445496932e+02,7.488727545905541092e+02,4.636833047352536141e+02,1.601422118144449014e+00,5.026508608957828983e+01,1.217975231071167563e+01,6.045584638743135883e+02,9.720428154160020995e+02,4.264382479990786834e+01,2.714885959055046669e+02,3.591657016403049596e+01,1.083724890053341205e+01,8.308336638288853919e+02,9.010628408885679619e+02,6.308356183565427955e+01
2.119647894813842299e+02,3.961289345573570131e+02,1.523376634783678810e+03,7.005519163616362732e+01,2.296679409876998079e+02,1.219734866800929467e+03,2.513363059912944095e+02,5.653293471065644553e+02,1.263917985954175037e+03,-2.244754988920493304e+02,1.512098736069808638e+02,1.025443521043473083e+03,4.161235062732667416e+02,8.351663978613768222e+02,1.253766868854592758e+03,-3.315869118602290655e+02,4.449445326420435975e+01,8.080138947385930805e+02,6.287228755317142941e+02,1.002751900238571011e+03,1.239375614459051803e+03,4.961122937354495832e+01,3.569889521215560535e+02,7.568918415696232387e+02,1.682368377377710544e+02,6.351378087560239010e+02,8.249871120257989787e+02,3.416553348330803601e+02,1.632763884861411725e+02,4.280277957918370362e+02,4.773008875393470589e+02,7.833888397455743871e+02,4.568488736957662013e+02,1.874743731802838154e+00,5.134507294629970886e+01,1.334790512745655988e+01,5.714244665955164919e+02,1.027889365784572874e+03,3.754692603429292319e+01,2.719471774586706943e+02,3.594750377502654004e+01,1.140967735291106067e+01,8.034820156179193873e+02,9.711297206578462919e+02,4.849253086702237425e+01
2.111413756725203541e+02,4.160840921280295674e+02,1.517724079154280616e+03,6.772656412620247579e+01,2.536050900364477911e+02,1.220225491035444065e+03,2.518836091328799398e+02,5.814363277452719103e+02,1.259041062987793339e+03,-2.352097683761124642e+02,1.689989062147142533e+02,1.042272841947096367e+03,4.116588358730870141e+02,8.552587205047948373e+02,1.258234514553881581e+03,-3.384432168719450260e+02,4.799328330948405608e+01,8.340368577440893887e+02,6.232912792294117708e+02,1.026264498247300480e+03,1.249073247667606665e+03,5.568046239233719774e+01,3.730600451033648710e+02,7.503061500883171675e+02,1.697154973883869502e+02,6.518700584707790995e+02,8.160733653592615156e+02,3.459266769007800804e+02,1.752752942084574102e+02,4.227418402627592400e+02,4.726197552622802505e+02,8.188372392778502444e+02,4.506148510549064667e+02,2.548941492131218567e+00,5.245203013309869533e+01,1.445109334247990240e+01,5.368718198179205956e+02,1.081466452912121213e+03,3.414875867209546101e+01,2.726168733179006267e+02,3.594933116283294794e+01,1.146603702497414012e+01,7.734354927530046098e+02,1.040343000930643711e+03,3.722622066780304095e+01
2.099252877358134697e+02,4.367442154856741467e+02,1.512394827133337685e+03,6.538877650936959185e+01,2.784144519456430089e+02,1.221085011782164202e+03,2.521172427907633846e+02,5.979869075179215088e+02,1.254324893099543033e+03,-2.445055090846674091e+02,1.886216408633521269e+02,1.059524838976496767e+03,4.064112565327688458e+02,8.756698885866450155e+02,1.262774102200753987e+03,-3.428530918441275617e+02,5.307536421118111036e+01,8.601119789403136338e+02,6.171403273499288389e+02,1.050013407748724831e+03,1.257375750034713292e+03,6.212514213456855572e+01,3.894542319413566247e+02,7.439976334296682126e+02,1.711320303908289304e+02,6.687999030218114740e+02,8.068225008576299615e+02,3.504077463040405860e+02,1.882526180346583544e+02,4.168587849082795742e+02,4.668476597428904711e+02,8.549830281921115329e+02,4.449033368289755117e+02,3.505721419318435395e+00,5.373045315957885748e+01,1.544891300827517355e+01,5.016693440205509091e+02,1.131699883464997129e+03,3.222530208549687814e+01,2.733615741099494016e+02,3.601440064426487453e+01,1.099011576504053878e+01,7.413073485228283062e+02,1.107692833313898291e+03,2.917695253718423132e+01
2.082989892167704795e+02,4.583711239252369296e+02,1.507502097604490018e+03,6.308147076892491611e+01,3.035356589237440517e+02,1.222422046977929767e+03,2.520106131273838344e+02,6.153106069330443688e+02,1.249889461906326233e+03,-2.523206786659982299e+02,2.098442709579201733e+02,1.076695329153439161e+03,4.002083859397940273e+02,8.965046703037787665e+02,1.267281663154816442e+03,-3.448841822707926212e+02,6.031344947690384828e+01,8.857715840385217234e+02,6.103700828304755532e+02,1.074147732809544550e+03,1.264521277363682202e+03,6.885719828561447287e+01,4.063911134256999276e+02,7.379521230562972960e+02,1.723983479697825771e+02,6.862424595031296803e+02,7.974170773205424894e+02,3.549161618895701622e+02,2.024203659112622518e+02,4.103685087490164278e+02,4.599576553189511969e+02,8.917903664115546007e+02,4.398025279485233341e+02,4.561238104714554709e+00,5.521873439848948095e+01,1.637448921971779825e+01,4.663113115394986607e+02,1.177781004219562419e+03,3.130561521421060078e+01,2.740157158006744567e+02,3.621576973252255272e+01,1.017052563451693814e+01,7.074661668405575483e+02,1.172394369169607444e+03,2.383014164365231480e+01
2.063270144055951789e+02,4.812839839153731418e+02,1.503076319874587625e+03,6.090494424573165588e+01,3.286846767222292556e+02,1.224270619127254804e+03,2.515275620451353689e+02,6.339917650298085618e+02,1.245852262549492480e+03,-2.587421664894472428e+02,2.323287325062319155e+02,1.093318256140421909e+03,3.929224923936304776e+02,9.183339787918074535e+02,1.271740685124359061e+03,-3.443091959363675869e+02,7.006556355920602641e+01,9.108547294800031295e+02,6.031801072448441801e+02,1.098987949440578177e+03,1.270992918065727508e+03,7.593900555198621305e+01,4.242343915151843703e+02,7.321703364650039703e+02,1.734344355789664860e+02,7.046651899231229663e+02,7.881233078818956983e+02,3.593107682186039824e+02,2.179516814595427832e+02,4.032899978865392541e+02,4.518594216032183226e+02,9.294136090170554780e+02,4.354946996217582864e+02,5.556130858208298662e+00,5.687435174567055896e+01,1.732054914136683976e+01,4.309649638568892556e+02,1.219382364860659663e+03,3.080625492536463383e+01,2.744766454492583989e+02,3.658474155508484671e+01,9.306540006339853122e+00,6.719498995953339318e+02,1.234120560900491000e+03,2.045489333293573964e+01
2.040932129122113849e+02,5.057260147043076586e+02,1.499000616319435721e+03,5.895826163944025211e+01,3.540527447947922042e+02,1.226507504153553555e+03,2.505865387284775068e+02,6.546979244208996533e+02,1.242282635515322454e+03,-2.639428570106417737e+02,2.558061226854998438e+02,1.108928450484441555e+03,3.844692322168406236e+02,9.419610289145751949e+02,1.276209503527334164e+03,-3.406592669159438742e+02,8.242098677637036985e+01,9.355290286326066962e+02,5.957163134829474984e+02,1.124908439485205008e+03,1.277187066869149930e+03,8.356666296106411096e+01,4.433600663154113590e+02,7.266472168134349658e+02,1.742265023041711061e+02,7.245493861574942684e+02,7.791267284472420442e+02,3.634888129992264680e+02,2.349072063219063011e+02,3.956349604264988216e+02,4.424643880213214402e+02,9.680364035654796453e+02,4.321167109056138997e+02,6.416758385208550131e+00,5.866236735737731323e+01,1.838421499073196941e+01,3.956017475871795455e+02,1.256695894552542313e+03,3.015884973468393682e+01,2.747794018571584047e+02,3.711658966517699554e+01,8.663997947833349755e+00,6.345420933447836660e+02,1.293009068762842844e+03,1.829605253476188409e+01
2.016119352910701537e+02,5.317774922406036922e+02,1.495022691255542895e+03,5.723789970287248963e+01,3.803442859628740393e+02,1.228827689155757071e+03,2.490385316327414387e+02,6.779382041897079034e+02,1.239159636049998426e+03,-2.681407755268347159e+02,2.802745590053041269e+02,1.123020364224680407e+03,3.747732649859976277e+02,9.680525878835941285e+02,1.280720897745380398e+03,-3.334251103836512016e+02,9.730691634337844675e+01,9.602197452242342024e+02,5.879043173346733511e+02,1.152220009609577573e+03,1.283019247928541745e+03,9.197327580095881672e+01,4.640577771543736958e+02,7.213382615994347589e+02,1.748582711373111067e+02,7.462839767940843103e+02,7.704009692272413758e+02,3.673332927594565263e+02,2.532211014992826108e+02,3.873786447776136583e+02,4.317660567395065527e+02,1.007665759208266650e+03,4.296465219540220914e+02,7.151474574466820222e+00,6.064274340595645896e+01,1.961432209595849940e+01,3.602244940479859565e+02,1.290279251756565827e+03,2.888472560678714274e+01,2.751069373773271991e+02,3.779114361574561087e+01,8.362664996628140557e+00,5.949833220423702187e+02,1.349418984118906792e+03,1.669365508222686856e+01
1.987712826134299462e+02,5.593724065696393382e+02,1.490851316959445512e+03,5.557382814648634195e+01,4.086062977632146271e+02,1.230797300152707749e+03,2.466857110442714429e+02,7.038784067089527525e+02,1.236364237731434741e+03,-2.715676345759854939e+02,3.060936023504316950e+02,1.135072138797404932e+03,3.637380903418646767e+02,9.968603237839370195e+02,1.285152093261918480e+03,-3.223112072394614529e+02,1.146844725212521041e+02,9.854554173999853219e+02,5.793480925555770682e+02,1.181112179386468370e+03,1.287704101658261607e+03,1.013207209601374643e+02,4.864990922822327661e+02,7.161388387234957236e+02,1.754912198169184876e+02,7.701346027020098290e+02,7.616976225835386458e+02,3.706597970543858196e+02,2.727546281939369237e+02,3.784488781905233736e+02,4.198759061299538189e+02,1.048042102695642598e+03,4.278875037420554008e+02,7.797424333733159685e+00,6.299349728507450408e+01,2.100645352477051020e+01,3.250464959979592550e+02,1.320801313291242650e+03,2.662392646522702933e+01,2.757179335137499834e+02,3.858660394291708684e+01,8.352052094183289199e+00,5.532183074018205389e+02,1.403577226824464105e+03,1.511237949802125158e+01
1.953462613073773184e+02,5.884034147521623481e+02,1.486299586356271902e+03,5.366275085100109266e+01,4.398827251290366576e+02,1.231973567365560939e+03,2.433392342810440141e+02,7.323138072624084316e+02,1.233728567906173339e+03,-2.744334815020517908e+02,3.338744847920279994e+02,1.144653855245084969e+03,3.512428611387812225e+02,1.028188484513965477e+03,1.289140354547336983e+03,-3.074064833323152470e+02,1.346685464096663907e+02,1.011674821062855699e+03,5.693424885752746150e+02,1.211641639571409542e+03,1.289839265454054384e+03,1.116572639939403757e+02,5.107528163478487500e+02,7.108964290040908054e+02,1.763005678207442770e+02,7.962789402741444746e+02,7.526750191918577002e+02,3.732119318627636062e+02,2.933878281061231519e+02,3.687325814479333985e+02,4.069851205623853616e+02,1.088748941219310154e+03,4.265539842350488016e+02,8.374760875331729082e+00,6.595753724927449468e+01,2.255675551831158998e+01,2.905204347166036314e+02,1.348804358104158155e+03,2.314680015868077945e+01,2.768203566321129756e+02,3.947612742628265892e+01,8.475403145711405628e+00,5.095655033932218316e+02,1.455318392396400668e+03,1.310271548158034172e+01
1.910771873639044713e+02,6.188341371541933995e+02,1.481404842414282484e+03,5.119518075936466062e+01,4.748124728560210883e+02,1.232043070417566469e+03,2.388867626411626190e+02,7.628127334250054901e+02,1.231125893798054221e+03,-2.768814544728951432e+02,3.641812226979850493e+02,1.151553948124833141e+03,3.371518636971588307e+02,1.061607648083919230e+03,1.292073123687781617e+03,-2.891915575543364980e+02,1.574554865328239828e+02,1.039064236911747912e+03,5.569924655651888088e+02,1.243726381920033191e+03,1.287717167421945305e+03,1.229732366947239797e+02,5.368025272097753486e+02,7.054569135053711761e+02,1.774013322895222018e+02,8.248547815453616749e+02,7.430959136455439875e+02,3.747216234460152009e+02,3.150993664006830386e+02,3.580951302369421683e+02,3.932716060412113848e+02,1.129444638315937027e+03,4.253954086141606581e+02,8.902134278496795616e+00,6.976085356276364280e+01,2.434136111363704558e+01,2.572290812079929196e+02,1.374556383136176009e+03,1.835686645273974449e+01,2.784571235915520333e+02,4.041910764646154774e+01,8.571254949716740512e+00,4.647495939531335694e+02,1.504048605506024160e+03,1.022832062229476513e+01
1.857697906772501142e+02,6.507347700168191977e+02,1.476452017197272880e+03,4.801078850092883243e+01,5.133379875730063304e+02,1.230896374461189907e+03,2.333307626602812945e+02,7.949527401220552747e+02,1.228542148275678755e+03,-2.789465939317078664e+02,3.971837270876320076e+02,1.155800473929894906e+03,3.212972362858337192e+02,1.096774475418009160e+03,1.293121440545577798e+03,-2.684066059981538501e+02,1.831112659817098915e+02,1.067482061124007259e+03,5.413801348628221604e+02,1.277136118186926296e+03,1.279663931870031547e+03,1.353200748847568207e+02,5.645481409536976116e+02,6.997247377185070718e+02,1.788025202214605542e+02,8.559593583999070461e+02,7.329760570681045238e+02,3.750069447263859956e+02,3.379926024105224087e+02,3.464113807924897515e+02,3.788024795090469752e+02,1.170025479935201929e+03,4.242767117342241932e+02,9.481625018096980995e+00,7.457182606360882460e+01,2.656503862020976925e+01,2.257490152879672394e+02,1.398015532217634018e+03,1.226951792386866735e+01,2.804771279059764311e+02,4.137444108965850376e+01,8.546765567892276039e+00,4.198187047351666479e+02,1.548923843743014686e+03,6.004148172329518474e+00
1.793619274042671918e+02,6.842222289950913137e+02,1.471864377185496551e+03,4.420078172347707124e+01,5.546640489006797452e+02,1.228567235545935091e+03,2.267720423322929832e+02,8.285365640141670838e+02,1.226064497494451189e+03,-2.805350187099482469e+02,4.324435429108785911e+02,1.157490764058344439e+03,3.034104947141915432e+02,1.133669798076878124e+03,1.291269571651616616e+03,-2.458687623485218978e+02,2.114170986562621692e+02,1.096483059685743228e+03,5.217040129542302793e+02,1.311504687116668947e+03,1.264255447302161201e+03,1.489128242519566072e+02,5.938224870559350848e+02,6.937061378916743024e+02,1.804051699587251676e+02,8.895738740737816670e+02,7.225909530010993649e+02,3.740528389572423293e+02,3.622565888929664766e+02,3.336090231856198898e+02,3.634783718932865213e+02,1.210569165286111229e+03,4.231658360384178650e+02,1.040505042500433852e+01,8.053857460987813965e+01,2.953610219251665470e+01,1.966036401056573482e+02,1.418911305785230979e+03,4.957056684567585414e+00,2.826272831872194047e+02,4.235495326066318000e+01,8.380001010297627673e+00,3.760186712371279896e+02,1.589132164263403183e+03,-9.610277698470642838e-02
1.719248684275621883e+02,7.193630148917111455e+02,1.467996750339235632e+03,4.011523544324138157e+01,5.974963181987333201e+02,1.225044950741474850e+03,2.193391552928405588e+02,8.637079545543974746e+02,1.223769204843582202e+03,-2.814191550240736888e+02,4.689334961359180056e+02,1.156483547324752635e+03,2.830272918644209881e+02,1.172620464524335603e+03,1.285328969225881337e+03,-2.223194132187006176e+02,2.419532801043062307e+02,1.125415026405413755e+03,4.973460160040393134e+02,1.346379529796023007e+03,1.240409394220900140e+03,1.641385543237286129e+02,6.244675423542213366e+02,6.875122848570446195e+02,1.820299038890290433e+02,9.254453417222633789e+02,7.123323807092554034e+02,3.720290335660641858e+02,3.880848039321109582e+02,3.197187436941782721e+02,3.470416806107450043e+02,1.251083082383827559e+03,4.220365515656033608e+02,1.220428900226955982e+01,8.787767304884603448e+01,3.356878148808831241e+01,1.703277130880103698e+02,1.436942016761125160e+03,-3.519529805858447435e+00,2.847285274790541507e+02,4.350907147378573114e+01,8.054990423106833219e+00,3.346850743977676643e+02,1.624157654303675372e+03,-8.520911070873149029e+00
1.636059056527551832e+02,7.561164317963490475e+02,1.464933137872898669e+03,3.629261974098884025e+01,6.404461066265266709e+02,1.220079418189915486e+03,2.110858201281300239e+02,9.009443920476026051e+02,1.221558356219954248e+03,-2.812225564380404990e+02,5.052529537108105160e+02,1.152160855492157907e+03,2.594317099863525868e+02,1.214076600222978868e+03,1.273966003615444151e+03,-1.983367926881879839e+02,2.744219056575970512e+02,1.153557961921794004e+03,4.678798247557421632e+02,1.381272733311370075e+03,1.207441614701388062e+03,1.814411304861277756e+02,6.564677293733329861e+02,6.813203348531841357e+02,1.834453990280303515e+02,9.630004748180735987e+02,7.024960245521857587e+02,3.692410763054601262e+02,4.155931554722340024e+02,3.049158572500313085e+02,3.291458668529509737e+02,1.291251934771023571e+03,4.207434347820823746e+02,1.558733334839211793e+01,9.694055756519043143e+01,3.886587423177049061e+01,1.475494617769402055e+02,1.452048581351407393e+03,-1.315175824822625472e+01,2.868313070149023360e+02,4.517933737038529074e+01,7.479470939954698139e+00,2.971584639746205880e+02,1.653951779207721074e+03,-1.943625528743203290e+01
1.545432345864803665e+02,7.943459783583502940e+02,1.462400279971328473e+03,3.336262653876936213e+01,6.824055865868211868e+02,1.213141123788697996e+03,2.018844582025944305e+02,9.409382698115375661e+02,1.219030556690735239e+03,-2.793599435104359259e+02,5.399038132618670716e+02,1.143492475941924567e+03,2.317027341909856375e+02,1.258214188017195283e+03,1.255781160791882712e+03,-1.743164356822576906e+02,3.090060473151282849e+02,1.180287238566787437e+03,4.330735504043651076e+02,1.415642841593766434e+03,1.165140549824688833e+03,2.011211129022198065e+02,6.900700267429032237e+02,6.753083187259682063e+02,1.843787528587506586e+02,1.001362769778729444e+03,6.931187682747739700e+02,3.660538659858067376e+02,4.447744788822063811e+02,2.895352222010288870e+02,3.094642314933234957e+02,1.330396078238248037e+03,4.189500425403993518e+02,2.126273541616522422e+01,1.081886591371735591e+02,4.546077061816757947e+01,1.289560515346205136e+02,1.464652970699344223e+03,-2.396642343671375741e+01,2.892367845559410853e+02,4.788143591390638676e+01,6.452330819533049322e+00,2.646789785457486914e+02,1.678986759196187677e+03,-3.253889328402993897e+01
1.447838607819651600e+02,8.338633186152225107e+02,1.459840840942786599e+03,3.196537879946482263e+01,7.227427041038480411e+02,1.203610747501412789e+03,1.913402509289097679e+02,9.843855901551078205e+02,1.215447802062613391e+03,-2.749037904678945665e+02,5.715077581202210695e+02,1.129478531142568272e+03,1.988804693492264732e+02,1.304488547282246373e+03,1.229457338502169023e+03,-1.505086604345120236e+02,3.465052518283199561e+02,1.205216518909445085e+03,3.929299135964118364e+02,1.448767764460177887e+03,1.113835952534901935e+03,2.231395163575859613e+02,7.257990317633035602e+02,6.695821874728960665e+02,1.845098404520456938e+02,1.039492073114478899e+03,6.839474581606767742e+02,3.628369362659332182e+02,4.755038104536400283e+02,2.740502106903881554e+02,2.878058909178575391e+02,1.367691792011842608e+03,4.161809511186088457e+02,2.972362977860822397e+01,1.220615123013729715e+02,5.327289620286681782e+01,1.150862241112659774e+02,1.475710263399054384e+03,-3.594592297082832033e+01,2.923392430358719025e+02,5.218868642164545690e+01,4.719256950962591013e+00,2.382172164716500049e+02,1.700186112875519029e+03,-4.700465589008170042e+01
1.342294237260428247e+02,8.744500965958307006e+02,1.456588425328393896e+03,3.270182633608028056e+01,7.613024784053101257e+02,1.191111893668845369e+03,1.787523553779073779e+02,1.031705426429500903e+03,1.209803817658306116e+03,-2.663737601397164099e+02,5.989521143034254465e+02,1.109811940012782770e+03,1.602237960222407480e+02,1.351280602324046185e+03,1.193975019500890312e+03,-1.270872395488877515e+02,3.881178782421196161e+02,1.228223186898935637e+03,3.477653113737245576e+02,1.479559481378300688e+03,1.054426332508138557e+03,2.470133756654977901e+02,7.643237192015103574e+02,6.641081052217538172e+02,1.834658656478205785e+02,1.076393951979742042e+03,6.745418383800773654e+02,3.599502723601045773e+02,5.075783602954059575e+02,2.590211491227930196e+02,2.642053135629623739e+02,1.402495548135908393e+03,4.120131996609346743e+02,4.109325412628449925e+01,1.387876997682038507e+02,6.225868136183786561e+01,1.060404892802467600e+02,1.486480157765923877e+03,-4.891336530624047896e+01,2.963537352620573415e+02,5.857132012794506437e+01,2.096611395515077803e+00,2.182568581774939673e+02,1.718730323505025353e+03,-6.161869472888003685e+01
1.226396821650010622e+02,9.158322990864722897e+02,1.452031224514652195e+03,3.611049396154390223e+01,7.983151583978373083e+02,1.175797595018907487e+03,1.631600715071490697e+02,1.082731528368668933e+03,1.200959646028406723e+03,-2.515077073914851553e+02,6.215558839095351686e+02,1.085466073651637998e+03,1.155110024434795974e+02,1.395774410189702394e+03,1.148881802096126421e+03,-1.042003724981088624e+02,4.349411596971101517e+02,1.249265279620520914e+03,2.982950851305700439e+02,1.506457222591023992e+03,9.883815598978108028e+02,2.718393519008534440e+02,8.062147727478677552e+02,6.586674899211072898e+02,1.808320086684611567e+02,1.111297950528104820e+03,6.644493939747613922e+02,3.577474983622266222e+02,5.407531676203954021e+02,2.450273248035302629e+02,2.389582094924451781e+02,1.434530328238382936e+03,4.063336341334266422e+02,5.510244678358532866e+01,1.582260435686198718e+02,7.256452172720236149e+01,1.012985661327853819e+02,1.498071882751168232e+03,-6.243922575002959974e+01,3.010696229502231063e+02,6.727530379733376265e+01,-1.402999785663851418e+00,2.046196630737643147e+02,1.735755701744645421e+03,-7.503983276743601039e+01
1.097232327090723913e+02,9.576261231592272907e+02,1.445685329844420266e+03,4.265808718415073741e+01,8.343163904040983425e+02,1.158436374653290841e+03,1.435106960919361825e+02,1.136449823321784379e+03,1.187815005855488380e+03,-2.271705385398838928e+02,6.393633208810142605e+02,1.058948864202879804e+03,6.532480581732924918e+01,1.434183312926722465e+03,1.094580853745026843e+03,-8.194706520671343242e+01,4.873830237275263357e+02,1.268019737771553309e+03,2.456832918446604026e+02,1.527550852946902523e+03,9.177553496201854841e+02,2.964177817578207055e+02,8.516905925317925039e+02,6.528652809050063297e+02,1.761873107600613650e+02,1.143715928441660026e+03,6.533734434933403463e+02,3.565580059092225724e+02,5.747348402111919086e+02,2.325932067529425922e+02,2.125916143588856642e+02,1.463806363643669329e+03,3.995168106503933245e+02,7.119742922227385407e+01,1.798152191046237363e+02,8.456537104231853164e+01,9.979154701392211280e+01,1.510973606650433794e+03,-7.583661868408353257e+01,3.057686883690280979e+02,7.829875865355762699e+01,-5.511461927703498631e+00,1.964452394133222413e+02,1.752026635060507033e+03,-8.610290810429007990e+01
9.531016639082302788e+01,9.993049347242979366e+02,1.437187691652605054e+03,5.271951335859439070e+01,8.701047978614595877e+02,1.140273916427833910e+03,1.189494168068257522e+02,1.190886884123593518e+03,1.169505231994679662e+03,-1.896332222338679117e+02,6.535851221614063888e+02,1.034099586257157398e+03,1.124161274593825688e+01,1.462376605364600209e+03,1.032552243427187250e+03,-6.024906364908423484e+01,5.446975625616356638e+02,1.283544235644544415e+03,1.915214907495236503e+02,1.541004175482923074e+03,8.451768794260078721e+02,3.194195575327626102e+02,9.004541570344190404e+02,6.462201582750340094e+02,1.691717835329314141e+02,1.173363885285082688e+03,6.412814401922328216e+02,3.566345389249254367e+02,6.091288625290009122e+02,2.221111524044924295e+02,1.857839441112573695e+02,1.490363757462339436e+03,3.923879807783287674e+02,8.871613480275203756e+01,2.026633903758600184e+02,9.872786149610010398e+01,1.002127598943025930e+02,1.524829151135317716e+03,-8.827739895527227532e+01,3.093737302151357085e+02,9.145709920824563710e+01,-9.739487618671599733e+00,1.923725130288057130e+02,1.767726893398032189e+03,-9.407449486461742083e+01
7.953649458285244123e+01,1.040240458044903107e+03,1.426282077811677709e+03,6.650603502454069371e+01,9.066934515039878306e+02,1.122761929760355997e+03,8.916864436770066504e+01,1.243250595681198774e+03,1.145616370691099519e+03,-1.354112177495848357e+02,6.670628735119868225e+02,1.015429168531669120e+03,-4.416985206272057951e+01,1.476826109129743600e+03,9.653802329383604501e+02,-3.862820084508394558e+01,6.048412728588886011e+02,1.294257780452946236e+03,1.377135745754966933e+02,1.545690647311379962e+03,7.737168354110618793e+02,3.395529506330782397e+02,9.516742649179249156e+02,6.383318317018530479e+02,1.595876543170027730e+02,1.200014661913770851e+03,6.284384781356529857e+02,3.580945253762163247e+02,6.433836078686357496e+02,2.137625543272545485e+02,1.592797135946357230e+02,1.514052774417577666e+03,3.859440752309935760e+02,1.070590555669400459e+02,2.257521004390668224e+02,1.153394124238207752e+02,1.013966411801710166e+02,1.538601704978972066e+03,-9.899245196588572071e+01,3.107938348417992529e+02,1.064790875731300446e+02,-1.348183070379283954e+01,1.908616080042359329e+02,1.782491860051666436e+03,-9.881102200009992487e+01
6.292780676404448315e+01,1.079838610463963278e+03,1.412859122303721506e+03,8.390816000279015441e+01,9.452156540994076295e+02,1.107274205856173694e+03,5.470367126317732698e+01,1.290353755980665710e+03,1.116387949279534268e+03,-6.262476649463241785e+01,6.844990480934720836e+02,1.007095737977395061e+03,-9.760385111712118089e+01,1.475624989384783930e+03,8.964929810581477341e+02,-1.591569101589597679e+01,6.648396595156535795e+02,1.298454553623749234e+03,8.626668145498355500e+01,1.541792151562208346e+03,7.065488559459256521e+02,3.557188598336956602e+02,1.004093079349333834e+03,6.290691935293262986e+02,1.475213057276315567e+02,1.223384771853887287e+03,6.153762068945252395e+02,3.609012193132259085e+02,6.768022233512765524e+02,2.074478227412220406e+02,1.338407107001249301e+02,1.534509306296129125e+03,3.809524438938393018e+02,1.258059693772625991e+02,2.481878193587954797e+02,1.342283566062082230e+02,1.025682415205078115e+02,1.551024938433483157e+03,-1.074704747055713483e+02,3.093505197521953392e+02,1.230816641969721132e+02,-1.614602987889297481e+01,1.905249677661468013e+02,1.795662663154439770e+03,-1.007905591183495062e+02
4.630342492220135142e+01,1.117727018700357348e+03,1.397044585115113250e+03,1.042785601604597616e+02,9.867967473568035075e+02,1.094880929671061267e+03,1.705539606056769131e+01,1.329232380338709163e+03,1.082846391656838023e+03,2.751130379709991658e+01,7.121464808312804280e+02,1.011714544953057157e+03,-1.455083736193600714e+02,1.459223734757565580e+03,8.296382283730748668e+02,1.005732314907911018e+01,7.217906188385572932e+02,1.295305802538050102e+03,3.902307253922927543e+01,1.531051446920242142e+03,6.464579717526218019e+02,3.671580737516148361e+02,1.056192839452822227e+03,6.186919440955549589e+02,1.334428252711258835e+02,1.243128756122712502e+03,6.028134525922496323e+02,3.649033440057983171e+02,7.086759679443057394e+02,2.027416659158351706e+02,1.102284201794150533e+02,1.551316235528851848e+03,3.776350419748268337e+02,1.447610699748397849e+02,2.694254587267326428e+02,1.546127222353706827e+02,1.033701907075953841e+02,1.561064139678114543e+03,-1.135757811642764921e+02,3.051316301563111324e+02,1.410139902920382440e+02,-1.726893670848872731e+01,1.903469134662032900e+02,1.806596451284061914e+03,-1.009994600797252104e+02
3.052741984986132096e+01,1.153897533523530683e+03,1.379271518519560004e+03,1.262651664197290557e+02,1.032430978489877816e+03,1.086186855617452238e+03,-2.143848194888928305e+01,1.357777976970440250e+03,1.046805054307126056e+03,1.297479796395318488e+02,7.567536102022456816e+02,1.029343160466920835e+03,-1.847032405271817481e+02,1.430569036379762338e+03,7.682477748383415701e+02,4.263388844415907641e+01,7.744096957123433640e+02,1.285960502519244528e+03,-2.602359240827616382e+00,1.516482130012677089e+03,5.953782231923728432e+02,3.735830796810185461e+02,1.106360711588520189e+03,6.078372059438204360e+02,1.182222157359605035e+02,1.258949616841797251e+03,5.915427774584406961e+02,3.699005153256784411e+02,7.385290086587242513e+02,1.988917582848655456e+02,8.916492630362050420e+01,1.564219579521218975e+03,3.756134763426586005e+02,1.639308097375138686e+02,2.894080269464239450e+02,1.751539168999231606e+02,1.037158277149401329e+02,1.568141745122616840e+03,-1.175476190836107264e+02,2.991361844532622172e+02,1.600940673063646216e+02,-1.661344539201232706e+01,1.897414146234196437e+02,1.814853784908515763e+03,-1.006713365411473688e+02
1.623662001804757082e+01,1.188717466830739340e+03,1.360267867776883350e+03,1.478443212227097945e+02,1.082872818886767391e+03,1.081215499930577607e+03,-5.798902432568172571e+01,1.375202149821465810e+03,1.010685863217026508e+03,2.350776261584978499e+02,8.238392040858185510e+02,1.057080780497583191e+03,-2.129668357157493688e+02,1.394524258770813276e+03,7.148992654610029831e+02,8.605524419295593930e+01,8.246416969349261308e+02,1.274109851507378153e+03,-3.781266842181022270e+01,1.501582924556232683e+03,5.541618170651108812e+02,3.752632364450714135e+02,1.153037626112851058e+03,5.973665045432308034e+02,1.030222888952393134e+02,1.270771163279565826e+03,5.823001733236632163e+02,3.756743730773281982e+02,7.663840102303696540e+02,1.948841241085963247e+02,7.123118079665968594e+01,1.573262106356737831e+03,3.741539640770559458e+02,1.834558318259443013e+02,3.085976033770720619e+02,1.941964285929286405e+02,1.036007956945331614e+02,1.572093643509177127e+03,-1.198836356425392182e+02,2.931361982324186215e+02,1.802565344642369496e+02,-1.425051959547656999e+01,1.884771600168044472e+02,1.820213489268108560e+03,-1.009152604469263821e+02
3.694462256816394952e+00,1.222804965041698324e+03,1.340938034422971214e+03,1.666440777682255145e+02,1.138504752844140285e+03,1.079355510254340516e+03,-8.991604575184288706e+01,1.382230640824371903e+03,9.771570748229366927e+02,3.324715124113924958e+02,9.157579067861668136e+02,1.089637935063372197e+03,-2.294404904756927408e+02,1.356711064832901684e+03,6.710360214533709495e+02,1.444002904444474780e+02,8.785220469551054521e+02,1.265428678193301494e+03,-6.650922946873400576e+01,1.489340912303497589e+03,5.226660475578545402e+02,3.730203214108767611e+02,1.194870863577469663e+03,5.881376938116213751e+02,8.908324150804911312e+01,1.278877455537395463e+03,5.756423012998114928e+02,3.819546190703139814e+02,7.929078335616405866e+02,1.896008058740366664e+02,5.673088124228599582e+01,1.578768828006845752e+03,3.725856720895948797e+02,2.035291052152488191e+02,3.278936981373408344e+02,2.101001212190275567e+02,1.029932557719075703e+02,1.573029540151945412e+03,-1.211406992436654377e+02,2.892693192299608995e+02,2.015966076748708815e+02,-1.061413491363068218e+01,1.865421098971978608e+02,1.822614760082803514e+03,-1.023339412446477610e+02
-7.167057427988781093e+00,1.256851326152650245e+03,1.322177846552555366e+03,1.805047099811070836e+02,1.199143377178372020e+03,1.079433005360175912e+03,-1.152276153273062107e+02,1.381012475450438387e+03,9.486365247360147350e+02,4.116488817213333391e+02,1.030330059718679422e+03,1.120879114689716289e+03,-2.347583202239429454e+02,1.322134070777663737e+03,6.369871767277938943e+02,2.197169604694130669e+02,9.454868261872983339e+02,1.265726388091894250e+03,-8.925468677730047773e+01,1.481420242610050764e+03,5.000660041151286350e+02,3.681096838524814530e+02,1.230875504620173615e+03,5.807979689021050262e+02,7.746620819794148360e+01,1.283925766147598097e+03,5.718555474627250987e+02,3.883574137496541425e+02,8.193175815825090922e+02,1.820721353650016283e+02,4.560406213318400859e+01,1.581208170483292179e+03,3.706601943192671911e+02,2.243231980973221766e+02,3.484406202575681277e+02,2.215550408198565435e+02,1.018415008500412000e+02,1.571298112824169948e+03,-1.217212640140944444e+02,2.894632231071208253e+02,2.243654441011559868e+02,-6.488188722430770383e+00,1.840153837770985490e+02,1.822168723435765969e+03,-1.047915916482392049e+02
-1.658063135953236511e+01,1.291489672663261899e+03,1.304697588355528296e+03,1.880754678028947922e+02,1.263815623956132868e+03,1.079963246458170033e+03,-1.330413007376811549e+02,1.374779185027957965e+03,9.267741970327651870e+02,4.658530334289008579e+02,1.160797157143183313e+03,1.145800053794825999e+03,-2.308905659136358395e+02,1.294056069158720447e+03,6.122082884642173894e+02,3.098906435041058103e+02,1.035876591604934902e+03,1.278302296168583780e+03,-1.071222376259583342e+02,1.477872427607839199e+03,4.851888614253007859e+02,3.620037555975994792e+02,1.260569778048392891e+03,5.756747467388917130e+02,6.883967933355624780e+01,1.286802794256716652e+03,5.709108976487532345e+02,3.943799236796571677e+02,8.470260451898034262e+02,1.717726994652239227e+02,3.745695583263204753e+01,1.581027114570267713e+03,3.686409742513053516e+02,2.459240805872302360e+02,3.713384273525544472e+02,2.278065275433431509e+02,1.001522108316433304e+02,1.567594699130990875e+03,-1.217450035512043485e+02,2.948609116117897884e+02,2.488815965892350164e+02,-2.883307256556189468e+00,1.809884730083041120e+02,1.819288527036794676e+03,-1.074841633858180074e+02
-2.478095128621345822e+01,1.327247914758841944e+03,1.288918689529554285e+03,1.891853548277672985e+02,1.330633864241174024e+03,1.079541608540275547e+03,-1.437122828479899113e+02,1.367307987538033558e+03,9.120790585329483520e+02,4.934600440209422914e+02,1.297394943089450180e+03,1.161990695169165747e+03,-2.207523591284185613e+02,1.273530627891413815e+03,5.956034658501275771e+02,4.072684897803205786e+02,1.157266544069305610e+03,1.301590106620838469e+03,-1.214411259818984803e+02,1.477489737858116996e+03,4.767096518172297124e+02,3.561313410879070034e+02,1.284035877600569165e+03,5.727893147227330246e+02,6.337184865813596701e+01,1.288398094433731330e+03,5.724691984734126891e+02,3.995080190069012360e+02,8.771440979265291844e+02,1.588576222241256062e+02,3.170165900820574123e+01,1.578588981115642355e+03,3.670652535616706018e+02,2.682584163250697884e+02,3.973166717389054838e+02,2.287698267796252765e+02,9.806037077947225100e+01,1.563054543657064414e+03,-1.210933488922092920e+02,3.054473626534039568e+02,2.753789236252385990e+02,-8.075067715108690258e-01,1.775571066151594550e+02,1.814839322636561064e+03,-1.093471355280733377e+02
-3.193571467269936548e+01,1.364546250940391928e+03,1.274968554073402629e+03,1.848063473375302976e+02,1.396938377312726061e+03,1.077222648526618514e+03,-1.486281552061681737e+02,1.362262919213982741e+03,9.038498855329817161e+02,4.977063469166118352e+02,1.430064871482538365e+03,1.169738237102759967e+03,-2.076623660317085864e+02,1.259755191401849743e+03,5.858179097080964084e+02,4.990593543621781691e+02,1.310993290128491026e+03,1.328325655204253053e+03,-1.334834721134469078e+02,1.478631422091591503e+03,4.732128456510279761e+02,3.516375008161055575e+02,1.301889977939392793e+03,5.719626959904858268e+02,6.075462385242106222e+01,1.289436559988233967e+03,5.759401854570272690e+02,4.034057539039744711e+02,9.100576074933222799e+02,1.442260849544547341e+02,2.773756489983729168e+01,1.574291110306800419e+03,3.663263314799482941e+02,2.910245630156924790e+02,4.264836917116695645e+02,2.250380062959492307e+02,9.583976616525856684e+01,1.559131006775605783e+03,-1.196303147007233889e+02,3.200414158382275218e+02,3.038699440650021870e+02,-1.002054520879339661e+00,1.738815317203261941e+02,1.810133192382056677e+03,-1.096462505469122704e+02
-3.816391338842645098e+01,1.403670023580466250e+03,1.262755079793160348e+03,1.766268448671960698e+02,1.459791348876299708e+03,1.072708274971986611e+03,-1.497439608358391183e+02,1.362520842522352496e+03,9.004785344649642411e+02,4.847132000434930319e+02,1.551174975457974597e+03,1.170638145463964520e+03,-1.947522108200308253e+02,1.251046247302650727e+03,5.814632943474415470e+02,5.699263038069079812e+02,1.490372601074775503e+03,1.346969989003435558e+03,-1.441902508888793761e+02,1.480119295346500394e+03,4.732559416887418138e+02,3.492188482304672448e+02,1.315190241189366816e+03,5.729498629197091759e+02,6.034777838268546901e+01,1.290474113296943869e+03,5.805990797118314504e+02,4.060757898172794285e+02,9.452805622285649179e+02,1.293525148149059021e+02,2.509725803768098729e+01,1.568808217384524596e+03,3.663500627061007435e+02,3.136671509722107203e+02,4.582630918225734717e+02,2.177836640337892504e+02,9.385080010776502490e+01,1.557206927152547223e+03,-1.174782693483285385e+02,3.366905570765554216e+02,3.341031927389921634e+02,-3.748985714317779827e+00,1.702698292550195163e+02,1.806663545015035879e+03,-1.084510737190229435e+02
-4.357185701785940068e+01,1.444685807550236177e+03,1.252077913784413795e+03,1.664604200418341975e+02,1.516717761579782064e+03,1.066257328845711754e+03,-1.490223410277212395e+02,1.369623602110146066e+03,9.000394745981548112e+02,4.608228391318447734e+02,1.657034474009059068e+03,1.165510637537647654e+03,-1.844391721294047670e+02,1.245931081027302298e+03,5.812866408635901507e+02,6.061870347274277719e+02,1.681497358273005375e+03,1.345103928414683651e+03,-1.540408808491786772e+02,1.481763760808858933e+03,4.755402099480435254e+02,3.490695514306098062e+02,1.325325314041294860e+03,5.755424450692966047e+02,6.139743698316675591e+01,1.292034528617913793e+03,5.857539495495833535e+02,4.078792080482095912e+02,9.816485280512034706e+02,1.159248209952122863e+02,2.351076850545706165e+01,1.563277578917147139e+03,3.665942906469870195e+02,3.354318030601215810e+02,4.915474228178773615e+02,2.085558414658508752e+02,9.245049529518539089e+01,1.558101284258814530e+03,-1.151520073608113250e+02,3.533277939119275288e+02,3.656267839278186784e+02,-8.826784891814062561e+00,1.672018215372533234e+02,1.805648416531432986e+03,-1.067024824176440205e+02
-4.825023292672513975e+01,1.487340301626371229e+03,1.242728264799877707e+03,1.557910162563432266e+02,1.566412867887862376e+03,1.058375036440952272e+03,-1.479711065110965933e+02,1.383512413059118444e+03,9.009383614455236966e+02,4.305346895336437001e+02,1.747595391121004241e+03,1.152919114132964523e+03,-1.780699738239341343e+02,1.243795823744619383e+03,5.842866071551520690e+02,6.001060116974546190e+02,1.866455692610014466e+03,1.313481437487450648e+03,-1.631010591581656399e+02,1.484284646802772158e+03,4.791332551791516607e+02,3.509460945376690688e+02,1.333899814872242132e+03,5.796124830870941196e+02,6.325581755538632933e+01,1.294750319372933291e+03,5.909292089719199339e+02,4.093895829590480844e+02,1.017746275103615858e+03,1.054203548609009715e+02,2.288242880293936565e+01,1.559229182565192559e+03,3.663935167503387333e+02,3.555007098439094761e+02,5.249941934321377630e+02,1.990004367284489319e+02,9.189305638437636503e+01,1.561742026639390815e+03,-1.134129271061669471e+02,3.684190661244846865e+02,3.979031366119424433e+02,-1.561611330375317230e+01,1.652296957430352222e+02,1.807604070135222400e+03,-1.057806855456682342e+02
-5.223174546253078177e+01,1.531025222139031030e+03,1.234539965374663097e+03,1.456380850635327135e+02,1.609097765706859718e+03,1.049441733645618115e+03,-1.474154917984219537e+02,1.402666613134837007e+03,9.023526266779078924e+02,3.958738494712133615e+02,1.824704038534119718e+03,1.129266168762648022e+03,-1.758111025313976086e+02,1.244797207497872478e+03,5.897577993276686357e+02,5.524501500041794770e+02,2.027804760730389944e+03,1.249004935791551588e+03,-1.711925713794261696e+02,1.488723155906821603e+03,4.835705338236737134e+02,3.543229260821672142e+02,1.342596845792731074e+03,5.850998592896437458e+02,6.552402286774170648e+01,1.299361135673587114e+03,5.959966469979274279e+02,4.111653735137679746e+02,1.052366050344037149e+03,9.877688222348693614e+01,2.320641045519097290e+01,1.558205829935949168e+03,3.654262771289004377e+02,3.731739913844426155e+02,5.573388995788410512e+02,1.905682882666880857e+02,9.224688193178842255e+01,1.567202921288983816e+03,-1.128897814447214927e+02,3.813355393910077851e+02,4.304102107207970676e+02,-2.329363522874903225e+01,1.647701241906436280e+02,1.812181304453531311e+03,-1.067714944773285595e+02
-5.545179147080652626e+01,1.574857438662904542e+03,1.227381294189259052e+03,1.366900345902212734e+02,1.646331450168689116e+03,1.039446161947502560e+03,-1.475306488874768149e+02,1.424658570166326854e+03,9.042952378633482340e+02,3.571506348762485459e+02,1.889985815178077473e+03,1.090492240418026313e+03,-1.768059365190846961e+02,1.249193579612009671e+03,5.972550684636252072e+02,4.721069947666703683e+02,2.152629146891109940e+03,1.155391122509022125e+03,-1.780925675806300887e+02,1.495702442765204069e+03,4.887192989638737117e+02,3.585780063050087278e+02,1.352983229339645732e+03,5.919542034501398575e+02,6.806907708298084003e+01,1.306524383384094108e+03,6.011764052893747703e+02,4.135715370238338551e+02,1.084799957158832285e+03,9.626311007474454584e+01,2.446615784086784018e+01,1.561222940541031221e+03,3.639770438830762487e+02,3.880451077786404426e+02,5.876171277741387939e+02,1.842864361850907073e+02,9.335659367039458800e+01,1.573100196429879816e+03,-1.136980504918857235e+02,3.923294410022973011e+02,4.626966090134476985e+02,-3.103638432829565375e+01,1.658861437104920356e+02,1.818350370096402003e+03,-1.098381420112619082e+02
-5.775806525730202878e+01,1.617833230674378001e+03,1.221111643151225053e+03,1.294737777128949006e+02,1.680313129985303931e+03,1.027923509925778035e+03,-1.480520768280931065e+02,1.446966190042474636e+03,9.073204813829444220e+02,3.143472585585192860e+02,1.943485172977706725e+03,1.034447460195076701e+03,-1.795546232458765132e+02,1.256599375315917086e+03,6.065134948870231710e+02,3.729110857671980739e+02,2.234752159447362828e+03,1.041472259695108278e+03,-1.836982132719755612e+02,1.504936841434629059e+03,4.944737986012877400e+02,3.631386028232639660e+02,1.366247243353006525e+03,6.000424170642658055e+02,7.092225377001329889e+01,1.316525785684053062e+03,6.068756950863024713e+02,4.167336396377878600e+02,1.114851089255593706e+03,9.756040753710473723e+01,2.656607973910755760e+01,1.568336742361527286e+03,3.627978768971932482e+02,4.001157792923353895e+02,6.152342573879789143e+02,1.806447374498141869e+02,9.487776041763760304e+01,1.578144262192387259e+03,-1.153231132328228483e+02,4.021891649865799536e+02,4.943798635841972100e+02,-3.818113189061684665e+01,1.681846173621112825e+02,1.824817355115222199e+03,-1.140737388653134587e+02
-5.898458527334609158e+01,1.658959415963737683e+03,1.215548617378835843e+03,1.243418844970135950e+02,1.712939300927776003e+03,1.014114407838252532e+03,-1.485339160559236689e+02,1.467743583275401306e+03,9.120600663815039297e+02,2.682119231452375629e+02,1.983596350946381335e+03,9.626445628751329195e+02,-1.824150065161503278e+02,1.265688564463085640e+03,6.173881169654451924e+02,2.691530191232369020e+02,2.274559788070262584e+03,9.182019330328662363e+02,-1.881384641252445817e+02,1.515215171362916863e+03,5.004984961178382150e+02,3.675460017276798226e+02,1.382920283001664984e+03,6.090502605881637237e+02,7.412137726771810264e+01,1.329054958067150665e+03,6.134240727372740594e+02,4.206116394155172316e+02,1.142575559419778983e+03,1.019889254420045717e+02,2.932640711802464395e+01,1.578544884238955774e+03,3.626596244574969887e+02,4.098051983633352506e+02,6.398765026436931294e+02,1.796113846844318402e+02,9.639224076755857595e+01,1.581568590337661135e+03,-1.168707443596669435e+02,4.117884818463720080e+02,5.250818197890160945e+02,-4.431011025395815039e+01,1.709062430359361997e+02,1.830440343517318979e+03,-1.179303469416000496e+02
-5.906043659501641230e+01,1.697307768320001060e+03,1.210481290144034119e+03,1.212552105866096923e+02,1.745020264779907393e+03,9.972878659582481760e+02,-1.485526786840600550e+02,1.486248371779421632e+03,9.188332162238054934e+02,2.205469190251443194e+02,2.008055954913264941e+03,8.804946500524770272e+02,-1.840874356575939430e+02,1.274555097953698350e+03,6.298571252334567134e+02,1.717709971286454618e+02,2.276985144548717017e+03,7.958345737706716818e+02,-1.918357208262224844e+02,1.524817756067669507e+03,5.062200676280513107e+02,3.714493509127973994e+02,1.402702818893466883e+03,6.184355014460111306e+02,7.758550630725359554e+01,1.343194989533625176e+03,6.208433889836280741e+02,4.251134853185077418e+02,1.167910596517572003e+03,1.087756365975765931e+02,3.253508624760677037e+01,1.590078595664632530e+03,3.638977999022878294e+02,4.178412634722067196e+02,6.613270219171821509e+02,1.807589430713963736e+02,9.757146537451507129e+01,1.583253267532635164e+03,-1.175468969497548954e+02,4.217561207652666440e+02,5.543180764064084087e+02,-4.925208950676208275e+01,1.731840071386814941e+02,1.834463125567480574e+03,-1.199762332065991046e+02
-5.809318032574708468e+01,1.732037940107570876e+03,1.205727485870378359e+03,1.195555831849986532e+02,1.776019515521771837e+03,9.771142193559720681e+02,-1.478235413246494829e+02,1.502785335102015097e+03,9.274946121649733186e+02,1.737797611719838073e+02,2.015292952542124567e+03,7.959614434578967348e+02,-1.839441587414094670e+02,1.281499950320097923e+03,6.440739466424395232e+02,8.666971108557892478e+01,2.248905099432759471e+03,6.822933437326818193e+02,-1.955069331842859697e+02,1.532119639458076108e+03,5.111004300075395577e+02,3.745776843561882288e+02,1.424527620904094420e+03,6.274914495290000787e+02,8.108841575414659530e+01,1.357677853331585993e+03,6.287888039267280647e+02,4.301716534502086233e+02,1.190428202144086072e+03,1.172659704683033794e+02,3.601003902794232658e+01,1.600966796299708221e+03,3.662428972333423758e+02,4.250760745465252057e+02,6.793140739715744303e+02,1.834625660157616664e+02,9.831405208024550291e+01,1.583553620776749767e+03,-1.170817575694109962e+02,4.323833851213751132e+02,5.814081973267431067e+02,-5.300462933686804234e+01,1.743501054682829192e+02,1.836542974796766657e+03,-1.195554234787627621e+02
-5.637935821242664503e+01,1.762476541133314413e+03,1.201194266923537043e+03,1.179823378134795462e+02,1.804434486035831469e+03,9.539453407881483145e+02,-1.462519056685128760e+02,1.518253361962934150e+03,9.375320961776516242e+02,1.302855080495298523e+02,2.005437697931767616e+03,7.173242215244466706e+02,-1.821038989031030439e+02,1.285749458025204603e+03,6.603975058532263347e+02,1.537586305498782302e+01,2.197187959418569790e+03,5.828711803967753440e+02,-2.000665520069520653e+02,1.536078916083598870e+03,5.150265848284122967e+02,3.767364136731433177e+02,1.446898552373228767e+03,6.355273990802111257e+02,8.433541944532304058e+01,1.371320805099910103e+03,6.366975123999877724e+02,4.357580653266061290e+02,1.209397625165228192e+03,1.270131419580886103e+02,3.961348716284209104e+01,1.609645334033097924e+03,3.690092532326462447e+02,4.323088071105285053e+02,6.935156330885118905e+02,1.871201924969892616e+02,9.877774387162816083e+01,1.583003620775916488e+03,-1.158533572186274370e+02,4.437367048701957515e+02,6.055009244666542827e+02,-5.560570669900218377e+01,1.741453182249611871e+02,1.836680200753880627e+03,-1.170167335210431361e+02
-5.434433367012283611e+01,1.788274349840172590e+03,1.196892814925545281e+03,1.150392177905921756e+02,1.828601462242181697e+03,9.288827105052624802e+02,-1.439499657761247420e+02,1.533538824841759606e+03,9.483006853002995058e+02,9.190506416686980629e+01,1.980644596244929289e+03,6.510414349195600607e+02,-1.792348284806587344e+02,1.287681801671415087e+03,6.793219057155092742e+02,-4.291451539593379749e+01,2.128002795189907829e+03,5.007299577995148638e+02,-2.063943692730269674e+02,1.536416911782033139e+03,5.185681901213008587e+02,3.778367463784229585e+02,1.468373619601180735e+03,6.420974383577860181e+02,8.708479716015574468e+01,1.383445398220781044e+03,6.440511310809382621e+02,4.418634327745381256e+02,1.224148221625067890e+03,1.377335418735804922e+02,4.320073975306340230e+01,1.615378691081393526e+03,3.714771903697053403e+02,4.401858540168450418e+02,7.037464067806610046e+02,1.913412862704092845e+02,9.927507357731170146e+01,1.582092838651253487e+03,-1.146490047974744186e+02,4.558442913508195034e+02,6.257615955319110981e+02,-5.700227761703845175e+01,1.727501241267484033e+02,1.835160615918503254e+03,-1.134562563742590697e+02
-5.245651517603039338e+01,1.809554958245931175e+03,1.192890908367210841e+03,1.095723554783911453e+02,1.847486511201491339e+03,9.035937650415710323e+02,-1.412198437755583029e+02,1.549017599255005052e+03,9.592455649269376181e+02,5.981076245982692541e+01,1.944778520960515152e+03,6.004994068122978206e+02,-1.761718518950693806e+02,1.288472458052136972e+03,7.012882946682326519e+02,-8.929245145773845138e+01,2.047171017931267443e+03,4.375038084782281658e+02,-2.149950060175389410e+02,1.533486592948907401e+03,5.229333812800933856e+02,3.779289889657338790e+02,1.487943930050219024e+03,6.471711655476105989e+02,8.923561610491688612e+01,1.394063966021070655e+03,6.505956337818898874e+02,4.484810672270907048e+02,1.234519558299885830e+03,1.491795624947635304e+02,4.655482809722427362e+01,1.618347005001165371e+03,3.732080916954910208e+02,4.491854988445755339e+02,7.102150837078652330e+02,1.960580709146710490e+02,1.000856350110488222e+02,1.581215489800090609e+03,-1.142057981614468218e+02,4.688275193011236297e+02,6.416610368983316448e+02,-5.696731472884512471e+01,1.706626765790715297e+02,1.832521467390457474e+03,-1.101860231660157581e+02
-5.115779401851336416e+01,1.826928467705724415e+03,1.189234165354353536e+03,1.012521126647727812e+02,1.861068045601379936e+03,8.799362646584179402e+02,-1.384859050475185995e+02,1.564342810486732560e+03,9.700188333730849308e+02,3.458894319228677006e+01,1.902711330361454429e+03,5.659192333616789483e+02,-1.735139006249083877e+02,1.289421583198190319e+03,7.264574297107446910e+02,-1.241086047451884724e+02,1.960768501771741967e+03,3.935976970508423847e+02,-2.256854954672883480e+02,1.527975109516260318e+03,5.296285229019624694e+02,3.772028950615831491e+02,1.505120254808013669e+03,6.511633017666840715e+02,9.083875361778184754e+01,1.403737073424287018e+03,6.564088130353393353e+02,4.556130510814409718e+02,1.241117421769327166e+03,1.610226587039132937e+02,4.938804952605993748e+01,1.619395839958726810e+03,3.741232069176742243e+02,4.596376358612361628e+02,7.136689492294979118e+02,2.015278608481561378e+02,1.012961198375486447e+02,1.580747184149475288e+03,-1.147862579910667904e+02,4.829197370056462546e+02,6.532166492465790952e+02,-5.510355341086734882e+01,1.685146976903056668e+02,1.829468267709665952e+03,-1.082437572353500883e+02
-5.081370235715224482e+01,1.841320345100511759e+03,1.185891646308893314e+03,9.068044773941740289e+01,1.870194049796139780e+03,8.595156308450548295e+02,-1.361772400417215749e+02,1.578576099522555296e+03,9.804784468543069806e+02,1.633272556531133546e+01,1.859442835123117675e+03,5.451797614751776564e+02,-1.713829387691872910e+02,1.291370309340862377e+03,7.545733509261658583e+02,-1.471381770783484626e+02,1.875149530961172786e+03,3.681889746106838857e+02,-2.375187442273634417e+02,1.520616948877873710e+03,5.399752226471050562e+02,3.759402539377980474e+02,1.519757677797996166e+03,6.547994230972775540e+02,9.204301072895563607e+01,1.413201771085059136e+03,6.618091652691130093e+02,4.632833607512943672e+02,1.245209991870515751e+03,1.728298952729261089e+02,5.143837952814303804e+01,1.619592168695545070e+03,3.743646836551345700e+02,4.717265140990699024e+02,7.152983045749299436e+02,2.082156048990346733e+02,1.027634212899574777e+02,1.581118733677036062e+03,-1.160229031287181698e+02,4.983902710142937735e+02,6.610417332954292533e+02,-5.094755767761168386e+01,1.669054746398866484e+02,1.826697796945367372e+03,-1.081590292812866778e+02
-5.166065380402385188e+01,1.853696218995137770e+03,1.182761230227323722e+03,7.905312883807535229e+01,1.876110666538649866e+03,8.433050018908348875e+02,-1.345988657531940476e+02,1.590607397095585384e+03,9.906184962762001760e+02,4.648417653306934127e+00,1.819157056115759133e+03,5.350268412979436334e+02,-1.694572813225708501e+02,1.294490027235009620e+03,7.850062890850509802e+02,-1.584088848751435705e+02,1.796036992599775203e+03,3.591960329059518813e+02,-2.490875609195669540e+02,1.512022478786608644e+03,5.546836123266358527e+02,3.744349340629433414e+02,1.531845479278467792e+03,6.588581428427248738e+02,9.301985351828957960e+01,1.423003260253135522e+03,6.671806532523003170e+02,4.715274927554023066e+02,1.248307737026500945e+03,1.841567144327034669e+02,5.259502910286281718e+01,1.619802966934164715e+03,3.740989884565284456e+02,4.854665189478068328e+02,7.164120026666955710e+02,2.165781560247495463e+02,1.042141129800122883e+02,1.582772240339475729e+03,-1.171201809698567047e+02,5.154243215572652161e+02,6.661591557032706987e+02,-4.415509081248970347e+01,1.662779366289213954e+02,1.824687689018225683e+03,-1.099850689278575260e+02
-5.374126806514880172e+01,1.864832917711963546e+03,1.179723121618072355e+03,6.755769092957102373e+01,1.879994928040787954e+03,8.314178962268761097e+02,-1.338451163933690964e+02,1.599705978899226466e+03,1.000493702013200846e+03,-1.378774952782569230e+00,1.784323644057761840e+03,5.321474776735303749e+02,-1.672518786174686340e+02,1.298458403206825551e+03,8.169539700168858189e+02,-1.589655590980216289e+02,1.727001234570035194e+03,3.634585888333621710e+02,-2.591447655728306358e+02,1.502629912035080451e+03,5.736296494470255993e+02,3.729120959077762905e+02,1.541481234964719079e+03,6.638784505642734075e+02,9.390509497271455075e+01,1.433326182611810736e+03,6.728048554932674961e+02,4.803455735921413634e+02,1.251634329964706239e+03,1.947031920874286754e+02,5.295011895377228228e+01,1.620467670863019066e+03,3.734230231059653988e+02,5.006782248262210828e+02,7.180221300832597535e+02,2.268157874696073861e+02,1.054071602776410259e+02,1.585982978760676815e+03,-1.173051522895290759e+02,5.340062356153155179e+02,6.696626623659880124e+02,-3.471055621925609813e+01,1.668224341329585059e+02,1.823574379749431955e+03,-1.134513841940817400e+02
-5.685304549045981304e+01,1.875232650716610124e+03,1.176697793531701109e+03,5.683166173892156792e+01,1.882717374241337438e+03,8.230739351859721182e+02,-1.337846996731642264e+02,1.605966220547488774e+03,1.010175810965931419e+03,-3.164728893256857134e+00,1.755079387065776700e+03,5.337977369359203976e+02,-1.644728173976355663e+02,1.302810171976899028e+03,8.496824404854318118e+02,-1.511239956012414609e+02,1.668130508995815035e+03,3.771555361818665233e+02,-2.672372734352807697e+02,1.492732023491675591e+03,5.958796706010907656e+02,3.714760385765761725e+02,1.549036416226722849e+03,6.699448151112511596e+02,9.477236040915826720e+01,1.444053129192419419e+03,6.787622998979954900e+02,4.896421912024191556e+02,1.255733263426704980e+03,2.044404619506831011e+02,5.273893650562023794e+01,1.621602683454535509e+03,3.724094665000660598e+02,5.169921192368673246e+02,7.205234552266819037e+02,2.386918717151642397e+02,1.062586003733507596e+02,1.590647502342702865e+03,-1.162744562811498099e+02,5.538445005437889677e+02,6.723884740880221216e+02,-2.307247892290466140e+01,1.684090840305001393e+02,1.823183786590221189e+03,-1.180914591313627113e+02
-6.055298666939249586e+01,1.885160633459697920e+03,1.173671901982989084e+03,4.676557999770578533e+01,1.884841298765674537e+03,8.167590899631766206e+02,-1.341089479980424244e+02,1.610411743677530012e+03,1.019742574013150715e+03,-2.508926861601133318e+00,1.729220002033104038e+03,5.379168602474330783e+02,-1.612191617739542551e+02,1.307202069745274230e+03,8.826649883278937523e+02,-1.382094511106199093e+02,1.615718326574665298e+03,3.962549538453971536e+02,-2.739675289478681748e+02,1.482528378980798379e+03,6.199018383977913800e+02,3.701041200767762689e+02,1.555304375147750534e+03,6.766488411895941226e+02,9.563554957845960303e+01,1.454924966333295515e+03,6.849257470784025372e+02,4.991991458461376396e+02,1.260376678871150489e+03,2.136340994210656561e+02,5.223517829985478045e+01,1.622949962604597431e+03,3.711963155162331987e+02,5.338827805497240888e+02,7.236152850703391550e+02,2.515162714212863477e+02,1.068681188723231088e+02,1.596194038907011418e+03,-1.143795404366806707e+02,5.743725082907409387e+02,6.747571149880820940e+02,-1.016945756763658437e+01,1.705908521597439744e+02,1.823157959433212000e+03,-1.233101088148374203e+02
