1.599091241141392175e+02,-4.969557361618311297e+00,1.721640358593096835e+03,1.050310559116414737e+02,-1.345875802629872453e+02,1.423843458615673171e+03,1.396491656614396959e+02,2.137541423043493296e+02,1.409156734267359298e+03,1.819900488214401264e+02,-2.392034325070976024e+02,1.144943496669027809e+03,1.896639103394812764e+02,3.113364971555220109e+02,1.097195979245783292e+03,2.783191851075420118e+02,-7.909624956270697282e+01,1.252412571810361896e+03,3.193840740507667988e+02,1.995588497862412680e+02,1.227610905964279254e+03,-1.351388199204714624e+01,-7.192421159668155539e+00,8.747191486736113575e+02,8.513998612405332267e+01,2.589705886831976045e+02,9.675341277752493170e+02,1.383689623653397405e+02,-2.466814958049971196e+01,4.631071836036022660e+02,5.257484374135939333e+02,1.305570218624970096e+02,1.069473187630041139e+03,8.896951692368087805e+00,-4.056916129525980352e+00,-8.344805459341524401e-01,2.715120427052542027e+02,1.727856109909869815e+02,6.726434926226011157e+02,2.891923420545021486e+02,4.620369074656142772e+01,3.069969930347070530e+01,5.116806939995180414e+02,4.880758796074671579e+01,6.217359971240896357e+02
1.612315689410154960e+02,-8.931330845354172876e-01,1.718588884306400814e+03,1.063323105346661066e+02,-1.308014404244810862e+02,1.421055827582835036e+03,1.416743846722279443e+02,2.163243199165059991e+02,1.406290549324791527e+03,1.795969841451068874e+02,-2.339783616377089288e+02,1.141142782190847583e+03,1.914246268038151584e+02,3.155881315884360561e+02,1.095095855697010393e+03,2.759902764735062988e+02,-7.783115087866704584e+01,1.249621358633527052e+03,3.204072836539183982e+02,2.016209201084804761e+02,1.221829642525463441e+03,-1.439714930679964056e+01,-1.457707722438298159e+00,8.727206369628211178e+02,8.497605761627700360e+01,2.643230201602947318e+02,9.643814061799217825e+02,1.389431799710745565e+02,-2.643928075983754056e+01,4.619070548163619492e+02,5.256442524365112376e+02,1.301572277066464665e+02,1.064053347494774698e+03,7.562507967740923931e+00,-2.182140659224282242e+00,-6.743306031817040136e-01,2.647237178761346286e+02,1.822577720027456110e+02,6.710036080538919805e+02,2.904272250167082348e+02,4.775640646197886952e+01,3.111898523776076075e+01,5.063916898329385390e+02,5.930249351875544050e+01,6.161354631671656534e+02
1.629440947034448470e+02,2.677701121984312316e+00,1.715850391255934710e+03,1.076707456019538967e+02,-1.270658347739665430e+02,1.418556657002988686e+03,1.437479770283023868e+02,2.187850768103127450e+02,1.403953150297134698e+03,1.767729302321397427e+02,-2.290641057747625098e+02,1.137628282515300498e+03,1.925986798444590988e+02,3.201827037669281708e+02,1.093164478850357000e+03,2.739980431765840194e+02,-7.644688261184907674e+01,1.246364564485597384e+03,3.214969668285469879e+02,2.039861474368594827e+02,1.216327108504116495e+03,-1.547089909957318454e+01,4.023030223888675039e+00,8.708888953419926793e+02,8.469418111076282685e+01,2.696453343302436565e+02,9.615537610768484456e+02,1.393536848940909749e+02,-2.743356503402559810e+01,4.610481858672004591e+02,5.256016748591850956e+02,1.300198312258350484e+02,1.059165755340225132e+03,6.741377870300033770e+00,-7.340859775246818542e-01,-5.957153551562037741e-01,2.577001752227689053e+02,1.912412725616972295e+02,6.692318024230692117e+02,2.915596453354287974e+02,4.891063891710219025e+01,3.147264409971804966e+01,5.007487192644339302e+02,6.877559146223813968e+01,6.105308849225169752e+02
1.651886019364131926e+02,5.403525540244717540e+00,1.713655687576808987e+03,1.090141149577965933e+02,-1.234847139522133119e+02,1.416546704255143823e+03,1.458564643773115392e+02,2.210188663976360601e+02,1.402495883656954675e+03,1.733825478124358028e+02,-2.248067092912505132e+02,1.134584966916239637e+03,1.929679110802364619e+02,3.252184187553993979e+02,1.091596658424987254e+03,2.727354535232017838e+02,-7.508354759785258636e+01,1.242346055366295104e+03,3.228017272117433549e+02,2.067854069341209993e+02,1.211257302606272333e+03,-1.688619254316463980e+01,9.051198853840354275e+00,8.693605486921272814e+02,8.423351724455206124e+01,2.747725883662758406e+02,9.592686310256048046e+02,1.394775979369426295e+02,-2.727283868550423662e+01,4.607246917004171110e+02,5.256226642765036559e+02,1.302028603603369561e+02,1.054987447409027027e+03,6.711956483386638084e+00,5.061949340970070543e-02,-6.255121871780915388e-01,2.504418418725037156e+02,1.992051176423538550e+02,6.671648280686497401e+02,2.925119513238502122e+02,4.941204923488239587e+01,3.170854874704540194e+01,4.946049954471532146e+02,7.644262963662278310e+01,6.048387366595352432e+02
1.677575107813814554e+02,7.198400411472100302e+00,1.712086720985327929e+03,1.102459994565232506e+02,-1.201954959988068197e+02,1.415099232401634936e+03,1.479101647068950456e+02,2.229261862869232687e+02,1.401990055349055865e+03,1.696805489839089205e+02,-2.215301243826234270e+02,1.132067840616726244e+03,1.927799944341443847e+02,3.304735839656372605e+02,1.090596075977403189e+03,2.725945565595429230e+02,-7.412228584147061383e+01,1.237594300752798290e+03,3.245308190403831645e+02,2.099346128895974175e+02,1.206620774218877159e+03,-1.870387161018295075e+01,1.350388121422785659e+01,8.682147543766304807e+02,8.361197647689641599e+01,2.793743209563124879e+02,9.575648834558653562e+02,1.392594850911658284e+02,-2.611857370266368150e+01,4.609205469170332776e+02,5.256335078718983596e+02,1.305224689700161207e+02,1.051268046716649451e+03,7.407630935365572711e+00,1.953592024916372405e-01,-7.169632986053052770e-01,2.432272001535855566e+02,2.056446427738067939e+02,6.646612765324000520e+02,2.932474713071216570e+02,4.923381018486280425e+01,3.180112359239947750e+01,4.881039104277672322e+02,8.190891416274152448e+01,5.989280329503770872e+02
1.702106502567068276e+02,8.201264423362074396e+00,1.711048933760474938e+03,1.112309863110009758e+02,-1.173062972961120067e+02,1.414166000406233252e+03,1.498143305290878970e+02,2.244637022171635579e+02,1.402242855701317012e+03,1.661264260122303824e+02,-2.193962409092929704e+02,1.130010445135510736e+03,1.925841956881652948e+02,3.355786613833751630e+02,1.090331309268066661e+03,2.738438904152405371e+02,-7.389501265548371123e+01,1.232379910007899070e+03,3.269129117097094763e+02,2.132617683288133037e+02,1.202270238247795305e+03,-2.088740580645468370e+01,1.734069421440139180e+01,8.674561198738297207e+02,8.288003719609139353e+01,2.830886764561944915e+02,9.562956464480705563e+02,1.387195851767607451e+02,-2.446710685532712759e+01,4.614562248001656144e+02,5.255018273831061606e+02,1.306864269408801249e+02,1.047489124235157988e+03,8.471744270178756864e+00,-8.894622276796486371e-02,-7.723491128387962590e-01,2.365163461026959908e+02,2.102001002291995633e+02,6.616087892439898042e+02,2.937634443399069823e+02,4.855030646451278642e+01,3.176215407123000745e+01,4.816476577609918195e+02,8.508633133892736566e+01,5.926883733485219636e+02
1.721271244758102057e+02,8.693360632851575787e+00,1.710300920589467978e+03,1.119065426784364803e+02,-1.148403319521755321e+02,1.413612001353706091e+03,1.515669379948846824e+02,2.256806129094672713e+02,1.402906691011140083e+03,1.630927622724424282e+02,-2.182977695499741628e+02,1.128250582463744422e+03,1.929276590887181442e+02,3.402564437581244192e+02,1.090866225988852420e+03,2.765035422770966989e+02,-7.437290790899763238e+01,1.226995510849263155e+03,3.301284274878026963e+02,2.166648486861367360e+02,1.197978398523177020e+03,-2.333623195914707438e+01,2.061764793279894548e+01,8.670267586281213426e+02,8.205861511762940097e+01,2.857441028390001634e+02,9.552006623482702707e+02,1.379422109312066027e+02,-2.279344155255326498e+01,4.621032433700881938e+02,5.250863971403962296e+02,1.304887002270259018e+02,1.043142111734086484e+03,9.430923679624257261e+00,-5.418231845721105389e-01,-7.006030195282402229e-01,2.307709150314802571e+02,2.127782268982559515e+02,6.579095361947507854e+02,2.940612128163486432e+02,4.763755738176218557e+01,3.163719588415318640e+01,4.757745775360982634e+02,8.604480692868173719e+01,5.860994870012525553e+02
1.733436374081930182e+02,9.031274530491911534e+00,1.709535000587636659e+03,1.123409028378295318e+02,-1.127252485974150744e+02,1.413251503782965756e+03,1.533145106836635705e+02,2.267288389505098394e+02,1.403620725118014434e+03,1.606865242581783662e+02,-2.178673743728309944e+02,1.126540820691157023e+03,1.941210590269948000e+02,3.444501922112330021e+02,1.092099821674158648e+03,2.803254017108394009e+02,-7.511041307745293238e+01,1.221523169041151277e+03,3.342565103798785344e+02,2.201675375469424694e+02,1.193533139380401508e+03,-2.594830990606877563e+01,2.351621456827346890e+01,8.668462014355914107e+02,8.111197605401395094e+01,2.875293020150799634e+02,9.540334812544579108e+02,1.370486436713876515e+02,-2.130362340301613955e+01,4.626969455972156879e+02,5.242933733073891744e+02,1.299121585317863889e+02,1.037939383063522882e+03,9.891323582454409902e+00,-9.580785027995377678e-01,-4.756274472702741729e-01,2.263041019556717117e+02,2.135802896260355510e+02,6.534535640932102751e+02,2.941146227946466638e+02,4.676399201870388822e+01,3.148409369861479590e+01,4.710018383101053132e+02,8.493104174876964407e+01,5.792472691041882626e+02
1.740512500380389440e+02,9.614747019752078572e+00,1.708479933638394414e+03,1.127259798768807428e+02,-1.108139740872531860e+02,1.412877776807450800e+03,1.553257837437742808e+02,2.278324912723088573e+02,1.404125094369500175e+03,1.587858264237334538e+02,-2.175867853439580699e+02,1.124556433807591702e+03,1.961950776637845877e+02,3.482873902468902543e+02,1.093761582496594201e+03,2.849208014513571925e+02,-7.549887859822530345e+01,1.215726742862506399e+03,3.392723925837249794e+02,2.238472506489880800e+02,1.188804163362626923e+03,-2.867915416229311987e+01,2.635611484854764441e+01,8.668531009502111147e+02,7.997258052515661575e+01,2.889910699675588148e+02,9.526833323405890042e+02,1.361571668179310279e+02,-1.992593214853271633e+01,4.631944401096674255e+02,5.231086191454520531e+02,1.290661396521998654e+02,1.031867254923938845e+03,9.672310085667902513e+00,-1.213811283483660963e+00,-1.564371232944133661e-01,2.232271062726769344e+02,2.129848072650932806e+02,6.481070363236099183e+02,2.938663149380320760e+02,4.612369465910826705e+01,3.134505900654715305e+01,4.676788770515723286e+02,8.196201981268676207e+01,5.722765985297075986e+02
1.747067510486148194e+02,1.085053557730437568e+01,1.706990389524665034e+03,1.133126788163577316e+02,-1.089081025368964788e+02,1.412297469563367031e+03,1.578903125677103958e+02,2.292192467942673488e+02,1.404316215909216226e+03,1.572184669555103085e+02,-2.169228742836936306e+02,1.121949297882332985e+03,1.990205911631480831e+02,3.519587251587990409e+02,1.095488183327227489e+03,2.899632956869247664e+02,-7.513386481227885838e+01,1.209138927787303373e+03,3.451000467667061002e+02,2.277180345126229213e+02,1.183741014891145824e+03,-3.156085456173149240e+01,2.954387277785678378e+01,8.670175925945844710e+02,7.859261174083779622e+01,2.908387308374522604e+02,9.512266096681083809e+02,1.353365838608854972e+02,-1.847411021953946175e+01,4.636610463253161925e+02,5.215901076834967398e+02,1.280191151563929850e+02,1.025107923965542795e+03,8.834817454879338783e+00,-1.235765856629001958e+00,1.462096865832383519e-01,2.214890003594566679e+02,2.113376006747976703e+02,6.417336874089621688e+02,2.932625185456503232e+02,4.582267592092047437e+01,3.123077492072957639e+01,4.658889079794939789e+02,7.741015861914840457e+01,5.653137103546058597e+02
1.758121879884097893e+02,1.306353775877656886e+01,1.705093358949186722e+03,1.143200112219201543e+02,-1.067881489197041844e+02,1.411374910296877488e+03,1.611881809129247074e+02,2.310332846087851237e+02,1.404240493964663301e+03,1.559149182775231282e+02,-2.154428229168902078e+02,1.118469059691443590e+03,2.024700319891110496e+02,3.556253415184674509e+02,1.096960414011532066e+03,2.953277104348464945e+02,-7.403413854184231013e+01,1.201289836337387896e+03,3.516839146191373402e+02,2.316763609426537585e+02,1.178309181543327213e+03,-3.466775745523526808e+01,3.344225328204932168e+01,8.673147579214681855e+02,7.697928509642105155e+01,2.936506483432712571e+02,9.498764327032225765e+02,1.345744280923782981e+02,-1.681535429916249669e+01,4.642021646741214909e+02,5.198279481635767070e+02,1.266729754063098738e+02,1.017909143234460998e+03,7.610876680110441050e+00,-9.681908631155619060e-01,3.359686822008625673e-01,2.209659348892426749e+02,2.087850425528295375e+02,6.342399502453747573e+02,2.923045509210277260e+02,4.589004858447781032e+01,3.112625891402950273e+01,4.654340089141859949e+02,7.153090070679007795e+01,5.584023948037915943e+02
1.776800988357984465e+02,1.635477993689448439e+01,1.702973982985317662e+03,1.158556060661150440e+02,-1.042837232258118689e+02,1.410070871316210514e+03,1.651937637548005284e+02,2.332596214963760417e+02,1.404041716272910207e+03,1.549162070824112618e+02,-2.129104191241958972e+02,1.114096923671908144e+03,2.065064457898071453e+02,3.594021792112181402e+02,1.098035248813022690e+03,3.010691260082461440e+02,-7.259402157587476268e+01,1.191926975674848791e+03,3.590241550270528705e+02,2.355512141507519175e+02,1.172419735241487388e+03,-3.805237189418209454e+01,3.820637766752968645e+01,8.676829226190461668e+02,7.518777613542279425e+01,2.976344754081974315e+02,9.488563360000634930e+02,1.337895634827277149e+02,-1.492732930100303612e+01,4.648805737574041927e+02,5.178967218077455072e+02,1.247946446100245055e+02,1.010467565158138541e+03,6.280731583945026841e+00,-3.764623116530306235e-01,3.881371732807630259e-01,2.215534196142451719e+02,2.052655012701026180e+02,6.256152754875316759e+02,2.910796774607264297e+02,4.627977956106020940e+01,3.101219337357336769e+01,4.659251556982256943e+02,6.447806674355545908e+01,5.514861405413537341e+02
1.803032908374380838e+02,2.047663433737414351e+01,1.700901909855460872e+03,1.178778078162014253e+02,-1.013867912373315789e+02,1.408450958419402696e+03,1.696649984937703834e+02,2.356918532074192854e+02,1.403886554218060610e+03,1.542516760272688146e+02,-2.093688197638968518e+02,1.109088911336500814e+03,2.111692067334172691e+02,3.633762661012931972e+02,1.098800439093763316e+03,3.072658113803776700e+02,-7.135291546983138744e+01,1.181086439620215970e+03,3.671460450114701644e+02,2.392028809830436842e+02,1.165920599871203649e+03,-4.169801941436442405e+01,4.367424342517177394e+01,8.680089528107632759e+02,7.328037746088723736e+01,3.025561935525353192e+02,9.482727172628980270e+02,1.328985987023448274e+02,-1.285345550413235571e+01,4.656669158833537949e+02,5.158244908862501461e+02,1.221963733302638531e+02,1.002861925932989379e+03,5.061007157105331444e+00,5.150840786012365058e-01,3.653149959811620717e-01,2.232332878532643576e+02,2.006582769969125195e+02,6.159451437871625785e+02,2.897488705946908567e+02,4.685921862674445748e+01,3.088639191810044693e+01,4.669622120818640951e+02,5.629459683061303110e+01,5.444482978878942276e+02
1.833867573607912220e+02,2.483010738339832457e+01,1.699120428825469617e+03,1.202130709025213946e+02,-9.833927373221786183e+01,1.406650711822317589e+03,1.742313577072031308e+02,2.379700754540496348e+02,1.403894487504696144e+03,1.538106429838105669e+02,-2.051724822261413976e+02,1.103865406698749212e+03,2.165079520131151014e+02,3.675886205287605435e+02,1.099518201445019486e+03,3.138506813694384050e+02,-7.076117758731862750e+01,1.168989767197396304e+03,3.760312347877198249e+02,2.425755215066561732e+02,1.158673418431639220e+03,-4.552425693192689948e+01,4.939025593660323210e+01,8.681657970801766169e+02,7.128432456130049388e+01,3.078594646295737220e+02,9.480629908981624112e+02,1.319033520950682146e+02,-1.064261187852876489e+01,4.664545483586161367e+02,5.135863260827376280e+02,1.189402056033667350e+02,9.950493205534264689e+02,4.051642760570506319e+00,1.588946166343090383e+00,3.881288143269138735e-01,2.261023328395922078e+02,1.949773661063273664e+02,6.053930674000382623e+02,2.884994321573217348e+02,4.741734056793050911e+01,3.077298848582321611e+01,4.683420530126851418e+02,4.701688758341045116e+01,5.371967348335055021e+02
1.865102780417110466e+02,2.864396877926590079e+01,1.697736746395645014e+03,1.226221366544503013e+02,-9.559419576234520832e+01,1.404806441293020953e+03,1.785436669145378801e+02,2.396971267389393745e+02,1.404092203837421721e+03,1.533338428630753469e+02,-2.009100964704481100e+02,1.098792035803483941e+03,2.225415398351926228e+02,3.719614980955892065e+02,1.100487342187493368e+03,3.205564914298317376e+02,-7.107054129428929912e+01,1.155865772207769623e+03,3.855785547302107261e+02,2.456625532600377824e+02,1.150664415814175072e+03,-4.944255276319951520e+01,5.477863916867614336e+01,8.680821572593119981e+02,6.917615043000787978e+01,3.129090480902082163e+02,9.480434585160896859e+02,1.309389658812953314e+02,-8.336553854966645360e+00,4.671293362700124590e+02,5.111102173933045947e+02,1.154221342446198832e+02,9.869138698531909313e+02,3.248609572290884095e+00,2.644022837716994978e+00,5.828906708567045403e-01,2.303560261167950500e+02,1.884750302024162352e+02,5.941581452749356913e+02,2.874905304289555943e+02,4.772642813941413209e+01,3.071591260742906826e+01,4.702017499016360489e+02,3.683476190382349813e+01,5.297488892796551454e+02
1.893254649972800507e+02,3.128475576114909984e+01,1.696657453717838052e+03,1.248906674226885372e+02,-9.361617622070092182e+01,1.402978597169547811e+03,1.824134634948791813e+02,2.406044741344603608e+02,1.404400907366542697e+03,1.525517024394241048e+02,-1.972086169520634655e+02,1.093984569596997744e+03,2.292789522094838048e+02,3.762354993631599882e+02,1.101897981665528732e+03,3.270064568480843832e+02,-7.235988216473016621e+01,1.141829021236792869e+03,3.956455856131969426e+02,2.484351544431258674e+02,1.142053815699947791e+03,-5.342108966772644152e+01,5.939964380515478837e+01,8.677873615843917605e+02,6.689590218008977729e+01,3.172496795425642517e+02,9.480110443710282198e+02,1.302385588888652990e+02,-5.993289320507123819e+00,4.676443243602763573e+02,5.082767899068449537e+02,1.122698393128505359e+02,9.783321516436196816e+02,2.592343272846600488e+00,3.458979489805911633e+00,1.033278334066598747e+00,2.362290950607359150e+02,1.815881821012750947e+02,5.824145839512246994e+02,2.868169284456001833e+02,4.764698517930216326e+01,3.076137544530530121e+01,4.730150936575340666e+02,2.618077084747558558e+01,5.222581772529937325e+02
1.916869377078700438e+02,3.254634958151218882e+01,1.695602303528339235e+03,1.269104387813704165e+02,-9.261388889151153592e+01,1.401099622523537164e+03,1.858728980152893655e+02,2.406979013354630013e+02,1.404653714405736309e+03,1.513794847153344278e+02,-1.944946043879627098e+02,1.089259740721927074e+03,2.367752060153482887e+02,3.800089243024485199e+02,1.103751699882503544e+03,3.328763139047192112e+02,-7.462064043257792889e+01,1.126870334481108330e+03,4.061572827880162322e+02,2.508221724454621153e+02,1.133104663462330564e+03,-5.750966123197986235e+01,6.316610818737529343e+01,8.673826817887540983e+02,6.437359322331967348e+01,3.207803096800604408e+02,9.478224708488453416e+02,1.300234704856018766e+02,-3.690665242141931035e+00,4.680427497104095096e+02,5.049098103463149414e+02,1.101010758416504842e+02,9.692156713987548073e+02,2.013978365140822735e+00,3.882728569271622021e+00,1.752041082101318370e+00,2.439153340914367618e+02,1.747594830690062224e+02,5.702465416521600901e+02,2.864991794002067422e+02,4.721647155160147236e+01,3.093906685020016667e+01,4.774260343315414161e+02,1.563924715600989934e+01,5.149528720289663397e+02
1.936701859199311286e+02,3.275823787551171762e+01,1.694196961036783932e+03,1.287199771975007252e+02,-9.237670736424217921e+01,1.398967596003395329e+03,1.891313048119606890e+02,2.402994226837331837e+02,1.404632898648901119e+03,1.500323254634768091e+02,-1.928375208609434139e+02,1.084250840180359091e+03,2.451651184582950975e+02,3.829066851721915441e+02,1.105878459255423422e+03,3.380160879796869722e+02,-7.781375256965371534e+01,1.110912266168304768e+03,4.172074918556041325e+02,2.527799882018655069e+02,1.124028216481914569e+03,-6.180638029189010041e+01,6.640960539032285226e+01,8.669428704204842688e+02,6.154794922497823251e+01,3.237879424758500591e+02,9.474043087562473602e+02,1.303811948582078344e+02,-1.480567956900744830e+00,4.684109095025925171e+02,5.007798682827858556e+02,1.092703510172234473e+02,9.595178104417180975e+02,1.460273927925815673e+00,3.907254536270730494e+00,2.675380802718339002e+00,2.535109200488339809e+02,1.682365222064475745e+02,5.576108177306449534e+02,2.864943606289435252e+02,4.665625162952915872e+01,3.125208399261222070e+01,4.839958490435889757e+02,5.675862523763763434e+00,5.080277629048574681e+02
1.954967082367689386e+02,3.264690904621503620e+01,1.692102996419357396e+03,1.304881897267668194e+02,-9.234202333012983388e+01,1.396287038444685550e+03,1.924635238079296187e+02,2.399404561839375845e+02,1.404113825489659803e+03,1.489733018280288945e+02,-1.919634138677853912e+02,1.078597655118397824e+03,2.546441748579439093e+02,3.847952727080393061e+02,1.108029714100507817e+03,3.424627401105864237e+02,-8.185848334427889483e+01,1.093851368828491786e+03,4.290740811058738586e+02,2.544016258992013206e+02,1.114856854735586239e+03,-6.639272615541908351e+01,6.975977621750840285e+01,8.664089512679697691e+02,5.837032415074963865e+01,3.268422603978153234e+02,9.467071187981840694e+02,1.312083213115919875e+02,6.722909891294869267e-01,4.687970319375396002e+02,4.956508057765563535e+02,1.097430111309455754e+02,9.492256743651686293e+02,8.998361486578703161e-01,3.684038068305073743e+00,3.676263608304968233e+00,2.650202600066891705e+02,1.619662805731633171e+02,5.443661261542066541e+02,2.867180391744076928e+02,4.627685449690731900e+01,3.167957958607402347e+01,4.929974672922340346e+02,-3.667162429619919894e+00,5.015781197492856904e+02
1.974231974454471583e+02,3.302204595294591627e+01,1.689119908265994809e+03,1.324455225943441121e+02,-9.187132133672348289e+01,1.392741775377662179e+03,1.960960199884953283e+02,2.401422408871256380e+02,1.402903314733061961e+03,1.487129124669972100e+02,-1.914268723982660561e+02,1.072089566747552908e+03,2.654137516725749606e+02,3.858997869790163122e+02,1.109992504714368806e+03,3.463526000258776776e+02,-8.658064360944190696e+01,1.075564125400490411e+03,4.421211733984704892e+02,2.559667928243334529e+02,1.105438107894762652e+03,-7.128482692127968789e+01,7.389367471532742115e+01,8.655496947697523638e+02,5.480106908436007274e+01,3.305988390690479832e+02,9.456568696215470027e+02,1.322606162791351778e+02,2.899108431424294086e+00,4.691602744480925367e+02,4.893697587783866538e+02,1.111723025427864684e+02,9.383616003445699789e+02,3.214507539497700739e-01,3.467975332621691997e+00,4.593119161162406705e+00,2.784182146575893739e+02,1.556516209934316919e+02,5.303754237601774548e+02,2.870707914331904362e+02,4.632484782449966332e+01,3.218717716327475387e+01,5.043561924726341772e+02,-1.289393449996640406e+01,4.956360979178706998e+02
1.996435610883279139e+02,3.444955749432961767e+01,1.685209836233985925e+03,1.347879339695797967e+02,-9.057075480632471454e+01,1.388076742481069459e+03,2.001412372215715436e+02,2.411932499917570283e+02,1.400863805473509728e+03,1.495686910636424898e+02,-1.908360332164112094e+02,1.064696924709758832e+03,2.776254486366829042e+02,3.867293709497538998e+02,1.111665492061947361e+03,3.498018280242435480e+02,-9.168680328043879513e+01,1.055918076475750013e+03,4.566303098735447179e+02,2.578716481112689394e+02,1.095550358270977313e+03,-7.643026684437022311e+01,7.927123311151872542e+01,8.640289069864575140e+02,5.081036509575825733e+01,3.355810429056462567e+02,9.441492982437536057e+02,1.332875709207214641e+02,5.348137049773239227e+00,4.693919693854212483e+02,4.819546265422641227e+02,1.131410620163274814e+02,9.269932830674570141e+02,-2.680170679608769868e-01,3.504386261076127607e+00,5.270743702473681402e+00,2.937086733919006178e+02,1.489398351764095878e+02,5.156325662453510859e+02,2.874637532494196535e+02,4.685168465392016657e+01,3.273650256861957075e+01,5.177316082120051988e+02,-2.286199782661902447e+01,4.902764996749298803e+02
2.022267589004910917e+02,3.706464463546205224e+01,1.680442066489140643e+03,1.375932815468034676e+02,-8.846425801798068278e+01,1.382162022360015271e+03,2.045894577458261097e+02,2.430431307828405352e+02,1.397920539401320184e+03,1.515169573563893550e+02,-1.900066365110402558e+02,1.056507720921356622e+03,2.913377752619061312e+02,3.878441856840681794e+02,1.113063626735062144e+03,3.528331418887456721e+02,-9.681475610920286101e+01,1.034825117657068404e+03,4.726419607499549898e+02,2.604676293289942350e+02,1.085054160680198038e+03,-8.174054391586950885e+01,8.596853151230443757e+01,8.615449617995135441e+02,4.638805746180199208e+01,3.420084779380983946e+02,9.420893321268365526e+02,1.341757722055142494e+02,8.057019997995469751e+00,4.693940501894686008e+02,4.736128898022815292e+02,1.154258089260434303e+02,9.152272716261020378e+02,-8.452121424250672588e-01,3.906428972639313546e+00,5.604844810869699323e+00,3.109134136159897821e+02,1.416216492267752756e+02,5.003357798042491140e+02,2.878367185116692895e+02,4.767476621944941684e+01,3.328959270145873717e+01,5.326512613061496495e+02,-3.434670333099928996e+01,4.856885760389263282e+02
2.050975850207352664e+02,4.058576959421096575e+01,1.674900956628738186e+03,1.407893339806142308e+02,-8.593228188983006532e+01,1.375013831244207267e+03,2.093365691294151816e+02,2.453636262133253751e+02,1.394055680122656213e+03,1.542155202174051851e+02,-1.889821995783326827e+02,1.047631229205600221e+03,3.064757104524344413e+02,3.895993824817292079e+02,1.114259239039296290e+03,3.553835681151163044e+02,-1.016485773053469757e+02,1.012308754400084467e+03,4.898828184839510413e+02,2.639071007694403193e+02,1.073980325331773429e+03,-8.712510158942230021e+01,9.366324741679959232e+01,8.579591130198855353e+02,4.155489471561551795e+01,3.497223776681643130e+02,9.394366872021903418e+02,1.350193641664216671e+02,1.086755917265831783e+01,4.691517810007377989e+02,4.646633355405532484e+02,1.181191975214248373e+02,9.031655569609292797e+02,-1.375043480567189169e+00,4.585845322081158137e+00,5.573416889287922338e+00,3.299861955674068099e+02,1.337021390308990476e+02,4.848595047213502767e+02,2.881637836842813840e+02,4.845314956311002419e+01,3.381004878783686962e+01,5.486113985714519004e+02,-4.762194847547039700e+01,4.821347943963063472e+02
2.080623375054445603e+02,4.448338355285585521e+01,1.668618064360915696e+03,1.441910740962163686e+02,-8.348028452030361279e+01,1.366761738135257019e+03,2.142216902460952213e+02,2.477254983559668631e+02,1.389296945184713650e+03,1.571802304220003634e+02,-1.879395313307003050e+02,1.038123591745423028e+03,3.227904325296368029e+02,3.920043143684819142e+02,1.115302698180265907e+03,3.573609625367930676e+02,-1.060247670808528824e+02,9.885148446276926961e+02,5.078117969508436431e+02,2.680891538270495857e+02,1.062516090392607566e+03,-9.250105249547696928e+01,1.017583034427566560e+02,8.533383343812018893e+02,3.636323752151342603e+01,3.582326974657751748e+02,9.362147807362695175e+02,1.360807827482871630e+02,1.345994195981425534e+01,4.687408626005521342e+02,4.554040211727108272e+02,1.215343058660050843e+02,8.908369548606679018e+02,-1.822167793683091563e+00,5.283638201969689696e+00,5.238733631525144929e+00,3.507208567205406666e+02,1.252955906721069681e+02,4.696427140181634741e+02,2.884471231960717432e+02,4.884259141935411463e+01,3.426416140200008442e+01,5.651265817418352526e+02,-6.232536503484351442e+01,4.798160875031775845e+02
2.108735094257672245e+02,4.820244724164961525e+01,1.661567291030419483e+03,1.475888987463860644e+02,-8.148587607419959511e+01,1.357579191142235004e+03,2.190608978530592594e+02,2.497792726237998693e+02,1.383706449881965455e+03,1.600157831038678182e+02,-1.870404299374856123e+02,1.027959407279975721e+03,3.398412463819522600e+02,3.947506485200825068e+02,1.116177581252385380e+03,3.586821878393366774e+02,-1.099465769579734484e+02,9.636346023841637134e+02,5.257620121940331046e+02,2.727322591574841795e+02,1.050928127207890157e+03,-9.778016439470006560e+01,1.095875306444460477e+02,8.478997946514232353e+02,3.088415087075015819e+01,3.668772742513431808e+02,9.324752713334030432e+02,1.376707560432175512e+02,1.550796890739994005e+01,4.682634252218648498e+02,4.460126283979354866e+02,1.259583962544715945e+02,8.781482952141241185e+02,-2.166621609477562327e+00,5.698877179387547010e+00,4.719252171834251719e+00,3.727325633024917693e+02,1.164379677740056991e+02,4.550626514159456519e+02,2.887053866587096422e+02,4.865525980741090706e+01,3.462313987294393769e+01,5.817575346800397256e+02,-7.768418384546947664e+01,4.787456299169209046e+02
2.133146799655069685e+02,5.134968533144981251e+01,1.653716150710346938e+03,1.508406487489017707e+02,-8.004978950945151439e+01,1.347617279049522949e+03,2.236761570850709688e+02,2.513463316341749589e+02,1.377371158302606091e+03,1.625781133014825457e+02,-1.862877460259426812e+02,1.017047897755823783e+03,3.570313150413922472e+02,3.973647944307463149e+02,1.116824545709743006e+03,3.592552657104341733e+02,-1.134843626344564456e+02,9.377931588263779759e+02,5.431152216464636240e+02,2.775227684018732361e+02,1.039494302268784395e+03,-1.028556912582121043e+02,1.166352598365094337e+02,8.419080721279856334e+02,2.519066470140579028e+01,3.750414140553419884e+02,9.282525302268342102e+02,1.400197368369758237e+02,1.687051695219203751e+01,4.677676739252019615e+02,4.365381462445083116e+02,1.314239911883431660e+02,8.649050477573106264e+02,-2.412944285044532400e+00,5.655673458695711808e+00,4.149640837315007325e+00,3.955284056140131952e+02,1.069856878950147205e+02,4.413598357479872334e+02,2.889650119453825710e+02,4.794647764973944959e+01,3.486651906999058781e+01,5.981393475880544202e+02,-9.293023534999544211e+01,4.787284607891189694e+02
2.152774699454621441e+02,5.379967816002562842e+01,1.645087458343194157e+03,1.539200347641379665e+02,-7.898955378784286552e+01,1.336977070285306581e+03,2.279239150912580669e+02,2.524032402378898041e+02,1.370394168613959664e+03,1.649912425838262209e+02,-1.854361215423975011e+02,1.005279987932044719e+03,3.737086177149710124e+02,3.993920307398979617e+02,1.117219690478653092e+03,3.589300960853602760e+02,-1.166291533601381047e+02,9.109977568554945719e+02,5.594387791958487242e+02,2.822491315866408286e+02,1.028484171782181420e+03,-1.076111123437999595e+02,1.227026294338612047e+02,8.355922298567169264e+02,1.934914177584357731e+01,3.823538914623070468e+02,9.235516144379389516e+02,1.432070481539954585e+02,1.769874049433325780e+01,4.672187884755345522e+02,4.269705428048956151e+02,1.376510881412066567e+02,8.509134921233796831e+02,-2.581511996326570024e+00,5.215742662102304195e+00,3.651163307714877959e+00,4.186136951044440480e+02,9.670869911266193242e+01,4.286315284529240444e+02,2.892590860600555516e+02,4.698657489894853967e+01,3.498710794460865969e+01,6.140045521653009928e+02,-1.076166657832760194e+02,4.794605320842293281e+02
2.168029235527045557e+02,5.570820713654007506e+01,1.635780659747328173e+03,1.569023704629604197e+02,-7.793925132233481179e+01,1.325723626904841922e+03,2.317241784218550151e+02,2.530138985424651139e+02,1.362886716379471409e+03,1.675241991137361595e+02,-1.840092582332873690e+02,9.925866750787037063e+02,3.893083646215469003e+02,4.005330813129680791e+02,1.117444781096908173e+03,3.574748881674906897e+02,-1.192087231942497993e+02,8.831944571170151903e+02,5.745423435983888112e+02,2.868500945362647485e+02,1.018167222018993584e+03,-1.119533637260401235e+02,1.279612352131576216e+02,8.291121232211598908e+02,1.341941750429942104e+01,3.887791945436345600e+02,9.183792091427505966e+02,1.471684299227805184e+02,1.838304043967421464e+01,4.665425881073356322e+02,4.173233583356306440e+02,1.442004830001011157e+02,8.361164095395356526e+02,-2.682724013463460455e+00,4.662972685245236448e+00,3.320483220742458386e+00,4.415661821811320920e+02,8.554070225945700656e+01,4.168601764692521101e+02,2.896311481687844775e+02,4.613254462062258909e+01,3.499647973420865554e+01,6.291890270538315235e+02,-1.216367752668586064e+02,4.806676552573258618e+02
2.180694189421743658e+02,5.743718725786494161e+01,1.625936069917958548e+03,1.599046142699754398e+02,-7.649184363930211816e+01,1.313913887523601716e+03,2.350809845464975467e+02,2.532798962405087764e+02,1.354962838545922523e+03,1.704037925356331868e+02,-1.814557549039818412e+02,9.789871353342607563e+02,4.034864281289709425e+02,4.006996906019241464e+02,1.117680903999864086e+03,3.546120900812694572e+02,-1.209301008574027065e+02,8.543972462846561484e+02,5.884526155330602251e+02,2.913638893568317485e+02,1.008799740589581006e+03,-1.158494200671903798e+02,1.328634948947625389e+02,8.225549610767927788e+02,7.453400691910401221e+00,3.945743628437981556e+02,9.127811431531163180e+02,1.517540780767702415e+02,1.936193069148501067e+01,4.657000618777248633e+02,4.076731834824150837e+02,1.507459070480294372e+02,8.206762632609081720e+02,-2.691002180266475197e+00,4.353736557001124829e+00,3.228115252570532778e+00,4.640473896415163040e+02,7.383776278820953110e+01,4.059291012219011350e+02,2.901356516097835652e+02,4.566099325911804385e+01,3.492667566820931313e+01,6.436206248650205453e+02,-1.349550711871194437e+02,4.821716339455082903e+02
2.193260801893885059e+02,5.940951633878513150e+01,1.615673897611586654e+03,1.630166595758149128e+02,-7.433207966685293400e+01,1.301610575099964763e+03,2.380783190491482628e+02,2.533381194395745410e+02,1.346740220614785130e+03,1.736598725164573978e+02,-1.774099737067845410e+02,9.646115960007361991e+02,4.161881813761855256e+02,4.000005574482040061e+02,1.118112360107950053e+03,3.500971192884034053e+02,-1.215198295087708260e+02,8.248083014051078408e+02,6.013355855905020917e+02,2.958280943878597782e+02,1.000573988816322299e+03,-1.193352734181061408e+02,1.379353800119694426e+02,8.159305639725020001e+02,1.485169512851163054e+00,4.001454356034462876e+02,9.068383598225427704e+02,1.567914196769848729e+02,2.090025274365632413e+01,4.647262636372021234e+02,3.981506981828156313e+02,1.573039227189395604e+02,8.049393495585439950e+02,-2.541200100220870617e+00,4.507250035799225785e+00,3.414247437590252066e+00,4.857607626460729762e+02,6.249127807373017873e+01,3.956067833654152537e+02,2.908278447877484609e+02,4.563777764433660877e+01,3.482284037509451480e+01,6.572932983782285419e+02,-1.472435303710421977e+02,4.838205464422194382e+02
2.207921745170846748e+02,6.193785661496208661e+01,1.605061887881917528e+03,1.662560737136424223e+02,-7.132764694220962554e+01,1.288881044694756383e+03,2.408422024614825432e+02,2.533810289746366209e+02,1.338347766224685756e+03,1.770681128968571443e+02,-1.719416625710087771e+02,9.496964138502340802e+02,4.276158991459532785e+02,3.986935359757208062e+02,1.118805309172575335e+03,3.437909565526189795e+02,-1.208736741807536106e+02,7.948715659699612388e+02,6.134050893933513180e+02,3.002123495932005994e+02,9.935697290973134841e+02,-1.224812777863280786e+02,1.435373020977141607e+02,8.091603952721308133e+02,-4.480046227401319747e+00,4.058799009855583790e+02,9.006098626562364871e+02,1.621243489265996800e+02,2.296009278310337010e+01,4.637007669436629840e+02,3.889180530965255116e+02,1.642865279075798810e+02,7.892858245781033020e+02,-2.158603119550128735e+00,5.055044241515833647e+00,3.879327348714295631e+00,5.063816831413267323e+02,5.282373520287017499e+01,3.855291853018615598e+02,2.917427132863065253e+02,4.587864049364998920e+01,3.472643922465988453e+01,6.702175693164170980e+02,-1.576652898933207609e+02,4.853201370640808818e+02
2.225617616753750667e+02,6.509822313591008935e+01,1.594138900922956054e+03,1.695583411656330668e+02,-6.755618514416238440e+01,1.275800971166577256e+03,2.434795328813541744e+02,2.536567948196950795e+02,1.329930894183924693e+03,1.801984470111584926e+02,-1.656428033098002857e+02,9.345561225696698102e+02,4.380980380109983798e+02,3.971385647378241970e+02,1.119655189272491043e+03,3.356847033102513933e+02,-1.191393177583739060e+02,7.652506634716445433e+02,6.248474634631681965e+02,3.044489107274046091e+02,9.877610989685723553e+02,-1.253305140427010826e+02,1.497030537550427027e+02,8.020853579230571313e+02,-1.046269820311047916e+01,4.120245550780538792e+02,8.940635762867602807e+02,1.676295690923121811e+02,2.522889471697826380e+01,4.626765800569889961e+02,3.801623579058172595e+02,1.723393938188768288e+02,7.739464247630598948e+02,-1.512482819004407064e+00,5.644322205939628745e+00,4.576577887442719650e+00,5.254860360012150977e+02,4.630092226650209142e+01,3.752336538421304226e+02,2.928695394830336340e+02,4.601351669330582439e+01,3.465620367180756034e+01,6.823377567387734643e+02,-1.649510233863506983e+02,4.860845667182089755e+02
2.245567392079795468e+02,6.871852911132513952e+01,1.582969702872793960e+03,1.727954147329431862e+02,-6.325265876680212074e+01,1.262475217871998666e+03,2.460238880579412921e+02,2.544325989497806688e+02,1.321637648668178372e+03,1.825309279445061463e+02,-1.594576476427153295e+02,9.195361861652226025e+02,4.479140415163810758e+02,3.957642654975687151e+02,1.120445963584260198e+03,3.258686057169179549e+02,-1.167068225737396006e+02,7.367423337443362925e+02,6.357762441691377262e+02,3.085627402738381875e+02,9.830810536788159197e+02,-1.278530799692198059e+02,1.561345239172671882e+02,7.945165190361142322e+02,-1.648600209464871114e+01,4.186390367073854009e+02,8.870562391969079954e+02,1.732241331966393432e+02,2.728118064382662666e+01,4.616278495300569489e+02,3.720972300628831704e+02,1.820459939000758993e+02,7.588924142799583024e+02,-6.648201859242844902e-01,5.805271772112835293e+00,5.414343127897190300e+00,5.425133375993650588e+02,4.417278766952171765e+01,3.642663820760355975e+02,2.941327722072232973e+02,4.562558968256376346e+01,3.459702696110529274e+01,6.934397716934228129e+02,-1.677385030816985250e+02,4.852268408545678540e+02
2.265530396270264077e+02,7.250444941235537044e+01,1.571676540558556553e+03,1.758081366791133746e+02,-5.868274914450216784e+01,1.249061797954708481e+03,2.484213786526580918e+02,2.559421973609537702e+02,1.313576284619456828e+03,1.835872343403946729e+02,-1.542970170651275339e+02,9.049500725305560991e+02,4.571628028088855444e+02,3.950359312126555551e+02,1.120977436601308682e+03,3.144734704377604544e+02,-1.141195190568432167e+02,7.101278777873576473e+02,6.462179604779515785e+02,3.128269083097437147e+02,9.794890878662909017e+02,-1.299548497388934436e+02,1.623573189939889971e+02,7.863200462705841574e+02,-2.254658403765043317e+01,4.256195392824569126e+02,8.793915043518200036e+02,1.788709417953451748e+02,2.878941354055315927e+01,4.604577484155541356e+02,3.649382950993924055e+02,1.936548428668316433e+02,7.438635368319538657e+02,2.187901139258586758e-01,5.197998292679478105e+00,6.271262827934592998e+00,5.568124243791912704e+02,4.718618627834612766e+01,3.523180444046522553e+02,2.953922460145269042e+02,4.441204731345695933e+01,3.450343426542315939e+01,7.031197976721334726e+02,-1.649958502847817954e+02,4.817301348904206861e+02
2.282703985219120284e+02,7.624499637687515019e+01,1.560411839532059730e+03,1.784419393118167534e+02,-5.398765057880795126e+01,1.235767573640795263e+03,2.505689352327518407e+02,2.583491762432291807e+02,1.305760000970933106e+03,1.830411190642883810e+02,-1.506169605088323351e+02,8.910123090810302529e+02,4.657503558054634141e+02,3.954021122962062691e+02,1.121172152531111124e+03,3.016288873979532354e+02,-1.119305654303619519e+02,6.859739767953190039e+02,6.561242547965852054e+02,3.178311355237859743e+02,9.769962012511697367e+02,-1.315421985429418612e+02,1.679653343492245199e+02,7.774919784980916120e+02,-2.860023254449119534e+01,4.327721659575641411e+02,8.709257279005765895e+02,1.845765785830308801e+02,2.968987754880366481e+01,4.590569068078268060e+02,3.588365966697159593e+02,2.069771563611391230e+02,7.285209441561638641e+02,9.139765298922917225e-01,3.808620378369235393e+00,7.023060071193549803e+00,5.678009314576984252e+02,5.548421549383552076e+01,3.393041554254659218e+02,2.964736290917090287e+02,4.231136400321877744e+01,3.431704459204358670e+01,7.108881721871439368e+02,-1.563097374945853062e+02,4.747384686802181477e+02
2.294832856515005233e+02,7.997754404140127349e+01,1.549285414658657373e+03,1.805796954918304777e+02,-4.908150765551145156e+01,1.222795728833085604e+03,2.523835382079585656e+02,2.617336103219310530e+02,1.298077659635374630e+03,1.807895470779809557e+02,-1.481937760443066736e+02,8.777897794793494768e+02,4.735048218621054730e+02,3.972093568879762984e+02,1.121102872063779841e+03,2.874726658939235904e+02,-1.105444464645865139e+02,6.644445914419667361e+02,6.654041752356858979e+02,3.243834477596544161e+02,9.756655843897201521e+02,-1.326004294849897462e+02,1.728347868713292996e+02,7.681737942777400576e+02,-3.457198063039944458e+01,4.399094740975515947e+02,8.616511946617240483e+02,1.903740891851326467e+02,3.023639695639329972e+01,4.573652132154960555e+02,3.538026884720634939e+02,2.215026794107321848e+02,7.126457990832620908e+02,1.225649767045441152e+00,1.990364032226382474e+00,7.575527724375395344e+00,5.752055334780395697e+02,6.871829185643518656e+01,3.253395688326855861e+02,2.972271005847335914e+02,3.955283620428834723e+01,3.399000369461118964e+01,7.164109015920354295e+02,-1.419128297069903510e+02,4.638400750096891443e+02
2.300983856995960366e+02,8.400003205032894016e+01,1.538297588855132972e+03,1.821639007061734787e+02,-4.367579196479275794e+01,1.210261034800752668e+03,2.538574709642946914e+02,2.660832295633300077e+02,1.290325504981436552e+03,1.769696044476653469e+02,-1.462405498054338580e+02,8.651952296280485371e+02,4.803413415204904027e+02,4.006031358790558556e+02,1.120947570174632801e+03,2.722117877197665621e+02,-1.101064698583751067e+02,6.452330123545995093e+02,6.739669058277730755e+02,3.332533842691788095e+02,9.756433076435508838e+02,-1.332282121380033004e+02,1.771958870832881416e+02,7.585945029747442732e+02,-4.037866927384862947e+01,4.469348335282481344e+02,8.516994894122161668e+02,1.962927106714758736e+02,3.091722024899262422e+01,4.553945122279771454e+02,3.496841890124376278e+02,2.366537616717849062e+02,6.962794701430448185e+02,1.078021037389535142e+00,3.247000200735201125e-01,7.892714321112878295e+00,5.792689097448243274e+02,8.628927971644549189e+01,3.106295651959360953e+02,2.975911483821556658e+02,3.660144573663701806e+01,3.350228184132383547e+01,7.197803313334538871e+02,-1.224836104143989104e+02,4.492126278119007452e+02
2.301632581114572531e+02,8.870831243826660284e+01,1.527329062303531146e+03,1.831992590034705017e+02,-3.743620544724829813e+01,1.198123658236382425e+03,2.550615281332438258e+02,2.712750752642377847e+02,1.282299620428846083e+03,1.719056589310431491e+02,-1.438176248561855459e+02,8.530355055805035818e+02,4.863611578148062904e+02,4.054609639355529112e+02,1.120922220457107187e+03,2.561906944270025974e+02,-1.105027093071579145e+02,6.276966387593016634e+02,6.817589976700190846e+02,3.448601875709483693e+02,9.772218332892592798e+02,-1.335980530430095428e+02,1.815214401316228248e+02,7.489730430257943681e+02,-4.594386526309590124e+01,4.538784596625497443e+02,8.412648964110522911e+02,2.023272322134791352e+02,3.226321881357545607e+01,4.532052301613215377e+02,3.462327674979434846e+02,2.520316483227285005e+02,6.797265404047566335e+02,5.584294863307689427e-01,-6.325439243198960337e-01,8.007558610628374041e+00,5.807798161737305236e+02,1.075745838746657483e+02,2.953469795260108981e+02,2.976255822032974265e+02,3.400181204277343028e+01,3.286395622659779292e+01,7.216443517003011721e+02,-9.886404276160553195e+01,4.315521229995848103e+02
2.298132915444947173e+02,9.435537166326581371e+01,1.516202917865061636e+03,1.837357429048824997e+02,-3.018396039063605585e+01,1.186195172590578750e+03,2.560936703182507017e+02,2.770666528089303142e+02,1.273905840152562860e+03,1.659902775156466816e+02,-1.403082732354888265e+02,8.411067762706384201e+02,4.918139211236651249e+02,4.114105529768207816e+02,1.121236522110292071e+03,2.398960061349978901e+02,-1.114798513748979616e+02,6.111648593682605224e+02,6.887804153813684707e+02,3.590574909188517836e+02,9.808497041491280015e+02,-1.338645579581003062e+02,1.862944936273216854e+02,7.394386768584096217e+02,-5.119728329965654723e+01,4.608710953894404270e+02,8.305052640256493532e+02,2.084236164710993080e+02,3.462924283831290495e+01,4.508622001265021026e+02,3.432291069862316704e+02,2.675416726592914074e+02,6.634103826404464144e+02,-1.113050940736328986e-01,-5.974587105512682017e-01,8.009021604902981650e+00,5.808520439691009187e+02,1.320338216571021519e+02,2.795567689853097590e+02,2.974892135737685521e+02,3.217153943322667686e+01,3.210316989985043534e+01,7.230751759710523174e+02,-7.183922870138171390e+01,4.118027808145794211e+02
2.292008266313422951e+02,1.008883738289796241e+02,1.504789394830205765e+03,1.838462177049016191e+02,-2.201160147476394613e+01,1.174231272961900231e+03,2.570096360914362776e+02,2.831354978314620894e+02,1.265225018269589327e+03,1.595408978122886765e+02,-1.356905317820322807e+02,8.293055478084878587e+02,4.969495398546400224e+02,4.179555873776886301e+02,1.122080847243465996e+03,2.238506728151747893e+02,-1.128153850741950492e+02,5.952664941800366023e+02,6.950750660358015693e+02,3.751365523341138442e+02,9.869884209896472385e+02,-1.340793610278745120e+02,1.917840948537979386e+02,7.300110127520666765e+02,-5.606979305718502360e+01,4.680745391121750458e+02,8.194906772347924289e+02,2.144929062822142498e+02,3.805176785468981393e+01,4.484016174898607687e+02,3.405864904334773087e+02,2.833692086600726725e+02,6.476547638675333474e+02,-6.644154530930376223e-01,3.226771222176945675e-01,8.011276737029342954e+00,5.805219540200195070e+02,1.591866339071303287e+02,2.632123213708553067e+02,2.973693305435911043e+02,3.123261437166702237e+01,3.124913947523604207e+01,7.252062797149777680e+02,-4.203686720382208364e+01,3.908092828483362950e+02
2.284525575705816038e+02,1.079682620449733008e+02,1.493097420001860655e+03,1.836159568497585610e+02,-1.323923631802503209e+01,1.162067587026459250e+03,2.577842380389783443e+02,2.891799969390278875e+02,1.256491918297052962e+03,1.527029628748725258e+02,-1.304714395009492307e+02,8.177054895980735409e+02,5.018603217510513446e+02,4.246709061249222259e+02,1.123619607315815756e+03,2.084295112530240601e+02,-1.144259267938619473e+02,5.800875215172490016e+02,7.007047014002183687e+02,3.920695947437010886e+02,9.958332779297178377e+02,-1.341667972007865899e+02,1.979420681213289583e+02,7.206402530210109489e+02,-6.050106745284955423e+01,4.756064905016719422e+02,8.082285663726012217e+02,2.204525195530593180e+02,4.224792198523081055e+01,4.458252560811982335e+02,3.383695057889350437e+02,2.998463108023534005e+02,6.325151634572163175e+02,-8.969940218477646665e-01,1.692686796713223973e+00,8.118443466240350403e+00,5.803606342935163411e+02,1.885447489629684981e+02,2.462170026084073129e+02,2.973996952158007616e+02,3.096439380126279062e+01,3.032094367908812060e+01,7.288134897610837015e+02,-9.915581312523372048e+00,3.690642700406326639e+02
2.276684578836371884e+02,1.151511806230710988e+02,1.481302104007755133e+03,1.831476241065821853e+02,-4.250232435016190635e+00,1.149720382262001976e+03,2.583281622228319634e+02,2.950390640423731270e+02,1.247994176834495420e+03,1.454580414180570074e+02,-1.253628934689910324e+02,8.065525039410065347e+02,5.064136198634471384e+02,4.313744001600621232e+02,1.125964215027523551e+03,1.937104172358452274e+02,-1.163381071859755167e+02,5.660632127276385290e+02,7.057196006573602745e+02,4.088908432579447663e+02,1.007068897733640483e+03,-1.339733682168228768e+02,2.044547264813460856e+02,7.112714515702544986e+02,-6.446433212782601174e+01,4.834930972642291067e+02,7.967317358847210471e+02,2.262752784551388174e+02,4.674506106458112242e+01,4.431165651156878766e+02,3.367277142526833131e+02,3.172757355968022352e+02,6.177602890101870798e+02,-7.446415075548863394e-01,2.960214269730493619e+00,8.397931436093607260e+00,5.803086031253953934e+02,2.195986357207918900e+02,2.285258510270131183e+02,2.976100103046472896e+02,3.090569954143199993e+01,2.932702637991027927e+01,7.340568416042567605e+02,2.422045073153826777e+01,3.466749514751179504e+02
2.269373574535573823e+02,1.221090900319952368e+02,1.469689791036600582e+03,1.825663225416045066e+02,4.676233155972196798e+00,1.137391968616189388e+03,2.585451723787634251e+02,3.007569410418935831e+02,1.239943984697961014e+03,1.377375015516367682e+02,-1.209168985361686168e+02,7.961684636639928385e+02,5.103105401623097350e+02,4.381792059666579462e+02,1.129127330545360564e+03,1.794831957296274538e+02,-1.185468726096867442e+02,5.536741923934238230e+02,7.101368575597509789e+02,4.250369935691200567e+02,1.019865580768989275e+03,-1.333583442680620692e+02,2.109032857759647754e+02,7.018871515281196025e+02,-6.799293224955117410e+01,4.916674312369108293e+02,7.850645055869799762e+02,2.320128410333542490e+02,5.107143264731354293e+01,4.402609131745386435e+02,3.357985235927328063e+02,3.357816118795138323e+02,6.030158348227133729e+02,-2.974948152365995413e-01,3.708837726709525384e+00,8.868429248365869100e+00,5.798138679880472637e+02,2.519055592666726966e+02,2.102461137464904368e+02,2.979290235430266875e+02,3.055858795649749382e+01,2.827268065105298689e+01,7.404992827964205162e+02,6.021901264676181853e+01,3.235408119676599767e+02
2.263339293583399012e+02,1.287633978611585235e+02,1.458543823594221521e+03,1.820032922591196325e+02,1.343397628820610024e+01,1.125381244107306884e+03,2.583900302756807719e+02,3.065473344281514869e+02,1.232389664725017838e+03,1.295705216787644645e+02,-1.173198553178859243e+02,7.868133153153706871e+02,5.132302275505866191e+02,4.453911665886425340e+02,1.132990286180780913e+03,1.654417028979495399e+02,-1.208782336172756402e+02,5.431376982455709594e+02,7.139341388834516238e+02,4.404928220230798388e+02,1.033175561847810968e+03,-1.322719252000678125e+02,2.169487234632505022e+02,6.925053963042381611e+02,-7.118328779713634447e+01,5.000137546801503277e+02,7.733272164662520254e+02,2.377674744992175135e+02,5.492927105662284504e+01,4.372553039940762005e+02,3.356394245884187058e+02,3.552475977571945691e+02,5.879874260265551129e+02,2.460071936699423367e-01,3.832576822167364838e+00,9.501034696273700675e+00,5.781682406677059589e+02,2.852434603945064850e+02,1.916866826230298102e+02,2.982311409579972974e+02,2.959674490398990443e+01,2.716850856931073821e+01,7.473481426549514026e+02,9.808954473781653860e+01,2.996070078598009445e+02
2.258864957053053217e+02,1.352863789008758317e+02,1.448024455946817397e+03,1.815520040796672845e+02,2.204493161174277205e+01,1.113959184112586172e+03,2.578939683210055023e+02,3.126790819106406047e+02,1.225208750366658478e+03,1.211627990760881062e+02,-1.144119535943994066e+02,7.785907698972661137e+02,5.149782918234874387e+02,4.533097591398969826e+02,1.137316929183754610e+03,1.514459708988223667e+02,-1.229784647599307164e+02,5.342810602436044292e+02,7.170625884015807969e+02,4.556972542783928475e+02,1.046167220634825071e+03,-1.307787637429148049e+02,2.224644409497145716e+02,6.831471738841058823e+02,-7.415829984883129100e+01,5.084374187942308367e+02,7.615979970946410731e+02,2.436180201300452381e+02,5.829670916874380282e+01,4.341069806302890584e+02,3.362152569145719099e+02,3.753765333103700641e+02,5.726406340677432354e+02,6.621083887521085343e-01,3.553133239756869788e+00,1.022909896904238636e+01,5.748261930411587173e+02,3.197364636923322223e+02,1.733231084426797395e+02,2.983954727451152849e+02,2.798266760856073887e+01,2.603354061906688344e+01,7.537509208587474632e+02,1.380059180431801167e+02,2.750272301706195890e+02
2.255405277025497242e+02,1.420095691725988445e+02,1.438101090060592242e+03,1.812170999591377551e+02,3.056818887208107327e+01,1.103283888137595795e+03,2.571518019510510271e+02,3.193569735941948124e+02,1.218177868458535158e+03,1.128435683688374525e+02,-1.118585865976194924e+02,7.714589687005109226e+02,5.155653233325641622e+02,4.620538118634669900e+02,1.141817905473508290e+03,1.376714289154335233e+02,-1.244552556600767161e+02,5.266663132857842129e+02,7.194731995842766992e+02,4.712843967324754431e+02,1.058528221134577279e+03,-1.290166758453241869e+02,2.275751080671057025e+02,6.738099345796947546e+02,-7.700128475602103606e+01,5.169257199344750688e+02,7.498910413435042983e+02,2.495432073118749088e+02,6.143382629892184355e+01,4.308318237990965258e+02,3.374285096225329426e+02,3.958547263813688346e+02,5.572513133728315324e+02,7.886860881011601432e-01,3.279881538564283883e+00,1.096370232546862411e+01,5.695338237599266904e+02,3.558577670350240965e+02,1.556895066698699281e+02,2.983491815268028517e+02,2.594696945202579741e+01,2.489054319687505057e+01,7.589924631139465419e+02,1.802853934623047678e+02,2.501565892872682753e+02
2.251549203569402096e+02,1.493035785991431794e+02,1.428570529604989133e+03,1.808926483461056307e+02,3.904887906898811423e+01,1.093392185108452850e+03,2.562885017205047689e+02,3.266658374944379943e+02,1.211077849018062125e+03,1.049120172146753163e+02,-1.093405121065519410e+02,7.653368073609368594e+02,5.151831537106012320e+02,4.715201746570582486e+02,1.146235810243558717e+03,1.245333578792565561e+02,-1.250750113777137074e+02,5.198860402540694849e+02,7.211415213937362978e+02,4.877911899663441204e+02,1.070465726032635757e+03,-1.271151084158094022e+02,2.326022124411392724e+02,6.644743270401826294e+02,-7.969586773942180002e+01,5.255682531255752110e+02,7.381770065412725899e+02,2.553976360922316076e+02,6.479256033171928664e+01,4.274600560452016680e+02,3.391666904923403649e+02,4.165479520548707342e+02,5.423164073404668670e+02,5.874617273841742371e-01,3.390361406096811248e+00,1.161274272447598399e+01,5.622466042455419029e+02,3.942785252926603334e+02,1.392553357734441306e+02,2.980856795861195110e+02,2.385428689078484510e+01,2.375511104623828018e+01,7.625476978127039729e+02,2.253381878911432068e+02,2.254277167904723171e+02
2.245451436923265192e+02,1.574690188365098322e+02,1.419152014584776680e+03,1.803940486804352759e+02,4.754464905919066808e+01,1.084247725396710621e+03,2.554267673735708968e+02,3.345942292798491735e+02,1.203782608026492426e+03,9.748879544412099563e+01,-1.066601747930118336e+02,7.602321736924745892e+02,5.140981353140233523e+02,4.815005082350894554e+02,1.150409269235507281e+03,1.124429822659268439e+02,-1.248791907899275628e+02,5.138586794667170352e+02,7.220755989187392743e+02,5.054493950116801670e+02,1.082444500100594269e+03,-1.251191553882305527e+02,2.379513029749587076e+02,6.551387596566312368e+02,-8.211075861033614842e+01,5.345292838342220421e+02,7.264551488394164380e+02,2.609671426306067019e+02,6.885879098518353203e+01,4.240416275521912439e+02,3.413464536438891059e+02,4.376309437474143920e+02,5.283805689427389325e+02,1.620613127457051494e-01,4.047725588183054946e+00,1.209952337851886917e+01,5.529506449348455135e+02,4.356236690462631600e+02,1.243545552796082063e+02,2.976630998102755257e+02,2.203511791618160487e+01,2.262216352217498283e+01,7.640408456674115314e+02,2.735943470903251296e+02,2.012329765865849538e+02
2.235513566355097339e+02,1.666532877215388169e+02,1.409612211908408881e+03,1.795323406902238048e+02,5.619888277654266773e+01,1.075795347426448416e+03,2.546642137459006676e+02,3.431013039977924564e+02,1.196296001311483678e+03,9.047114366897378090e+01,-1.037388977624024591e+02,7.563099587876571377e+02,5.125177619876444624e+02,4.918839571649574509e+02,1.154288295735571864e+03,1.015800897865560728e+02,-1.241538821421153500e+02,5.089638528436431102e+02,7.223004515910947703e+02,5.241320904731304609e+02,1.094858248963667847e+03,-1.229618457903295905e+02,2.439928830731895175e+02,6.458492257561392762e+02,-8.404343268080182838e+01,5.439936473872172655e+02,7.148167290990626270e+02,2.660777583563232724e+02,7.398491559614059554e+01,4.206346692942265690e+02,3.439395730516067147e+02,4.595795579726289475e+02,5.158542874715960806e+02,-2.755981717331792979e-01,5.148920696038852718e+00,1.237462439336590947e+01,5.415337209466725881e+02,4.802533735698326609e+02,1.111913235383302236e+02,2.971895314370510164e+02,2.067009347843893252e+01,2.145397648267849888e+01,7.631832853129747036e+02,3.254201432580224491e+02,1.778918211723963054e+02
2.220935594975339313e+02,1.768094030929229916e+02,1.399862198667024586e+03,1.781872086482562452e+02,6.529372334882822315e+01,1.067987738707344988e+03,2.540562390746765686e+02,3.521735493677319369e+02,1.188729724311776863e+03,8.360774366104602962e+01,-1.005466004709616357e+02,7.538689095692785713e+02,5.104929911262795486e+02,5.028229532881898649e+02,1.157902608020973275e+03,9.184481684415713687e+01,-1.232995239627982613e+02,5.059613594836901029e+02,7.218189017736706319e+02,5.434708155006661627e+02,1.107825899911484157e+03,-1.205002816559366465e+02,2.509827141950663929e+02,6.366936423624640611e+02,-8.530006925255526085e+01,5.541177372308891336e+02,7.034379377719239983e+02,2.706945847034243684e+02,8.028226232679237739e+01,4.172711484226945231e+02,3.469646827617275449e+02,4.830210631346681112e+02,5.048821582407201731e+02,-4.834623941401937630e-01,6.421505183019504237e+00,1.241829936214892527e+01,5.277811654152633309e+02,5.281626487582936988e+02,9.988389575868673376e+01,2.967963775124909489e+02,1.976995601026476734e+01,2.017578660182027050e+01,7.597239427210158738e+02,3.810296043061487126e+02,1.556802079816581852e+02
2.201901200975731285e+02,1.877225968217400975e+02,1.389985484128141024e+03,1.763330716135004366e+02,7.523266552244659522e+01,1.060788126935345872e+03,2.536014193487423540e+02,3.618401694985611243e+02,1.181242236177142104e+03,7.662510066202996484e+01,-9.702805850014195244e+01,7.532596848972065118e+02,5.078954185769771357e+02,5.147601679742324450e+02,1.161310053251345380e+03,8.300160382167665318e+01,-1.226988408352245727e+02,5.057586422739625505e+02,7.205534116551010584e+02,5.630965396758670067e+02,1.121179629771256941e+03,-1.175944063141308362e+02,2.590410102544735764e+02,6.277588400861061473e+02,-8.576734562955653018e+01,5.650011440454295553e+02,6.924902121781763071e+02,2.749512879213671113e+02,8.761880517775763622e+01,4.139168849049743812e+02,3.504349215939240594e+02,5.085053106327497972e+02,4.952955409498918584e+02,-2.888767355904935386e-01,7.599057114939984814e+00,1.223811195774846716e+01,5.114693217342673961e+02,5.790014729346078184e+02,9.048501161513907221e+01,2.966019013926163552e+02,1.923155862172540509e+01,1.868748632936869569e+01,7.534096517328359823e+02,4.403904006584388071e+02,1.348429168959306423e+02
2.179418569711739053e+02,1.991158679682124273e+02,1.380187700751584771e+03,1.740058757184196736e+02,8.645017427114277098e+01,1.054171534872959000e+03,2.532364200822820237e+02,3.721527263650588111e+02,1.173971151378589866e+03,6.931966855578782827e+01,-9.306876874147847900e+01,7.547996214107262176e+02,5.044742532227028278e+02,5.282879252346233443e+02,1.164555960023375974e+03,7.488494427390482144e+01,-1.226360774283188846e+02,5.091493082388853963e+02,7.182892525685198279e+02,5.828892303227486309e+02,1.134577611212368993e+03,-1.141825766613017237e+02,2.681787636778680621e+02,6.190788463702371018e+02,-8.543965454944218152e+01,5.766722504330913353e+02,6.820183317389631839e+02,2.790927130111820134e+02,9.571720135677229280e+01,4.104556337265466937e+02,3.542761518065706241e+02,5.362967434583406430e+02,4.866669956043298839e+02,3.273878545334902301e-01,8.559920049775630702e+00,1.186849493038135250e+01,4.924750546960132169e+02,6.321462067324667942e+02,8.295459957900399672e+01,2.966745657269402159e+02,1.891086301605467668e+01,1.689591772107741363e+01,7.439603627414766152e+02,5.031401150582291280e+02,1.155475474166527050e+02
2.154982198075156816e+02,2.108025030044503865e+02,1.370692404402738930e+03,1.712418750366156530e+02,9.928585700341461973e+01,1.048136099829219347e+03,2.528513796919775416e+02,3.831582295174754904e+02,1.166987021864011467e+03,6.157904101954331821e+01,-8.850514172959071857e+01,7.587180039386676071e+02,4.999679940882479627e+02,5.438986915053368421e+02,1.167653686898552451e+03,6.751343869234864314e+01,-1.232417669223434729e+02,5.166208837677370411e+02,7.146619468696204649e+02,6.030882551834150718e+02,1.147621614938383800e+03,-1.103106728780962413e+02,2.783426037655509049e+02,6.106104626266072728e+02,-8.439504318288699380e+01,5.890780006157955313e+02,6.718668376062819334e+02,2.833632245596386952e+02,1.043004334915259363e+02,4.067144076391830367e+02,3.582595545389329459e+02,5.662829311812524793e+02,4.784625040426545866e+02,1.204268518011338385e+00,9.344837273996068561e+00,1.137123784023471984e+01,4.708404085507059449e+02,6.867612959300756756e+02,7.711973682907611760e+01,2.970107310967664489e+02,1.866318596055197787e+01,1.475810101154231901e+01,7.310946147285889083e+02,5.685639759146642973e+02,9.782214277609378428e+01
2.130197032811805400e+02,2.228133088058345095e+02,1.361635157394116732e+03,1.680379557904049648e+02,1.138731876485674519e+02,1.042718709760193406e+03,2.523254289804499138e+02,3.948941219349993617e+02,1.160283541448185815e+03,5.335548421554317144e+01,-8.315474152438464728e+01,7.651358540431200481e+02,4.942215269254145937e+02,5.617497692763373607e+02,1.170574351814937927e+03,6.105669205158879720e+01,-1.244142647700005000e+02,5.282726492128787186e+02,7.092296848015511159e+02,6.241718327252098106e+02,1.159903101962000619e+03,-1.060991579268003875e+02,2.894560649715190266e+02,6.022537350789992843e+02,-8.274167411500044977e+01,6.020864303393320824e+02,6.617139178704259166e+02,2.879017623506179575e+02,1.132156450722609833e+02,4.025190494045027094e+02,3.619977431435827953e+02,5.980496336065583591e+02,4.702492297258060034e+02,2.058232570301000486e+00,1.005812199111320382e+01,1.082847955325920708e+01,4.467840817648157099e+02,7.418540869020371247e+02,7.268005720545403392e+01,2.975364164496334070e+02,1.834643125182275369e+01,1.231108744980028114e+01,7.146328569251022600e+02,6.356925320372857868e+02,8.155902026489206946e+01
2.106416899790121136e+02,2.354270415454631120e+02,1.353015753515511051e+03,1.643601724834963704e+02,1.300858127330566276e+02,1.038006264282778830e+03,2.515640514754938408e+02,4.074160828178677320e+02,1.153806495276391843e+03,4.463712767302025952e+01,-7.683436907668036042e+01,7.740729190015339327e+02,4.872463043530041773e+02,5.815770555088207630e+02,1.173236997952929869e+03,5.572457362770764888e+01,-1.257235892953135306e+02,5.438436390015407369e+02,7.016234682779249852e+02,6.465550782481835768e+02,1.170990439865941880e+03,-1.016683466041211261e+02,3.014550205812406034e+02,5.939070936878173370e+02,-8.056530377113146812e+01,6.155263946358925295e+02,6.512123601944413167e+02,2.926971337777152371e+02,1.224870824830355929e+02,3.977492816665424584e+02,3.650234440108924900e+02,6.310953760095529788e+02,4.618755107188788429e+02,2.615838477135427720e+00,1.074052069885422966e+01,1.032453845447928131e+01,4.206767544187201224e+02,7.963674775093194285e+02,6.928502775230765565e+01,2.981315927199750035e+02,1.782325135626648560e+01,9.665247618123352424e+00,6.946374412488089547e+02,7.035220117335691157e+02,6.662238044392569236e+01
2.084405188833872558e+02,2.490815985021609151e+02,1.344740306877762123e+03,1.601843269062993897e+02,1.475725173008125921e+02,1.034138015672060419e+03,2.505130636096338037e+02,4.208477136764485067e+02,1.147510266356818192e+03,3.544354740768019951e+01,-6.934565087945152584e+01,7.854738295998305375e+02,4.791787771200571910e+02,6.028322319116788321e+02,1.175514860361091905e+03,5.169705651386841794e+01,-1.263693665600470553e+02,5.628307652181549656e+02,6.917031981673233076e+02,6.702961606950846090e+02,1.180429567840865730e+03,-9.706586597944631478e+01,3.143263737133275981e+02,5.855268304219098354e+02,-7.789785885443581037e+01,6.292765340152260478e+02,6.401713635343983242e+02,2.976208174265565845e+02,1.322890397309238040e+02,3.923650939500750496e+02,3.669229807060224857e+02,6.650809481893178372e+02,4.535302505008043568e+02,2.763712961406653346e+00,1.131703814295168797e+01,9.926676696720909021e+00,3.929862845832434459e+02,8.493311220332949460e+02,6.665127670655925840e+01,2.986675363059877100e+02,1.699619537671361158e+01,6.959242325384068728e+00,6.714796301160465646e+02,7.712708267537839220e+02,5.300146890952161272e+01
2.064056606413434736e+02,2.642088401154553594e+02,1.336726892470838720e+03,1.555284243758438834e+02,1.658929997962985112e+02,1.031290589591569642e+03,2.491366458746914532e+02,4.354223631511985104e+02,1.141414344444282733e+03,2.584341936924598571e+01,-6.043209821028933959e+01,7.992400753949441423e+02,4.701477807864336000e+02,6.249957773096007259e+02,1.177281750836164747e+03,4.915392968410682784e+01,-1.252666267636666220e+02,5.846597903050895866e+02,6.796237543991743451e+02,6.950257733242121958e+02,1.187812016937877388e+03,-9.223891038042840762e+01,3.281476936008341454e+02,5.771564767304001862e+02,-7.471293935794470542e+01,6.433743995728965501e+02,6.286769667465180191e+02,3.025127921381856027e+02,1.428659589600413256e+02,3.863936762766792867e+02,3.674636598744236267e+02,6.999779124225236728e+02,4.456351726955335835e+02,2.631987251882895507e+00,1.166030308739837373e+01,9.681495620106415956e+00,3.641908402142931891e+02,9.000286834482852782e+02,6.464825328765755330e+01,2.990467644795454589e+02,1.586692939713055672e+01,4.301514072493009877e+00,6.457416324731382247e+02,8.385371546929869737e+02,4.088701356113138985e+01
2.044269407535455230e+02,2.810730553730542738e+02,1.328999762394359777e+03,1.504492018209182049e+02,1.847286168307845742e+02,1.029632062346691328e+03,2.473706874050013766e+02,4.514782551953912844e+02,1.135623317395936510e+03,1.597739675780619528e+01,-4.973560109781267613e+01,8.152490132577034956e+02,4.601240421280855912e+02,6.478965526887089936e+02,1.178491159308242686e+03,4.835621013178492689e+01,-1.212623136531828294e+02,6.088543103765284741e+02,6.657578959038257835e+02,7.201846061393857781e+02,1.192883397201570915e+03,-8.706643143441517907e+01,3.431014431326107683e+02,5.689054578142425953e+02,-7.094633917500574682e+01,6.580780655947819469e+02,6.170701392408831225e+02,3.072728263607766621e+02,1.544441019085776361e+02,3.798825775857395683e+02,3.666538087046569672e+02,7.360273058139370050e+02,4.386128890820171478e+02,2.548943701396453765e+00,1.171997928453314941e+01,9.633110113685066977e+00,3.346790459628579697e+02,9.480987482212973418e+02,6.328877549335749819e+01,2.992351638224360499e+02,1.456698083584818448e+01,1.732492198993737409e+00,6.179753804924972655e+02,9.052641465746563654e+02,3.058071096749342033e+01
2.023052745658493450e+02,2.996840337669387395e+02,1.321701944851866983e+03,1.450056214813189683e+02,2.040918404439789526e+02,1.029245687223936557e+03,2.450806629436588082e+02,4.693813498074914037e+02,1.130288303944672634e+03,6.067732694350952194e+00,-3.678748422105061877e+01,8.333480835734434322e+02,4.488442137225612214e+02,6.718391585220842899e+02,1.179234753242430088e+03,4.966730761633587576e+01,-1.133995438181825648e+02,6.351416175084478937e+02,6.505042838476141469e+02,7.454445713496151029e+02,1.195597707080034979e+03,-8.142614508890117975e+01,3.594300811442254826e+02,5.608852565317523613e+02,-6.653473286195132630e+01,6.738181925839722908e+02,6.057795441664579812e+02,3.119139616588832382e+02,1.671743085460898328e+02,3.728356409836683838e+02,3.647063672770539711e+02,7.735308912383765119e+02,4.326539949691949118e+02,2.873997945722813974e+00,1.161944653516628279e+01,9.850412762882145401e+00,3.046821303438810560e+02,9.935121100819126241e+02,6.261650636652523616e+01,2.992729225948335738e+02,1.330964484640711021e+01,-7.746837208889154613e-01,5.884592550474405925e+02,9.715329969515902349e+02,2.226365614291541917e+01
1.997875806636849916e+02,3.198185914115660466e+02,1.315017315661370276e+03,1.392124528432546526e+02,2.244305900621043861e+02,1.030056882777298370e+03,2.420526391204142840e+02,4.893925322123610044e+02,1.125525742928050477e+03,-3.604965783758057540e+00,-2.105147134023901501e+01,8.533277202640057340e+02,4.358569874966811426e+02,6.974484501506346987e+02,1.179717161216632348e+03,5.343304221888728733e+01,-1.011112502555721164e+02,6.634507772845618092e+02,6.340734295040953157e+02,7.710484338329002867e+02,1.196039670635954508e+03,-7.524408100601927174e+01,3.773281175729219967e+02,5.531420759322235199e+02,-6.145840126990445640e+01,6.910413997494196110e+02,5.950984995683277248e+02,3.165585633219677106e+02,1.811256871351060056e+02,3.651576522482440055e+02,3.619221911883504958e+02,8.126069577734498353e+02,4.276166770936238777e+02,3.796043249521440011e+00,1.164755259952860733e+01,1.044328073572920879e+01,2.742760869315531522e+02,1.036441599691641613e+03,6.255059028636549812e+01,2.992515679656988823e+02,1.226988877363583264e+01,-3.285038965635174169e+00,5.571114726135753017e+02,1.037312919491689854e+03,1.576174308447699879e+01
1.966157733361717987e+02,3.411428611970852671e+02,1.309063623157295524e+03,1.330068759940609482e+02,2.465512198151899952e+02,1.031816385278445523e+03,2.380268746258587100e+02,5.115441154134876456e+02,1.121346068596957593e+03,-1.277457711122544559e+01,-2.007323236023239144e+00,8.748839265841838824e+02,4.206619164836624236e+02,7.253241496978636178e+02,1.180130887237846991e+03,5.974622666897044354e+01,-8.426653120238934491e+01,6.938014277184980756e+02,6.163529350459209581e+02,7.978316211902500754e+02,1.194235116714084597e+03,-6.848408556585404483e+01,3.968181049628115602e+02,5.456343434074215111e+02,-5.577021519884483070e+01,7.100250857341144410e+02,5.850386344040149424e+02,3.213867119846575520e+02,1.963249128138834010e+02,3.566386532304740058e+02,3.585404608593372586e+02,8.530686193852487804e+02,4.231144945356824678e+02,5.220593669685815286e+00,1.215188400538072777e+01,1.156052895752373821e+01,2.434554250217328786e+02,1.077097643212170851e+03,6.278091467414927962e+01,2.992580457536735707e+02,1.146569577706179643e+01,-5.870153265210221960e+00,5.236152281194564466e+02,1.102314556291572899e+03,1.046227501002975302e+01
1.925714390640089846e+02,3.633870053173034194e+02,1.303840413194897110e+03,1.262406285122102503e+02,2.713615588938549195e+02,1.034168271790679682e+03,2.327594310325122251e+02,5.356019609785674902e+02,1.117647461315830469e+03,-2.130742778516030711e+01,2.074887218924402177e+01,8.975777825901799361e+02,4.028612557579797340e+02,7.557255933599514037e+02,1.180484852826785072e+03,6.823025257093250673e+01,-6.308649995272541844e+01,7.261399333005749668e+02,5.969081855202010729e+02,8.268771274288288851e+02,1.189965789602691757e+03,-6.107956015942780681e+01,4.176843848485655712e+02,5.382760502365939601e+02,-4.960148407471181997e+01,7.307711607151387625e+02,5.753489496775096086e+02,3.265676397469832750e+02,2.128112738696165422e+02,3.469976892128747181e+02,3.546083192873529697e+02,8.944917508885387178e+02,4.187308622619916036e+02,6.828698230642300970e+00,1.340709552552237405e+01,1.338108422431560562e+01,2.122530656551964796e+02,1.115594574564948289e+03,6.278142868923844588e+01,2.993093966865069433e+02,1.072594066016566217e+01,-8.593154021691553623e+00,4.876760628837678269e+02,1.165997742949575922e+03,5.441526921085062973e+00
1.874963059258254248e+02,3.864918216163683837e+02,1.299272193171408617e+03,1.187006588211452680e+02,2.995259394666574053e+02,1.036773427639618831e+03,2.260847401572417539e+02,5.611477771036420563e+02,1.114287316076567095e+03,-2.932456056123847077e+01,4.740359614589655735e+01,9.207964803561175131e+02,3.822532634699610981e+02,7.884878488233671305e+02,1.180473566542406388e+03,7.800274819354086731e+01,-3.802078833332640073e+01,7.602194369689581208e+02,5.751083839151086750e+02,8.589881644611515412e+02,1.182711903004256101e+03,-5.285650542616329517e+01,4.395129268096602004e+02,5.310174720572094884e+02,-4.315090076231744831e+01,7.530327773210334499e+02,5.656837596312967662e+02,3.322043325966020006e+02,2.306657856147404004e+02,3.359751824500248745e+02,3.499091266856145239e+02,9.363951165286656533e+02,4.142226012582934800e+02,8.290935638811863129e+00,1.554004892519328074e+01,1.611028671553610536e+01,1.808811741179318062e+02,1.151863939903337950e+03,6.193947785745260148e+01,2.993158944299899531e+02,9.770652483129286026e+00,-1.151048038739956958e+01,4.492763398240706465e+02,1.227657377735681166e+03,-2.695660733383080654e-01
1.812767241023260567e+02,4.106518985651688922e+02,1.295311763300757093e+03,1.101539550098902822e+02,3.311843703179761746e+02,1.039410826784850087e+03,2.179550602981998964e+02,5.877562016394493867e+02,1.111182796532070370e+03,-3.726151136887096982e+01,7.783672215247862880e+01,9.437238974809449701e+02,3.588405631007536840e+02,8.232236261366830377e+02,1.179442162981886895e+03,8.788873841657361652e+01,-9.659246375656747929e+00,7.956043758126407965e+02,5.503147746946568759e+02,8.942923702966977544e+02,1.171751449257488503e+03,-4.350675404950347058e+01,4.618290666205483035e+02,5.239032748531044490e+02,-3.667032153024596397e+01,7.764387006126481765e+02,5.558094637568392500e+02,3.383008307527266538e+02,2.499904755511007011e+02,3.234316717177743499e+02,3.439703829916808218e+02,9.783774261545318041e+02,4.095876776431990720e+02,9.525019611571064360e+00,1.855047479731281612e+01,1.997311360727320206e+01,1.498701587522900809e+02,1.185608611238081721e+03,5.972696431732639866e+01,2.991022111361599514e+02,8.353550102888311457e+00,-1.467756098588177771e+01,4.088395139421724025e+02,1.286472632992230047e+03,-7.429793302952232281e+00
1.737961189836248650e+02,4.362387741231159453e+02,1.292020347204757400e+03,1.004062537741937149e+02,3.658797062584642958e+02,1.041982089321526473e+03,2.084411599095390386e+02,6.152076602151057614e+02,1.108360268050230388e+03,-4.580455967947747098e+01,1.115738167992861349e+02,9.653309491391769370e+02,3.327652549986229928e+02,8.596839872780027463e+02,1.176433883394134227e+03,9.679405433072059850e+01,2.134540613825535260e+01,8.318040010073444819e+02,5.220489470461318433e+02,9.322088331958225353e+02,1.156328680581381604e+03,-3.263451684708701350e+01,4.842819080975056067e+02,5.170646992066272105e+02,-3.045297058833989823e+01,8.006271380761589853e+02,5.457230156206624088e+02,3.447436167545622538e+02,2.708565501433204759e+02,3.094052863543017793e+02,3.361492234698706056e+02,1.020113202898642840e+03,4.049589658642713630e+02,1.086006348068166538e+01,2.241244279347980495e+01,2.518193330211975223e+01,1.201625901912304215e+02,1.216316860000250244e+03,5.580774347885712672e+01,2.984863110399423363e+02,6.389471797970267097e+00,-1.814699453885515723e+01,3.672954848060476820e+02,1.341490843519147120e+03,-1.646383605863743682e+01
1.648743792001665440e+02,4.636613798215568067e+02,1.289556417830884584e+03,8.936307390516638804e+01,4.027401970945830385e+02,1.044404514149143779e+03,1.976841795329384865e+02,6.436740714590050629e+02,1.105900710420233509e+03,-5.567842990005595283e+01,1.478144162680983413e+02,9.843971402293277606e+02,3.041947627770315421e+02,8.980358581265832072e+02,1.170261180634335915e+03,1.040370114648174535e+02,5.443665091081669516e+01,8.684527429030266603e+02,4.900821348545745764e+02,9.717502231878842167e+02,1.135765883827439893e+03,-1.984808343551539167e+01,5.068119166233579449e+02,5.106558572730932042e+02,-2.481550804501548058e+01,8.253143981697639902e+02,5.356204799161010897e+02,3.512929228155139754e+02,2.932695795860059889e+02,2.941080280596476655e+02,3.257669183340536847e+02,1.061246807549191999e+03,4.003893572357636685e+02,1.302738754159305579e+01,2.720581138498287643e+01,3.187197495118346069e+01,9.309177371236646081e+01,1.243377959878053161e+03,5.001295687599677819e+01,2.973795021474895179e+02,4.018724410794853874e+00,-2.195860181778251530e+01,3.260647422982042940e+02,1.391637685708361914e+03,-2.749313029655149876e+01
1.542186279169613670e+02,4.932434965918691319e+02,1.288069059680669170e+03,7.708607034123191681e+01,4.408145647034573926e+02,1.046456519866184181e+03,1.857958981811521539e+02,6.738123388385085946e+02,1.103796162564374299e+03,-6.731174002825032687e+01,1.855272529594389255e+02,9.995841827001501088e+02,2.731847460170221211e+02,9.388294764803674752e+02,1.159557676146001313e+03,1.094557157559454907e+02,8.942048106088489590e+01,9.054253273166875715e+02,4.544407842223306488e+02,1.011890223685049364e+03,1.109465803758883339e+03,-4.842855074829696349e+00,5.297401808519296083e+02,5.047881239176884378e+02,-2.006165533829995340e+01,8.502743435842455710e+02,5.257502001804539304e+02,3.575980017919321199e+02,3.171807640268001478e+02,2.778798096645650730e+02,3.122482724922123225e+02,1.101312726628663995e+03,3.956559056019203240e+02,1.699116755512141097e+01,3.321168554114020566e+01,4.003383344272173616e+01,7.018425314136108284e+01,1.266305362609732811e+03,4.221077047119265302e+01,2.958498997029627162e+02,1.601654177883952146e+00,-2.612803938562967332e+01,2.869456778732252928e+02,1.435872912513410029e+03,-4.044635002263250101e+01
1.414051127827743528e+02,5.251521441036886699e+02,1.287553593231752075e+03,6.384145031528217373e+01,4.793535424371769409e+02,1.047682403012153145e+03,1.727229881816018633e+02,7.066938542134839736e+02,1.101790285724202477e+03,-8.045732264315763871e+01,2.235429751830658915e+02,1.009596892219661868e+03,2.395606824246665667e+02,9.825783251300695156e+02,1.142829836579797984e+03,1.132427908939307599e+02,1.267031162611960013e+02,9.428204240327886509e+02,4.153767464055806045e+02,1.051705550465993838e+03,1.076875236126923483e+03,1.256032826080733855e+01,5.537230687202978743e+02,4.995139780736875537e+02,-1.642820315377659313e+01,8.752475862918457779e+02,5.162485171161316657e+02,3.632542336110925021e+02,3.425186344115246584e+02,2.611405315256129711e+02,2.952308051538905147e+02,1.139769206956336120e+03,3.902041524743360128e+02,2.370087852580314802e+01,4.091232848101640229e+01,4.949470865665508512e+01,5.279347391211550899e+01,1.284990589808319783e+03,3.218796981308906879e+01,2.941025241272216704e+02,-3.459842278946636540e-01,-3.063537999395374811e+01,2.518624460389940793e+02,1.473504299950055611e+03,-5.513980288949377950e+01
1.259043550865654453e+02,5.593532219396465734e+02,1.287744123905936704e+03,5.013419866166921679e+01,5.178741260492621450e+02,1.047438742656088380e+03,1.581194354165884874e+02,7.435195590158352843e+02,1.099284228838014997e+03,-9.387881372489762555e+01,2.605836193773254195e+02,1.013462560723639854e+03,2.028880755141604766e+02,1.029093198786848689e+03,1.118578426857059867e+03,1.156067469838735207e+02,1.672778514441181130e+02,9.808170823366588138e+02,3.733655671627798824e+02,1.090223024577119077e+03,1.037548053088939241e+03,3.241340788737745271e+01,5.795440805770191446e+02,4.948676878514972941e+02,-1.403402028735848717e+01,8.998192924949998996e+02,5.070565837630963983e+02,3.678972457771663471e+02,3.691814934464214275e+02,2.443730071553898995e+02,2.746352678496206181e+02,1.176107248890976052e+03,3.832881415541223191e+02,3.386192710308171883e+01,5.086913769051970746e+01,5.998182876213506631e+01,4.166956602787546871e+01,1.299852526946471926e+03,1.967336429684174348e+01,2.923718038851883989e+02,-1.264573073354022803e+00,-3.540327463261058227e+01,2.224715224215146350e+02,1.504514245215550773e+03,-7.125945896876980612e+01
1.071570942969037077e+02,5.955632258655036821e+02,1.288086788073835805e+03,3.671545168445639717e+01,5.560192771230748576e+02,1.045085646647063186e+03,1.412931691073671630e+02,7.851476654807065643e+02,1.095348027310799807e+03,-1.052207177181652469e+02,2.952776208389121280e+02,1.010913519301753240e+03,1.626086191710225819e+02,1.076888698947652529e+03,1.085547905974676951e+03,1.164289891502426286e+02,2.123444702841393052e+02,1.019440523212580047e+03,3.291585022761129835e+02,1.126175800534655991e+03,9.913900182359035398e+02,5.463500254320382510e+01,6.077872025822069872e+02,4.909233320779098335e+02,-1.285956573498503630e+01,9.233157312693695076e+02,4.979653867332619939e+02,3.712998965853126379e+02,3.969615515373036487e+02,2.281405035397163203e+02,2.507099804849029567e+02,1.209918191699345016e+03,3.742702758452638818e+02,4.779419240393528412e+01,6.350741450649061193e+01,7.124729104994746365e+01,3.663499880308638268e+01,1.311779361682827357e+03,4.543102229050154151e+00,2.907744949446935152e+02,-6.851554400656835186e-01,-4.025478600837738696e+01,1.997220214249481955e+02,1.529682865597601221e+03,-8.825912208479189758e+01
8.470454338548083228e+01,6.332077655890410597e+02,1.287792291918369983e+03,2.454783007251846527e+01,5.933976777984541968e+02,1.040241455775903205e+03,1.212858421731380361e+02,8.315721392651593078e+02,1.088823622313036594e+03,-1.111554604863127338e+02,3.263297557010291712e+02,1.002773981080942349e+03,1.183642543905717162e+02,1.123011260689179835e+03,1.043079008660707132e+03,1.150712954560919883e+02,2.626766727837999156e+02,1.058273466063802061e+03,2.838450333263350558e+02,1.157972965853273763e+03,9.390124499448219240e+02,7.896866947842366358e+01,6.385279714052934423e+02,4.878171362928909502e+02,-1.276685385880315060e+01,9.447811575414564231e+02,4.887659908084855829e+02,3.734314560436469606e+02,4.254491833316804446e+02,2.131078871871709453e+02,2.240588886254409999e+02,1.240854261335098499e+03,3.629653400072332374e+02,6.541286603948535117e+01,7.889130596200961065e+01,8.317978383045421253e+01,3.652006974298178221e+01,1.321878280507072532e+03,-1.288996341554200775e+01,2.892039785425434388e+02,1.658548924670101510e+00,-4.486327790172986596e+01,1.835439123258231859e+02,1.550385528296247458e+03,-1.052629749214635950e+02
5.836462737306826654e+01,6.714397126869725980e+02,1.285942096683284035e+03,1.471643974338189587e+01,6.296083265183625599e+02,1.032983360183870673e+03,9.710102723838504346e+01,8.815650908170173352e+02,1.078476461692472640e+03,-1.078500122604835241e+02,3.530084307639199892e+02,9.911812235609766049e+02,7.042119707402507345e+01,1.163484251428170637e+03,9.914364861684667858e+02,1.104480048893101127e+02,3.180313875972730671e+02,1.096185830784267409e+03,2.388390048053504984e+02,1.184035447895129892e+03,8.819803192023142628e+02,1.049215590044089907e+02,6.712146650803942975e+02,4.857091642009695533e+02,-1.353922191947076925e+01,9.630876860505180730e+02,4.794290444627025636e+02,3.744607845705608611e+02,4.540177683749953985e+02,2.000157459616309552e+02,1.956421440399417122e+02,1.268542329504101644e+03,3.498765247094843858e+02,8.634140468307346339e+01,9.659698251134039992e+01,9.581847665096648825e+01,3.941896462295854064e+01,1.331167303945760750e+03,-3.168956350903405195e+01,2.873419049764886495e+02,5.791698947020739396e+00,-4.873466793273379238e+01,1.728303435281783607e+02,1.568143725927430978e+03,-1.210825579904567633e+02
2.841919554662241509e+01,7.092712848605411864e+02,1.281624365534102481e+03,8.277664435301970158e+00,6.645053009018963621e+02,1.023909016413937934e+03,6.803302090709728134e+01,9.326696634058994277e+02,1.063162102453091165e+03,-9.171728030169273893e+01,3.759280145735762630e+02,9.794738077994376226e+02,2.001731629901692244e+01,1.194282774583681430e+03,9.319444738662757572e+02,1.014455111463548604e+02,3.769026701630355092e+02,1.131255893221210272e+03,1.957333149251604425e+02,1.203361378356657269e+03,8.227407678880248341e+02,1.317416294580858391e+02,7.048323466643394113e+02,4.847069179467610525e+02,-1.490499450976420981e+01,9.771768445947834607e+02,4.702252201594405392e+02,3.747140298461673069e+02,4.819551870260577857e+02,1.895701877844190051e+02,1.667215609195709760e+02,1.292572914875179094e+03,3.361986560424051618e+02,1.101404670251556155e+02,1.157658930357816729e+02,1.092320594017409263e+02,4.320046099222635405e+01,1.340368605173046490e+03,-5.036738563771335464e+01,2.848166956562937457e+02,1.155793124231551339e+01,-5.126734602014575870e+01,1.657716841546508704e+02,1.584164145337890886e+03,-1.344064675028018598e+02
-4.256824308556511838e+00,7.458273079574461235e+02,1.274084758900774659e+03,6.044291107595385348e+00,6.985603979486809294e+02,1.014047484885742847e+03,3.399854737082386436e+01,9.815962043473947460e+02,1.042008038626029020e+03,-6.032939292858542757e+01,3.978366075239456450e+02,9.716716322759565401e+02,-3.053802633981718628e+01,1.212481451535651559e+03,8.668406829724441423e+02,8.770147694250331938e+01,4.367966037831074004e+02,1.161121403737973878e+03,1.560568401452090939e+02,1.215978168732925269e+03,7.641922138164202352e+02,1.584846132008540849e+02,7.382755653616629843e+02,4.848047432006314921e+02,-1.652732017787959506e+01,9.863509830093594246e+02,4.617283618275183130e+02,3.746067507341269334e+02,5.087025802462474076e+02,1.822548272528337066e+02,1.387306618086539629e+02,1.312615872854823465e+03,3.235508748676910500e+02,1.365831768514732971e+02,1.353443503299289716e+02,1.233031208015623150e+02,4.610095952641395911e+01,1.349870821747376567e+03,-6.722861659790945055e+01,2.814625849670397315e+02,1.875650370414127721e+01,-5.190501646365007105e+01,1.604380167594916600e+02,1.599092529885425847e+03,-1.441184704865943900e+02
-3.820437268538859144e+01,7.806473926266959324e+02,1.262879780259180961e+03,8.324578486583249060e+00,7.330805877924044580e+02,1.004669538506234744e+03,-4.236464865042500527e+00,1.024902548016429819e+03,1.014635802813240502e+03,-1.330506948417716551e+01,4.239410627434364756e+02,9.716161959624776046e+02,-7.808808409676791484e+01,1.217123642208628326e+03,7.989190489721478343e+02,7.056829314196384928e+01,4.950469740404425920e+02,1.183880450422591139e+03,1.210284114133097546e+02,1.222991369263069600e+03,7.090849213040809218e+02,1.841669561284408587e+02,7.707150782902257333e+02,4.858837436753201473e+02,-1.798081487418033575e+01,9.904864152584209478e+02,4.546963227516116604e+02,3.745607119343274007e+02,5.340681061563735739e+02,1.781214076625123255e+02,1.130784901261559554e+02,1.328588603408487188e+03,3.135130276726057446e+02,1.658359685152383918e+02,1.544226459262537219e+02,1.375182026000051962e+02,4.718535462887214749e+01,1.359798534970186211e+03,-8.085171119619485580e+01,2.775608220427513402e+02,2.729936288500169539e+01,-5.034725949430600167e+01,1.553809404161903558e+02,1.613054918416420605e+03,-1.496164324136788366e+02
-7.156751367281623288e+01,8.138915285087858820e+02,1.248015424831929067e+03,1.467281858578043874e+01,7.700888899949296729e+02,9.970612697882830844e+02,-4.501182774126695563e+01,1.059726423420369883e+03,9.814269310465170975e+02,4.704268333278750447e+01,4.613425104755783650e+02,9.819815618982371461e+02,-1.191374779453746839e+02,1.209495577111686998e+03,7.311470865055825925e+02,5.381081244872646607e+01,5.500413294493201875e+02,1.199325584205425230e+03,9.138247237907157228e+01,1.226215996460867245e+03,6.595488929726249125e+02,2.079449530390616019e+02,8.017394543910110087e+02,4.877731508118905595e+02,-1.875973018726613972e+01,9.900708404454956053e+02,4.498740849930879904e+02,3.749117218410040095e+02,5.582790673064539533e+02,1.766464201390164703e+02,9.092847082252703217e+01,1.340748696940112950e+03,3.071290099000644886e+02,1.983867699963448388e+02,1.725277509769880737e+02,1.508773795996795002e+02,4.650410661532363576e+01,1.370074447632870033e+03,-9.049047387023158251e+01,2.739248829524172493e+02,3.731591414003567309e+01,-4.673906020859328692e+01,1.500102842642118617e+02,1.625890671933301519e+03,-1.510035315811405496e+02
-1.024248028968500961e+02,8.463000214230110032e+02,1.230040065844044420e+03,2.375319752644935534e+01,8.118354437589113104e+02,9.922945758589056595e+02,-8.593780669249284188e+01,1.084342040654853918e+03,9.437597925853443712e+02,1.155166438408620166e+02,5.174435314332072267e+02,1.003460161267399030e+03,-1.505222889506087540e+02,1.192750608803715295e+03,6.664182167621747794e+02,4.343115612608428933e+01,6.025346630594027602e+02,1.209901997894719443e+03,6.728272339018444370e+01,1.227635833585114142e+03,6.169405357590296717e+02,2.292485351153408146e+02,8.311976204817324287e+02,4.903306344521570281e+02,-1.834785956341396584e+01,9.860550000832515707e+02,4.477920540499513322e+02,3.758325207620267747e+02,5.818271227459233614e+02,1.767411907284913184e+02,7.300797317822620869e+01,1.349636632703092573e+03,3.045679323619425531e+02,2.346695398329299280e+02,1.897386567108870850e+02,1.620007685709127543e+02,4.488994643297725418e+01,1.380421751095462923e+03,-9.623479404747081389e+01,2.717542072655204493e+02,4.914714080490894332e+01,-4.174775253119315011e+01,1.446060510716558554e+02,1.637412339337809044e+03,-1.490963327047636540e+02
-1.291728597049696248e+02,8.788716664364325197e+02,1.210041794106141424e+03,3.342696935067403530e+01,8.600824842693841674e+02,9.909955499245791088e+02,-1.242535340793795768e+02,1.098418262792531550e+03,9.040627715118754395e+02,1.845003563846468921e+02,5.976479058661432191e+02,1.034423838394088762e+03,-1.700749490214266473e+02,1.171059271024791087e+03,6.074510907227503367e+02,4.620808611579004577e+01,6.565073878456927332e+02,1.220607073193046290e+03,4.831922821083062303e+01,1.228973144598162889e+03,5.819739241116212725e+02,2.478330467207605068e+02,8.588672112417798417e+02,4.934928939121608664e+02,-1.633484086050854245e+01,9.795932407373554724e+02,4.486340664931336732e+02,3.773148260308906288e+02,6.051893259922759398e+02,1.769675314821646737e+02,5.949623879872127219e+01,1.355888520280894227e+03,3.050819254029812555e+02,2.745361621906423579e+02,2.065811009780759093e+02,1.694351742782073131e+02,4.348335495281241236e+01,1.390354848825773843e+03,-9.889083502224231381e+01,2.722991235560813266e+02,6.321914330903763357e+01,-3.646647253538361610e+01,1.399897936004344956e+02,1.647564253277675789e+03,-1.452682371106353116e+02
-1.508574748659648890e+02,9.124092612130101543e+02,1.189501809458201933e+03,4.111537704293770190e+01,9.154230669589612717e+02,9.931237993434724558e+02,-1.573228033110949298e+02,1.102988215886766284e+03,8.655320812142205114e+02,2.451653672453061006e+02,7.031389797620936406e+02,1.071218626167582215e+03,-1.771122659113171665e+02,1.148581597901777286e+03,5.567059661913729087e+02,6.712347771941570329e+01,7.189569470914368594e+02,1.237324469867998914e+03,3.360607860498151211e+01,1.231487503993702830e+03,5.549260116701532297e+02,2.637595666410669537e+02,8.841893001813324418e+02,4.972842886290537763e+02,-1.252143928218927194e+01,9.717838512563467930e+02,4.522250645041101507e+02,3.792423926867473369e+02,6.285880059046997985e+02,1.759396445752541922e+02,5.001946331125881073e+01,1.360001593215927642e+03,3.072786148042290506e+02,3.168794604091750671e+02,2.237682400502604310e+02,1.720779833004381203e+02,4.319487475306451785e+01,1.399237247297856811e+03,-9.966188199922460456e+01,2.764767789816014556e+02,7.985463896989111277e+01,-3.215130021844888830e+01,1.370213516259333062e+02,1.656433767649671609e+03,-1.411655348948039546e+02
-1.673631306679785382e+02,9.471978223773744503e+02,1.170004707460535656e+03,4.438013246529673239e+01,9.768965255611700513e+02,9.978328574845381809e+02,-1.831648196048566035e+02,1.100217616586907752e+03,8.314987791721652002e+02,2.892597919189210529e+02,8.297341305665800064e+02,1.108988739362167962e+03,-1.726143298286459924e+02,1.128576218185529342e+03,5.161759059931304137e+02,1.065729989008314362e+02,7.982946387396465298e+02,1.263834653186727564e+03,2.199784678287024775e+01,1.235939489196642626e+03,5.356952153070088798e+02,2.773378481838658445e+02,9.062637399698778609e+02,5.018146423653645911e+02,-6.953470417857316122e+00,9.634996863010369452e+02,4.581426695293787361e+02,3.815344952543171644e+02,6.519249091914280143e+02,1.728030455788822337e+02,4.376318786475257383e+01,1.362150538774349798e+03,3.095897162112888168e+02,3.596735222774634053e+02,2.419154517503997397e+02,1.695768424891905966e+02,4.434458668480179000e+01,1.406416865633980024e+03,-9.977002911589639211e+01,2.845910288424042847e+02,9.911893609023186968e+01,-2.987478805692022021e+01,1.361503531294854383e+02,1.664142632770335467e+03,-1.383239615226168269e+02
-1.793956954073440215e+02,9.830087103972350633e+02,1.152889180001430304e+03,4.155236177018208821e+01,1.042049598280246755e+03,1.003524192149091732e+03,-2.008786824415277010e+02,1.093051604862212344e+03,8.046378911777825351e+02,3.110095735265439885e+02,9.685237655006429804e+02,1.142664419574701014e+03,-1.590431627064890847e+02,1.112893402785562330e+03,4.870409292962200993e+02,1.586953882578113166e+02,9.016081249850410586e+02,1.298670899080447953e+03,1.238687120421291787e+01,1.242590709124970090e+03,5.236506670526997596e+02,2.890545844166000506e+02,9.241273207266091276e+02,5.073023478112959879e+02,1.323391499611334121e-01,9.553460307876870274e+02,4.659048940486057404e+02,3.842826985024872215e+02,6.749013555963929321e+02,1.676160927805439655e+02,3.969260841146486740e+01,1.362139072916831310e+03,3.107423889446513954e+02,4.004649561705661540e+02,2.613365078416555889e+02,1.625640557361418246e+02,4.663155754266084330e+01,1.411362571936807399e+03,-1.001492157453266572e+02,2.962440156600962382e+02,1.207648340598301928e+02,-3.022080773269344078e+01,1.372171979257235250e+02,1.670692903196899579e+03,-1.377468172506837902e+02
-1.882360988195579239e+02,1.019395091981294058e+03,1.138977351448588934e+03,3.219260595020625004e+01,1.107419997551508459e+03,1.008168943967923155e+03,-2.108244684391384567e+02,1.084769042171731599e+03,7.863454325294737828e+02,3.084965011047824532e+02,1.108221928118454571e+03,1.167681180172158520e+03,-1.398472770316588765e+02,1.101954732176978496e+03,4.693391786277059055e+02,2.119465733763435367e+02,1.031646718256552276e+03,1.333532582969801751e+03,3.969821489844377993e+00,1.251172259892961620e+03,5.174246529657870042e+02,2.994826730121203013e+02,9.371639730973389533e+02,5.141164584507512245e+02,8.408468690522372668e+00,9.477310840831682981e+02,4.751508242764294891e+02,3.877954127135354270e+02,6.972074572341250587e+02,1.614658677673010061e+02,3.684177865687480136e+01,1.359536691782778917e+03,3.100688435982351621e+02,4.370724138457309209e+02,2.819566562881558411e+02,1.526409277719037050e+02,4.941112661047691290e+01,1.413725556529851929e+03,-1.012891504499765176e+02,3.104451812226392917e+02,1.442685464294662836e+02,-3.313131369531491544e+01,1.395768839429696300e+02,1.675862862177010811e+03,-1.395860957818734960e+02
-1.953198695160840259e+02,1.056035174546965436e+03,1.128496229605008466e+03,1.721328919649892342e+01,1.169279189561471185e+03,1.009852864146441561e+03,-2.144895409486543656e+02,1.078448939657776691e+03,7.765534923163625081e+02,2.840068774557999518e+02,1.238279291662802734e+03,1.180227761381185019e+03,-1.187785848030291191e+02,1.095138459535917264e+03,4.618733907829844156e+02,2.521488706195812313e+02,1.184667596011423484e+03,1.354604332253267557e+03,-3.646853498018577167e+00,1.260861710184291042e+03,5.149104006001385869e+02,3.091579568188873282e+02,9.454364148538936661e+02,5.227816623047066287e+02,1.753403103056384893e+01,9.410039767320710098e+02,4.857316200888737967e+02,3.925213545029902775e+02,7.186307950951336352e+02,1.562401359748185996e+02,3.459188866841387267e+01,1.353983890958771326e+03,3.075872114352956714e+02,4.681273704184988560e+02,3.033177468071298790e+02,1.421057637047277069e+02,5.209512455317420176e+01,1.413337157843957357e+03,-1.032473939050874634e+02,3.258785704037838400e+02,1.689062754146871441e+02,-3.795373310337322437e+01,1.424554792607465288e+02,1.679236221917281455e+03,-1.431026387595430833e+02
-2.017802176833518217e+02,1.092857933829322064e+03,1.121210722178163905e+03,-1.379109054273517154e+00,1.224418730631252402e+03,1.007372429002041827e+03,-2.140718561213634530e+02,1.076393944567231529e+03,7.740357876587950159e+02,2.432278209434904284e+02,1.351400071722293205e+03,1.177209936775489723e+03,-9.918890360153881147e+01,1.091342527539292178e+03,4.624796481325505511e+02,2.670344541034884287e+02,1.350094175867096737e+03,1.346814652557995942e+03,-1.056089203043942426e+01,1.270370228343015242e+03,5.136340089667721713e+02,3.184355111804247827e+02,9.497958909446840607e+02,5.338858534619538432e+02,2.716834125649917198e+01,9.355967814939659775e+02,4.976706582806752408e+02,3.989007943276762944e+02,7.390175035941093711e+02,1.541147011995620062e+02,3.283051998920380044e+01,1.345552378210221605e+03,3.038793089890430679e+02,4.932056712266140153e+02,3.246345049860799463e+02,1.334882684407216686e+02,5.444228854653541561e+01,1.410222096254395638e+03,-1.057895699569168499e+02,3.412787730627157998e+02,1.938359586000202626e+02,-4.365758705043014487e+01,1.453222254324990104e+02,1.680387040167597661e+03,-1.469835917430809218e+02
-2.081185862775101327e+02,1.129871699563381526e+03,1.116684137712936945e+03,-2.102635235186583174e+01,1.270789810707110973e+03,1.000649950227702220e+03,-2.119056631301219795e+02,1.079640346468543612e+03,7.770228026500639089e+02,1.935919944806387605e+02,1.444451275750418745e+03,1.156346751982380965e+03,-8.346831287467161076e+01,1.089455264918394278e+03,4.686060868395509829e+02,2.504216895894809625e+02,1.512331336018227148e+03,1.299432572871435923e+03,-1.683547769130150940e+01,1.278193949519875559e+03,5.114304878094604305e+02,3.273795990932906648e+02,9.517440991637116667e+02,5.478873713618215788e+02,3.693714852503168800e+01,9.320912390535046370e+02,5.110191275354975460e+02,4.072282155250530309e+02,7.581419372673605039e+02,1.569360558243387800e+02,3.190730724406384411e+01,1.334972432793667167e+03,2.998377934448104725e+02,5.125700025283244941e+02,3.448814646953135821e+02,1.290063420977293163e+02,5.659733774173655974e+01,1.404668912999248505e+03,-1.085772203096366013e+02,3.558458091724282326e+02,2.181849417272223377e+02,-4.912157329883115864e+01,1.480544648611436287e+02,1.679148311566573966e+03,-1.499016159503950405e+02
-2.141073494249431519e+02,1.166860981317813184e+03,1.114528436200929491e+03,-3.926265457215400545e+01,1.307862915170935821e+03,9.907722285385741543e+02,-2.099037249755382391e+02,1.087745470779939751e+03,7.838400440340039950e+02,1.423382738998418802e+02,1.517635030483536411e+03,1.116660948574613485e+03,-7.274383073654671250e+01,1.088548578382937421e+03,4.780021413761144231e+02,2.041825933161397586e+02,1.654269889780591029e+03,1.210456487305485552e+03,-2.273687363873901290e+01,1.282948090115071636e+03,5.071372761784580234e+02,3.357582213678721246e+02,9.531120837689477412e+02,5.648985710002970109e+02,4.640801561528238750e+01,9.311404045200565633e+02,5.256920091928519696e+02,4.175838256815641216e+02,7.756112078973989128e+02,1.657244145363789016e+02,3.238913879282082320e+01,1.323566168195756291e+03,2.963654174304704156e+02,5.267746259635694059e+02,3.629218771818123628e+02,1.301018981868311926e+02,5.889673047636212289e+01,1.397300992681421576e+03,-1.113176603220954917e+02,3.695797902619839306e+02,2.411562865980702099e+02,-5.336490466400098853e+01,1.508118021332362559e+02,1.675821266139330874e+03,-1.510506830444109028e+02
-2.189260629890287362e+02,1.203221932278872600e+03,1.114528261090384149e+03,-5.427069448033453369e+01,1.336630296512436189e+03,9.795837461028939970e+02,-2.091795112203870417e+02,1.099006914096999708e+03,7.933386761148912001e+02,9.489952747997098470e+01,1.572657224686854534e+03,1.059197065436677804e+03,-6.688901425650061583e+01,1.087785442596833946e+03,4.892784641682796973e+02,1.371776786877344136e+02,1.761325690694910008e+03,1.087699193799444629e+03,-2.879402667238645819e+01,1.283597981343579249e+03,5.009660841556016635e+02,3.431728225175945113e+02,9.556658737937631258e+02,5.845584744199401257e+02,5.512238514871080497e+01,9.332426807340816595e+02,5.413803541437288231e+02,4.298403241139500892e+02,7.909047454070282583e+02,1.804690317394543229e+02,3.472501738224340784e+01,1.312873243271124011e+03,2.941062973351681649e+02,5.364215487396932076e+02,3.777024329109351015e+02,1.372199862353523940e+02,6.158535886703953111e+01,1.389040922057428588e+03,-1.138289000385391745e+02,3.833798086839536836e+02,2.621434756142578522e+02,-5.562785574851305626e+01,1.537384223773949543e+02,1.671187971495032571e+03,-1.504011264845670439e+02
-2.214534899686274230e+02,1.238089575928302565e+03,1.116604156486175270e+03,-6.521471727549776176e+01,1.359235164236435821e+03,9.689527014269667688e+02,-2.099458429537286577e+02,1.111112140098933196e+03,8.050282462652359072e+02,5.407809296754801665e+01,1.610988984984939862e+03,9.874699648291020821e+02,-6.481981788247401255e+01,1.086215684701077862e+03,5.021589195265376020e+02,6.180916610438926995e+01,1.824630233542238557e+03,9.461370112535714725e+02,-3.565390035226545251e+01,1.279452060985965545e+03,4.943519409547552641e+02,3.492688678891801146e+02,9.607622795754992922e+02,6.060631478415597257e+02,6.268282432186612851e+01,9.384744912992316586e+02,5.575867429497645844e+02,4.437140563722189199e+02,8.035508433928818022e+02,2.002614125724418557e+02,3.898160031322338881e+01,1.304141332054126906e+03,2.932815047406032249e+02,5.421958463224049183e+02,3.885058261912259923e+02,1.499316134855784810e+02,6.461848911671985718e+01,1.380913872667443229e+03,-1.160303035164606769e+02,3.987948737971829019e+02,2.808083892421890368e+02,-5.528765069052254688e+01,1.567305657935810359e+02,1.666281143018192552e+03,-1.485743484325343502e+02
-2.206143972500943562e+02,1.270679392135962871e+03,1.120670196517113936e+03,-7.229339186406049578e+01,1.378309531290043651e+03,9.600060266476991728e+02,-2.116872092464774369e+02,1.122010089782986825e+03,8.189432987679042526e+02,2.018376596843794601e+01,1.633071950134494955e+03,9.072082004012322614e+02,-6.498331829119651104e+01,1.082707126799977004e+03,5.173594675434978853e+02,-1.009911766375774178e+01,1.842374327492837892e+03,8.029619525896811183e+02,-4.384700245677886699e+01,1.269974694241964244e+03,4.893282041537548253e+02,3.539068497652501719e+02,9.691631591082556270e+02,6.283288621624332109e+02,6.884482892138794341e+01,9.463566290957123783e+02,5.737530560221975975e+02,4.588170003551359173e+02,8.133451852717640804e+02,2.236728431803222747e+02,4.476435170306621103e+01,1.297948511394541811e+03,2.936792943563268068e+02,5.450831359140615859e+02,3.951909673958201097e+02,1.673599576086982950e+02,6.765403245092215911e+01,1.373756575894102980e+03,-1.179019372496983209e+02,4.174565620720154016e+02,2.970677275397116546e+02,-5.168480847214190277e+01,1.594405091872059472e+02,1.662006946296065280e+03,-1.464403217818741609e+02
-2.156968953418143542e+02,1.300616838894599141e+03,1.126482940542756978e+03,-7.652164520737930786e+01,1.396229285442845139e+03,9.526891728420461050e+02,-2.135120331532195053e+02,1.130661476802970128e+03,8.353335829745687988e+02,-8.029035356927481715e+00,1.638699557145837389e+03,8.253600173296599678e+02,-6.589457450176227837e+01,1.076156740862958713e+03,5.361472859968745297e+02,-7.032632079814693782e+01,1.819134541975285401e+03,6.727265773506519508e+02,-5.362340650965946054e+01,1.254644006350216614e+03,4.877103198246628040e+02,3.571897290322890512e+02,9.810595195825909514e+02,6.501967321040845036e+02,7.355334276630894408e+01,9.559777822126392266e+02,5.893984684361728341e+02,4.746759913491275142e+02,8.204948566423472585e+02,2.491942013362632906e+02,5.133019645313774504e+01,1.294154712038356365e+03,2.948023297152866462e+02,5.465487782930075582e+02,3.983167263215578942e+02,1.887149240954487652e+02,7.021904019210154502e+01,1.367992134534418028e+03,-1.194451539400925810e+02,4.404014264943727994e+02,3.109753348298581273e+02,-4.398324822753671270e+01,1.614865565771634124e+02,1.658827015511383706e+03,-1.446709247528335140e+02
-2.065811292300294895e+02,1.328059177607519814e+03,1.133556797516193228e+03,-7.930633138187094744e+01,1.414562661341640705e+03,9.458752596620271333e+02,-2.145444781433008359e+02,1.137351584295000066e+03,8.542871762490118499e+02,-3.207256321412140920e+01,1.628165565496917679e+03,7.487403058161404488e+02,-6.655768218532655567e+01,1.065908531367671230e+03,5.597327031780337165e+02,-1.152484881056081036e+02,1.763825166202985429e+03,5.645334918345580490e+02,-6.494421232826964285e+01,1.233058006266760685e+03,4.904676687443334799e+02,3.593397103013165861e+02,9.962618499043251177e+02,6.705980668931399578e+02,7.690276325148836634e+01,9.663394617068462367e+02,6.041952862049225814e+02,4.907163418173982450e+02,8.256349928309711004e+02,2.755568779700747086e+02,5.780671966641858717e+01,1.292182038741139650e+03,2.961083241680211131e+02,5.485003684801633881e+02,3.990842838737298734e+02,2.136724109757851124e+02,7.193754163318338612e+01,1.363605044170811425e+03,-1.206522392025782011e+02,4.675938784088129978e+02,3.225675806292937295e+02,-3.116945380969369594e+01,1.626733024482840335e+02,1.656683492744233263e+03,-1.434747246410699972e+02
-1.938377879479637329e+02,1.353561731587518125e+03,1.141171907628487361e+03,-8.194006462620190234e+01,1.433903005157353391e+03,9.379739757315056750e+02,-2.142251709107973170e+02,1.143436436709077725e+03,8.754142545514694120e+02,-5.265714073310516596e+01,1.603395510821600737e+03,6.828204105942193110e+02,-6.663972346391567214e+01,1.052134579259311295e+03,5.887077160384773151e+02,-1.449869212231799622e+02,1.687263237090787470e+03,4.818377479918202653e+02,-7.758310832174849736e+01,1.205287921937442434e+03,4.975605267097783440e+02,3.605221441772487196e+02,1.014425698064421681e+03,6.886610513324218346e+02,7.905405674617232137e+01,9.767344110381337714e+02,6.179646512210952096e+02,5.062478127422934904e+02,8.297445452768928362e+02,3.018397219179312856e+02,6.341453677055938698e+01,1.291430647454744758e+03,2.972305203625655281e+02,5.529971608828911940e+02,3.991201617611932875e+02,2.424146430517220665e+02,7.269254824231775558e+01,1.360306555244733545e+03,-1.214887140976018571e+02,4.978986855205300230e+02,3.317931318317139926e+02,-1.221731645059593596e+01,1.630435443493905439e+02,1.655181400231051157e+03,-1.426119701393045318e+02
-1.786712176218258890e+02,1.377777632415312382e+03,1.148467431538034134e+03,-8.518392665492632432e+01,1.454062963235940742e+03,9.277336858950475289e+02,-2.124434274273453127e+02,1.150649889137809623e+03,8.977237884951915703e+02,-6.930124216108080759e+01,1.568331685312558875e+03,6.309917919283499259e+02,-6.635710207693736606e+01,1.035944294683004500e+03,6.227338914423762617e+02,-1.616664826464431144e+02,1.600121269412980610e+03,4.240575586038304436e+02,-9.121211617049654308e+01,1.172261009872051545e+03,5.082623971843234472e+02,3.607496541470590614e+02,1.035165110597554985e+03,7.037842851117708278e+02,8.016878202798383768e+01,9.869434534356631730e+02,6.306241978198029301e+02,5.205143274497104358e+02,8.340076321736631826e+02,3.273876839702827510e+02,6.762708660922935167e+01,1.291584241307376033e+03,2.980683977931065556e+02,5.618032666621461431e+02,4.001854303629884839e+02,2.753403198121876585e+02,7.265573461377816500e+01,1.357744446912128751e+03,-1.219031652684422937e+02,5.295354964854594755e+02,3.386129672283806258e+02,1.365388055602192630e+01,1.627564812487050574e+02,1.653861630704210256e+03,-1.416308449853578395e+02
-1.627085111910613477e+02,1.401133598400960864e+03,1.154601303141133712e+03,-8.909292562996888876e+01,1.474416814546269734e+03,9.148486210153896536e+02,-2.094932616591505621e+02,1.160295918996994487e+03,9.197714099798645293e+02,-8.073774624233186614e+01,1.528306228590969567e+03,5.943770512741956509e+02,-6.615374212786127828e+01,1.019157144271511584e+03,6.605779976767609014e+02,-1.678480905839862487e+02,1.511583526566226283e+03,3.886091713222455155e+02,-1.053808961444975978e+02,1.135897722911366600e+03,5.217232043564526975e+02,3.599422360595714281e+02,1.057984690833403647e+03,7.156962313745508482e+02,8.039799052847430971e+01,9.971510832480848876e+02,6.421316073001585210e+02,5.328438075850378937e+02,8.396308719739172375e+02,3.516528052282518502e+02,7.024332338804751430e+01,1.292674455161396736e+03,2.987056811586455183e+02,5.759458966003473961e+02,4.038953818810890652e+02,3.126345664502080126e+02,7.219490507312970351e+01,1.355614634845018145e+03,-1.218744520986852677e+02,5.607952587038372485e+02,3.432355425335338168e+02,4.675494897629089763e+01,1.619433235804604863e+02,1.652366495082596884e+03,-1.401757305114918211e+02
-1.476758043331402916e+02,1.423605043874045123e+03,1.158943564126162528e+03,-9.313602830734303950e+01,1.494155047970007217e+03,9.001126504816886609e+02,-2.059050063650909408e+02,1.172686220073120012e+03,9.400377266065654567e+02,-8.581650243288544289e+01,1.488743303254969533e+03,5.720916657780794594e+02,-6.634057883860914728e+01,1.003863910665084973e+03,7.004393536755704872e+02,-1.657448234108892962e+02,1.428679636655564764e+03,3.723215668576312964e+02,-1.194215946185251056e+02,1.098862282502017024e+03,5.374231653987046684e+02,3.581081676769198907e+02,1.082091459368987444e+03,7.244854220890790657e+02,7.991598592546691293e+01,1.007652061096853913e+03,6.524489647729911894e+02,5.428608413447220755e+02,8.476091243460768965e+02,3.740768165260861906e+02,7.137024674697025262e+01,1.294947508826340936e+03,2.992085884623141965e+02,5.954372335498991333e+02,4.114948322919402131e+02,3.539420083715147030e+02,7.171466654177902456e+01,1.353658460585220837e+03,-1.214767803241947917e+02,5.906654615377789241e+02,3.463347776472924124e+02,8.683144618723083852e+01,1.606878411305647489e+02,1.650426804967339194e+03,-1.382287294098948109e+02
-1.350456656367196047e+02,1.444667622002474445e+03,1.161242178093208622e+03,-9.652437897264105970e+01,1.512368289894127201e+03,8.851017489487662715e+02,-2.022362954915092530e+02,1.187045707558887443e+03,9.573729930038907696e+02,-8.435072142736282785e+01,1.453886788754718964e+03,5.617993296583115352e+02,-6.687257443362292975e+01,9.919752940659933529e+02,7.404027791679646953e+02,-1.571915144894894070e+02,1.356137789372121915e+03,3.719674212746762123e+02,-1.324133493209372148e+02,1.064001960855026255e+03,5.552855289438465434e+02,3.555186750055801781e+02,1.106252825762841667e+03,7.305690928239904451e+02,7.895533068100908736e+01,1.018538270807124263e+03,6.615319097771325687e+02,5.506530641882951613e+02,8.584824047131863836e+02,3.940821023180926659e+02,7.133010390337629758e+01,1.298671130560989923e+03,2.994278451679320483e+02,6.192702852112702203e+02,4.237087828450470397e+02,3.982978386893087190e+02,7.149754255703874151e+01,1.351636564035479068e+03,-1.209180858872304327e+02,6.190795606514146812e+02,3.490838993737310147e+02,1.331104657364932962e+02,1.591365260405240178e+02,1.647749559727081305e+03,-1.362091439050074655e+02
-1.257597282832839198e+02,1.463456388684771127e+03,1.161680658485260437e+03,-9.857403967725940674e+01,1.528074095982266044e+03,8.715736587383283904e+02,-1.989037268991574479e+02,1.201882218213135275e+03,9.712999949306183680e+02,-7.742453319724229743e+01,1.426126676366574884e+03,5.604042180628681535e+02,-6.735604240088352412e+01,9.848895314326550761e+02,7.788478573337874877e+02,-1.439191719260857951e+02,1.296556793844082904e+03,3.842628462626486225e+02,-1.433254207734739794e+02,1.033698097883089986e+03,5.754633595145069194e+02,3.527393576157761004e+02,1.128880158422308114e+03,7.345866789292488193e+02,7.780254184592173772e+01,1.029553176028690359e+03,6.693416984874174886e+02,5.567760332068365869e+02,8.721982498765986520e+02,4.111703814443395117e+02,7.053072798824797474e+01,1.303993400204643649e+03,2.989344172252204999e+02,6.457196101247611750e+02,4.406865873054060216e+02,4.443275867422109968e+02,7.160842387615313953e+01,1.349356036368547166e+03,-1.205138080385310673e+02,6.467238362682290926e+02,3.529357053306053444e+02,1.844435033017127807e+02,1.576062978648679405e+02,1.643943080847625424e+03,-1.349033748360901086e+02
-1.201034253360534905e+02,1.479111084346987127e+03,1.160775061536766088e+03,-9.894661975534712894e+01,1.540374191910485706e+03,8.608540968645021394e+02,-1.961041470523774137e+02,1.215623126606581991e+03,9.820427206795784514e+02,-6.701862734995788173e+01,1.406032893024054147e+03,5.647506720062002614e+02,-6.725471944872235497e+01,9.832886395703593507e+02,8.147261938627927975e+02,-1.276764229881638215e+02,1.250665785466769876e+03,4.058466028834123449e+02,-1.513296992443268039e+02,1.009350786832282211e+03,5.980113631080182586e+02,3.504645329442089405e+02,1.148415037064831040e+03,7.372416896307150864e+02,7.674374119484436108e+01,1.040192001632761276e+03,6.758804497743535649e+02,5.620564575635373785e+02,8.881860907016493911e+02,4.250809878283720309e+02,6.934719736372026944e+01,1.310883092385947748e+03,2.971561376603107760e+02,6.728790406398690038e+02,4.620476975184515140e+02,4.906186424932132581e+02,7.190647574571018197e+01,1.346732098627805271e+03,-1.205920157677811773e+02,6.745571324481676356e+02,3.592082008473435053e+02,2.394979164644408058e+02,1.565493901921809368e+02,1.638576289638222534e+03,-1.352171128080899223e+02
-1.177413847685870962e+02,1.491211155773852624e+03,1.159140603993615514e+03,-9.770929517818913723e+01,1.548811291230294046e+03,8.534301106871226921e+02,-1.938281789523554153e+02,1.227241206892582341e+03,9.903034383911630130e+02,-5.520142626810311981e+01,1.392789794147856355e+03,5.722276608878735260e+02,-6.617088251779370012e+01,9.870119051128461933e+02,8.477014251954857400e+02,-1.100314618219479001e+02,1.217488056887536459e+03,4.335315148335996014e+02,-1.561392953257473266e+02,9.911115104067406492e+02,6.226750290525112632e+02,3.492250352163569573e+02,1.163914342300512772e+03,7.391410584854138506e+02,7.598195281278958646e+01,1.049979890504216655e+03,6.812430864494906473e+02,5.672648151064984177e+02,9.056319716245806148e+02,4.359397048878535657e+02,6.804490907087095763e+01,1.319126426348091400e+03,2.936734103374929532e+02,6.992715977398364657e+02,4.870029987700179390e+02,5.361204832875831698e+02,7.216337960657723727e+01,1.343808346212624201e+03,-1.213635872979238286e+02,7.032999360511129225e+02,3.686202215558307671e+02,2.969667907771467412e+02,1.563541405580328103e+02,1.631379285430283517e+03,-1.377866623724789292e+02
-1.178570191447329165e+02,1.500122881201339396e+03,1.157244760937006276e+03,-9.525651677477810608e+01,1.553768443518536515e+03,8.488493859920091609e+02,-1.919300970475321435e+02,1.236629633369735075e+03,9.969447217411623114e+02,-4.334884581631235534e+01,1.384651612409463723e+03,5.811729451290243560e+02,-6.405959178450297031e+01,9.950009754565553521e+02,8.781672696726313916e+02,-9.200844033842574277e+01,1.194398975882507784e+03,4.647691073102484438e+02,-1.581989913328792738e+02,9.778759491770628074e+02,6.488908269555830657e+02,3.491260222631782426e+02,1.175562900535499011e+03,7.406821357282204872e+02,7.556613906384339430e+01,1.058759521146065026e+03,6.856604855749244507e+02,5.728107683925704805e+02,9.238015212525066318e+02,4.443291422688362786e+02,6.674804015101670984e+01,1.328353838320999785e+03,2.885232220781264232e+02,7.243049455690768355e+02,5.144957501950851793e+02,5.804239039763091341e+02,7.222274312005590957e+01,1.340703410670800167e+03,-1.228153867603667919e+02,7.331087030708573593e+02,3.809560566451597765e+02,3.557532590964151495e+02,1.571026165883501733e+02,1.622489152415550961e+03,-1.425924661504365645e+02
-1.193202993771340346e+02,1.507058198725409056e+03,1.155285029789027703e+03,-9.217510273435649992e+01,1.556609200285882253e+03,8.459010252775269691e+02,-1.902041573053497245e+02,1.244597524155827614e+03,1.002761108230590025e+03,-3.180228085852673203e+01,1.379255783406338196e+03,5.909501531690644924e+02,-6.127874181086121297e+01,1.005391624549085122e+03,9.071328857764800659e+02,-7.385472133173335862e+01,1.177249529064293029e+03,4.979981763287647709e+02,-1.586339363566245027e+02,9.675133192619853162e+02,6.759215045679936793e+02,3.497658809075674640e+02,1.184801001391122782e+03,7.420236269435644090e+02,7.537108110856908638e+01,1.066814164960566586e+03,6.894983885081695689e+02,5.786220732178358048e+02,9.422180020095726150e+02,4.512361406834955915e+02,6.545002982673261727e+01,1.338090003964079415e+03,2.823200695365729302e+02,7.483627562060852370e+02,5.433116834619313522e+02,6.237984726027447095e+02,7.209758832397578487e+01,1.337537634123323642e+03,-1.246849359308492353e+02,7.635365869490879049e+02,3.950254896053577909e+02,4.150548212064971381e+02,1.584591275168976665e+02,1.612570591901237776e+03,-1.488081207313834966e+02
