5.451358862904233860e+01,-4.473111979543216421e+01,1.770932308968113603e+03,-3.887915230222952712e+00,-2.179269350369896756e+02,1.464173625348641508e+03,1.077755850857272719e+02,1.522044643720398369e+02,1.487753884543096092e+03,1.279434124867077145e+02,-3.281457212302522066e+02,1.220132456577028051e+03,2.932948964346322214e+02,2.075349053167090005e+02,1.246246962660759664e+03,2.983836358281057528e+02,-2.479674828581058534e+02,1.328842020384645821e+03,3.945726444331631910e+02,2.700476264839211993e+01,1.317562292073542721e+03,3.507359737073183226e+01,-1.120085924469658067e+02,9.737611912223687796e+02,1.581856764328782958e+02,1.357979261927247308e+02,1.059453117114333054e+03,1.354872423852489476e+02,-7.621825394605788517e+01,4.718836073133414288e+02,5.000075986969922042e+02,5.110984174856400131e+01,1.084167602359414786e+03,2.795644225727008880e+00,1.247408925179766426e+00,-1.992734649780466993e+00,3.991209517259666768e+02,3.394859105864536275e+01,6.244183961714242059e+02,2.375727938104275836e+02,-2.313775814422457167e+00,2.259495062649897790e+01,6.137684864345499136e+02,-9.926177156165992699e+01,6.553658857956709198e+02
5.459158285145997525e+01,-4.271074028645754339e+01,1.771744346025976711e+03,-3.548504323689305462e+00,-2.150402806877234525e+02,1.464186142931314862e+03,1.095129197166799457e+02,1.535811028888339536e+02,1.488233667386137085e+03,1.246316889430611639e+02,-3.236157189255769140e+02,1.217090935609488724e+03,2.948567850486731459e+02,2.130851408408719294e+02,1.245579666676475199e+03,2.989071357693427444e+02,-2.488393422669809354e+02,1.324708904884089861e+03,3.956422099261716312e+02,2.931739078827528999e+01,1.312861085973917852e+03,3.442882287250913009e+01,-1.098027418651180653e+02,9.736189293623561980e+02,1.591074488657046970e+02,1.393673717980233278e+02,1.059533028036578571e+03,1.360628382515556041e+02,-7.769709280345827551e+01,4.725225622730883401e+02,5.003649127566662855e+02,5.050714795464679696e+01,1.085809596132245588e+03,3.775628793993360821e-01,1.128986709440532588e+00,-1.576915157679222856e+00,4.043843161681469951e+02,3.174322774989952833e+01,6.295268000241356958e+02,2.388326128627557807e+02,-3.229515084930111524e+00,2.291016440381731201e+01,6.177735755250876082e+02,-9.143073043549331658e+01,6.674170257337941621e+02
5.465097033166967577e+01,-4.087336005323506072e+01,1.772254432940508423e+03,-3.343806085897641278e+00,-2.124489975251693465e+02,1.463699279390017182e+03,1.111558362657532939e+02,1.551846556581081416e+02,1.488721596812817097e+03,1.213011917710710605e+02,-3.195384892184599721e+02,1.214146749869036512e+03,2.965664563540613017e+02,2.181754970483945328e+02,1.245279234962130886e+03,2.992455001781266333e+02,-2.493596917782390960e+02,1.320065710351270582e+03,3.969789320876319607e+02,3.112610818468779428e+01,1.308643105176563267e+03,3.372750446833200044e+01,-1.071734073912973173e+02,9.736184012049759531e+02,1.600591095179267711e+02,1.431946744066298720e+02,1.059769038004752474e+03,1.364142082920079417e+02,-7.868403855633199839e+01,4.731898025819681948e+02,5.008000267639608865e+02,5.026087615711949752e+01,1.088367899448904154e+03,-1.487445971468829065e+00,9.741171558384829066e-01,-1.264593024932230803e+00,4.094236139532999914e+02,2.972937970366522720e+01,6.345481162222529292e+02,2.397631855961630549e+02,-4.337520523558817231e+00,2.325476860847190608e+01,6.215811887804762819e+02,-8.650306292318633439e+01,6.789230873244875966e+02
5.474329728538443618e+01,-3.931342421361911477e+01,1.772256234176281396e+03,-3.333769791504759272e+00,-2.102495947770634643e+02,1.462431299067385680e+03,1.126593551115474270e+02,1.571021976952144428e+02,1.489181236494606992e+03,1.179142761419050203e+02,-3.160182514123376905e+02,1.211224473436051312e+03,2.985638066021686541e+02,2.223876401295727305e+02,1.245539912924542705e+03,2.993184050689227433e+02,-2.492886159775970327e+02,1.314572696058374731e+03,3.988014420295691593e+02,3.214388736644585975e+01,1.305214009893178854e+03,3.291422922191993905e+01,-1.039019360506147081e+02,9.737532457116325304e+02,1.610735537234216963e+02,1.473342811779665169e+02,1.060220473116696894e+03,1.363696111231472798e+02,-7.893487823234937650e+01,4.738735031437766452e+02,5.013049651214464575e+02,5.027894859491848933e+01,1.092245228904665964e+03,-2.534024009797271493e+00,7.436441126333911411e-01,-1.101805299733479071e+00,4.140498748825425537e+02,2.781005726409456003e+01,6.393683741472794964e+02,2.401739035785595888e+02,-5.735241505098722214e+00,2.365265362970084340e+01,6.249332102869249184e+02,-8.633031431349141371e+01,6.894252778323058237e+02
5.498348445126905659e+01,-3.801078891434627849e+01,1.771690746806765219e+03,-3.469438103703234244e+00,-2.082969963503693407e+02,1.460430303727118826e+03,1.140295703374864473e+02,1.592475804623832403e+02,1.489518435997968027e+03,1.144653899549265219e+02,-3.127645734933451536e+02,1.208074981909461258e+03,3.009550156010225237e+02,2.254634204569769906e+02,1.246314986321649258e+03,2.992233843601229069e+02,-2.485575585573332376e+02,1.308230370374147924e+03,4.012155603761164002e+02,3.239353379252602139e+01,1.302650590989962211e+03,3.195320692054297140e+01,-1.000719734198439852e+02,9.738499571900912315e+02,1.621787263201902078e+02,1.515870458474804821e+02,1.060821405430913501e+03,1.358698457317830162e+02,-7.853965602633942922e+01,4.745219519404391235e+02,5.017694416897869019e+02,5.001705133447026697e+01,1.097168126251815011e+03,-2.866262749696369738e+00,4.173089583539619229e-01,-1.062564959387612973e+00,4.181542831028065734e+02,2.561892462999202635e+01,6.438416752930799021e+02,2.400860780256298597e+02,-7.373450514993368898e+00,2.411229108784994679e+01,6.276047958205623445e+02,-9.107479836200717216e+01,6.986518521707558875e+02
5.549219607372101848e+01,-3.684031917648651699e+01,1.770608455698987427e+03,-3.607639116098074084e+00,-2.063077284397543565e+02,1.457996416585687030e+03,1.153069552663615980e+02,1.614673374788712863e+02,1.489592399864700837e+03,1.110264292144025120e+02,-3.092760015079873028e+02,1.204377205933089272e+03,3.038191455723166428e+02,2.274890140683014863e+02,1.247379761914486153e+03,2.992056569596715008e+02,-2.471912532352959033e+02,1.301320685673446405e+03,4.042001565487623793e+02,3.217760418187072702e+01,1.300823642658054496e+03,3.083567606897647906e+01,-9.595131888700292677e+01,9.736817901178037573e+02,1.633854356140923869e+02,1.556997829208895041e+02,1.061421680239789112e+03,1.350203950738153935e+02,-7.779543833108814965e+01,4.750878142191928646e+02,5.020361328244159154e+02,4.897378493870611038e+01,1.102434923458588628e+03,-2.812278694476555430e+00,2.126099589082801333e-02,-1.088494846156292217e+00,4.217017378678139039e+02,2.290837862205120956e+01,6.478280950161857845e+02,2.396960583889032534e+02,-9.072887032845821764e+00,2.461590464097859865e+01,6.295271512476858788e+02,-9.921302488223956573e+01,7.065921460708860877e+02
5.633607508968911759e+01,-3.560332606993447513e+01,1.769109953079719617e+03,-3.569828929144702290e+00,-2.040240363615652370e+02,1.455487938648283716e+03,1.165509136601202869e+02,1.636828189300219947e+02,1.489266624266858798e+03,1.077664732811944219e+02,-3.051373168852213666e+02,1.199903266833232010e+03,3.072224293897036773e+02,2.289537692353601130e+02,1.248464116549828077e+03,2.995327679947766342e+02,-2.451903377033769118e+02,1.294179436230543615e+03,4.076566421102621121e+02,3.194972952296323498e+01,1.299455621968133983e+03,2.958249942033100766e+01,-9.178107833258410153e+01,9.731144907317678872e+02,1.646855944986986628e+02,1.596105397125815557e+02,1.061848709338889648e+03,1.340793162529296296e+02,-7.699543976158506098e+01,4.755747031245615517e+02,5.020010224732504298e+02,4.722719493375920052e+01,1.107333938887869863e+03,-2.689336223757265554e+00,-3.731257338924622857e-01,-1.140214067175715273e+00,4.246727645232114128e+02,1.994150134742497471e+01,6.512505564706812038e+02,2.392581816351328143e+02,-1.060349302749784606e+01,2.511226624870360169e+01,6.308320498091454738e+02,-1.081885631828085366e+02,7.134581480293971936e+02
5.751522514148668108e+01,-3.406112260628705002e+01,1.767311805786040395e+03,-3.213743496483730588e+00,-2.013194569656931776e+02,1.453129228987843589e+03,1.178430309701946896e+02,1.659513710707022653e+02,1.488478270590166176e+03,1.049178138256837229e+02,-3.002234010207775441e+02,1.194633454058686311e+03,3.112216742792700188e+02,2.305640358904104232e+02,1.249364204139835238e+03,3.003414710977344839e+02,-2.424892729204766511e+02,1.286914627705054954e+03,4.115103049475948751e+02,3.215403673609863233e+01,1.298156450557738253e+03,2.824134636435844214e+01,-8.761739899023901046e+01,9.721724971993243116e+02,1.660625188532080472e+02,1.635305010579022280e+02,1.061946490708065767e+03,1.333611391817100298e+02,-7.628725159737200556e+01,4.760467369192274418e+02,5.016893282530626834e+02,4.552489104351536753e+01,1.111425716263929871e+03,-2.652725755743323699e+00,-6.927556100408273076e-01,-1.215238563020436757e+00,4.269832614841836289e+02,1.751715948325540140e+01,6.541241972485987617e+02,2.389566666882493564e+02,-1.178377322968366236e+01,2.552240306959439664e+01,6.317346024489049796e+02,-1.154497248877223967e+02,7.195111062295484317e+02
5.899367372794146291e+01,-3.197811470639723197e+01,1.765330925081983878e+03,-2.482863357473131138e+00,-1.981988576225290046e+02,1.450915964288877603e+03,1.192958191254169122e+02,1.684020495237590183e+02,1.487280981600628138e+03,1.026939092679413221e+02,-2.947042334162310340e+02,1.188749048513831440e+03,3.158449572873999500e+02,2.328836216975203968e+02,1.249987068858825523e+03,3.015525918288935259e+02,-2.390359259960472400e+02,1.279243549854353660e+03,4.158019875427519310e+02,3.308777504581102136e+01,1.296446939161736736e+03,2.687761259187185203e+01,-8.331082731082079817e+01,9.709970776498316809e+02,1.674977425123740034e+02,1.677998219073521682e+02,1.061595348210051498e+03,1.331005760554298263e+02,-7.565901712643565702e+01,4.765956410338681621e+02,5.012472510974790794e+02,4.482746011070937442e+01,1.114562532303227499e+03,-2.698121747775628076e+00,-9.200305309304923629e-01,-1.322978588096181740e+00,4.284526399576978974e+02,1.655634091480428083e+01,6.565204965354632805e+02,2.388343645999074738e+02,-1.254571107918777884e+01,2.576564407138807411e+01,6.323256963147439365e+02,-1.194366743250228353e+02,7.248479723955761074e+02
6.072989668404274255e+01,-2.919315075405909354e+01,1.763254051475012830e+03,-1.416028829054670979e+00,-1.947373561121765420e+02,1.448645640613686965e+03,1.210384154981111493e+02,1.710974711779587665e+02,1.485826659629151663e+03,1.011910726744283835e+02,-2.888941273057965873e+02,1.182519350381069899e+03,3.210553003441359579e+02,2.360205552136390850e+02,1.250343089300590009e+03,3.029033005288670779e+02,-2.349218796581862136e+02,1.270572326645036128e+03,4.206969022862730299e+02,3.481925900485798309e+01,1.293829643002649618e+03,2.555763102734466230e+01,-7.861096046917509739e+01,9.697519341403581166e+02,1.689608972343813491e+02,1.726355832632976046e+02,1.060742167030401561e+03,1.333537268143669507e+02,-7.500417307601847483e+01,4.772907850378324497e+02,5.008484407213765053e+02,4.565502051033344344e+01,1.116742714849226786e+03,-2.761918171397755639e+00,-1.117052801892396641e+00,-1.448368150020957756e+00,4.288806702055118194e+02,1.752853507119331411e+01,6.584784543151247362e+02,2.388045505447717574e+02,-1.293520749515049673e+01,2.580121503225262813e+01,6.324490512326711951e+02,-1.200957247172711249e+02,7.293001861572770395e+02
6.267769376285458094e+01,-2.570789554495333817e+01,1.761087245198007167e+03,-1.219170554974217391e-01,-1.910318375047543782e+02,1.446035985910713180e+03,1.231685780658298057e+02,1.739249707618833440e+02,1.484291242930412864e+03,1.003112072817486364e+02,-2.830627693613255929e+02,1.176159407652714208e+03,3.267199480319584950e+02,2.395637882573119555e+02,1.250519639049563466e+03,3.040635036374551419e+02,-2.304333540381915668e+02,1.260291234501806912e+03,4.263850863032405982e+02,3.718119781641986066e+01,1.289932843646802439e+03,2.432536398493278895e+01,-7.331740114743226400e+01,9.685507433368200054e+02,1.703896266731198068e+02,1.779638936158571028e+02,1.059447373491721464e+03,1.339911571968423232e+02,-7.418544524126784268e+01,4.781424527057369005e+02,5.005778561849976427e+02,4.772940064481552724e+01,1.117981888582876081e+03,-2.816613718053251780e+00,-1.393723487860130561e+00,-1.544428128964815405e+00,4.282105109979579538e+02,2.012564344643992698e+01,6.599326386894233565e+02,2.387205385456153977e+02,-1.306046960271376811e+01,2.566410565491623430e+01,6.317764583795919862e+02,-1.187070658819783091e+02,7.325330016385910312e+02
6.476934145602373860e+01,-2.173472278272843994e+01,1.758725573574686905e+03,1.265024570113559621e+00,-1.871934953894356397e+02,1.442863237640962097e+03,1.256955526983506388e+02,1.766027247479641460e+02,1.482786932793555252e+03,9.973926496825751542e+01,-2.773011904792471114e+02,1.169735753152430107e+03,3.326117272594791530e+02,2.428180969322100111e+02,1.250646418540922923e+03,3.047554358124722285e+02,-2.259504538073446724e+02,1.248108622515266916e+03,4.329229127052571471e+02,3.985217486397264963e+01,1.284664979362624308e+03,2.317982473668096688e+01,-6.738599559926780103e+01,9.674399862999462130e+02,1.716832322669609425e+02,1.834585655156799078e+02,1.057910255534799489e+03,1.347812970960007988e+02,-7.306570910049842382e+01,4.790941463338269841e+02,5.003726325203633110e+02,5.016141473164862674e+01,1.118301893622583066e+03,-2.898796537860838018e+00,-1.840188693656460872e+00,-1.564325941546045984e+00,4.266584723494418085e+02,2.342134732229050798e+01,6.607347198902432410e+02,2.384527302470303880e+02,-1.302919487343298854e+01,2.546753540385584458e+01,6.300206054608927388e+02,-1.171291668797149299e+02,7.342904656101067076e+02
6.691385211705461700e+01,-1.764375591096634110e+01,1.755990639292127526e+03,2.630328090575738020e+00,-1.833503233273013109e+02,1.439059746729717972e+03,1.285172108087376159e+02,1.788137837424430927e+02,1.481312509238209032e+03,9.900385930665424894e+01,-2.714778187094403847e+02,1.163161367188578879e+03,3.384541128801367904e+02,2.452064581596105768e+02,1.250846253971324813e+03,3.048166009257091105e+02,-2.217500268988594883e+02,1.234216964149690966e+03,4.401134561739598325e+02,4.251353953692687782e+01,1.278273984336718968e+03,2.206460659318757322e+01,-6.093457732590881193e+01,9.664192270857023459e+02,1.727280328151902324e+02,1.887610779998572923e+02,1.056421831859295480e+03,1.355157972640165269e+02,-7.152804977340829851e+01,4.800441862502847243e+02,5.000585983980028004e+02,5.202640555532521915e+01,1.117798194145204889e+03,-3.076291923250426663e+00,-2.469823988963723238e+00,-1.504753250270388643e+00,4.246843084443877956e+02,2.642200448769223442e+01,6.607750772408836610e+02,2.379362495550340384e+02,-1.291244519868935114e+01,2.535820223343511870e+01,6.271113425701380493e+02,-1.168420807669802741e+02,7.346155912271008219e+02
6.902408777876176771e+01,-1.381364652181755659e+01,1.752737319542548676e+03,3.914073682847586610e+00,-1.796186382103722678e+02,1.434738936519536765e+03,1.314565513361289675e+02,1.803940597377966810e+02,1.479769269055538643e+03,9.762883015840139933e+01,-2.652887261681087239e+02,1.156277496391216346e+03,3.439947106737759555e+02,2.466142097762818821e+02,1.251179359165340429e+03,3.042057618420220706e+02,-2.178539023028465635e+02,1.219202304163754206e+03,4.475119016684180338e+02,4.502256403513590755e+01,1.271260418401104971e+03,2.087842595640794485e+01,-5.415346763174667899e+01,9.654610558079182283e+02,1.734471073221961035e+02,1.937340035952627488e+02,1.055237923144563183e+03,1.361136585117394304e+02,-6.951169148238008688e+01,4.808870732913944153e+02,4.994574133196081789e+02,5.291511746727010745e+01,1.116672133276061004e+03,-3.398104158161705524e+00,-3.207319251750968547e+00,-1.420743024795679599e+00,4.227960870689497597e+02,2.865557224967766814e+01,6.601128107961390015e+02,2.371842953123386906e+02,-1.274651597688652238e+01,2.543961184959483646e+01,6.232204983781728060e+02,-1.182664017919776569e+02,7.338760340592025386e+02
7.105243837338811375e+01,-1.047100879051275335e+01,1.748967126237500224e+03,5.125796354076324057e+00,-1.760438831333925407e+02,1.430145055574427943e+03,1.343397852101966237e+02,1.814550560300731945e+02,1.478027390674028993e+03,9.533490091998930893e+01,-2.583924192932578308e+02,1.148980496291810823e+03,3.490708560152065729e+02,2.474825143143378909e+02,1.251609523409186977e+03,3.029887891303931724e+02,-2.140340693003040542e+02,1.203775301917858314e+03,4.545736231961353155e+02,4.751218562720437433e+01,1.264190863170627608e+03,1.950740949413860648e+01,-4.718013436402711847e+01,9.645089246299620527e+02,1.738440902295909325e+02,1.985792072037212392e+02,1.054433576993720635e+03,1.366576386238375562e+02,-6.705007540616672657e+01,4.815567330391327232e+02,4.984971561257987673e+02,5.310791284366770526e+01,1.115154179876176613e+03,-3.862563798906227142e+00,-3.922363939023963741e+00,-1.395994693943551912e+00,4.213330421295917176e+02,3.043092747351171568e+01,6.589923605088691829e+02,2.362812149367967436e+02,-1.255617782541610339e+01,2.570473279775100650e+01,6.186771135789069831e+02,-1.206761339501191657e+02,7.325556930689190267e+02
7.300235202440683224e+01,-7.621596012238494033e+00,1.744860990097338572e+03,6.336082412511914619e+00,-1.725537248145465128e+02,1.425546930407672562e+03,1.370666010182312107e+02,1.823546898726128802e+02,1.475994122401044706e+03,9.219521373723495117e+01,-2.505855019674449977e+02,1.141323979477034300e+03,3.536333051353758492e+02,2.485950985777396056e+02,1.252015326480010572e+03,3.013253747006198751e+02,-2.099652376719453741e+02,1.188488831606809754e+03,4.608746058425288084e+02,5.035266549921934853e+01,1.257508128950790478e+03,1.786954705920904374e+01,-4.001455898189117732e+01,9.634608538723791753e+02,1.740104903034403492e+02,2.037409636039995746e+02,1.053834508825079183e+03,1.373521826383554867e+02,-6.426861831811952186e+01,4.820484551474332875e+02,4.972594112315254620e+02,5.331498519827167115e+01,1.113351587979316037e+03,-4.412936706377909246e+00,-4.485291000250176019e+00,-1.489282110350663046e+00,4.203986907098405936e+02,3.262436230393716130e+01,6.577110311470268016e+02,2.353641619162296195e+02,-1.237228676212665945e+01,2.602251446672632795e+01,6.138921024164309301e+02,-1.226934759471953100e+02,7.309493428699374817e+02
7.490368300353617315e+01,-5.113042995201758423e+00,1.740689890779850884e+03,7.646219194909427586e+00,-1.689704502893848996e+02,1.421112935487657978e+03,1.396297179039779905e+02,1.835224851947837692e+02,1.473637249366203150e+03,8.863750560607881823e+01,-2.419325896174679258e+02,1.133527137886106175e+03,3.577199037133649426e+02,2.506677095950832665e+02,1.252239917345135382e+03,2.994411077487467310e+02,-2.054070532791468224e+02,1.173567760990470333e+03,4.662828857149938813e+02,5.398208484310428190e+01,1.251408755202786324e+03,1.595251212617578140e+01,-3.252582274510849203e+01,9.621653042860159530e+02,1.740886684966920654e+02,2.096508805173666872e+02,1.053085428479605980e+03,1.384295009494372835e+02,-6.132459493483361257e+01,4.824042333973192740e+02,4.959334558185946094e+02,5.421191084872437926e+01,1.111131322557021804e+03,-4.954088703756496237e+00,-4.821475668336310250e+00,-1.695872262916289452e+00,4.199845010679474058e+02,3.614173471042943930e+01,6.564326228039755051e+02,2.345902161200240243e+02,-1.222747650621179538e+01,2.619620235301975342e+01,6.093364078068523213e+02,-1.230536236467894469e+02,7.289818669101089199e+02
7.677359058991939378e+01,-2.778340685118919851e+00,1.736652407831383016e+03,9.143646803650266719e+00,-1.650951203078788865e+02,1.416820879393489577e+03,1.420796649685280215e+02,1.852366200731576953e+02,1.470956631796602551e+03,8.525381771588997992e+01,-2.327674175415835975e+02,1.125864291413029150e+03,3.614013815286904219e+02,2.539578790477089285e+02,1.252147515554575648e+03,2.975667129771784971e+02,-2.002933721376911080e+02,1.158873763324600304e+03,4.709840044814762905e+02,5.868189894279843344e+01,1.245801535184144313e+03,1.382313378012562488e+01,-2.454974450235994965e+01,9.604503051897492014e+02,1.742095469919233324e+02,2.164675770497941869e+02,1.051827873541381905e+03,1.400524328343925902e+02,-5.832795981707620570e+01,4.826692531298418203e+02,4.947035641036133029e+02,5.608256597758377637e+01,1.108130525814532120e+03,-5.382298193636763095e+00,-4.950881750705435458e+00,-1.950245034321052229e+00,4.201561619914396033e+02,4.137281143391496840e+01,6.550874449655058243e+02,2.340882125545869883e+02,-1.213409366572184744e+01,2.606736292881772243e+01,6.055030286846197214e+02,-1.212313303380317251e+02,7.262837539723612963e+02
7.860042583788862203e+01,-5.615534583708461369e-01,1.732754549446458896e+03,1.086037385363681906e+01,-1.608299689288451759e+02,1.412457457639891118e+03,1.444695841221819137e+02,1.874800004295439066e+02,1.467942200615094407e+03,8.249831049527617211e+01,-2.235563249905366376e+02,1.118486301636079361e+03,3.647341228200284604e+02,2.581087618956947836e+02,1.251654934216503989e+03,2.958626936908074185e+02,-1.947016495967019409e+02,1.143959966359363307e+03,4.753489870310672814e+02,6.440573759174660040e+01,1.240328285281430908e+03,1.159690691148643893e+01,-1.602783599854060981e+01,9.581829145873093694e+02,1.744367396776040664e+02,2.239627109455690572e+02,1.049883468921706026e+03,1.422596288658179162e+02,-5.530744409144696760e+01,4.828496332447165855e+02,4.936401851526157998e+02,5.874932873313155568e+01,1.103891007729682087e+03,-5.620402640142025952e+00,-4.998696428230934075e+00,-2.165634652911288427e+00,4.211350630178978918e+02,4.792582045172803618e+01,6.534124502092345210e+02,2.339111261726309010e+02,-1.206299045268708525e+01,2.560612108763858430e+01,6.027867761987419044e+02,-1.176473847377258011e+02,7.224565465747534745e+02
8.036895995688566074e+01,1.450678137518174982e+00,1.728827558450265315e+03,1.275736854828068623e+01,-1.562751619464839337e+02,1.407726142076066708e+03,1.468229623649531277e+02,1.899547022726003149e+02,1.464567144600677693e+03,8.044020938364192830e+01,-2.147097801455451247e+02,1.111283950770592810e+03,3.677435771721490596e+02,2.623253879301855136e+02,1.250727747913196936e+03,2.943730992768269630e+02,-1.887777187368950251e+02,1.128179013345499015e+03,4.797224459501463798e+02,7.075741680110564857e+01,1.234432825955782164e+03,9.378606362818445064e+00,-7.110505630838289903e+00,9.553299815867300140e+02,1.747424670777739379e+02,2.316141983639895443e+02,1.047329892040516597e+03,1.449719940553231083e+02,-5.224897475003915304e+01,4.829028081844741109e+02,4.926688767395664286e+02,6.176453122995583556e+01,1.098022017715762104e+03,-5.646136100452639361e+00,-5.158274708249503071e+00,-2.282412072738091879e+00,4.232290456440927642e+02,5.476255873795114582e+01,6.510579291225592442e+02,2.340160498686426820e+02,-1.194171938174612535e+01,2.493103723493637247e+01,6.013416004971992379e+02,-1.134126316877920431e+02,7.173206179605107309e+02
8.210423123483668917e+01,3.103994397932198890e+00,1.724676646703911047e+03,1.474751056983033592e+01,-1.517355803446766345e+02,1.402414587787334767e+03,1.491402685423916807e+02,1.922427044961927436e+02,1.460827156853796396e+03,7.871873403226307175e+01,-2.064587682623552780e+02,1.103893853612203657e+03,3.704377966856116018e+02,2.658052664105021563e+02,1.249353188859329521e+03,2.930311988990814598e+02,-1.827018349693500170e+02,1.110848652695923874e+03,4.842467918226306551e+02,7.715252545860998623e+01,1.227479614478223084e+03,7.206852953840870768e+00,1.843152953365928104e+00,9.519815723006520329e+02,1.750231028548926702e+02,2.388487192495845477e+02,1.044424757709771484e+03,1.480440347378937815e+02,-4.916628870708047572e+01,4.827678452810394560e+02,4.916410801296319733e+02,6.470490841514403257e+01,1.090281432172508630e+03,-5.500074075783401462e+00,-5.601239970213263142e+00,-2.296315649666195391e+00,4.267166662754087270e+02,6.065346648371971838e+01,6.476458815647903293e+02,2.342882556885624012e+02,-1.167881328379558425e+01,2.424399631694546997e+01,6.010686099457283262e+02,-1.097878236956055815e+02,7.109661193575437892e+02
8.388562086495598180e+01,4.308538133318341679e+00,1.720245163883580517e+03,1.674370622754207005e+01,-1.476079722441638467e+02,1.396519304327804775e+03,1.514240364939273320e+02,1.940224580701454329e+02,1.456784032242164812e+03,7.672820233221841590e+01,-1.988478952492318115e+02,1.095860624654251296e+03,3.728304594517383066e+02,2.681940088349151097e+02,1.247510140466608163e+03,2.916981438030260847e+02,-1.766970172225070144e+02,1.091474907608449257e+03,4.888100053421958933e+02,8.309460414289704033e+01,1.218916168313336584e+03,5.038254618228628523e+00,1.038751096862198153e+01,9.483145770573902382e+02,1.751443612158249437e+02,2.453002278291447169e+02,1.041430858644366708e+03,1.513230599222831643e+02,-4.613014614695383386e+01,4.824113875711991000e+02,4.904578893152258274e+02,6.740105365313664265e+01,1.080542483711830982e+03,-5.268097517979817290e+00,-6.367048778464341474e+00,-2.254012526465876576e+00,4.318126429111001698e+02,6.472494103733106385e+01,6.427448541008056964e+02,2.345979422689770786e+02,-1.120647896620267048e+01,2.372024214665547959e+01,6.018130749495403506e+02,-1.076473221089442234e+02,7.035937235553006985e+02
8.580393455440477624e+01,5.150419984075991664e+00,1.715658441151200122e+03,1.869915732132054487e+01,-1.441827852808871739e+02,1.390239818817439982e+03,1.536895376638936170e+02,1.952283961448494551e+02,1.452557218566438678e+03,7.392808652439339312e+01,-1.917943336265447840e+02,1.086862783339001453e+03,3.749499782942287425e+02,2.698035267686143470e+02,1.245151598767130508e+03,2.902008191116234457e+02,-1.709997882914775289e+02,1.069969363158646502e+03,4.931304960590420023e+02,8.841074396746236630e+01,1.208439051623095111e+03,2.783799279950666783e+00,1.818324513796995845e+01,9.445089701980980408e+02,1.749952417536911184e+02,2.509565912999118495e+02,1.038457424435704525e+03,1.546870780671151238e+02,-4.321672313815253830e+01,4.818520560709891924e+02,4.891582307770131024e+02,7.000537409900715602e+01,1.068717238646223450e+03,-5.046778913027836211e+00,-7.297759560923810618e+00,-2.222877657565689891e+00,4.387218574668678457e+02,6.683105450750682053e+01,6.358424234330851732e+02,2.348550897503662327e+02,-1.052441644189581105e+01,2.342265129275606128e+01,6.036516147407691051e+02,-1.071962196999675854e+02,6.952942403526607222e+02
8.789000527450407674e+01,5.915428093123509257e+00,1.711105593761477394e+03,2.061401550592026766e+01,-1.414593669849180344e+02,1.383840511534542202e+03,1.559494514480830674e+02,1.960802627241692448e+02,1.448249911345927103e+03,7.010999203495164522e+01,-1.851201807348506634e+02,1.076867162079156969e+03,3.768278803880384658e+02,2.714570538998244729e+02,1.242208219575994463e+03,2.883543729837178375e+02,-1.657364235813252265e+02,1.046745300885532288e+03,4.969161080651008433e+02,9.330319275071141760e+01,1.196097323873489813e+03,3.743293305690568173e-01,2.515982031904980332e+01,9.406616977115427289e+02,1.745281464424022317e+02,2.561384520319791136e+02,1.035415113290642921e+03,1.580577399641757950e+02,-4.041158386390284107e+01,4.811445843456774583e+02,4.879101444069189597e+02,7.289332682502224259e+01,1.054743164651411462e+03,-4.907426481353129866e+00,-8.075259611296653262e+00,-2.253974862189121353e+00,4.476651489989832271e+02,6.756660301964484461e+01,6.264281341364060154e+02,2.350299265728048397e+02,-9.723855663484030742e+00,2.329025110270165655e+01,6.070263051038201638e+02,-1.080352103814062446e+02,6.859483275171850210e+02
9.007934076289468805e+01,7.003159715077911684e+00,1.706652483019867759e+03,2.251101618045106179e+01,-1.390918393714184447e+02,1.377474178456184518e+03,1.581914787460453056e+02,1.969811402647900422e+02,1.443859911971270094e+03,6.548813895946847197e+01,-1.785269731960893864e+02,1.066129938313552657e+03,3.784805108347234182e+02,2.740498478979167203e+02,1.238617095952877662e+03,2.859758471430706095e+02,-1.607632964485190428e+02,1.022612018236113272e+03,5.000003562633697243e+02,9.819606396031657880e+01,1.182285777023198307e+03,-2.190914824009360107e+00,3.155384756719033490e+01,9.367497162394287216e+02,1.737692983316750031e+02,2.613427085254534745e+02,1.032101084586420257e+03,1.614024534285394736e+02,-3.755795987959494653e+01,4.803403855270864256e+02,4.869157849550813353e+02,7.646724668165327898e+01,1.038667419182273761e+03,-4.871550242760996241e+00,-8.360127214676435159e+00,-2.358500134916166058e+00,4.587798968056352464e+02,6.791979706891368096e+01,6.142031562150190211e+02,2.351336775777236312e+02,-8.973402695562379350e+00,2.319723578393675112e+01,6.125776590906342562e+02,-1.094828616330673157e+02,6.753174063600464478e+02
9.225245508736287547e+01,8.767942857359805942e+00,1.702140322607572671e+03,2.440597655474194028e+01,-1.365261007151573551e+02,1.371089074693542898e+03,1.603757884479599625e+02,1.983443615697064217e+02,1.439249129529374841e+03,6.057943123371020278e+01,-1.715821294394678489e+02,1.055063351904455658e+03,3.799012982068010160e+02,2.780922987181737653e+02,1.234368785918655476e+03,2.828950227987902508e+02,-1.556174202475301342e+02,9.984962445139896090e+02,5.023867092463119093e+02,1.035004669740222738e+02,1.167631828116007000e+03,-4.848133854450340507e+00,3.779679896035476361e+01,9.326649679175824303e+02,1.727967367763103823e+02,2.670383562985521166e+02,1.028342774522802074e+03,1.647368232816785110e+02,-3.441634431670642158e+01,4.794620003283110350e+02,4.862983518525227282e+02,8.097359965064427456e+01,1.020749435932978940e+03,-4.903295544837655839e+00,-7.960846044098570218e+00,-2.508676639386242080e+00,4.719505015347415338e+02,6.876072428991105312e+01,5.992876921272186337e+02,2.351842193409596575e+02,-8.460501712020175091e+00,2.303103734445036110e+01,6.207779732322798054e+02,-1.109426866278264896e+02,6.632423320511309157e+02
9.432493731518385971e+01,1.136384761504717211e+01,1.697257407884062559e+03,2.629776822097857192e+01,-1.332757499967441106e+02,1.364475956298570736e+03,1.624586910893314666e+02,2.004331542319142443e+02,1.434204544957803819e+03,5.594493394561483512e+01,-1.638178686300218772e+02,1.044055810762607052e+03,3.810624971347006635e+02,2.835062879940718403e+02,1.229546139787324819e+03,2.789563265394232303e+02,-1.496766782960646935e+02,9.751177613589006796e+02,5.041951987303087890e+02,1.094689600045039839e+02,1.152820655425520954e+03,-7.521382914948558707e+00,4.431432787083169700e+01,9.282955527445560620e+02,1.716985049909461054e+02,2.735065874978544116e+02,1.024095017118252827e+03,1.681243738971583639e+02,-3.081576571111693141e+01,4.785144097512671237e+02,4.860404293715253630e+02,8.643725238915845921e+01,1.001454149946682719e+03,-4.920337652966153108e+00,-6.932972379397373430e+00,-2.658714993801404969e+00,4.867417191226385853e+02,7.046325372677534915e+01,5.822383824847948972e+02,2.351890042982258251e+02,-8.305575000521146833e+00,2.273250023477529425e+01,6.316425952031785300e+02,-1.120990479627650274e+02,6.497849590683025554e+02
9.631598986419433572e+01,1.467197771684906726e+01,1.691731515885668387e+03,2.818072107902965584e+01,-1.291849690289992907e+02,1.357406758523595954e+03,1.644227099762644855e+02,2.032812601059472399e+02,1.428552829418302508e+03,5.192450373614297376e+01,-1.549556188370861207e+02,1.033332159258291995e+03,3.819085593697726608e+02,2.897705146646545700e+02,1.224319564290951803e+03,2.740011220058317463e+02,-1.424708719583987033e+02,9.527614288759577903e+02,5.055563804100432321e+02,1.162211393899520004e+02,1.138411593628092987e+03,-1.018177543090027726e+01,5.135180609443185773e+01,9.235936864383872944e+02,1.705336234348114886e+02,2.807818546066903309e+02,1.019426140295214168e+03,1.716628152721471281e+02,-2.679236232966289322e+01,4.775186934575704640e+02,4.859977737500992703e+02,9.275011978734924867e+01,9.812796035713654419e+02,-4.823364028123328318e+00,-5.545366275961877811e+00,-2.769184113166347938e+00,5.025514857359220287e+02,7.288002195598036792e+01,5.637907407292734661e+02,2.351574366459848022e+02,-8.489851782882752218e+00,2.228013677856017338e+01,6.447349505203033004e+02,-1.128471230796352955e+02,6.351957240504972333e+02
9.833800018001429066e+01,1.834858857355860096e+01,1.685494698790937719e+03,3.006101672541956304e+01,-1.245145249815095667e+02,1.349757436641364620e+03,1.662867745228592185e+02,2.067217354284470616e+02,1.422251056859771325e+03,4.848746580826205133e+01,-1.451310075047797454e+02,1.022896959816726849e+03,3.823336626094822464e+02,2.962843357087515415e+02,1.218884546042853344e+03,2.678330664477564369e+02,-1.339498404559389826e+02,9.312258906877284517e+02,5.065116851727457288e+02,1.238740870070572129e+02,1.124691844959946820e+03,-1.286518209606006558e+01,5.891850715037642061e+01,9.185809758176679907e+02,1.693160895736603209e+02,2.886987101180890818e+02,1.014413708093760761e+03,1.754526351799256076e+02,-2.260059837879963851e+01,4.765281056061113532e+02,4.859648280025888312e+02,9.985099305468855846e+01,9.605049431694109217e+02,-4.538616426397015680e+00,-4.131468907675077240e+00,-2.817929605851972052e+00,5.189102596179377542e+02,7.565979667107822593e+01,5.444491802863950625e+02,2.351253767456655908e+02,-8.843147057227794150e+00,2.165001329715964573e+01,6.594415426334257972e+02,-1.130449612767625780e+02,6.197313848876199245e+02
1.005082198360249635e+02,2.197490592697614531e+01,1.678697477240646094e+03,3.195530063782258168e+01,-1.197851669245541331e+02,1.341536800653296723e+03,1.680882793675841924e+02,2.105037951759451857e+02,1.415397414085417267e+03,4.525849127369342995e+01,-1.349355915502835046e+02,1.012564426142473167e+03,3.821689714428663933e+02,3.027031251285499138e+02,1.213370572656485820e+03,2.601972375342555779e+02,-1.245273044592627940e+02,9.099506897966471115e+02,5.069678865074520218e+02,1.326316097747109950e+02,1.111609390459842189e+03,-1.563002606222349300e+01,6.686098279920057053e+01,9.132911886872792593e+02,1.680277096848072063e+02,2.970040877309152165e+02,1.009037355916323122e+03,1.795575153404835476e+02,-1.856435056775266190e+01,4.755983000567199497e+02,4.857514164552454190e+02,1.078652539782162165e+02,9.390376912926649311e+02,-4.056420616115746114e+00,-2.914252669789331840e+00,-2.793225784373715825e+00,5.357095577726604461e+02,7.866560682105600222e+01,5.241969801505913438e+02,2.351621643304088423e+02,-9.112266833167410596e+00,2.080067228923985567e+01,6.752901964307826574e+02,-1.122996551747684322e+02,6.034698149965164475e+02
1.028408783221930491e+02,2.524347760569114740e+01,1.671569738153074695e+03,3.386646883788289841e+01,-1.154637952535433953e+02,1.332826699263477394e+03,1.698530760065631569e+02,2.144417695663757115e+02,1.408165271337914646e+03,4.169661127569115422e+01,-1.251852237543393898e+02,1.002060699654437485e+03,3.812235561632307963e+02,3.090581443723015127e+02,1.207780853280409929e+03,2.508222839116860143e+02,-1.148767310895807157e+02,8.882697021944914013e+02,5.067325442772946644e+02,1.427399567115141110e+02,1.098817289186131802e+03,-1.848120800102882910e+01,7.499495945443506173e+01,9.077018899195429640e+02,1.666481294044427273e+02,3.054757954152508432e+02,1.003155323375695161e+03,1.839746167052462908e+02,-1.485388429162908075e+01,4.747238822091297266e+02,4.852415842994435025e+02,1.170982296024336335e+02,9.164885363238992113e+02,-3.442357336647879684e+00,-1.907461179733648482e+00,-2.680468835727385368e+00,5.531794918683842752e+02,8.219346181405823870e+01,5.025486970298003371e+02,2.353458340400896418e+02,-9.083971055575711162e+00,1.970397838070568142e+01,6.920808622269139505e+02,-1.099675509354216985e+02,5.862680504979313127e+02
1.051948229255366840e+02,2.809961539984605494e+01,1.664239821509178682e+03,3.575421046095198108e+01,-1.116802868171972847e+02,1.323702123621276087e+03,1.715772883610342205e+02,2.185268343872636763e+02,1.400710494699965238e+03,3.734108139749961452e+01,-1.165136444895503161e+02,9.911674793048892980e+02,3.793932106678083755e+02,3.156438262594240882e+02,1.202008507371156384e+03,2.395452656708914674e+02,-1.056261175735614728e+02,8.657015967587922205e+02,5.056270289378934990e+02,1.543542653776447651e+02,1.085830348026726369e+03,-2.131424013893579783e+01,8.320090799736591691e+01,9.017163383978183901e+02,1.651818104869974775e+02,3.139990771462858561e+02,9.965848167195740643e+02,1.886305614056106492e+02,-1.134175069286629878e+01,4.737891241245594642e+02,4.844224282750690236e+02,1.278844070019148802e+02,8.924358495336072110e+02,-2.809307769254163034e+00,-9.446914433019136803e-01,-2.459316535476161025e+00,5.716238039892472216e+02,8.685518407587166223e+01,4.789343210351466382e+02,2.357203535062338347e+02,-8.697746817375627160e+00,1.839490763869962109e+01,7.097714739403052135e+02,-1.053777935435219177e+02,5.678884887946096569e+02
1.073180604075666196e+02,3.077369496887283873e+01,1.656644494595533388e+03,3.752681130646696062e+01,-1.081436245258283293e+02,1.314196744420693676e+03,1.732309819490799896e+02,2.229455611909505990e+02,1.393104574506812696e+03,3.200925389682694089e+01,-1.090271095557165211e+02,9.798470969007864824e+02,3.767863053588180833e+02,3.228013876480154067e+02,1.195922246807738475e+03,2.264573546858470934e+02,-9.713943484660822492e+01,8.421585100969065252e+02,5.036320408908148352e+02,1.674557485807163459e+02,1.072247837907933217e+03,-2.392540756449056971e+01,9.143099802592756475e+01,8.952157966116977832e+02,1.636672019748302489e+02,3.225795281033574042e+02,9.892265928022949311e+02,1.934084951909445067e+02,-7.650037272349098139e+00,4.725812151687867413e+02,4.833780479595787938e+02,1.404024763304608996e+02,8.666999135398280032e+02,-2.263521751680702465e+00,1.929771053977368256e-01,-2.117855905101265090e+00,5.911033703511340036e+02,9.324932764251310857e+01,4.531670619060436707e+02,2.362658058081932495e+02,-8.081542877589098950e+00,1.699063674503761590e+01,7.282509277211513563e+02,-9.811211536481530970e+01,5.481918560597657688e+02
1.089683822391813237e+02,3.368660939413413047e+01,1.648586215687839740e+03,3.906732355907952581e+01,-1.042974410290716492e+02,1.304327121017179252e+03,1.747748476333462690e+02,2.279900229779665892e+02,1.385316780896363980e+03,2.585081417748312305e+01,-1.022332139304986924e+02,9.682745909947561813e+02,3.737718286651872859e+02,3.307537532716656301e+02,1.189462512879704491e+03,2.119453264334090363e+02,-8.946729353976060395e+01,8.179671634320858402e+02,5.009834192037824323e+02,1.819217506209322721e+02,1.057957058379909540e+03,-2.609239951874521779e+01,9.964781430778208460e+01,8.881436722119642582e+02,1.621673375441470739e+02,3.312968134619630973e+02,9.811417134498186670e+02,1.981966139039217865e+02,-3.374322685913317521e+00,4.708760809780682166e+02,4.822462106167008073e+02,1.545860002109393463e+02,8.394498631601783245e+02,-1.855619232247459394e+00,1.636564204916238108e+00,-1.672171881076903510e+00,6.112897634900136836e+02,1.016951065042366764e+02,4.256916703962270958e+02,2.369064021558229740e+02,-7.483643962248159198e+00,1.565222239890793610e+01,7.471883966999064342e+02,-8.813319929006489417e+01,5.272714605259374139e+02
1.100387734305333396e+02,3.727157395836724874e+01,1.639888059916622296e+03,4.028213963583972657e+01,-9.960790161444866442e+01,1.294140152074635580e+03,1.761762570456257890e+02,2.339014754787183961e+02,1.377239369726230962e+03,1.923378505646116210e+01,-9.529116418796611754e+01,9.567423048171857545e+02,3.708814279200437340e+02,3.395604147089504181e+02,1.182678794345122469e+03,1.965454802952087903e+02,-8.241415739546810926e+01,7.936885573782368510e+02,4.981372165815365634e+02,1.977053219459374134e+02,1.043226428898787617e+03,-2.768123195240833212e+01,1.077657314886862281e+02,8.805557649582032127e+02,1.607523720409743362e+02,3.402260223381113065e+02,9.725248060655789004e+02,2.029335459038588283e+02,1.656303394164801102e+00,4.685549019652355582e+02,4.811467149274070039e+02,1.701785476196821776e+02,8.111037863847052449e+02,-1.563237836861220087e+00,3.359022707412609776e+00,-1.171098329745530853e+00,6.315705235622566533e+02,1.122284360994885333e+02,3.974694780464273549e+02,2.375567963368558537e+02,-7.134295732035038640e+00,1.450917904662453672e+01,7.660508698594406951e+02,-7.567978033979579777e+01,5.054730227879366566e+02
1.106113860443456076e+02,4.180105894090743135e+01,1.630536256206825783e+03,4.114324054590327506e+01,-9.380907434637086340e+01,1.283739033763082716e+03,1.774209382836113491e+02,2.407336557853395789e+02,1.368737938465495972e+03,1.253163068762605903e+01,-8.743718370049258226e+01,9.454907011700628345e+02,3.685877578630426683e+02,3.491548961131363740e+02,1.175682429499584259e+03,1.806651421387048799e+02,-7.562456733236435014e+01,7.698540384310233549e+02,4.955861075501301798e+02,2.149622999188715085e+02,1.028636674003545522e+03,-2.871325725650317295e+01,1.156606719734918585e+02,8.725960539291771738e+02,1.594860251514887466e+02,3.493709638748909470e+02,9.635924884644678059e+02,2.076220113546946209e+02,7.256073584476145477e+00,4.656811381417713278e+02,4.801117995166136438e+02,1.868719088529280441e+02,7.821301659020352872e+02,-1.310878295389586556e+00,5.204331533841185298e+00,-6.773215559604767178e-01,6.512947974887979399e+02,1.248279306165246965e+02,3.695955406731417270e+02,2.381794315796420562e+02,-7.116351194177761741e+00,1.359793819286027627e+01,7.842314305781893609e+02,-6.103168816735166047e+01,4.833181422769628170e+02
1.109101182900238030e+02,4.730750043171398289e+01,1.620716288263158958e+03,4.169901541840158643e+01,-8.697587315956022280e+01,1.273267092420694098e+03,1.785251660903817026e+02,2.483172436532464076e+02,1.359708277493327614e+03,5.936043242052715385e+00,-7.834062738686772320e+01,9.345857900102231497e+02,3.670736908216689471e+02,3.593915417168971658e+02,1.168558334442823480e+03,1.643450538671327195e+02,-6.865021043404921386e+01,7.467976300808376209e+02,4.936121575415982647e+02,2.339922447308016444e+02,1.014875927824975065e+03,-2.934864141356172595e+01,1.232587602798344761e+02,8.644115410634260570e+02,1.584207953654599805e+02,3.586544959844202936e+02,9.544621256180785167e+02,2.123000487920768080e+02,1.298064256847824716e+01,4.624859739690030551e+02,4.790605821144482093e+02,2.044181234844074027e+02,7.529015375515150481e+02,-1.011122134664198979e+00,6.981842694441704467e+00,-2.375429176786093832e-01,6.699586172158450381e+02,1.396490882160880744e+02,3.428901786682249053e+02,2.388137545846605576e+02,-7.324686538138735159e+00,1.285627345094353124e+01,8.011588546590411397e+02,-4.433680816944119130e+01,4.613717846353398500e+02
1.111891708852695047e+02,5.363330163390671146e+01,1.610721491585944932e+03,4.204915592310325678e+01,-7.940952384976498024e+01,1.262858092367717518e+03,1.795484017874815095e+02,2.563463600759752694e+02,1.350121322241030839e+03,-6.052579386087670876e-01,-6.820020745506818116e+01,9.239360832871369666e+02,3.661318584829148790e+02,3.700703162066382106e+02,1.161317613552709417e+03,1.472247198101534309e+02,-6.103844134203565375e+01,7.246835756509647126e+02,4.921327233300183366e+02,2.550164434720722682e+02,1.002498180223921963e+03,-2.979581077786201604e+01,1.306478300802467345e+02,8.560609346882478121e+02,1.575982869655741183e+02,3.679810827720841075e+02,9.450974450054048930e+02,2.169912748220671972e+02,1.838316554749192022e+01,4.592650566226837441e+02,4.778415650914874959e+02,2.226513664034620490e+02,7.236783887750286794e+02,-6.028593828727716319e-01,8.562789197423121834e+00,1.353657844969141100e-01,6.872085588988082918e+02,1.570488090133783032e+02,3.176832660361782246e+02,2.395546778467887066e+02,-7.542198874379882234e+00,1.217582370634498368e+01,8.163138371458842357e+02,-2.561401180531635902e+01,4.400900773449653798e+02
1.116330469978874049e+02,6.056731194037595145e+01,1.600795585115460199e+03,4.230143076889624609e+01,-7.142906104178329940e+01,1.252578545707518970e+03,1.805934705881573166e+02,2.645297079310414574e+02,1.340040090873267218e+03,-7.310875299620496648e+00,-5.755846224821654289e+01,9.134290790153642092e+02,3.652685263453016660e+02,3.809625594719480546e+02,1.153939199826369759e+03,1.287375403902551341e+02,-5.248818212508390957e+01,7.036623499133107771e+02,4.907648813524593834e+02,2.779562065677935720e+02,9.917615255645047228e+02,-3.020260784233486717e+01,1.381227746227016269e+02,8.474760515274186901e+02,1.570480266464928434e+02,3.773341730042936888e+02,9.353497357540040866e+02,2.216742667061052146e+02,2.326186086979692291e+01,4.562445858505969909e+02,4.763251930475071276e+02,2.414426012405090773e+02,6.946927950659809312e+02,-6.893540841087314464e-02,9.931359185933295919e+00,4.564444296666083645e-01,7.027119815868112482e+02,1.773644262644950800e+02,2.938615731670136597e+02,2.404936856710684765e+02,-7.584378224295321935e+00,1.147383438927101373e+01,8.291947157823492489e+02,-4.878140346143148065e+00,4.196947160188341854e+02
1.123217732387177676e+02,6.797334814748928977e+01,1.591012605409679281e+03,4.253576265211806628e+01,-6.320267593260822991e+01,1.242392837155481629e+03,1.817781833998355125e+02,2.727129046934374514e+02,1.329603025187129333e+03,-1.441413094769165149e+01,-4.698515547642868029e+01,9.030686146199403765e+02,3.639687959261673313e+02,3.918661933126713848e+02,1.146463704480791421e+03,1.084096391539948456e+02,-4.303644170549000592e+01,6.839888896560532885e+02,4.890960530623384557e+02,3.023718477074980342e+02,9.826072379663542051e+02,-3.059256031927602493e+01,1.461026480143181914e+02,8.385044237146145178e+02,1.567816575881120968e+02,3.868345285722654694e+02,9.250646975322929393e+02,2.262953030358443698e+02,2.774356825895134548e+01,4.534927134115779381e+02,4.744920506264545566e+02,2.606613143223109432e+02,6.662413299221950638e+02,5.692733935376832477e-01,1.117975978040032281e+01,7.480775983720332478e-01,7.160532094244977088e+02,2.006196346422601380e+02,2.710905886350579408e+02,2.416627957787132175e+02,-7.416414559676990592e+00,1.073358265664020550e+01,8.393423380374173348e+02,1.777387836162852608e+01,4.001311972351138593e+02
1.132560499733949086e+02,7.583128443696470811e+01,1.581270977187978815e+03,4.279007974700551387e+01,-5.470715821371522480e+01,1.232175742861892331e+03,1.831784696799669803e+02,2.809118561749243668e+02,1.318983783325300010e+03,-2.203093394644129077e+01,-3.683934914001550709e+01,8.930025516073750396e+02,3.619830547185766818e+02,4.026789813069988782e+02,1.139043659710936026e+03,8.608078281401074605e+01,-3.314882290006828924e+01,6.659923712124021904e+02,4.869958069699869156e+02,3.275920698129942821e+02,9.747552813052778902e+02,-3.087635501294106533e+01,1.549367709741853503e+02,8.290138110866295165e+02,1.567844733524499361e+02,3.967053812183149830e+02,9.141920913092054661e+02,2.308106837391547117e+02,3.216272073945766863e+01,4.509207302006691975e+02,4.724612588850422981e+02,2.802013654796122069e+02,6.387119064157695902e+02,1.270474876083662830e+00,1.246560750620470337e+01,1.024503765719747550e+00,7.267789999376907417e+02,2.264067605332488426e+02,2.490501404720342293e+02,2.430166014915006940e+02,-7.163646263062413588e+00,9.989352696800983367e+00,8.464858285467047381e+02,4.223536018147501636e+01,3.811362643312140790e+02
1.143968764705339254e+02,8.418260295405819704e+01,1.571397247572070455e+03,4.306529189380518829e+01,-4.580959092537647592e+01,1.221773105748468879e+03,1.847688788063895231e+02,2.892658833857425975e+02,1.308345268102972341e+03,-3.011041684344957758e+01,-2.722929954074788839e+01,8.834305409783744381e+02,3.594768168949210576e+02,4.134442451558657012e+02,1.131882038627643624e+03,6.194261981811112605e+01,-2.359571865283355052e+01,6.499304946278500665e+02,4.847610968263763880e+02,3.529303029461063943e+02,9.678402711443646922e+02,-3.092061056612777037e+01,1.647025092339576133e+02,8.189975207979110792e+02,1.570085724779440568e+02,4.071604543801205409e+02,9.028395058072100028e+02,2.352198375971447319e+02,3.683208469688221243e+01,4.483601036825676829e+02,4.704419334030240520e+02,3.000645082969346049e+02,6.125287793623035668e+02,1.992446418237287187e+00,1.395716979005839953e+01,1.292987193222254971e+00,7.345724362168567723e+02,2.540833938391258755e+02,2.275627734923097591e+02,2.444564134056090836e+02,-7.009757823324784809e+00,9.274423632396167960e+00,8.507465144450335401e+02,6.859195225414150343e+01,3.623677055601561392e+02
1.156843619796434837e+02,9.304277659973860182e+01,1.561276406807916374e+03,4.333901203485012132e+01,-3.639298528065202731e+01,1.211078485785486237e+03,1.864009644431026516e+02,2.979621992803427020e+02,1.297800257622164509e+03,-3.847586878314028525e+01,-1.812848250961345897e+01,8.744749225859950457e+02,3.569627838962763349e+02,4.243331258996758493e+02,1.125088213470163510e+03,3.642437969896076311e+01,-1.512806656398250205e+01,6.358528643760877230e+02,4.830023335391490491e+02,3.778544870658923287e+02,9.615231515789438390e+02,-3.062701369430055109e+01,1.751251382909799190e+02,8.086110073032749597e+02,1.573713312577789623e+02,4.182935006683984511e+02,8.912434775503378432e+02,2.395600368916049945e+02,4.186324304861069123e+01,4.456588313410726983e+02,4.686394385833952470e+02,3.204328858990046456e+02,5.880535526719182826e+02,2.702999468408501471e+00,1.578202574934276115e+01,1.565562608955137103e+00,7.394110632229247813e+02,2.831917171428420943e+02,2.065932120980372702e+02,2.458710417110594051e+02,-7.057206864174018435e+00,8.575229856245270454e+00,8.527445288813785282e+02,9.729158715724385331e+01,3.435030877856810889e+02
1.170387531447091618e+02,1.023574225860600819e+02,1.550912505088482931e+03,4.358179867848882338e+01,-2.644467074652759564e+01,1.200081083442530144e+03,1.878484154905982564e+02,3.071727935525963744e+02,1.287384361315433125e+03,-4.691990979866952216e+01,-9.506440825327130639e+00,8.661121320246649020e+02,3.550620813764058425e+02,4.355709656786954724e+02,1.118566252189674742e+03,1.003273734208098844e+01,-8.129221906762081673e+00,6.235761302677921094e+02,4.823651836855357828e+02,4.020505912598179066e+02,9.555635048198035975e+02,-2.998024156311577926e+01,1.856879549458314216e+02,7.981101751042283468e+02,1.577613078653014327e+02,4.300467637905862262e+02,8.796751807078177308e+02,2.438665917682127144e+02,4.714146213544701425e+01,4.427436284915416422e+02,4.671706914518845224e+02,3.416466002442467129e+02,5.654968568516752612e+02,3.380376515947761895e+00,1.798282247910789167e+01,1.865183852983454349e+00,7.415704189187870270e+02,3.138233661671258687e+02,1.861784206297365358e+02,2.471650061179045395e+02,-7.252948040816870723e+00,7.825653964754598846e+00,8.534796241246680211e+02,1.291124163619530805e+02,3.242503302455334051e+02
1.183692375139556958e+02,1.120316998567352300e+02,1.540387644181927271e+03,4.377428533659637822e+01,-1.607759132758803133e+01,1.188865649486171151e+03,1.889108878542983803e+02,3.170092185662898032e+02,1.277049803033863554e+03,-5.530544290845968192e+01,-1.364575887214666050e+00,8.582095154378820325e+02,3.542377176001278372e+02,4.473523377932373251e+02,1.112047238577916460e+03,-1.677489886424232424e+01,-2.471864017608641273e+00,6.127905084978411878e+02,4.832893426225401754e+02,4.254144383900084563e+02,9.498748179031318841e+02,-2.905002323338861814e+01,1.958816992898443630e+02,7.877292651913739974e+02,1.580529996202515122e+02,4.422717969367013779e+02,8.683337413585830973e+02,2.481305308627788406e+02,5.244133898013499362e+01,4.396326948397479555e+02,4.660281539279383196e+02,3.640574909103744972e+02,5.448787897390024000e+02,4.004952120211886957e+00,2.048390797847904565e+01,2.216479715933513006e+00,7.414568464819637938e+02,3.466653206729719159e+02,1.663662747450173072e+02,2.482654895716194403e+02,-7.436405281565609648e+00,6.944255215240405121e+00,8.539936640701412216e+02,1.648977718877651171e+02,3.043060357835173022e+02
1.196037833903194070e+02,1.219973380649582140e+02,1.529772702347128188e+03,4.391924897636052805e+01,-5.501474184909665333e+00,1.177584801840844648e+03,1.895260809126081938e+02,3.274851843865011460e+02,1.266691444111592773e+03,-6.363671744266656560e+01,6.320649087488236617e+00,8.506457863882902757e+02,3.546428328997964741e+02,4.597898915078854429e+02,1.105275261060920457e+03,-4.367371188938118109e+01,2.314783478785694015e+00,6.032470311000449783e+02,4.859469164855896679e+02,4.480355473197779475e+02,9.445762854323946840e+02,-2.795617645057283696e+01,2.054481003041462088e+02,7.775799281322601928e+02,1.581319977391261773e+02,4.548258658678111601e+02,8.572849446302645902e+02,2.522893287577089154e+02,5.758188036691360168e+01,4.364169087838812970e+02,4.650994299571378860e+02,3.878306601145609420e+02,5.260480833686436881e+02,4.548348902271859728e+00,2.308421890132618870e+01,2.626334300551722123e+00,7.393775202877626498e+02,3.826843260194951881e+02,1.472033299616499278e+02,2.491209275077442271e+02,-7.476229598124146669e+00,5.888228926528745077e+00,8.549657877158729207e+02,2.052168433089728410e+02,2.833568411645775313e+02
1.207236359754471806e+02,1.322556364378336013e+02,1.519075330277497642e+03,4.403636340170297103e+01,5.036137161514199434e+00,1.166437422536903796e+03,1.898222466300576343e+02,3.384934203162063682e+02,1.256205094858543816e+03,-7.208149669999167486e+01,1.366580099277706140e+01,8.434492802468510035e+02,3.561383452941830683e+02,4.729107737864961223e+02,1.098231717751447832e+03,-7.052336711881386577e+01,6.684779592322676933e+00,5.949396522386629158e+02,4.903428444249312861e+02,4.701868791887474117e+02,9.400133061747993679e+02,-2.681440044263758082e+01,2.144750498041620688e+02,7.676355821520858171e+02,1.579288348655767891e+02,4.676306639502476514e+02,8.464700532776505497e+02,2.562636481179895895e+02,6.252192011220164858e+01,4.332283067745349854e+02,4.642221170390633915e+02,4.128360913549914812e+02,5.087471742906691361e+02,4.970042839661208411e+00,2.549856979153786796e+01,3.068314874441688378e+00,7.353812079136002922e+02,4.226659643920714871e+02,1.287579965898132741e+02,2.497063237510850229e+02,-7.391938517816108778e+00,4.688811977378462004e+00,8.564397073425174085e+02,2.501906249039362535e+02,2.611834961225505367e+02
1.217706949513875685e+02,1.428688679507748134e+02,1.508268355836300998e+03,4.413408107986002449e+01,1.534258633231817548e+01,1.155663626695875564e+03,1.900710411880838251e+02,3.498249826279725880e+02,1.245557206662988619e+03,-8.093219928589807921e+01,2.089753261453314792e+01,8.368800070372307118e+02,3.584302140537599826e+02,4.866821072755168984e+02,1.091241664053105978e+03,-9.736321652540054572e+01,1.079042459217807526e+01,5.881898594127354727e+02,4.964438503264207156e+02,4.922746484420396769e+02,9.366977213699841514e+02,-2.568266383552201049e+01,2.233039907655576997e+02,7.578008768075869739e+02,1.574501481726948668e+02,4.806675935004631697e+02,8.357630362766404915e+02,2.600177758968713988e+02,6.736804071778263392e+01,4.301972190145078798e+02,4.632418758263768268e+02,4.387403504145663646e+02,4.926964604951614319e+02,5.229738130803310625e+00,2.745433328571341036e+01,3.482550941902372799e+00,7.292371857312288057e+02,4.669044323182171752e+02,1.111377768590290458e+02,2.500347019036216238e+02,-7.360543602673263130e+00,3.447084876047411317e+00,8.578103287534750052e+02,2.996056266890864777e+02,2.378260125412664081e+02
1.228119479700525147e+02,1.539300738269528210e+02,1.497368479631019227e+03,4.417362361591342079e+01,2.541195045331386737e+01,1.145535470319657634e+03,1.905614158024330891e+02,3.612528521058588922e+02,1.234832221184902437e+03,-9.050241717296616173e+01,2.832936367487887708e+01,8.314090657227040992e+02,3.612247845349524482e+02,5.010427949141802060e+02,1.084886947467683058e+03,-1.243051434632071874e+02,1.448740308167837298e+01,5.835716464923461899e+02,5.042181144612528669e+02,5.147134678525611662e+02,9.351560492946165368e+02,-2.452941012507461949e+01,2.323366403095324131e+02,7.480077770252148639e+02,1.567870274029239113e+02,4.939460735544301428e+02,8.250308235472321030e+02,2.635978031548297622e+02,7.233352758586133291e+01,4.273962393922197975e+02,4.620454420034156442e+02,4.652745845726071252e+02,4.776650408066921045e+02,5.312536756288668727e+00,2.881425553584294974e+01,3.795526289897556360e+00,7.205374159074557383e+02,5.151886170665284226e+02,9.447527185222554635e+01,2.501597355040470632e+02,-7.590964285804025380e+00,2.295204171547785332e+00,8.580583471883998072e+02,3.532081018117874578e+02,2.136899748713526606e+02
1.238804568065422842e+02,1.655603468079806930e+02,1.486492552255688224e+03,4.405517657724558944e+01,3.555900121919264478e+01,1.136315307171508039e+03,1.914675105757643507e+02,3.726613336567031070e+02,1.224228714949849746e+03,-1.009841282034418271e+02,3.634167786718741411e+01,8.275987415982795028e+02,3.643197631122817484e+02,5.159411276988157624e+02,1.079781698423807711e+03,-1.513394071857558458e+02,1.761285101886231885e+01,5.816910109394311803e+02,5.135730681525699310e+02,5.377755739011638525e+02,9.357454796129164833e+02,-2.323881155681974064e+01,2.418802587094760952e+02,7.382693439667147004e+02,1.560861785761178737e+02,5.074966343300476410e+02,8.141638856935944659e+02,2.671122208859380294e+02,7.769379479854146098e+01,4.247896884039055294e+02,4.605564498575663492e+02,4.925144444444389933e+02,4.635027869695150002e+02,5.251147594028694243e+00,2.966330750659654925e+01,3.957037272031264763e+00,7.088603978128259087e+02,5.670027244931574160e+02,7.889551363906113579e+01,2.501580066476558386e+02,-8.152747894109504401e+00,1.347044164729765736e+00,8.561023762146224954e+02,4.109290929551169711e+02,1.894893344420082428e+02
1.249349521515592016e+02,1.779436063325759676e+02,1.475836551394384969e+03,4.364629637615205127e+01,4.646648440283598092e+01,1.128178783510590847e+03,1.927873588171665915e+02,3.841579948891833283e+02,1.213996550687664239e+03,-1.123304548658528006e+02,4.536590827924432290e+01,8.259353739937592991e+02,3.676075501982701894e+02,5.313947896061383744e+02,1.076341086964607484e+03,-1.781702482267356231e+02,2.028887506498610094e+01,5.829289792786614726e+02,5.242645180738628596e+02,5.615320719959617008e+02,9.385391010291269822e+02,-2.165020813854228265e+01,2.521148296372247160e+02,7.286605717009136924e+02,1.554919702675473729e+02,5.213988535465900895e+02,8.030765570379771816e+02,2.706631893797604107e+02,8.374495667221927420e+01,4.222255418742198572e+02,4.587032652342239203e+02,5.209747604464168944e+02,4.501343893581820339e+02,5.127953175945034303e+00,3.030005076117099705e+01,3.981951603705051301e+00,6.939236683085279083e+02,6.217455454376173520e+02,6.449731416529043315e+01,2.500976480717029915e+02,-8.887207900515097236e+00,6.623057103289151648e-01,8.511010491976091998e+02,4.728580515296793578e+02,1.660272370701127613e+02
1.258670243420888113e+02,1.913577279745926489e+02,1.465584604456057832e+03,4.283979169939780718e+01,5.905989938305317111e+01,1.121139398214883613e+03,1.943800447677883483e+02,3.960976298299970608e+02,1.204339100664783246e+03,-1.242392422307895288e+02,5.582027561982808805e+01,8.266918199780653822e+02,3.710217277676725303e+02,5.475734132669923611e+02,1.074657069971151259e+03,-2.042233145094952818e+02,2.297333884089968947e+01,5.873045769143723192e+02,5.358547864112609886e+02,5.859701635037068854e+02,9.433540397179368711e+02,-1.960955011343962795e+01,2.631584252067962666e+02,7.192507938186000729e+02,1.550897186319413095e+02,5.358053639278127775e+02,7.917007256117267389e+02,2.742807128749641379e+02,9.074623131534028175e+01,4.194922963414368837e+02,4.563830066692171386e+02,5.514325547249197825e+02,4.375440486807926277e+02,5.051753158378680553e+00,3.112100010695114349e+01,3.973576674713843904e+00,6.756607729660696577e+02,6.788252934086060577e+02,5.136526913445449338e+01,2.500145236666539290e+02,-9.469706149562574282e+00,2.343041600699137805e-01,8.425893125487003772e+02,5.389916334779277349e+02,1.439375397709482343e+02
1.265472874903435070e+02,2.061542681742706407e+02,1.455814985197658189e+03,4.160010096998307461e+01,7.420938706622493442e+01,1.115033829558189154e+03,1.960627901711440586e+02,4.089923434152165669e+02,1.195333141284311978e+03,-1.362661938757023847e+02,6.796369509346531856e+01,8.298822087499061126e+02,3.744782756594711373e+02,5.648597060755927259e+02,1.074525136066053392e+03,-2.288557083468677149e+02,2.618421754370710985e+01,5.945570942987937997e+02,5.477463313072804567e+02,6.112331661668987408e+02,9.499157183839006393e+02,-1.700541547392545993e+01,2.751378941950640638e+02,7.100449750058450036e+02,1.548822699146689672e+02,5.509189375280590184e+02,7.799960686441122562e+02,2.779162837705960101e+02,9.884698347656605222e+01,4.164169493029232285e+02,4.534473505657217629e+02,5.845701812462853013e+02,4.257788502633984535e+02,5.119690638784240910e+00,3.245148425786370439e+01,4.104512395077890119e+00,6.541876511476092446e+02,7.376205876130279648e+02,3.959568500519696244e+01,2.499127086427106406e+02,-9.578254736414505643e+00,-1.650337752329467805e-03,8.304309431137634192e+02,6.089567124839193184e+02,1.235476455537137639e+02
1.268750785921009196e+02,2.226801196304255086e+02,1.446478239241794881e+03,3.996184991026816391e+01,9.237936910933436252e+01,1.109603632189384371e+03,1.976952611930955470e+02,4.233463358779696932e+02,1.186919249454134615e+03,-1.480144399265558661e+02,8.172691526445882459e+01,8.353214745583725289e+02,3.778494417240243592e+02,5.838138414604499076e+02,1.075595446773242429e+03,-2.516303835096791204e+02,3.009488133694421563e+01,6.043986563265141285e+02,5.592705398524983593e+02,6.377923483841369716e+02,9.580688453431224616e+02,-1.377372730313514282e+01,2.881870568382811939e+02,7.009799803098185293e+02,1.548101689447092042e+02,5.669202592054510887e+02,7.679777031329174406e+02,2.815067275740947252e+02,1.080381171710748873e+02,4.129399596685269103e+02,4.497248989955087950e+02,6.206462806409832638e+02,4.149623930255610276e+02,5.384138553292847185e+00,3.441057607223115866e+01,4.549584724389359458e+00,6.296768380708656423e+02,7.973966917489801745e+02,2.930326225703040777e+01,2.497866576206303364e+02,-9.050180464191882379e+00,-1.462735567242315349e-01,8.146569093135758521e+02,6.819154624946114609e+02,1.049388180145641769e+02
1.268027127264713130e+02,2.411786136175459205e+02,1.437466335128556921e+03,3.798169289607475463e+01,1.134128093842330998e+02,1.104643296979949355e+03,1.991998174988857500e+02,4.394900850858961689e+02,1.178974044891431959e+03,-1.592912170428016907e+02,9.665538535854688007e+01,8.427428054212498409e+02,3.809775945873920477e+02,6.049938901081385438e+02,1.077572650579379115e+03,-2.724435131514274531e+02,3.431076841331289984e+01,6.167507409012737298e+02,5.697985950591314577e+02,6.663519434069759200e+02,9.679076399369898809e+02,-9.875217399565203280e+00,3.023713167805306625e+02,6.919778228935994093e+02,1.547977556365822238e+02,5.838882612416056190e+02,7.557377367011810065e+02,2.850569945890716781e+02,1.181739217850365691e+02,4.091106877945227893e+02,4.450751757169693406e+02,6.593740259295127544e+02,4.052750682647587155e+02,5.842443364902548453e+00,3.687520135297805268e+01,5.397048797937383569e+00,6.022182290094923474e+02,8.572738640976523357e+02,2.059114687114314535e+01,2.496459587701250769e+02,-7.930959876976833911e+00,-3.052910284585373391e-01,7.952981249014012519e+02,7.567148585115762671e+02,8.813596925901680379e+01
1.263328105130138113e+02,2.617169001288002619e+02,1.428714158541952429e+03,3.568259093991625264e+01,1.365881634396125150e+02,1.100123779782948986e+03,2.005228542466294073e+02,4.574797804023740468e+02,1.171416368757594682e+03,-1.701411596588213229e+02,1.120679501874563897e+02,8.518972078387851070e+02,3.837083111292849367e+02,6.286823946857311967e+02,1.080368836794229082e+03,-2.913962710518292738e+02,3.801100013558667712e+01,6.317751832528235809e+02,5.788477295378153258e+02,6.974590788503181784e+02,9.797292721843546133e+02,-5.268070348288438787e+00,3.176120820596950693e+02,6.830159420180153802e+02,1.547937428873947567e+02,6.017676637151938621e+02,7.434326539568103271e+02,2.886667960223961700e+02,1.290684244654185875e+02,4.050049663455493487e+02,4.394449902947432633e+02,7.000467736076482197e+02,3.968688631919620775e+02,6.454374731910239582e+00,3.954935584613107125e+01,6.586171588397052190e+00,5.717699376825731861e+02,9.162854337526630388e+02,1.349964941667657747e+01,2.495245073447928803e+02,-6.408124669524028150e+00,-5.536941187957614696e-01,7.722995969277523045e+02,8.321677586059364558e+02,7.327061650168423057e+01
1.255055783066066368e+02,2.841634350977794270e+02,1.420245737735117245e+03,3.303490842710197484e+01,1.609441404624638778e+02,1.096201615278731651e+03,2.015861635544806916e+02,4.770957032582090278e+02,1.164271419284859348e+03,-1.807505456406351527e+02,1.274012967596237758e+02,8.625833660653823927e+02,3.859078303854481646e+02,6.546771157445454037e+02,1.084133865425426166e+03,-3.085033961906818831e+02,4.038936381183104629e+01,6.496665872795800851e+02,5.861559099994070721e+02,7.310390568335853914e+02,9.938082933267904764e+02,9.573877355607757211e-02,3.336976536385765826e+02,6.741646583111554492e+02,1.547823775511767224e+02,6.204145048425637015e+02,7.312294780652769077e+02,2.924677063977214289e+02,1.406141576269714903e+02,4.006278155124927025e+02,4.328825612330386434e+02,7.418148622413334579e+02,3.897435569580636070e+02,7.173835440279622944e+00,4.209294118042331689e+01,7.911823171795418830e+00,5.382571476757033224e+02,9.735001005115219641e+02,7.968481016193244670e+00,2.494719648506015233e+02,-4.699481867991126549e+00,-9.052664455969906543e-01,7.455377253165147522e+02,9.072853291752055611e+02,6.059541721794499836e+01
1.243864328519467932e+02,3.082135078179784387e+02,1.412128197710187351e+03,2.998768608199250352e+01,1.857181433186223956e+02,1.093098980897737647e+03,2.022741123716957645e+02,4.979412382089441280e+02,1.157647982620835137e+03,-1.913014296045224683e+02,1.425662295097009746e+02,8.746141775644044856e+02,3.874367471371792249e+02,6.823212737981697273e+02,1.089145215579063233e+03,-3.234584513455603201e+02,4.114952569906878921e+01,6.703679230083993161e+02,5.916919718912672579e+02,7.662056553544797453e+02,1.010095894526335542e+03,6.238021388424267677e+00,3.504045832555362381e+02,6.655676155029277652e+02,1.547626145612949529e+02,6.397047431375387987e+02,7.192353379843053744e+02,2.965145773209588924e+02,1.528501115202269034e+02,3.958737912219044119e+02,4.254787797179977247e+02,7.839699744952586116e+02,3.836688044481204543e+02,7.970232201515279336e+00,4.424973367231101662e+01,9.101401855330632173e+00,5.017761619021559909e+02,1.028155834810260330e+03,3.835153212630617592e+00,2.495400852119550166e+02,-2.973914109986785625e+00,-1.303436635345678773e+00,7.148967020528963303e+02,9.813540329562231364e+02,5.035087984145795303e+01
1.230461292563113034e+02,3.334528429502263975e+02,1.404383190423590349e+03,2.652324304865944526e+01,2.106800880910315925e+02,1.090935950712143040e+03,2.024608186188926311e+02,5.196145905124870978e+02,1.151651688351128541e+03,-2.018706027299129460e+02,1.580964364762250511e+02,8.877704982779737293e+02,3.880823796171009690e+02,7.108227647765783104e+02,1.095610006870159395e+03,-3.356216673887974480e+02,4.079800806996617979e+01,6.934369356195003320e+02,5.955816501973630466e+02,8.015647242048560202e+02,1.027998847867173254e+03,1.310703252113932571e+01,3.676592407999761463e+02,6.573803269257651891e+02,1.547133253699191755e+02,6.596478037368368632e+02,7.074533763986568147e+02,3.007199976889349955e+02,1.659390584829266402e+02,3.905665351580960305e+02,4.172533266031085759e+02,8.261290529526014552e+02,3.782368514119189058e+02,8.822623368806947752e+00,4.593060078579897265e+01,9.928734537159668250e+00,4.627748274891270057e+02,1.079754124305434743e+03,8.591499369508249773e-01,2.497767103147872660e+02,-1.333932385323756353e+00,-1.645825303837418874e+00,6.803389049577674541e+02,1.053874069395279321e+03,4.259246541067739145e+01
1.215225650933554959e+02,3.594528893449019051e+02,1.396948075436507224e+03,2.269165256503240258e+01,2.362004098302986961e+02,1.089634438497417023e+03,2.020435062214221205e+02,5.418942771551148780e+02,1.146306108003469262e+03,-2.124090612761048931e+02,1.749670764845604651e+02,9.017891006588408800e+02,3.874931671982863577e+02,7.397105827486884664e+02,1.103478916857935928e+03,-3.442175267673786152e+02,4.059732169239018162e+01,7.181736770015992306e+02,5.979702611173472633e+02,8.358975516465350211e+02,1.046358733994628665e+03,2.056237339403904585e+01,3.856197495693648420e+02,6.497049906828141275e+02,1.545701304185831191e+02,6.804353679791998957e+02,6.957959790074878583e+02,3.048891291116345883e+02,1.800766439317995378e+02,3.845332895908277351e+02,4.080560933459991020e+02,8.682728970855034731e+02,3.730564918181854068e+02,9.694462778677479520e+00,4.723435647288462746e+01,1.030942291089784923e+01,4.220808603242806498e+02,1.128071184145293500e+03,-1.259106774584314747e+00,2.502286570789846394e+02,1.650257459154957362e-01,-1.837223093916777072e+00,6.419373351681123268e+02,1.124439540454136932e+03,3.709868745807783341e+01
1.197751636372865960e+02,3.858872263119038166e+02,1.389735088006866363e+03,1.860068048503987725e+01,2.630346398149614515e+02,1.088959570426501386e+03,2.009482669035834874e+02,5.648587618045631871e+02,1.141542136055528772e+03,-2.227650440480099121e+02,1.941543290665302379e+02,9.163914707530939268e+02,3.851767538990141020e+02,7.691521175593371709e+02,1.112366114807213535e+03,-3.485876098156466014e+02,4.219997383055721940e+01,7.439258515852121718e+02,5.988781843678063979e+02,8.688249623055598931e+02,1.063654278434632715e+03,2.843239504699421616e+01,4.046014304181090324e+02,6.425525953094986562e+02,1.542307943378622213e+02,7.023899812075856062e+02,6.841484715301552342e+02,3.088299402175346700e+02,1.953981525645184831e+02,3.776445264493154355e+02,3.975614638730687602e+02,9.106497340745173688e+02,3.679926598067797840e+02,1.051889060634899131e+01,4.841054062206450936e+01,1.033496973280750986e+01,3.807440721107298600e+02,1.173058415190739652e+03,-2.880259214693095426e+00,2.509437682538129764e+02,1.498759414610310925e+00,-1.843458666910639865e+00,5.998870396395033140e+02,1.192619604675400069e+03,3.340368170410985016e+01
1.176663275828306752e+02,4.126427600928932975e+02,1.382743720460407758e+03,1.437361909191033327e+01,2.919559309411563959e+02,1.088660015222335005e+03,1.991066786106877942e+02,5.888758627908271137e+02,1.137254930254950978e+03,-2.326959146907929892e+02,2.161850740892569149e+02,9.313217276929196942e+02,3.805923425868544996e+02,7.999219721112364141e+02,1.121604091851269231e+03,-3.483454763618237848e+02,4.711788548376618024e+01,7.703754446305514421e+02,5.981005127524044838e+02,9.010478426095132818e+02,1.078333772045065871e+03,3.664301275909884481e+01,4.248798794369831171e+02,6.358393205108893653e+02,1.535877541389008343e+02,7.258378309882812118e+02,6.724399103381517762e+02,3.124542927494780429e+02,2.119448903104188844e+02,3.697812693493058873e+02,3.853736688237072485e+02,9.535960819860855509e+02,3.632972894390753709e+02,1.122374456370790696e+01,4.978506030438662577e+01,1.024028159084598499e+01,3.397789537831900475e+02,1.214649474037270693e+03,-4.427946954822556513e+00,2.519615223540402269e+02,2.678871031238440281e+00,-1.711432522684426027e+00,5.545281748807659596e+02,1.257858570916137751e+03,3.090618333399657303e+01
1.149981371971613129e+02,4.398877874163246702e+02,1.376125799426608637e+03,1.011021729643672096e+01,3.234365507766067935e+02,1.088596678979485660e+03,1.964311084548278359e+02,6.144614254175575070e+02,1.133372850947640927e+03,-2.418587791458227230e+02,2.409583163362543132e+02,9.463536567537042856e+02,3.732994839958124089e+02,8.330425573637219259e+02,1.130374776949933221e+03,-3.433870133591220224e+02,5.625440190169665300e+01,7.976445155878103606e+02,5.951637188232276685e+02,9.340422083702754890e+02,1.089108076340520483e+03,4.536500791544053612e+01,4.465033962069590530e+02,6.294078027599165353e+02,1.525695814800873222e+02,7.509739502692372071e+02,6.606728379911601223e+02,3.157998898893910109e+02,2.297084464203799996e+02,3.607556679383686742e+02,3.711770276457936006e+02,9.973531748331865856e+02,3.595214290034780902e+02,1.180183684984545422e+01,5.168064280838410696e+01,1.033412303516527864e+01,2.999558381142458643e+02,1.252568301368421771e+03,-6.353325212385194654e+00,2.532933253116786148e+02,3.766394798768302632e+00,-1.541943636225161951e+00,5.063901524048978331e+02,1.319419161033536056e+03,2.896878430551510775e+01
1.115919562908147782e+02,4.680639674507273185e+02,1.370138373020147128e+03,5.877082818888681004e+00,3.575276846837836047e+02,1.088762420379916421e+03,1.928168417840097959e+02,6.420890588834695336e+02,1.129883544184815264e+03,-2.498229291191179300e+02,2.679504262524300202e+02,9.612460359869954800e+02,3.630685645396223435e+02,8.693382799073723390e+02,1.137819365849943779e+03,-3.338106168842202237e+02,6.970953470926988871e+01,8.261857525686414192e+02,5.893202683971129545e+02,9.694250877911588304e+02,1.095057143779608850e+03,5.509701525979072301e+01,4.692555518638824879e+02,6.230649836534561246e+02,1.511681952982906978e+02,7.777884113679556322e+02,6.488971948676877446e+02,3.189717160186636988e+02,2.487191296091062043e+02,3.502571563179495797e+02,3.548281696876974252e+02,1.041953009715348799e+03,3.572257739295197894e+02,1.240312502580051479e+01,5.436403794973465153e+01,1.092985119339418887e+01,2.617586816218908439e+02,1.286288849511771559e+03,-9.055853229952569805e+00,2.549123937916849911e+02,4.876395017099646623e+00,-1.439818478535235258e+00,4.562432582267562111e+02,1.376436860105771984e+03,2.694872663211981845e+01
1.073559976541179424e+02,4.977877035571823399e+02,1.365014254290878398e+03,1.724829962697701724e+00,3.939483279324707610e+02,1.089177687914556600e+03,1.881733591810979931e+02,6.720699262545446118e+02,1.126810843480932363e+03,-2.561528235289229087e+02,2.966410196792667193e+02,9.756521039617199449e+02,3.498590506038189574e+02,9.091799071119731934e+02,1.143074460773665123e+03,-3.198333968585160392e+02,8.695940461030242830e+01,8.565422257812303997e+02,5.795649779105856396e+02,1.008344835350079620e+03,1.095530569067927217e+03,6.661548807426588326e+01,4.928180160137712278e+02,6.166355382918573014e+02,1.494380926586633223e+02,8.060826968480140522e+02,6.371583842330228435e+02,3.220567668912325985e+02,2.691183793853451789e+02,3.378925149599653537e+02,3.363332686438687347e+02,1.087204082908009923e+03,3.566312755800657897e+02,1.340637473612611608e+01,5.803925262239951621e+01,1.229485233453246096e+01,2.255316131645570294e+02,1.315252595655658752e+03,-1.280947508514675448e+01,2.567819932789266204e+02,6.167928543894955595e+00,-1.486978326957996144e+00,4.051452203756462609e+02,1.428150592947956284e+03,2.416418217048531503e+01
1.022839055744214249e+02,5.296724687491154100e+02,1.360846570622331456e+03,-2.292079369601438099e+00,4.322651240380175750e+02,1.089733876697837331e+03,1.824577644280063851e+02,7.045733191577007801e+02,1.124177892722713068e+03,-2.605585117182329213e+02,3.268205585113313418e+02,9.890113478131515876e+02,3.336383347684450200e+02,9.525183651069157804e+02,1.145263226675006081e+03,-3.017653254342953346e+02,1.073416741835015813e+02,8.891064696192079282e+02,5.646877070934865515e+02,1.051131006880483028e+03,1.089967816512773425e+03,8.077948982802051603e+01,5.170529663166860246e+02,6.100250017385851606e+02,1.474693256983313461e+02,8.355531115640508233e+02,6.254670418992113810e+02,3.250645397016879770e+02,2.911695425054746238e+02,3.233309866572455462e+02,3.157445385938854088e+02,1.132742506968337466e+03,3.573905731899958482e+02,1.542464903788597574e+01,6.288650657591871607e+01,1.461542609033191908e+01,1.917254963530442069e+02,1.339287669999574518e+03,-1.776358022152229665e+01,2.589298379525589553e+02,7.827150534583150687e+00,-1.766180831356432002e+00,3.544696645636724952e+02,1.474267205460095965e+03,1.985798990493087146e+01
9.637918701397963162e+01,5.641173223598538016e+02,1.357564344955364049e+03,-6.111071248903403585e+00,4.720162381692228450e+02,1.090088966755512502e+03,1.756727873449024173e+02,7.397550655802095889e+02,1.121984970232690330e+03,-2.630354142598387739e+02,3.585134558378903762e+02,1.000471275602614355e+03,3.141132197197723599e+02,9.990724600723126514e+02,1.143503267554667218e+03,-2.800541628970091779e+02,1.306152466361931204e+02,9.239786233251403473e+02,5.434051803398058382e+02,1.097223806073983951e+03,1.077805722150731981e+03,9.825036582531467388e+01,5.422404827838815891e+02,6.032661438587153953e+02,1.453449489107869681e+02,8.658842484148507310e+02,6.138120072938891099e+02,3.279081485061200851e+02,3.152020880190457319e+02,3.064901071219400137e+02,2.930700739833525290e+02,1.178078364954768176e+03,3.585961611399172853e+02,1.921532204934653265e+01,6.912698778688425705e+01,1.797035622607890204e+01,1.610834394076333922e+02,1.358994981368183062e+03,-2.403565583949202278e+01,2.615278987003473503e+02,1.005502493488149440e+01,-2.419333299716921459e+00,3.058749702689578953e+02,1.515263084303942378e+03,1.324154011140224618e+01
8.956791115699185468e+01,6.011433695732362139e+02,1.354992096346820063e+03,-9.663061802217972840e+00,5.127197905657744741e+02,1.089682128741603037e+03,1.678065630863073636e+02,7.778834991328706110e+02,1.120186501506648938e+03,-2.638668709993205539e+02,3.915371958068159302e+02,1.008898402456816711e+03,2.905197482515557112e+02,1.048436331917997450e+03,1.136949202419036965e+03,-2.553583159232571234e+02,1.572971970821885179e+02,9.609447505831741410e+02,5.146021894815939959e+02,1.145281251565247430e+03,1.058542494635990124e+03,1.192352528576740838e+02,5.691268142018542449e+02,5.965075153682397513e+02,1.430924336741216507e+02,8.968008466816169175e+02,6.021920820835536006e+02,3.304158534782363290e+02,3.415192999404446823e+02,2.876591292422791639e+02,2.682717749309412056e+02,1.222597955030278627e+03,3.590210229962153221e+02,2.550261299423346273e+01,7.707966379017086922e+01,2.232200782525084293e+01,1.346174926138503167e+02,1.375821569362626633e+03,-3.182221265034817392e+01,2.648988229463573134e+02,1.306858827083380703e+01,-3.689366228206996556e+00,2.611470684185743494e+02,1.552373002031022224e+03,3.667891791917007982e+00
8.168352038471307708e+01,6.403714015070135019e+02,1.352913041753852895e+03,-1.284549514627647859e+01,5.538352739794427180e+02,1.087856458519124999e+03,1.587203799036349494e+02,8.193598473276319964e+02,1.118620876400459338e+03,-2.633818929353132603e+02,4.250191026550061224e+02,1.013024386834840811e+03,2.616158733777583052e+02,1.099972815644571938e+03,1.124822288413987962e+03,-2.285712586181456345e+02,1.885841799178498661e+02,9.995082389933498916e+02,4.776422231804029934e+02,1.193382137799760130e+03,1.031881188794587842e+03,1.433593628534225672e+02,5.987514053581101052e+02,5.899237048746498431e+02,1.406346687391089745e+02,9.280651491963654962e+02,5.906214330858166477e+02,3.323684647243079553e+02,3.703069777561031515e+02,2.674903843695688010e+02,2.413509829801781166e+02,1.265556599319193310e+03,3.574852061004904158e+02,3.476615309828132183e+01,8.717289982432154716e+01,2.755149769471436727e+01,1.133395222404908793e+02,1.391691230173226813e+03,-4.141097384690453964e+01,2.693898592589816303e+02,1.711967363126525399e+01,-5.893679463101520355e+00,2.218892814223857499e+02,1.587156756527694142e+03,-9.095737977612186498e+00
7.255581937727559705e+01,6.811778252471875703e+02,1.351058469361848211e+03,-1.543964424050912676e+01,5.947973991077986966e+02,1.084020677699281123e+03,1.480186009013886519e+02,8.645979138130953743e+02,1.116871156077562091e+03,-2.614607331474912826e+02,4.572785759516702342e+02,1.011734215839395574e+03,2.259425214523337502e+02,1.152549924358905400e+03,1.106372625121015290e+03,-2.007461352097459155e+02,2.258898353573279678e+02,1.038865449124377619e+03,4.326254263408098382e+02,1.239307362061704453e+03,9.978206528641911746e+02,1.697131909544382893e+02,6.321409479693255662e+02,5.835825189152516259e+02,1.377483748088397704e+02,9.594423990090227790e+02,5.790914872464562677e+02,3.335692952232241737e+02,4.015599589046400411e+02,2.468741784657807159e+02,2.124610561142439167e+02,1.306133670829218772e+03,3.532089286359963580e+02,4.707484179073222208e+01,9.988107979742125053e+01,3.355836035641329573e+01,9.786450314584449472e+01,1.408319879015539300e+03,-5.303063056467570391e+01,2.751377678878697566e+02,2.252175024830399153e+01,-9.311172583943266190e+00,1.891423043355939910e+02,1.620796399707618775e+03,-2.461025274816196529e+01
6.215052335053025701e+01,7.229455757039346508e+02,1.349025093795678913e+03,-1.699125439000097515e+01,6.351627145787102791e+02,1.077784415829720729e+03,1.349569328828903565e+02,9.137872337141903927e+02,1.114108356308279099e+03,-2.569328680222743628e+02,4.862748156930973096e+02,1.004463248450401125e+03,1.823086706925286933e+02,1.204298337788159870e+03,1.080797777044595932e+03,-1.729413401212590884e+02,2.702077773254563340e+02,1.077771580450337979e+03,3.804650820385953125e+02,1.280885724960841117e+03,9.566456673607552830e+02,1.970384135173741811e+02,6.700013678697607702e+02,5.773512710533792642e+02,1.340458588013674444e+02,9.906561724093720613e+02,5.675241224106680420e+02,3.339414274981828044e+02,4.350153655609547059e+02,2.267808630920275448e+02,1.819867891330790144e+02,1.343568128629232888e+03,3.460492567839472144e+02,6.203040533977435445e+01,1.155763490822928077e+02,4.040062972589844748e+01,8.810379008905029252e+01,1.426541986227001189e+03,-6.659063125474909839e+01,2.818393032524673458e+02,2.965393168468076723e+01,-1.401648995186133995e+01,1.631160567666540544e+02,1.653475818240431636e+03,-4.167320927754832383e+01
5.066055689470105250e+01,7.652378950250252956e+02,1.346206413140578434e+03,-1.672784864096487567e+01,6.747822084980576847e+02,1.069052703772126051e+03,1.184599614054258154e+02,9.665903380857014326e+02,1.109034273373524456e+03,-2.471467194132626730e+02,5.104778159007865384e+02,9.916378440672342549e+02,1.303662148790175195e+02,1.252557311554960506e+03,1.047244269742378037e+03,-1.460517972421213528e+02,3.215308967181560433e+02,1.114375987593937452e+03,3.227510304032949193e+02,1.316337300571982496e+03,9.088979658566393027e+02,2.239584092094619621e+02,7.124985976669846650e+02,5.709134176317860465e+02,1.290014226596348124e+02,1.021333707479702298e+03,5.557750607879407880e+02,3.336173573908138792e+02,4.700826456065950651e+02,2.081468005856323771e+02,1.505726091765739056e+02,1.377298946912527526e+03,3.365753671430889540e+02,7.883988325882957326e+01,1.343253574491870665e+02,4.839272161158281449e+01,8.323138517004655057e+01,1.445990132272088204e+03,-8.146069684760188068e+01,2.886712771076588524e+02,3.890362308002909941e+01,-1.973708843341809427e+01,1.432021863612983736e+02,1.684188991415424880e+03,-5.850567766624946842e+01
3.848616409034797670e+01,8.077746963142914183e+02,1.341835639313802858e+03,-1.359938759176531420e+01,7.138784316896225164e+02,1.058103908078501490e+03,9.731153623851291457e+01,1.021854899459108424e+03,1.100034977924850182e+03,-2.280292131275832617e+02,5.298023561783616060e+02,9.750403383468475340e+02,7.109005741377701781e+01,1.294095878260020982e+03,1.005039389288177176e+03,-1.206478262475162069e+02,3.784881149497488764e+02,1.146219612312117761e+03,2.614911747664080508e+02,1.344522695757749034e+03,8.554511146885618018e+02,2.491597782200993549e+02,7.591631357473174830e+02,5.638978843952651232e+02,1.220388542297859544e+02,1.050945654142804415e+03,5.437159637679822026e+02,3.329701741472481444e+02,5.058063834091140620e+02,1.918106271421393387e+02,1.191134339691885913e+02,1.407007197632352927e+03,3.259692233601027738e+02,9.649286544419705081e+01,1.557156558954289096e+02,5.806357763336028199e+01,8.195039884282645914e+01,1.465288758531329904e+03,-9.645351010624986543e+01,2.944456744442447302e+02,5.054147172390445064e+01,-2.581482134748600643e+01,1.282941924989087568e+02,1.711111813081199216e+03,-7.322085169451418096e+01
2.612346230382435053e+01,8.502623099671287719e+02,1.335167128964843414e+03,-6.482589371612344387e+00,7.529992375015314110e+02,1.045659498833968200e+03,7.052888323564032191e+01,1.077468953838272910e+03,1.085566994702669263e+03,-1.948457336704892953e+02,5.462558112061769862e+02,9.578922341421673536e+02,6.974451363383574076e+00,1.325614624787972389e+03,9.541780556646333480e+02,-9.675631544033826970e+01,4.383328448315214132e+02,1.170583066690274336e+03,1.988678546181463105e+02,1.365052266051060087e+03,7.977174751655408045e+02,2.714852198487322426e+02,8.089259810863412667e+02,5.560511534918294956e+02,1.126801601529186456e+02,1.078780242580624190e+03,5.313634854382943331e+02,3.325555590482401840e+02,5.409454229202309534e+02,1.784435443453749315e+02,8.871981745000471165e+01,1.432530361044963911e+03,3.157487781610112734e+02,1.139972778074800743e+02,1.788278481465749223e+02,6.994250915658386702e+01,8.291246996346154674e+01,1.482645566815539723e+03,-1.100871498527265544e+02,2.979730142166505402e+02,6.458283941030221342e+01,-3.131561892039565720e+01,1.172617361963793172e+02,1.732372208374306410e+03,-8.443607421207241259e+01
1.403631774356906803e+01,8.922612257341469331e+02,1.325727820633165038e+03,5.486181691125739057e+00,7.929310850530845300e+02,1.032897527210528324e+03,3.783520000486428358e+01,1.130496517056602215e+03,1.064674325249584626e+03,-1.436216505539596824e+02,5.640791187275279981e+02,9.444095593125360892e+02,-5.818226375284601914e+01,1.344448790063638171e+03,8.958769296491266232e+02,-7.350132603987543689e+01,4.974462420318477029e+02,1.185237924529877546e+03,1.370879420321988391e+02,1.378274458730925062e+03,7.378569748663638848e+02,2.899655183440461315e+02,8.602751421734484438e+02,5.473616135561541114e+02,1.007294746404423478e+02,1.104007550474273103e+03,5.189820010260302752e+02,3.329805775003231929e+02,5.742295588826226549e+02,1.684217453266917062e+02,6.064623636418595964e+01,1.453719422554636367e+03,3.073460760396849309e+02,1.306190500085867257e+02,2.024307837181282537e+02,8.425181215533513068e+01,8.506611307901933117e+01,1.496517829924103808e+03,-1.210516359397009296e+02,2.985045593754369975e+02,8.072795976632630754e+01,-3.526684513439986546e+01,1.093316937283415342e+02,1.746834083399821793e+03,-9.177768659940890927e+01
2.576483521093633655e+00,9.332438794337210766e+02,1.313512601141722143e+03,2.254333309922915163e+01,8.346593903519982405e+02,1.021318021044698753e+03,5.366435264972813091e-02,1.177644342921104226e+03,1.037445247802995254e+03,-7.286608062684521769e+01,5.892682064228180252e+02,9.387274918154415673e+02,-1.198981415823797079e+02,1.349288758542507821e+03,8.328596498750132469e+02,-4.864957532789359362e+01,5.524748696403754593e+02,1.189445028256213163e+03,7.830020319445948473e+01,1.385178645433887596e+03,6.787633593415388304e+02,3.038524870169512155e+02,9.114879616786627139e+02,5.380818890929684812e+02,8.643443701957266967e+01,1.125845791477385546e+03,5.070923442058527826e+02,3.347542652163136836e+02,6.047490640067420600e+02,1.616532401655785236e+02,3.615324502593551870e+01,1.470348338616552383e+03,3.016510936630875221e+02,1.460638476707724749e+02,2.253700741248991335e+02,1.006594506372650386e+02,8.777386919098614726e+01,1.506034136731274884e+03,-1.286693960054891193e+02,2.960815625234245658e+02,9.844788433756970392e+01,-3.694509070881188961e+01,1.041853496962293661e+02,1.754513146080332262e+03,-9.602503036796123581e+01
-8.031513217833612828e+00,9.728261133820070654e+02,1.299008580165272861e+03,4.401405562745313205e+01,8.793597319949720941e+02,1.012396602186499763e+03,-4.077471470761837224e+01,1.215955695057121375e+03,1.005210547870670780e+03,1.502304470688607196e+01,6.284539580801823604e+02,9.434545483122066116e+02,-1.738667300333733294e+02,1.340659486653346903e+03,7.690950761232226114e+02,-1.833773068493645653e+01,6.019865071290120113e+02,1.184835109143575210e+03,2.448541731092262452e+01,1.387221812880179868e+03,6.236727798121388560e+02,3.126962241254203718e+02,9.608640208340309528e+02,5.286513396947877936e+02,7.054763871809834086e+01,1.143764640295133177e+03,4.963659136076821028e+02,3.381756237860925580e+02,6.323192396973616951e+02,1.574378648762476871e+02,1.628313444094149176e+01,1.482149811921571882e+03,2.987030417516193097e+02,1.605425617100240459e+02,2.470087254709157207e+02,1.182193298965103594e+02,9.068988765909173821e+01,1.511056570800686359e+03,-1.331132569814677709e+02,2.916520823028832865e+02,1.172073079712582029e+02,-3.611429078878266807e+01,1.017508367630520070e+02,1.756473498607442934e+03,-9.878474337811938710e+01
-1.766309981868523948e+01,1.011003458570837779e+03,1.283015003387124352e+03,6.822678757506649561e+01,9.283006955402036056e+02,1.007083893814200451e+03,-8.166385941186685216e+01,1.243507834258486582e+03,9.703688589472369586e+02,1.133438378974001921e+02,6.872801626693727712e+02,9.585037911749712976e+02,-2.167898522202263223e+02,1.320944040684298898e+03,7.089793725416567440e+02,2.257100521621386591e+01,6.481329837908326681e+02,1.175675838601901660e+03,-2.274929129148626217e+01,1.386086076383158797e+03,5.754671190157163210e+02,3.164593812018904373e+02,1.006890887732892907e+03,5.195637748847206012e+02,5.422935201258030702e+01,1.157617626839771674e+03,4.874448010645171507e+02,3.432785498089144767e+02,6.576370830329965429e+02,1.544604788385143479e+02,1.578019758984852139e+00,1.488977437236675541e+03,2.976975521502768061e+02,1.746953056588814945e+02,2.675323308354804794e+02,1.355179362448776033e+02,9.353027920748526469e+01,1.512005649864238649e+03,-1.352590498629592162e+02,2.869015930388686684e+02,1.367360467089013127e+02,-3.313290412549626751e+01,1.018450851553500769e+02,1.754350090274600234e+03,-1.018156088922076634e+02
-2.625584002554131047e+01,1.048214817670623006e+03,1.266344759171204487e+03,9.270608383069962599e+01,9.825457104655283729e+02,1.005359892925181612e+03,-1.193066980919638382e+02,1.259892076222134619e+03,9.358699284756504539e+02,2.120736952374241184e+02,7.686644722088720982e+02,9.809121846149699877e+02,-2.469431063110502862e+02,1.293913044021220912e+03,6.562745564419504944e+02,7.913888994838288227e+01,6.974738538747404846e+02,1.168082262065907116e+03,-6.243566420491954005e+01,1.383418471735124058e+03,5.359853711639053699e+02,3.156174765718423032e+02,1.048323847318185926e+03,5.112426609737212289e+02,3.879719895290423892e+01,1.167630758229924140e+03,4.807697875420876699e+02,3.498162382158718628e+02,6.821323470364638979e+02,1.509869341048841420e+02,-8.158621202003802253e+00,1.491020320425664977e+03,2.973519026738726438e+02,1.894036306678967492e+02,2.879716707537963885e+02,1.509411255554313414e+02,9.591968942973967671e+01,1.509658152924417664e+03,-1.362443356072430163e+02,2.838411623849900707e+02,1.572182509828462287e+02,-2.889716804478647560e+01,1.038973991332259743e+02,1.749800334878151489e+03,-1.063020833855559317e+02
-3.378323483436955854e+01,1.085188772067156833e+03,1.249575658447900196e+03,1.146398439100713063e+02,1.042475703827909683e+03,1.006107662174547386e+03,-1.508605793824491457e+02,1.266363227563942246e+03,9.045284149620639482e+02,3.001182634529097868e+02,8.715411990451782458e+02,1.005912832027526974e+03,-2.643569032430240782e+02,1.263928749205456597e+03,6.132738942674500322e+02,1.540748999634472796e+02,7.601430966254168879e+02,1.168064486085255339e+03,-9.443245891307660145e+01,1.380634069782785218e+03,5.057039161123979056e+02,3.111816366497612307e+02,1.084218321924319071e+03,5.039755942184001469e+02,2.540662284678199256e+01,1.174268578496294367e+03,4.764932326803069031e+02,3.572656422659352984e+02,7.075528921036942620e+02,1.452647334718336367e+02,-1.391804897974625099e+01,1.488957122819322649e+03,2.964830370849425663e+02,2.055591671962534690e+02,3.098996291263397325e+02,1.629535360703829383e+02,9.743443106533125331e+01,1.505033530816372149e+03,-1.369671502496794631e+02,2.842719623660520938e+02,1.792827156473036609e+02,-2.464050666863014527e+01,1.069268313545243814e+02,1.744138803803198925e+03,-1.123982327582753555e+02
-4.024708651118333336e+01,1.122681539245669683e+03,1.232996496319169410e+03,1.314944930541081192e+02,1.107330602775333546e+03,1.007449973657695750e+03,-1.746215181520335875e+02,1.265658815003797145e+03,8.784105339980320650e+02,3.680861045755889336e+02,9.906928984244575531e+02,1.028786543804242910e+03,-2.706284923699736851e+02,1.235096434892423531e+03,5.805442652326514690e+02,2.452166329746310396e+02,8.471115733739146663e+02,1.178897745784091967e+03,-1.193880715642094401e+02,1.378816252226050665e+03,4.839235646686752830e+02,3.045973903689589974e+02,1.113978518922872354e+03,4.979258545517690777e+02,1.478589054419207294e+01,1.178080759358921796e+03,4.745061792705222388e+02,3.648633443908711911e+02,7.354385918512414264e+02,1.360388275872360566e+02,-1.727105131404720950e+01,1.483958411393500000e+03,2.945162267180643312e+02,2.238516318074414357e+02,3.348888761683521125e+02,1.703417168897457827e+02,9.781928867437348174e+01,1.499330013037585104e+03,-1.377900663825657261e+02,2.892859904175421093e+02,2.037577199888280859e+02,-2.164571076185432830e+01,1.097860876097091420e+02,1.738238845557411423e+03,-1.192291365409910924e+02
-4.568102649505640045e+01,1.161264790373843198e+03,1.216769227908766652e+03,1.415595216277873476e+02,1.175051638669733620e+03,1.007447669804490033e+03,-1.903375786430020469e+02,1.261530479510323175e+03,8.585018438811403030e+02,4.105068361042589231e+02,1.117960732605624344e+03,1.046485677703394686e+03,-2.684502230908638580e+02,1.210594118035006886e+03,5.572780281713600061e+02,3.439722064940684163e+02,9.662512258376607406e+02,1.198878939461937989e+03,-1.384284851742114029e+02,1.378661205724861475e+03,4.692749756872607350e+02,2.975112287091411645e+02,1.137457676703588049e+03,4.931993367188674142e+02,7.123565204788897987e+00,1.179636317186628730e+03,4.745507768868075118e+02,3.717075070387776918e+02,7.666808420425716122e+02,1.230069117579262752e+02,-1.992086814634338054e+01,1.477520189932343555e+03,2.916618351685139032e+02,2.446065949213627846e+02,3.639270357267554346e+02,1.724289209610151374e+02,9.721694129530435191e+01,1.493800734510399707e+03,-1.385881300446961006e+02,2.989656039976788975e+02,2.312795784272528010e+02,-2.094235328416032260e+01,1.115249646116513418e+02,1.732625616669133706e+03,-1.253223664643048636e+02
-5.015006402040212663e+01,1.201243881875741408e+03,1.201184143285463279e+03,1.442248189323227621e+02,1.242610400748555548e+03,1.004835887827041802e+03,-1.990493522140164657e+02,1.258028869024883079e+03,8.447437331379900343e+02,4.266074339518186775e+02,1.244524537903923147e+03,1.058086339433725470e+03,-2.609641561542972568e+02,1.192293414056815664e+03,5.419856105673545699e+02,4.359101313702551010e+02,1.118726111128002685e+03,1.220675833529834790e+03,-1.526859612400103572e+02,1.380392848357467756e+03,4.601991092752600707e+02,2.914482434323031157e+02,1.155080938585387912e+03,4.899219254596737869e+02,2.133969753236816480e+00,1.179574441681610097e+03,4.763532043297790324e+02,3.769404344287141271e+02,8.013198288774764251e+02,1.070148864614783122e+02,-2.319402972394253482e+01,1.471191192999538316e+03,2.886866670300093460e+02,2.676827828028140175e+02,3.970241933994197439e+02,1.692564774835484798e+02,9.621536109641580481e+01,1.489519377241836537e+03,-1.390637790896493300e+02,3.123936172097899657e+02,2.619464639349237700e+02,-2.306543525317609422e+01,1.116692898230381701e+02,1.727617792185277494e+03,-1.292534784313065472e+02
-5.373474846891038936e+01,1.242671096645887928e+03,1.186813296148219479e+03,1.399398845162223495e+02,1.306768833346343172e+03,9.994160641221845935e+02,-2.025541457979311701e+02,1.258628166282974689e+03,8.363698903568304104e+02,4.194749261719267110e+02,1.363333544057825065e+03,1.063797084747806366e+03,-2.510896709527988264e+02,1.180682918950353724e+03,5.331548795753325294e+02,5.039485903231638417e+02,1.297344103428123617e+03,1.232915234272271164e+03,-1.629150666504961293e+02,1.383659201723051183e+03,4.551855982328543178e+02,2.874925281931011227e+02,1.167907837526654021e+03,4.882828214845723664e+02,-7.486109276436531124e-01,1.178701333019724188e+03,4.797102825452616344e+02,3.799701145990944156e+02,8.386201974663840701e+02,8.987460402451824848e+01,-2.768631884118651953e+01,1.466294396736328963e+03,2.864463702712964732e+02,2.924454044897797758e+02,4.331775133483891409e+02,1.616657694029836705e+02,9.562951793648994681e+01,1.487105566875117574e+03,-1.390863924750882461e+02,3.279779760312227381e+02,2.952069205930882845e+02,-2.794416115894892272e+01,1.102854643451996139e+02,1.723410867478513865e+03,-1.302093470336452015e+02
-5.650168579808664049e+01,1.285368105457928095e+03,1.174420793287870538e+03,1.299709336905762314e+02,1.364973770615507419e+03,9.918859051641099995e+02,-2.027592604320415148e+02,1.265391166612364714e+03,8.323542313818701359e+02,3.942513385238739829e+02,1.470559873068498973e+03,1.063162944830997731e+03,-2.410069960200171693e+02,1.175052819857820168e+03,5.296177070856175533e+02,5.333569639098733433e+02,1.487713651329748473e+03,1.223598686547194575e+03,-1.694265655804423716e+02,1.387522491542658827e+03,4.528043114641189959e+02,2.860788832363373331e+02,1.177551223040267814e+03,4.885159615333986949e+02,-2.137828840478496861e+00,1.178016582710102739e+03,4.844911604303217700e+02,3.806430020207651523e+02,8.773475598544371223e+02,7.384679945088996078e+01,-3.321119721412954107e+01,1.463725507291580016e+03,2.854643309449773483e+02,3.178432996828929618e+02,4.706994605026525846e+02,1.511916655976934862e+02,9.611823123265810409e+01,1.486552805616109254e+03,-1.388185377449837858e+02,3.439697810628766774e+02,3.300468282365166601e+02,-3.496023180265944319e+01,1.078358061829353431e+02,1.720086493596381388e+03,-1.282335759623968272e+02
-5.847585687176361091e+01,1.328912264684686306e+03,1.164648008186651850e+03,1.161271523789918945e+02,1.416005453951692971e+03,9.832050446284084728e+02,-2.012068903820698722e+02,1.278471199649431583e+03,8.317645463012001983e+02,3.563785091346054514e+02,1.565397429771124735e+03,1.053699061784429205e+03,-2.319430043922446316e+02,1.173872366911430390e+03,5.305825468353658607e+02,5.166759228438481841e+02,1.671769761260743508e+03,1.183996373585444644e+03,-1.723734523550031952e+02,1.390653638579804010e+03,4.517071310295990543e+02,2.869723416662424711e+02,1.185926752879488276e+03,4.908161329251020675e+02,-2.512975281179104403e+00,1.178592746894317770e+03,4.905630669283550560e+02,3.792865795707922416e+02,9.161060813123908702e+02,6.098490276711250857e+01,-3.904461391242274715e+01,1.463862763900348909e+03,2.857607835249020241e+02,3.426022522151511680e+02,5.077486179650964004e+02,1.397444834080723979e+02,9.785791213637388353e+01,1.487268969384249431e+03,-1.385671474277578170e+02,3.589758083509771041e+02,3.653618709370771285e+02,-4.315749638173923586e+01,1.049280720466122148e+02,1.717604874670777917e+03,-1.240919536375048295e+02
-5.963416566751440939e+01,1.372618101944602586e+03,1.157659193684403817e+03,1.005350272292370306e+02,1.460121543856346307e+03,9.738734918253128399e+02,-1.989075884920122803e+02,1.296205843083867649e+03,8.339101812517078542e+02,3.106043308295831480e+02,1.648453522360799752e+03,1.031041199510141951e+03,-2.242774692385175399e+02,1.175270085532712073e+03,5.354700087676930025e+02,4.563897396894404892e+02,1.832206271355066519e+03,1.111438217431315479e+03,-1.721729135785888616e+02,1.391723535313172761e+03,4.507269043104734578e+02,2.894433507929192047e+02,1.194884656110977403e+03,4.952160011848070553e+02,-2.136359951167853044e+00,1.181329352265976695e+03,4.976955458086284807e+02,3.765992764230958869e+02,9.536116247584850498e+02,5.259470943271152521e+01,-4.431106931555890327e+01,1.466582784085114554e+03,2.869383314322735714e+02,3.655006336738102277e+02,5.428166048140841440e+02,1.291726888755922857e+02,1.004635042681137094e+02,1.488332516633131490e+03,-1.385143149491965460e+02,3.722788689520447747e+02,4.002915796559229875e+02,-5.152213935169815784e+01,1.020835502665755001e+02,1.715838924921187072e+03,-1.188964889967232352e+02
-5.992969182732533540e+01,1.415589332158976276e+03,1.152980792841938410e+03,8.539900828217329831e+01,1.498684829749824758e+03,9.635511838867915912e+02,-1.964208911962321622e+02,1.315848284143301726e+03,8.383072924937395101e+02,2.607811617305330287e+02,1.719796580034181716e+03,9.908149779725346207e+02,-2.178457575750962292e+02,1.177513460475171087e+03,5.437454335929098761e+02,3.640504202561134548e+02,1.956132358060695651e+03,1.010010850178939904e+03,-1.697473897101137652e+02,1.389845479860739488e+03,4.490654715987715804e+02,2.925733604068097407e+02,1.205833665187011320e+03,5.014797162727567184e+02,-1.071234276978822564e+00,1.186694685992413724e+03,5.055126977510986421e+02,3.734366239472754501e+02,9.888409181230820195e+02,4.900271839138554242e+01,-4.830754959547348903e+01,1.471365645644843653e+03,2.883858163097471561e+02,3.856450234366521954e+02,5.749694873859643849e+02,1.208699162873433721e+02,1.031927215441954218e+02,1.488861452128347764e+03,-1.385710755765303759e+02,3.838732929664619746e+02,4.343255892411473269e+02,-5.922598425756301310e+01,9.961131390887518933e+01,1.714650264582701311e+03,-1.137314841998081505e+02
-5.933960528327886408e+01,1.456889034185865739e+03,1.149647604443934597e+03,7.264240724613227940e+01,1.533487556658921676e+03,9.512270197423843001e+02,-1.940112284789653927e+02,1.334690337601811052e+03,8.445679873942879112e+02,2.100004571871272958e+02,1.777868794756186389e+03,9.313159577668669726e+02,-2.122517478614777815e+02,1.179384742164735599e+03,5.548819143729523375e+02,2.561983415381106397e+02,2.036873357117993010e+03,8.891712409056012802e+02,-1.664054455687960115e+02,1.384867282378362916e+03,4.464802177465186901e+02,2.955779297735361979e+02,1.219486074752238892e+03,5.090800125453995406e+02,7.341950353522882500e-01,1.194596475570286884e+03,5.135352827133903020e+02,3.705819172180193277e+02,1.021070241222016534e+03,4.968172706013838535e+01,-5.064540092461037801e+01,1.477473139194505166e+03,2.894683059750992129e+02,4.026482801249848649e+02,6.037928283044745967e+02,1.155621555689322832e+02,1.053039385966757209e+02,1.488342484011405077e+03,-1.384858181501972467e+02,3.942490686697956335e+02,4.671551248523366553e+02,-6.575533762352392841e+01,9.761057486723909449e+01,1.713949347051771838e+03,-1.094572885518901302e+02
-5.791868792163873536e+01,1.495782148591041505e+03,1.146570766027551826e+03,6.343421782299540013e+01,1.566074159519883324e+03,9.358067032040095228e+02,-1.917421989768283481e+02,1.351109268633676038e+03,8.523123415649619119e+02,1.606400354609299370e+02,1.819853253505672456e+03,8.554801670325481382e+02,-2.070528755725613621e+02,1.180364139549792526e+03,5.684648007800556115e+02,1.489620408012024484e+02,2.073811129518915095e+03,7.611033954475354903e+02,-1.634438557759733328e+02,1.377371850021233058e+03,4.433816218782917531e+02,2.980293470359657704e+02,1.235821714113115149e+03,5.172966684291309321e+02,3.340939894672700916e+00,1.204462661090640268e+03,5.213006778496719562e+02,3.685829689883539686e+02,1.049855937560953862e+03,5.363082148240555114e+01,-5.123435730778857788e+01,1.484172083129140447e+03,2.896721338916324271e+02,4.166475093011973740e+02,6.291562480980597911e+02,1.133111912692981491e+02,1.063636130283370989e+02,1.486792137828161231e+03,-1.381157357727179544e+02,4.040551139436561812e+02,4.984200869686751503e+02,-7.091216962301308513e+01,9.605323619570818039e+01,1.713684348014108991e+03,-1.066860815504442428e+02
-5.583862100308147092e+01,1.531911593472405912e+03,1.142918240587769787e+03,5.778859812687768738e+01,1.597301936630292175e+03,9.167578908710064525e+02,-1.894928292205303535e+02,1.365063773627321098e+03,8.611413856695496634e+02,1.142772068886387871e+02,1.843150498958769731e+03,7.709306160298139048e+02,-2.017956022379000274e+02,1.180574930385276730e+03,5.843350777945936443e+02,5.374721397467309458e+01,2.070953994215327384e+03,6.378998568840083863e+02,-1.617318948042505440e+02,1.368388948337265674e+03,4.407883732491918636e+02,2.999027044374633419e+02,1.254283951849501591e+03,5.254071748064494614e+02,6.727395522985385234e+00,1.215497945069223988e+03,5.285014036895788649e+02,3.676988492540553466e+02,1.074999996946182364e+03,5.981547191429187649e+01,-5.022190190085843398e+01,1.490949415409857465e+03,2.887390980307578729e+02,4.281716714402607522e+02,6.509929621923255354e+02,1.136742229513632196e+02,1.063500814741651652e+02,1.484707056894857260e+03,-1.376231892427290688e+02,4.137996525652621358e+02,5.275652885780178849e+02,-7.473023666111247110e+01,9.486135991118827349e+01,1.713773790574610985e+03,-1.057944863206776631e+02
-5.339698199705924253e+01,1.565275785563454747e+03,1.138326785186934558e+03,5.450351391665962808e+01,1.627236175388442916e+03,8.944623410296075008e+02,-1.869745266932141874e+02,1.377819717129280434e+03,8.706563582376384147e+02,7.170404221847321935e+01,1.846999390637061197e+03,6.879282277878550076e+02,-1.959862529635851729e+02,1.180526945655347390e+03,6.026299966593078352e+02,-2.436893360084303950e+01,2.035187850651937879e+03,5.293846238663132908e+02,-1.615214624560695711e+02,1.358968879822715508e+03,4.401148256477365521e+02,3.014462093925851036e+02,1.274110902776914372e+03,5.328788801079307405e+02,1.073591115965816734e+01,1.226986273149342878e+03,5.350701218940146191e+02,3.679539159163640534e+02,1.096512675988629098e+03,6.747684559636381607e+01,-4.797286253550052493e+01,1.497647286316414011e+03,2.867903506463219401e+02,4.379386888743455870e+02,6.692377806481844118e+02,1.159258371746896472e+02,1.055375701494772329e+02,1.482862034477290763e+03,-1.374159143467714443e+02,4.237039589569002942e+02,5.539241649597017840e+02,-7.736524408754667093e+01,9.392237966361257406e+01,1.714074938463431181e+03,-1.068695379045025788e+02
-5.098946008430930732e+01,1.596011516236001171e+03,1.132896228566785339e+03,5.157920015930076119e+01,1.655335862528609823e+03,8.701388589262270443e+02,-1.838305152591131844e+02,1.391085416976128045e+03,8.804953872362279981e+02,3.322002110980893264e+01,1.833312935618644815e+03,6.161840629775083471e+02,-1.891123553241971820e+02,1.180783224602290375e+03,6.236467604564403473e+02,-8.548920450104256474e+01,1.974868550762296309e+03,4.419241121206676439e+02,-1.625547522781815246e+02,1.349825746326909439e+03,4.428113962040907268e+02,3.029551228094567250e+02,1.294633594068812272e+03,5.394703364674487602e+02,1.507398234467900622e+01,1.238499413828451225e+03,5.411690022817242607e+02,3.692577915340787627e+02,1.114569476889963880e+03,7.621193035684061101e+01,-4.506760573595500574e+01,1.504449593096184117e+03,2.843680568177921373e+02,4.466839317802297273e+02,6.839300936482252382e+02,1.192804460392749490e+02,1.042809848735464868e+02,1.482067372314767454e+03,-1.378596754588749320e+02,4.337464774938498522e+02,5.769698011555993844e+02,-7.899279336249183814e+01,9.306421809712530546e+01,1.714473966147578039e+03,-1.096215530282688775e+02
-4.905671348802903253e+01,1.624148585943505168e+03,1.127038185744402881e+03,4.699052614150319584e+01,1.680793865478332009e+03,8.454527670949743197e+02,-1.798268696933463104e+02,1.406040183233719517e+03,8.903690050168938797e+02,-9.013268542804662165e-01,1.806359722451521293e+03,5.620262833715430588e+02,-1.807675894560554468e+02,1.181701480209704414e+03,6.475876881382869215e+02,-1.322671541854691100e+02,1.898866838474419183e+03,3.781905391087438488e+02,-1.643518629032094225e+02,1.341178576190803597e+03,4.499602023089153136e+02,3.045680980136877452e+02,1.315395580641029028e+03,5.452161803273492069e+02,1.937464205774082515e+01,1.249946562805151871e+03,5.470951479260663746e+02,3.715320951726917542e+02,1.129471765150801730e+03,8.585822161991694657e+01,-4.221903683190469536e+01,1.511686118800620989e+03,2.823110932515107834e+02,4.550788837834777496e+02,6.953663535219121741e+02,1.231045519581643788e+02,1.028678362590796667e+02,1.482972822392452144e+03,-1.389749988746048643e+02,4.438543408024485757e+02,5.965452959914301800e+02,-7.970789113651085245e+01,9.207343804908505547e+01,1.715070828850389944e+03,-1.133893347274826056e+02
-4.803386808782828865e+01,1.649536363929241134e+03,1.121287129291570182e+03,3.946559804095740986e+01,1.702866798528621985e+03,8.220544791198686880e+02,-1.750595447489444894e+02,1.422754102257099703e+03,9.000840603504223054e+02,-3.007180527002543968e+01,1.771579171114545034e+03,5.270963507907285930e+02,-1.708279987143071423e+02,1.183334292637785438e+03,6.743423678885391155e+02,-1.674284332025960396e+02,1.815792259254171313e+03,3.376441666724765014e+02,-1.664793516385323642e+02,1.332765723670757097e+03,4.619921005651892756e+02,3.061824861183124540e+02,1.336060730390111530e+03,5.503476707874615386e+02,2.329909620846536811e+01,1.261493735981132886e+03,5.531556243004987437e+02,3.747938019313917835e+02,1.141631942851438907e+03,9.631188968035915821e+01,-4.004627351300021587e+01,1.519498111707235694e+03,2.814630900574433099e+02,4.637234269651264640e+02,7.041593173503306389e+02,1.271211486432529512e+02,1.015229342965673567e+02,1.485942812652415114e+03,-1.403409915762233595e+02,4.541418269289987393e+02,6.129012523622566277e+02,-7.940936000457696764e+01,9.081386124969046136e+01,1.716307231364007976e+03,-1.173188067419544325e+02
-4.832387554308354538e+01,1.672001032244622365e+03,1.116144911279043981e+03,2.890205832971414068e+01,1.721072089947175527e+03,8.012442023152688080e+02,-1.700609488041004340e+02,1.440227657842580356e+03,9.095477193954809536e+02,-5.341537056883876033e+01,1.734179709999662236e+03,5.088647537749847061e+02,-1.595610141725930191e+02,1.185465536769648907e+03,7.034448482075822540e+02,-1.925013771091503827e+02,1.733142929703818709e+03,3.174412808991223187e+02,-1.686649579213674883e+02,1.323921701598944765e+03,4.786555147284057057e+02,3.075140044756776661e+02,1.356212188794173017e+03,5.552194727552994209e+02,2.663962716967489897e+01,1.273427986513197311e+03,5.595711070251724095e+02,3.791717898397925524e+02,1.151586683338268131e+03,1.074105292812542558e+02,-3.878131727291122388e+01,1.527515985294365464e+03,2.823308823297077197e+02,4.731478424998905439e+02,7.111371939679810339e+02,1.315623630297294824e+02,1.005081859642012603e+02,1.490992455262235808e+03,-1.412734404233584939e+02,4.650705486632167549e+02,6.265144753680812073e+02,-7.769629837125127381e+01,8.939802940903038575e+01,1.718885950965387110e+03,-1.206585234379065810e+02
-5.028012056291382237e+01,1.691596192385695304e+03,1.111979239815821984e+03,1.624490792668056471e+01,1.735231998346333285e+03,7.838197965307527966e+02,-1.657142157104637192e+02,1.456926569580803971e+03,9.187500770104514913e+02,-7.015164207019245168e+01,1.698102642979665234e+03,5.023974483153590427e+02,-1.475731807360620280e+02,1.187710693796222586e+03,7.342232891986565164e+02,-2.078885105963978788e+02,1.656438815638764027e+03,3.134897858318673229e+02,-1.707648161536426414e+02,1.313672838155258887e+03,4.992279108995845149e+02,3.082474460492322805e+02,1.375224956487373220e+03,5.602599589318060680e+02,2.937149154218164782e+01,1.286028549504194189e+03,5.664393776887859531e+02,3.848579257999248284e+02,1.160001596251543788e+03,1.189307515072353283e+02,-3.810368566069865182e+01,1.534766307784210539e+03,2.848756154497632451e+02,4.837753322890736740e+02,7.171327855643754674e+02,1.371636200347935528e+02,1.001788702886746307e+02,1.497788854527676904e+03,-1.411533126166712009e+02,4.774225679298505156e+02,6.378284164296444487e+02,-7.386981427399442168e+01,8.827201609735628551e+01,1.723481664767696202e+03,-1.230107154874786062e+02
-5.415318429454204363e+01,1.708733377311150207e+03,1.108968733134773174e+03,2.928134186804027816e+00,1.745449778248910206e+03,7.700485610967090224e+02,-1.629635482477923745e+02,1.471476913053352746e+03,9.277335769630465165e+02,-8.008344868949860995e+01,1.665591793851112470e+03,5.024249687446161943e+02,-1.355953046192680631e+02,1.189640846637329787e+03,7.660280839413047715e+02,-2.137203559639124819e+02,1.588649382593184100e+03,3.214272804756316759e+02,-1.726881190338444299e+02,1.300946120594265949e+03,5.228190759348270831e+02,3.081853789361188092e+02,1.392362271107698234e+03,5.658993855595230116e+02,3.162507441133108088e+01,1.299470498810967911e+03,5.737513756717457909e+02,3.920081938977342020e+02,1.167608314728899813e+03,1.306564095927226958e+02,-3.727115501635375949e+01,1.539961111504313749e+03,2.885680986975372662e+02,4.958484450659199183e+02,7.227840753759312520e+02,1.448974228710647765e+02,1.009071690154992780e+02,1.505747923974510059e+03,-1.396952451817055305e+02,4.920456262542537047e+02,6.471136952646069176e+02,-6.714213617110385712e+01,8.809094373439012315e+01,1.730418876393416667e+03,-1.243960726909639476e+02
-5.997799600403343590e+01,1.724084841213143363e+03,1.107081630505577095e+03,-9.817781564876099765e+00,1.752125781390447401e+03,7.596802270546133968e+02,-1.624143860792975431e+02,1.483200787905400375e+03,9.365594320509998170e+02,-8.388362396513890928e+01,1.637263132527393509e+03,5.049210557642420554e+02,-1.241982100009184364e+02,1.190931140981839235e+03,7.983842332886275699e+02,-2.107432882546412714e+02,1.530164122397714436e+03,3.373641727452677515e+02,-1.743730335029489424e+02,1.284993455245910809e+03,5.485872665852421051e+02,3.073221796205246505e+02,1.407100891201987906e+03,5.724343653873963831e+02,3.359573602301887973e+01,1.313763383998701784e+03,5.814281728896825143e+02,4.006223450115421088e+02,1.175047595432459502e+03,1.424364807281485241e+02,-3.553123633840971252e+01,1.542110381796682987e+03,2.926926547177245084e+02,5.093599337992763481e+02,7.284441258417522249e+02,1.554714977096150506e+02,1.029059331084165763e+02,1.514235025835730312e+03,-1.370094447725142857e+02,5.094449380632051430e+02,6.545467453430943578e+02,-5.704905993820693055e+01,8.939477055461439647e+01,1.739525456745312113e+03,-1.251141074132350468e+02
-6.744825642088230211e+01,1.738336998662473661e+03,1.106082110546561353e+03,-2.146201672832089358e+01,1.756027606506439952e+03,7.519743436425047776e+02,-1.640015814300230943e+02,1.492327209946118046e+03,9.452780982448934992e+02,-8.303995010404341315e+01,1.612417767779236328e+03,5.078171915958279214e+02,-1.135739264741487062e+02,1.191510035087151437e+03,8.309952776126809795e+02,-2.007334793292335746e+02,1.479240576236541301e+03,3.582991626518373778e+02,-1.758230143615162149e+02,1.265918074693279550e+03,5.757919943104534468e+02,3.058297457463384035e+02,1.419507050614065292e+03,5.798665636530914753e+02,3.544605554462498276e+01,1.328726832679111112e+03,5.893495375818793036e+02,4.104493703241435583e+02,1.182672537264563516e+03,1.541890586743212452e+02,-3.258512560126941082e+01,1.541151112773794239e+03,2.967254575949118021e+02,5.240250605886120638e+02,7.342070979289178467e+02,1.688126767510879915e+02,1.060682678852920446e+02,1.522798817847215560e+03,-1.334662807041217434e+02,5.294119186934982508e+02,6.604207946813939998e+02,-4.388216074061074323e+01,9.225257039804391468e+01,1.750224889811168623e+03,-1.255110614644003135e+02
-7.587884316991575417e+01,1.751982215393271645e+03,1.105568742163708748e+03,-3.227086080540279767e+01,1.758306823671831580e+03,7.457781861883968304e+02,-1.669114192017362370e+02,1.499871277962738986e+03,9.539127294320982173e+02,-7.955580100615426886e+01,1.589406891107382535e+03,5.108522522107602413e+02,-1.034895145207158009e+02,1.191624293372871534e+03,8.636550126255900750e+02,-1.863548997225349240e+02,1.432615185562631495e+03,3.821607845868819027e+02,-1.771434556636824880e+02,1.244938482775253988e+03,6.037416057028307250e+02,3.039919682553576763e+02,1.430396509974833634e+03,5.878297135981559904e+02,3.725585438155903972e+01,1.344012775836202081e+03,5.973661892115619594e+02,4.209748838351429185e+02,1.190435698622621203e+03,1.658726246540881561e+02,-2.880305594912261213e+01,1.538192575383998928e+03,3.005502628580628652e+02,5.393084972520581459e+02,7.399841417984224563e+02,1.838655585188318753e+02,1.099291956329073798e+02,1.531300120929790410e+03,-1.295063863954585202e+02,5.509130192723534947e+02,6.652881849739839026e+02,-2.885035139749406596e+01,9.610945136630894581e+01,1.761744114869300120e+03,-1.258157932861576995e+02
