1.485792512330580166e+02,6.979570503779386037e+00,1.711636113080943687e+03,9.994169130335730244e+01,-1.216328330691375612e+02,1.413855514437762395e+03,1.416947251103663348e+02,2.035104273582627741e+02,1.402119399304973285e+03,1.707253618087781604e+02,-2.147246024724000222e+02,1.137336605962623707e+03,1.795155286526056386e+02,2.984144595301653453e+02,1.089516807145450684e+03,2.646535832462353710e+02,-4.917886294462342534e+01,1.241494405506429530e+03,3.256542823028074736e+02,1.885408450609858733e+02,1.202768148553810988e+03,-2.260172448805632683e+01,1.479682382085359649e+01,8.628861092594491993e+02,8.860198482532894104e+01,2.664603087212187802e+02,9.577161245820001341e+02,1.377693409908580406e+02,-3.774444637242923761e+01,4.617029287319097079e+02,5.179083560512674467e+02,1.190128928744949377e+02,1.062706759382499968e+03,7.864293559143728629e+00,5.742504827631530695e+00,-3.772628664784607455e+00,2.430610505918413367e+02,1.694856498935189961e+02,6.626322953340505819e+02,2.903721748285428816e+02,4.462120889792702627e+01,2.275560401075638595e+01,4.958361760485452123e+02,5.358098299566662348e+01,6.040715827880242159e+02
1.516216066050268410e+02,1.053036838539286890e+01,1.710890001138244315e+03,1.021850160390969364e+02,-1.179927935676345214e+02,1.414232539496900699e+03,1.447390977801713348e+02,2.081149171539140639e+02,1.402450822339249044e+03,1.672198395790363179e+02,-2.116361525610096237e+02,1.134363046551524576e+03,1.822280342354576419e+02,3.027276653768334995e+02,1.085993588848055197e+03,2.645192136745750418e+02,-4.979232921762314845e+01,1.237460290778490844e+03,3.271239117138507027e+02,1.904986993499002210e+02,1.198094073657412082e+03,-2.572995496720590225e+01,1.922231849883182875e+01,8.625293191834773552e+02,8.802505900376820591e+01,2.704615318908000177e+02,9.557353744131339681e+02,1.384094031563496969e+02,-3.457429159935207963e+01,4.599870828596968977e+02,5.170895136551424685e+02,1.169815225042241735e+02,1.057644148136414060e+03,4.647080792152679329e+00,4.711245750567210955e+00,-2.450300965961605293e+00,2.390567614824534530e+02,1.760929505378987017e+02,6.611853758665243959e+02,2.907696731722151640e+02,4.472272643947083282e+01,2.363393348772079605e+01,4.884634419421980738e+02,5.279036499341687261e+01,5.995424632239428320e+02
1.544241724467364065e+02,1.361733409350819990e+01,1.710129431638695451e+03,1.041407523450764074e+02,-1.147487533124721892e+02,1.414272336248950069e+03,1.477335420992418733e+02,2.122696094196040235e+02,1.402490937420026285e+03,1.635374222139510891e+02,-2.091007916397259407e+02,1.131418865123862588e+03,1.846823564376241222e+02,3.070774582496081848e+02,1.082749877021450402e+03,2.643732189586011145e+02,-5.011268386700625399e+01,1.233086820843933992e+03,3.290748645136855544e+02,1.927529530735320122e+02,1.193332990933231713e+03,-2.863583000254218547e+01,2.357930109381206307e+01,8.620925510417015403e+02,8.735891200881023622e+01,2.745405535564586899e+02,9.538071136649274422e+02,1.389287701449378005e+02,-3.169755579618622221e+01,4.585784507554997731e+02,5.163970303614501063e+02,1.156970092011283384e+02,1.052195883651065742e+03,2.070830576444253612e+00,3.919800480961467493e+00,-1.368812720087551726e+00,2.350149357867218498e+02,1.821539464198818621e+02,6.590528745969394322e+02,2.911052690591337750e+02,4.502011156886460697e+01,2.442203238809145205e+01,4.817557209503585796e+02,5.258281558298505587e+01,5.943901476426810859e+02
1.568614072998250037e+02,1.597001548529176951e+01,1.709307675742291394e+03,1.056349361623858414e+02,-1.122040615544622284e+02,1.413755448120827623e+03,1.506567704322653753e+02,2.157055937337530622e+02,1.402076299330135498e+03,1.596354518749161286e+02,-2.074840712285895279e+02,1.128455730902335517e+03,1.867497157679256361e+02,3.114774106303373742e+02,1.080024034928677793e+03,2.643706504134513580e+02,-5.018943728791708025e+01,1.228089025912456009e+03,3.318523154720917319e+02,1.953845395547543831e+02,1.188325923615103875e+03,-3.115697691701895877e+01,2.775265544674641660e+01,8.615628848944015772e+02,8.657512171126406031e+01,2.786449536757345413e+02,9.519754808921544509e+02,1.392487724751082681e+02,-2.928144657315826649e+01,4.576401233481636837e+02,5.158908560871406053e+02,1.155647080050464837e+02,1.045972512064098964e+03,5.314046842874490251e-01,3.501483447419160289e+00,-6.777920779874475610e-01,2.310156566250379342e+02,1.872262017559745573e+02,6.556644971535547484e+02,2.913297303926175914e+02,4.562528602886238360e+01,2.504323898227438505e+01,4.760806910774564926e+02,5.309483350737775709e+01,5.880570275867299870e+02
1.589679556048518805e+02,1.755063575742419602e+01,1.708366104730955840e+03,1.066581973827330785e+02,-1.105060134586686900e+02,1.412663114151572245e+03,1.535133270866647877e+02,2.183769096952320865e+02,1.401239001523577599e+03,1.556550312186650444e+02,-2.068481358518708362e+02,1.125372103835898542e+03,1.884550520029737015e+02,3.158879300212828412e+02,1.077965867716897037e+03,2.648384814830419600e+02,-5.045407625221672987e+01,1.222370053559823873e+03,3.355248893962638022e+02,1.982242104184142875e+02,1.182907595265899090e+03,-3.324062221837016295e+01,3.158795022544690312e+01,8.610063290299721075e+02,8.572583114232278945e+01,2.825719610619054265e+02,9.502753366420065504e+02,1.393574296778049870e+02,-2.731869363284546992e+01,4.571366519600105107e+02,5.155419284084681522e+02,1.164521886394964127e+02,1.038704463274357977e+03,5.743575241001964288e-02,3.435652939928416139e+00,-3.910541354802446468e-01,2.272461960120376432e+02,1.910735160058882229e+02,6.507279387641217454e+02,2.914394394331319518e+02,4.652257046012171315e+01,2.544996246696107534e+01,4.713893359379696335e+02,5.389595532995332405e+01,5.802056527024441266e+02
1.609126931316557432e+02,1.850242961064508762e+01,1.707284624038345783e+03,1.073533203659019790e+02,-1.095795755885123270e+02,1.411185836144946961e+03,1.563417185880127533e+02,2.203677223349511394e+02,1.400186515471981693e+03,1.518442526633085663e+02,-2.069092127155201410e+02,1.122099047631034182e+03,1.899478736978267648e+02,3.202097356366068084e+02,1.076631059085156494e+03,2.661698491892620950e+02,-5.143703530155391235e+01,1.216029290908556959e+03,3.399042240351187161e+02,2.009923321106354877e+02,1.177001544665706433e+03,-3.499478360011929823e+01,3.501100859666541254e+01,8.605106992754597286e+02,8.488639979351212617e+01,2.861236508175246627e+02,9.487298530748414578e+02,1.393045754857703571e+02,-2.564561306186284284e+01,4.569098279316582989e+02,5.152359902965121137e+02,1.177229027332950011e+02,1.030355008159010367e+03,3.566450032518423963e-01,3.588323486461329814e+00,-4.033941515747180850e-01,2.239149791993996246e+02,1.936853211123909659e+02,6.442516056038505212e+02,2.914983799217753244e+02,4.757934959596204294e+01,2.563261905421693143e+01,4.673614076025583586e+02,5.421208314907917725e+01,5.708389304796600072e+02
1.629104536313267886e+02,1.905054797328426375e+01,1.706118219848661511e+03,1.079395110958986805e+02,-1.091359178846699791e+02,1.409643314522696073e+03,1.592045319673902384e+02,2.217714280573084693e+02,1.399202669979560596e+03,1.484244649538748320e+02,-2.071448744407522895e+02,1.118678531888196403e+03,1.914262592309393369e+02,3.243143599538419153e+02,1.076001117804200931e+03,2.686477876116470043e+02,-5.339512009214504928e+01,1.209275834203193881e+03,3.446718071225643598e+02,2.035069396397209971e+02,1.170706314914784798e+03,-3.668435421062194024e+01,3.813072288881534178e+01,8.601172487898746795e+02,8.408116071470179520e+01,2.892698828964329323e+02,9.473427477478882111e+02,1.391682837115654081e+02,-2.402865899591157728e+01,4.568041906174112228e+02,5.148132327191691502e+02,1.184760302352417796e+02,1.021176300608388374e+03,9.829604895774853857e-01,3.798032632791970897e+00,-5.547141312464034524e-01,2.211571182543897294e+02,1.952170731810110738e+02,6.364777721045589942e+02,2.916202788915596216e+02,4.859121494895914140e+01,2.561632672203343830e+01,4.636595051171932482e+02,5.332781496409747746e+01,5.603289629676462482e+02
1.651230560218657502e+02,1.941704251669126791e+01,1.704979862712026716e+03,1.086149847021878259e+02,-1.087889654429397268e+02,1.408345238421617296e+03,1.621605938926220460e+02,2.226543385516322644e+02,1.398520109289709126e+03,1.454882303015528180e+02,-2.070207896542824244e+02,1.115256982157910443e+03,1.930668413590976513e+02,3.281199729086267780e+02,1.076004146954762746e+03,2.723075173573241159e+02,-5.613773875839419958e+01,1.202283171264994508e+03,3.495477937870226697e+02,2.058232258166677866e+02,1.164283738928179901e+03,-3.864481631612122925e+01,4.121855678196034489e+01,8.598017514527425647e+02,8.325202741078661006e+01,2.921709852361132107e+02,9.460891497290614325e+02,1.390083344684057636e+02,-2.227611378950146204e+01,4.567459609340202178e+02,5.141225617907549577e+02,1.178914184920443660e+02,1.011637418598890349e+03,1.523473608971260607e+00,3.948013169357218910e+00,-7.035273375478126034e-01,2.190196043845572547e+02,1.958644967227333780e+02,6.277553151007506358e+02,2.919056439128986540e+02,4.933915285302146003e+01,2.544624267535692752e+01,4.601243667272637481e+02,5.088487889238356843e+01,5.492905008456106088e+02
1.676015465185136861e+02,1.976513036237336962e+01,1.703977555343205950e+03,1.094883669142546267e+02,-1.082349386652916508e+02,1.407461915449176104e+03,1.652355145131043344e+02,2.231172266418404604e+02,1.398231061142546650e+03,1.429787273474365747e+02,-2.062179843347494170e+02,1.111993678487913712e+03,1.949990148335499214e+02,3.316804911264106295e+02,1.076516322684319903e+03,2.769186709811336868e+02,-5.915888293635368456e+01,1.195070411248534583e+03,3.544202669094485714e+02,2.082253101620151483e+02,1.158022198689489642e+03,-4.114223153786039688e+01,4.456407132718499042e+01,8.595180377545337933e+02,8.229010293990948810e+01,2.950514940995410598e+02,9.449187902249758508e+02,1.388333395850202692e+02,-2.031737578336449346e+01,4.567349912638759406e+02,5.130620304355505823e+02,1.155495792936599884e+02,1.002230388570253808e+03,1.717891279481106093e+00,3.990239972730854401e+00,-7.735494121455709360e-01,2.175359532622378538e+02,1.957278722700347942e+02,6.183953762495357296e+02,2.923720802786629065e+02,4.965165699396167298e+01,2.517066577959887042e+01,4.568400269348247775e+02,4.691372898297756677e+01,5.383274622277444905e+02
1.702880066532210606e+02,2.016941690301306167e+01,1.703150453697093099e+03,1.105665394286229173e+02,-1.073854253078739021e+02,1.406971554901859918e+03,1.684090082617766200e+02,2.233715023801785264e+02,1.398279941641785172e+03,1.407399105221741706e+02,-2.047348767253402286e+02,1.108954710797139796e+03,1.973212115150495549e+02,3.352185842032377536e+02,1.077352610096585067e+03,2.820913930192431849e+02,-6.194800467489659468e+01,1.187478214761126992e+03,3.593803611833011473e+02,2.110685748341993531e+02,1.152043640088203801e+03,-4.425506596312665408e+01,4.831459524691642571e+01,8.592616159083482898e+02,8.110101566683106000e+01,2.980516577379424348e+02,9.437801892708259857e+02,1.386032635890727818e+02,-1.820911011808948032e+01,4.567856547629281181e+02,5.115892850705026831e+02,1.116130288372895905e+02,9.932449902920425302e+02,1.480115965300129233e+00,3.927751188408733274e+00,-7.584294127807459374e-01,2.168178420315373387e+02,1.947498951185379781e+02,6.085592507983394626e+02,2.929289732101371442e+02,4.946868930405130982e+01,2.483074251008533295e+01,4.540937257313853479e+02,4.165666763892502189e+01,5.277790793330174210e+02
1.730577358278660540e+02,2.062583882149641212e+01,1.702445818379327875e+03,1.117909474104870924e+02,-1.063594796057977163e+02,1.406705320608489728e+03,1.716269815590653138e+02,2.237354904904108821e+02,1.398529728582038160e+03,1.385910950310035048e+02,-2.028164950693820572e+02,1.106068045721341832e+03,2.001253016185299032e+02,3.390480192515839803e+02,1.078280056193699238e+03,2.874376242827518695e+02,-6.425362478987690906e+01,1.179232981130701546e+03,3.646638013532725040e+02,2.145444870760887852e+02,1.146176435831686604e+03,-4.784866442055047742e+01,5.241978891731648815e+01,8.590945656750998296e+02,7.965358426563103933e+01,3.011888141470663527e+02,9.426554091172087055e+02,1.382670918673996994e+02,-1.607054489058174696e+01,4.568856370660624862e+02,5.097076161729590353e+02,1.067991505179761873e+02,9.846346174211630569e+02,8.498919670044745578e-01,3.784715572474889989e+00,-6.943134497196215005e-01,2.170766646308972270e+02,1.927756546038157808e+02,5.982197182025522579e+02,2.934153753649280247e+02,4.888669269903569869e+01,2.445825037896253917e+01,4.522819413466042988e+02,3.537427332640309885e+01,5.176136788415318506e+02
1.757705691370748582e+02,2.112073169812743600e+01,1.701744509408586282e+03,1.130928394648142756e+02,-1.053331499214802136e+02,1.406453078695972181e+03,1.748347941573212267e+02,2.245281419626157628e+02,1.398848924691659022e+03,1.363873901733632579e+02,-2.007636454276679387e+02,1.103161986171435956e+03,2.035007621251467924e+02,3.434042737209978213e+02,1.079078734281094285e+03,2.927011828600437298e+02,-6.614893103185495704e+01,1.170037429981034165e+03,3.705479065445652509e+02,2.184953469301385098e+02,1.139986514325047665e+03,-5.165638744033794438e+01,5.671370875071586681e+01,8.591047948014951317e+02,7.797959128943968210e+01,3.044446598828257038e+02,9.415785944150862861e+02,1.378105277173646641e+02,-1.399221323085958701e+01,4.570109700080125208e+02,5.074458497962033903e+02,1.021393596321669719e+02,9.760504368803003672e+02,-7.148316944301702502e-02,3.589866712378197988e+00,-6.223839023108898028e-01,2.185474226491632237e+02,1.896963294168398591e+02,5.872084316496054726e+02,2.936738381507036024e+02,4.814785767525621907e+01,2.407766923466186881e+01,4.517951583219685858e+02,2.828106505172137020e+01,5.075339080118787933e+02
1.783144078046715038e+02,2.173988019931737270e+01,1.700908805889733458e+03,1.144398477460961345e+02,-1.043459913296249795e+02,1.406059361916855778e+03,1.780192996743303979e+02,2.259251630483357474e+02,1.399159043866721731e+03,1.340575678518395080e+02,-1.987336261671877367e+02,1.100048205559715825e+03,2.075248275097236217e+02,3.482810744918835439e+02,1.079633544685186507e+03,2.978097319861543042e+02,-6.790120202725205445e+01,1.159633506613515465e+03,3.772650571104637720e+02,2.224062135681070629e+02,1.132964707719108674e+03,-5.541641562251482611e+01,6.106287665950893739e+01,8.593247969307151379e+02,7.613110596736879643e+01,3.078783584248633929e+02,9.406160990240691717e+02,1.372797887855190595e+02,-1.197291717691839708e+01,4.571747413079078228e+02,5.048431275832069787e+02,9.860290629244320826e+01,9.670251882480044969e+02,-1.162890941830750480e+00,3.381920113681357698e+00,-5.603817593162093713e-01,2.213692664411439068e+02,1.855706344247468564e+02,5.753210075889295467e+02,2.936131249543880699e+02,4.755316135186996718e+01,2.370939976017274375e+01,4.529031697225512403e+02,2.060182782663532208e+01,4.972222470935765841e+02
1.806396497374132935e+02,2.274063942313410180e+01,1.699816425305752773e+03,1.158592896292763328e+02,-1.031987668927921220e+02,1.405450408089005123e+03,1.812389664013445554e+02,2.278741891588261126e+02,1.399416793636148896e+03,1.316265459944426937e+02,-1.966401135907084665e+02,1.096584722723026744e+03,2.122678551474858182e+02,3.533851846242962438e+02,1.079996774324171383e+03,3.028502425404168434e+02,-6.975997533207319634e+01,1.147823505927900669e+03,3.849654613557606240e+02,2.256169704838230814e+02,1.124770109786664761e+03,-5.898853166582596685e+01,6.547171271857889963e+01,8.596673601820681370e+02,7.413011023068979455e+01,3.116531993603026649e+02,9.398122661732703591e+02,1.367628322605169160e+02,-9.915804992328110856e+00,4.574514535974606133e+02,5.019323417783975856e+02,9.673723780802990291e+01,9.572016865662268401e+02,-2.300990928144661218e+00,3.228797965712428386e+00,-4.915957412014965722e-01,2.255179341633391630e+02,1.806300468052276074e+02,5.624218141119630445e+02,2.932305546046860627e+02,4.732694512113170049e+01,2.337337901329410883e+01,4.556761161811199941e+02,1.262462401736857487e+01,4.865686562370667048e+02
1.827810237054038396e+02,2.449954309369340066e+01,1.698360932726001010e+03,1.174333874168501382e+02,-1.015207606247958125e+02,1.404581929440902513e+03,1.846183324540923820e+02,2.301232972745116570e+02,1.399552991950850810e+03,1.292205277404136439e+02,-1.942072329102621779e+02,1.092676478620991020e+03,2.178269156400515669e+02,3.582518549693556906e+02,1.080358186625203643e+03,3.079877700546796291e+02,-7.180292398680633426e+01,1.134462011561247664e+03,3.937194007750499622e+02,2.276627101555640422e+02,1.115391943581354781e+03,-6.240125451134295531e+01,7.008016864959019188e+01,8.599253356857561812e+02,7.194471825083049055e+01,3.159512141586154712e+02,9.391325170397082047e+02,1.363397059412341434e+02,-7.680339526816084117e+00,4.579391485532366914e+02,4.987120030165274329e+02,9.648781174763038848e+01,9.464797399803785538e+02,-3.375414157849069063e+00,3.239596191795834468e+00,-3.713970401045035841e-01,2.308528812578972804e+02,1.751592718809987161e+02,5.484938472591720711e+02,2.925980071923693231e+02,4.750436125152676681e+01,2.309241921147485854e+01,4.599860841687588504e+02,4.644651041702393179e+00,4.757440368740816439e+02
1.848532587520044785e+02,2.732344298768997959e+01,1.696427270141812869e+03,1.192682735607424576e+02,-9.897606445508741047e+01,1.403353259498870329e+03,1.882968375957984506e+02,2.323435370133269373e+02,1.399418508014443432e+03,1.270431960313769935e+02,-1.911558175353366948e+02,1.088224852416442673e+03,2.243622057940910111e+02,3.624588370135764421e+02,1.080913921861163999e+03,3.133488964357203486e+02,-7.392739694688337693e+01,1.119438799607297369e+03,4.035271102126801566e+02,2.285552339803390396e+02,1.105139153125017401e+03,-6.582584765937154714e+01,7.506652737336253267e+01,8.598389955869079131e+02,6.950298200529698534e+01,3.208488068155771771e+02,9.384416375270217259e+02,1.360383231694585788e+02,-5.163644559881793938e+00,4.586776095852012531e+02,4.951153376317396351e+02,9.728272424975844501e+01,9.350103695107095518e+02,-4.314385835153897730e+00,3.544040972139682832e+00,-1.479070113114696883e-01,2.372557471409907350e+02,1.693380535296053608e+02,5.336174838671213365e+02,2.918342566331511421e+02,4.791161591847331636e+01,2.289280614374211353e+01,4.656056738437333706e+02,-3.183267500420285057e+00,4.650923041017941841e+02
1.870115384667729757e+02,3.122704342869376859e+01,1.693873844678857722e+03,1.214480687159071408e+02,-9.548872559492019718e+01,1.401560053557459241e+03,1.923523223587923781e+02,2.342750116923347150e+02,1.398782587699285159e+03,1.253216451362706039e+02,-1.874283181673291381e+02,1.083084525051306400e+03,2.320923789952175298e+02,3.658136468282893929e+02,1.081707937616262370e+03,3.189061148723401971e+02,-7.598760432697650913e+01,1.102676470990671987e+03,4.143184126383528110e+02,2.288357534231242596e+02,1.094466787695841276e+03,-6.950350068712531026e+01,8.052215777077748271e+01,8.591921545798344368e+02,6.673004686542367381e+01,3.262536862199870598e+02,9.375361205282518995e+02,1.358304410407812099e+02,-2.375573286820048757e+00,4.595840008016827483e+02,4.910066299332736435e+02,9.833595417519643433e+01,9.230610607004217627e+02,-5.107727561632047220e+00,4.229322983964016736e+00,2.086448736903948331e-01,2.447611263229228484e+02,1.631596756509094632e+02,5.179129402237680324e+02,2.910797698305295853e+02,4.825582651003976054e+01,2.279874849513706891e+01,4.723574847033151514e+02,-1.095795168305175338e+01,4.549328843610302329e+02
1.893895613741046589e+02,3.583189326797641883e+01,1.690553379426336505e+03,1.239945782595319201e+02,-9.135558434245237436e+01,1.398934083572067721e+03,1.967443475896204177e+02,2.358198846922885821e+02,1.397398236835705802e+03,1.242412045997293575e+02,-1.833287656786204423e+02,1.077086697250976840e+03,2.412290877427270459e+02,3.684072046449058462e+02,1.082563660990550261e+03,3.244179281877255221e+02,-7.799231760937313140e+01,1.084164015211347305e+03,4.259556598563342504e+02,2.293526295963591792e+02,1.083742623364499195e+03,-7.365577855053690826e+01,8.636562563568799078e+01,8.578877228029609796e+02,6.358372164542600302e+01,3.319443544955161656e+02,9.362199296889178868e+02,1.356720625199228891e+02,5.264129475720819018e-01,4.604620203694544216e+02,4.862272682536835759e+02,9.901289399069439412e+01,9.108502918936183050e+02,-5.802693501373751062e+00,5.259338706436166078e+00,6.780107703174219624e-01,2.535798573024723908e+02,1.564796772555324935e+02,5.015074848899068343e+02,2.904727033775506015e+02,4.827217116795493013e+01,2.281999787923462719e+01,4.802223361568019300e+02,-1.899876747008826072e+01,4.454180945503454723e+02
1.920462444691649466e+02,4.047660881995579274e+01,1.686376136209981951e+03,1.268528962690487418e+02,-8.718204391562829869e+01,1.395256372174106446e+03,2.013175886474423066e+02,2.370397163247621108e+02,1.395108023156743229e+03,1.238972364212368120e+02,-1.794869704211576789e+02,1.070132575695494324e+03,2.518806243897174681e+02,3.705101661995357176e+02,1.083177217806244016e+03,3.294651386796370502e+02,-8.023182419484743377e+01,1.064023232751696696e+03,4.382654719124940357e+02,2.308717765028935105e+02,1.073091839741612603e+03,-7.840211795134014494e+01,9.233000603607611367e+01,8.559741646032797462e+02,6.006911363084179811e+01,3.376689301884113092e+02,9.343899524413533300e+02,1.355564310009075655e+02,3.264614802846205865e+00,4.610919924623045176e+02,4.806744155411123529e+02,9.908014960526655557e+01,8.984564312795255319e+02,-6.464916333330027243e+00,6.432548631908753478e+00,1.179266442044339946e+00,2.639967321260893414e+02,1.491481319307402202e+02,4.845618310006550473e+02,2.901180605895118561e+02,4.784198439284134707e+01,2.293886487461151091e+01,4.893354150426810634e+02,-2.767653081102808343e+01,4.365438788943484383e+02
1.949474410751977587e+02,4.449188120636407717e+01,1.681376258532273596e+03,1.299106339842745967e+02,-8.366623999688781055e+01,1.390470465712414807e+03,2.058698543659126869e+02,2.380712701958169077e+02,1.391930957650927667e+03,1.242826058690388606e+02,-1.766388365667884841e+02,1.062290545955834205e+03,2.639875668813016887e+02,3.723828972598773248e+02,1.083326206709344206e+03,3.335731695631648108e+02,-8.322298794902319230e+01,1.042566011496533065e+03,4.510987173615015422e+02,2.337216080654499137e+02,1.062406607592713726e+03,-8.370666572147901263e+01,9.802919634588914732e+01,8.536199652153155739e+02,5.622690886158000012e+01,3.432292279967761033e+02,9.320889357470979348e+02,1.355394088359786053e+02,5.531717736941081043e+00,4.613523752912881832e+02,4.743582450702677420e+02,9.874127978038241338e+01,8.858424469626252176e+02,-7.125630049598203897e+00,7.428142801648549565e+00,1.591191604852783437e+00,2.762240459418841283e+02,1.411274691975779945e+02,4.673246944528534073e+02,2.900537209344802250e+02,4.702162463754973487e+01,2.310835818591261415e+01,4.998810730627215548e+02,-3.723189948021896356e+01,4.282977074013755896e+02
1.979850167004468915e+02,4.748808707609748581e+01,1.675723027707477740e+03,1.330412166649028052e+02,-8.132066347921799832e+01,1.384712477220543178e+03,2.102473031543802904e+02,2.390237115600681648e+02,1.388070801223579792e+03,1.253114072607113485e+02,-1.753087675421369340e+02,1.053808360950183669e+03,2.773376886092411837e+02,3.741197961327984558e+02,1.083049159373582825e+03,3.363650066572845390e+02,-8.745311767982890672e+01,1.020283871548072966e+03,4.643796435252361334e+02,2.376559772705032856e+02,1.051497678050315926e+03,-8.937611507817950951e+01,1.030964450940908677e+02,8.510451631266120103e+02,5.210416328671730213e+01,3.485177964134088029e+02,9.294930516320625884e+02,1.357246763168960513e+02,7.118077154444308441e+00,4.612961569786439782e+02,4.673890954857112661e+02,9.848617153981817296e+01,8.729519650674592413e+02,-7.750340554654992609e+00,7.937920062751659067e+00,1.802022941460764915e+00,2.903250341282340514e+02,1.325303787307078380e+02,4.501409785715350722e+02,2.902344050734352550e+02,4.598571242382179491e+01,2.326908372172438177e+01,5.119690240467128319e+02,-4.770555121670486187e+01,4.208238262579948810e+02
2.010141937572209372e+02,4.949985076910187587e+01,1.669651716713546421e+03,1.361500656598798003e+02,-8.024400700129568520e+01,1.378228403227887839e+03,2.144110556233909790e+02,2.399275136279632363e+02,1.383828725544525241e+03,1.268640750057456756e+02,-1.755411064324476058e+02,1.045006668661579624e+03,2.916504205277022947e+02,3.756233621982495947e+02,1.082657224660458496e+03,3.376834696664930107e+02,-9.303235924897867903e+01,9.977412245615524853e+02,4.781004311658633128e+02,2.419971319614948584e+02,1.040269595590508516e+03,-9.511724844626144204e+01,1.073648353047152852e+02,8.484252004231682349e+02,4.772585733047946377e+01,3.535321862124212657e+02,9.268294245207117683e+02,1.362314257480715298e+02,8.021840614956708748e+00,4.611280190719381835e+02,4.598971242846943142e+02,9.886824377772155970e+01,8.597880189760119265e+02,-8.251802836054951129e+00,7.817222918676907106e+00,1.765923166026287960e+00,3.062576533539841535e+02,1.235806458744267360e+02,4.333706347768605838e+02,2.905554835577875679e+02,4.493866997455965162e+01,2.337907326718440970e+01,5.255729596830539094e+02,-5.900476134175255538e+01,4.144710815833968809e+02
2.038890517698641531e+02,5.092579510270009280e+01,1.663352394049174791e+03,1.392021323652766398e+02,-8.004386421911003424e+01,1.371230357998889758e+03,2.184379072392858632e+02,2.407644065596567202e+02,1.379464278667410326e+03,1.288317885859072476e+02,-1.768189493579031932e+02,1.036111528918670956e+03,3.066687264368512729e+02,3.767181776278949883e+02,1.082554403219977303e+03,3.376429608763791634e+02,-9.945565031079632945e+01,9.753981641503189621e+02,4.922589105351302123e+02,2.459699520442089806e+02,1.028789994059334049e+03,-1.006364491645426824e+02,1.110145136438213882e+02,8.457961710552544901e+02,4.308527913626210903e+01,3.583959256598174647e+02,9.242571053015084317e+02,1.371749034224542925e+02,8.479193488327995354e+00,4.610882534598266034e+02,4.519431213779791960e+02,1.003232307967594181e+02,8.464111887965129881e+02,-8.541634824773908008e+00,7.163767156889179866e+00,1.533743485488461955e+00,3.239832645764526546e+02,1.145355939888554104e+02,4.172608728539852336e+02,2.909141034754456996e+02,4.405039629434973136e+01,2.343878560795225852e+01,5.405456513451230194e+02,-7.102851965247276667e+01,4.096743369184777066e+02
2.064904745491063238e+02,5.232171333166522942e+01,1.656891289660203256e+03,1.422193964045229109e+02,-7.996152230083446000e+01,1.363787554036738129e+03,2.224604373695173081e+02,2.415477554604543684e+02,1.375082116536328840e+03,1.311412609046153079e+02,-1.782236197974261529e+02,1.027134136574500189e+03,3.221946664752857146e+02,3.773241047011205751e+02,1.082980681289735230e+03,3.365918062389753231e+02,-1.056552607527392098e+02,9.534272031532094616e+02,5.067857714383216035e+02,2.490509440479289083e+02,1.017208283807784142e+03,-1.057389249078793085e+02,1.145850991697452628e+02,8.430053060545483277e+02,3.815954438643430535e+01,3.633697202292593147e+02,9.217714631115562725e+02,1.386661243450838299e+02,8.881485962269366041e+00,4.613087086221469804e+02,4.434905205072644776e+02,1.030822623293344691e+02,8.328626863637231281e+02,-8.589643018653022821e+00,6.272212585547286778e+00,1.236705612557384759e+00,3.435272359396942647e+02,1.056002487909552485e+02,4.018702091653237289e+02,2.912728647881751840e+02,4.343385307488478730e+01,2.349323435578916985e+01,5.566619359555438677e+02,-8.374548293953056088e+01,4.067413636875711518e+02
2.087500586411449035e+02,5.416952643317814875e+01,1.650213118550916761e+03,1.452519953649107833e+02,-7.916795049288306529e+01,1.355819503151766639e+03,2.265883540352333796e+02,2.423854277789995706e+02,1.370603281512338526e+03,1.337534543146296926e+02,-1.787671774184409799e+02,1.017874471084579227e+03,3.380569834020774351e+02,3.775691180145546468e+02,1.083851119955134209e+03,3.349860086922361688e+02,-1.103798995724116594e+02,9.315999700381406683e+02,5.215171499983364356e+02,2.511711627948419618e+02,1.005599188824816110e+03,-1.103808346230747475e+02,1.187955504404579443e+02,8.397457480994492016e+02,3.293944814977070479e+01,3.688015015769707361e+02,9.191863879477314185e+02,1.408099488826833579e+02,9.607899792585216758e+00,4.617254396032189447e+02,4.344629952886810997e+02,1.071719472917487224e+02,8.190783596316412059e+02,-8.453257297153776051e+00,5.489131857424936811e+00,1.027439448268337774e+00,3.649176112236224299e+02,9.685156347998437809e+01,3.871106382013343250e+02,2.916816073540789489e+02,4.314321717506728504e+01,2.360498406323070952e+01,5.736372715253685328e+02,-9.716629972281420180e+01,4.056841303691246594e+02
2.106677335883112789e+02,5.672429827513735034e+01,1.643208873516730591e+03,1.483392866411689397e+02,-7.711223819881803365e+01,1.347183416390495495e+03,2.308582919577575865e+02,2.434682873520180237e+02,1.365826429774940607e+03,1.366433612343310529e+02,-1.777428810147424088e+02,1.008041299392404426e+03,3.540574968379162328e+02,3.777595427121398188e+02,1.084800026460615527e+03,3.332070671680739906e+02,-1.127365197669489589e+02,9.093140135626555320e+02,5.362312393392295462e+02,2.527007472779243926e+02,9.938687725000140745e+02,-1.146491142007173494e+02,1.242244468450225554e+02,8.356796510775412798e+02,2.745299957586911788e+01,3.749923686527116615e+02,9.162087836734137909e+02,1.436795208389791298e+02,1.085670861694690359e+01,4.621000899282595924e+02,4.248458035917953453e+02,1.124692526427177341e+02,8.048717341226061990e+02,-8.255267767494805398e+00,5.052925059455119161e+00,1.007580889948316738e+00,3.880286499213689240e+02,8.820451775010656092e+01,3.728812100817294208e+02,2.922395495385310937e+02,4.316437782936218781e+01,2.380933113274869939e+01,5.911134248285736703e+02,-1.112269210543092726e+02,4.062016461392349242e+02
2.123116138100700425e+02,5.997606292247905202e+01,1.635788322069912283e+03,1.514815046765767477e+02,-7.375641108412331448e+01,1.337785632550943774e+03,2.352322950786364686e+02,2.449819141259385447e+02,1.360535046427729867e+03,1.397732294246398794e+02,-1.749365599676161480e+02,9.974094538213123542e+02,3.699530417869470966e+02,3.782176274059515322e+02,1.085397711604880442e+03,3.313914016768949296e+02,-1.126010134464373209e+02,8.857972615453085155e+02,5.507153523753906939e+02,2.542471797107835982e+02,9.818128669009896612e+02,-1.186813694041516811e+02,1.310091501176424060e+02,8.306003626415748613e+02,2.176733148532972351e+01,3.820313817360458870e+02,9.125658965747535376e+02,1.472712028846357555e+02,1.256300192328850507e+01,4.621381384300250375e+02,4.147560728376796533e+02,1.187797300801525324e+02,7.900210859978139979e+02,-8.118245003631990642e+00,5.005269626905199054e+00,1.180365422641588502e+00,4.124336575637865394e+02,7.946668426539582697e+01,3.591940440603379443e+02,2.930240927160297133e+02,4.339539941809649548e+01,2.407757979586563124e+01,6.086415991660816189e+02,-1.256559479788746359e+02,4.078171827305088755e+02
2.137912862688143889e+02,6.370768696536332243e+01,1.627903853198150955e+03,1.546367131832178927e+02,-6.956692187814608985e+01,1.327640756543588395e+03,2.396287318182469335e+02,2.469987473956095414e+02,1.354589827516819469e+03,1.430688809035607392e+02,-1.706253054945671863e+02,9.859218419028163680e+02,3.854843554021753675e+02,3.790868574682140775e+02,1.085390477166044093e+03,3.293483246068091717e+02,-1.106500794770447271e+02,8.604484306951584358e+02,5.648069100187749427e+02,2.563758669122486253e+02,9.692982057413649954e+02,-1.225701123686501290e+02,1.387378110818695802e+02,8.245460102316976645e+02,1.596933669290734770e+01,3.897048672245829835e+02,9.081122081874913192e+02,1.514728318335655217e+02,1.444059314509919822e+01,4.616363663585221957e+02,4.044335195143989949e+02,1.259132260199327646e+02,7.744248550262421986e+02,-8.092801924054114693e+00,5.207846082975956747e+00,1.454252021531577066e+00,4.373676862654893966e+02,7.050054558187594012e+01,3.462014941044878924e+02,2.940371588852403306e+02,4.364339802902696874e+01,2.431497712168255276e+01,6.256943120019566322e+02,-1.399077328372604541e+02,4.100712686120317017e+02
2.152115919952892114e+02,6.760668165703603449e+01,1.619520235657386593e+03,1.577443731640216242e+02,-6.525475872783869136e+01,1.316848345679337854e+03,2.439519590504824009e+02,2.494257707768236401e+02,1.347964799385851620e+03,1.464061464856255270e+02,-1.654030245705750986e+02,9.736877229097087820e+02,4.004142621217128521e+02,3.802334805731950951e+02,1.084806984383861845e+03,3.266109276013355611e+02,-1.079862296526925860e+02,8.331697877976001791e+02,5.783818639871486766e+02,2.593847694062539517e+02,9.564417884827898888e+02,-1.263015665431894803e+02,1.466088098398504371e+02,8.177896558212330547e+02,1.013853369063323306e+01,3.975579010918152107e+02,9.028554116746007594e+02,1.560816536724495052e+02,1.611793889923436751e+01,4.605777699082320851e+02,3.941643811059431641e+02,1.337379152810351286e+02,7.582362665893347184e+02,-8.126479390470610298e+00,5.434026327079795493e+00,1.695004603212085570e+00,4.618274997795555237e+02,6.144269613130368413e+01,3.341091027346155897e+02,2.952035616670861486e+02,4.366637830350793337e+01,2.440006624005730274e+01,6.417133341442355459e+02,-1.531967886920770070e+02,4.126416967160223521e+02
2.166304676289242366e+02,7.138802956585240622e+01,1.610570807405686764e+03,1.607624122543071508e+02,-6.139859468707942369e+01,1.305516697778673688e+03,2.480998222430675924e+02,2.520459411870365045e+02,1.340722993302102623e+03,1.496145256746274015e+02,-1.599394328252453761e+02,9.608954818184220130e+02,4.145387497087967290e+02,3.813154198952909724e+02,1.083876112294989071e+03,3.226005059094237595e+02,-1.055799721402237168e+02,8.045058619990951456e+02,5.913227739367490585e+02,2.632294795745152101e+02,9.436655754323043084e+02,-1.297554232497264763e+02,1.537787581343386307e+02,8.107009908377085594e+02,4.327744620027133671e+00,4.050894236022202222e+02,8.968947354325206334e+02,1.608794903374544845e+02,1.729935394890684108e+01,4.591258737896478692e+02,3.841955933696403918e+02,1.422075630114212288e+02,7.418850665054873161e+02,-8.099068891022612959e+00,5.477292611271157519e+00,1.795766488678962824e+00,4.847558225156062690e+02,5.286949207237924497e+01,3.230371013521956343e+02,2.964138833851211530e+02,4.326123733468628529e+01,2.424277318123532154e+01,6.561813141349967964e+02,-1.645989195453043124e+02,4.153157642583348661e+02
2.180463704146525572e+02,7.489132159153248836e+01,1.600948255189125348e+03,1.636955603610949765e+02,-5.815478727034955142e+01,1.293695252471223057e+03,2.519562292683873181e+02,2.546309865959289027e+02,1.332957414489702842e+03,1.525012746916393382e+02,-1.547677596400363598e+02,9.477055137847554533e+02,4.276794196332587035e+02,3.819832644707111058e+02,1.082831794145901085e+03,3.168238930857237960e+02,-1.038554170731554223e+02,7.754861540028756508e+02,6.035254065109554631e+02,2.676210925808109096e+02,9.315931480301487682e+02,-1.327559246486277118e+02,1.597152601352941588e+02,8.035575313761755751e+02,-1.440367699747548302e+00,4.119722906675854119e+02,8.903209585638082899e+02,1.657314511502775929e+02,1.788896670500477271e+01,4.575288061654300122e+02,3.746930907876947003e+02,1.513711807461921239e+02,7.259475914032273067e+02,-7.905707777398518488e+00,5.234437840852517176e+00,1.726699298672986993e+00,5.052266485496546693e+02,4.580311385219753362e+01,3.129174154113679265e+02,2.975747410218555160e+02,4.236306969610627959e+01,2.382489032847360022e+01,6.686999541589030969e+02,-1.731519941622143790e+02,4.178378789970348635e+02
2.194229489258589467e+02,7.812259157629161166e+01,1.590546211382948059e+03,1.665940574945666697e+02,-5.520741345029221492e+01,1.281364522147178377e+03,2.553933318559041084e+02,2.570613137736063436e+02,1.324733357498993428e+03,1.548864217590573276e+02,-1.501485259468952904e+02,9.341920091657209468e+02,4.396956294872815079e+02,3.820945916554809401e+02,1.081747135664682446e+03,3.090066383819169573e+02,-1.026310221159797891e+02,7.472481065801437126e+02,6.149622604997123290e+02,2.722414617906080139e+02,9.208601941526652581e+02,-1.351422214415707685e+02,1.643807454002632369e+02,7.964168465701891364e+02,-7.163610114545329921e+00,4.181768636547056417e+02,8.831460198232240373e+02,1.706517773950022274e+02,1.804192374272550836e+01,4.559918715154949496e+02,3.657605342017571957e+02,1.613710455895926543e+02,7.109146288588101470e+02,-7.531136886812793030e+00,4.748471731083084180e+00,1.542132445135844687e+00,5.225776770029095815e+02,4.152195890211061879e+01,3.034820191602721025e+02,2.986352573383952063e+02,4.109966712964102697e+01,2.320253336441397352e+01,6.790582499099314191e+02,-1.779288839753072580e+02,4.197411849558253039e+02
2.207325722772059180e+02,8.122465095596412255e+01,1.579326977531347666e+03,1.695168639038719789e+02,-5.197504760006150093e+01,1.268488588145107087e+03,2.582999882323543375e+02,2.593872701394507203e+02,1.316063177746677184e+03,1.566264633536947599e+02,-1.460328034414592366e+02,9.203632649907691530e+02,4.505311728911452178e+02,3.818185864693300005e+02,1.080508189634640303e+03,2.991124930220261717e+02,-1.013963002515234848e+02,7.206560027785858438e+02,6.257506053150945036e+02,2.769718769324140339e+02,9.119561025758341657e+02,-1.368283753215195873e+02,1.681823309088832161e+02,7.891201014949650698e+02,-1.284820835720588406e+01,4.239481645462542474e+02,8.753028881007725204e+02,1.757933961363117419e+02,1.812858005998631583e+01,4.545898299674107079e+02,3.574946632897220979e+02,1.724164610521659426e+02,6.969815269359822878e+02,-7.060554382614819602e+00,4.203778895089903322e+00,1.348444132108609139e+00,5.364839581332864782e+02,4.123217147869976174e+01,2.943454174998591384e+02,2.995865962767863380e+02,3.975489909904088393e+01,2.247925778827759302e+01,6.872719433154547914e+02,-1.781219755656370864e+02,4.202963002535880719e+02
2.219869155983697908e+02,8.438861208318354556e+01,1.567372182661513762e+03,1.724780497707022278e+02,-4.794887571045985197e+01,1.255090674212953900e+03,2.606278313893893710e+02,2.618017936589482701e+02,1.306929954295028665e+03,1.576087839345582324e+02,-1.421465728172928493e+02,9.062347971510033631e+02,4.602612820883485938e+02,3.815821390061318539e+02,1.078939764477129756e+03,2.872788941218654486e+02,-9.972225442065737866e+01,6.961149431356012656e+02,6.361468055570636579e+02,2.820305224885836992e+02,9.051749385035578825e+02,-1.378381682358177898e+02,1.717511102908711109e+02,7.814138590703215641e+02,-1.850490229762998240e+01,4.296806029780083236e+02,8.667079021855563497e+02,1.813589349817846141e+02,1.861538983491934118e+01,4.532614407501274059e+02,3.500331025592008132e+02,1.847159442788356216e+02,6.839872848595576897e+02,-6.618374676731698436e+00,3.864482323768640981e+00,1.252229597447464648e+00,5.469846153721083510e+02,4.572862863442804127e+01,2.851348863126066249e+02,3.004505472435766364e+02,3.863984766168168505e+01,2.177244056092041902e+01,6.935754028663933468e+02,-1.731845283608165857e+02,4.186464829309876450e+02
2.232334376515652252e+02,8.775613480614721595e+01,1.554885430497969082e+03,1.754128886918723822e+02,-4.296540060345365220e+01,1.241297011607341346e+03,2.624246290789513978e+02,2.645462911581129219e+02,1.297351536495424853e+03,1.577238123317033853e+02,-1.381847491378207167e+02,8.918964499614804708e+02,4.690892219242607553e+02,3.819061831495355364e+02,1.076996729694724309e+03,2.737463659786023982e+02,-9.756271600571172087e+01,6.736242665073062881e+02,6.464437075575202698e+02,2.879577610679815507e+02,9.006683956443613397e+02,-1.383077769661838943e+02,1.756841176868472303e+02,7.731103243601054373e+02,-2.415248678017495720e+01,4.357773450156262243e+02,8.573411235021483208e+02,1.874759080713391199e+02,1.989651236958512470e+01,4.518773999732272273e+02,3.435583513856611830e+02,1.983788600754846243e+02,6.715390990366146298e+02,-6.280558446462134903e+00,3.964227973476601274e+00,1.312250417128688396e+00,5.544554494375208833e+02,5.519551594265392680e+01,2.755928473621621606e+02,3.012689863157968944e+02,3.793155582969513517e+01,2.118660853006487343e+01,6.983608438511226950e+02,-1.629922167529834098e+02,4.140715804598910950e+02
2.245220237650119088e+02,9.137503600312558660e+01,1.542146469532319315e+03,1.781924061215972017e+02,-3.725873336609383557e+01,1.227319379742645197e+03,2.638249249719179943e+02,2.678075800450248494e+02,1.287448250569695574e+03,1.568455001524792181e+02,-1.340296601050164043e+02,8.775287306522620838e+02,4.772777610358238007e+02,3.832345018740136879e+02,1.074892316216204335e+03,2.588408847315081402e+02,-9.529607274120911597e+01,6.529607616211898176e+02,6.568383763390469312e+02,2.954509637488917519e+02,8.985274888493869412e+02,-1.384494463375174291e+02,1.803651523069761140e+02,7.641946151090638750e+02,-2.981486036171144605e+01,4.425523029314588257e+02,8.472945154988157128e+02,1.941013870609008620e+02,2.214423872597431853e+01,4.503312679766335691e+02,3.382534821837664367e+02,2.133363415504996112e+02,6.592359467213324251e+02,-6.024963307909007248e+00,4.591249434123298556e+00,1.515570385390436314e+00,5.595043304427695148e+02,6.924779927146545333e+01,2.655891324072670727e+02,3.020911388273431157e+02,3.757271976775369637e+01,2.079297957189226409e+01,7.020855950997508899e+02,-1.479028956062701354e+02,4.062218371206088250e+02
2.258651511848772202e+02,9.523464282886446597e+01,1.529444589515372854e+03,1.806811061587510778e+02,-3.127555320276779227e+01,1.213393486877823761e+03,2.649925425177953002e+02,2.716596820729868682e+02,1.277467110863980679e+03,1.548456991752383090e+02,-1.298646201104339468e+02,8.633700848496681601e+02,4.850516963975474596e+02,3.858369469710292492e+02,1.073074980523422482e+03,2.430009236669283155e+02,-9.351507422251252422e+01,6.338474739255595978e+02,6.673733210319270484e+02,3.051055748996257648e+02,8.988180612494110164e+02,-1.384784658901501757e+02,1.859069873243039979e+02,7.548297571724385762e+02,-3.549902591908460181e+01,4.501751075391270547e+02,8.367615919592534510e+02,2.010072828975646360e+02,2.525228168952953567e+01,4.485971650204998014e+02,3.342392143841121310e+02,2.293381760432385477e+02,6.468477228747468644e+02,-5.754040404585683888e+00,5.632633576990603963e+00,1.789300703152838956e+00,5.627907053844611482e+02,8.719676150496616174e+01,2.550453827527333885e+02,3.029507518570558204e+02,3.729789411900063811e+01,2.061149632333241399e+01,7.051852610003862765e+02,-1.286149715136811267e+02,3.951765577589337113e+02
2.272149031308280769e+02,9.934175459379713402e+01,1.517026408389092467e+03,1.827980355142389612e+02,-2.538605012209835010e+01,1.199720287830647749e+03,2.660426064790830196e+02,2.760654991527238735e+02,1.267737647446910159e+03,1.516360689874554168e+02,-1.261034331437949305e+02,8.496706415921681810e+02,4.925247287153578668e+02,3.898031696554397172e+02,1.072063673639453100e+03,2.267798576189951234e+02,-9.271176648882860150e+01,6.160397922935519546e+02,6.779905003896002427e+02,3.171583065783055986e+02,9.015489161022053395e+02,-1.385301427489687001e+02,1.921868667667894215e+02,7.452738024920926136e+02,-4.116145648255221801e+01,4.586329403701448086e+02,8.259782633226898270e+02,2.078531284706533597e+02,2.890529863980587066e+01,4.467282348559944580e+02,3.315316358720662038e+02,2.460417126171796838e+02,6.343574130118400944e+02,-5.370838263531551249e+00,6.818010876002460030e+00,2.043009226192032735e+00,5.648253501583797060e+02,1.083921231473117928e+02,2.438468731075629421e+02,3.038371117866239501e+02,3.677506763754679042e+01,2.059857231877885653e+01,7.080204553160947398e+02,-1.058629600363307759e+02,3.813087523414369002e+02
2.284663528003976012e+02,1.037615424655933225e+02,1.505075151333474651e+03,1.845374126321454469e+02,-1.968182980764856893e+01,1.186445490287085249e+03,2.669883321218343895e+02,2.809140352929488245e+02,1.258576839876137456e+03,1.472050710128126241e+02,-1.231741401434875911e+02,8.366596951945022056e+02,4.996797876281084427e+02,3.950884668023857671e+02,1.072241120796083806e+03,2.107544311720559733e+02,-9.304737156523582087e+01,5.993488427849067648e+02,6.886311262711473091e+02,3.313468920037334442e+02,9.066104984108299050e+02,-1.386119062749854152e+02,1.989224277739903357e+02,7.357684145094982568e+02,-4.669014406128652439e+01,4.677052862836009695e+02,8.151499334647469368e+02,2.143069133079536641e+02,3.273936912741535821e+01,4.448110663445900741e+02,3.300393330423261204e+02,2.631487750847279585e+02,6.218793000407024465e+02,-4.852779272057118121e+00,7.844357414799615569e+00,2.219006787422380444e+00,5.658440380126284026e+02,1.324447018004950110e+02,2.318280492820904328e+02,3.046791865748563737e+02,3.577854988555606752e+01,2.064897455008715355e+01,7.108580918821386376e+02,-8.012655792813683320e+01,3.650708423081932210e+02
2.294831157302361362e+02,1.085783862478851773e+02,1.493710814846917856e+03,1.859374666424056102e+02,-1.397583936229029433e+01,1.173672070380563127e+03,2.677452767317506641e+02,2.860602748604933367e+02,1.250191693778134777e+03,1.416254916626851070e+02,-1.212883849337322744e+02,8.245221548510588718e+02,5.063976232331559686e+02,4.015639950521376136e+02,1.073722936215016716e+03,1.953460643924950944e+02,-9.432027295882109286e+01,5.836487525563948111e+02,6.992726897490105102e+02,3.469746049515794653e+02,9.137407596002315131e+02,-1.386219810275138400e+02,2.057543667442347441e+02,7.264596708645473200e+02,-5.192712896860373917e+01,4.769845952780207767e+02,8.044002376580284590e+02,2.201566956170455285e+02,3.650550726455469430e+01,4.429128218067358489e+02,3.295900580297094393e+02,2.805138262811901768e+02,6.095367478663661132e+02,-4.271943364470790705e+00,8.510832077943216945e+00,2.321155405295439955e+00,5.658275370323672178e+02,1.592197078361388662e+02,2.188479120954756638e+02,3.053621745704636510e+02,3.429081764023882783e+01,2.061765571362979088e+01,7.138744449345554131e+02,-5.153467003779599764e+01,3.468496130677652900e+02
2.301349607233056531e+02,1.138048415492046530e+02,1.482988261726861765e+03,1.870275183601713991e+02,-7.971438433040421323e+00,1.161471008913003288e+03,2.681902244167623053e+02,2.913552023014617021e+02,1.242626453230467405e+03,1.350408202184048889e+02,-1.203299140117209163e+02,8.133661139478322184e+02,5.125111545552144889e+02,4.090481609738517363e+02,1.076361527284215299e+03,1.806608785176709944e+02,-9.611141267982638681e+01,5.688852205348625830e+02,7.098599211173632284e+02,3.631800698570112900e+02,9.225500945398612203e+02,-1.384224461336693253e+02,2.123312346689270385e+02,7.173762487043840110e+02,-5.672939441640632907e+01,4.859812049754118561e+02,7.937573255965555745e+02,2.253725580901156889e+02,4.014891813074373772e+01,4.410483960843826026e+02,3.299657412715548048e+02,2.981676220384182443e+02,5.973778476374909587e+02,-3.748778159733234805e+00,8.786482561563637717e+00,2.404909939347325665e+00,5.646599593243206527e+02,1.886596342814799527e+02,2.048875680967324797e+02,3.057753413247068011e+02,3.247882124797239101e+01,2.035941645269825173e+01,7.171732684896149976e+02,-1.999783144530014667e+01,3.269561448760205167e+02
2.303366720738440563e+02,1.193189178836138069e+02,1.472883682211737550e+03,1.877977473938404103e+02,-1.459829361529268343e+00,1.149864880080951025e+03,2.682378473403015278e+02,2.966741932655063465e+02,1.235772488767799132e+03,1.276587234335227805e+02,-1.199119554757135688e+02,8.031856521251378354e+02,5.178620227399812848e+02,4.173229942585363119e+02,1.079859880032625142e+03,1.664823347868108101e+02,-9.799247995166744829e+01,5.550719699138602437e+02,7.201927964067942867e+02,3.792991340898287262e+02,9.326007321075899199e+02,-1.379152431782667918e+02,2.183995018918880078e+02,7.084505298417024051e+02,-6.103424260825888581e+01,4.943074013701823333e+02,7.831725074964685973e+02,2.301076545873388284e+02,4.377200433704056337e+01,4.391710726453579809e+02,3.309350680945373711e+02,3.162585738967833322e+02,5.853556983825494626e+02,-3.369795666710223792e+00,8.781083959406203121e+00,2.535584907416013944e+00,5.623254602119469610e+02,2.206161255578745681e+02,1.900897439002139322e+02,3.058646072377318887e+02,3.057084125930865071e+01,1.977574268121167833e+01,7.208140019064442185e+02,1.457598686662345067e+01,3.057010954420023268e+02
2.300762695527263304e+02,1.248987881296172020e+02,1.463283646775538045e+03,1.882123600359801969e+02,5.592387364990840659e+00,1.138796971560613883e+03,2.678890042995535055e+02,3.019523012586563482e+02,1.229424508733474340e+03,1.197615483512992967e+02,-1.195432974294234185e+02,7.938513625835428229e+02,5.223399224422050793e+02,4.261505890633922604e+02,1.083918193827387995e+03,1.524586247034490896e+02,-9.967651816259561315e+01,5.422651832451532528e+02,7.298819510438343059e+02,3.951404801708196715e+02,9.435130868160192676e+02,-1.370704630882133870e+02,2.238848434431832857e+02,6.995551730507077082e+02,-6.488369052312890517e+01,5.018684827504966393e+02,7.725560361692721472e+02,2.346451577953760932e+02,4.752178496395890051e+01,4.371778172370029552e+02,3.322867569108063890e+02,3.349635806714370005e+02,5.733557294533827644e+02,-3.121708950793933290e+00,8.654110473295672179e+00,2.742549527382740493e+00,5.590074000033517905e+02,2.548394613971700835e+02,1.747241187837827567e+02,3.056556174390217961e+02,2.871968747316127235e+01,1.885194045814864694e+01,7.248278249096892978e+02,5.217467393280509924e+01,2.834545044011819073e+02
2.294200152492453242e+02,1.303601471253654722e+02,1.453999406257316423e+03,1.882485250962104146e+02,1.310807751073810401e+01,1.128125632980786122e+03,2.672258507120885156e+02,3.072200110430192694e+02,1.223347073733277284e+03,1.117060087039152876e+02,-1.187810880405996983e+02,7.851575248344657894e+02,5.258936422757175251e+02,4.353020378020742100e+02,1.088335044212772345e+03,1.383769431612666949e+02,-1.010504368648169446e+02,5.305322050452732583e+02,7.384319958911703452e+02,4.110310394551985382e+02,9.550607299639896155e+02,-1.358982633658310704e+02,2.289315276102743155e+02,6.905414104408201865e+02,-6.838469196250602522e+01,5.089511246693469388e+02,7.618143223883041628e+02,2.393040209235679185e+02,5.148463269292513900e+01,4.349267615980210167e+02,3.338639521213725061e+02,3.544278039680483516e+02,5.612411965574115129e+02,-2.884296404328569707e+00,8.529686358449078298e+00,3.000243457402357095e+00,5.550112195497487164e+02,2.911202135980200865e+02,1.591259349519384045e+02,3.052322537233115440e+02,2.693925136943786924e+01,1.766630277329861443e+01,7.291869538333644414e+02,9.275236657231080528e+01,2.606298998663929751e+02
2.284877059398512529e+02,1.357273970986119309e+02,1.444813483090027830e+03,1.879250297333357196e+02,2.104788513564146868e+01,1.117670843512207512e+03,2.663655074129012519e+02,3.126206211208433388e+02,1.217319985570883546e+03,1.038727737783051026e+02,-1.172799948226096802e+02,7.769172656083464972e+02,5.285179486274284955e+02,4.446025241299711297e+02,1.093021082812042550e+03,1.243390884920284520e+02,-1.021049193499138283e+02,5.199450147176549990e+02,7.454138178733956011e+02,4.276052095699659503e+02,9.672091631687876543e+02,-1.344012427301204013e+02,2.338715421756322144e+02,6.812798750939276715e+02,-7.162710507663072690e+01,5.161342840337468942e+02,7.508765043266205339e+02,2.443245600189041227e+02,5.565781709704976521e+01,4.322730516821679316e+02,3.355844693741191236e+02,3.747614755277200516e+02,5.489007280031514711e+02,-2.489550476504233334e+00,8.466225144447145468e+00,3.249470851793389237e+00,5.505520225950119766e+02,3.294414426364319866e+02,1.436545251339197193e+02,3.046877502618448830e+02,2.514630919948692878e+01,1.636063410758084302e+01,7.337194665180696802e+02,1.363725536525513462e+02,2.376128696279398866e+02
2.274054847769090202e+02,1.413299622868019298e+02,1.435542476619250237e+03,1.872987555995702564e+02,2.952132520313663377e+01,1.107298869158631305e+03,2.654088968691468722e+02,3.183917505808017836e+02,1.211156429834585651e+03,9.656399432686706064e+01,-1.147510620965841213e+02,7.690620811573794526e+02,5.302343225211471918e+02,4.539852067045433728e+02,1.097935881386888013e+03,1.107255925984786700e+02,-1.028311015979595311e+02,5.106133622959738432e+02,7.506202795392468943e+02,4.454442095412978233e+02,9.800639803963523491e+02,-1.325528542757829769e+02,2.391256406187035282e+02,6.717016688485419991e+02,-7.461495381343307542e+01,5.240470250380349171e+02,7.397061455788821149e+02,2.497705465908053384e+02,6.000882075978118735e+01,4.291228044415271938e+02,3.374291529902127991e+02,3.960770472701835843e+02,5.362962087687033090e+02,-1.815321533323407843e+00,8.480412664929376731e+00,3.445009839686765662e+00,5.455470261895773092e+02,3.699982014940460999e+02,1.286715592536932888e+02,3.040838947133966030e+02,2.326721124931989593e+01,1.507947132496170362e+01,7.380215400023915890e+02,1.832578887462593400e+02,2.147006242173289650e+02
2.262561719911820148e+02,1.477387037086677708e+02,1.426089421189868744e+03,1.864358100653602435e+02,3.877565478761347606e+01,1.096997654072640444e+03,2.644162829813265034e+02,3.248080788844872018e+02,1.204714380129927349e+03,8.990261713555614165e+01,-1.109333231590067044e+02,7.617014233927535543e+02,5.310830728548484103e+02,4.635354822176258267e+02,1.103004564258144683e+03,9.800169565947386729e+01,-1.031631840121697934e+02,5.027377384072583482e+02,7.541151668224773630e+02,4.647469281387088245e+02,9.937397336862246675e+02,-1.303168113817828271e+02,2.450729200945728223e+02,6.618249519303761872e+02,-7.725821372045423630e+01,5.330964292011760790e+02,7.283048433013981366e+02,2.554952308614426215e+02,6.456917854221978814e+01,4.254857570446626482e+02,3.394039897612122445e+02,4.185191542496962143e+02,5.235080245156697174e+02,-8.608009805643539458e-01,8.586939911294120265e+00,3.596688319064081263e+00,5.395564050937830416e+02,4.130585965281103995e+02,1.145098559843854673e+02,3.034430324707477666e+02,2.132916091381033397e+01,1.390471898383568039e+01,7.414552961427175433e+02,2.336704704473271192e+02,1.920989339214728489e+02
2.250501227277700309e+02,1.555436656457519859e+02,1.416464030051409281e+03,1.853804773382178155e+02,4.906918191965005605e+01,1.086895277107510765e+03,2.634135560887235670e+02,3.321021940112298125e+02,1.197924266151983602e+03,8.380427158892497630e+01,-1.056707608758922703e+02,7.551244483815792137e+02,5.311278316704349436e+02,4.735022008842372543e+02,1.108083769847022495e+03,8.653112802200789133e+01,-1.030088793204265301e+02,4.966356450421123441e+02,7.561622562785861419e+02,4.851995524742627595e+02,1.008222941739738189e+03,-1.276849553229130265e+02,2.519419741951460026e+02,6.517503037015733298e+02,-7.942673395208439047e+01,5.433146224564046634e+02,7.167183883469112970e+02,2.612037013331496951e+02,6.948517753305546307e+01,4.214934180154916135e+02,3.415072655349883348e+02,4.422449006121644288e+02,5.107574887406154289e+02,2.392122528007051829e-01,8.813600502761850919e+00,3.773995505719412336e+00,5.319175014040993119e+02,4.587645821609474410e+02,1.014221855931861000e+02,3.027699103297871375e+02,1.947291030852398208e+01,1.281746955152007494e+01,7.432810787052763999e+02,2.876959457711689652e+02,1.699652374670699260e+02
2.237314465246245447e+02,1.650777216674682677e+02,1.406762469610819608e+03,1.841393232331529077e+02,6.051747088228079008e+01,1.077205471812549149e+03,2.624098545043420359e+02,3.403947950542867034e+02,1.190828797732597423e+03,7.804501421288715335e+01,-9.907272642239445304e+01,7.497505218216500680e+02,5.304540102387375100e+02,4.842600329192862887e+02,1.113010666232346239e+03,7.652511345312107949e+01,-1.023471309870580228e+02,4.927032380519857497e+02,7.570900824611106827e+02,5.061188893193556737e+02,1.023322045060953087e+03,-1.246982208565010382e+02,2.597686534484531649e+02,6.416233677262442825e+02,-8.102246389924744108e+01,5.544053991731033193e+02,7.050448420501128339e+02,2.665959986112848128e+02,7.498186287373367520e+01,4.173578292446094906e+02,3.437295137678548826e+02,4.673572204855231007e+02,4.983746973390567518e+02,1.270894303430610606e+00,9.180405558325333004e+00,4.067162856594015885e+00,5.219895341292835838e+02,5.070036793052771600e+02,8.953743999771820938e+01,3.020815908260436800e+02,1.788055305892141789e+01,1.170431168686236134e+01,7.428720406668585383e+02,3.450874720270477383e+02,1.484509424290281743e+02
2.222181940804197211e+02,1.762398856607983078e+02,1.397116077648146756e+03,1.826815415565739613e+02,7.301789064919699968e+01,1.068129656364981429e+03,2.614065994175742276e+02,3.496664596777358724e+02,1.183600365233880439e+03,7.237495475688581337e+01,-9.161380113554972127e+01,7.460459358436903585e+02,5.291385545636666166e+02,4.962268015109909811e+02,1.117702457458119170e+03,6.811131177159172978e+01,-1.013203875465130039e+02,4.913236392381967335e+02,7.571582246333406374e+02,5.268101589431735192e+02,1.038738515283611832e+03,-1.214322233918108793e+02,2.684372825790775323e+02,6.315845972115159839e+02,-8.201613643034797008e+01,5.659530910573760139e+02,6.934283086644810510e+02,2.715192805596291805e+02,8.126262361182294569e+01,4.132778888629005110e+02,3.460830719905307546e+02,4.938465051164507713e+02,4.866996893624787504e+02,2.039618580167268380e+00,9.664038413660314575e+00,4.525678693900344385e+00,5.093640193202838873e+02,5.574128155789354651e+02,7.886482989931445786e+01,3.014249691085241238e+02,1.666632617622627777e+01,1.040352374076088005e+01,7.398790807521431816e+02,4.052784123371668557e+02,1.277134443071437744e+02
2.204562339410038874e+02,1.885256975340363397e+02,1.387635767036138532e+03,1.809463815741528947e+02,8.630334442934923800e+01,1.059777418324781593e+03,2.603952149305138732e+02,3.597887957682183355e+02,1.176501030478790653e+03,6.659640900744365410e+01,-8.402101872137497196e+01,7.444317530439600432e+02,5.271888135800309101e+02,5.097624537903853934e+02,1.122225956381575543e+03,6.140226898428854696e+01,-1.002384807352777329e+02,4.927863668602415146e+02,7.564599325633959097e+02,5.469621598892439351e+02,1.054198504062258280e+03,-1.179576264728539314e+02,2.777839998119427491e+02,6.217350360182272198e+02,-8.242436712348626315e+01,5.776661241590475129e+02,6.820231231794241467e+02,2.760395932702718369e+02,8.841259826329211080e+01,4.093373449602863730e+02,3.486300460736521813e+02,5.216020411401967749e+02,4.759533721701049558e+02,2.456616479500336681e+00,1.018055933082600184e+01,5.111269001715973204e+00,4.939393225159257668e+02,6.094706814637401067e+02,6.936048662569110945e+01,3.008733086929896103e+02,1.579714488698513897e+01,8.771337820143598307e+00,7.342339187808764791e+02,4.675421832330733878e+02,1.079122116304361469e+02
2.184555289586186859e+02,2.012571109282492046e+02,1.378382516803944554e+03,1.788501280231582768e+02,1.000914343586208446e+02,1.052160691077460797e+03,2.593560227209191567e+02,3.706072909152312604e+02,1.169785697771803370e+03,6.056424366195748377e+01,-7.693898692828376795e+01,7.452155017111045936e+02,5.244827626444995303e+02,5.250898680192136680e+02,1.126769693777713883e+03,5.646860718712196814e+01,-9.945755437859931192e+01,4.972816060147635540e+02,7.548738024549800230e+02,5.668684937589749779e+02,1.069536484841181391e+03,-1.143029228985988794e+02,2.877099076816959951e+02,6.121339871342528340e+02,-8.224860989696234981e+01,5.895190828725176289e+02,6.709350174586404592e+02,2.803895677522292544e+02,9.636837535107790131e+01,4.054528797552453057e+02,3.514741912829387616e+02,5.504981916610363442e+02,4.661527389520311999e+02,2.567056512721583861e+00,1.060498673649705914e+01,5.696760685900208010e+00,4.758597420337375752e+02,6.625849857110515586e+02,6.102430726951019579e+01,3.005040820174737064e+02,1.508879099727212569e+01,6.742357408891567871e+00,7.259926917513216722e+02,5.311814721059234898e+02,8.922025805497131046e+01
2.162861897959019757e+02,2.138943179972463327e+02,1.369375808679407100e+03,1.762937887663037770e+02,1.142357444999989866e+02,1.045266592392141320e+03,2.582702075903927721e+02,3.820401122215995429e+02,1.163593414059653014e+03,5.413908149808619186e+01,-7.055679549270358564e+01,7.485736129422940621e+02,5.207611146768333583e+02,5.422696419898552449e+02,1.131521216332383347e+03,5.324115349909984474e+01,-9.918013054694237951e+01,5.049631693789263522e+02,7.520786936345524509e+02,5.873454418833813406e+02,1.084661659765122749e+03,-1.104430713591665523e+02,2.982453924509172225e+02,6.028180475934718743e+02,-8.142665248427729807e+01,6.017261974867839172e+02,6.601696998674143515e+02,2.848294202473700238e+02,1.049692144430135130e+02,4.014069452266669487e+02,3.547025573288043461e+02,5.804867748104998100e+02,4.571301019687730331e+02,2.508622938055669938e+00,1.081985316510198913e+01,6.117261560271979981e+00,4.553964370215961708e+02,7.161185578045110560e+02,5.396220567420864711e+01,3.003684060259263902e+02,1.428084951064156272e+01,4.358464425641662032e+00,7.151411372561682356e+02,5.956421506232583170e+02,7.185527073558043298e+01
2.140387330922961269e+02,2.262717484667284111e+02,1.360624734352410314e+03,1.731794981022194122e+02,1.287851783039568545e+02,1.039153826301902427e+03,2.571418085629155144e+02,3.941403552466713336e+02,1.157890054998828191e+03,4.716653574249343706e+01,-6.445620007462927958e+01,7.545841828197461609e+02,5.156978023956633024e+02,5.612300199447623754e+02,1.136528137917184495e+03,5.146081278353161537e+01,-9.928366125907892581e+01,5.159959085186102357e+02,7.476411914239696443e+02,6.093759095649693336e+02,1.099428823326477868e+03,-1.063190318752566412e+02,3.095313087208029970e+02,5.938148686410303299e+02,-7.983992774028003225e+01,6.145764492563297381e+02,6.496238639348833885e+02,2.895138535048260451e+02,1.140527031097733328e+02,3.969516423513784957e+02,3.582954928552319416e+02,6.116063891993765083e+02,4.486506727902983016e+02,2.432893282122863265e+00,1.076486705884357065e+01,6.249683612528839305e+00,4.328519459745427866e+02,7.693720945308626824e+02,4.835982655565475596e+01,3.004679268266039003e+02,1.315196863584671583e+01,1.750039341235484214e+00,7.015066507625867871e+02,6.605302694597918389e+02,5.610001776655009564e+01
2.117776249126201833e+02,2.386488048610280828e+02,1.352155879451770716e+03,1.694407873647604390e+02,1.439171125579373722e+02,1.033997838801815988e+03,2.560103067112501094e+02,4.070814592541259458e+02,1.152502117756107964e+03,3.953020816120403680e+01,-5.780979482059206020e+01,7.632789097300152434e+02,5.090179084476373532e+02,5.818198307159050273e+02,1.141642816075295514e+03,5.077777262463620644e+01,-9.927437471475626296e+01,5.305028305256697649e+02,7.411512990029782486e+02,6.336545837038495392e+02,1.113507793108391979e+03,-1.018754541242317799e+02,3.217287581102561944e+02,5.851356686521676238e+02,-7.737902622347478143e+01,6.282327777045913990e+02,6.391340989401044226e+02,2.944461051452331617e+02,1.235345606315768947e+02,3.919287331809230750e+02,3.620528705968259828e+02,6.438819224483546577e+02,4.405568492405666348e+02,2.440653378957177821e+00,1.045930247761443965e+01,6.079627141519864608e+00,4.085189809433494474e+02,8.215790629576682704e+02,4.437013094015254921e+01,3.007532123663242487e+02,1.161622450207151225e+01,-9.246817530130797547e-01,6.848323126082239014e+02,7.255724601523926367e+02,4.227934750763188987e+01
2.095170772375687704e+02,2.515706272074613423e+02,1.344024333216804507e+03,1.650782626135861619e+02,1.597992549381412175e+02,1.030048612273971912e+03,2.549320676965411678e+02,4.210709793476131040e+02,1.147227708810522927e+03,3.125255477731865739e+01,-4.980588865784528707e+01,7.746752486027115765e+02,5.005888239729759448e+02,6.038473497628191353e+02,1.146595731214030138e+03,5.098174341468538273e+01,-9.838762754653409104e+01,5.484244221720555288e+02,7.323430250434325899e+02,6.602621626777560095e+02,1.126351322880140742e+03,-9.709488868157836805e+01,3.349140783506211392e+02,5.767587871295515924e+02,-7.402351800388575498e+01,6.426146073456967542e+02,6.285666694251781337e+02,2.995342181046178212e+02,1.334312476800503759e+02,3.863415550497272193e+02,3.655887008129859055e+02,6.771909506704816977e+02,4.328503951024895287e+02,2.563876722141177567e+00,9.988453653056808434e+00,5.721819099246400420e+00,3.826710395607405530e+02,8.719530946536617648e+02,4.197851228178538463e+01,3.011446019268860823e+02,9.752014366491154718e+00,-3.551250590146967756e+00,6.649408748541562773e+02,7.905645574486877649e+02,3.068635336507125544e+01
2.072250323571134629e+02,2.656314234305225455e+02,1.336310774900151728e+03,1.601781260351673950e+02,1.764940811684591040e+02,1.027528328355804888e+03,2.539274614648857664e+02,4.362490461086890150e+02,1.141960475902598773e+03,2.255964089954559881e+01,-4.000197981448621931e+01,7.887686812805707177e+02,4.904252402871610457e+02,6.270992150997357157e+02,1.151148952952902846e+03,5.221646763264781299e+01,-9.577228423867821050e+01,5.694160734603418632e+02,7.211378881580652660e+02,6.886324411349468164e+02,1.137300025012520564e+03,-9.200769897614692638e+01,3.490288046716910912e+02,5.686342468200786016e+02,-6.987633525238064180e+01,6.574373759110513902e+02,6.179041698222757759e+02,3.046939674575561980e+02,1.438296113560924994e+02,3.803401455846494059e+02,3.684143722916857087e+02,7.112272567263560177e+02,4.256636086902212810e+02,2.789011868980954656e+00,9.471241334213269525e+00,5.385673133883867258e+00,3.555499720569813462e+02,9.197937511134556416e+02,4.092404779369537948e+01,3.015597182351443735e+02,7.752486608236330845e+00,-6.102758756122554473e+00,6.418587363662770713e+02,8.553303003172301260e+02,2.147348947843014244e+01
2.048406461914905776e+02,2.812667514484008962e+02,1.329111863148939165e+03,1.548917949178075162e+02,1.939955486787538064e+02,1.026532927522853925e+03,2.529184977184829961e+02,4.526415534096630040e+02,1.136751899393604845e+03,1.383799010712669464e+01,-2.835660080042728381e+01,8.054906132188808670e+02,4.786125074348628914e+02,6.513706211227784024e+02,1.155220155945596844e+03,5.500357067962738000e+01,-9.066143030323262053e+01,5.929186943689526288e+02,7.076012438484318636e+02,7.178317947650523365e+02,1.145774856365167352e+03,-8.666744331222393782e+01,3.639196581106855888e+02,5.607258065413694794e+02,-6.512209030267534615e+01,6.723947107812884951e+02,6.072810094074819744e+02,3.099174578104003217e+02,1.548442387218517240e+02,3.741255884686631248e+02,3.700797808401665634e+02,7.456330940673364012e+02,4.191392415188493601e+02,3.090011751953140262e+00,9.036416898520979402e+00,5.304756489803321706e+00,3.273443970894420545e+02,9.646273906344072202e+02,4.071743117507472220e+01,3.019276231328834115e+02,5.829041995004018872e+00,-8.635471876348288944e+00,6.158183070562400871e+02,9.196943160201551564e+02,1.453769065368333457e+01
2.022908552041974417e+02,2.986628744405167595e+02,1.322526469217504427e+03,1.493757255653034122e+02,2.123871366680162680e+02,1.026990082283631864e+03,2.516952405017197236e+02,4.701994102382367942e+02,1.131777868528312183e+03,5.488346177685163418e+00,-1.492812293060950068e+01,8.246516876098560260e+02,4.652081057052825486e+02,6.765384755305725548e+02,1.158888167918811860e+03,6.001062960168619753e+01,-8.246083256631204961e+01,6.184038344439993580e+02,6.918569589029771123e+02,7.470173768151080367e+02,1.151446816122909468e+03,-8.110011379056450664e+01,3.794422062264139299e+02,5.530694563180016985e+02,-5.993211769876857886e+01,6.873859858032153625e+02,5.969431010508236568e+02,3.152624730178879986e+02,1.666021204363240145e+02,3.678196572287002937e+02,3.703066139005923105e+02,7.802364253386807604e+02,4.132955713176627341e+02,3.443900440298818921e+00,8.820690939305039890e+00,5.665183043463961177e+00,2.981860871945228268e+02,1.006333694514655349e+03,4.074519309180623594e+01,3.021840992374976054e+02,4.120085270101096597e+00,-1.124707365402652570e+01,5.871538201364326142e+02,9.834656888327838260e+02,9.442773080537250507e+00
1.995040706055180237e+02,3.177984683713725644e+02,1.316637942172798375e+03,1.437176747075541812e+02,2.320077676950797354e+02,1.028684150522541358e+03,2.499340304170876550e+02,4.888938974021662034e+02,1.127237346400705746e+03,-2.240577001856087769e+00,5.241949386504147768e-01,8.458917283783650873e+02,4.501826898736300677e+02,7.026623119237189030e+02,1.162275340944669324e+03,6.767363144340407644e+01,-7.075107355012892185e+01,6.456247215384205447e+02,6.740138382508681616e+02,7.758497549507285385e+02,1.154275466490997587e+03,-7.525267268169940849e+01,3.955594055085277319e+02,5.457973638465227850e+02,-5.437803461762347013e+01,7.026637707309215557e+02,5.871439308210893842e+02,3.207863595532145382e+02,1.792598047488515931e+02,3.613611404212064713e+02,3.690506533440071735e+02,8.152292612232923830e+02,4.079637013894148936e+02,3.829235000646243225e+00,8.977841503197847572e+00,6.568816839451468326e+00,2.681941729887923316e+02,1.045188249442328242e+03,4.041955529021829108e+01,3.022615955086914141e+02,2.645397559656498920e+00,-1.402659510510598651e+01,5.561693541624692898e+02,1.046424856521219453e+03,5.431632627282521497e+00
1.964230418544771055e+02,3.385703046818201187e+02,1.311496061034897139e+03,1.378865081478086836e+02,2.534881585761916369e+02,1.031319685634706275e+03,2.472588011795170928e+02,5.088000459751499420e+02,1.123248874253439681e+03,-9.339430709557461796e+00,1.872832756048752856e+01,8.686533648619117685e+02,4.334234455305713709e+02,7.300427568632765087e+02,1.165382822322797892e+03,7.789197469770785176e+01,-5.525319296185394080e+01,6.746667131210074331e+02,6.541241640528628523e+02,8.046517994606156208e+02,1.154376041387831719e+03,-6.896884590123060832e+01,4.123713816530541862e+02,5.390857547661291846e+02,-4.841423499883558890e+01,7.188156538267726319e+02,5.780190210132087714e+02,3.264925561958154390e+02,1.930223662556186639e+02,3.544751330786009476e+02,3.664637495333502102e+02,8.511448487423469942e+02,4.028399595791681236e+02,4.232662648096460423e+00,9.677040220087107514e+00,8.052311207762194556e+00,2.375681535181363131e+02,1.081760008568580588e+03,3.932142589252983811e+01,3.020915055821344026e+02,1.315782140183034965e+00,-1.702009036750361304e+01,5.230626303758591575e+02,1.108304953145555828e+03,1.559945744536401113e+00
1.930083739375772041e+02,3.609215764737484733e+02,1.307108525066478251e+03,1.317270077788754463e+02,2.775932735376320579e+02,1.034582153432022551e+03,2.433153237279772441e+02,5.301105395872011741e+02,1.119803545192668707e+03,-1.600702693040151203e+01,4.070955315891769999e+01,8.921909194686766114e+02,4.147849990428621254e+02,7.591647011099505562e+02,1.167974864094521308e+03,8.996853619799601631e+01,-3.581829623466348522e+01,7.057417209749265794e+02,6.321684759304403087e+02,8.342286704720895614e+02,1.151777649961968564e+03,-6.200438750533069765e+01,4.300567236539692999e+02,5.330369395607644947e+02,-4.194988703802346208e+01,7.365750621995481424e+02,5.694933368680950707e+02,3.323394007024758139e+02,2.081270618143217632e+02,3.467275111522722568e+02,3.627699321579967204e+02,8.886179404473050454e+02,3.976230162417676866e+02,4.687644763017901894e+00,1.108057986377172455e+01,1.015493840221585664e+01,2.066960778402760468e+02,1.116656758046874074e+03,3.727847256735060455e+01,3.016233541286351283e+02,-1.841533435849209560e-02,-2.021872067334001599e+01,4.879578112497001712e+02,1.168757842988210768e+03,-3.078400322470297823e+00
1.892134257550942209e+02,3.848959241474141777e+02,1.303454808281955593e+03,1.249928029378786221e+02,3.049269513582730156e+02,1.038169184408507135e+03,2.378311063126106149e+02,5.530737728362354346e+02,1.116794146545915510e+03,-2.254633809360983676e+01,6.730314972156813269e+01,9.156177119895096439e+02,3.941531612899003107e+02,7.905253255037794133e+02,1.169562084925576755e+03,1.028051243159610095e+02,-1.246279671046639415e+01,7.388847658560298441e+02,6.080596342497801743e+02,8.654435110202978194e+02,1.146212070608220756e+03,-5.407046999567972279e+01,4.487592345043583464e+02,5.275646762062111748e+02,-3.497666966158837454e+01,7.565340845174090418e+02,5.612698022766689974e+02,3.382984634462632130e+02,2.247825012995116083e+02,3.376428167667558000e+02,3.581041808007295231e+02,9.280466091223564717e+02,3.921486236158390852e+02,5.341419851290337917e+00,1.331364147827626354e+01,1.299706590495791936e+01,1.762284938133809646e+02,1.150196958226436664e+03,3.432826218580673583e+01,3.008499910194606173e+02,-1.504845066116557550e+00,-2.356500799045173267e+01,4.510536970299909854e+02,1.227298940152957130e+03,-9.135724764044574897e+00
1.849195202807137264e+02,4.105845089852703609e+02,1.300525319473518948e+03,1.173960526646007736e+02,3.356453825251887793e+02,1.041790576310700999e+03,2.306505637201946115e+02,5.779064881945510024e+02,1.114095313076976709e+03,-2.927175574948131143e+01,9.863936877348575649e+01,9.379807334533759331e+02,3.714772679258334165e+02,8.244449098336056068e+02,1.169460707391187498e+03,1.152166581734819459e+02,1.458886413058480613e+01,7.737964493530068921e+02,5.816600967199897241e+02,8.987842663620371013e+02,1.137065111975303807e+03,-4.487842925832882912e+01,4.684891590812256368e+02,5.223703287232955290e+02,-2.768120417281820522e+01,7.788750340228556297e+02,5.529196190459007312e+02,3.444018074165435905e+02,2.430926688082321050e+02,3.268436466226978041e+02,3.523740793990707516e+02,9.693261128607560977e+02,3.864317639614810673e+02,6.514416093047445955e+00,1.645105178862389650e+01,1.681521104116838927e+01,1.470803067739757637e+02,1.182155102176690889e+03,3.055724258934944615e+01,2.998224243992424931e+02,-3.233163522215666497e+00,-2.697564151385951448e+01,4.128332228436426021e+02,1.283243145349085353e+03,-1.692579999294246562e+01
1.798504711235702302e+02,4.380049991668485632e+02,1.298362871404161979e+03,1.086628741664457465e+02,3.693307531648245003e+02,1.045149304254731078e+03,2.217457541697267231e+02,6.047542218035713404e+02,1.111639088454974853e+03,-3.647145262660398402e+01,1.338844201578216371e+02,9.583348143664251211e+02,3.467340728507585936e+02,8.609888616908342556e+02,1.166857499744472079e+03,1.262018355909062990e+02,4.491966901287013769e+01,8.099605707159463464e+02,5.527983318973900850e+02,9.341581768251642188e+02,1.123523177743093129e+03,-3.416045729403082731e+01,4.891049919557019621e+02,5.170533144274010056e+02,-2.047342529706822134e+01,8.032315021861437572e+02,5.440485844618216333e+02,3.507245856218896733e+02,2.630128756888223052e+02,3.141664970817199674e+02,3.451936849190212229e+02,1.011778228563149014e+03,3.805829568391741304e+02,8.708364183551715598e+00,2.053852596611324088e+01,2.191491958141945062e+01,1.203542709028932194e+02,1.211729953152425878e+03,2.587906933569300705e+01,2.986421930831064628e+02,-5.198253758824263215e+00,-3.038347438985592674e+01,3.742277437529575081e+02,1.335678354872181444e+03,-2.651509535131652484e+01
1.735161348169650921e+02,4.670094905558452751e+02,1.297060561253655123e+03,9.860088264874778474e+01,4.050931224648864486e+02,1.047913891448230970e+03,2.111993945886781034e+02,6.337440398709078409e+02,1.109427854533715845e+03,-4.439273225790494593e+01,1.713635342583311854e+02,9.757821541889238688e+02,3.198244034932534419e+02,9.000457917979783815e+02,1.160821740044592843e+03,1.350904559587450535e+02,7.802590832371217289e+01,8.469519094986407026e+02,5.212741795400410183e+02,9.709866207281299921e+02,1.104822313998778100e+03,-2.165752491807315749e+01,5.103998878886791886e+02,5.113165894750370626e+02,-1.390385376994848166e+01,8.287406471499145937e+02,5.344666028237433011e+02,3.573007203081215835e+02,2.843703874501647988e+02,2.997193952218520394e+02,3.359174861806773151e+02,1.054302827571555326e+03,3.746491777908419181e+02,1.254406100258117363e+01,2.564637046975731138e+01,2.854894624923863944e+01,9.721062306024867894e+01,1.237804195548679672e+03,1.987993910712276602e+01,2.974283282160521367e+02,-7.287290225655844722e+00,-3.379131605398676186e+01,3.366273020557725886e+02,1.383549409092723181e+03,-3.790240418915927023e+01
1.652362394641362755e+02,4.973119252003998554e+02,1.296681976244499310e+03,8.718431200931014757e+01,4.418495341242410746e+02,1.049689625903837623e+03,1.991496069964004789e+02,6.651085419759588149e+02,1.107456873947574877e+03,-5.317851961097616709e+01,2.089790679421761013e+02,9.894644169762890442e+02,2.904578454630905640e+02,9.414627438584443553e+02,1.150268228787196222e+03,1.415751966983466730e+02,1.134844035026770825e+02,8.847028638351461041e+02,4.868694799898914880e+02,1.008451273078309441e+03,1.080448923370365492e+03,-7.091321345809733501e+00,5.322576109114390874e+02,5.051593057264435060e+02,-8.500980924133727967e+00,8.542766546755568697e+02,5.242712878018921856e+02,3.640213593714703393e+02,3.069483993802394934e+02,2.838667600028082916e+02,3.237787491987032240e+02,1.095688761600463977e+03,3.684833317375431534e+02,1.864920942264150838e+01,3.193437596006127777e+01,3.678183373626092134e+01,7.871335065473101622e+01,1.259428913110805752e+03,1.185511874707733782e+01,2.962679056818890899e+02,-9.286097838649283176e+00,-3.730817876709576808e+01,3.016910373503361029e+02,1.425900934742048321e+03,-5.111994791918105108e+01
1.542572572089959806e+02,5.286394194986345383e+02,1.297122470523580205e+03,7.464132320673070353e+01,4.786435943045970021e+02,1.050006403381405562e+03,1.856905942163710961e+02,6.992935933041787848e+02,1.105568432263145951e+03,-6.270783225605105571e+01,2.447092432651199942e+02,9.985447239554310954e+02,2.581078546882187084e+02,9.850538426299907542e+02,1.133940312003222061e+03,1.456505815852676733e+02,1.511190668918304709e+02,9.235135800471191487e+02,4.494033286252425228e+02,1.045646405198403954e+03,1.050192195079086559e+03,9.841488339589526291e+00,5.547983486042362529e+02,4.989419696439259724e+02,-4.603129359648566066e+00,8.787797077691928962e+02,5.137918813289435320e+02,3.705817659284089132e+02,3.305964454526479699e+02,2.671529041403637734e+02,3.081062447759234146e+02,1.134961637672836105e+03,3.617324317643989389e+02,2.754250296050394908e+01,3.969324985248558590e+01,4.642605897596535414e+01,6.566306783965882232e+01,1.276337127584529526e+03,1.067476123245085562e+00,2.951708726557844216e+02,-1.089513475567439471e+01,-4.112782995854368551e+01,2.710045536302872620e+02,1.462233184752986745e+03,-6.614625697693973905e+01
1.399198146751152478e+02,5.609001803905124461e+02,1.297985123675311343e+03,6.151021643686775775e+01,5.148604876276165214e+02,1.048354721758837513e+03,1.707437991557311534e+02,7.369340600015792688e+02,1.103299662454505096e+03,-7.235107402070123328e+01,2.769953736277369103e+02,1.002266047178385861e+03,2.220962181461120792e+02,1.030358869741719445e+03,1.110494555021813539e+03,1.474494544811897185e+02,1.911128405452223262e+02,9.637403513512344944e+02,4.088567188828141639e+02,1.081517233798131201e+03,1.014065592737519864e+03,2.941627484097332967e+01,5.784260090888823242e+02,4.932752209288904623e+02,-2.263461026605062987e+00,9.015370616146000202e+02,5.034162710399988327e+02,3.765180813030549984e+02,3.553077315332816397e+02,2.501985979714652046e+02,2.885570854626080859e+02,1.171624453472732057e+03,3.539673629326773039e+02,3.955790542315259017e+01,4.932476544487008141e+01,5.710465564749674883e+01,5.841245076281683879e+01,1.289236203474295053e+03,-1.287454509475823805e+01,2.940530244504788584e+02,-1.175012634172131243e+01,-4.543040380653611265e+01,2.457014327268455531e+02,1.492809833464730900e+03,-8.267890869841785673e+01
1.218052566967605657e+02,5.942178500223195670e+02,1.298551459811351151e+03,4.863585435738914242e+01,5.502626149679745140e+02,1.044293915682844272e+03,1.539405176119779526e+02,7.786196318433461556e+02,1.099793938428937963e+03,-8.070141898239694456e+01,3.049532510306876816e+02,1.000174918586211675e+03,1.818128243808617981e+02,1.076212682020056036e+03,1.078717799935917583e+03,1.469819349014256318e+02,2.340207732755240784e+02,1.005283688057391487e+03,3.655406846507524961e+02,1.114702882709107598e+03,9.722133905488025221e+02,5.176621236686034422e+01,6.037220908050639991e+02,4.887848013928710316e+02,-1.268097353500587943e+00,9.222695095266448106e+02,4.934001664883346052e+02,3.813322376472091264e+02,3.812080865284765991e+02,2.336126763059579616e+02,2.652843253438264242e+02,1.205680706989461441e+03,3.449033880205383298e+02,5.483129750240708944e+01,6.123903541565405817e+01,6.842117045175422163e+01,5.668720120404582730e+01,1.299698041270008389e+03,-2.970489999375184453e+01,2.927581878235050681e+02,-1.145261925309198325e+01,-5.023458080507105450e+01,2.261863231250131605e+02,1.518719874173632434e+03,-9.994403419823838419e+01
9.981273333560450567e+01,6.287645109194706947e+02,1.297876224035424457e+03,3.709892405635024915e+01,5.848816675043090072e+02,1.037621121663798476e+03,1.345775244937240132e+02,8.244766061913221620e+02,1.093824320323762549e+03,-8.538122938182019084e+01,3.284791325413614231e+02,9.925271526790584176e+02,1.370318073910295595e+02,1.120376585439958490e+03,1.037834670261979454e+03,1.438863117036641768e+02,2.806237536294686379e+02,1.047127102352956172e+03,3.202379073707665498e+02,1.143532836472051031e+03,9.249358247478941166e+02,7.675096018580849488e+01,6.312009532086873378e+02,4.858780207824449349e+02,-1.245360485181848498e+00,9.409602018208307754e+02,4.837827371853882710e+02,3.846631683910612765e+02,4.084398695545662576e+02,2.179467992781338239e+02,2.389809645885693214e+02,1.237424449486873073e+03,3.346171110272692886e+02,7.334693631083793264e+01,7.568645027841979811e+01,8.014386203846245849e+01,5.948977309893968624e+01,1.309650714121253941e+03,-4.841459438917777192e+01,2.911070789053403587e+02,-9.620338051535266999e+00,-5.526968416924413674e+01,2.120639710531953028e+02,1.541598773924352827e+03,-1.167148818654815869e+02
7.417255613489918176e+01,6.644895739161129313e+02,1.294968358747693856e+03,2.808652380501136392e+01,6.188924276312689017e+02,1.028547458142874802e+03,1.117107959324382307e+02,8.737205272689744788e+02,1.083946263707379103e+03,-8.306315371492250677e+01,3.483811632548060970e+02,9.807583246962766452e+02,8.825862535490988137e+01,1.159545162209505406e+03,9.878193291157790554e+02,1.374086818830251104e+02,3.315637960591591309e+02,1.087198207315514765e+03,2.742498487299163799e+02,1.166333095315156697e+03,8.728942753191499833e+02,1.038774431661932169e+02,6.610241422412462953e+02,4.846320649435851351e+02,-1.794989325587470486e+00,9.575136998140000060e+02,4.744787184912192970e+02,3.864369456271720651e+02,4.369842063308340130e+02,2.036930472544896418e+02,2.107974838915104385e+02,1.267097936630707181e+03,3.236592349908830784e+02,9.502237650208149944e+01,9.258771108111550063e+01,9.228580455549762007e+01,6.518440168053636796e+01,1.320685909138323950e+03,-6.744271343476506786e+01,2.889467423367659080e+02,-5.958390939645288320e+00,-5.994398985920398104e+01,2.023000730052789891e+02,1.563100950568992630e+03,-1.315810232896544392e+02
4.543840701992005648e+01,7.009605347169303968e+02,1.288986008552824160e+03,2.271172988865269815e+01,6.526011901847681429e+02,1.017806866268600743e+03,8.442393251855165204e+01,9.244115322034384690e+02,1.068766668089546556e+03,-6.987087199555831774e+01,3.666173948335468822e+02,9.677675020043079712e+02,3.701540429012722910e+01,1.189913335145385645e+03,9.296209067505869825e+02,1.267974656770553707e+02,3.868044707652751981e+02,1.122731445937858098e+03,2.293201413929366765e+02,1.181976249924160584e+03,8.174307786088530747e+02,1.323257469100232413e+02,6.928199418318532707e+02,4.848448427352267345e+02,-2.561772894848485915e+00,9.714600463149631651e+02,4.655036481238056467e+02,3.869269149130066126e+02,4.665118414417526651e+02,1.912951875932223516e+02,1.821760321257826263e+02,1.294585380532147838e+03,3.129875563117705042e+02,1.197983770399681873e+02,1.114475718607360051e+02,1.050071460278378623e+02,7.180613707971606630e+01,1.333498371658911992e+03,-8.507134547835073590e+01,2.861886647946487869e+02,-3.305984459738459669e-01,-6.345148399217249136e+01,1.955434307056927139e+02,1.584345285842250632e+03,-1.433535745187526231e+02
1.448929490790765584e+01,7.374841691712540523e+02,1.279388977114216914e+03,2.178585432378502063e+01,6.865860324538105033e+02,1.006632953856464610e+03,5.223801242188705629e+01,9.735965382256299563e+02,1.047284995834741721e+03,-4.226502006626061814e+01,3.865739931027816851e+02,9.577252556787302638e+02,-1.406183105915127207e+01,1.208211589885362628e+03,8.652272471051240927e+02,1.120900210147759424e+02,4.451716032250560033e+02,1.151134469942172245e+03,1.874355933353459704e+02,1.190436175610324426e+03,7.608127947788503889e+02,1.610841992269442926e+02,7.257179443823939664e+02,4.861900262603615488e+02,-3.223340861591087236e+00,9.819166855664609557e+02,4.571868695947761694e+02,3.866866094654006361e+02,4.963537039362127530e+02,1.811290712049500939e+02,1.546514678369634339e+02,1.319289684075462446e+03,3.037049474883494895e+02,1.476952002307304213e+02,1.314154115250834991e+02,1.183609844505666899e+02,7.752547519227449868e+01,1.347692757111587980e+03,-9.988167764889894329e+01,2.828543225490003579e+02,7.211767004734781494e+00,-6.500162435286650009e+01,1.904771447362668653e+02,1.605542144537064587e+03,-1.514161818886365154e+02
-1.747202495210921569e+01,7.734712977257431703e+02,1.266035379850795152e+03,2.556278528157079677e+01,7.218808288047663382e+02,9.965736253056227270e+02,1.553742108038669656e+01,1.017851981678169523e+03,1.019231148464297803e+03,1.677267384595464872e+00,4.131447256788187588e+02,9.552534674066406524e+02,-6.144292426840265620e+01,1.212831146572813850e+03,7.975174315646207788e+02,9.499089061480015062e+01,5.044050511549912130e+02,1.171135403045845806e+03,1.505139867216667255e+02,1.193075811292733761e+03,7.061689723160048970e+02,1.891431603586981396e+02,7.585865768342696356e+02,4.883675315240404871e+02,-3.426900481262400877e+00,9.878702766528999746e+02,4.502148529046142471e+02,3.863770503197393964e+02,5.256316482526824529e+02,1.734179994130257114e+02,1.296514467183790202e+02,1.340248995079315364e+03,2.966827488538466469e+02,1.788018745520636230e+02,1.514956848211082274e+02,1.320012511239086734e+02,8.110382524096692691e+01,1.361993784849487838e+03,-1.111180697695630215e+02,2.791558573263533276e+02,1.648492450145375443e+01,-6.410064922093026496e+01,1.860798428604253445e+02,1.625909460721599544e+03,-1.558719041214072831e+02
-4.897117144812447265e+01,8.088028412870730790e+02,1.249240014230541419e+03,3.351340607661505544e+01,7.600089320555437098e+02,9.891627510805277552e+02,-2.417565234449065059e+01,1.054049133054941876e+03,9.853085023421904225e+02,6.095991485036113744e+01,4.522986448421705745e+02,9.641183921229901443e+02,-1.012911831290956854e+02,1.204542196476863637e+03,7.299050003352397198e+02,7.935836074049672106e+01,5.620732354718360284e+02,1.183777799102574136e+03,1.200091624686698282e+02,1.192489312903097471e+03,6.569801802992329840e+02,2.156677746630224135e+02,7.903307879049136773e+02,4.911699189160867149e+02,-2.748067361149980403e+00,9.886393604129867754e+02,4.454482335685042358e+02,3.865650146071805011e+02,5.535118157992012584e+02,1.680922249046726336e+02,1.083169169058337502e+02,1.356447667014410172e+03,2.922408020274878595e+02,2.131837544911155078e+02,1.708431381551309016e+02,1.450159928538297152e+02,8.215596686728510178e+01,1.374722829039234284e+03,-1.188332454019311513e+02,2.756021615956049686e+02,2.731087936025616969e+01,-6.078032902340293475e+01,1.817492112890313081e+02,1.643902285558290032e+03,-1.574466462641224211e+02
-7.840786840546530811e+01,8.439251948430322727e+02,1.229803663844919811e+03,4.422309638116216490e+01,8.027224139221794985e+02,9.855239417653162945e+02,-6.436240493777491167e+01,1.080073818642694505e+03,9.472615680306661261e+02,1.309058404707328407e+02,5.099485406771886460e+02,9.858934644662260780e+02,-1.303132263472156751e+02,1.186454398446715004e+03,6.658523297376902974e+02,7.083938214533694122e+01,6.172652897791069790e+02,1.192736969643563953e+03,9.652540805171075533e+01,1.191886909774560763e+03,6.162236809868744558e+02,2.400851332290450273e+02,8.200700210957775198e+02,4.944657236109324003e+02,-7.285913007620934412e-01,9.842659868254470439e+02,4.436058560794876939e+02,3.875831721127131573e+02,5.794735645843575185e+02,1.646657155197239604e+02,9.136729120749885169e+01,1.367202136245768088e+03,2.900626569090559315e+02,2.507245739020214330e+02,1.890324843634907097e+02,1.560110204595671917e+02,8.111295468470265746e+01,1.384347889549863567e+03,-1.237497625168629725e+02,2.730620524640049780e+02,3.967399897213700655e+01,-5.567595764098013689e+01,1.773100790690057522e+02,1.657728962209392193e+03,-1.572149744801274664e+02
-1.043016091975491264e+02,8.795815625961616888e+02,1.208984588896862761e+03,5.550128207415714598e+01,8.514623956881656568e+02,9.860268171856478148e+02,-1.019088861008585951e+02,1.095281631290938094e+03,9.077207506124253769e+02,2.034357529646891010e+02,5.902548236812458526e+02,1.019184203215378488e+03,-1.466058093693999638e+02,1.163205467066369010e+03,6.083974858501898098e+02,7.545073894379251556e+01,6.723452004704810179e+02,1.203548242853608599e+03,7.959669919830081142e+01,1.194200789478693196e+03,5.855086416760582324e+02,2.620734791241836206e+02,8.471117703914612775e+02,4.981668057051650749e+02,3.008584869636171888e+00,9.756279296052726977e+02,4.449983656598972743e+02,3.895064252780908873e+02,6.034632050069760680e+02,1.622451475943155685e+02,7.903144107745166025e+01,1.372467560913275975e+03,2.894033556357125576e+02,2.909537130045265485e+02,2.061904802822802480e+02,1.634567428209921900e+02,7.891970485755271625e+01,1.389946401527625085e+03,-1.268844283710368188e+02,2.726933126777793177e+02,5.379276813198246998e+01,-4.990490058630006587e+01,1.729552147227922774e+02,1.666042080696473704e+03,-1.562668988062107474e+02
-1.255930375243883361e+02,9.163392561454743372e+02,1.188357767151408325e+03,6.473644140140579850e+01,9.067237150607136300e+02,9.901236900236440306e+02,-1.338451723119710834e+02,1.100596624800359450e+03,8.698196860290452150e+02,2.685371676162347967e+02,6.938891382838389745e+02,1.059823304847492182e+03,-1.501757518672188212e+02,1.139694734937059138e+03,5.598220489096108849e+02,9.734506066470325436e+01,7.336416656106222263e+02,1.221678036964472085e+03,6.777694326146173864e+01,1.201232140597140869e+03,5.646082266247800590e+02,2.814953503255787268e+02,8.707988707619765592e+02,5.022470677176704044e+02,8.626082302550432956e+00,9.642225848545879217e+02,4.494568770242946698e+02,3.922376811819885347e+02,6.258514318752169174e+02,1.597543009421144120e+02,7.104847486453883221e+01,1.372924663364306753e+03,2.894603588855640623e+02,3.329322569227991266e+02,2.229266013480182380e+02,1.661795628688692830e+02,7.662734983020681057e+01,1.391466963096296240e+03,-1.291086840832288374e+02,2.756910717004877824e+02,7.003697064088206048e+01,-4.477609753751959687e+01,1.691493558278517639e+02,1.668566419028127939e+03,-1.554306469936084909e+02
-1.419100668305497948e+02,9.542160708457813598e+02,1.169536812592327351e+03,6.944324951066816709e+01,9.675892171981250840e+02,9.964453270052289326e+02,-1.580731989300756481e+02,1.098276586306688841e+03,8.366370238863648865e+02,3.165779419612524066e+02,8.170265106161841686e+02,1.101984820862673587e+03,-1.429130941922892930e+02,1.119834207113466846e+03,5.215062370233482625e+02,1.364857695169999090e+02,8.101767707289768623e+02,1.249866779775941040e+03,5.906965201491777151e+01,1.213167736512483771e+03,5.516146275148018958e+02,2.983348997341140603e+02,8.904177285508933437e+02,5.068187536208480992e+02,1.599681287251989481e+01,9.517451011682990156e+02,4.564735510515631631e+02,3.956487347784483859e+02,6.472220126441412731e+02,1.563432165565427283e+02,6.672941601314335003e+01,1.369783405778733595e+03,2.896698405015705475e+02,3.752636570759678989e+02,2.400810338765469965e+02,1.638033795820507521e+02,7.506879974093494923e+01,1.389714704441566255e+03,-1.308680096851936412e+02,2.829007256000979282e+02,8.871405274896090987e+01,-4.143338565611723112e+01,1.664944376946862405e+02,1.666365864732013506e+03,-1.551259501540810959e+02
-1.536867752191459715e+02,9.926412995111635382e+02,1.153817933022965690e+03,6.786504895632396028e+01,1.031659001482015356e+03,1.003140663353800278e+03,-1.738422169055089626e+02,1.091426805188668141e+03,8.105892640895629029e+02,3.407224372592872328e+02,9.517198626590206914e+02,1.139686373820830568e+03,-1.280288405100780267e+02,1.105726853325287266e+03,4.939360709181215157e+02,1.872652937416265502e+02,9.104616791794597930e+02,1.285695134128467771e+03,5.154923859050227719e+01,1.228637865129065176e+03,5.436385545391341338e+02,3.126743484127040347e+02,9.053225413241733577e+02,5.122047084278174225e+02,2.473038642336190307e+01,9.396715956407709882e+02,4.654497175208041995e+02,3.997071289168677026e+02,6.681156576198461607e+02,1.518179202222454478e+02,6.507706859172924396e+01,1.364371931045752262e+03,2.897603032855520269e+02,4.162487708811560765e+02,2.583851547338049954e+02,1.569708783991169980e+02,7.471975028002003683e+01,1.386052432261421018e+03,-1.321956627027772413e+02,2.944330367891969900e+02,1.098333356523765758e+02,-4.056131483961920026e+01,1.655440543923906489e+02,1.661566215631340128e+03,-1.553682410113399044e+02
-1.620533048835335705e+02,1.030761150949280818e+03,1.141885754828068229e+03,5.944661528960046581e+01,1.095459812977404226e+03,1.008351224491246398e+03,-1.818223418867896441e+02,1.083367091413912704e+03,7.929617430702231786e+02,3.386173917644308062e+02,1.087765748860796293e+03,1.167966418847241357e+03,-1.092014277085038572e+02,1.097477277104096856e+03,4.768005494343131545e+02,2.389934540264226825e+02,1.038530844063118366e+03,1.320618232623616905e+03,4.390466586154865780e+01,1.245250351747086142e+03,5.377489973611352525e+02,3.247040669551617498e+02,9.152707781175885202e+02,5.189282222967912048e+02,3.428817095365839407e+01,9.290277535693903701e+02,4.759099373476545907e+02,4.045345753006062637e+02,6.888598316168258862e+02,1.468692959802986024e+02,6.497020537601849810e+01,1.357706762504172048e+03,2.895943869852738999e+02,4.541417079454110990e+02,2.781582042584636838e+02,1.472755211628488325e+02,7.572036079291233079e+01,1.381920970155547820e+03,-1.329741330985493732e+02,3.094698260453922103e+02,1.329702151166957549e+02,-4.224719886378539258e+01,1.665899652330077743e+02,1.656615227453899479e+03,-1.558944274519638213e+02
-1.684979528384349123e+02,1.067879712357324024e+03,1.133722469389029584e+03,4.500929491724507869e+01,1.155239301227162514e+03,1.010665959519058674e+03,-1.837956373903093663e+02,1.076983984228879308e+03,7.837487788283768850e+02,3.127849482449891525e+02,1.215415235367843252e+03,1.183288231982437082e+03,-8.977396518231648770e+01,1.093610662435008635e+03,4.691296005656053580e+02,2.785337243184037561e+02,1.191024998340045840e+03,1.341434398560357295e+03,3.566647493013418568e+01,1.260365754660356515e+03,5.318017052732876664e+02,3.347369463847056181e+02,9.207862955608723041e+02,5.275912879657839767e+02,4.413064575211097917e+01,9.204048862581772710e+02,4.875903121409502319e+02,4.103775283874666684e+02,7.095278261786282883e+02,1.429557977109926696e+02,6.540087686172284975e+01,1.350274133956267860e+03,2.889928848375879511e+02,4.874219354061295917e+02,2.991356735888030016e+02,1.369452933120811053e+02,7.796407921828790677e+01,1.378377565798490878e+03,-1.332446130298115463e+02,3.264184102830453185e+02,1.572956762989192896e+02,-4.602081289304774714e+01,1.695000464915188445e+02,1.653411917674808365e+03,-1.563464143365883672e+02
-1.744002040747232058e+02,1.103763468730692239e+03,1.128766371673179947e+03,2.655496938286889375e+01,1.207897783928870922e+03,1.009424679359762081e+03,-1.821152576651319919e+02,1.074225577744116663e+03,7.818587634611668591e+02,2.696579449608182699e+02,1.327772404837093745e+03,1.183268897313532761e+03,-7.225682121843112782e+01,1.091896776873597673e+03,4.694399812957486233e+02,2.943481505847998960e+02,1.356818843184039224e+03,1.334161807681047321e+03,2.705562597305837258e+01,1.271849011868915113e+03,5.248850596945102325e+02,3.431964382365269444e+02,9.232959690965357140e+02,5.386902584541103352e+02,5.383383412691818393e+01,9.141488550184373025e+02,5.003951834229543465e+02,4.175156921487931641e+02,7.299704520754262376e+02,1.418712886735519305e+02,6.571121030679348962e+01,1.342137479941248785e+03,2.877270054625043940e+02,5.150031824999188075e+02,3.204710717018430159e+02,1.283852684762945273e+02,8.118001128416581480e+01,1.375847979891095520e+03,-1.333474152198967317e+02,3.434383198565650446e+02,1.817596159198636769e+02,-5.102474767482728168e+01,1.737045463745556333e+02,1.652707895857611902e+03,-1.564381874063664668e+02
-1.805935759156173503e+02,1.138648675898873762e+03,1.126236096618659985e+03,6.759311538897032179e+00,1.251740961619513882e+03,1.004802634744490319e+03,-1.791206056584090334e+02,1.075868823525818470e+03,7.855868475248204277e+02,2.176669331117635409e+02,1.421826533887219512e+03,1.166272035012787683e+03,-5.818765707304500978e+01,1.090262920448616569e+03,4.758816602945132672e+02,2.803476056323671060e+02,1.519542988367268435e+03,1.288977715370729356e+03,1.859871573687285462e+01,1.278584435138452591e+03,5.172529930790199160e+02,3.505590920713124206e+02,9.248820466174539661e+02,5.524653388930707933e+02,6.313722337790530759e+01,9.105620867212251142e+02,5.142823820445324827e+02,4.261689622912076629e+02,7.498404186650197971e+02,1.451964538186651907e+02,6.574621314290097018e+01,1.333274625001906770e+03,2.856996279461438917e+02,5.363403072939388494e+02,3.409075153293099447e+02,1.237031127686201017e+02,8.498995176658067408e+01,1.374173721257751595e+03,-1.338033197246582517e+02,3.591665856713896119e+02,2.053591349963550954e+02,-5.623305639246550669e+01,1.783647943394750826e+02,1.654037363232319649e+03,-1.560512907625081880e+02
-1.871098197704451991e+02,1.172976767818938015e+03,1.125460896425541478e+03,-1.168361771061102417e+01,1.286784927046305029e+03,9.976714686665818590e+02,-1.766557729795270291e+02,1.081592302327788047e+03,7.931635673602928591e+02,1.650364603863885122e+02,1.497770755204619263e+03,1.131411847933169838e+03,-4.822418293571469405e+01,1.087447785362084687e+03,4.864266486491230808e+02,2.378350616663553296e+02,1.661976672354538778e+03,1.204058495701623997e+03,1.074616886122310255e+01,1.280594238318800990e+03,5.098140397948307054e+02,3.572528899478496669e+02,9.277071656771771586e+02,5.688580239175980751e+02,7.192099540730055196e+01,9.099695293121195618e+02,5.291556459410201114e+02,4.364594973747462063e+02,7.685890434060885354e+02,1.538802349059143069e+02,6.585339963853598988e+01,1.323894596048993435e+03,2.831580937840622028e+02,5.514421241695333720e+02,3.590792345915627948e+02,1.243331493063895294e+02,8.894916835526490217e+01,1.372886024860190673e+03,-1.350234916597593724e+02,3.733234173840590984e+02,2.273886734561517642e+02,-6.063697171846011713e+01,1.826476402936348222e+02,1.656166979689895470e+03,-1.552437445336086341e+02
-1.931856621263393095e+02,1.207025802440974530e+03,1.126075699673343024e+03,-2.667749983574434935e+01,1.314509944887255415e+03,9.892734043002226372e+02,-1.757747598481806222e+02,1.090283173342879991e+03,8.031972431330760855e+02,1.179373347628091295e+02,1.557163386215482205e+03,1.079095078735232164e+03,-4.230296974839996693e+01,1.083145549667577370e+03,4.991734930532264229e+02,1.746863263668090838e+02,1.770440969354666549e+03,1.086507673334619085e+03,3.659682076345442070e+00,1.278679184955462006e+03,5.034654335935981635e+02,3.635411924920321098e+02,9.333734480010965626e+02,5.875711084804254369e+02,8.013537689323339919e+01,9.126035059304634842e+02,5.448163503967731458e+02,4.484358125374411657e+02,7.854843618997996373e+02,1.681009516997058881e+02,6.671145092275355637e+01,1.314520317757181829e+03,2.807346096395811514e+02,5.608270345270549342e+02,3.738605234053538311e+02,1.308541179260355989e+02,9.257732544126872654e+01,1.371543481575481337e+03,-1.370439272717347876e+02,3.868952116217063235e+02,2.475584027909238216e+02,-6.334283443849362527e+01,1.859578206708872301e+02,1.657815389475689699e+03,-1.541998649333763467e+02
-1.975139819025769725e+02,1.240642999499254302e+03,1.128027753254011031e+03,-3.714760171531841593e+01,1.337183115642349549e+03,9.807845635700500679e+02,-1.766675292174635103e+02,1.100465689487424697e+03,8.149063468640550809e+02,7.947039285164842681e+01,1.601054187108734823e+03,1.011719074902362422e+03,-3.978549886122736723e+01,1.077632414952552836e+03,5.127792036677042233e+02,1.022882222925802722e+02,1.837475683651009149e+03,9.499837025831498067e+02,-2.813812035061055372e+00,1.273680276082263845e+03,4.986502592242406990e+02,3.694455592894396432e+02,9.425355677504448977e+02,6.081510746735751809e+02,8.771633583645817112e+01,9.183989859080710403e+02,5.609785206208624686e+02,4.621047650437910761e+02,7.997139298627735116e+02,1.873890094198617930e+02,6.903107019944035017e+01,1.305823423118684559e+03,2.792260193982672831e+02,5.654616655555740863e+02,3.846489004957975908e+02,1.430539442715551672e+02,9.538678205636421126e+01,1.369968991111090418e+03,-1.394584455862356265e+02,4.017745398177680158e+02,2.659078169063696464e+02,-6.356847522732932276e+01,1.880145847316360062e+02,1.658285152957181936e+03,-1.531713698860324371e+02
-1.986421284044868401e+02,1.273215757096845437e+03,1.131440220811327208e+03,-4.317788795598369234e+01,1.357048967760553523e+03,9.728977358821142616e+02,-1.788027220457627493e+02,1.110754554659581800e+03,8.281201180428247426e+02,4.970938110851464131e+01,1.629110292169385048e+03,9.339487539435008330e+02,-3.962410712663658074e+01,1.071153304367117016e+03,5.268770059895049371e+02,3.180007940930682864e+01,1.862121691546482225e+03,8.102900469336212836e+02,-9.062679796605639382e+00,1.265707350098830602e+03,4.953510648667720488e+02,3.747575762822271486e+02,9.549511913309958118e+02,6.300069339740864507e+02,9.452595912599100814e+01,9.268679238153649749e+02,5.773128699726651121e+02,4.774009634347742690e+02,8.105943492744908099e+02,2.108663430953996283e+02,7.322280476499574320e+01,1.298388506161855730e+03,2.792116780227935351e+02,5.667077816463388444e+02,3.914935197093523698e+02,1.602211302996041411e+02,9.693372226036299821e+01,1.368293462545165539e+03,-1.415963939182180980e+02,4.199934463397634090e+02,2.825494571970212974e+02,-6.056965852141780715e+01,1.887777914783863480e+02,1.657717830292431472e+03,-1.524424855706064079e+02
-1.953952286032965162e+02,1.303895112153620403e+03,1.136429099507119417e+03,-4.583360205920360642e+01,1.375732930047232458e+03,9.655911221043669457e+02,-1.812389009698142672e+02,1.120249773542875573e+03,8.430778172216414532e+02,2.671221080405706871e+01,1.640127018995219942e+03,8.522296715563829821e+02,-4.061146886349726515e+01,1.063486980360283042e+03,5.422186150107191906e+02,-2.860763939899457142e+01,1.848388821060736973e+03,6.810484290155686722e+02,-1.560151898268841109e+01,1.253803511944253387e+03,4.934128700362007862e+02,3.791509724120899136e+02,9.699057811166547935e+02,6.523515320620836064e+02,1.003507412742077491e+02,9.371820913113232336e+02,5.934796275496488533e+02,4.940763940415544653e+02,8.178493420807646999e+02,2.374442504550642354e+02,7.915536192802449023e+01,1.292607195354319629e+03,2.807334655371816439e+02,5.662779720105353363e+02,3.950612211357818637e+02,1.815552813464298652e+02,9.692417268661630203e+01,1.366814302404154660e+03,-1.428405798444576931e+02,4.428861485040338266e+02,2.973997152842319451e+02,-5.355945146302025961e+01,1.883358923270297964e+02,1.656887183935446274e+03,-1.522977391268900078e+02
-1.872252774493799734e+02,1.331968704231105676e+03,1.142952207672792156e+03,-4.672209999272861580e+01,1.394082744889614787e+03,9.582034963549134545e+02,-1.830090808485429648e+02,1.128775109251909043e+03,8.600929366358466268e+02,8.052225090724849821e+00,1.633500884994311491e+03,7.736309138151493698e+02,-4.170975845510470492e+01,1.053982407688417879e+03,5.603455141149481733e+02,-7.470109652387252197e+01,1.803183506187682724e+03,5.711796712359664525e+02,-2.295274858320404121e+01,1.236334612523289024e+03,4.928794934839792745e+02,3.823479220022144318e+02,9.867480766167529964e+02,6.741442176941077378e+02,1.049672414428297174e+02,9.484590336776063850e+02,6.091354969056908431e+02,5.115775191464057343e+02,8.218631852461902554e+02,2.659130175832958116e+02,8.611317584822091931e+01,1.288752939906428082e+03,2.832408974514368651e+02,5.661672214947622024e+02,3.965058991593548399e+02,2.065341674340103566e+02,9.536539292931423972e+01,1.365764288256087866e+03,-1.429012163120379739e+02,4.705571956730896659e+02,3.100862862030788847e+02,-4.168335195351369293e+01,1.868695833800555306e+02,1.656682766930982552e+03,-1.529350510615665826e+02
-1.744213216197026952e+02,1.357206802331994595e+03,1.150719694555810520e+03,-4.743253358678079223e+01,1.412423200150493585e+03,9.498001317372930998e+02,-1.834558657728540538e+02,1.136861604555447684e+03,8.791929016500432681e+02,-7.816842024405621814e+00,1.610718428165638443e+03,7.044380960029376411e+02,-4.235362633814388289e+01,1.042033894230700298e+03,5.828559279670034812e+02,-1.055666434769587738e+02,1.734747911049262257e+03,4.846665295319883171e+02,-3.151210149680759898e+01,1.211954917001276272e+03,4.940967182209240605e+02,3.842544202017400039e+02,1.005226962142168531e+03,6.941527977161576928e+02,1.082448904198143111e+02,9.600984254477119748e+02,6.239347629860112647e+02,5.290181928876904749e+02,8.237801609132101248e+02,2.949748623815394808e+02,9.299076794767088927e+01,1.287107686048730784e+03,2.858490641678376392e+02,5.684950858950995780e+02,3.973065790789992207e+02,2.350865050418832993e+02,9.267807838879369342e+01,1.365123298388865123e+03,-1.419010807187210617e+02,5.018833732416912881e+02,3.201154457661386914e+02,-2.408315597097884719e+01,1.846973210794369606e+02,1.657581901437281431e+03,-1.543086834234920843e+02
-1.581385505124247572e+02,1.379994995130476127e+03,1.159169443328877378e+03,-4.904978866757627998e+01,1.430945735616014645e+03,9.396658700071557178e+02,-1.824096002146709168e+02,1.145447643697882768e+03,8.998817190945748052e+02,-2.096855603627704667e+01,1.575934129409361276e+03,6.489908654836899586e+02,-4.257398631778376341e+01,1.027663555448354373e+03,6.106127245045885275e+02,-1.223393261809260082e+02,1.651849237253803039e+03,4.218705517370464690e+02,-4.141501597788650457e+01,1.180599216091691233e+03,4.975850681563961757e+02,3.849927516319141887e+02,1.025442342324881793e+03,7.111966452193528312e+02,1.102254254643849549e+02,9.719551124209625641e+02,6.375561337267299677e+02,5.453138254753738465e+02,8.253374807723143931e+02,3.233198444781044145e+02,9.865636380635136504e+01,1.287962571883081409e+03,2.877638645570696099e+02,5.751972545896011297e+02,3.990815218246013956e+02,2.674971621025425748e+02,8.965121506696398512e+01,1.364572632096709867e+03,-1.402554151154367332e+02,5.350131123541976876e+02,3.272086666248472966e+02,-3.960752939669709427e-02,1.822956253340828709e+02,1.659385626178545181e+03,-1.559916097897827569e+02
-1.402261746079240936e+02,1.401148154360132139e+03,1.167514743666118648e+03,-5.191152218159422915e+01,1.449879510464442774e+03,9.276950491414942235e+02,-1.801649080482884528e+02,1.155403610773423907e+03,9.211468869403204280e+02,-3.036870949001837516e+01,1.535253204003961855e+03,6.091182817910356562e+02,-4.285092652187164930e+01,1.011823971185174400e+03,6.433056277417025512e+02,-1.271408608589471925e+02,1.563273075594142483e+03,3.812093948421223786e+02,-5.245463978875929456e+01,1.143908450084423521e+03,5.038705025341331520e+02,3.848259871591511114e+02,1.047447793530057652e+03,7.245034816651501615e+02,1.111268110067348687e+02,9.842177379877003887e+02,6.497575171560494027e+02,5.594484870451224197e+02,8.284237549631237698e+02,3.497857211236012631e+02,1.023343423391391696e+02,1.291441355956790403e+03,2.886189685464981380e+02,5.875814613101243822e+02,4.033523333249391953e+02,3.040868440246970863e+02,8.718999293546367824e+01,1.363615728500072009e+03,-1.384599692426141360e+02,5.680898036137235749e+02,3.316108518464329791e+02,3.085603138214495900e+01,1.801858340057543728e+02,1.661330820609317470e+03,-1.572164287108058716e+02
-1.228769036721773773e+02,1.421466643817276463e+03,1.174868126214573749e+03,-5.566529198294384173e+01,1.469286086081825033e+03,9.144996529904327645e+02,-1.772975728642624063e+02,1.167102220462643118e+03,9.417171862981713275e+02,-3.485477618422607549e+01,1.495089183171063723e+03,5.842718318176375760e+02,-4.374907195955631778e+01,9.962453560452206602e+02,6.795699333952346706e+02,-1.225705593550017483e+02,1.477117060400837545e+03,3.603221238249684006e+02,-6.409930880387163654e+01,1.104859307141423415e+03,5.134379939026337070e+02,3.840442383594692615e+02,1.070754693559596490e+03,7.339976780190988848e+02,1.112679838441407583e+02,9.970480420330158040e+02,6.604160679803451330e+02,5.707710744102945455e+02,8.345139745848879329e+02,3.735398810732928609e+02,1.038459343418242327e+02,1.297280995881908666e+03,2.885212741339053650e+02,6.058914090082143957e+02,4.112723291522897284e+02,3.448190414370881740e+02,8.594659424628788713e+01,1.361817778783936546e+03,-1.369441222497095794e+02,5.998492491898003891e+02,3.342016983315730272e+02,6.857258673622629885e+01,1.787033973915972354e+02,1.662489396983365623e+03,-1.571885848186539647e+02
-1.081786553989355184e+02,1.441261159234645447e+03,1.180416814661751459e+03,-5.954724236978218954e+01,1.488658692820265969e+03,9.011981895503699889e+02,-1.744254944845580155e+02,1.180241286693631537e+03,9.604389450026621944e+02,-3.408796925775234854e+01,1.460464042810793899e+03,5.721984089479816475e+02,-4.552398616516430963e+01,9.829396661642359732e+02,7.175302615236045085e+02,-1.115616377549924749e+02,1.399835929007252162e+03,3.565115303896305932e+02,-7.561584169843483494e+01,1.066850345480658461e+03,5.267988792179395432e+02,3.828994724903523661e+02,1.094062305745673029e+03,7.403396422099425536e+02,1.109634428311460965e+02,1.010200360674923559e+03,6.695080132942432556e+02,5.791976573358076621e+02,8.442344982739994066e+02,3.941798559518396701e+02,1.036166998062380600e+02,1.304767974808801000e+03,2.877974986546969376e+02,6.291132409735654392e+02,4.234039399824299608e+02,3.890384620254878882e+02,8.602834776558550800e+01,1.359063460956816016e+03,-1.360704966751725351e+02,6.298593626102542657e+02,3.363602399540019974e+02,1.126080664659107100e+02,1.778028242469318911e+02,1.662223244579122138e+03,-1.555666600992173585e+02
-9.768835200787478357e+01,1.460125589943147361e+03,1.183597137264046069e+03,-6.272909407588623054e+01,1.506725260289818607e+03,8.890021516850797525e+02,-1.720180168349842234e+02,1.193983196460396812e+03,9.765833338223757210e+02,-2.893645860764450717e+01,1.434046017014336485e+03,5.698372106722202943e+02,-4.791970163893785895e+01,9.736203890789021216e+02,7.554321507469011294e+02,-9.721510807552543554e+01,1.335422630145382300e+03,3.667591654094989622e+02,-8.626019637397077133e+01,1.032735678857557104e+03,5.445127353264649628e+02,3.816144476703911437e+02,1.115430286754654162e+03,7.446722615080701644e+02,1.104498865516205655e+02,1.022874371770643961e+03,6.770427754594649059e+02,5.852276036658171279e+02,8.572668470401082459e+02,4.117068959434658382e+02,1.024658701105316112e+02,1.312910876185860388e+03,2.866454445525756114e+02,6.552142342796632875e+02,4.396486386965354427e+02,4.354962534875667188e+02,8.696027621930477380e+01,1.355693362211257408e+03,-1.362208176412888747e+02,6.583873355472729827e+02,3.396399127733471346e+02,1.620658044435016905e+02,1.770630409895562707e+02,1.660441888555892092e+03,-1.528085887812227952e+02
-9.213943999025588028e+01,1.477135788395551799e+03,1.184213953093798182e+03,-6.460241479606094117e+01,1.521773619883236279e+03,8.787967195148911514e+02,-1.703068078994763255e+02,1.207318339481942985e+03,9.899667060139647674e+02,-2.114275638308235727e+01,1.416176857146739167e+03,5.741271775970683393e+02,-5.027901218139196260e+01,9.692528839758443837e+02,7.920733134974236691e+02,-8.238011613177873471e+01,1.285123032807804975e+03,3.877431413157833049e+02,-9.547771135031467793e+01,1.004181508421825583e+03,5.670147670217945688e+02,3.804095932809703413e+02,1.132887842120334881e+03,7.482004223131038998e+02,1.098713875620495486e+02,1.033941758850683073e+03,6.830283844148181061e+02,5.897446060553728557e+02,8.726271209948207570e+02,4.264188397884204846e+02,1.012774407833136365e+02,1.320756411497753561e+03,2.849600033284137908e+02,6.818111356319054721e+02,4.593693519683658906e+02,4.826813538769213778e+02,8.794085887888128639e+01,1.352397603265029147e+03,-1.378141273997228780e+02,6.860488267537557476e+02,3.453532739204357540e+02,2.158008394118051569e+02,1.759175617402716796e+02,1.657535946515481555e+03,-1.500745974717013667e+02
-9.134098802959395869e+01,1.491430971417662477e+03,1.182474699683885774e+03,-6.494534245553317930e+01,1.532471560132893273e+03,8.708792227659027958e+02,-1.692917252152873289e+02,1.219486250071390486e+03,1.000891199055799348e+03,-1.254306391668141352e+01,1.405557797413459866e+03,5.825466207219388934e+02,-5.191213740816690603e+01,9.698286813962615724e+02,8.269530993218287449e+02,-6.905133239851129190e+01,1.247738307035507432e+03,4.161178736099540174e+02,-1.030595497915079903e+02,9.814410362189678381e+02,5.942666961707328710e+02,3.794744884134875065e+02,1.145249709700995254e+03,7.518047775775984292e+02,1.093009487289665600e+02,1.042483741275888860e+03,6.875288722489067368e+02,5.936636557160143184e+02,8.891667406075695226e+02,4.388034859991199710e+02,1.006820332451316915e+02,1.327686974666331253e+03,2.824656504982551155e+02,7.070285360421897849e+02,4.816444106220359345e+02,5.293204274612954805e+02,8.825905997691380378e+01,1.349869987537247880e+03,-1.411502535409590848e+02,7.134360608951284348e+02,3.541686145721924959e+02,2.725861630743768274e+02,1.739642241903199533e+02,1.654074438098819428e+03,-1.486296049742961429e+02
-9.425870322112493227e+01,1.502878889138009981e+03,1.178940013362721629e+03,-6.397102835135779486e+01,1.538756295941257349e+03,8.649151363037549345e+02,-1.688012527679733239e+02,1.230288603132467870e+03,1.009993663517041341e+03,-4.308901496127862885e+00,1.400034720532772781e+03,5.933563500858624593e+02,-5.251112768482376936e+01,9.743694256808897762e+02,8.602191604860689722e+02,-5.786438723328550537e+01,1.220235233856815967e+03,4.490092526740020844e+02,-1.092135895643457104e+02,9.634531867096953874e+02,6.254333671472605829e+02,3.788795496833673724e+02,1.152768636926740783e+03,7.558371869684323201e+02,1.087606617985885151e+02,1.048366322001486424e+03,6.907800819303542994e+02,5.975775499515809770e+02,9.060353200431973164e+02,4.494735155938048479e+02,1.008595698797230398e+02,1.333586568237181382e+03,2.790420939082356426e+02,7.301693927492449347e+02,5.055244050041491732e+02,5.748073480578691488e+02,8.764824051366619528e+01,1.348404890753312657e+03,-1.461423278838849740e+02,7.408682061323984271e+02,3.658353076179730010e+02,3.312543619193382369e+02,1.711642465596904685e+02,1.650496402535603238e+03,-1.490628293863193505e+02
-9.922470139960967117e+01,1.512393051705964126e+03,1.174420030958768621e+03,-6.226171564235285416e+01,1.542200694716690805e+03,8.600756458296472147e+02,-1.685652528255923528e+02,1.240160068337477469e+03,1.018091697335762433e+03,3.389077847339147187e+00,1.397103597318307038e+03,6.055723809419110921e+02,-5.235274458760929406e+01,9.811291750431752234e+02,8.925045903259186844e+02,-4.798637265871771262e+01,1.198334495773675826e+03,4.844073313149170872e+02,-1.145222256713486786e+02,9.481520915523328767e+02,6.588269698494119666e+02,3.785076928782824552e+02,1.157265706323197264e+03,7.601368639524627042e+02,1.082278992696757030e+02,1.052488835131032602e+03,6.932533600350573124e+02,6.015910809132421946e+02,9.228757376713477925e+02,4.591286410728440615e+02,1.015285032730161845e+02,1.338833090471820242e+03,2.749674520460996519e+02,7.518674372169242588e+02,5.301705816667808904e+02,6.193344370732935431e+02,8.639255536488923326e+01,1.347700726953481990e+03,-1.521563439030896063e+02,7.683297581621565087e+02,3.791707086949143104e+02,3.907733418666747980e+02,1.678432174426249048e+02,1.646979777423663563e+03,-1.508553214690344362e+02
