2.159359049636826171e+02,-8.348224546947322722e+01,1.628455983784415821e+03,5.495876111962462574e+01,-2.258689709550407940e+02,1.341900640371623240e+03,2.398093255853220001e+02,9.998112361475909893e+01,1.374783465489845184e+03,2.361930671702216245e+01,-3.456446086224229930e+02,1.089905042605775179e+03,3.908742188217486841e+02,1.985737808821787951e+02,1.147926426927220973e+03,2.673869713765682832e+02,-2.748093513124877063e+02,1.157579745756897637e+03,3.778038125968408281e+02,-8.985451388723170396e+00,1.213071936548353278e+03,1.752716793792488659e+01,-8.128485336247645421e+01,9.493051420802079292e+02,1.526791293668499065e+02,1.273397598974022742e+02,1.043853396061533431e+03,8.199673408192710156e+01,-8.278186487199795351e+01,4.832299219763305587e+02,4.489418385623376366e+02,2.565658779826668123e+01,1.112180264634882178e+03,-5.439860180630241793e+00,2.704437000585057316e+00,-5.583522916314092477e+00,3.143902102421645282e+02,-1.442834482855758615e+01,6.406515603910324899e+02,2.650741719868164523e+02,-6.539970853583308497e+01,-3.353274852087709945e+01,5.565087647571698426e+02,-1.108122530452118610e+02,6.827671621641659385e+02
2.185820791695929017e+02,-8.053584908330884673e+01,1.627308625458003007e+03,5.512515608644287823e+01,-2.231954822976011883e+02,1.342215633732561628e+03,2.426672385983654010e+02,1.018771174603364642e+02,1.375851975873057881e+03,6.888470250832374298e+00,-3.456104704245532844e+02,1.085809167211197064e+03,3.954361567304957816e+02,2.009288430228738207e+02,1.145834700370583960e+03,2.571671845921434851e+02,-2.841439317227507786e+02,1.145255329951198519e+03,3.787734360407665690e+02,-1.437290836413244222e+01,1.208559237267815888e+03,1.467562818298518934e+01,-8.037441119139478474e+01,9.503771023832932769e+02,1.533698145644142983e+02,1.268509572559689218e+02,1.043583448330580040e+03,8.230029797758824373e+01,-7.941979644671936001e+01,4.824903013184211886e+02,4.508530481007033472e+02,1.783429329484850712e+01,1.109068999544398139e+03,-5.881902704025196549e+00,1.181891597107393999e+00,-4.401956024790533384e+00,3.091938145070620862e+02,-1.064133172739537336e+01,6.416451414541528493e+02,2.661530690311615217e+02,-6.771658717804822913e+01,-3.297088192329301393e+01,5.456913545231476519e+02,-1.159832202209585859e+02,6.803298050513103590e+02
2.223960405099754212e+02,-7.907376899945120385e+01,1.624878830019457610e+03,5.594595561802307770e+01,-2.214132256640866387e+02,1.341552579793771429e+03,2.465438692868416126e+02,1.027742176287146236e+02,1.375548239041611851e+03,-9.935886357080907061e+00,-3.453082495166831336e+02,1.081796064675267189e+03,4.007750746542325828e+02,2.035522363735115050e+02,1.143347259592952696e+03,2.464150429851062256e+02,-2.928286137743026529e+02,1.131842991346950612e+03,3.796357566024170183e+02,-1.815485909051765390e+01,1.202896889971790642e+03,1.177620934337999081e+01,-7.930374590475422281e+01,9.510598040922083101e+02,1.538731776362914161e+02,1.271672229344599003e+02,1.043180099639699392e+03,8.250605494334786272e+01,-7.634214525269119633e+01,4.819791234461998783e+02,4.525744265150158867e+02,1.131726274799843956e+01,1.105262270856457235e+03,-5.786715747251972353e+00,4.977658877032322127e-01,-3.397297321844476414e+00,3.010492260030147804e+02,-4.799062725385843997e+00,6.420749529514498590e+02,2.670881499387069198e+02,-6.952916627148034934e+01,-3.253000077563337555e+01,5.332076504072932721e+02,-1.169272784218030807e+02,6.752688919714953499e+02
2.279003244411472053e+02,-7.982103113101112513e+01,1.620715099682257915e+03,5.776421496622864282e+01,-2.209198449603595122e+02,1.339573702597594774e+03,2.518845443116204592e+02,1.022057899657847173e+02,1.373217946408780563e+03,-2.683817974052006150e+01,-3.443404407593442897e+02,1.078019257373226537e+03,4.072967246334655442e+02,2.066597796035046315e+02,1.140259417036172863e+03,2.346554623840470697e+02,-3.002357413262998875e+02,1.116680326683656631e+03,3.804366162798989990e+02,-1.913066466872712468e+01,1.195412905914138719e+03,8.893915011749237820e+00,-7.793237464588787589e+01,9.510782408155247367e+02,1.541159786525558388e+02,1.287439332812489852e+02,1.042425179147918243e+03,8.263175855509041412e+01,-7.376735339317158946e+01,4.817416368539888367e+02,4.540642707177188981e+02,7.246796969714645265e+00,1.100036179960629170e+03,-4.810255582438737854e+00,1.141824118028138102e+00,-2.687273719367766045e+00,2.883985469278208598e+02,4.264169596400364526e+00,6.415134027488678612e+02,2.677710511897658989e+02,-7.044170125244998815e+01,-3.226054770154006235e+01,5.181269762806266499e+02,-1.112404734605580643e+02,6.659282392129383652e+02
2.347291761537910304e+02,-8.242568742952489913e+01,1.615483029980382526e+03,6.049130532858873011e+01,-2.214185011677352293e+02,1.336778898098787522e+03,2.583399387718836238e+02,1.004388355440937630e+02,1.369220897529637568e+03,-4.367106087660578595e+01,-3.422635397057832165e+02,1.074712254375123393e+03,4.148722909026655543e+02,2.103510281974348857e+02,1.136657288957218725e+03,2.215766633222708606e+02,-3.059025589832467062e+02,1.099764386199899945e+03,3.813837167314829344e+02,-1.681923549615264690e+01,1.186158108297512399e+03,6.235159313776557966e+00,-7.616595499564573402e+01,9.503632773805160241e+02,1.541831654595066823e+02,1.315245326320531376e+02,1.041056290871669034e+03,8.281754832439415281e+01,-7.180829996245527980e+01,4.816100360512043608e+02,4.554991512113117551e+02,6.316548761531185718e+00,1.092785829159478453e+03,-2.921445575645565729e+00,3.068703727417735116e+00,-2.288089944434226197e+00,2.717081895657676114e+02,1.634144636522672300e+01,6.398289695037140064e+02,2.681735360134056236e+02,-7.026212679035872100e+01,-3.210282592751180886e+01,5.006262885293397744e+02,-9.929083633562422051e+01,6.522014206643093530e+02
2.419875942870971528e+02,-8.568946233712711091e+01,1.610471639678934935e+03,6.377554071311079298e+01,-2.220608745633238641e+02,1.334133985647506506e+03,2.650888267270576648e+02,9.823754767225928219e+01,1.364559392632099161e+03,-6.019270497148857402e+01,-3.387494282371870895e+02,1.072142437903369682e+03,4.230498233106904991e+02,2.145235108183175612e+02,1.132779183481052996e+03,2.070540446324115180e+02,-3.096495173943423538e+02,1.081569070717602472e+03,3.827119219112491919e+02,-1.158799084622998343e+01,1.175631151262631874e+03,4.043429381210762230e+00,-7.397152024240375567e+01,9.490713009681855965e+02,1.542464915786274560e+02,1.350674632624119340e+02,1.038861553213147772e+03,8.320119579065787718e+01,-7.047160709352250763e+01,4.813403675167187430e+02,4.571431437774698452e+02,8.503994952603143531e+00,1.083026390176088853e+03,-4.177856357287229594e-01,5.773486719355170216e+00,-2.113768036205780465e+00,2.529111652817363165e+02,3.005311876975040519e+01,6.370839871303929840e+02,2.683649880243891630e+02,-6.909245214449518357e+01,-3.191421773577772925e+01,4.816850678449654310e+02,-8.375386411937087416e+01,6.352242713281081024e+02
2.488813092016831661e+02,-8.816467370311036689e+01,1.606729419085870632e+03,6.728531099306778174e+01,-2.218647443621144646e+02,1.332439587648329507e+03,2.714173517821459427e+02,9.640221942405122491e+01,1.360179787469096709e+03,-7.610502871072704068e+01,-3.337542846623365449e+02,1.070533199025004251e+03,4.314359338498947523e+02,2.188079661916002294e+02,1.128816168227815751e+03,1.911572054973809713e+02,-3.116087010747530712e+02,1.062708656184648817e+03,3.844820789564553252e+02,-4.549929149139186890e+00,1.164347224670696278e+03,2.435696824648696523e+00,-7.139334973645493676e+01,9.475393549438516629e+02,1.544413554506906223e+02,1.388290233781127370e+02,1.035795902207082463e+03,8.376718396592012539e+01,-6.967026766165577101e+01,4.808031382974609187e+02,4.591316403529179979e+02,1.296803656777419533e+01,1.070426653906095453e+03,2.185804050759609041e+00,8.546497135942061618e+00,-2.017072403339996267e+00,2.342119767706409732e+02,4.356844649284479942e+01,6.333443934823812924e+02,2.684898157594064969e+02,-6.733223905500899775e+01,-3.154638432525544900e+01,4.624540687298941180e+02,-6.812454897702508561e+01,6.165947692804554663e+02
2.551816352416591371e+02,-8.877681637828601424e+01,1.604421558547182485e+03,7.090463391400666637e+01,-2.201929928890014310e+02,1.331876697511891280e+03,2.771588959300148645e+02,9.539534123178586356e+01,1.356423370332273180e+03,-9.105262385104803968e+01,-3.275643623302527203e+02,1.069989424742075244e+03,4.399725317332230929e+02,2.225906206443069095e+02,1.124805850650674302e+03,1.741399971770079276e+02,-3.121139392259404985e+02,1.043689236518834150e+03,3.864462936191964673e+02,2.778391719106370061e+00,1.152586153656522583e+03,1.288090894783581630e+00,-6.856821076787628044e+01,9.461824271730042710e+02,1.547756600448167035e+02,1.424065120229022057e+02,1.032033484912778249e+03,8.428980113241104277e+01,-6.923572516012693256e+01,4.800777987394964157e+02,4.613117552780604456e+02,1.826638514000305591e+01,1.054904899868630082e+03,4.355800026456439156e+00,1.075282096783406693e+01,-1.856143129647533696e+00,2.170418566419787680e+02,5.544120758751351730e+01,6.285352835246969789e+02,2.687065901229331075e+02,-6.555307574219023081e+01,-3.092975258565888907e+01,4.437354836828659472e+02,-5.506885352926323662e+01,5.976212322916969697e+02
2.612756255955504798e+02,-8.719733493141217195e+01,1.602775074710984200e+03,7.474873946006614744e+01,-2.170608721556567673e+02,1.331974336879934981e+03,2.827479204972134994e+02,9.524146669616985150e+01,1.352924319923725534e+03,-1.046056429999182456e+02,-3.206710380363916784e+02,1.070449601305072292e+03,4.489364647175731875e+02,2.251659741256986251e+02,1.120652006831334347e+03,1.563843965509483382e+02,-3.115017700928153204e+02,1.024828350633468744e+03,3.880728091312754486e+02,8.977198919228444041e+00,1.140409628192165883e+03,2.481318566291582928e-01,-6.572375973812023631e+01,9.453485383817019283e+02,1.551220554421173006e+02,1.456228062814967359e+02,1.027903016557043202e+03,8.441408793465542715e+01,-6.894001816123089554e+01,4.793868114393662836e+02,4.632363615779770498e+02,2.288096521079954826e+01,1.036708641056623264e+03,5.735903739673009483e+00,1.200774843920566859e+01,-1.556996229038684065e+00,2.016786551152716527e+02,6.512459850710214937e+01,6.224092081054494656e+02,2.691171429835079607e+02,-6.428455595935966471e+01,-3.011485331822448330e+01,4.258237124929802349e+02,-4.546005664060155738e+01,5.789224567263174777e+02
2.678555836576647380e+02,-8.386332138403905390e+01,1.600553818942128373e+03,7.904502608141271480e+01,-2.131233419754921385e+02,1.331934193486260028e+03,2.889180570966197479e+02,9.567106499404049202e+01,1.348917420638163094e+03,-1.162810028532349236e+02,-3.135401920060382963e+02,1.071677031917907016e+03,4.586955089865266473e+02,2.259873736729669247e+02,1.116184933724818166e+03,1.382902037448252202e+02,-3.099285982709991458e+02,1.006270900816056269e+03,3.887357239048235442e+02,1.320016672058068785e+01,1.127782303765453207e+03,-1.125545026726580522e+00,-6.313930648224223319e+01,9.451728682312160572e+02,1.552863635092390098e+02,1.484737747181401915e+02,1.023726574940771570e+03,8.382116208283970593e+01,-6.854673226789216756e+01,4.789305116718965678e+02,4.643094150347338314e+02,2.583561050017714678e+01,1.016358283545996187e+03,6.244007896393235946e+00,1.221279105445215407e+01,-1.142888345719036636e+00,1.875275060686811628e+02,7.295301461829561163e+01,6.146036102517432482e+02,2.697219368230533973e+02,-6.382196983339311203e+01,-2.924593258014905572e+01,4.086525038274833719e+02,-3.845959040353595526e+01,5.604038091942312576e+02
2.754958142075061573e+02,-7.970232256078020328e+01,1.596702636552275180e+03,8.398365882192338461e+01,-2.093499694185578051e+02,1.331055440433282683e+03,2.962746082170787645e+02,9.634250593011282149e+01,1.343685557380764067e+03,-1.256311297760752979e+02,-3.064043045554120681e+02,1.073298100805085369e+03,4.694074834700625161e+02,2.249045244119534459e+02,1.111177444091178359e+03,1.201626689676379982e+02,-3.072966191101389200e+02,9.880145370292019606e+02,3.879913567213704937e+02,1.541808743505401225e+01,1.114604997440324041e+03,-3.168451739096528108e+00,-6.106678537463454859e+01,9.454980736436148163e+02,1.551019239730183017e+02,1.510406145447758774e+02,1.019649630819570007e+03,8.237728930689209506e+01,-6.789024925304268265e+01,4.787501968265302708e+02,4.639957966836284413e+02,2.709322532347735191e+01,9.944245760343534357e+02,6.029574272632112653e+00,1.150093313677007423e+01,-7.188846254922998114e-01,1.736973128744858741e+02,7.970199987372917860e+01,6.047255876923413780e+02,2.704214639246604293e+02,-6.416269463964653141e+01,-2.848793630759233153e+01,3.920264131506615399e+02,-3.238495374244863712e+01,5.414567548779484696e+02
2.843664884209877641e+02,-7.571285901868792223e+01,1.590783779919699327e+03,8.961683954643129368e+01,-2.065494991088557413e+02,1.329018540415139114e+03,3.049941069207069404e+02,9.699196354996462333e+01,1.336869483814145951e+03,-1.323743314040772532e+02,-2.991830688452903360e+02,1.074889231182012281e+03,4.808604626094693799e+02,2.222599198052100462e+02,1.105324650352277558e+03,1.021787884577326082e+02,-3.033234494402323662e+02,9.699356405995638397e+02,3.858154588604045330e+02,1.631669370280438969e+01,1.100641780465010925e+03,-5.962543573640524563e+00,-5.963700556222472926e+01,9.459170030539911522e+02,1.544935065774996872e+02,1.534444920153514431e+02,1.015562490941172541e+03,8.019006019455669332e+01,-6.694953035606278036e+01,4.787110372687833433e+02,4.619859124594985929e+02,2.751569657339990016e+01,9.712578695181697412e+02,5.335343217482239275e+00,1.016233502603148509e+01,-4.226217614736237360e-01,1.594796565010315987e+02,8.605906307689296852e+01,5.924267902688018239e+02,2.710567006252640567e+02,-6.509806960080186400e+01,-2.795817209051429231e+01,3.757601221424570213e+02,-2.573389540236804152e+01,5.212352742968513439e+02
2.942055248878280622e+02,-7.257452943128271272e+01,1.583036365959893146e+03,9.583459537953861229e+01,-2.049797454195725379e+02,1.325933184374636085e+03,3.147839055206203511e+02,9.746984207687022206e+01,1.328520257115886352e+03,-1.365008339557184343e+02,-2.915546666747129620e+02,1.076094993960610509e+03,4.925403030960436013e+02,2.187769410143366713e+02,1.098262405661212370e+03,8.445905072202876340e+01,-2.977187252012732870e+02,9.518559324654714828e+02,3.826787240612882215e+02,1.690693156877979320e+01,1.085474387904266223e+03,-9.308419448834406751e+00,-5.878803610328990459e+01,9.459338971096140085e+02,1.534815668244204687e+02,1.558434736622096466e+02,1.011157548163598790e+03,7.755998314103196378e+01,-6.586400388561470720e+01,4.785978976024993585e+02,4.582446923535984524e+02,2.841212412354405359e+01,9.468529694862212409e+02,4.362893368073215150e+00,8.586932190630095718e+00,-3.659959958287460347e-01,1.445380955596851322e+02,9.232954002383330305e+01,5.774700016720563553e+02,2.714642046285174501e+02,-6.638570794781398376e+01,-2.770287035853160518e+01,3.596975379727275026e+02,-1.778583218015430845e+01,4.989406011363754487e+02
3.045159424942764872e+02,-7.043253168555726518e+01,1.574133107706856208e+03,1.024110218493292024e+02,-2.042307290926415249e+02,1.322199670728886531e+03,3.250764386781186204e+02,9.771534488802656426e+01,1.318950854769520447e+03,-1.382942129598502845e+02,-2.831211251282353487e+02,1.076730009129781138e+03,5.038669878719278472e+02,2.152756984218023035e+02,1.089664228642465332e+03,6.717477353638082604e+01,-2.903747996584153839e+02,9.336554266067336130e+02,3.794002143602693309e+02,1.804583574267147839e+01,1.068593176989181757e+03,-1.282163323347245054e+01,-5.824409925430051516e+01,9.451678149884306777e+02,1.521371522306890540e+02,1.584241559170491485e+02,1.006081801200664472e+03,7.487138842711625841e+01,-6.486034903466723733e+01,4.782397109378485425e+02,4.529425644010854626e+02,3.092899661580176485e+01,9.209492574837595384e+02,3.225273735944016895e+00,7.211651626036973184e+00,-5.915686475817993895e-01,1.288374330677202408e+02,9.849213550059121758e+01,5.597933737369090750e+02,2.715229076328941460e+02,-6.787805719164715867e+01,-2.771696983614488374e+01,3.436833936576986162e+02,-8.580596071838312966e+00,4.740750062661191464e+02
3.148545453347796297e+02,-6.892435178928451478e+01,1.564828462382411317e+03,1.090989740873022242e+02,-2.034237249166459947e+02,1.318292433756320861e+03,3.353247081767589748e+02,9.773957299336272797e+01,1.308523654233004208e+03,-1.382521894815147334e+02,-2.735854724250089021e+02,1.076801718968211389e+03,5.144520088802513555e+02,2.123461334737360460e+02,1.079361753141899044e+03,5.058192501429979870e+01,-2.814675539684746468e+02,9.153701824428907230e+02,3.768254317051993212e+02,2.009935252688498153e+01,1.049588000341870838e+03,-1.609177466115395205e+01,-5.755664289728273530e+01,9.434932032773243691e+02,1.505248914341627255e+02,1.613587853252174682e+02,1.000092121781852484e+03,7.248094727687509931e+01,-6.411416997708803933e+01,4.775772968527876969e+02,4.463208302689280913e+02,3.559976020522572782e+01,8.933008880051883125e+02,1.994397148963152899e+00,6.441379752541775972e+00,-1.056747187293818113e+00,1.124572492884940260e+02,1.044676187537841798e+02,5.395496118303177582e+02,2.711841789340074911e+02,-6.952376914138909569e+01,-2.797149952482061508e+01,3.275599902777415764e+02,1.505056780004767170e+00,4.465996356101680931e+02
3.250570117303722100e+02,-6.740609105284362101e+01,1.555657555048461290e+03,1.157384452052817494e+02,-2.016065049404545846e+02,1.314552100555230936e+03,3.452431935869927315e+02,9.764729095263027148e+01,1.297479348027121887e+03,-1.369377515417693303e+02,-2.628795349299962822e+02,1.076418310872968505e+03,5.242323812492674051e+02,2.101435398449845025e+02,1.067383566695096988e+03,3.493997758094042894e+01,-2.714119651047928983e+02,8.971942943333899620e+02,3.754762547782085562e+02,2.289616169465008966e+01,1.028298982647069579e+03,-1.881985198072625209e+01,-5.620441402470727610e+01,9.410505430590986862e+02,1.486711067203768835e+02,1.647499741011104675e+02,9.931350382665299321e+02,7.063976829133790147e+01,-6.361917916719288257e+01,4.766501445760587785e+02,4.385596688739364026e+02,4.224450023086943418e+01,8.639424980384744686e+02,7.781865257354640963e-01,6.538656063985271771e+00,-1.647121955373786584e+00,9.543748845034862427e+01,1.103427867182751214e+02,5.170803119124558407e+02,2.704879239345206656e+02,-7.125934079112198560e+01,-2.841725836114141401e+01,3.112063170373456842e+02,1.217336025077496586e+01,4.169327788015523311e+02
3.352967204557194805e+02,-6.524616708740460069e+01,1.546745197107345120e+03,1.223329397088666752e+02,-1.981396976120572617e+02,1.311027896627180780e+03,3.548906849206449010e+02,9.767226108546009300e+01,1.285840090916722147e+03,-1.348148288327582236e+02,-2.512120683894392812e+02,1.075616421225461181e+03,5.334164479103809526e+02,2.084163530862541620e+02,1.053861188454623061e+03,2.038750786121542191e+01,-2.607032872199798135e+02,8.793688411851753699e+02,3.753482580180564128e+02,2.596351682945077499e+01,1.004824658887937062e+03,-2.087876946536151124e+01,-5.373812199779691667e+01,9.381374859176277141e+02,1.465696321557249178e+02,1.686075022611046563e+02,9.853332753169307807e+02,6.945421656434461966e+01,-6.314096776400526778e+01,4.755391914393759407e+02,4.296958674208532898e+02,5.019406272557551318e+01,8.333000803974670134e+02,-2.512564951765487442e-01,7.523445722423259596e+00,-2.212425956311766306e+00,7.773844592504062234e+01,1.163681886610870748e+02,4.928156467487060581e+02,2.695635714835512431e+02,-7.289486716021501422e+01,-2.896838920541747342e+01,2.945882247957196682e+02,2.332864743237028193e+01,3.857988623746607573e+02
3.459662895873350976e+02,-6.204271869412981033e+01,1.537729236782662838e+03,1.290525717596162565e+02,-1.929034393920497337e+02,1.307399173091481089e+03,3.645811957756033053e+02,9.816944505364023144e+01,1.273382185676598056e+03,-1.321252133374211724e+02,-2.390240803077392400e+02,1.074215333506080015e+03,5.422837228115679409e+02,2.067463402630841074e+02,1.038865008243919874e+03,6.891459971484316327e+00,-2.497380871435846643e+02,8.620436348194795073e+02,3.759588832529800015e+02,2.888068589773894246e+01,9.794133270495785837e+02,-2.229645226372769429e+01,-4.994246245323674316e+01,9.350552488522108661e+02,1.442095537942612964e+02,1.728718253950675603e+02,9.769168620278456956e+02,6.887710782089293104e+01,-6.229201174653564976e+01,4.743201821534206601e+02,4.196047071437796490e+02,5.865126956721072560e+01,8.021129445841656889e+02,-9.088391897863660196e-01,9.146744146367314698e+00,-2.613310787087844922e+00,5.930255292311817783e+01,1.227527968686020756e+02,4.671488166197890450e+02,2.686035296796086982e+02,-7.410669192376840897e+01,-2.949747805805383294e+01,2.777749112172152195e+02,3.492210498659094497e+01,3.540266298501709912e+02
3.574560320201765080e+02,-5.768916746959342845e+01,1.527817710811092411e+03,1.361529552787646082e+02,-1.862678915476476789e+02,1.303018465771273668e+03,3.746897318702514212e+02,9.952525834081262701e+01,1.259683262440895987e+03,-1.288550419741666815e+02,-2.268523518339053453e+02,1.071814618011509083e+03,5.509564898016951702e+02,2.048598817250303625e+02,1.022300355528664227e+03,-5.685393569666507219e+00,-2.387016516424323243e+02,8.452432842171621132e+02,3.766138854133594691e+02,3.153314236734268761e+01,9.523458222218173432e+02,-2.319914949393769277e+01,-4.496585939476228333e+01,9.319969064112450496e+02,1.415982425972955525e+02,1.774555663917097093e+02,9.681493927997448736e+02,6.872848836886488755e+01,-6.070581842181577059e+01,4.730570773235900788e+02,4.080402010791655698e+02,6.698567600168762226e+01,7.712356773263079504e+02,-1.090746518995687087e+00,1.097203930583185816e+01,-2.763135697321383422e+00,4.013251460865501485e+01,1.294553168994519581e+02,4.403654003017408058e+02,2.677997124619529359e+02,-7.457409251155908692e+01,-2.986671608362349772e+01,2.608992460346964890e+02,4.676195884456970475e+01,3.224063871347007080e+02
3.699455609774925620e+02,-5.230415470506404318e+01,1.516014919494262358e+03,1.438451355779145899e+02,-1.788837788967779545e+02,1.297104983111505589e+03,3.854549760254237754e+02,1.020100241602231392e+02,1.244257177482514180e+03,-1.248136073932933812e+02,-2.151380414005034822e+02,1.067968137978201185e+03,5.592645893798513725e+02,2.028403563359107409e+02,1.003949170959698677e+03,-1.747506180013004951e+01,-2.275503124185928243e+02,8.289884206176581074e+02,3.767403797557983012e+02,3.414631639956173359e+01,9.238772777418661235e+02,-2.375204215940729924e+01,-3.934412770249017655e+01,9.290211796227077912e+02,1.387644002934850960e+02,1.822676269469419594e+02,9.592724120535048087e+02,6.875549617708894345e+01,-5.823775733219365236e+01,4.718266438477708675e+02,3.947214732718280175e+02,7.486757646880380435e+01,7.414142920014277252e+02,-8.412120200461518094e-01,1.253349483161362343e+01,-2.649102911943296057e+00,2.030360430874954858e+01,1.361817087881761381e+02,4.126706623349326719e+02,2.672600858914229320e+02,-7.418731613090832866e+01,-2.998624212070946626e+01,2.440808676444698619e+02,5.852131652874374623e+01,2.916365502703051220e+02
3.833103849677569883e+02,-4.610105838661899469e+01,1.501495921912659924e+03,1.521843373233884620e+02,-1.714050527892711102e+02,1.289045560197953364e+03,3.968634767985732879e+02,1.056559759185639962e+02,1.226756985706876094e+03,-1.197982192034683919e+02,-2.040680208917352445e+02,1.062436855207091867e+03,5.667638237462919051e+02,2.011410758053902441e+02,9.836261473872669967e+02,-2.857655861054633561e+01,-2.160732395307498734e+02,8.134681263115670617e+02,3.761080477711303161e+02,3.714199298560244245e+01,8.942066655592492452e+02,-2.411014296474592555e+01,-3.385483786176002496e+01,9.260925540581681616e+02,1.357458595472179468e+02,1.872157717625418911e+02,9.504583419642515310e+02,6.873297731627920371e+01,-5.509745846005979786e+01,4.707411738137814154e+02,3.794475445721039364e+02,8.227366048353562178e+01,7.130984674059802728e+02,-3.416755039960983065e-01,1.348973142813559001e+01,-2.324840265170700970e+00,-9.639332090058405633e-02,1.426279540102142960e+02,3.842764517991516300e+02,2.669513563243409067e+02,-7.318607126630863036e+01,-2.986431659170589370e+01,2.273595145193856126e+02,6.995682978581270106e+01,2.622946439891295540e+02
3.971840498312032537e+02,-3.928051325840139896e+01,1.483998897481338417e+03,1.610384135989259846e+02,-1.642564292530022954e+02,1.278672042622490608e+03,4.086503659657869321e+02,1.102420163263440145e+02,1.207169843586909110e+03,-1.137673576619946942e+02,-1.935500056824096760e+02,1.055350930844701224e+03,5.728869822383616111e+02,2.004045284113061314e+02,9.613318668023393911e+02,-3.915362299690101366e+01,-2.040130393539011777e+02,7.990814597652582734e+02,3.748414378490059562e+02,4.095447330697081867e+01,8.634114208608752961e+02,-2.437547655372542366e+01,-2.921526282885391979e+01,9.231338260281064549e+02,1.325789094453638484e+02,1.922109818846136875e+02,9.417606173965884864e+02,6.857851559824402443e+01,-5.183627028210752741e+01,4.699382808704523882e+02,3.622129628723827750e+02,8.944129176667121328e+01,6.863239036818663408e+02,1.711710955684734858e-01,1.369817536895435062e+01,-1.879634836968126388e+00,-2.103116161840245724e+01,1.487897581230584194e+02,3.554582057740149139e+02,2.667127978351051070e+02,-7.211482968104213853e+01,-2.961624979758744658e+01,2.106770012404313377e+02,8.113157074716630746e+01,2.347487647854577233e+02
4.111358009588673212e+02,-3.199723027699946343e+01,1.464034333637127475e+03,1.701518992051326222e+02,-1.575290846983469635e+02,1.266360240614990971e+03,4.203985959810186728e+02,1.153990133465456580e+02,1.185901319980743665e+03,-1.069294165847958880e+02,-1.833543769033917386e+02,1.047165048755298358e+03,5.771463882174382434e+02,2.011834871911263463e+02,9.372970785830682416e+02,-4.956391767182795860e+01,-1.912224199500439283e+02,7.862615710309958104e+02,3.732551365713715086e+02,4.591488084489707688e+01,8.313612944379917735e+02,-2.456194889470273068e+01,-2.574800061421356645e+01,9.200522803121132256e+02,1.293026339514045731e+02,1.971907861789485139e+02,9.330807214191448793e+02,6.842675142232482699e+01,-4.917196005625855548e+01,4.695313198155355394e+02,3.432885482806278219e+02,9.680359085016486631e+01,6.607066229544734597e+02,5.041487505200088481e-01,1.319211783079385292e+01,-1.400403750783197454e+00,-4.250926929326895731e+01,1.550775442002811815e+02,3.265287931716232492e+02,2.663444342488586472e+02,-7.159454132028498918e+01,-2.942310929985342227e+01,1.939102394953498560e+02,9.241230185640240791e+01,2.090118027855014873e+02
4.248644850380916296e+02,-2.439791247239905303e+01,1.442760347607216090e+03,1.792673309697343882e+02,-1.510372850210009688e+02,1.252875475360217706e+03,4.316826892618804550e+02,1.207751963185111634e+02,1.163685144256544618e+03,-9.969485675947622383e+01,-1.733338547707921009e+02,1.038430571181290134e+03,5.792876916469676871e+02,2.037099109737459059e+02,9.119034905845968524e+02,-6.035869936198795216e+01,-1.778018001499478657e+02,7.751930580663563433e+02,3.716310652964782548e+02,5.223070517619881059e+01,7.977231809824871789e+02,-2.458461355807441606e+01,-2.319794836329617382e+01,9.167435112815820730e+02,1.259768672002486909e+02,2.021506825324283056e+02,9.241980654173474932e+02,6.860467436781125627e+01,-4.770863597659192124e+01,4.695447705824599325e+02,3.232317107718265561e+02,1.048786751797592132e+02,6.355995300434076398e+02,5.658724680532263296e-01,1.210399620097914308e+01,-9.452032763690590977e-01,-6.449401890227967726e+01,1.621055029168444719e+02,2.977690363261158382e+02,2.657190760564600396e+02,-7.203402379762462715e+01,-2.945719442935528321e+01,1.769283722982825680e+02,1.042005239696597556e+02,1.846624085473087575e+02
4.383060231341097506e+02,-1.667659974186720362e+01,1.421539119469177422e+03,1.882369463720303884e+02,-1.444990111062188873e+02,1.239032039561506053e+03,4.421935947351139475e+02,1.261778582772487596e+02,1.141342414494522927e+03,-9.251429584386507088e+01,-1.635523578648168268e+02,1.029526254946898007e+03,5.793208952050225662e+02,2.078448389045773013e+02,8.855572746475476151e+02,-7.207029672759091454e+01,-1.641252565989755681e+02,7.656507321676450601e+02,3.700588258895149352e+02,6.003757096531300874e+01,7.621588912295790124e+02,-2.429065397476442456e+01,-2.082696576089107410e+01,9.131039794258616666e+02,1.226971245431934534e+02,2.071547358210307834e+02,9.148880116298482790e+02,6.948818057381726021e+01,-4.766753926039037736e+01,4.698749107350340637e+02,3.028044219272752002e+02,1.140896617268209354e+02,6.104100426035560076e+02,3.664187356914290761e-01,1.059770506553084957e+01,-5.407154509437936962e-01,-8.678965797753600953e+01,1.702758743527345757e+02,2.694054218857340857e+02,2.648471120787766608e+02,-7.344814110041018296e+01,-2.980652225693084745e+01,1.596440906781248827e+02,1.165913332768353143e+02,1.609841146245815082e+02
4.516062401998317455e+02,-9.082163260027149576e+00,1.401374239593364564e+03,1.970711241343925337e+02,-1.377418219304174727e+02,1.225345404782400919e+03,4.517977951839268371e+02,1.316352849194422845e+02,1.119497147999724803e+03,-8.568946066605428769e+01,-1.542028775080744936e+02,1.020506012716916644e+03,5.774176805362147888e+02,2.132463657014892533e+02,8.586085818106049601e+02,-8.487930052271887860e+01,-1.506882061570524911e+02,7.571106560875236937e+02,3.683979983514705623e+02,6.948666137104473250e+01,7.246649195987401981e+02,-2.352654807333117049e+01,-1.776030561766708971e+01,9.090704021374493777e+02,1.195865418810932397e+02,2.123069268552569326e+02,9.050862393199338385e+02,7.129217993273225318e+01,-4.875376791699876833e+01,4.703055667583523132e+02,2.828074274363444829e+02,1.245639399291224123e+02,5.849638122608924959e+02,-1.612112087722602366e-02,8.844476524402764994e+00,-2.028268930758541366e-01,-1.089907192511204954e+02,1.794584659903629813e+02,2.416737575735311623e+02,2.638548174198227230e+02,-7.548025380939911599e+01,-3.043163910239593761e+01,1.420460713995387607e+02,1.292366402445832421e+02,1.373398673956272660e+02
4.649890256684168435e+02,-1.853817300327045281e+00,1.382508999176484622e+03,2.059115704340950970e+02,-1.308239671842108862e+02,1.211859604683132829e+03,4.605164534518961545e+02,1.373628866972431979e+02,1.098378761958105770e+03,-7.926031745292951314e+01,-1.453611326176303180e+02,1.011141173528236777e+03,5.737367709452120152e+02,2.196486839871037091e+02,8.313492792215025702e+02,-9.838427847800225834e+01,-1.378298463505601887e+02,7.490735408244706832e+02,3.663477035528437682e+02,8.081679393155002344e+01,6.858271098117879774e+02,-2.220837545674961078e+01,-1.340707679578863676e+01,9.046658855121928582e+02,1.167583029848003804e+02,2.176957295004191906e+02,8.949969189602804818e+02,7.391053390407094525e+01,-5.023433802452053243e+01,4.705783553197470042e+02,2.638794873690600298e+02,1.360324904588129300e+02,5.597103686078989995e+02,-4.657539686868250040e-01,7.032100215541046140e+00,3.568954112288179326e-02,-1.305432586157415358e+02,1.890244522045856286e+02,2.149050797563443496e+02,2.628965129035867676e+02,-7.759604432874196789e+01,-3.117495537873283595e+01,1.242163815643656619e+02,1.415516557280056702e+02,1.135917299873542419e+02
4.786055951322929900e+02,4.879170126553886710e+00,1.364381521107111666e+03,2.149564483084569417e+02,-1.240112976514053855e+02,1.198224388125764335e+03,4.684444327716943803e+02,1.436486324398786678e+02,1.077793775137140301e+03,-7.302817339114422168e+01,-1.367799556965107968e+02,1.001119588910643188e+03,5.682826615378270390e+02,2.270559822661527676e+02,8.040484510875021442e+02,-1.116646747383508682e+02,-1.255149656761601591e+02,7.413754792871054633e+02,3.635649167232312493e+02,9.434710587166021867e+01,6.467500370405734884e+02,-2.035757310481794491e+01,-7.724173992199327543e+00,9.000086459224355622e+02,1.142645372209513681e+02,2.233507036100902496e+02,8.850498395992676706e+02,7.692132014372212723e+01,-5.121041950181993485e+01,4.704867762918517542e+02,2.463392631539662432e+02,1.479383382789548875e+02,5.356063083366665296e+02,-8.436797080956797146e-01,5.369367678546509204e+00,1.135152785136512021e-01,-1.508953545700194923e+02,1.982544446927275033e+02,1.895277229945966155e+02,2.620632839337804967e+02,-7.932133954133344389e+01,-3.182041198906757273e+01,1.063362555050894116e+02,1.531533933339691771e+02,9.027962875748245608e+01
4.924527120512418037e+02,1.117142567684177124e+01,1.345938040735694813e+03,2.243787381880223109e+02,-1.176279364435249875e+02,1.183950680732287992e+03,4.756512506991853115e+02,1.507026643541234705e+02,1.057264820688833424e+03,-6.669463055089389059e+01,-1.279275839237349430e+02,9.902824589623276097e+02,5.608884652182313175e+02,2.357099385329751726e+02,7.769692658065473552e+02,-1.236408081642177308e+02,-1.133591735248916450e+02,7.342753068183117193e+02,3.597734082835572167e+02,1.103581913334001001e+02,6.086335086979778453e+02,-1.808887002603142946e+01,-1.177496609214442103e+00,8.952573144261521065e+02,1.120625563406893832e+02,2.292485454581468787e+02,8.757005463843206599e+02,7.978491991706498254e+01,-5.097086544994902368e+01,4.699523043547459906e+02,2.301436621825777991e+02,1.597468623296023509e+02,5.136933704141555381e+02,-1.006867484687726355e+00,4.052929281901258562e+00,-4.068254603995224289e-02,-1.696629202999547488e+02,2.068790029958874470e+02,1.659494742972247536e+02,2.613486812544819600e+02,-8.039766063208755043e+01,-3.217986707899825660e+01,8.866992827764266849e+01,1.642496139205451584e+02,6.839872054367327792e+01
5.063957963365508590e+02,1.727105179996665996e+01,1.326125409551299299e+03,2.342685342842952139e+02,-1.118594174581286609e+02,1.168683319135071542e+03,4.821095459129023197e+02,1.585432994938075240e+02,1.036265655993729752e+03,-6.003176773384246445e+01,-1.182852288537860233e+02,9.787683678207113189e+02,5.513420843160057530e+02,2.458637743133763252e+02,7.503533543680321145e+02,-1.335345871905985575e+02,-1.009060699460385706e+02,7.282786327554946411e+02,3.548349847794587504e+02,1.289157804033601451e+02,5.722522963426349634e+02,-1.556840274685840519e+01,5.569104609747092205e+00,8.905170081557948834e+02,1.100236965044150423e+02,2.353731659908380038e+02,8.671809715096331956e+02,8.213576816056050234e+01,-4.926347891875435181e+01,4.690518784722419809e+02,2.149932863748123282e+02,1.713041382404565240e+02,4.945970695231869740e+02,-8.517851929871010919e-01,3.199799132919151745e+00,-4.665232541935512289e-01,-1.867331348519659855e+02,2.154136862098747827e+02,1.444026085017590617e+02,2.606896353407238962e+02,-8.080533507028704321e+01,-3.217113342146166843e+01,7.151783708360751746e+01,1.757296200344677857e+02,4.888403684513221492e+01
5.202611497572036114e+02,2.356739821951001090e+01,1.304318638228251757e+03,2.446103598615586634e+02,-1.066099881704746082e+02,1.152346324334061137e+03,4.876820595381158228e+02,1.669894948081458779e+02,1.014452976950300695e+03,-5.299237697829676108e+01,-1.076951016166704136e+02,9.669903059925180742e+02,5.395847267188212300e+02,2.575498664178890067e+02,7.244041719138224380e+02,-1.411726988952501927e+02,-8.795619315129277993e+01,7.238380258143110950e+02,3.487815843281899220e+02,1.497650960160295313e+02,5.377047079071628559e+02,-1.297136904068701035e+01,1.204415299984691856e+01,8.857705186203018002e+02,1.079860790133160009e+02,2.417911636903042734e+02,8.593589822338894919e+02,8.399417165399897556e+01,-4.634994563801257783e+01,4.679887054099860393e+02,2.005461601542987751e+02,1.830266502497639749e+02,4.782453394000663707e+02,-3.764746222584168800e-01,2.790415719653059679e+00,-1.132188152051996965e+00,-2.022595766229470655e+02,2.250760618861470448e+02,1.248843553305552518e+02,2.600471021418125588e+02,-8.068661530694819817e+01,-3.185479573681200449e+01,5.516104456801831191e+01,1.889053860808245418e+02,3.211833910997274444e+01
5.339205380273807577e+02,3.049947877115337391e+01,1.280506076375469775e+03,2.552918740934024981e+02,-1.014958321324160408e+02,1.135114545835604531e+03,4.921717489505804224e+02,1.757767965136556541e+02,9.918077590619823241e+02,-4.571691292634145753e+01,-9.648996026066929232e+01,9.554617646496212728e+02,5.258595944865168121e+02,2.705260463059051403e+02,6.993013492690535031e+02,-1.469829402241399805e+02,-7.470312480392976795e+01,7.211203284876683028e+02,3.418104101932285062e+02,1.723995989473315262e+02,5.046194535975677127e+02,-1.045613403794945739e+01,1.820156775970197316e+01,8.808911262510010829e+02,1.058252444117457713e+02,2.486833580406818669e+02,8.518062899321973873e+02,8.576155420734760071e+01,-4.281891589236936113e+01,4.670191118955744400e+02,1.866384813367127720e+02,1.957828527964979344e+02,4.639759497368889924e+02,2.790696691897665005e-01,2.674850916399901468e+00,-1.923680245671378186e+00,-2.165489640935046225e+02,2.373158915026039040e+02,1.072531211111933231e+02,2.594620086933975358e+02,-8.023879133511469774e+01,-3.141261902817285545e+01,3.984236495554142721e+01,2.050530239416090978e+02,1.776819827147811282e+01
5.473104886043668103e+02,3.844410539622832346e+01,1.255195714963649834e+03,2.661350270017218804e+02,-9.599548289407707102e+01,1.117272370320840992e+03,4.954114995171293572e+02,1.847301194422850017e+02,9.686378215186564375e+02,-3.845495936439269258e+01,-8.530279651709493294e+01,9.445663991642940118e+02,5.107138080809476719e+02,2.844251146354869775e+02,6.752375681867539470e+02,-1.517209823121004888e+02,-6.159897727011002644e+01,7.199453468923873061e+02,3.342346474737123003e+02,1.962804604463869964e+02,4.726728670669658072e+02,-8.152973990494693624e+00,2.436528853776812298e+01,8.757383858309409561e+02,1.035030907789314369e+02,2.562927905768617052e+02,8.440403266949223280e+02,8.799150179325066290e+01,-3.926777205655578484e+01,4.663627927476168225e+02,1.733971338210543252e+02,2.104990434751735506e+02,4.509533575686683662e+02,8.576056197400013792e-01,2.650789998109295720e+00,-2.673980758459198803e+00,-2.298870570209179789e+02,2.531914170961921684e+02,9.141028311073236523e+01,2.590408080564290572e+02,-7.963543277894490302e+01,-3.107493042514423109e+01,2.580194379579809194e+01,2.249732047628685052e+02,5.038920201278776823e+00
5.603905494044499846e+02,4.760030751434813823e+01,1.229135421143465237e+03,2.769423138583076707e+02,-8.969713314468255305e+01,1.099065015112257242e+03,4.973514175773294710e+02,1.938727136285287429e+02,9.454451810670778968e+02,-3.145444153527017050e+01,-7.470931890068592907e+01,9.343939986521987748e+02,4.948430818496092911e+02,2.989562400771346233e+02,6.524304603508390983e+02,-1.561055293316159975e+02,-4.909413408585867700e+01,7.198776862733984672e+02,3.263837776012501877e+02,2.210601489218244637e+02,4.420294072297244270e+02,-6.155249128932652525e+00,3.093917723849645185e+01,8.702765846616857743e+02,1.010669690634214959e+02,2.647983048207898378e+02,8.357915374219163596e+02,9.106804271214777202e+01,-3.604124057089512689e+01,4.661308939307438663e+02,1.611822384170900477e+02,2.276847610164695368e+02,4.386266634838526670e+02,1.081029466765039970e+00,2.560339422434168899e+00,-3.219916516830668485e+00,-2.423839907294893123e+02,2.728874209816628422e+02,7.742284796220981491e+01,2.588799427606469976e+02,-7.899731352851465260e+01,-3.102778562419413788e+01,1.332297444108174922e+01,2.487240136256540950e+02,-6.822267494411467403e+00
5.730973835732401085e+02,5.790351363434290732e+01,1.202997313856984647e+03,2.875529948772909279e+02,-8.251791444755470195e+01,1.080616220855596794e+03,4.981015649994114938e+02,2.033829591091626980e+02,9.227124115357235041e+02,-2.486960827553213704e+01,-6.497290153590414263e+01,9.247279025446933929e+02,4.788585324237750456e+02,3.139775777773808727e+02,6.310657227179242454e+02,-1.605600795481575744e+02,-3.746925773563610562e+01,7.203934272870359337e+02,3.184720960477384324e+02,2.466646045819086055e+02,4.133692379107177430e+02,-4.500576036428266313e+00,3.808003070955587788e+01,8.646349813217988185e+02,9.860390429381286026e+01,2.741717059868420847e+02,8.271346296379172145e+02,9.498185535093226406e+01,-3.317018792266171801e+01,4.663000694346031310e+02,1.503944746823943888e+02,2.471344667577259600e+02,4.269593285784335421e+02,7.742944205604641583e-01,2.334624962261097725e+00,-3.459968721880463782e+00,-2.539126472705389403e+02,2.955994387877689178e+02,6.548525087331206862e+01,2.589872095784695603e+02,-7.839822477191897576e+01,-3.134171604331210048e+01,2.717210027959362950e+00,2.755865727482337206e+02,-1.808322411217730163e+01
5.853499105372350186e+02,6.902571100807479354e+01,1.177156888873321350e+03,2.978992673741980184e+02,-7.476348364922969836e+01,1.061925329896704170e+03,4.979079120455349994e+02,2.134242725120373052e+02,9.006985464929318823e+02,-1.871348568984516447e+01,-5.604530601936188816e+01,9.151863798302206305e+02,4.630938862268079106e+02,3.294011122632804245e+02,6.111817387389883152e+02,-1.651620237299698317e+02,-2.684808289313745533e+01,7.210568867298248961e+02,3.104908344629531030e+02,2.732129364935631770e+02,3.874815313329905280e+02,-3.140327227089064532e+00,4.554563364809708759e+01,8.590657624414145630e+02,9.618699084748364214e+01,2.840991729507707078e+02,8.184172391578698580e+02,9.933366640543319193e+01,-3.050784333334687304e+01,4.667387118648812816e+02,1.412643849897573887e+02,2.679842607702324813e+02,4.163366353384209901e+02,-5.125794763125178510e-02,1.963489173274885147e+00,-3.388328927372668886e+00,-2.641612010997561697e+02,3.198564289941706420e+02,5.574357895019684150e+01,2.592614121033813035e+02,-7.787246578908040817e+01,-3.195526930242310470e+01,-5.769175545777001979e+00,3.042754403148489359e+02,-2.839421227849257789e+01
5.971058861744850219e+02,8.050479342386104520e+01,1.151634892686132389e+03,3.080398473687196770e+02,-6.696923076574267952e+01,1.042921451666867142e+03,4.970716018207072580e+02,2.239851116808621043e+02,8.793408253357368949e+02,-1.285663630832963555e+01,-4.775129204954964734e+01,9.054435302461749870e+02,4.475440840527045339e+02,3.450648147767176397e+02,5.925729906977730934e+02,-1.697595607688738824e+02,-1.729646275958673129e+01,7.216771896209256738e+02,3.021979046245920131e+02,3.008775083207260082e+02,3.647439714946411300e+02,-1.917882305212159855e+00,5.280898162952843222e+01,8.538236296170213109e+02,9.385383732343777297e+01,2.940289248340927202e+02,8.100509420889611647e+02,1.035499739136886035e+02,-2.792262993271129901e+01,4.672667186339630803e+02,1.337541417004649134e+02,2.891148164719499505e+02,4.072717454964467265e+02,-1.201285681195779498e+00,1.435901925357267794e+00,-3.093395182900085860e+00,-2.727520973178955614e+02,3.441676720335054824e+02,4.811366653022569295e+01,2.595483166862786106e+02,-7.740206680889941993e+01,-3.271926333306753065e+01,-1.206186900265959494e+01,3.333665611261210984e+02,-3.701432773875745852e+01
6.084127298576829617e+02,9.197448463640191108e+01,1.126197276002273384e+03,3.181426762754799711e+02,-5.959209419040464439e+01,1.023548657591769938e+03,4.958505072616923712e+02,2.348750142528337506e+02,8.583163652689843275e+02,-7.064267323498916618e+00,-3.996413399296135793e+01,8.954255681992217433e+02,4.319561414737354994e+02,3.607456119492752578e+02,5.748085185339961072e+02,-1.741332374448184055e+02,-8.865496574573752397e+00,7.224222490344593552e+02,2.932468871925321992e+02,3.297998495653888540e+02,3.449046019460847106e+02,-5.932396224844262989e-01,5.935676575720636095e+01,8.490412657721711867e+02,9.162568638068046312e+01,3.033494443578038613e+02,8.023041933551617149e+02,1.071665243876753664e+02,-2.538781237795175727e+01,4.677201991806103365e+02,1.276292701353750090e+02,3.096913320091367723e+02,4.001307774321495003e+02,-2.383874787437491261e+00,7.161447269646605829e-01,-2.721560076224969205e+00,-2.793437611688964353e+02,3.677126505111326082e+02,4.223027915658265385e+01,2.597357852002064647e+02,-7.689649983180977699e+01,-3.347432811388787854e+01,-1.627293693769768268e+01,3.618265246315654622e+02,-4.323581463758659993e+01
6.193908392407611245e+02,1.033774129619350646e+02,1.100544095448905864e+03,3.284073444922219664e+02,-5.272470378438920591e+01,1.003853000304045850e+03,4.943903031130211048e+02,2.459051820759205782e+02,8.372328261489531087e+02,-1.061078620111074677e+00,-3.264565392678243683e+01,8.853989474185846120e+02,4.160192870475664222e+02,3.763501962368803788e+02,5.574008367683107963e+02,-1.780986306974659499e+02,-1.548621243389573632e+00,7.238486292345899074e+02,2.834113892963920307e+02,3.600912533911103992e+02,3.273468303537357542e+02,1.063810013409147048e+00,6.498144094880636601e+01,8.446729833343230212e+02,8.953849558126428576e+01,3.116313822598903585e+02,7.952096822803998748e+02,1.100080905610930131e+02,-2.291770022792001882e+01,4.679996569430600744e+02,1.226402016526558896e+02,3.295411409700624290e+02,3.950272264828343509e+02,-3.328368475874617705e+00,-2.247061908267102837e-01,-2.416393776133820559e+00,-2.836599625788678054e+02,3.907342348920312247e+02,3.756299871741415330e+01,2.598241264030264688e+02,-7.620363825874078145e+01,-3.411621157886462186e+01,-1.858176141307092522e+01,3.894254486115337386e+02,-4.675452639833242330e+01
6.301430687595621976e+02,1.150221109790465874e+02,1.074481395289511283e+03,3.389573701890775510e+02,-4.599995671607624814e+01,9.840271228135949286e+02,4.927128672914289496e+02,2.571256738249504679e+02,8.158362991474218688e+02,5.392691854694072973e+00,-2.577576626502454005e+01,8.759153506522982298e+02,3.995581940871217625e+02,3.921338068804037107e+02,5.400548726322119819e+02,-1.815296824080319027e+02,4.755697316436170219e+00,7.267996642738247601e+02,2.727737296619965832e+02,3.918632266131057804e+02,3.116363230825679693e+02,3.141253378778572802e+00,6.989833398666333153e+01,8.405302271096043114e+02,8.764806694130049891e+01,3.188217349040732529e+02,7.886039160192909776e+02,1.121799704260858306e+02,-2.043714323899152774e+01,4.680909869412790840e+02,1.186729301758077071e+02,3.491588800266785029e+02,3.918766785372763479e+02,-3.878019579404334394e+00,-1.361865224425049981e+00,-2.252944201378538125e+00,-2.854651314189911204e+02,4.144175836846652601e+02,3.360694249771288611e+01,2.599248719563157124e+02,-7.517604880977583548e+01,-3.461502726677854014e+01,-1.905566676806549253e+01,4.168144112079539809e+02,-4.780308102672293558e+01
6.406500100444661712e+02,1.274314092218814665e+02,1.047984466645383918e+03,3.497615669577205608e+02,-3.873894695248252162e+01,9.643669477321229806e+02,4.907545707808118891e+02,2.689258191594657887e+02,7.941106145804795915e+02,1.243777337408536710e+01,-1.928148916671867852e+01,8.676339572556883013e+02,3.826394867625112397e+02,4.087339195515258439e+02,5.228558620941963682e+02,-1.843473835979783928e+02,1.018990427993869829e+01,7.321664210715161971e+02,2.617370028874876198e+02,4.252284853529152429e+02,2.979276730169162306e+02,5.491144645984943118e+00,7.464274226281403912e+01,8.363758054168206399e+02,8.599738144763372816e+01,3.252920948056013799e+02,7.822337230577542186e+02,1.139146335529876950e+02,-1.772112481249082094e+01,4.680544405699357071e+02,1.157491896023258278e+02,3.693525753235019806e+02,3.904915070524214116e+02,-4.020998744282367809e+00,-2.608632609372028011e+00,-2.196005918263341794e+00,-2.845553909308985112e+02,4.403034827775232998e+02,3.000535028376347668e+01,2.601877029883845012e+02,-7.376827197040138628e+01,-3.498924868561294943e+01,-1.754500339875645309e+01,4.452005385106851918e+02,-4.702281717022224683e+01
6.507287930213128675e+02,1.410707258020698589e+02,1.021130536807776934e+03,3.606321800509111881e+02,-3.025034693271219410e+01,9.451360041435389121e+02,4.884210035348137922e+02,2.818916015959090373e+02,7.722163840830912704e+02,2.008792425158429751e+01,-1.303933179313816737e+01,8.610901065326719390e+02,3.655546038493922083e+02,4.269319986916207768e+02,5.062803569118925111e+02,-1.865186499651298675e+02,1.481937837666411006e+01,7.405852691591990151e+02,2.508224774885308648e+02,4.602708309498569292e+02,2.869278192525061968e+02,7.749555457843292139e+00,7.983386966445011979e+01,8.320174297854889574e+02,8.457106492873808179e+01,3.317132550934215374e+02,7.758494290498081227e+02,1.153944312141843795e+02,-1.447441399103680837e+01,4.679835275813207431e+02,1.138722487438654554e+02,3.907610655875992052e+02,3.906097353978075262e+02,-3.863288965729107183e+00,-3.862566424019254541e+00,-2.109680517740132988e+00,-2.808108183181413438e+02,4.695434649864102425e+02,2.652508368648861037e+01,2.607005206018405943e+02,-7.210336441198856505e+01,-3.526672334844364087e+01,-1.373090811929055555e+01,4.757776054400419525e+02,-4.519000915817790798e+01
6.600883572018462928e+02,1.561310450155399963e+02,9.939685864516269476e+02,3.712989176786799703e+02,-2.011223446779570878e+01,9.264047652506789063e+02,4.856259041330947070e+02,2.964917836183182658e+02,7.503318442106517523e+02,2.824878962552208606e+01,-6.927422620348706594e+00,8.565066149107680076e+02,3.487117316686209278e+02,4.472698638202384132e+02,4.910222637442083169e+02,-1.880637390275833241e+02,1.856838080201922736e+01,7.522065861585816720e+02,2.403704328080068535e+02,4.970260389598972210e+02,2.794685672598550923e+02,9.481772486019789170e+00,8.595084258085705642e+01,8.273568381763641355e+02,8.327727650618471955e+01,3.388178326847269091e+02,7.692506726057198421e+02,1.166584521299105859e+02,-1.050160663868616417e+01,4.679502882339687062e+02,1.128401559868704140e+02,4.135401434366183366e+02,3.918559318453949913e+02,-3.573159155706894463e+00,-5.071069381937025611e+00,-1.823897701245331904e+00,-2.742755498567530594e+02,5.023889896383148539e+02,2.292969921494535512e+01,2.614241501526161642e+02,-7.045736890170300626e+01,-3.546784648994631794e+01,-7.279960349723889834e+00,5.092121479336121865e+02,-4.295688425525003140e+01
6.684441836914674013e+02,1.725024730865857236e+02,9.664417641676967605e+02,3.815101173038584079e+02,-8.296111944855779186e+00,9.079779288594506852e+02,4.823046818098903259e+02,3.127972007806318402e+02,7.285253770224891241e+02,3.677732120920424563e+01,-8.446758112963808074e-01,8.537301510973862833e+02,3.325114974222996693e+02,4.697709840455894437e+02,4.777350839606046407e+02,-1.890325921070597985e+02,2.129924351051442244e+01,7.666544998258815440e+02,2.303505324609042475e+02,5.354972164016264742e+02,2.760306644207291242e+02,1.038417594942862721e+01,9.323033262331288995e+01,8.223886981309168505e+02,8.197857198449766258e+01,3.471657240317720152e+02,7.623039377605198297e+02,1.176262951295012442e+02,-5.840234957419142781e+00,4.679666847678144563e+02,1.121830387028161340e+02,4.373875991720267962e+02,3.937195762961654850e+02,-3.326265815393249170e+00,-6.261630595361397766e+00,-1.228221878069995610e+00,-2.651797678310297783e+02,5.381608404702258213e+02,1.887656944252620050e+01,2.622007331251071491e+02,-6.916051862624874502e+01,-3.561870216128634326e+01,2.014598350343783650e+00,5.454418569544757247e+02,-4.071689137473668296e+01
6.756158273233680802e+02,1.899383347668634769e+02,9.384403613070409165e+02,3.911018701609178265e+02,4.907580810375089087e+00,8.894856424221181896e+02,4.784140681111623508e+02,3.304246230818104664e+02,7.067579637755380872e+02,4.555982419216108070e+01,5.349008876617944885e+00,8.523147849883541767e+02,3.172701223876987342e+02,4.939541740887754031e+02,4.668236778081665079e+02,-1.894192131929299592e+02,2.299672610215062107e+01,7.831980771267706132e+02,2.204262544663517644e+02,5.756719757514410958e+02,2.765545957504123180e+02,1.043552152459458782e+01,1.017056259085926087e+02,8.171707565251608685e+02,8.055565480385951105e+01,3.570135661705303391e+02,7.549625703930391865e+02,1.181940586300313072e+02,-7.493675575010989576e-01,4.679866115528778323e+02,1.112926998481518126e+02,4.618491546736244118e+02,3.956301846335098844e+02,-3.263100680107863916e+00,-7.505945837974204338e+00,-3.385125856591742477e-01,-2.538476494748639425e+02,5.756647452842109942e+02,1.394098393460207852e+01,2.628277796733104879e+02,-6.846377441918700413e+01,-3.577061656025315273e+01,1.419087157716804271e+01,5.838473540190684616e+02,-3.860943458977284592e+01
6.815502524918481413e+02,2.082804056667979467e+02,9.099596092893795003e+02,4.000064692264121504e+02,1.910065401246240668e+01,8.706035446018711355e+02,4.739331616987139455e+02,3.487506849606514834e+02,6.850075334926150390e+02,5.457900578024499083e+01,1.191725604590279097e+01,8.516996614420880860e+02,3.032062294035883383e+02,5.191319377579471848e+02,4.583660120569464880e+02,-1.890301898292601095e+02,2.390341634789989556e+01,8.010296278618435508e+02,2.102412270942166970e+02,6.174817135214678956e+02,2.806078693727864106e+02,9.918418613473738432e+00,1.113269863512196594e+02,8.117861490784206353e+02,7.896129872591626508e+01,3.683260211747162884e+02,7.472894801677297210e+02,1.183262840374048182e+02,4.453277251995205965e+00,4.679458479623452263e+02,1.096691348403938662e+02,4.866801698480600749e+02,3.971197121323263559e+02,-3.457614342528068097e+00,-8.836959838421240221e+00,7.087838655594898007e-01,-2.405242606995755636e+02,6.137855405414342158e+02,7.763816057181077035e+00,2.631501168932272776e+02,-6.843617167056223138e+01,-3.599659156643230062e+01,2.916772017830905739e+01,6.236494177542099351e+02,-3.660770450415122923e+01
6.862750572190462890e+02,2.275850932442100998e+02,8.812449513480457881e+02,4.082154962807850325e+02,3.400694718852165721e+01,8.512650485636623898e+02,4.688717100662200892e+02,3.672682676135411270e+02,6.634103742499960390e+02,6.394540597011749128e+01,1.923781223705125853e+01,8.513901984063196551e+02,2.904644061482256348e+02,5.448033815238526358e+02,4.521643287055425162e+02,-1.873695708816552781e+02,2.445578307011065533e+01,8.194885981631906589e+02,1.997327100813189418e+02,6.606859680504586549e+02,2.877045418064982414e+02,9.303640514220495206e+00,1.220756515459585074e+02,8.063036390938036675e+02,7.722733894464874993e+01,3.808969361921556356e+02,7.394509981880660234e+02,1.180911080235509587e+02,9.604514359352190667e+00,4.678081359352822233e+02,1.071207804574294045e+02,5.120354437578806710e+02,3.979730974025270029e+02,-3.897887237562365659e+00,-1.017852700531718746e+01,1.736823999057189427e+00,-2.252288170252444672e+02,6.519350724104900792e+02,2.172774401711823067e-01,2.631162527000108753e+02,-6.893830370887599202e+01,-3.635818571757515372e+01,4.681322790681691259e+01,6.642892456679637689e+02,-3.461879865513937915e+01
6.898381170554929440e+02,2.480675493582957358e+02,8.528054765580118328e+02,4.157381570085571525e+02,4.960431818609785637e+01,8.317271656471896222e+02,4.632822754972614234e+02,3.858699350088739948e+02,6.423032527388691051e+02,7.388555890464670028e+01,2.763018719317007310e+01,8.510749504759661477e+02,2.791376011332107510e+02,5.709031647501041107e+02,4.478746957105674937e+02,-1.836143488575646643e+02,2.500941123886831718e+01,8.381271839203820946e+02,1.892536397117217746e+02,7.047528329675832310e+02,2.975098813529660333e+02,9.058226340872124638e+00,1.340099022254271688e+02,8.007372007768491358e+02,7.542148066950647944e+01,3.945056668837620464e+02,7.316562972526663771e+02,1.176352959444559900e+02,1.482030865617880622e+01,4.675802881987407886e+02,1.037872728596621670e+02,5.383958511870462189e+02,3.982594038400524141e+02,-4.488914588075594736e+00,-1.134685285121172349e+01,2.635007483711696796e+00,-2.077457325275620974e+02,6.901496919741185820e+02,-8.531784786111646923e+00,2.627743841288679505e+02,-6.967680882286980193e+01,-3.686504597583076759e+01,6.696144621597746038e+01,7.055980494965139087e+02,-3.255120167389213037e+01
6.922910867506608383e+02,2.699023601211962387e+02,8.252726452995996169e+02,4.225874870502601652e+02,6.609516711338881123e+01,8.124572900558814581e+02,4.572695779617461085e+02,4.048905539246173930e+02,6.221314369319910611e+02,8.469734811162031463e+01,3.709181510341994681e+01,8.506643984947783110e+02,2.692685757731093759e+02,5.977741489193465441e+02,4.451590814545833155e+02,-1.767253663261972747e+02,2.551713070806039241e+01,8.566401292859719661e+02,1.794221557179727142e+02,7.488629158704933388e+02,3.098253954880927381e+02,9.467740310883099752e+00,1.472336254788477561e+02,7.950185245413728126e+02,7.358644605162508867e+01,4.090306199362394182e+02,7.240587005920115189e+02,1.171304265846561634e+02,2.045244853195787016e+01,4.672840082479636408e+02,9.997781904234392414e+01,5.663062515610270111e+02,3.982225225566797917e+02,-5.087506155098685312e+00,-1.213631973720317347e+01,3.422183313278539973e+00,-1.877930892978787938e+02,7.288372874096520491e+02,-1.809764733451395458e+01,2.622230967038273661e+02,-7.030688285390438352e+01,-3.745801791163798100e+01,8.935384927983594139e+01,7.476989117365606035e+02,-3.033095814175014127e+01
6.937242853481782277e+02,2.930109760390296287e+02,7.992009820632308674e+02,4.287957320964446239e+02,8.374039242162091057e+01,7.939368212032877636e+02,4.509902080408849656e+02,4.248924670606259610e+02,6.032952802995661159e+02,9.668905899526902203e+01,4.713237837814826747e+01,8.502764485089599020e+02,2.608370510738176336e+02,6.259105881458899603e+02,4.438205822301354715e+02,-1.656824062773480932e+02,2.539791402135163523e+01,8.747736012209510363e+02,1.708145646347151683e+02,7.921184420879407071e+02,3.244625206126628427e+02,1.054744471235269820e+01,1.618242001917479058e+02,7.890047909452164276e+02,7.170428891673545024e+01,4.244759445514483787e+02,7.166738188537107135e+02,1.167226048688610831e+02,2.691043234596975253e+01,4.669066959616241661e+02,9.594272469372742762e+01,5.960934969856270982e+02,3.981180876572193483e+02,-5.561798064798169072e+00,-1.244128209722843614e+01,4.221571282969293293e+00,-1.652997108901379590e+02,7.683504963276001263e+02,-2.801756417203178628e+01,2.615564172487901828e+02,-7.053374296143475419e+01,-3.803100739635410577e+01,1.135396849337719516e+02,7.907310863714111520e+02,-2.786314346794003072e+01
6.943061547109909952e+02,3.169820215920843225e+02,7.749484837351471924e+02,4.344329223925538486e+02,1.026671466018118366e+02,7.765225108340816860e+02,4.446379075719979141e+02,4.463367155177118661e+02,5.860510651372104576e+02,1.101144598097935869e+02,5.688173804527988153e+01,8.501945843693292773e+02,2.537548367635593252e+02,6.556481649344950711e+02,4.438899799966441719e+02,-1.497745970737232142e+02,2.374293663646642116e+01,8.923153643097352870e+02,1.637230651696675068e+02,8.338969467937530453e+02,3.411826796498336307e+02,1.207238302675801656e+01,1.777763081954024074e+02,7.825302139204508194e+02,6.970718060237368263e+01,4.409204274745814587e+02,7.093664381219033430e+02,1.164993460582143427e+02,3.446694661483510203e+01,4.663691076528280064e+02,9.173066811154724576e+01,6.277184696003329236e+02,3.981123319654391821e+02,-5.844702816186166494e+00,-1.233508949790843445e+01,5.160980696941950718e+00,-1.406417559304633471e+02,8.086322487461145556e+02,-3.784960187457317460e+01,2.608394295070235671e+02,-7.017562762620302408e+01,-3.848152582250791198e+01,1.388055333822122179e+02,8.345771822511966320e+02,-2.496147487668675069e+01
6.942735009704679214e+02,3.412026405373153466e+02,7.526995295220735898e+02,4.396029319195965286e+02,1.227845076397539543e+02,7.604372148132406437e+02,4.384159856973504930e+02,4.693478677621556585e+02,5.705246223580760443e+02,1.251179291138307548e+02,6.548753476279652830e+01,8.508030625731206555e+02,2.478883350797727587e+02,6.869804581115581641e+02,4.456278536641514165e+02,-1.288421645367928647e+02,1.980448945907899727e+01,9.091685369874144271e+02,1.581328076229768271e+02,8.741516966592890867e+02,3.597693105203741766e+02,1.370449930405024652e+01,1.950038660833802453e+02,7.754798386092846840e+02,6.752079539410202358e+01,4.584384565582316782e+02,7.019136173971335211e+02,1.164731070778016431e+02,4.316779091886238717e+01,4.655324799117008752e+02,8.720793927542189294e+01,6.608179936896416393e+02,3.982840190819864574e+02,-5.946010752173487290e+00,-1.205005909708082434e+01,6.264810876442075127e+00,-1.146963635490204325e+02,8.491132316287331605e+02,-4.718074306568485099e+01,2.601236326219215584e+02,-6.917861010153052348e+01,-3.876224574504855980e+01,1.641916661403824094e+02,8.787612900845500690e+02,-2.130726510349611047e+01
6.938661872392634677e+02,3.651591860863089778e+02,7.325688636592982448e+02,4.444166314048081290e+02,1.438740831762653727e+02,7.458473825358337308e+02,4.325081969343967785e+02,4.937065953920443917e+02,5.567938729506894333e+02,1.417145952945968190e+02,7.261747480142444999e+01,8.524914180759816418e+02,2.431105416390301741e+02,7.195763046084770167e+02,4.494192962818573278e+02,-1.033681660035551602e+02,1.353473188829541307e+01,9.254133799009887298e+02,1.538933999994080750e+02,9.134487333274873890e+02,3.801449656489944573e+02,1.515556547894793482e+01,2.134020535616980681e+02,7.678442354575901163e+02,6.510431855272680934e+01,4.770455277344362912e+02,6.941035986822500945e+02,1.165802560839839828e+02,5.289322575064748122e+01,4.642369068783292505e+02,8.219219709099748172e+01,6.948783764783688639e+02,3.986727389222630222e+02,-5.912913040487350003e+00,-1.186122923317379119e+01,7.414101872529301751e+00,-8.867045615861090369e+01,8.888803216527965105e+02,-5.559614498152814122e+01,2.594795151400154509e+02,-6.759722829874216643e+01,-3.890422548429696548e+01,1.885936145513499582e+02,9.225764403447805080e+02,-1.650503095496927841e+01
6.932545521358498490e+02,3.887586014980023492e+02,7.146643213038722706e+02,4.489646893145824720e+02,1.658037310097038812e+02,7.329254681340166826e+02,4.270642696562381957e+02,5.190497700950571698e+02,5.449438544958817374e+02,1.598291266826215917e+02,7.878515090657315056e+01,8.555370451942325190e+02,2.393654114164150428e+02,7.529429481824280401e+02,4.555884568375061008e+02,-7.436217918568493701e+01,5.896150344604568438e+00,9.412524469379118273e+02,1.509192689548760029e+02,9.526727714489572918e+02,4.024128843502651875e+02,1.631304842347801554e+01,2.329297369829452293e+02,7.597223135410454233e+02,6.245724927041975860e+01,4.966881410509597572e+02,6.858155860632808754e+02,1.166989107082535639e+02,6.352226963343252919e+01,4.623430436981969933e+02,7.658103355286678493e+01,7.294231517043315307e+02,3.992939543141828835e+02,-5.765624446502615186e+00,-1.193353413191868384e+01,8.408322002518456628e+00,-6.379518294157518454e+01,9.269849364645473315e+02,-6.269495111893148476e+01,2.590105795212499515e+02,-6.556249592119819170e+01,-3.899711773157611105e+01,2.108878800303131982e+02,9.653642893699079650e+02,-1.024399932525741086e+01
6.925151385198512344e+02,4.124901297887265059e+02,6.990413159660895417e+02,4.533093954194222874e+02,1.887240134528892952e+02,7.218324185424248753e+02,4.222073874953901509e+02,5.451313003469941805e+02,5.350380955522946351e+02,1.793845804819126215e+02,8.530222737935179111e+01,8.600070231144843547e+02,2.367171357330815908e+02,7.866081751837293723e+02,4.642211349332335999e+02,-4.305457010328015599e+01,-1.226213334597995974e+00,9.568260683902518622e+02,1.492615709521218719e+02,9.925372938176185471e+02,4.267972240033330422e+02,1.727768861039805870e+01,2.536571093099389600e+02,7.512698181691363288e+02,5.959146020414461020e+01,5.172614018102037790e+02,6.770464610811535522e+02,1.166889677155167959e+02,7.509366485606244623e+01,4.597532035752183788e+02,7.038397344563436775e+01,7.641228033425293233e+02,4.001026028582863319e+02,-5.452994989862816055e+00,-1.221270017975822597e+01,9.094304649181616185e+00,-4.105110603081469378e+01,9.627167434460666300e+02,-6.818565465665022884e+01,2.588281443479426116e+02,-6.325194949346857953e+01,-3.913619475055237729e+01,2.300136429787204690e+02,1.006798057106573083e+03,-2.491440258780150074e+00
6.916658925034777212e+02,4.373129698820281419e+02,6.855993274113003508e+02,4.574914510568212904e+02,2.131101270799214831e+02,7.126439267942866991e+02,4.180521883174369577e+02,5.719758480640191465e+02,5.270385417016809697e+02,2.003850571439520252e+02,9.386729180296845243e+01,8.657354238441555481e+02,2.353571379869555358e+02,8.202128860684310894e+02,4.750973560168341692e+02,-1.051073953148339335e+01,-5.492142187211732640e+00,9.720046319098687491e+02,1.490244250827042833e+02,1.033156343392466852e+03,4.535524733874280514e+02,1.830525513010805838e+01,2.757439725987439942e+02,7.426215379836778538e+02,5.649536195554028239e+01,5.386288807057595704e+02,6.678829033132121822e+02,1.164489013777040327e+02,8.786465384043495419e+01,4.564068624263688889e+02,6.365909770311569105e+01,7.988104481808296669e+02,4.009553118534774399e+02,-4.859043500300722407e+00,-1.241585325827952957e+01,9.479846019040229166e+00,-2.105670131922619603e+01,9.957399068163347238e+02,-7.201245093497081484e+01,2.589971909890619486e+02,-6.086455319943566167e+01,-3.936692690277092765e+01,2.449955914893575653e+02,1.047043158972669971e+03,6.389121876832509983e+00
6.907233949336604155e+02,4.642909119892501053e+02,6.740413946938139134e+02,4.615316957239402882e+02,2.396064264311933414e+02,7.053032743631483754e+02,4.147116306755464734e+02,5.998420581542758327e+02,5.207607689872269248e+02,2.229163813163927443e+02,1.059929084255162195e+02,8.724072826234998956e+02,2.355515362213806441e+02,8.534878375792709448e+02,4.877748519061454999e+02,2.266321910824398955e+01,-4.769146275557110570e+00,9.863127387097886185e+02,1.502247720721773874e+02,1.073895926010923176e+03,4.829069305537541368e+02,1.968666184389157081e+01,2.993555718883890790e+02,7.338278703035057333e+02,5.312384914869430474e+01,5.606410735454265932e+02,6.584396840582999175e+02,1.159694714270926283e+02,1.022301196960385568e+02,4.522622805700264053e+02,5.643169175189912323e+01,8.334486518794725498e+02,4.016278492537318243e+02,-3.857632831475118262e+00,-1.212565583331635288e+01,9.755721496308661145e+00,-4.138375097020082549e+00,1.026097406102976947e+03,-7.442669482263052316e+01,2.594874183171231721e+02,-5.859589846851179118e+01,-3.966135567287768993e+01,2.549609439609523065e+02,1.086745740410358621e+03,1.565542254996350735e+01
6.897370922334667966e+02,4.941341411678822624e+02,6.639780426277268361e+02,4.654164539456625107e+02,2.687569753929819854e+02,6.996651011218112899e+02,4.122830499299495273e+02,6.290380143452777020e+02,5.159287160898043112e+02,2.470316168991462860e+02,1.225355942280857136e+02,8.797238409245859430e+02,2.375364293888214036e+02,8.861743417934262652e+02,5.017708122109578426e+02,5.637838108667619252e+01,2.266618170276597954e+00,9.990704619629073022e+02,1.527204218810170460e+02,1.113556754380898383e+03,5.150263155328625544e+02,2.162040202972263359e+01,3.245594579311306234e+02,7.248355783963839940e+02,4.942749223488359434e+01,5.831728610576153642e+02,6.487919639504052611e+02,1.153550147432696775e+02,1.185442492103809400e+02,4.472785569194305140e+02,4.867551272281853159e+01,8.680975392622592608e+02,4.018947414034850567e+02,-2.381987966775031218e+00,-1.094074501510917230e+01,1.020635173787296424e+01,9.517280741100723418e+00,1.054144826518944910e+03,-7.594797479639403548e+01,2.601657492790087076e+02,-5.661102503247110462e+01,-3.994276031813744510e+01,2.592232713713565317e+02,1.126863799682382933e+03,2.431977205690750310e+01
6.887869624804648083e+02,5.268743063637452906e+02,6.551401563037809410e+02,4.690770712358685159e+02,3.007802413301205320e+02,6.956169503202092983e+02,4.108275694148941852e+02,6.597169890881179981e+02,5.123170229620606051e+02,2.725771852190031268e+02,1.435166159802798234e+02,8.875701757133501815e+02,2.414051053268738087e+02,9.179811486987687204e+02,5.167394211611791661e+02,9.086963655668824913e+01,1.581666409692870801e+01,1.009686844475158864e+03,1.562578468573283601e+02,1.150766234886388474e+03,5.499383442556085129e+02,2.412610795343837822e+01,3.512593020421059578e+02,7.155159993335870467e+02,4.540232997850397823e+01,6.061945509288690346e+02,6.389269638862407419e+02,1.147915786771177267e+02,1.369424611454305420e+02,4.414016772342878880e+02,4.037147792301967542e+01,9.028954356397889569e+02,4.016255457031081164e+02,-4.658601876014408782e-01,-8.610710594707700949e+00,1.105771819815515045e+01,1.977180409784341819e+01,1.080451703565537628e+03,-7.722391893518998529e+01,2.608462001683914195e+02,-5.502127033162835090e+01,-4.014580061641353836e+01,2.574487649710088704e+02,1.168382863528094504e+03,3.133143530643322805e+01
6.879641998439412873e+02,5.618427185377266824e+02,6.475674590534133586e+02,4.723843198628708819e+02,3.355138767165299214e+02,6.931938741933277015e+02,4.103668388399033802e+02,6.917750420457607561e+02,5.098996414909959753e+02,2.990813345961927894e+02,1.682745521832794111e+02,8.960912738129107993e+02,2.470532178910654295e+02,9.486282401986599098e+02,5.325707865828802596e+02,1.263890604451216007e+02,3.504578746612333617e+01,1.017911018145819867e+03,1.605929945918525164e+02,1.184386006684901986e+03,5.874024953121401040e+02,2.702875510879057686e+01,3.792028412185625257e+02,7.057189404899445435e+02,4.112331624558580501e+01,6.298520049218246868e+02,6.287348567169452735e+02,1.144696560036725259e+02,1.572618271423957879e+02,4.345477340007074076e+02,3.158053380620116357e+01,9.380256605592082906e+02,4.008385055010801352e+02,1.770357294428052120e+00,-5.096684658641042809e+00,1.234821950531923385e+01,2.658953539200464888e+01,1.105655405647375119e+03,-7.884751886489381434e+01,2.613799568108511266e+02,-5.387812267244500930e+01,-4.027605477815179569e+01,2.498275299169844175e+02,1.211970878980858060e+03,3.575346666276755769e+01
6.873599188362874202e+02,5.979627818580046323e+02,6.416389151670535966e+02,4.751668263462255481e+02,3.725364858860384061e+02,6.925933153370476703e+02,4.109049522310815519e+02,7.248873913447984023e+02,5.089101844607639009e+02,3.258030901001026223e+02,1.958551719600366425e+02,9.056191165559025649e+02,2.542237442154152802e+02,9.779464215605520394e+02,5.494037499503555182e+02,1.629780254005926565e+02,5.852611326263731684e+01,1.023840333517126282e+03,1.655869885347148909e+02,1.213793088199623753e+03,6.267937498852162435e+02,3.002156444529057921e+01,4.080584030356751555e+02,6.953224263812073787e+02,3.673605944296463122e+01,6.544923964063040103e+02,6.180505774741310461e+02,1.145003225133389009e+02,1.791024731597773894e+02,4.265803752105263129e+02,2.244486096955896670e+01,9.736434509267198791e+02,3.996797268884095615e+02,4.181585572363238690e+00,-5.394768135418721577e-01,1.389453342528682711e+01,3.020536732318015183e+01,1.130247469954246526e+03,-8.120249969131117496e+01,2.617391176310966898e+02,-5.319018909123965244e+01,-4.043080037330248899e+01,2.371269488141101363e+02,1.257658335350221478e+03,3.691474472019412900e+01
6.870679158182343826e+02,6.341968762532469555e+02,6.379097670351054603e+02,4.772432955411365469e+02,4.113571440079022636e+02,6.940599533330033637e+02,4.124578478748576913e+02,7.586270453978478372e+02,5.097704406369589378e+02,3.519326624345608820e+02,2.254642206969382414e+02,9.164668591772066293e+02,2.626278196282733006e+02,1.005947851209401847e+03,5.675861717255928625e+02,2.004286243849583116e+02,8.485593678827453346e+01,1.027636691543961206e+03,1.711973908305193959e+02,1.238998369186937452e+03,6.671067322058298714e+02,3.279590359517261078e+01,4.375120040484662809e+02,6.842584389037320989e+02,3.241352328539346672e+01,6.805759500743337185e+02,6.067426759468067985e+02,1.148716872478016029e+02,2.019950018015960040e+02,4.172943094029201916e+02,1.308869594804825276e+01,1.009774955454953101e+03,3.983399281991467547e+02,6.673583993112630175e+00,4.837840029053697144e+00,1.537200701494870714e+01,3.127192214117873448e+01,1.154342526029803821e+03,-8.438927812005567830e+01,2.620414089037220720e+02,-5.295039719042407711e+01,-4.076510590077684526e+01,2.205563274167803911e+02,1.304671746961573035e+03,3.452481645854663128e+01
6.871891934129146193e+02,6.699100045813906945e+02,6.368445069952397262e+02,4.784501734238029371e+02,4.515379768269106080e+02,6.976972264138016726e+02,4.150631739611455941e+02,7.925746220569734533e+02,5.129227091034779278e+02,3.768238316816042470e+02,2.567924679847481571e+02,9.286813669330257426e+02,2.720557996666867098e+02,1.032803200671472268e+03,5.876075040813751684e+02,2.384075758807677232e+02,1.131920590699349560e+02,1.029127818367738655e+03,1.773443281546603316e+02,1.260634194510278348e+03,7.071338754209152739e+02,3.520469196754807228e+01,4.673262356405242599e+02,6.725100670260455900e+02,2.830871542886988124e+01,7.084729355048341404e+02,5.948211251406326028e+02,1.154687884739221886e+02,2.255869824756460105e+02,4.064242627989302719e+02,3.481995638475311239e+00,1.046238772447977226e+03,3.969531016964071455e+02,9.256714401875797193e+00,1.084003194276029269e+01,1.646969277007342214e+01,3.084411043348466563e+01,1.177560058497200771e+03,-8.825222567539766771e+01,2.624918882176926900e+02,-5.314689199709142997e+01,-4.142159423252582684e+01,2.014879571681872505e+02,1.351542056529897991e+03,2.871354824098531111e+01
6.878257572825692705e+02,7.049750220329556214e+02,6.385976195174289387e+02,4.786529615632526884e+02,4.926918076677254703e+02,7.033118638390653814e+02,4.187574199197200642e+02,8.263649412969704144e+02,5.186555655934209881e+02,4.001084669379105776e+02,2.900692678302042964e+02,9.418799609538222057e+02,2.823838847358449016e+02,1.058734875336250525e+03,6.099989738901086866e+02,2.766304610552440408e+02,1.434643900105617718e+02,1.027602950052549204e+03,1.836857045802990740e+02,1.279834206756259846e+03,7.457602459715731129e+02,3.740181710740419874e+01,4.973361816015305976e+02,6.600836558789766286e+02,2.453116170876089086e+01,7.382271924692233824e+02,5.825134744346843263e+02,1.161435394547365263e+02,2.497607224427976291e+02,3.936884858661294970e+02,-6.622198522698781176e+00,1.082639252323956953e+03,3.955263409556879424e+02,1.206396494969373734e+01,1.737334073294674397e+01,1.704688568977372398e+01,3.015493663097243271e+01,1.199138806924899654e+03,-9.249268269759100747e+01,2.632688360296990595e+02,-5.373904974870372797e+01,-4.246685595314831829e+01,1.811725800545238769e+02,1.396505049672423411e+03,1.994909544183186156e+01
6.890621023638499310e+02,7.396066467984104520e+02,6.429568340101213835e+02,4.777392738361016882e+02,5.344067584475243393e+02,7.103796666106543398e+02,4.235289043306374879e+02,8.596824291104223903e+02,5.270100097250267481e+02,4.216138208477888156e+02,3.258078782622245626e+02,9.552643792477587112e+02,2.934404211674416842e+02,1.083895857171784428e+03,6.351917398123456451e+02,3.149845998727010397e+02,1.761824662890160482e+02,1.022028365236267405e+03,1.893761451994932088e+02,1.297982847119971211e+03,7.822311490835703580e+02,3.988925981531782838e+01,5.274132427544707298e+02,6.469623154593042500e+02,2.115060604668561695e+01,7.694171636021467293e+02,5.702570147007011201e+02,1.167997756765058028e+02,2.746372910117397623e+02,3.788561426436536408e+02,-1.760702370645306658e+01,1.118438833209683480e+03,3.939269811096642115e+02,1.533708761933705844e+01,2.446269147487241113e+01,1.722576336857740387e+01,3.027155285822126629e+01,1.218279126377270813e+03,-9.682110191517892872e+01,2.644177329802622012e+02,-5.460527822930965414e+01,-4.387460022625293732e+01,1.605905271454560364e+02,1.438047275233286655e+03,8.834446111190699114e+00
6.909370809565199352e+02,7.740713638420800180e+02,6.494624454285876709e+02,4.755968595087984454e+02,5.762048914995990572e+02,7.181528490053386804e+02,4.292669892278074144e+02,8.922611827304992858e+02,5.378041243214125871e+02,4.411267245036638656e+02,3.643458817183228575e+02,9.678110173253671746e+02,3.047899286033447765e+02,1.108303167640795664e+03,6.633588113342867700e+02,3.535665411916195922e+02,2.119429815512364428e+02,1.011637773802542142e+03,1.929186995764307540e+02,1.316308277819808154e+03,8.162573004417662332e+02,4.342888429136938555e+01,5.574594106866655920e+02,6.330557601508066909e+02,1.820938713592138569e+01,8.012201494047708366e+02,5.585867318379697508e+02,1.174592351721096861e+02,3.004817317057458581e+02,3.618138721324534117e+02,-2.980023322225999038e+01,1.153074136235520882e+03,3.919149116371881973e+02,1.938390653432619004e+01,3.223039557358430329e+01,1.739227681710285367e+01,3.179894821958291118e+01,1.234559605741631003e+03,-1.010885943115986976e+02,2.658059765047913174e+02,-5.549064728979091399e+01,-4.556522827728412750e+01,1.404910193324713532e+02,1.475345679028365794e+03,-4.141000882779149350e+00
6.934048586742711677e+02,8.084777344237633088e+02,6.576238072996809478e+02,4.720857270879476459e+02,6.176053587484791478e+02,7.258536077607084280e+02,4.357240320707177261e+02,9.239407567084541597e+02,5.507547790903099667e+02,4.581505060387975163e+02,4.053954957544048625e+02,9.785229794930759226e+02,3.155565268398047465e+02,1.131844521835031401e+03,6.943087794169811104e+02,3.926503181453800835e+02,2.509114018595126083e+02,9.965718510839193414e+02,1.922258344054553163e+02,1.335376555521404725e+03,8.479206956066752809e+02,4.883916806120296172e+01,5.874743743098614459e+02,6.181760179750176576e+02,1.572279420581721077e+01,8.326870980081246216e+02,5.479546588614016400e+02,1.182835785726781381e+02,3.275733611707027535e+02,3.426050815934389675e+02,-4.329127537945421977e+01,1.186071761160509141e+03,3.891802886584654857e+02,2.450351532023943690e+01,4.087776922563521964e+01,1.811820504284839828e+01,3.476943246365427598e+01,1.248217799727502324e+03,-1.053481022372232303e+02,2.671350112266143810e+02,-5.598334111517529976e+01,-4.747420565597320774e+01,1.215482997404406547e+02,1.508394740729509067e+03,-1.877563680163871496e+01
6.962877702897274048e+02,8.427749912459723873e+02,6.671233250711295568e+02,4.670273623293001606e+02,6.582722323229912718e+02,7.328526037121134777e+02,4.424933953813383596e+02,9.547842977744211339e+02,5.656354584638701226e+02,4.718258911718325521e+02,4.478347648083633885e+02,9.865638621833390971e+02,3.243915928434789180e+02,1.154326101645868448e+03,7.274944391871910057e+02,4.325947484803455723e+02,2.925846746262897682e+02,9.781491033511384785e+02,1.849476876120851614e+02,1.354674989961553365e+03,8.774505928799685535e+02,5.676337916887860047e+01,6.176806633569680116e+02,6.020702601536941074e+02,1.366289208130456956e+01,8.631168611448071033e+02,5.385623072055741432e+02,1.195357660808111007e+02,3.561184008077697172e+02,3.214246865158749529e+02,-5.788121555834210596e+01,1.217137323879615224e+03,3.853571150324413566e+02,3.088473914364291772e+01,5.070185469460475503e+01,2.003956945093014852e+01,3.874990214176693826e+01,1.260158589126653396e+03,-1.098216572492891174e+02,2.679491372382935879e+02,-5.553266205060769778e+01,-4.960473380349984041e+01,1.044875164184364138e+02,1.537790761158891655e+03,-3.516241593576631175e+01
6.992427496515465464e+02,8.769330766848275971e+02,6.779298968097111810e+02,4.602468226546163237e+02,6.981581388360627898e+02,7.387362874182127825e+02,4.489950144823214941e+02,9.852079199166864782e+02,5.824013945560507182e+02,4.811258533609142773e+02,4.898700682799686206e+02,9.911387841000910157e+02,3.296055610997522649e+02,1.175516639076592128e+03,7.621324168461653699e+02,4.736651816136237585e+02,3.360028315355527866e+02,9.585250323446366565e+02,1.690071734614502361e+02,1.372535686184689212e+03,9.049739391822014341e+02,6.751454065111731495e+01,6.486377218389396830e+02,5.845150365902062504e+02,1.194023660963490840e+01,8.923511007996860371e+02,5.302913613433909177e+02,1.214778367256257781e+02,3.862453979274398534e+02,2.985699723620264194e+02,-7.320289926168443628e+01,1.246203344528753405e+03,3.800312227848762632e+02,3.850565221298700180e+01,6.213718855836335564e+01,2.372494222508215600e+01,4.309374114534053035e+01,1.271695044159854888e+03,-1.147838334345491944e+02,2.675737209571967128e+02,-5.350529080265072679e+01,-5.203639841983551406e+01,9.006295711249619274e+01,1.564328739243371956e+03,-5.351303701396707169e+01
7.017758922251833837e+02,9.111448150530584371e+02,6.902965005186961207e+02,4.516939629982556994e+02,7.375532930834186800e+02,7.432224467505784560e+02,4.544584778979650537e+02,1.016023736958128666e+03,6.012292990795933747e+02,4.853157624870818836e+02,5.295330257421302349e+02,9.911467892345623341e+02,3.293978884155333731e+02,1.195162528884854510e+03,7.973500100466081904e+02,5.157593841654136213e+02,3.803152371159529253e+02,9.398336123226605423e+02,1.431694721098968159e+02,1.386550634615701938e+03,9.303046619577202136e+02,8.105286100074630440e+01,6.812563986164996095e+02,5.654330492923493239e+02,1.040403290408824510e+01,9.208331083650668916e+02,5.227739206302874209e+02,1.242271748878955435e+02,4.180524656351358885e+02,2.743709191625991934e+02,-8.892781621173193685e+01,1.273414267371407277e+03,3.728036963198086937e+02,4.707639876894150177e+01,7.576502742381035205e+01,2.955044812313625613e+01,4.721902659870413999e+01,1.284141895635568972e+03,-1.204060139666959230e+02,2.649790117007276535e+02,-4.927064468594952729e+01,-5.489691272277839573e+01,7.888845301480104411e+01,1.588638544835702987e+03,-7.387171601138153676e+01
7.033207665036746903e+02,9.458614818586116826e+02,7.046493938231436687e+02,4.416302192187246192e+02,7.770020946360826883e+02,7.459629039815243914e+02,4.579064867390853237e+02,1.048288486233688900e+03,6.224441063712386040e+02,4.845430174350552193e+02,5.653352810972450015e+02,9.848113779869644304e+02,3.220951643856096780e+02,1.212971082012408260e+03,8.322515924213229255e+02,5.581173135667402221e+02,4.253655214998402698e+02,9.231896036880572183e+02,1.074402539447813609e+02,1.394388414013801821e+03,9.527860077315325498e+02,9.706500778816145214e+01,7.166518325274020071e+02,5.449696885017015120e+02,8.870451178507558154e+00,9.493747207770796877e+02,5.155781862342477098e+02,1.276198518343813362e+02,4.516219091058995332e+02,2.491396821439768701e+02,-1.049075930291435697e+02,1.299020729671206027e+03,3.634536957686242431e+02,5.605754597469859846e+01,9.222438051078647447e+01,3.758307398509781194e+01,5.081486478183288824e+01,1.298418773377717116e+03,-1.266283141235068257e+02,2.586639401607063178e+02,-4.230149266314495549e+01,-5.832850951310757637e+01,7.123558949900355231e+01,1.611008422356570918e+03,-9.584513674866705912e+01
7.033517899048687241e+02,9.815664648289400702e+02,7.213866399298829037e+02,4.308162158106326842e+02,8.171089953823093310e+02,7.463404193277368677e+02,4.581663535332800734e+02,1.082904677884969033e+03,6.463328734829814266e+02,4.803292489433002288e+02,5.968636892648831918e+02,9.695781759750944957e+02,3.063529437384326002e+02,1.228574380974341921e+03,8.658537754170563403e+02,5.991965852343490724e+02,4.719010050953972950e+02,9.079982274962160318e+02,6.315926126163432741e+01,1.394689328357322893e+03,9.712004389571850425e+02,1.150543397764856337e+02,7.558362539955919601e+02,5.234873305115223729e+02,7.170382125494745296e+00,9.787090503805239905e+02,5.084332336613308598e+02,1.311413651942070544e+02,4.869343003456908718e+02,2.231749844480454499e+02,-1.211348765198035693e+02,1.323180534187764351e+03,3.521628799787234811e+02,6.475561379995815514e+01,1.120125303234732286e+02,4.747558437056810021e+01,5.393050031783214848e+01,1.314784180181358352e+03,-1.331173039867888974e+02,2.467171074607289540e+02,-3.226318332364234465e+01,-6.247358658910666662e+01,6.694197330420445269e+01,1.631387554747258264e+03,-1.184674130714477087e+02
7.014750477863083233e+02,1.018360321917646047e+03,7.406219615638826781e+02,4.206027865021254684e+02,8.582923749116495173e+02,7.433968233298929817e+02,4.539605365862740314e+02,1.120050492946765189e+03,6.728823037283910935e+02,4.757107757870444971e+02,6.251545307776052596e+02,9.424867763125737383e+02,2.813434766351828102e+02,1.241505037075191694e+03,8.969376439756722448e+02,6.369002651718875541e+02,5.212082712015773041e+02,8.918688627231748569e+02,1.279536052893504383e+01,1.387655792771860661e+03,9.838060120762291945e+02,1.343619790632501747e+02,7.993282448931549879e+02,5.014892769204138290e+02,5.197288215961687996e+00,1.009013840186149537e+03,5.013985599818772698e+02,1.339743102747410717e+02,5.236992976365429513e+02,1.968269207887164782e+02,-1.375292276062351391e+02,1.345724187346588451e+03,3.396775172677174055e+02,7.246462232902466383e+01,1.352461098298316529e+02,5.839810666945275131e+01,5.694769022955226490e+01,1.332749203805664820e+03,-1.393257257716528557e+02,2.271812209438024865e+02,-1.905554465923028928e+01,-6.747422066602919699e+01,6.549288120681353575e+01,1.649446143992813631e+03,-1.402535352305006313e+02
6.974584790579609717e+02,1.055582516074476416e+03,7.619531311734972405e+02,4.128328888549795010e+02,9.005684793910011194e+02,7.360030723146260243e+02,4.441251892088753266e+02,1.158668289209569593e+03,7.015231176927035222e+02,4.748278931339846167e+02,6.527775451416583792e+02,9.010150930077425073e+02,2.469754734789482598e+02,1.251230619407213908e+03,9.239419067260542988e+02,6.692054887270227255e+02,5.743390757282425056e+02,8.711889806611332006e+02,-4.043314022033173671e+01,1.375106004057550990e+03,9.885781476689966212e+02,1.541142188143928138e+02,8.468083213035521339e+02,4.795310828742482840e+02,2.941057260766369641e+00,1.039619057630907264e+03,4.949043867825811844e+02,1.351802667013282075e+02,5.612126978121424372e+02,1.705829042284942432e+02,-1.536773967567334580e+02,1.366001998761993036e+03,3.272694648102190058e+02,7.860764721027123869e+01,1.615044567645463758e+02,6.905943076543191239e+01,6.045294498120757964e+01,1.351157237436877267e+03,-1.446213434921443763e+02,1.987131326312722877e+02,-2.785794340256549262e+00,-7.345579085067441838e+01,6.621599374722494247e+01,1.664583972881574255e+03,-1.594192378844891209e+02
6.912178478995172100e+02,1.091736231552625895e+03,7.843707500896690590e+02,4.095092380872172839e+02,9.434682392850128281e+02,7.232871814052797390e+02,4.279582415281822136e+02,1.196315765267263487e+03,7.310008070843844052e+02,4.819208536250176280e+02,6.836180741621900552e+02,8.441600600184907535e+02,2.041450968798269514e+02,1.257276651601665890e+03,9.450266690644218670e+02,6.950281003064553715e+02,6.314080242083889516e+02,8.422081944549681793e+02,-9.297336098360410972e+01,1.360007348546047524e+03,9.836754961411387512e+02,1.731781921069984094e+02,8.969557727513291638e+02,4.581795905573256391e+02,5.072382708258759143e-01,1.069041076904773945e+03,4.896405045758756955e+02,1.339835822400606560e+02,5.983717287502811359e+02,1.451064366709164801e+02,-1.687016232648101663e+02,1.382933210658499092e+03,3.164411411345630540e+02,8.284378407534606481e+01,1.898535322112048220e+02,7.787762288930625232e+01,6.502425712673716873e+01,1.368391128690186406e+03,-1.484294929357820081e+02,1.613455966567500752e+02,1.631155702887206260e+01,-8.046991437754030585e+01,6.845332814339047900e+01,1.675900596376245403e+03,-1.742086613916346494e+02
6.828129521351188487e+02,1.124864575720528137e+03,8.063977153110470226e+02,4.122665186378782209e+02,9.861788797687254373e+02,7.051871043127503071e+02,4.056121251021189664e+02,1.229589252210177392e+03,7.594802034921680161e+02,4.999455298475386371e+02,7.223418554629728305e+02,7.733603949088548006e+02,1.549292549242863402e+02,1.259410961982678828e+03,9.583678788826954360e+02,7.149839854734105984e+02,6.914969143535472540e+02,8.023388324457554290e+02,-1.413289392257232180e+02,1.345698682138966888e+03,9.680281066991252601e+02,1.902371676128911133e+02,9.475514038033119277e+02,4.380374158332084562e+02,-1.873322537368323992e+00,1.095342830500653690e+03,4.863373463047456653e+02,1.300685771179264805e+02,6.339022492095028838e+02,1.211763505966655146e+02,-1.813673417779950512e+02,1.395295974729338013e+03,3.084606576931433892e+02,8.512906207632396161e+01,2.190629409923255366e+02,8.331675412355419041e+01,7.096372800209044840e+01,1.382673584313802621e+03,-1.503477883656334484e+02,1.170156109156633590e+02,3.795697400760322182e+01,-8.840707632969545671e+01,7.160823651050132810e+01,1.682259639403363508e+03,-1.832712825634279170e+02
6.724906793702136838e+02,1.153287201893148222e+03,8.264474737163002374e+02,4.217865311268849950e+02,1.027914484729195692e+03,6.828617119210301780e+02,3.783641647028286457e+02,1.255074330211502001e+03,7.849097060932308523e+02,5.292908797014340507e+02,7.735167694832711049e+02,6.928546100314839578e+02,1.025707478271005186e+02,1.257802979597912781e+03,9.626255281637181724e+02,7.316483228820452496e+02,7.534078222718720781e+02,7.512682405445781342e+02,-1.824470209639150653e+02,1.335075443140692187e+03,9.418420250692742002e+02,2.040356516634344644e+02,9.958442016630323224e+02,4.197927903492063706e+02,-3.848123860928435835e+00,1.116677421018303448e+03,4.855326867170772402e+02,1.237646617681739087e+02,6.667194501370594253e+02,9.953333698516971140e+01,-1.904129084081286578e+02,1.402160650140968301e+03,3.039256684880647867e+02,8.572859809102955353e+01,2.479358211293077829e+02,8.431489284281029484e+01,7.805804851428779045e+01,1.392424753117567207e+03,-1.502210756235892575e+02,6.952682941144392714e+01,6.185876152666848782e+01,-9.693025739263460139e+01,7.508435354529028416e+01,1.682571498218174384e+03,-1.860233162118518351e+02
6.607507964024632656e+02,1.176374045906485208e+03,8.432688585297644295e+02,4.373679208731300605e+02,1.068369582941810904e+03,6.586817124521139704e+02,3.485824396882212568e+02,1.270495105304362369e+03,8.055470680019946030e+02,5.671951024888221582e+02,8.404514463426277189e+02,6.092282766693887197e+02,5.113015698673457621e+01,1.253064533241081563e+03,9.574156943119537573e+02,7.490061488207013554e+02,8.169964623875468988e+02,6.914291658931366555e+02,-2.141042719677661239e+02,1.329973756024359545e+03,9.067956444052115330e+02,2.137269822091580238e+02,1.039093443865036079e+03,4.042211956005999127e+02,-4.974798423420886628e+00,1.131806743224576849e+03,4.874204536788491851e+02,1.160090128738868316e+02,6.962541770711171694e+02,8.070281839751326913e+01,-1.949627254137479895e+02,1.403264883321630350e+03,3.025621463263776718e+02,8.516675308530368227e+01,2.756273692774702226e+02,8.063856622712972921e+01,8.549343998053021210e+01,1.396614792167929409e+03,-1.481797349179892365e+02,2.380250087609850240e+01,8.768557056869217092e+01,-1.054911457093054423e+02,7.823560245290234150e+01,1.676264490459180706e+03,-1.828962453621734312e+02
6.483613656542040644e+02,1.194962834659901091e+03,8.562911824805765946e+02,4.568594180606311852e+02,1.107999825179600293e+03,6.356953831414533624e+02,3.192981936746516567e+02,1.275595598913510003e+03,8.204495746257341580e+02,6.082653767788490313e+02,9.240244657575084375e+02,5.302052887430185137e+02,4.802612364125081967e+00,1.246143565699952433e+03,9.435693358443799070e+02,7.710498657962067455e+02,8.843754429455880199e+02,6.275118554203503436e+02,-2.352022524848769649e+02,1.330907371275111473e+03,8.657932265351911383e+02,2.191672998491368389e+02,1.075142734179367835e+03,3.920809071892469433e+02,-4.792119583853442499e+00,1.140422810153729642e+03,4.918283881562110764e+02,1.080572087473144194e+02,7.225945654099223248e+02,6.488159386234781323e+01,-1.948362676973670773e+02,1.399144041347966549e+03,3.033544907898532301e+02,8.410067970343152410e+01,3.018430386432555679e+02,7.298566678825750387e+01,9.202780957316289800e+01,1.395024240654952564e+03,-1.446337419014731722e+02,-1.539573647608996687e+01,1.150165829682790957e+02,-1.134514873490417557e+02,8.043790307158546682e+01,1.663736040307558142e+03,-1.753520422366214007e+02
6.362587524982039895e+02,1.211190034926349654e+03,8.657303017262895537e+02,4.770603714480151893e+02,1.147917862614647220e+03,6.167519575906306954e+02,2.934770006094968267e+02,1.272387915074194098e+03,8.297206533710650547e+02,6.460209676536918550e+02,1.021992902291799396e+03,4.630565091087397036e+02,-3.293263207818411331e+01,1.238137325880556091e+03,9.230231573556558260e+02,7.998732168641646467e+02,9.601885807386454417e+02,5.650942148125155882e+02,-2.458302338990869202e+02,1.337210930710080447e+03,8.223140099497360325e+02,2.210072602073344115e+02,1.102871014674889466e+03,3.839055899266624010e+02,-2.919834315618612841e+00,1.143200911698425443e+03,4.982996590554880072e+02,1.010314652084738896e+02,7.463949865919742024e+02,5.193793864325513709e+01,-1.906134946407846940e+02,1.390970694514405977e+03,3.049412710659680670e+02,8.313614888067232300e+01,3.268499289486848625e+02,6.275732371597558057e+01,9.640954395259994669e+01,1.388337257083736858e+03,-1.401998404573706978e+02,-4.481179161463942506e+01,1.433175614076311319e+02,-1.202660050465881767e+02,8.127691244603336429e+01,1.646527746039054591e+03,-1.655864530648574089e+02
6.253284342457949379e+02,1.227811760980335521e+03,8.724297997680097296e+02,4.945113012843978595e+02,1.189399843433085152e+03,6.036858063234507199e+02,2.732553341754045846e+02,1.264678783514560791e+03,8.343998141051721404e+02,6.748398922302084202e+02,1.129259700489916213e+03,4.131606693536184025e+02,-6.003689114970087104e+01,1.230137390402297115e+03,8.983458580900316974e+02,8.339822312937440074e+02,1.050523613820535047e+03,5.089561181549433400e+02,-2.470257616631233191e+02,1.347514265563592971e+03,7.795778345073169930e+02,2.205312648647919787e+02,1.122396617764379243e+03,3.797737043102043231e+02,8.471310114796212209e-01,1.141616153460673104e+03,5.062114083834690064e+02,9.549363910986720327e+01,7.686137756501171907e+02,4.151330646668429125e+01,-1.834335518793074868e+02,1.380224120057313485e+03,3.060961845435991791e+02,8.265279476036349138e+01,3.512828136197703657e+02,5.158472214250974730e+01,9.788182312337556823e+01,1.378042405970386199e+03,-1.355544944513348185e+02,-6.354117661380081472e+01,1.719569435963624926e+02,-1.256386398185043163e+02,8.072329619354533747e+01,1.627096445013666198e+03,-1.559635629587990309e+02
6.161336539178755629e+02,1.247344304441838858e+03,8.775256636243185540e+02,5.064202194903137979e+02,1.233241326350071631e+03,5.969532356814668219e+02,2.594570620577721343e+02,1.257072165622249258e+03,8.360411744349668197e+02,6.914330662105053307e+02,1.239215404121307984e+03,3.831528635614431550e+02,-7.622509968674221170e+01,1.223170174268876508e+03,8.720750754146448571e+02,8.676496850809078296e+02,1.160683245830786973e+03,4.618911779838423399e+02,-2.403201055813371454e+02,1.360332930972912209e+03,7.398415790081176056e+02,2.193175010880083278e+02,1.134978104093921274e+03,3.791819190796495604e+02,6.493937160260903063e+00,1.137614935580011434e+03,5.148793133125648183e+02,9.124391490685911776e+01,7.901981870673795356e+02,3.317311156242440973e+01,-1.746236086211657721e+02,1.368383571345106475e+03,3.061079377499412431e+02,8.271707348346075150e+01,3.757924961252861067e+02,4.083014957428469671e+01,9.652277469437910895e+01,1.366169875969167379e+03,-1.312558237678084367e+02,-7.302874382032884171e+01,2.002458762730005901e+02,-1.295733303787343118e+02,7.914890895680078131e+01,1.608264609765120440e+03,-1.483718669667550500e+02
6.086985720253868521e+02,1.271400335992620739e+03,8.820834996510643577e+02,5.113918900022012508e+02,1.279311902067770461e+03,5.958602557767301278e+02,2.515761116246630422e+02,1.253802503468845089e+03,8.361657145462969538e+02,6.951943193637254126e+02,1.345684419559959451e+03,3.728047308095258359e+02,-8.274825980281046611e+01,1.218197860570573539e+03,8.461267784678458383e+02,8.918158438257144098e+02,1.292628463024918119e+03,4.245904411446224458e+02,-2.272794063840820797e+02,1.374501737601974810e+03,7.040820398984095618e+02,2.188691054977841475e+02,1.142645022241476454e+03,3.811257952082393672e+02,1.382092420181817616e+01,1.133244611407182219e+03,5.236454733629477687e+02,8.745163294085094208e+01,8.118287519422659670e+02,2.655080304753314024e+01,-1.653169276026509920e+02,1.356777561293936742e+03,3.049543149020226451e+02,8.311386942372838860e+01,4.006685110008372135e+02,3.129667639227253062e+01,9.322414661961043691e+01,1.354926787604900028e+03,-1.276189026032881628e+02,-7.627668521307074911e+01,2.274959629173540918e+02,-1.322962439156175662e+02,7.714391835181285728e+01,1.592587589443106936e+03,-1.437654736736714938e+02
6.024463443360880319e+02,1.300438217162333785e+03,8.868415948574854610e+02,5.096962117700149406e+02,1.326555044619060709e+03,5.991847408355090465e+02,2.481827754693971428e+02,1.257752142509028545e+03,8.358183763358061924e+02,6.873765309726155692e+02,1.444568965054786077e+03,3.794922750946171845e+02,-8.177649676429518877e+01,1.216088350051508996e+03,8.214944141209620057e+02,8.963821588387839938e+02,1.443133599684674664e+03,3.965468718988875594e+02,-2.092530569342252704e+02,1.389283785356502904e+03,6.721389489647576738e+02,2.203590528533173369e+02,1.147674820818710259e+03,3.843893278641793927e+02,2.255414562917290766e+01,1.130323750055404844e+03,5.319696769128420328e+02,8.306281839213571061e+01,8.337853738235236278e+02,2.144649850830665727e+01,-1.562010739301615843e+02,1.346587766224668712e+03,3.032574409258725154e+02,8.345970273475344925e+01,4.256147721518061644e+02,2.326226376327090861e+01,8.929631454380866273e+01,1.346302233405031302e+03,-1.247101698098105231e+02,-7.668132145065790439e+01,2.531103566357251395e+02,-1.340925220050288260e+02,7.523600398732367012e+01,1.581885469231563093e+03,-1.420851135398819167e+02
5.963417548256434202e+02,1.333907723257699899e+03,8.921195228638814569e+02,5.029971721792062453e+02,1.373426313428589083e+03,6.057984484893519266e+02,2.475249455435873074e+02,1.269901675839393874e+03,8.353925291970891749e+02,6.696726845798675640e+02,1.534352499859202226e+03,3.989810076579786369e+02,-7.569217136264924761e+01,1.217492789663057692e+03,7.983133865775704407e+02,8.731036403903863174e+02,1.603452352557552558e+03,3.773252117630153748e+02,-1.874138873302619288e+02,1.404203093118707784e+03,6.431931179292604384e+02,2.245473505951738957e+02,1.152079022513951031e+03,3.879215196969549311e+02,3.248524153638707190e+01,1.130201570066054956e+03,5.395176351054681163e+02,7.729166234974019289e+01,8.559358150164504195e+02,1.785813893209356351e+01,-1.474609734920819619e+02,1.338897881186849645e+03,3.020553965253017168e+02,8.332757976916563791e+01,4.498014506698941091e+02,1.677012470619888518e+01,8.589872084410284003e+01,1.341708603281463866e+03,-1.224533816361063288e+02,-7.702039835609521390e+01,2.767064944014177854e+02,-1.351406456697268084e+02,7.367399751983843714e+01,1.577059958125787489e+03,-1.425675055684092456e+02
5.892042589436017579e+02,1.370610866900186920e+03,8.978727542543532536e+02,4.936734604386384717e+02,1.418516345704744253e+03,6.149543568605863584e+02,2.480503036445205112e+02,1.289317535355814016e+03,8.347482279285675304e+02,6.430614231264024738e+02,1.615245598437357557e+03,4.263027631632138537e+02,-6.659073171549979975e+01,1.222650237230740231e+03,7.762068487581221916e+02,8.180150296755213049e+02,1.760730925690263575e+03,3.673722942634877882e+02,-1.629945554798635783e+02,1.418807326789278477e+03,6.163454176402464100e+02,2.318234211640282183e+02,1.157253475886166825e+03,3.911225198346990055e+02,4.357192659933116374e+01,1.133622762009354346e+03,5.462039910194417871e+02,6.997237940077852159e+01,8.778089183612042916e+02,1.593871410832514357e+01,-1.388934819634461348e+02,1.334659120827975130e+03,3.024462231853531193e+02,8.233421909099412517e+01,4.721717320405288660e+02,1.197024582748715638e+01,8.359563655616939570e+01,1.341713845944206241e+03,-1.207694408058401905e+02,-7.894050840467542685e+01,2.982172778848918711e+02,-1.354215946631804854e+02,7.238476263953820933e+01,1.578142587456618685e+03,-1.442565202373081377e+02
5.800754509417067766e+02,1.409069849790462285e+03,9.038352298350203000e+02,4.840009063094776707e+02,1.461013024401214352e+03,6.261647369117268909e+02,2.486719876408596690e+02,1.313632686208214636e+03,8.335252247199335898e+02,6.075468335974055663e+02,1.687568180631508312e+03,4.566041854225624661e+02,-5.610524646600651266e+01,1.231209465390350260e+03,7.547290807713011418e+02,7.325511823013788444e+02,1.900777665232397567e+03,3.679098727283279686e+02,-1.375017095848162114e+02,1.432556158804609595e+03,5.910761602431090296e+02,2.422708856941845283e+02,1.163880270589303791e+03,3.939183317802460920e+02,5.594610626386266716e+01,1.140690789138811397e+03,5.521565248126705683e+02,6.163461461176131451e+01,8.987163757652415370e+02,1.589616702244935098e+01,-1.301098840019502632e+02,1.334520348495556391e+03,3.051966466602152650e+02,8.018750796800831893e+01,4.918433068884004342e+02,9.298955802322819153e+00,8.226019151774546856e+01,1.345914883176965077e+03,-1.196570570390889543e+02,-8.299405877771522455e+01,3.178939890136484792e+02,-1.347330769888621660e+02,7.110191967455553197e+01,1.584424598658550394e+03,-1.464421595768997406e+02
5.684954654348324539e+02,1.447776710287624837e+03,9.096956809334445779e+02,4.754869205504301135e+02,1.500769276129401760e+03,6.388678167484468986e+02,2.487657298395655232e+02,1.339843098804634110e+03,8.314919093789469571e+02,5.628347382546479594e+02,1.750416084875991828e+03,4.859031129442140013e+02,-4.545782996354864025e+01,1.242177341874444664e+03,7.337213388410713151e+02,6.230946221265892291e+02,2.011329627978820326e+03,3.800779556517572928e+02,-1.127042486472285105e+02,1.444889644924506456e+03,5.674566050016560439e+02,2.556804852238677199e+02,1.172062295516497443e+03,3.966256034711385610e+02,6.982308862471161603e+01,1.150913882822281948e+03,5.576193704049646840e+02,5.330836530463491840e+01,9.179070294790973321e+02,1.787749769931330945e+01,-1.207282913746384168e+02,1.338591769467655240e+03,3.104520747419868485e+02,7.672322394917770794e+01,5.084050985186339062e+02,9.400411443668856393e+00,8.134429951825849514e+01,1.353009372217158216e+03,-1.191675926843626030e+02,-8.902736672885252744e+01,3.361795820352813280e+02,-1.327810002700816767e+02,6.957896039457159532e+01,1.594567794018428231e+03,-1.488259725797653346e+02
5.545891768464970255e+02,1.485309757171443380e+03,9.152662874904450518e+02,4.685594663138019769e+02,1.537988307356925816e+03,6.521871241437170283e+02,2.480216203158701376e+02,1.365154386589461183e+03,8.287846913891892200e+02,5.094193572125469700e+02,1.801436957760626001e+03,5.116681521560744272e+02,-3.554257210300283276e+01,1.254059071899832816e+03,7.134704528308679983e+02,4.992955074190726918e+02,2.084780567016546229e+03,4.039468067308351920e+02,-9.033882563199298943e+01,1.455384258427871828e+03,5.460873599921698087e+02,2.715185787155277808e+02,1.181575955107822892e+03,3.997053797264229615e+02,8.535393488141579610e+01,1.163325955322669188e+03,5.628524944616763150e+02,4.618138247965140408e+01,9.347410212582104805e+02,2.188566642545017160e+01,-1.104869071577521282e+02,1.346294333368388379e+03,3.176766308392076894e+02,7.195247772685382870e+01,5.219866996301060453e+02,1.285611200413133837e+01,8.032782805166965545e+01,1.361108698317030985e+03,-1.193053337087888508e+02,-9.663146973712262877e+01,3.535041939042422996e+02,-1.292876416394658463e+02,6.777742477361535123e+01,1.606728190558148071e+03,-1.513987052018570694e+02
5.389551577914688778e+02,1.520373784916516570e+03,9.206009470393659058e+02,4.626684076603206677e+02,1.572769853773485011e+03,6.649776866510073887e+02,2.463048979317892417e+02,1.387610134522085900e+03,8.259543636969674480e+02,4.493551840255595948e+02,1.837803196999878082e+03,5.330886338663472088e+02,-2.690772629174881558e+01,1.265166997387371339e+03,6.946532020293370806e+02,3.718706804966377604e+02,2.119521891448351198e+03,4.380163872738608006e+02,-7.166313065328981224e+01,1.463849078105416083e+03,5.278178344981218970e+02,2.889264893103298277e+02,1.192102148013700116e+03,4.035249129078218857e+02,1.024879974091918484e+02,1.176688503395610951e+03,5.680726097581430167e+02,4.127162145127724102e+01,9.488510843644502302e+02,2.775739362611373551e+01,-9.926384504822237886e+01,1.356427590146064176e+03,3.258583924233536209e+02,6.610857073944900719e+01,5.331122897807122172e+02,1.989871409319760787e+01,7.908106922068466815e+01,1.368256869628332424e+03,-1.199439654893829470e+02,-1.054345644398186295e+02,3.701073685456166800e+02,-1.240638400709545692e+02,6.595457813338046549e+01,1.618798498286791528e+03,-1.541928435716087904e+02
5.224314564463426223e+02,1.551836525726722584e+03,9.260150524243063046e+02,4.567120137416688976e+02,1.604834819968343936e+03,6.761255969614371679e+02,2.436085548909346983e+02,1.406334014085112585e+03,8.238168164903262323e+02,3.862443883405296674e+02,1.857734231157605109e+03,5.509051542496241609e+02,-1.965675888398764570e+01,1.273993624441315433e+03,6.781200870733874808e+02,2.505840329832481075e+02,2.119568191354116607e+03,4.794336295064646265e+02,-5.709801120065564817e+01,1.470272863285537824e+03,5.133606529111724512e+02,3.068282667741682417e+02,1.203355934337195777e+03,4.082076931496019938e+02,1.209047771167835492e+02,1.189771945277098212e+03,5.734363938065398543e+02,3.923504536114271701e+01,9.602433203920271581e+02,3.519606163759990380e+01,-8.704249785686863561e+01,1.367472503093342084e+03,3.338834883769472412e+02,5.966003632710992832e+01,5.424591249268629554e+02,3.028534901287805425e+01,7.795797802693091683e+01,1.372997686844229520e+03,-1.208435052069727220e+02,-1.151615505368718004e+02,3.859749291358209007e+02,-1.170249369384935250e+02,6.462924406093220853e+01,1.628810115573377288e+03,-1.571150600167371749e+02
5.058461063685154500e+02,1.578808966173176714e+03,9.319747562074157941e+02,4.495993082217664210e+02,1.633607462088962393e+03,6.848890129997745362e+02,2.400798153301946627e+02,1.421384939166947106e+03,8.231810562967895066e+02,3.244659358963658065e+02,1.861656257355645494e+03,5.667808708431831519e+02,-1.339935215804706559e+01,1.279522189872634044e+03,6.646237262006370656e+02,1.428498684088396544e+02,2.092791990076225829e+03,5.246973294207029994e+02,-4.616655196465001154e+01,1.474657339026691488e+03,5.029631907703937941e+02,3.241575478727052086e+02,1.215126870989501185e+03,4.136016591973559002e+02,1.400391116193918606e+02,1.201667607730106056e+03,5.790387974643728057e+02,4.034050248226192537e+01,9.693049462879718021e+02,4.383088167166673088e+01,-7.388623041578006223e+01,1.378011508979646578e+03,3.409038509623808864e+02,5.326869522645075961e+01,5.506644586622716133e+02,4.340042637919709989e+01,7.761105469834770076e+01,1.374762284482182167e+03,-1.217731785669581939e+02,-1.255145725276636739e+02,4.009097242545050790e+02,-1.081594919131790249e+02,6.444344682404164359e+01,1.635393674741953873e+03,-1.599515035459361911e+02
4.898462825780896992e+02,1.600775788286622628e+03,9.388731021678838715e+02,4.407294316163244616e+02,1.658576219564610483e+03,6.910580121058561645e+02,2.360510234569560168e+02,1.433378413174121533e+03,8.245760608206685447e+02,2.680813153430170814e+02,1.852398837302363745e+03,5.823942392566126500e+02,-7.370847761826672340e+00,1.281391933786633217e+03,6.546304856487374764e+02,5.310629534477322977e+01,2.048566595065967249e+03,5.704079965449604970e+02,-3.778573824517510360e+01,1.476873332512844854e+03,4.963119947454756016e+02,3.401246931239410856e+02,1.227285372344869529e+03,4.193604406550617227e+02,1.591793795570626742e+02,1.212018980497116445e+03,5.849086009085856404e+02,4.456233481219793902e+01,9.767239750972663614e+02,5.327296287001869501e+01,-5.996728546187645748e+01,1.387086338367761300e+03,3.465455249931649746e+02,4.770680776810711876e+01,5.582580226026911987e+02,5.851855245024894714e+01,7.865993700328279203e+01,1.373913937915935094e+03,-1.226532728502325114e+02,-1.359812008225004831e+02,4.146828948960259709e+02,-9.747191625480515142e+01,6.595050076208335099e+01,1.638114134207890402e+03,-1.624813607556696127e+02
4.748546111031762393e+02,1.617743021787599218e+03,9.467761280180423000e+02,4.302239266442548455e+02,1.679666544082808286e+03,6.948574559675222417e+02,2.320204943452376654e+02,1.443093654372847141e+03,8.280977366528434231e+02,2.199560237143461450e+02,1.834441836305834840e+03,5.986108472752872558e+02,-7.232567628685701022e-01,1.279907914845473442e+03,6.483312538617394694e+02,-1.708252403724032220e+01,1.995688745771201411e+03,6.137441186413108198e+02,-3.078581480615898158e+01,1.476674171099971090e+03,4.927744119125453039e+02,3.544003823116006515e+02,1.239782699740156204e+03,4.251063833281018560e+02,1.775899681339742529e+02,1.221045734772198102e+03,5.910082673366465542e+02,5.170790324781126657e+01,9.833580568710800662e+02,6.315387991913463850e+01,-4.564081666764710832e+01,1.394358910260688845e+03,3.508984012928746665e+02,4.377323029269006582e+01,5.656925356492688479e+02,7.507623484438700245e+01,8.138246931794442673e+01,1.371463871518459428e+03,-1.236044791388728754e+02,-1.456647107517353845e+02,4.271790820702406108e+02,-8.491916920921211442e+01,6.936828797883460140e+01,1.637542537826834405e+03,-1.645681170653863603e+02
4.611402270155466567e+02,1.630339401066695700e+03,9.552639397539930997e+02,4.188639286660496168e+02,1.697375512961806407e+03,6.966957195810967960e+02,2.285726639180103064e+02,1.451236383870603504e+03,8.334392044969902145e+02,1.814298634773054175e+02,1.812723085880279541e+03,6.150964783044323667e+02,7.130815680281298086e+00,1.275935828714237914e+03,6.458563177635774082e+02,-6.835090241780221731e+01,1.941139283440631289e+03,6.526279605113942353e+02,-2.442006165007607521e+01,1.473886577972868281e+03,4.919063241814080243e+02,3.671282939477322884e+02,1.252626452455625895e+03,4.306154970268156035e+02,1.946133611288226462e+02,1.229313014059318220e+03,5.972530710356141981e+02,6.151529111287175056e+01,9.900976643375055346e+02,7.314870548090654268e+01,-3.150015405851128492e+01,1.400051795308700321e+03,3.543294701289492536e+02,4.223878745024198622e+01,5.733822750007979039e+02,9.282299375032096123e+01,8.554896327014650126e+01,1.368640085173156422e+03,-1.248634334518206117e+02,-1.532072161302875770e+02,4.384701114369691481e+02,-7.035857972952436512e+01,7.436617739743147126e+01,1.635054490723942763e+03,-1.661605421097091551e+02
4.489342472457668691e+02,1.639788540532776324e+03,9.634714420668253752e+02,4.078030377576318415e+02,1.712602099638648269e+03,6.969382187678598939e+02,2.262606497891726178e+02,1.458393508204996124e+03,8.400744946450626003e+02,1.525224403222983085e+02,1.791607146466707945e+03,6.305214472843413205e+02,1.628454501230215001e+01,1.270721900795552756e+03,6.475444505900445620e+02,-1.025691373993655873e+02,1.889753144876329543e+03,6.857293528793550195e+02,-1.863278879452486336e+01,1.468654233904119110e+03,4.939509049021756937e+02,3.787715585454837424e+02,1.265812070334719238e+03,4.359428005778548822e+02,2.097366786619034258e+02,1.237344631605666336e+03,6.035488299989769985e+02,7.369889473725622508e+01,9.977514804450836436e+02,8.299392646123517636e+01,-1.833566377127960578e+01,1.404743257453335673e+03,3.572273469539941289e+02,4.380931934443229636e+01,5.816833526659908102e+02,1.118126785107504872e+02,9.045017281053912939e+01,1.366529830154101319e+03,-1.266289729765678089e+02,-1.568736205275653504e+02,4.488046521675043437e+02,-5.352753668172465495e+01,7.999582009114185155e+01,1.632449778275421977e+03,-1.672412494908646181e+02
4.384934394646306259e+02,1.647685181931946545e+03,9.703452596221217163e+02,3.981899384862311422e+02,1.726305300651397147e+03,6.958225245321415287e+02,2.254876184859040791e+02,1.465085023605636479e+03,8.474884637352544132e+02,1.323995079633677392e+02,1.774317338352409706e+03,6.432070490356867367e+02,2.632804975828910088e+01,1.265645950555128366e+03,6.540314805510356564e+02,-1.219903234549663154e+02,1.844470679523821673e+03,7.124467434485027297e+02,-1.396865765075623855e+01,1.461547539046612201e+03,4.999695587493072821e+02,3.898796126742658430e+02,1.279238391265967948e+03,4.414170728812944731e+02,2.226360318295116940e+02,1.245295864796379874e+03,6.098288828454467421e+02,8.795449812776347187e+01,1.006953517704600927e+03,9.250772080466413172e+01,-6.965251439057704275e+00,1.409121611712648701e+03,3.598042527040553296e+02,4.905763455110984950e+01,5.908259347630134926e+02,1.322748353323772221e+02,9.511012036540385850e+01,1.365905564229648917e+03,-1.289521161739370427e+02,-1.548558744190265770e+02,4.585414539256250919e+02,-3.408608759507475128e+01,8.487343913726718370e+01,1.631507488205249501e+03,-1.677991330537465728e+02
4.300474962991035000e+02,1.655590118422934665e+03,9.750202861587696361e+02,3.908282744119665608e+02,1.739206041352585771e+03,6.935073588271393419e+02,2.264203826399756849e+02,1.471781370095842249e+03,8.553320617787818492e+02,1.197900301090511874e+02,1.762742764879484184e+03,6.518745327780878824e+02,3.657100110807653692e+01,1.261907922149975548e+03,6.659995521005660066e+02,-1.288385449093946420e+02,1.806709097825493700e+03,7.328958421437084780e+02,-1.117980230268664599e+01,1.453430476956390066e+03,5.113921016204283205e+02,4.008854302280525985e+02,1.292679290905768084e+03,4.474887675932042725e+02,2.332174668037025640e+02,1.252892385718664855e+03,6.160695143278893511e+02,1.039464909490507551e+02,1.018076469593569641e+03,1.016074264348588798e+02,2.015829734365157222e+00,1.413772031353111288e+03,3.620481087779349423e+02,5.828533793991164913e+01,6.008612889467592595e+02,1.544299342046274717e+02,9.861788389138679634e+01,1.367187882705674838e+03,-1.317348927725599879e+02,-1.457915329906905129e+02,4.680567424724330294e+02,-1.175270297107021911e+01,8.762259149145664594e+01,1.633558000624431088e+03,-1.678503548943670296e+02
4.236460688577978999e+02,1.664575390577205098e+03,9.771524930305063208e+02,3.859568356436325871e+02,1.751685178706487704e+03,6.901660118881898143e+02,2.289541146409854946e+02,1.478827830204538259e+03,8.634416970066960175e+02,1.132011637689643919e+02,1.757370371258223940e+03,6.561702537381588627e+02,4.638716373406508353e+01,1.260196215673564666e+03,6.836468224663288993e+02,-1.253815792476854796e+02,1.776546387894639111e+03,7.478636591614992994e+02,-1.073500507435642248e+01,1.445139196582772456e+03,5.291143347291852024e+02,4.120061284757268822e+02,1.305864924603046120e+03,4.544929033905239635e+02,2.416551666901507076e+02,1.259684418104167435e+03,6.222785896522073017e+02,1.212960796798061835e+02,1.031149954877846994e+03,1.103083768696958060e+02,8.460204948378576617e+00,1.419026831102424239e+03,3.638335066503480562e+02,7.133799827112545699e+01,6.116706001696099975e+02,1.783036303428300755e+02,1.004578950527109527e+02,1.370433343421464997e+03,-1.348106972220124931e+02,-1.293625014665467745e+02,4.776431143731821294e+02,1.347638027791397874e+01,8.742350534274577001e+01,1.639136700587640007e+03,-1.674677129416694470e+02
4.190019434606695086e+02,1.674912142803647839e+03,9.770691812750508234e+02,3.831890512543200771e+02,1.763873343535098002e+03,6.860412185355443171e+02,2.327291244834950703e+02,1.486325200955565379e+03,8.717542536677723319e+02,1.109715348037414344e+02,1.757233653228100820e+03,6.568041809229243881e+02,5.550452555875952498e+01,1.260453358210143051e+03,7.061665291248920084e+02,-1.142091858846960264e+02,1.752706546352010719e+03,7.586958268436943627e+02,-1.247714417167882850e+01,1.437157141515741614e+03,5.526157520685778763e+02,4.232529674768023256e+02,1.318637920998722393e+03,4.624448696692494423e+02,2.484043921547874731e+02,1.265445859464972727e+03,6.284696130212687422e+02,1.395825204539045501e+02,1.045811913927672322e+03,1.186960938464583677e+02,1.276777161206713807e+01,1.424894337192647072e+03,3.651021569276498440e+02,8.746703555170081756e+01,6.230236636346754722e+02,2.035950712247948786e+02,1.007033913997430972e+02,1.375300717311236667e+03,-1.380289120218975256e+02,-1.067194589926150172e+02,4.874211957776856252e+02,4.111271771508400974e+01,8.440848984062252214e+01,1.647802521628387467e+03,-1.667761537777378749e+02
4.154472575044541145e+02,1.686043709185461466e+03,9.756911441462075345e+02,3.816173097996413048e+02,1.775795957846411284e+03,6.814400630018569700e+02,2.371892729213692803e+02,1.494067999443638428e+03,8.802088106798665876e+02,1.112846409585421270e+02,1.760009088462979435e+03,6.553304155261058668e+02,6.409192250044631578e+01,1.261868665890076045e+03,7.315934605537978541e+02,-9.836015323038365921e+01,1.732564359779936694e+03,7.671368681572471360e+02,-1.558811596167392288e+01,1.429478526100423778e+03,5.796631808165204802e+02,4.345022749342998623e+02,1.331063596379948194e+03,4.709815311585697373e+02,2.541609772144675503e+02,1.270426048888464948e+03,6.346404007521394988e+02,1.583607551573833234e+02,1.061334630361647442e+03,1.268881524649590915e+02,1.581848262067445887e+01,1.431084141682100835e+03,3.659797144042851755e+02,1.053466081447877798e+02,6.346360732940379421e+02,2.296608724421534475e+02,9.999208787141986932e+01,1.381056970962451715e+03,-1.412912619831449206e+02,-8.047068543516144246e+01,4.973040458400215016e+02,7.011192251102630735e+01,7.969235499531718858e+01,1.658209843031817627e+03,-1.659209101600453948e+02
