1.436945386185559528e+02,1.100404918705451074e+01,1.690280801105918727e+03,7.328141834684764433e+01,-1.681733345431661348e+02,1.395473541106467565e+03,9.423733985538490288e+01,1.614047438461533091e+02,1.424616060318599693e+03,6.978438225919104809e+01,-2.173186509837550204e+02,1.058238642312353250e+03,3.152544840894828937e+01,3.460803911662745804e+02,1.126999956850384706e+03,2.456663826698115543e+02,-6.702002171324579649e+01,1.106220001409114275e+03,2.016469143131320152e+02,2.613848410774995159e+02,1.028220937216725133e+03,5.504617904815811613e+01,-7.947090224315884655e+01,9.408838927818841285e+02,1.550739335373961012e+02,1.276075465321952578e+02,9.869696581727297371e+02,8.157380446870389790e+01,-7.963760202399656407e+01,4.540704434585678086e+02,4.609788378024081226e+02,7.460815613543631741e+01,8.026380059970978209e+02,-6.923704478921026251e+00,2.201879424691301212e-01,-2.911902728435334264e+00,2.329439801348752326e+02,1.028164326194367106e+02,4.122962409488099524e+02,2.076478966995047699e+02,-2.536836717983854683e+01,-2.422819386502387484e+00,4.571426253094255685e+02,2.314721360344623236e+01,3.703318413817843293e+02
1.424427299381592604e+02,1.155399422511916363e+01,1.690231577094692511e+03,7.201380607063299522e+01,-1.664567099760629958e+02,1.393532328611897128e+03,9.165453859444924944e+01,1.612953689969020559e+02,1.425347687900410619e+03,7.022602168508007026e+01,-2.180886107423991120e+02,1.057262724665446058e+03,2.964522152974143054e+01,3.490563271159430201e+02,1.129973144129021193e+03,2.506245501144316279e+02,-7.427578279238359471e+01,1.098810205563854879e+03,1.984975388259604188e+02,2.623181686091389793e+02,1.022573762996787195e+03,5.278792835341440792e+01,-7.898188611620074084e+01,9.380045754366154824e+02,1.542001655527672597e+02,1.295409921388403518e+02,9.853134177199250416e+02,8.063368076294861453e+01,-8.113435844011571874e+01,4.534823954057157493e+02,4.582742293474843791e+02,7.869853254969545731e+01,7.927891362014211154e+02,-5.148361789881389150e+00,-1.355128519639107743e-01,-3.305610711707514415e+00,2.324159386774589109e+02,1.036977765610126880e+02,3.994052304211337514e+02,2.058194930767145365e+02,-2.766083686366239647e+01,-2.848825937398395514e+00,4.516315375921352597e+02,2.522330894678960078e+01,3.639565483888688959e+02
1.416366805325726261e+02,1.251795885424184895e+01,1.689928292360564910e+03,7.112860892697332815e+01,-1.647667266707126146e+02,1.391652121031067509e+03,8.981268381263389244e+01,1.619144697206893397e+02,1.425950803188292184e+03,7.133097641281165124e+01,-2.186572577072380739e+02,1.056471627392373648e+03,2.781245805761259149e+01,3.527514836701351442e+02,1.132886582316030626e+03,2.551370705924418871e+02,-8.016065175991573710e+01,1.091353654136172963e+03,1.956979713554608793e+02,2.645097574627567383e+02,1.017993540716481903e+03,5.071984558262224141e+01,-7.811038392575758849e+01,9.356592841808648018e+02,1.533101250050324325e+02,1.315204639221823584e+02,9.836064275956395022e+02,7.994749986846278489e+01,-8.242228724998686573e+01,4.531211555566839593e+02,4.554432352729785975e+02,8.202384018151411738e+01,7.820749415323164158e+02,-3.658653076370390611e+00,-4.064476536181329536e-01,-3.640043046285115658e+00,2.318455581611857781e+02,1.052149013177656656e+02,3.861532510899313024e+02,2.042499581937539403e+02,-2.954615774536990713e+01,-3.272064683650431682e+00,4.470750202393808195e+02,2.666383021634430506e+01,3.562841220964724016e+02
1.415723991983255701e+02,1.401504843747968998e+01,1.689203364789052102e+03,7.090748000577421806e+01,-1.631555720328665586e+02,1.389888676647666671e+03,8.917015982046686418e+01,1.636753403929020578e+02,1.426295425760342141e+03,7.368890946313551638e+01,-2.189123880307863317e+02,1.055897820698410442e+03,2.623157991821831203e+01,3.575261974902164184e+02,1.135659743305566735e+03,2.590627304567386773e+02,-8.372753863215420722e+01,1.083897905200036575e+03,1.937118085644166570e+02,2.686216430131091784e+02,1.015204287793650678e+03,4.899620430832417384e+01,-7.662295788847774247e+01,9.341816123932404707e+02,1.524095099147820349e+02,1.335495090257778088e+02,9.818118551962529637e+02,7.971061977687507749e+01,-8.327098079297033451e+01,4.530698447917034741e+02,4.523798304704918110e+02,8.420544968657365814e+01,7.700778041604762620e+02,-2.646019343731052853e+00,-5.779843564498404751e-01,-3.844285946096479556e+00,2.312863595444564737e+02,1.075474267470313094e+02,3.723855415912996705e+02,2.031263869010565770e+02,-3.073693554024867680e+01,-3.674205392372544399e+00,4.440783364260339567e+02,2.701759183762288075e+01,3.465199246551100032e+02
1.423147215840664614e+02,1.577946462661041060e+01,1.688041754295904639e+03,7.145660670734127962e+01,-1.617175068702345584e+02,1.388304054924506318e+03,8.975658059332853611e+01,1.665231823399770974e+02,1.426271112572265338e+03,7.766489038713189075e+01,-2.188987576409199391e+02,1.055376463642209728e+03,2.524687935163102637e+01,3.631974458434986559e+02,1.138230098172966564e+03,2.626295749484444855e+02,-8.467636239279285348e+01,1.076596565238529365e+03,1.930268776477583970e+02,2.744461958074761014e+02,1.014412104376558432e+03,4.769799484950137014e+01,-7.452288992873386064e+01,9.336070984725892004e+02,1.515313713291823206e+02,1.355787107155823605e+02,9.799156980128442456e+02,8.001500720243578257e+01,-8.347186042333439104e+01,4.532229435978063634e+02,4.490378928185992322e+02,8.536667346499977782e+01,7.570186280461106207e+02,-2.163671734492247811e+00,-7.298135914754483311e-01,-3.848849122584564242e+00,2.308764516696452631e+02,1.102807203109873342e+02,3.582701307821812975e+02,2.025136243560494620e+02,-3.111889571362646834e+01,-4.015755052082250920e+00,4.427082248829283344e+02,2.614513244857443297e+01,3.346536635146214280e+02
1.437104323955311997e+02,1.735651709185087199e+01,1.686553422406433356e+03,7.271004717479782187e+01,-1.605274438778686488e+02,1.386934657962086021e+03,9.125039030071523882e+01,1.700430702472712881e+02,1.425805237165801600e+03,8.331325750356801052e+01,-2.187496188719803740e+02,1.054594365093910483e+03,2.523653123380587004e+01,3.691751281134248188e+02,1.140608982046037454e+03,2.662797918584063268e+02,-8.319869799874858529e+01,1.069518220538717060e+03,1.939256489370081056e+02,2.812040748103204351e+02,1.015259608906135895e+03,4.678890667855564089e+01,-7.196280811549794976e+01,9.336915813445715457e+02,1.507096916095438530e+02,1.375901295262234498e+02,9.778945053259521956e+02,8.084146655131452519e+01,-8.289654950506113096e+01,4.533555931250481308e+02,4.454169723072457714e+02,8.596396066277077352e+01,7.435284902494346397e+02,-2.140782609218949251e+00,-9.931984944138840810e-01,-3.620193995733058223e+00,2.307336533694065679e+02,1.126595343790317969e+02,3.441454072691278725e+02,2.023385217162351637e+02,-3.073004489026795838e+01,-4.247199128006670321e+00,4.425087554743909664e+02,2.420677932547141253e+01,3.213185245356752944e+02
1.454749890985582113e+02,1.842582801044634166e+01,1.684898707088343826e+03,7.449072418198970524e+01,-1.595744641529171872e+02,1.385742076760313239e+03,9.319520038803480588e+01,1.737226846467560222e+02,1.424893180660851840e+03,9.038451085569060695e+01,-2.185472975421826618e+02,1.053221035318988470e+03,2.645587703383481681e+01,3.747832349551835591e+02,1.142902957834995505e+03,2.704029996184288507e+02,-7.967357362147835431e+01,1.062434345708310047e+03,1.962924345519338658e+02,2.880934619193980097e+02,1.016944137338558903e+03,4.610806205877250363e+01,-6.908938337029350407e+01,9.340293452011509316e+02,1.499477354788313335e+02,1.396831070977332843e+02,9.756970433495595216e+02,8.209541336889270724e+01,-8.155118774256327185e+01,4.532553369759002067e+02,4.415349476235531938e+02,8.648614054978555998e+01,7.302536115602298423e+02,-2.431522099787295055e+00,-1.465893464804953306e+00,-3.185625544953538668e+00,2.308656914685836057e+02,1.140389449550690699e+02,3.303006157174572195e+02,2.024195019449084327e+02,-2.971468182550069770e+01,-4.330026351609871149e+00,4.427364133164928148e+02,2.155005796496435622e+01,3.074412007117747976e+02
1.473065313290337599e+02,1.902253466297202777e+01,1.683215100635907447e+03,7.659239731181457955e+01,-1.587545698927359297e+02,1.384581694251932731e+03,9.521620225522555359e+01,1.771974434108088872e+02,1.423626480073684661e+03,9.843519725799494324e+01,-2.182190488450975465e+02,1.051049744906672913e+03,2.892868913571870948e+01,3.795729075709659242e+02,1.145267641822519408e+03,2.751376238806140577e+02,-7.448658427508566149e+01,1.054777808533794314e+03,1.996450173862531017e+02,2.946966615517621335e+02,1.018474510450610069e+03,4.542340803919875469e+01,-6.593991975298331454e+01,9.342107823104765885e+02,1.492076334459924567e+02,1.420742592048531492e+02,9.732683390573705537e+02,8.366720411467896668e+01,-7.959006257657821948e+01,4.528339463365551865e+02,4.374095558964657471e+02,8.724335029125775520e+01,7.175678189449084812e+02,-2.868196578847856504e+00,-2.140377269176779507e+00,-2.621362193798612239e+00,2.311948494149494309e+02,1.142333938653560210e+02,3.168520918526783703e+02,2.025361941662086167e+02,-2.829574524732204210e+01,-4.254543463594818498e+00,4.427145176903323431e+02,1.856379594752483797e+01,2.939016974072225139e+02
1.489785109417428544e+02,1.951303268988014494e+01,1.681578504257701070e+03,7.884283858367292908e+01,-1.579369119424186181e+02,1.383224368111508966e+03,9.712978894539666896e+01,1.803488277631232961e+02,1.422187756141503769e+03,1.069822108955107751e+02,-2.175631294100096511e+02,1.048075159898379070e+03,3.244945793244769305e+01,3.834838900948473110e+02,1.147821831816754411e+03,2.803453004830856230e+02,-6.808261719022770819e+01,1.045850605270984943e+03,2.034005187585721046e+02,3.010371709433438241e+02,1.018998340952493322e+03,4.452667982428056348e+01,-6.245222162589475801e+01,9.339545719840954234e+02,1.484295679563542762e+02,1.449944926766859510e+02,9.705994655653048540e+02,8.547769361912661168e+01,-7.727391292362224817e+01,4.521637109422691765e+02,4.330541943304605752e+02,8.835635286522825993e+01,7.055116466666022461e+02,-3.303159354513838242e+00,-2.896996398907177195e+00,-2.007552347691884176e+00,2.316889708743931635e+02,1.135826045759407918e+02,3.037544765069868049e+02,2.025144023327288494e+02,-2.676278835546068180e+01,-4.042787851456597359e+00,4.421344356253719639e+02,1.556601293616600046e+01,2.813102618902533436e+02
1.503780631632355664e+02,2.035622275868369968e+01,1.680000613680062543e+03,8.112754547276522032e+01,-1.570482849060438468e+02,1.381433945175528379e+03,9.892659222549083609e+01,1.832427402378275190e+02,1.420791583161941389e+03,1.156229424331635016e+02,-2.163995468664506348e+02,1.044475772942833146e+03,3.669590645227876280e+01,3.868196431168129266e+02,1.150579872955636347e+03,2.857402878513132123e+02,-6.111648811163736639e+01,1.035181189483863591e+03,2.071985820404484002e+02,3.073712187030818086e+02,1.018079038721346137e+03,4.331716141521206964e+01,-5.855222523681036506e+01,9.331699876288785163e+02,1.475655727482410953e+02,1.485545290582702762e+02,9.677584278925622812e+02,8.747936645301868452e+01,-7.488673676950331526e+01,4.514323227492321280e+02,4.284792495753961248e+02,8.988997397586543059e+01,6.939003058834133526e+02,-3.637575151783004390e+00,-3.572240652322732135e+00,-1.383161122723685521e+00,2.324868165181980260e+02,1.127604599972041513e+02,2.908772339642183056e+02,2.022891385950811980e+02,-2.544120114779931185e+01,-3.735377592597643570e+00,4.411426790899119510e+02,1.275947784464617207e+01,2.699022630141864170e+02
1.514863884908148748e+02,2.181990877933717243e+01,1.678441593833441857e+03,8.338095956462737490e+01,-1.560958601788494207e+02,1.379061056969051606e+03,1.006833214361304272e+02,1.859949648094205372e+02,1.419588792118389392e+03,1.240832263969055020e+02,-2.147248977815247599e+02,1.040521491993700920e+03,4.139349895170674642e+01,3.900897477510757199e+02,1.153436694863059984e+03,2.910708877908344334e+02,-5.445690369702380451e+01,1.022817876603670697e+03,2.110626739041707935e+02,3.139522805685703588e+02,1.015789605471957771e+03,4.182620709669063075e+01,-5.422937660309158758e+01,9.319386793469514032e+02,1.466028793169826088e+02,1.526798095275892990e+02,9.648705692069428324e+02,8.961805270876905638e+01,-7.264343570764084745e+01,4.508498350803666881e+02,4.236897452246578268e+02,9.197908874094676435e+01,6.824771624054101267e+02,-3.836129326069106948e+00,-4.059930791597381017e+00,-7.352126640740456187e-01,2.338939678143816252e+02,1.124804413642851131e+02,2.780646746186077394e+02,2.019147840398319431e+02,-2.462155272067548495e+01,-3.373322143512061722e+00,4.401656201213717168e+02,1.024340140112403574e+01,2.595272408618246800e+02
1.523280225345872623e+02,2.383842193344181126e+01,1.676817705825944586e+03,8.556933220368588877e+01,-1.550956644033190912e+02,1.376097675330848006e+03,1.024790059724280411e+02,1.886729215535244748e+02,1.418587131770311771e+03,1.322140277795054999e+02,-2.127267547331952642e+02,1.036459253129433137e+03,4.644729528237819238e+01,3.938088342578261631e+02,1.156195883597990814e+03,2.962419594104196108e+02,-4.891916592326564484e+01,1.009373141434299214e+03,2.153057401217636766e+02,3.209467635367454363e+02,1.012565925668176760e+03,4.017360803865278740e+01,-4.953493305815639758e+01,9.304375922655791555e+02,1.455615855110676762e+02,1.571624903259777852e+02,9.620550651950489964e+02,9.179194108215460801e+01,-7.062131957540505311e+01,4.505552231851256693e+02,4.186789113595727372e+02,9.482676112950753122e+01,6.710309667273415926e+02,-3.922504814229218262e+00,-4.375808683420248535e+00,-3.031029993303615069e-02,2.362186201609547993e+02,1.132386868378191451e+02,2.651542559810338275e+02,2.015182087687124408e+02,-2.446772051214432153e+01,-2.989056555253518876e+00,4.395833073143553520e+02,8.038349892117048867e+00,2.497281335255725310e+02
1.529296845430079941e+02,2.609149837927939686e+01,1.675000537568012078e+03,8.768545899999543281e+01,-1.539579896723140564e+02,1.372661004708360679e+03,1.043601293942291477e+02,1.912873846753437022e+02,1.417639712756999188e+03,1.399850600336672528e+02,-2.106194952543682746e+02,1.032432545763468625e+03,5.197721378705882955e+01,3.983330985663967567e+02,1.158611577408411449e+03,3.013229965788631262e+02,-4.485033318287985793e+01,9.957833809991724365e+02,2.202740317332952600e+02,3.285065897123461696e+02,1.008902769839799475e+03,3.849006254019572282e+01,-4.451536319497338923e+01,9.288435924421124810e+02,1.444716436073024681e+02,1.617883849643196470e+02,9.593562058975430773e+02,9.384871236612485745e+01,-6.873637468359088132e+01,4.505618337205212924e+02,4.134255073314308788e+02,9.857299045548094796e+01,6.594636926124309184e+02,-3.952658650568078080e+00,-4.636915816363990750e+00,7.358764169403063660e-01,2.395458135195200384e+02,1.151557674100525048e+02,2.519837890668026716e+02,2.012237191260772136e+02,-2.495006275065330215e+01,-2.612028689476753929e+00,4.394640987298313348e+02,6.088905062704828453e+00,2.399093729006224294e+02
1.533151595517242640e+02,2.823402807478939636e+01,1.672820885506100467e+03,8.975566735171524613e+01,-1.524294332292839727e+02,1.368920792507603664e+03,1.063508719753046137e+02,1.938476073786222287e+02,1.416511750728141578e+03,1.474977796781295751e+02,-2.084230361997766181e+02,1.028467983972489947e+03,5.825093034287836247e+01,4.037832129059649446e+02,1.160431779983385923e+03,3.064590591499414813e+02,-4.186440113953710807e+01,9.829186013828093564e+02,2.261300984652409340e+02,3.368764570514383649e+02,1.005087620083509705e+03,3.685557066278448701e+01,-3.915450998368641677e+01,9.272616221726713093e+02,1.433473392868734209e+02,1.664432631114232493e+02,9.567139548017631796e+02,9.563493627563593691e+01,-6.677229263439426177e+01,4.507609142635074022e+02,4.079029591189346888e+02,1.031424515127228432e+02,6.478255472149371599e+02,-3.974903242621214083e+00,-4.967098200355051674e+00,1.507984628970433949e+00,2.436139477584404744e+02,1.179306329009119878e+02,2.384275766561690943e+02,2.010952776842891012e+02,-2.584371425166857605e+01,-2.281065457121576934e+00,4.395337680070126680e+02,4.251510093666110102e+00,2.295587409831129264e+02
1.535294470362825336e+02,3.011339185729148937e+01,1.670095033647920900e+03,9.184169693050890260e+01,-1.501593082533063637e+02,1.365018448595171321e+03,1.084733410706539729e+02,1.964105167993498071e+02,1.414987462693650286e+03,1.549868851217597978e+02,-2.058780948110524207e+02,1.024523409529314904e+03,6.556406225449435965e+01,4.100609571701646132e+02,1.161454765516502448e+03,3.117494804740541667e+02,-3.897367190586027164e+01,9.712545807002475158e+02,2.328298877854934972e+02,3.464094845118862054e+02,1.001152895816632167e+03,3.528329920118696350e+01,-3.339045603931043615e+01,9.257034026592746159e+02,1.421740735204822101e+02,1.711278912231170750e+02,9.539954644176165175e+02,9.707305027253234186e+01,-6.445969699652530949e+01,4.509783010041132343e+02,4.020987747249023982e+02,1.081996546032249285e+02,6.363166557863817161e+02,-3.998022675080524557e+00,-5.397129651976515952e+00,2.180657248129123094e+00,2.479031089120895786e+02,1.209234203571835025e+02,2.244626672935538352e+02,2.011277198047481534e+02,-2.679993739845648903e+01,-2.049930576766978874e+00,4.393970780449412246e+02,2.312047926180145652e+00,2.184430933439107321e+02
1.536597144242801392e+02,3.183321403993941345e+01,1.666680919518578548e+03,9.402160198693140103e+01,-1.468682867980203071e+02,1.361025921689140205e+03,1.107442613708561368e+02,1.990733823522115813e+02,1.412957158748427901e+03,1.627555147146657077e+02,-2.026002535511911447e+02,1.020555660290729179e+03,7.413229226706670261e+01,4.169286678106111026e+02,1.161605523429044069e+03,3.171655940394702498e+02,-3.510720696590007606e+01,9.607611591740969743e+02,2.402926481691171148e+02,3.574539384314767858e+02,9.970718866677924552e+02,3.374238396298277110e+01,-2.720352793175009154e+01,9.241172690813551753e+02,1.409092180395348635e+02,1.758907398729099896e+02,9.510709705153110463e+02,9.821744708276884239e+01,-6.158732609944313197e+01,4.510562190720916078e+02,3.960303724720614014e+02,1.132638917636314488e+02,6.252319127160145626e+02,-3.987344590385087706e+00,-5.836227260942076889e+00,2.640727113908741153e+00,2.519039781053836862e+02,1.233781403663582807e+02,2.102173444769930768e+02,2.012831929645579692e+02,-2.746385004247387940e+01,-1.978050336829680900e+00,4.388639840384772128e+02,6.752877068961332663e-02,2.066865715252444886e+02
1.538239052696512488e+02,3.363705859230054074e+01,1.662547867907817590e+03,9.635378119962140886e+01,-1.425202802996006994e+02,1.356957561283946461e+03,1.131436915550994939e+02,2.019131666972689061e+02,1.410440228070159947e+03,1.710300472262651112e+02,-1.983874728355303603e+02,1.016555888838848205e+03,8.403437863947688413e+01,4.241007910334824373e+02,1.161005190560071924e+03,3.225489222017605471e+02,-2.973440859835732297e+01,9.510174695308626269e+02,2.486141553499039105e+02,3.701725194907905347e+02,9.930331140855901140e+02,3.218973530695208041e+01,-2.070438143413104015e+01,9.224418162580263925e+02,1.394905043754362737e+02,1.807507356215099321e+02,9.478872015601372141e+02,9.924945673805977719e+01,-5.810584858652534024e+01,4.509186537096791199e+02,3.897413124053474007e+02,1.179271624316865399e+02,6.148408836887746247e+02,-3.890526992530665140e+00,-6.140367584500284082e+00,2.813581684325400900e+00,2.554091200506003645e+02,1.247349045799990677e+02,1.959446993182921801e+02,2.015376905569752068e+02,-2.759393734928376674e+01,-2.109653915963926263e+00,4.381683903010881522e+02,-2.548092662646054940e+00,1.946889672664689499e+02
1.541264747239029305e+02,3.571003483462607875e+01,1.657819340432276704e+03,9.884665584439844110e+01,-1.373906435806303534e+02,1.352806968781590285e+03,1.155849987827747611e+02,2.049187513657718398e+02,1.407539975358633910e+03,1.797966776332811492e+02,-1.934628121582248355e+02,1.012528515104295252e+03,9.520941166186214843e+01,4.313071323872262610e+02,1.159981978874751576e+03,3.276821622738513042e+02,-2.322305408500910673e+01,9.414467702914180336e+02,2.581401010975424697e+02,3.844005252174345060e+02,9.895561592264850788e+02,3.058424985389942918e+01,-1.414533048894974776e+01,9.206433766847412699e+02,1.378479858112267493e+02,1.856764597039727960e+02,9.444913111118470397e+02,1.004067394637821025e+02,-5.417413844314712179e+01,4.505857235212616843e+02,3.832763312637619606e+02,1.220514076352092729e+02,6.052475876101791528e+02,-3.672680300629686201e+00,-6.229069660813983944e+00,2.686755825496913719e+00,2.586478538030613663e+02,1.248961994419928203e+02,1.819120486436891895e+02,2.018980271264518080e+02,-2.714191031944725552e+01,-2.452696955476635132e+00,4.379413815392595666e+02,-5.367569595417592154e+00,1.829313108529441649e+02
1.546102448204034090e+02,3.804418829548902892e+01,1.652747775043251295e+03,1.014549747565743161e+02,-1.319841537538036675e+02,1.348568213411742818e+03,1.179261050925461660e+02,2.079671295046963735e+02,1.404366793565025091e+03,1.887241906139203991e+02,-1.884603754334514463e+02,1.008439503651377663e+03,1.074927277354902913e+02,4.383207998946681414e+02,1.158992944502342425e+03,3.323852856593979368e+02,-1.671463347245141406e+01,9.315427863611839712e+02,2.693205304897375072e+02,3.996279365526936544e+02,9.873278084231634466e+02,2.888011829613142112e+01,-7.835440799309581372e+00,9.187117213791950689e+02,1.359219217715174750e+02,1.906260148880042209e+02,9.409915108108583581e+02,1.018831942526327481e+02,-5.011373735818449404e+01,4.501310400787315871e+02,3.766545574547579918e+02,1.258342120167884417e+02,5.963137228386361812e+02,-3.333543085234485392e+00,-6.162453219919461489e+00,2.302508705242405807e+00,2.621860746324360321e+02,1.242862862897804206e+02,1.682664982870197150e+02,2.023744689785772266e+02,-2.626759063952979290e+01,-2.968710989448352766e+00,4.389547966125486482e+02,-8.004975609403624404e+00,1.717843998722984509e+02
1.552404522675228122e+02,4.045542609552166624e+01,1.647615446193607795e+03,1.041048639955104562e+02,-1.268400781424917909e+02,1.344224870536938170e+03,1.200376406778947853e+02,2.108654816643571053e+02,1.400981021658667714e+03,1.972432368168157666e+02,-1.841321657397633942e+02,1.004189945046970593e+03,1.206724988812628254e+02,4.449733845765462092e+02,1.158482727824724179e+03,3.365845559710080579e+02,-1.158516057758200013e+01,9.210156036212471236e+02,2.824310802246463368e+02,4.151314929611643834e+02,9.868540149114741098e+02,2.701899488339377342e+01,-2.008696302262706457e+00,9.166218842027616347e+02,1.336878668127303058e+02,1.955966056913410682e+02,9.374831449610099980e+02,1.037548201659340492e+02,-4.627927732331163924e+01,4.496108409648907696e+02,3.698668682176833613e+02,1.297103830605260271e+02,5.877041873410325934e+02,-2.896030546063443456e+00,-6.115289556863412912e+00,1.731943545266747764e+00,2.666597950221620863e+02,1.236311383679198599e+02,1.549688169459431890e+02,2.029307299357076033e+02,-2.528235744661705908e+01,-3.577387997473529424e+00,4.417808132570419843e+02,-1.001229355294033319e+01,1.614300114668303365e+02
1.559364434866488978e+02,4.272505969900175415e+01,1.642604618672305833e+03,1.067309594132632782e+02,-1.223185665667022448e+02,1.339724273667339048e+03,1.218983833675667938e+02,2.134409507527776384e+02,1.397384559700304408e+03,2.047624413993329142e+02,-1.809502265855109044e+02,9.996521715510657486e+02,1.345474793837283585e+02,4.511813089943834711e+02,1.158750026510426096e+03,3.403304268405561288e+02,-8.795039643590133238e+00,9.098446176538169539e+02,2.973477773105159940e+02,4.302193310895076479e+02,9.881693646362344907e+02,2.494396917921084267e+01,3.278499058586137327e+00,9.142972698157821014e+02,1.311800099082202280e+02,2.006338524468819458e+02,9.339880004418939734e+02,1.059721159825816983e+02,-4.290100188702488992e+01,4.490117563839367563e+02,3.629047002958184294e+02,1.341491362042814330e+02,5.790360677037776895e+02,-2.382512255533709489e+00,-6.257895774984379322e+00,1.051791295146797145e+00,2.725026695534555756e+02,1.235544473015208808e+02,1.418503842121795628e+02,2.034553670588598493e+02,-2.453352923602694347e+01,-4.172075286327588728e+00,4.465453730355029052e+02,-1.112316548028008611e+01,1.519242459771016627e+02
1.566328602263484129e+02,4.475477580155451562e+01,1.637706931055171708e+03,1.093026066443330961e+02,-1.184668705774845421e+02,1.334967397348209033e+03,1.236556208785697919e+02,2.156313270155330031e+02,1.393549076520144581e+03,2.109157118293198039e+02,-1.788622376202312978e+02,9.947511386932648065e+02,1.489609164480311279e+02,4.569807081984286583e+02,1.159886618338492781e+03,3.437696685289654965e+02,-8.480575300215015488e+00,8.982483407781825235e+02,3.135243253697840373e+02,4.444960494664323960e+02,9.908111869850807807e+02,2.263770724590571604e+01,8.170134380923641970e+00,9.116084604051735596e+02,1.284958581993687687e+02,2.057984026440292382e+02,9.304387685994563526e+02,1.084202069186844000e+02,-3.998110752823616565e+01,4.482519364424956052e+02,3.557994196880508753e+02,1.394565899861932792e+02,5.700438001975629732e+02,-1.806986287981688921e+00,-6.624206748274040102e+00,3.371042061062262674e-01,2.798089421820080247e+02,1.242217673755725258e+02,1.287642716902975621e+02,2.037892490802208272e+02,-2.426358449205427803e+01,-4.640658639681977782e+00,4.528877260555246949e+02,-1.145529577192889370e+01,1.433338916104760585e+02
1.573296089585716686e+02,4.662448499009643399e+01,1.632724671195577230e+03,1.118228369146879686e+02,-1.150222262224167622e+02,1.329830724203714453e+03,1.255973307312012111e+02,2.175248962232046210e+02,1.389444161663795967e+03,2.157082096774553008e+02,-1.773619643132168733e+02,9.895304759849269658e+02,1.637901697017927347e+02,4.625379917796171299e+02,1.161804844262626602e+03,3.470855131419316990e+02,-9.983677199544761294e+00,8.865841327393525262e+02,3.301816250224447913e+02,4.580213453164149087e+02,9.940846022922438578e+02,2.015990473609158329e+01,1.295236699343308295e+01,9.084143385972906799e+02,1.257722872255103397e+02,2.111296658281875693e+02,9.267082230009866635e+02,1.110092072309120681e+02,-3.730589235908199441e+01,4.472349934975603105e+02,3.486419660390129707e+02,1.456765136286634004e+02,5.606661788732653804e+02,-1.194546484368437911e+00,-7.064301238345903400e+00,-3.330622365271607155e-01,2.883738048650774886e+02,1.252594008504480882e+02,1.157315172288943899e+02,2.038062183945297363e+02,-2.449835574084935530e+01,-4.888956508742200668e+00,4.601303364742763620e+02,-1.153410976461404225e+01,1.358295374164075326e+02
1.580959317938825563e+02,4.851847913085681796e+01,1.627364976484854878e+03,1.142994889028930885e+02,-1.115450020638068622e+02,1.324210447792702325e+03,1.280348057103239512e+02,2.193210260385928052e+02,1.385040026130419619e+03,2.194795681963819618e+02,-1.758203929672527011e+02,9.841475738907274717e+02,1.788967521771547240e+02,4.680996742220148690e+02,1.164318639652390630e+03,3.504185645606011121e+02,-1.225972443226394404e+01,8.752047927899548085e+02,3.465899050057567479e+02,4.712548850278768100e+02,9.974540237932899345e+02,1.765007980842667834e+01,1.794966420301823007e+01,9.046194062686394091e+02,1.231421718397056821e+02,2.166441429283609921e+02,9.226599794958051461e+02,1.137417392986566540e+02,-3.457340022062015805e+01,4.459208589324524041e+02,3.415706477063882858e+02,1.526201887033205935e+02,5.510155460502473943e+02,-6.091425960825281871e-01,-7.325281701439024573e+00,-8.712053382966531423e-01,2.978510176372130331e+02,1.260118194554440549e+02,1.029799411594996172e+02,2.035024346370828709e+02,-2.502148294810998763e+01,-4.863860518455451754e+00,4.675711382814910166e+02,-1.207942160793161968e+01,1.296557338735040048e+02
1.590263684011488010e+02,5.058096832375375129e+01,1.621374245774147539e+03,1.167062247946200557e+02,-1.076162743757711553e+02,1.318061470956268749e+03,1.311541353612527701e+02,2.212287018140973203e+02,1.380291227414659488e+03,2.227035704080446408e+02,-1.738439749224100694e+02,9.787917422447965237e+02,1.940727285734627401e+02,4.738800582604213218e+02,1.167225324353405995e+03,3.537921782519590579e+02,-1.440508361597088438e+01,8.643239223698483329e+02,3.622888285155174799e+02,4.847801048009341116e+02,1.000824924062941591e+03,1.528196540723711827e+01,2.342178168850042397e+01,9.002080599780676948e+02,1.206956565988711105e+02,2.223675231357395603e+02,9.181945081884537103e+02,1.167191959744533278e+02,-3.156678720143823114e+01,4.443652853564123006e+02,3.347411792517796130e+02,1.599924308493653484e+02,5.412644163849871575e+02,-1.561884303573990163e-01,-7.213925637045308648e+00,-1.191508070581023260e+00,3.079208465265136851e+02,1.259876789330157720e+02,9.084224170193976988e+01,2.030336456324480423e+02,-2.546361453877218395e+01,-4.569675307739277770e+00,4.747623005657594604e+02,-1.362798428490436820e+01,1.249902623794102254e+02
1.601817323759939029e+02,5.281139138038846426e+01,1.614638548132478263e+03,1.189612389466467164e+02,-1.030028514812710085e+02,1.311407102464455193e+03,1.349188123425708170e+02,2.233627601758865637e+02,1.375128427207273717e+03,2.257333376314959708e+02,-1.714177338571079190e+02,9.735760035274474831e+02,2.090278908950728294e+02,4.799375779606063475e+02,1.170354572350709759e+03,3.570829271524777937e+02,-1.601487602833279666e+01,8.539532251338272317e+02,3.771515358885353066e+02,4.989411227025984772e+02,1.004565318972905629e+03,1.319203120098227089e+01,2.949866581803013688e+01,8.952318072954097943e+02,1.184678047730428290e+02,2.283662397006654885e+02,9.132729659116430412e+02,1.200844246594823801e+02,-2.827464834731554788e+01,4.426988863996289183e+02,3.283032783769726848e+02,1.675457963480756121e+02,5.315307723675031184e+02,5.678150638415740969e-02,-6.732552190434619277e+00,-1.237114481582189951e+00,3.183780531893863781e+02,1.252284037645085277e+02,7.957607999323683146e+01,2.026640019979234069e+02,-2.547877027635742664e+01,-4.070059860181578060e+00,4.816452890353012322e+02,-1.616916739513277079e+01,1.217842687717729859e+02
1.615575104505121260e+02,5.507757083678519905e+01,1.607200317467100604e+03,1.209429503097095591e+02,-9.771022595182314774e+01,1.304317360542033384e+03,1.390766681711018578e+02,2.257037777939695786e+02,1.369476389305142902e+03,2.286270642204494266e+02,-1.687610333539794283e+02,9.684737836993127758e+02,2.234364357279571607e+02,4.861178323136371660e+02,1.173584369330152867e+03,3.600688541620214664e+02,-1.721474335153712332e+01,8.439478393316636584e+02,3.912967958969166489e+02,5.136104377713523945e+02,1.009289918513416865e+03,1.142772492471908485e+01,3.616916036836102677e+01,8.897574233027632999e+02,1.164568728080359961e+02,2.347446626734187305e+02,9.079126477219500657e+02,1.239352958102832645e+02,-2.489248118996800230e+01,4.410557943921195942e+02,3.223961078146319892e+02,1.751935001096755400e+02,5.218331992243553259e+02,-1.699424668304808095e-02,-6.094924164028827640e+00,-1.013728968231419891e+00,3.291073344832987004e+02,1.243883987475469155e+02,6.922311706832485356e+01,2.026437474500962139e+02,-2.492547851096409417e+01,-3.473656543326439472e+00,4.884760244473566217e+02,-1.898440404827898575e+01,1.196892926563827899e+02
1.630970184415093911e+02,5.723588677813435766e+01,1.599195024071569378e+03,1.225377790822443984e+02,-9.190782278849830789e+01,1.296875749543128677e+03,1.432645185833230528e+02,2.281473457109450180e+02,1.363289506862400231e+03,2.311385217039971280e+02,-1.660418379151389274e+02,9.633406882090172303e+02,2.370210665712203593e+02,4.921142381574215960e+02,1.176842873617178157e+03,3.625424603038806595e+02,-1.840939532786212496e+01,8.341341901833288830e+02,4.049261094336782776e+02,5.282487249019916362e+02,1.015565728358212823e+03,9.949521762970274352e+00,4.331511694284006353e+01,8.838106675998842547e+02,1.146572435901588136e+02,2.416029151391178118e+02,9.021583254534867820e+02,1.282590834949144210e+02,-2.171069735763884267e+01,4.394954859578547257e+02,3.171535328971261833e+02,1.830341405474696614e+02,5.121330132158054766e+02,-3.206312507882388418e-01,-5.611282064842168182e+00,-6.098469657284943946e-01,3.399798657615169759e+02,1.244953894614576058e+02,5.959861622872298881e+01,2.030818701452236610e+02,-2.395376900982277135e+01,-2.908541645056317737e+00,4.955806941231847986e+02,-2.079323198562778074e+01,1.181237160991617543e+02
1.647293618074280062e+02,5.927031030711274440e+01,1.590758360431730580e+03,1.236920621040182056e+02,-8.578594604190182338e+01,1.289158956064655513e+03,1.471534817366320453e+02,2.306080340807956759e+02,1.356579100740845433e+03,2.328603789557525374e+02,-1.631915127492574129e+02,9.580041518536058902e+02,2.496276242138033297e+02,4.976266598092854565e+02,1.180109666618058782e+03,3.644230389983829355e+02,-1.993593489186914880e+01,8.244414530296270414e+02,4.181777014818042630e+02,5.422365289898730225e+02,1.023708668957670966e+03,8.681880676521005924e+00,5.076680382240456879e+01,8.773538945635118580e+02,1.130822733861200931e+02,2.489807316619151436e+02,8.960432739267278066e+02,1.329238126034105107e+02,-1.895652559704020845e+01,4.379662197232263452e+02,3.127003214070110175e+02,1.912781286368139888e+02,5.024242538145812773e+02,-7.071515086115283122e-01,-5.518911731319918523e+00,-1.853033952047867250e-01,3.507446541995614666e+02,1.265451472407042104e+02,5.041858241018558573e+01,2.038883929199851366e+02,-2.294144149337870786e+01,-2.492598391890690213e+00,5.030785298151732263e+02,-2.016060771419187958e+01,1.164496797774801422e+02
1.663953513644391080e+02,6.135078378936462684e+01,1.581965757936253794e+03,1.244352584954511940e+02,-7.944089608098926192e+01,1.281240815769661367e+03,1.505646367650655861e+02,2.331052542824973273e+02,1.349415572505967248e+03,2.334240273878947391e+02,-1.599628186595789998e+02,9.523651853292717533e+02,2.612503356991128385e+02,5.025318439885297153e+02,1.183413931043827688e+03,3.657928694947555641e+02,-2.182898421846016745e+01,8.149594522368410026e+02,4.310546341871950062e+02,5.552711490290879510e+02,1.033741314820367052e+03,7.573479372119543029e+00,5.835617412203247056e+01,8.703149678119842747e+02,1.117623018879340009e+02,2.568231612344316090e+02,8.895596539399596168e+02,1.377304669817811202e+02,-1.667470284229879951e+01,4.363321796455017534e+02,3.091328769593978336e+02,2.001091083523715781e+02,4.928095065358828037e+02,-1.007889314547296689e+00,-5.865017513583979714e+00,7.607926794621305833e-02,3.609817340320403787e+02,1.311676657747422041e+02,4.148513768763879028e+01,2.048208009958215143e+02,-2.230815528587183039e+01,-2.305726667794045781e+00,5.107286766434025935e+02,-1.598277721593442280e+01,1.141700088270920475e+02
1.680413886147327105e+02,6.376781777020586617e+01,1.572836289658562237e+03,1.248591151404059332e+02,-7.285752513973807254e+01,1.273212594145559251e+03,1.535092188464005858e+02,2.357700153581498910e+02,1.341910596521646994e+03,2.326381589746900431e+02,-1.561629944080404755e+02,9.464586009163825793e+02,2.719979477147622902e+02,5.069659113384503826e+02,1.186820009489359109e+03,3.668287736837361308e+02,-2.380615009400997550e+01,8.059013002842185642e+02,4.434326136632246289e+02,5.675718960609414125e+02,1.045464318559176263e+03,6.624959820454122905e+00,6.595640029543599780e+01,8.626530132091968426e+02,1.107246395675377784e+02,2.649904610308018391e+02,8.826558859737114062e+02,1.424982320003372251e+02,-1.470155436589377906e+01,4.344473514268016174e+02,3.064998295036718901e+02,2.095524056798333561e+02,4.835145205209240089e+02,-1.112835211030850147e+00,-6.505805695454355941e+00,3.276454891521662915e-02,3.701411170674017512e+02,1.385412263337849765e+02,3.281643186690289582e+01,2.056061549214543902e+02,-2.231201434148887230e+01,-2.370634006293705021e+00,5.179830603753711102e+02,-7.815858610184633015e+00,1.110451720227665220e+02
1.695957143353005563e+02,6.678184330557620285e+01,1.563382875583913801e+03,1.250659886782402310e+02,-6.598569672062765790e+01,1.265196586753772863e+03,1.561496074088955766e+02,2.387670053106130581e+02,1.334194148699080188e+03,2.305004380636567021e+02,-1.518485536558723652e+02,9.404462887457837041e+02,2.820232085788176732e+02,5.112701287182597980e+02,1.190397062030396228e+03,3.676676959667790356e+02,-2.544400053692655561e+01,7.975083939047971171e+02,4.551169000872342849e+02,5.797667047873012507e+02,1.058545399288567978e+03,5.872026948398228363e+00,7.350579918278437219e+01,8.544225975979583154e+02,1.099769192025728870e+02,2.733086090293077177e+02,8.752668762475667563e+02,1.471393333495318245e+02,-1.273324366564165366e+01,4.322322009992505514e+02,3.048028497408723183e+02,2.194353446340591063e+02,4.748297601932297312e+02,-1.009753074717835375e+00,-7.205446170681794271e+00,-3.607827674192268796e-01,3.776441779841536572e+02,1.485729035279123593e+02,2.464491845798569614e+01,2.060662695326660128e+02,-2.294552814254599582e+01,-2.650090028494296313e+00,5.242017319410606433e+02,4.118533278772311235e+00,1.070778586898024969e+02
1.709621840042456711e+02,7.048023517435622409e+01,1.553656720326227060e+03,1.251185162631596484e+02,-5.884021755686070065e+01,1.257328492396470892e+03,1.587120913424162438e+02,2.421878691768524163e+02,1.326391265467133053e+03,2.271026931676333334e+02,-1.473096059780531846e+02,9.345501809927163777e+02,2.914546523360612582e+02,5.158321296073420399e+02,1.194180992292052224e+03,3.682812521519119855e+02,-2.642329637990984637e+01,7.899558253535169570e+02,4.659104892181952096e+02,5.925455453315557861e+02,1.072570399393729758e+03,5.345686460779180749e+00,8.101546045600638024e+01,8.457955853257678882e+02,1.095097442045729821e+02,2.816351043106375869e+02,8.673645409717836401e+02,1.516869715782910362e+02,-1.044518254930835077e+01,4.297097443274387274e+02,3.040186886309763281e+02,2.294857895218943042e+02,4.670031154128783442e+02,-7.609619935914299083e-01,-7.759225427570380695e+00,-1.040315987678686049e+00,3.830017417201072476e+02,1.612058451153419867e+02,1.729164162786587866e+01,2.061766201789538115e+02,-2.398276840923717756e+01,-3.064095588333421105e+00,5.288972949023956289e+02,1.924619404186723770e+01,1.023894433211928146e+02
1.720536690984601194e+02,7.473027877492955895e+01,1.543744402485378259e+03,1.250179734784594814e+02,-5.153939269552972746e+01,1.249704228673610260e+03,1.613950124152710259e+02,2.459939521758841749e+02,1.318593822021415917e+03,2.225109791782697073e+02,-1.428575576218822789e+02,9.289597921432720113e+02,3.003637981803979073e+02,5.209121075676947612e+02,1.198145509584592673e+03,3.684233841583701405e+02,-2.671263026812005492e+01,7.833001018314647581e+02,4.756690203756370465e+02,6.063055123011076830e+02,1.087079694016008489e+03,5.042298460513549685e+00,8.855871996195939744e+01,8.370218442492378017e+02,1.093149558977452784e+02,2.899087342830424063e+02,8.590001200451050636e+02,1.562647179674593474e+02,-7.605750536749812163e+00,4.269838802749127353e+02,3.041212184506990752e+02,2.395262586168570067e+02,4.601318191491506582e+02,-4.447498278063942712e-01,-8.064539797026014867e+00,-1.864030660462495881e+00,3.859119065556001260e+02,1.766414978519514136e+02,1.099627176465987866e+01,2.060373470819666011e+02,-2.513159899701059175e+01,-3.520907723988391691e+00,5.318818768142837143e+02,3.708347922861955226e+01,9.707021010757189572e+01
1.728491216353994844e+02,7.925755150195082877e+01,1.533724466016452652e+03,1.247155750453751040e+02,-4.424397157986772555e+01,1.242322116180230523e+03,1.643068174334197522e+02,2.500514082527180335e+02,1.310832267522160919e+03,2.167027975425827435e+02,-1.385950524177083309e+02,9.237670897028035597e+02,3.087781045080548097e+02,5.265441887714227960e+02,1.202200170404621304e+03,3.676772481607412146e+02,-2.661057001922441501e+01,7.774849784541273721e+02,4.843336759934120437e+02,6.209925521330500260e+02,1.101648070447839700e+03,4.920379248367098057e+00,9.624500458737205122e+01,8.283455582418393988e+02,1.094013232177276365e+02,2.981629259711327222e+02,8.503091875905976167e+02,1.610150884266748221e+02,-4.139893130655488918e+00,4.241778118887164055e+02,3.050825569209776518e+02,2.496365014610589128e+02,4.541055831674618162e+02,-1.108200863623207688e-01,-8.112568845397877482e+00,-2.672571840376832597e+00,3.863216907899777084e+02,1.953174454616968205e+02,5.797667423187038871e+00,2.057919818173450039e+02,-2.618391946960429451e+01,-3.948739976643167005e+00,5.332748489523283979e+02,5.754001547436808295e+01,9.109090522347479180e+01
1.734284972564441887e+02,8.380453187102732215e+01,1.523633829191529912e+03,1.241404554893013170e+02,-3.703158279393512942e+01,1.235072143967657894e+03,1.674482929359391790e+02,2.542343245390277673e+02,1.303071244259742343e+03,2.095937708936295110e+02,-1.343505533767053350e+02,9.189719141347371760e+02,3.167242911825539977e+02,5.325542087360826145e+02,1.206222700168465735e+03,3.655828160732401670e+02,-2.663681771187529890e+01,7.723993791048189905e+02,4.919403480513479394e+02,6.362025763094612785e+02,1.116014224190118739e+03,4.918870241692580692e+00,1.041882822561351389e+02,8.199225918260627850e+02,1.097937860063951661e+02,3.065018799039767146e+02,8.414717934822971301e+02,1.660237151618472353e+02,-1.215980207701533172e-01,4.213723276946941496e+02,3.068557549892833549e+02,2.601585607276368819e+02,4.486354744785240882e+02,2.211314589072077286e-01,-7.928665388579971385e+00,-3.346411573654271443e+00,3.844448251504859400e+02,2.176382809015285886e+02,1.520781711959954707e+00,2.055534007469724429e+02,-2.707319644315869667e+01,-4.315473113872376310e+00,5.334109440176918042e+02,8.090210404512168907e+01,8.432210961423248818e+01
1.739481721046288953e+02,8.828191200214716616e+01,1.513489204211411788e+03,1.232256924007135552e+02,-2.978930632779638543e+01,1.227801755841381691e+03,1.707338032706857973e+02,2.585250818337589749e+02,1.295251444063071176e+03,2.011242405202109751e+02,-1.298080983239935335e+02,9.145568825322701514e+02,3.242720585386244920e+02,5.386716827695994425e+02,1.210112872424857869e+03,3.617858341391003592e+02,-2.731939762168904551e+01,7.679614726184746587e+02,4.986034100243959983e+02,6.514491151663457913e+02,1.130176058605161870e+03,4.983481648302439559e+00,1.124823152658450027e+02,8.117861159729403653e+02,1.105202148073673953e+02,3.150549958780872544e+02,8.326516382605183253e+02,1.712747094442018181e+02,4.299513906842416411e+00,4.185799530061989344e+02,3.093636820694131302e+02,2.715284633594698107e+02,4.433675265573286879e+02,5.314068837183578697e-01,-7.512328746776223198e+00,-3.835588377278949856e+00,3.807213751989069692e+02,2.436344572677912481e+02,-2.132126548348606043e+00,2.053732476536703473e+02,-2.782365153217868325e+01,-4.630236752552181478e+00,5.327085279722840596e+02,1.075397748060031518e+02,7.664831721104950191e+01
1.745644730948107508e+02,9.283785883087789159e+01,1.503355325312356626e+03,1.219264122072021621e+02,-2.219732673230681286e+01,1.220430219142402848e+03,1.740355717293262217e+02,2.630500892377439754e+02,1.287365654969535171e+03,1.913410531522993097e+02,-1.246960908544418913e+02,9.105767229029461305e+02,3.315502445156968747e+02,5.446723132397028166e+02,1.213837032542412999e+03,3.561301555068729385e+02,-2.895438911237707913e+01,7.641863687096341664e+02,5.044751907216738687e+02,6.664272742680710735e+02,1.144344545422812416e+03,5.092445574366083250e+00,1.211879305004612064e+02,8.038775286503620237e+02,1.116018830495410299e+02,3.239305091904486744e+02,8.239527057235953862e+02,1.766542520915078569e+02,9.002999046558683105e+00,4.157649665072963217e+02,3.125153678943086675e+02,2.840563278573454227e+02,4.380353559793871341e+02,7.748150277174433720e-01,-6.814660482739147263e+00,-4.154325354323994191e+00,3.757074843058443889e+02,2.728024525811328544e+02,-5.435434665299154311e+00,2.052496372314701034e+02,-2.845159909967122758e+01,-4.928579027608915197e+00,5.315341765747876934e+02,1.375757931281663957e+02,6.811209501874046168e+01
1.753579921844083174e+02,9.781929900559094904e+01,1.493399883460750289e+03,1.202356889458155678e+02,-1.382226842664551647e+01,1.213037009076522281e+03,1.772336646558577229e+02,2.680394006413297348e+02,1.279517067132206193e+03,1.804163611295822705e+02,-1.188647601410322636e+02,9.071868426840748043e+02,3.387216040924680556e+02,5.504854905420642126e+02,1.217430728783823497e+03,3.486408084977403519e+02,-3.142413520921119030e+01,7.611943442766918224e+02,5.096936067874436844e+02,6.811298862626532582e+02,1.158741101459804213e+03,5.274744206099324373e+00,1.303288160441976515e+02,7.961162992033283672e+02,1.130575139409625791e+02,3.331854426140392889e+02,8.154147077657546561e+02,1.819945129007985543e+02,1.397533017524938437e+01,4.128883517410234276e+02,3.162435407932013050e+02,2.978195558819479629e+02,4.325725571905392144e+02,8.863424062933609182e-01,-5.763314153199480039e+00,-4.351030878846349204e+00,3.699119950034954059e+02,3.042831569212115710e+02,-8.510690774179881402e+00,2.051482599198798482e+02,-2.890422249559217249e+01,-5.248965841124469733e+00,5.300836166893207064e+02,1.707714385806526991e+02,5.899977483483916529e+01
1.763148450870871216e+02,1.036483629989603514e+02,1.483876250035652674e+03,1.182020163201146374e+02,-4.278894458245593668e+00,1.205856003724020638e+03,1.802566103315430439e+02,2.737459834414138982e+02,1.271905692057073111e+03,1.685844020075818435e+02,-1.122019326277764293e+02,9.045713799222689886e+02,3.459203202278327467e+02,5.562316718611872375e+02,1.220949195399527071e+03,3.394094724683750428e+02,-3.415233721869775252e+01,7.591420037915523835e+02,5.143416853890250877e+02,6.957697816425387600e+02,1.173360229213518323e+03,5.609351668485457409e+00,1.398916887735843204e+02,7.884581910998871308e+02,1.149130090298898637e+02,3.428233790532788703e+02,8.070366207783087020e+02,1.871324878918771333e+02,1.930678981986691056e+01,4.099417807021367821e+02,3.205328423708201626e+02,3.127398092328864436e+02,4.271122849419123781e+02,8.156419895517285079e-01,-4.318516371999487014e+00,-4.472461787180554538e+00,3.636349525130372058e+02,3.373113200063191357e+02,-1.127326604427651091e+01,2.050226737902666514e+02,-2.908167038060355480e+01,-5.611561559427888035e+00,5.283075299975413373e+02,2.067089215051570363e+02,4.979887166852888214e+01
1.773756926499918620e+02,1.106690047787766105e+02,1.475030425139098270e+03,1.159397081977650288e+02,6.616539693516673815e+00,1.199166015346052291e+03,1.830995894162249158e+02,2.803733279376849055e+02,1.264736524312328584e+03,1.560260226474588592e+02,-1.044920316080928586e+02,9.028006545053642640e+02,3.531719557164249750e+02,5.621924750352557112e+02,1.224392490391458750e+03,3.284562729147904179e+02,-3.623502759442765608e+01,7.581028497683003025e+02,5.184355627399959303e+02,7.105758074045218109e+02,1.187873580231637106e+03,6.197176382171693199e+00,1.498346830115656303e+02,7.809057629734481907e+02,1.171995268858008785e+02,3.528265766655428024e+02,7.988011616048507904e+02,1.919558776850515187e+02,2.510106172686665715e+01,4.069460135801422211e+02,3.254118674174349053e+02,3.287656943113565831e+02,4.218599499112060585e+02,5.656443591311657304e-01,-2.524940326352416164e+00,-4.537880993364985294e+00,3.568795657188249493e+02,3.716705119492995095e+02,-1.347430417163938010e+01,2.048359742220713144e+02,-2.891832271201997173e+01,-6.009989289960382841e+00,5.259190823240194277e+02,2.451251778802438537e+02,4.102168482564913177e+01
1.785073891296046042e+02,1.190330167706779889e+02,1.466989145936731120e+03,1.136165898033816006e+02,1.877786904630228548e+01,1.193137818411732269e+03,1.858133824830017602e+02,2.880414865907602007e+02,1.258105091292882207e+03,1.427620065149617972e+02,-9.537216447593159785e+01,9.017048553078232089e+02,3.603262813232469739e+02,5.687383216874314940e+02,1.227658893330007686e+03,3.156537773164257032e+02,-3.671278005984112269e+01,7.579620642535501247e+02,5.219302073340967354e+02,7.256024180805472952e+02,1.201765362974524351e+03,7.114516151082247220e+00,1.601124558420913218e+02,7.734756573108442126e+02,1.199326520721684233e+02,3.632171869637644477e+02,7.906838361612383324e+02,1.964192955237374747e+02,3.135619340912514730e+01,4.039181353960688057e+02,3.309093736904265484e+02,3.460048145886242992e+02,4.169060968622538894e+02,2.087602502475512378e-01,-5.221055907787409689e-01,-4.531374665563117965e+00,3.493881414196654873e+02,4.078588559290909643e+02,-1.481288890659670798e+01,2.045853319155062877e+02,-2.845408676745551446e+01,-6.421402672828202540e+00,5.225016275890585575e+02,2.861451415725589982e+02,3.297530739202456829e+01
1.797352952306790996e+02,1.286840560923765224e+02,1.459700954058497928e+03,1.114136951614463982e+02,3.190506808227291558e+01,1.187729611213698035e+03,1.884718735512291801e+02,2.967932271733226344e+02,1.251939647993776816e+03,1.286117337014202633e+02,-8.444754457116785318e+01,9.008555012663875914e+02,3.670376963337855614e+02,5.762395630704636460e+02,1.230571921456183418e+03,3.007483001963165634e+02,-3.487988884708595805e+01,7.583942847425273612e+02,5.247141882107597439e+02,7.406826580222805205e+02,1.214624764220608540e+03,8.373859160092736786e+00,1.707155575067980351e+02,7.661600384706767954e+02,1.230855864614108981e+02,3.741190063145552926e+02,7.826521163439872453e+02,2.005317486916077030e+02,3.790695398337656030e+01,4.008370169221542483e+02,3.369998069393897140e+02,3.646971912044504052e+02,4.120945470156131591e+02,-1.314632339414935069e-01,1.501268992362466026e+00,-4.413874875298936296e+00,3.408011457959731274e+02,4.468350940411123133e+02,-1.506861474807335100e+01,2.043173946367083715e+02,-2.783964001585723125e+01,-6.829333345035497160e+00,5.176897828997144870e+02,3.302371104424684063e+02,2.561398123511360936e+01
1.811109340617371402e+02,1.394521202964326108e+02,1.452962644477872800e+03,1.094733772507551635e+02,4.564090349509460509e+01,1.182695240103614651e+03,1.911405509271952496e+02,3.066212454492135748e+02,1.246041934194508713e+03,1.132376301173308519e+02,-7.148630186916807361e+01,8.996912222581913738e+02,3.728219823863216789e+02,5.849786658601076397e+02,1.232980107526943357e+03,2.834400072769527128e+02,-3.050854555945590008e+01,7.589497763017117222e+02,5.265868658674137350e+02,7.555601112343671275e+02,1.226402026254977272e+03,9.917653228199668547e+00,1.817002386782378096e+02,7.589193792911434002e+02,1.265790695348002401e+02,3.857705920082941589e+02,7.746708377735162685e+02,2.043314411994027751e+02,4.448479256025900241e+01,3.976388169641698482e+02,3.435676993462400901e+02,3.850481259886353769e+02,4.070378375305241434e+02,-3.254879011818009871e-01,3.386758061894361127e+00,-4.150373543963755019e+00,3.308787790267987816e+02,4.894654496210898742e+02,-1.420224733667986072e+01,2.041178575229367596e+02,-2.727319989352204388e+01,-7.242884459120412011e+00,5.113509868522889974e+02,3.779015607126067380e+02,1.858510550921871385e+01
1.826468358466662210e+02,1.512036414752171822e+02,1.446505957501622106e+03,1.078656469605582942e+02,5.974664488576144095e+01,1.177701886965935728e+03,1.938689681927294544e+02,3.174909544583020988e+02,1.240197660237101672e+03,9.625200566859281537e+01,-5.654274495624389374e+01,8.977409654000890669e+02,3.771957732191485206e+02,5.950762012356339028e+02,1.234871626891479991e+03,2.634458810078100441e+02,-2.390718208631796671e+01,7.592050756661573132e+02,5.272583060302357580e+02,7.701093203771615663e+02,1.237446208872504712e+03,1.165164989985820831e+01,1.931759425345740055e+02,7.517144379656450610e+02,1.302993647753530695e+02,3.984507126107822046e+02,7.667220618805959020e+02,2.078679995280042476e+02,5.087160451870456512e+01,3.942534470689573709e+02,3.504077292611141274e+02,4.070427705316367337e+02,4.012875767209791888e+02,-2.858619368508060754e-01,5.074167379947910561e+00,-3.740071183112877673e+00,3.196846586874810328e+02,5.359704118294749833e+02,-1.238394144401543961e+01,2.040737139633684762e+02,-2.691262327111067165e+01,-7.695151142771194941e+00,5.036801142054014235e+02,4.292784705167894117e+02,1.147100027950520307e+01
1.842788186024513379e+02,1.639505982484564584e+02,1.440089320141830967e+03,1.065928213984929727e+02,7.420419549448571672e+01,1.172490552240050874e+03,1.967132579736369564e+02,3.293427072299368774e+02,1.234279641990347955e+03,7.733688588276815778e+01,-3.990838457290924168e+01,8.948371504584351896e+02,3.798651050041348753e+02,6.064477678402681704e+02,1.236421488838934465e+03,2.404957137275936816e+02,-1.579539358507585867e+01,7.588888584820564347e+02,5.264267270517549377e+02,7.844842456584984802e+02,1.248278100540723017e+03,1.349990440552919679e+01,2.052406864738614161e+02,7.445524234797933332e+02,1.341332628005433776e+02,4.123301628369616765e+02,7.588312634319605650e+02,2.112012212373158206e+02,5.705352747803703295e+01,3.906640877681284110e+02,3.572589775373805878e+02,4.303787759034497640e+02,3.945719010484021965e+02,9.268426768964209764e-03,6.621230890800275937e+00,-3.231232181664829728e+00,3.076363708660270504e+02,5.856718013081621166e+02,-9.933841658010244657e+00,2.042289417024069849e+02,-2.681315699777370298e+01,-8.217865816538921564e+00,4.951520478957351656e+02,4.839105669131099035e+02,4.096995406314967170e+00
1.858917241832857599e+02,1.778461686178393961e+02,1.433553620587150363e+03,1.056247221304509480e+02,8.920182096731460319e+01,1.166991641116944265e+03,1.997713462246560994e+02,3.420787426193298870e+02,1.228279494259674948e+03,5.633304341558044825e+01,-2.191226384176893305e+01,8.912104369542288396e+02,3.808866323010152541e+02,6.188173159769870608e+02,1.237925746136343832e+03,2.142798834601059355e+02,-7.029482399584060737e+00,7.579119603344126972e+02,5.239344034467296751e+02,7.990815671162321223e+02,1.259226366581308866e+03,1.545052771496974664e+01,2.179007677998192207e+02,7.375101120666574843e+02,1.379965320281541779e+02,4.273317288096455400e+02,7.510806336397291716e+02,2.144059051462020591e+02,6.327344781759632042e+01,3.869530123047211987e+02,3.638565045481823859e+02,4.545817677225441003e+02,3.869657920962741855e+02,5.305363555652281571e-01,8.170501853100741840e+00,-2.706871641836889886e+00,2.953838574231847360e+02,6.371747360914531555e+02,-7.198039163935016305e+00,2.045616796129956469e+02,-2.691456506457634035e+01,-8.808809215930670788e+00,4.863437940807659174e+02,5.408076120280056784e+02,-3.282771282461330653e+00
1.873885833781694430e+02,1.930738329410182246e+02,1.426838974352957393e+03,1.049331263259888942e+02,1.050372032082457139e+02,1.161340102968054453e+03,2.031987436396164810e+02,3.555597661195123464e+02,1.222266203813842822e+03,3.328568334078546798e+01,-2.693850785568830730e+00,8.874174949984851537e+02,3.807103290532693336e+02,6.318080773909670143e+02,1.239656940302816565e+03,1.844285110457411747e+02,1.743205626632432947e+00,7.563027038661488177e+02,5.199170940152256435e+02,8.143431841649546641e+02,1.270157934053541567e+03,1.756895506840637466e+01,2.310416260951965057e+02,7.307119060158897810e+02,1.418407242800173265e+02,4.431058857491379399e+02,7.435928404556615305e+02,2.175613671135597542e+02,6.994445645689734192e+01,3.832993157567103708e+02,3.699777905244811222e+02,4.792643245383894737e+02,3.788953346155471991e+02,1.237343919369819911e+00,9.888761180920353056e+00,-2.245107723305589165e+00,2.835612326176366196e+02,6.888917561667966538e+02,-4.416598737923570717e+00,2.049967636393650139e+02,-2.707019045726044126e+01,-9.416566023634485916e+00,4.777049483397145195e+02,5.987858426041705115e+02,-1.004392581848766675e+01
1.887439744832731492e+02,2.097126892282425104e+02,1.419986465953560810e+03,1.044953102319760205e+02,1.220161067471224925e+02,1.155798483374085663e+03,2.071783292269968797e+02,3.696360639514031732e+02,1.216327641363571047e+03,8.464580318963868422e+00,1.791032768878067216e+01,8.841412024643851737e+02,3.800507766336525037e+02,6.451015640253326637e+02,1.241735793658798684e+03,1.506044067363581291e+02,1.037307293178570688e+01,7.541196749611183350e+02,5.148266443711937654e+02,8.305443202125867401e+02,1.280489367835444227e+03,1.997729135696529212e+01,2.444945367611173026e+02,7.242725824594433561e+02,1.456437879594386118e+02,4.591762797945814896e+02,7.364853183598105488e+02,2.207152264742531145e+02,7.747651354460127493e+01,3.799195294087876391e+02,3.754694026464766807e+02,5.044058933830764317e+02,3.709742025527027067e+02,2.112385119653591659e+00,1.191254725058138497e+01,-1.877971785280269312e+00,2.725279662221013837e+02,7.396486717368884456e+02,-1.645827618992828034e+00,2.054452086009610241e+02,-2.709585805404824654e+01,-9.955599444573593360e+00,4.693855035616248301e+02,6.569079101714199851e+02,-1.546405028120392089e+01
1.899955011054813099e+02,2.276767811449632006e+02,1.413143991527247181e+03,1.042624648818546262e+02,1.404059268999247649e+02,1.150648131221874792e+03,2.118455068421821181e+02,3.842136063972493503e+02,1.210553834982229773e+03,-1.762273862293987747e+01,4.029458407315983948e+01,8.819703425183439549e+02,3.796182590570325033e+02,6.586069457558614886e+02,1.244100960699880943e+03,1.127195981458020100e+02,1.928866032902215366e+01,7.514282738070438654e+02,5.092697133308511752e+02,8.477208405272172058e+02,1.289487594273714876e+03,2.281656787285947985e+01,2.581759410449809025e+02,7.182406835194301493e+02,1.494024901944558508e+02,4.751993104788493270e+02,7.298170153682865475e+02,2.238367548228009980e+02,8.612028842589712951e+01,3.769785910236628865e+02,3.802522465541389920e+02,5.305000353314437689e+02,3.637662182185393931e+02,3.164115866418570455e+00,1.432010166197891365e+01,-1.576967285951845543e+00,2.622305771818103040e+02,7.890741963905977627e+02,1.231007432249040079e+00,2.058480544813136817e+02,-2.681978995290664258e+01,-1.034282964675953842e+01,4.612029666943569168e+02,7.147933557371344477e+02,-1.904568975867357139e+01
1.911827245072717290e+02,2.467702452779937232e+02,1.406566700029507274e+03,1.041191753275918899e+02,1.604426208756489700e+02,1.146112922340440718e+03,2.172056754835491006e+02,3.993228189846133205e+02,1.205067593854008237e+03,-4.423585287291518142e+01,6.486581924507721908e+01,8.812725604480941684e+02,3.798261991329753187e+02,6.725515073060015538e+02,1.246579209779960138e+03,7.117908949223915727e+01,2.928495639208597012e+01,7.483744209526834084e+02,5.037306230929362982e+02,8.657753634290455693e+02,1.296668119511140276e+03,2.621080128170482837e+01,2.722135520873712835e+02,7.125792791622857294e+02,1.531371748992911535e+02,4.911903583700353124e+02,7.235599531243370848e+02,2.267923566039174261e+02,9.591073719100516826e+01,3.745217222322061161e+02,3.843090991285295104e+02,5.584537422482993634e+02,3.575997625849812493e+02,4.397031741210824407e+00,1.712939881639096384e+01,-1.276473657550809326e+00,2.522588690853791888e+02,8.375751892575304964e+02,4.413031754981277643e+00,2.062015844184248579e+02,-2.612524953011481799e+01,-1.053312981765565404e+01,4.527582218648750541e+02,7.726291448651568317e+02,-2.070753118663391490e+01
1.922911917681623777e+02,2.668155067513667404e+02,1.400581972137193361e+03,1.038708316848126003e+02,1.823395628861091780e+02,1.142340717584055483e+03,2.230958256617237510e+02,4.151431822989593456e+02,1.200049986828656984e+03,-7.046100239542246868e+01,9.180467231056694288e+01,8.822145143539640912e+02,3.806206859124833386e+02,6.874241416479653708e+02,1.248981878217956819e+03,2.700112868750545658e+01,4.110345870382852951e+01,7.453102660378000337e+02,4.983385062962921666e+02,8.846611786414738390e+02,1.302021893600709518e+03,3.024104407288042040e+01,2.869663784252268215e+02,7.071959353833105979e+02,1.569000110837963007e+02,5.075656127920568110e+02,7.176164724164561903e+02,2.293682457009592213e+02,1.067192065705340980e+02,3.724682472504568977e+02,3.876562570455347441e+02,5.892333599965736539e+02,3.525137565596875788e+02,5.777150090214605349e+00,2.030922671802272461e+01,-9.194484051977706018e-01,2.420653844938449026e+02,8.858960450108656914e+02,8.053419968739765622e+00,2.065517427017838941e+02,-2.498474756425877530e+01,-1.053451289314742922e+01,4.436324697222656255e+02,8.308636146162957630e+02,-2.076014205924272460e+01
1.932557373065588422e+02,2.877626034442060927e+02,1.395503395652201561e+03,1.032780283360222313e+02,2.062473288423863949e+02,1.139424084509620570e+03,2.292186550135487266e+02,4.319574785324534787e+02,1.195702545191483750e+03,-9.534496832719190706e+01,1.209429350582959586e+02,8.848946044981217938e+02,3.815218005567928117e+02,7.037826856348148112e+02,1.251147754092976811e+03,-1.828062271764598634e+01,5.505179350247152570e+01,7.428821722916817407e+02,4.928243626304986265e+02,9.044920939108924358e+02,1.305915658399895392e+03,3.492793025685775632e+01,3.029038683049960810e+02,7.020039921207974203e+02,1.607678552982915221e+02,5.249471379135680991e+02,7.118770562942116840e+02,2.313371089455208391e+02,1.183550383491717781e+02,3.706711668609241883e+02,3.903045312951878714e+02,6.233963339370166068e+02,3.483312097414437858e+02,7.225820813853253810e+00,2.379166239333882871e+01,-4.932720338006472693e-01,2.312274195569021060e+02,9.344743606775712124e+02,1.214835093030860058e+01,2.069626736142836592e+02,-2.348307055088000794e+01,-1.039755772201108996e+01,4.335629202459048201e+02,8.897482622192877670e+02,-1.972015688875550410e+01
1.940236223262524220e+02,3.097112003990395124e+02,1.391520084807790226e+03,1.021242434585291363e+02,2.321637490611378780e+02,1.137425833946854482e+03,2.352311761957399483e+02,4.500557457792294827e+02,1.192144222272886282e+03,-1.180667217843586343e+02,1.518260804282550680e+02,8.894907178101165073e+02,3.818519039068761458e+02,7.220250824291474601e+02,1.252920236987638873e+03,-6.289412807469899747e+01,7.092434792928203535e+01,7.420105890856071937e+02,4.866979547718896697e+02,9.255009520486860310e+02,1.308742093554324356e+03,4.022136214861738779e+01,3.203982440696764797e+02,6.969829413526324515e+02,1.648130293921051646e+02,5.438260057391674991e+02,7.062906198366121089e+02,2.325356781978542244e+02,1.306451226097642007e+02,3.690066694257062636e+02,3.922269027823407441e+02,6.607452158534835007e+02,3.447937751454330169e+02,8.654321903653942272e+00,2.748453638437904090e+01,-2.912031863640208301e-02,2.196201482999059635e+02,9.829286324679383142e+02,1.648952241107201644e+01,2.074799988448548049e+02,-2.181785454730257712e+01,-1.018639183845473006e+01,4.225220155824473522e+02,9.489937479260797772e+02,-1.809238659020060780e+01
1.946214562495823657e+02,3.328491602272790715e+02,1.388618496179389922e+03,1.002799686597875564e+02,2.598547574197784797e+02,1.136386924006092386e+03,2.408379701146531602e+02,4.696455948765800485e+02,1.189309746695305876e+03,-1.380674797061009258e+02,1.839238922090202664e+02,8.963202464545790917e+02,3.810241481823741196e+02,7.422514451967358582e+02,1.254119841260113162e+03,-1.051417240253994407e+02,8.829780870625114630e+01,7.437530812358503454e+02,4.795365768598706495e+02,9.478940407372301706e+02,1.310573794913130087e+03,4.600230534465214305e+01,3.395488322447185965e+02,6.922086891101747597e+02,1.690695382433608245e+02,5.642820567049119518e+02,7.009101812742774200e+02,2.329102109984293349e+02,1.434642475661505614e+02,3.674403592048133191e+02,3.933559912783171626e+02,7.003103333796316292e+02,3.416807925729133899e+02,1.002108936421195295e+01,3.129109923062267029e+01,4.359461986405856471e-01,2.074402047499687569e+02,1.029964920238407785e+03,2.069915690037504419e+01,2.081136361861899786e+02,-2.026052674546261656e+01,-9.945715520719096148e+00,4.106883613432742095e+02,1.007748731032195451e+03,-1.622675413338910033e+01
1.951613457225129480e+02,3.573658964604115909e+02,1.386582352135886367e+03,9.772925210138072316e+01,2.888676814078100961e+02,1.136314661631048011e+03,2.458462984262306179e+02,4.908185527371318813e+02,1.186933072132843108e+03,-1.550802163221426611e+02,2.168696188045986730e+02,9.057599216660426009e+02,3.787418714628846033e+02,7.642796021297293692e+02,1.254576666406548838e+03,-1.436119823701788221e+02,1.070036971927438572e+02,7.490976809092555868e+02,4.712111107182020078e+02,9.717130712476359804e+02,1.311057994584533162e+03,5.210453962802754546e+01,3.601511504766279472e+02,6.878363984267321030e+02,1.735243978758979608e+02,5.859431446904941367e+02,6.958842109388348263e+02,2.325066598967884204e+02,1.567453417099301589e+02,3.660303076058472129e+02,3.936190172451131275e+02,7.407056100098881188e+02,3.388674399468805518e+02,1.137559416563481740e+01,3.514412795851379911e+01,9.052281132930815044e-01,1.951083160688615408e+02,1.073777654731508619e+03,2.432814835380274587e+01,2.088523164945415829e+02,-1.906972256797948972e+01,-9.679834206267921459e+00,3.983490363626482349e+02,1.064917712516220718e+03,-1.428466008578188351e+01
1.957711379282367545e+02,3.833910950150401504e+02,1.385070091736809673e+03,9.454973639355198145e+01,3.186750414735974459e+02,1.137162062700017941e+03,2.501747565694323328e+02,5.135744803851927145e+02,1.184645611230389250e+03,-1.690729263349851692e+02,2.505976450585818611e+02,9.180534200079497396e+02,3.750281303340964882e+02,7.877729401908752607e+02,1.254215526387731188e+03,-1.772556697805183603e+02,1.274323957798732607e+02,7.587523068649161360e+02,4.619229502766428936e+02,9.967850730533795058e+02,1.309591233211408735e+03,5.835756031389544773e+01,3.818395398585608973e+02,6.840366686831922607e+02,1.781494092530658975e+02,6.082265575828045030e+02,6.913881401402794609e+02,2.314188215245739002e+02,1.705146888062754726e+02,3.648628131167604352e+02,3.929891380174753976e+02,7.806969674844098108e+02,3.363171371851163940e+02,1.285991773768751045e+01,3.905323856022296525e+01,1.437529551483247792e+00,1.831202058051247832e+02,1.112760099402384185e+03,2.696739685260208930e+01,2.096994362972554597e+02,-1.837662321660947029e+01,-9.354127322238843689e+00,3.857843924035958594e+02,1.119632165784039898e+03,-1.229672172870581370e+01
1.964986566245321455e+02,4.109632126187981385e+02,1.383727020390185317e+03,9.086553028755261607e+01,3.489025171109285566e+02,1.138811378859214756e+03,2.538351029524312139e+02,5.378618422748259036e+02,1.182137003181547925e+03,-1.801808015911209111e+02,2.853182705344902388e+02,9.331054173260201878e+02,3.701127420889743007e+02,8.123857271350588007e+02,1.253112076020165432e+03,-2.053917595880358533e+02,1.504289597787285686e+02,7.729806867848272987e+02,4.520531218629478758e+02,1.022771430783946585e+03,1.305601644925751771e+03,6.463650273040548200e+01,4.043202208156425286e+02,6.809096788381040142e+02,1.829567400080406401e+02,6.307247896851027917e+02,6.875257539686251675e+02,2.297320266236303326e+02,1.849581473232366307e+02,3.639564989166879059e+02,3.915163914544937711e+02,8.196963312993373165e+02,3.340314560548728764e+02,1.466489891039521964e+01,4.315222265294782034e+01,2.112392416612782764e+00,1.719001771131104590e+02,1.146180140652372074e+03,2.831994780670462930e+01,2.107032546185444346e+02,-1.809171034285673940e+01,-8.917530339978455345e+00,3.731691510288750351e+02,1.171603097752443773e+03,-1.028025363922085944e+01
1.972625217042221948e+02,4.400061469437422943e+02,1.382281942087584866e+03,8.680424766112635382e+01,3.795251809367691749e+02,1.141070456138332474e+03,2.569068716931789140e+02,5.635925146272527400e+02,1.179281896217163876e+03,-1.886946795260091676e+02,3.213665266089808483e+02,9.503783106016641113e+02,3.642784054517895242e+02,8.378655459627972277e+02,1.251438520528789468e+03,-2.277262454070116746e+02,1.768294191117944365e+02,7.915127304257157448e+02,4.419422104941775729e+02,1.049288844156683126e+03,1.298711191850052273e+03,7.089090749224779131e+01,4.275510266816513649e+02,6.784199336377574809e+02,1.880366505339704588e+02,6.535003990351519860e+02,6.842554579746544050e+02,2.274941940036273706e+02,2.004653422819415027e+02,3.631921506782352367e+02,3.893146505684520093e+02,8.579223400757143736e+02,3.319922295359478426e+02,1.696355150723921312e+01,4.772431284522689765e+01,2.964940202059713759e+00,1.616882051800994304e+02,1.174497131347773120e+03,2.820970844191619165e+01,2.119555038101501054e+02,-1.788986258717428868e+01,-8.333753129085115674e+00,3.605073787593599377e+02,1.221150129801366575e+03,-8.379916108922662588e+00
1.978828347516123358e+02,4.703098653094707515e+02,1.380601740022258809e+03,8.247921913798818139e+01,4.109082181423943325e+02,1.143685797742180512e+03,2.595073623514113592e+02,5.906299135746548927e+02,1.176160226659371119e+03,-1.951036170849008897e+02,3.590159612115560321e+02,9.689550039131410131e+02,3.577668243217190707e+02,8.641231511636397045e+02,1.249295231411740588e+03,-2.443979842593353737e+02,2.069337218864972385e+02,8.135505946179623606e+02,4.317457154414109937e+02,1.076070520594474829e+03,1.288676283138364624e+03,7.712895473624804765e+01,4.517571157224538183e+02,6.763884178262779869e+02,1.935388810308244274e+02,6.771092428932615803e+02,6.813868645054177478e+02,2.247229184880497428e+02,2.175760165737453917e+02,3.623134546127048452e+02,3.865114569932276254e+02,8.961418250826139911e+02,3.301290842222118727e+02,1.985359517067085378e+01,5.318263692597676595e+01,3.936684674181524013e+00,1.524929081512872813e+02,1.199168815735416501e+03,2.654221319550979175e+01,2.135499859269607157e+02,-1.730070176878396637e+01,-7.607245203425590852e+00,3.476190593834849665e+02,1.268874360461070410e+03,-6.974051813392857291e+00
1.981600229644901958e+02,5.015398236683294044e+02,1.378704237013218290e+03,7.799496895303551014e+01,4.436331777768664324e+02,1.146374061958658558e+03,2.617520497785311022e+02,6.187836362798467462e+02,1.172966957467484463e+03,-2.001210225258458593e+02,3.983259762067759766e+02,9.877400417805308734e+02,3.507822355666543217e+02,8.913016813188487504e+02,1.246512180389018567e+03,-2.559846360891963286e+02,2.402313786048405007e+02,8.378961790791606745e+02,4.214334166869849128e+02,1.103123024162197453e+03,1.275190719113176783e+03,8.336584890905621137e+01,4.772679289530514666e+02,6.745475952074370980e+02,1.995917823993996194e+02,7.023367710136267306e+02,6.786483001677894435e+02,2.214433841350509908e+02,2.367982497521252014e+02,3.610001805287128036e+02,3.831913065884233447e+02,9.351343857264741928e+02,3.283345920443914565e+02,2.333021257855731179e+01,5.999464615900332376e+01,4.884444264415580328e+00,1.441479697165642051e+02,1.222029997125136560e+03,2.326003994836420219e+01,2.155147608017207688e+02,-1.587426112179291415e+01,-6.796467191102794736e+00,3.342017283803078271e+02,1.315135798171634633e+03,-6.672753245236368258e+00
1.979353259498899433e+02,5.333015605367371563e+02,1.376738026675717038e+03,7.345662270696264784e+01,4.781626874784261645e+02,1.148869407081257805e+03,2.637118008855139237e+02,6.478405366634917755e+02,1.169870293905238441e+03,-2.046175403513589686e+02,4.390342679099943553e+02,1.005701286866409077e+03,3.435494070539991185e+02,9.198260653664025313e+02,1.242533704975468027e+03,-2.633848168749836418e+02,2.754976321003753696e+02,8.632133040709865099e+02,4.108882808172505179e+02,1.130799228100875553e+03,1.257731576468940148e+03,8.958410892036097550e+01,5.042536047573763653e+02,6.726290433157641928e+02,2.061932814888641872e+02,7.297952018422171250e+02,6.757780952242791273e+02,2.177545920135517292e+02,2.583619011165163784e+02,3.589667445122266827e+02,3.793653107798034512e+02,9.751778779972650000e+02,3.265278368166273708e+02,2.729002127855390825e+01,6.856508091732541743e+01,5.658395141730157007e+00,1.364758321030504931e+02,1.244515928809712705e+03,1.833472414038702780e+01,2.177461435680559987e+02,-1.334063947838895992e+01,-6.012858971115342399e+00,3.199801067976637796e+02,1.359620105049671565e+03,-8.166937105822185572e+00
1.970873032796137920e+02,5.652573574667517278e+02,1.374930191732734329e+03,6.896577092625334160e+01,5.145020612243184814e+02,1.150969847837083307e+03,2.653879757614444088e+02,6.776312716435229504e+02,1.166899081190362040e+03,-2.094475235535406910e+02,4.804829979927049521e+02,1.022043307770268484e+03,3.363365234704236286e+02,9.503569419911704017e+02,1.236457977901724234e+03,-2.675586600449007051e+02,3.111413539644340744e+02,8.883891659019880080e+02,3.999959837707746715e+02,1.159696302733510720e+03,1.235577418130159003e+03,9.576093522857728146e+01,5.324891951717040683e+02,6.704380376041518730e+02,2.131269836769765789e+02,7.595955571553630534e+02,6.725804145875511040e+02,2.139206605742919578e+02,2.820485512763214047e+02,3.560211422659469349e+02,3.749825565390577822e+02,1.015838463049101392e+03,3.247343755340094731e+02,3.155405674118704695e+01,7.912459159146216336e+01,6.221703479703847961e+00,1.294921146678368586e+02,1.267078792267759354e+03,1.180700929034271063e+01,2.199764973629619078e+02,-9.670349560616974927e+00,-5.403855155339849503e+00,3.049211097769601224e+02,1.401256977861460655e+03,-1.198080306155767438e+01
1.954735919086887748e+02,5.972554203071114216e+02,1.373499787061268307e+03,6.460362089000770425e+01,5.520496931619069301e+02,1.152548765536080055e+03,2.667249360649576602e+02,7.081047999242308606e+02,1.163916242965393394e+03,-2.152406038973216766e+02,5.215998382551144914e+02,1.036247158097886086e+03,3.293717567815155007e+02,9.835950911320646810e+02,1.227223136127981888e+03,-2.692105372007130768e+02,3.455888560038335982e+02,9.128912409423381860e+02,3.886410559783542453e+02,1.190352747766447465e+03,1.207985677104957176e+03,1.019742290391173043e+02,5.612777427710293523e+02,6.678821692538324442e+02,2.199450865498448593e+02,7.912561760721374640e+02,6.689199571992047595e+02,2.104600632757996550e+02,3.072344595947962489e+02,3.520493705506306696e+02,3.699736669918670486e+02,1.056163925502490883e+03,3.231202401416069847e+02,3.590110160647810744e+01,9.168729023434273984e+01,6.757092144355933527e+00,1.235357653195832341e+02,1.289067368131123430e+03,3.844577491166522698e+00,2.218029178563145649e+02,-4.984417287586927259e+00,-5.118230319693351404e+00,2.894468739196445881e+02,1.438568440748061221e+03,-1.827168222073537152e+01
1.928697995307450128e+02,6.294120363040935899e+02,1.372552952439173623e+03,6.041786291756258720e+01,5.897472723632189400e+02,1.153502834294721197e+03,2.676578321465359522e+02,7.393802743578315813e+02,1.160685173034617947e+03,-2.222706920595900613e+02,5.609925997426845470e+02,1.047978847514039899e+03,3.226586157406322855e+02,1.019983971374303451e+03,1.213860657677706513e+03,-2.685601537446778480e+02,3.775641053707192896e+02,9.369735191417748865e+02,3.766116801973620909e+02,1.222845469291545669e+03,1.174398995594179951e+03,1.085294362308695213e+02,5.896156047476066533e+02,6.649514488641985963e+02,2.260311303218993828e+02,8.238805480638105792e+02,6.646807754481640131e+02,2.081701276364924240e+02,3.331757625070405879e+02,3.469492472099781821e+02,3.643005793159578616e+02,1.095131915303211372e+03,3.219227015117253359e+02,4.011566368702693097e+01,1.061149924266886160e+02,7.701273858466634259e+00,1.192373642280917494e+02,1.309126218197495746e+03,-5.238603395961614062e+00,2.227887711228343051e+02,6.540307414178861967e-01,-5.261156048198291302e+00,2.745522380153647646e+02,1.470269619840558789e+03,-2.681941738231997618e+01
1.889565323084752322e+02,6.620967143088181501e+02,1.372003070337954568e+03,5.642655093802565602e+01,6.264725358978970462e+02,1.153647443619243631e+03,2.681642647574442435e+02,7.717623132629523752e+02,1.156985389827657173e+03,-2.304765348248758983e+02,5.971876457791015582e+02,1.056927410802397844e+03,3.157792402977960364e+02,1.059451949598858164e+03,1.195704011027762363e+03,-2.653239272026912658e+02,4.062675621223354483e+02,9.616141796118157572e+02,3.634928371624463352e+02,1.256488408835403789e+03,1.134546641173844591e+03,1.160086307913696544e+02,6.165796607864667749e+02,6.616740179200661487e+02,2.307284996804069692e+02,8.565020802343194646e+02,6.597387304487181154e+02,2.080171424987958346e+02,3.594091886794641368e+02,3.405791400328889722e+02,3.579862062590569280e+02,1.132055832144789520e+03,3.212820753057058027e+02,4.405844543408851877e+01,1.222600302019481262e+02,9.670536148604425009e+00,1.173298997454883761e+02,1.325915131555889275e+03,-1.504001101787381778e+01,2.226202230034195395e+02,7.452626172423018502e+00,-5.862889795301608586e+00,2.617426828074087553e+02,1.495784261915531715e+03,-3.722224536097502323e+01
1.833679051070816399e+02,6.958135017289079087e+02,1.371563073857396375e+03,5.263582569032701741e+01,6.614654731672681010e+02,1.152619907378180869e+03,2.682697725586755269e+02,8.057271151771921041e+02,1.152703724232860395e+03,-2.396053717520871089e+02,6.289391101139410694e+02,1.062662183496758871e+03,3.078046084666576121e+02,1.101335705128408335e+03,1.172459110855590097e+03,-2.589290591165755586e+02,4.315277574892614325e+02,9.881718861935351015e+02,3.486430926070974010e+02,1.289822832113268532e+03,1.088410460271453303e+03,1.251706833066391908e+02,6.417865893969610624e+02,6.580767592976719698e+02,2.335009238909790952e+02,8.884193716252713102e+02,6.539746556164909634e+02,2.108728301806424383e+02,3.860404961343404580e+02,3.327766453241533213e+02,3.511101554246546357e+02,1.166704221501104712e+03,3.210670477551341264e+02,4.775189963528118398e+01,1.400932950049580086e+02,1.328562800217812523e+01,1.183932282773098308e+02,1.338792532064231182e+03,-2.518680549981903383e+01,2.212620087745058299e+02,1.596428430174033508e+01,-6.892210910187946737e+00,2.527544990888632697e+02,1.515399104865774916e+03,-4.915065438942251319e+01
1.757742398874764547e+02,7.310314289711956235e+02,1.370819804193787149e+03,4.905823658443230073e+01,6.945568973711448280e+02,1.149866625561125147e+03,2.679645498495167999e+02,8.418964878089775539e+02,1.147833608411863679e+03,-2.493415865657568702e+02,6.554439173040669857e+02,1.064595223072962426e+03,2.973853491955801474e+02,1.144525351991543403e+03,1.144109017050321427e+03,-2.488680473978592715e+02,4.539507070837832430e+02,1.017877507826981400e+03,3.313055639521964508e+02,1.320955185383670141e+03,1.036143585344318581e+03,1.367162316570818348e+02,6.656977734434238982e+02,6.541641307176499822e+02,2.340770087552911889e+02,9.193684722857897214e+02,6.473113197432954848e+02,2.171666590164778654e+02,4.137285232898931326e+02,3.234483724380522176e+02,3.437756535960037922e+02,1.199106853990843547e+03,3.208275207186827060e+02,5.145086869610670988e+01,1.597143441770217578e+02,1.895484257598410593e+01,1.226423543494241670e+02,1.348144072798381558e+03,-3.544273933962725920e+01,2.190351144124218763e+02,2.693935801980487810e+01,-8.326125980922993719e+00,2.490931599799791343e+02,1.530031444083310589e+03,-6.244573923160755413e+01
1.659573295378047817e+02,7.680480504602837755e+02,1.369347182469647578e+03,4.572653817187318026e+01,7.260992944780876996e+02,1.144754576862291742e+03,2.670296056010188863e+02,8.809980590589910889e+02,1.142362011553203502e+03,-2.592405034513427609e+02,6.763283724121215528e+02,1.062106038391573520e+03,2.830158293360854032e+02,1.187736500727853354e+03,1.110715120041457112e+03,-2.350376059554985488e+02,4.749831007952600999e+02,1.051346006960055774e+03,3.108395386947541397e+02,1.348110050866393067e+03,9.780673020463830198e+02,1.510174995655879115e+02,6.895899177745103543e+02,6.499086961026808922e+02,2.325254844384142245e+02,9.494788752091269544e+02,6.397362859173456400e+02,2.265954280301678239e+02,4.433370643142076233e+02,3.126793301844151642e+02,3.360727555295034676e+02,1.229240106401665571e+03,3.199496739865374479e+02,5.565774192256809982e+01,1.812063108835077401e+02,2.670507714702321422e+01,1.298206359771204177e+02,1.355242764439973598e+03,-4.572404327295282656e+01,2.165584088763588966e+02,4.099691345320691482e+01,-1.024460300167261018e+01,2.515134715489945734e+02,1.540833794086428497e+03,-7.695918706483584515e+01
1.538512533126243227e+02,8.069365050633982719e+02,1.366789546277727368e+03,4.271710558484079456e+01,7.566896804958494158e+02,1.136779407100311118e+03,2.648336641569661083e+02,9.237669777996376297e+02,1.136090718345097685e+03,-2.683648242582424928e+02,6.914480955320112798e+02,1.054835189459008006e+03,2.634021753285316549e+02,1.229731441662001544e+03,1.072243539333632043e+03,-2.179226145392460694e+02,4.967503937529514815e+02,1.088249969846969407e+03,2.870064299858099162e+02,1.370134029626258098e+03,9.147989784938686171e+02,1.679424389255023868e+02,7.151742827505230480e+02,6.452392840009795236e+02,2.292206789508102815e+02,9.790729776074126676e+02,6.312907382246601173e+02,2.380420686579446397e+02,4.754201357671699952e+02,3.007977249035888008e+02,3.280717486037693220e+02,1.256846792472810876e+03,3.179541476311775341e+02,6.105272902523397249e+01,2.044030691131402193e+02,3.614166981495138486e+01,1.391985740474704016e+02,1.361767499340022823e+03,-5.599820224415840642e+01,2.145541999619823343e+02,5.827479863650568603e+01,-1.288323380361033266e+01,2.596320497906730225e+02,1.548919529859681916e+03,-9.224504901763418729e+01
1.395442403033249263e+02,8.475551463250443476e+02,1.362867921725074666e+03,4.020824997650821331e+01,7.868899837195564260e+02,1.125781295944827889e+03,2.602112946486213900e+02,9.707240259620034522e+02,1.128484164558110251e+03,-2.747027606015146830e+02,7.007454315615091218e+02,1.043082301876967676e+03,2.378375043815869958e+02,1.269341392867727791e+03,1.028538228572544540e+03,-1.985575263373939379e+02,5.215996892420038193e+02,1.127185494551733882e+03,2.602055170156161807e+02,1.386706281260152764e+03,8.474348461227009466e+02,1.868579626963364433e+02,7.440347133674511042e+02,6.400207171656124956e+02,2.246930240503600373e+02,1.008429571308328605e+03,6.220366560233303517e+02,2.497949531343262493e+02,5.098080422782310279e+02,2.883597153555682553e+02,3.198615961204938003e+02,1.281523785922958496e+03,3.147690519081766638e+02,6.834009760316816084e+01,2.287098463352249951e+02,4.656829601689419462e+01,1.496569638078391620e+02,1.369245878331392078e+03,-6.611922517184666503e+01,2.135809710331636779e+02,7.825031678381614597e+01,-1.658275844002768551e+01,2.718588301562923562e+02,1.555338786512929346e+03,-1.073568259147992450e+02
1.232481900450215733e+02,8.895620949174217458e+02,1.357314124498122737e+03,3.858403239067164492e+01,8.171219004928262848e+02,1.112064516883202486e+03,2.515280171734350745e+02,1.021821520456359735e+03,1.118631608784113496e+03,-2.746482424802482569e+02,7.044506874309560089e+02,1.028166909848093383e+03,2.064791281737230406e+02,1.305281582956189823e+03,9.794767422794207050e+02,-1.782645934116349622e+02,5.514287890824598435e+02,1.165692614880080328e+03,2.315403608756734570e+02,1.398187347908696438e+03,7.776275455914455961e+02,2.068086548963939890e+02,7.771476231727846198e+02,6.340371820145469428e+02,2.194088065065854778e+02,1.037616282843216140e+03,6.120309779562747963e+02,2.600422366065774895e+02,5.455100037660952239e+02,2.760611320636179471e+02,3.116033196736017317e+02,1.303012784553227220e+03,3.108144097119342177e+02,7.804933393806192043e+01,2.531057671907717577e+02,5.722695063143643068e+01,1.598442860641094398e+02,1.378665947747956125e+03,-7.570498905415743707e+01,2.137886216535737844e+02,9.984250009975966123e+01,-2.163034347042591676e+01,2.857300622601648001e+02,1.561207232444833153e+03,-1.209541413362948816e+02
1.052471578241181049e+02,9.324099932561189235e+02,1.349790251463491586e+03,3.855210811201644816e+01,8.477718570321368361e+02,1.096365586134696741e+03,2.369742346099009183e+02,1.076068028575295784e+03,1.105369421175471871e+03,-2.629369240403437402e+02,7.037045850930502411e+02,1.012560588917710561e+03,1.704341439667469160e+02,1.335920046986810803e+03,9.252427079151311773e+02,-1.581903840012936655e+02,5.870117932670250411e+02,1.200437105756549045e+03,2.026391203162199872e+02,1.405255761074224210e+03,7.074458598650846852e+02,2.267847374861492824e+02,8.146810815695852170e+02,6.270096646019175068e+02,2.135668891924874515e+02,1.066428076069337067e+03,6.013309574487175269e+02,2.674792326527754653e+02,5.809753328598775397e+02,2.646112358953905641e+02,3.035330714689575302e+02,1.321490087693130135e+03,3.068514864322463609e+02,9.035805632253806152e+01,2.763563112972138356e+02,6.755582950986828905e+01,1.684028257922435330e+02,1.390353730084548943e+03,-8.415422447547028639e+01,2.147822814620861891e+02,1.217575725930025214e+02,-2.806081209486353245e+01,2.985541453205294715e+02,1.567762256480684982e+03,-1.317137451144602380e+02
8.585025529603338157e+01,9.753565991896523428e+02,1.339873596310093944e+03,4.119704504762584918e+01,8.793921963961983010e+02,1.079701850403190065e+03,2.150408703326607167e+02,1.131331975279914104e+03,1.087558611298536107e+03,-2.333764419960554335e+02,7.013350421001611039e+02,9.996164119999675677e+02,1.316128920780224121e+02,1.359242267162896724e+03,8.666001509585308895e+02,-1.386672865071115837e+02,6.275855985398461598e+02,1.227663526375708443e+03,1.752637176732544901e+02,1.408588835717712072e+03,6.390644070676786441e+02,2.459553599040901588e+02,8.560878785085848222e+02,6.186790585174575199e+02,2.070117821247350776e+02,1.094401588341031356e+03,5.900408972731121366e+02,2.717780883352804722e+02,6.145656078565662028e+02,2.546056331642068358e+02,2.958662024789963425e+02,1.337643331051702717e+03,3.036862542256557163e+02,1.050054558267479479e+02,2.973396211478546434e+02,7.734346903338354196e+01,1.742372154018745789e+02,1.404046071233077100e+03,-9.083489472177174662e+01,2.156482720411093794e+02,1.429109736176065439e+02,-3.552447663822908908e+01,3.081362375542865948e+02,1.576174039037515740e+03,-1.388272732827549305e+02
6.538927209405150620e+01,1.017547228516680207e+03,1.327154485093437415e+03,4.787446835353558328e+01,9.128309831925776052e+02,1.063189377403582967e+03,1.850528208895303237e+02,1.184494675589943881e+03,1.064460696267856747e+03,-1.804545677391492404e+02,7.022887675460358423e+02,9.928324768501242943e+02,9.239711136044935813e+01,1.373176806983092320e+03,8.050645296505751958e+02,-1.184899805577548477e+02,6.709624071803563083e+02,1.244040773959993203e+03,1.508652660023697649e+02,1.408772407143904957e+03,5.744641745610771295e+02,2.637681159410493592e+02,9.003378634347116076e+02,6.089537127713355176e+02,1.993225129311410626e+02,1.120855151179057202e+03,5.783895091866752409e+02,2.736997001715684519e+02,6.450022420113251655e+02,2.464176110353286049e+02,2.886234944153458173e+02,1.352447092803471833e+03,3.018723257488038598e+02,1.213387916649059548e+02,3.153323544267830130e+02,8.670003268543702291e+01,1.767671946912482497e+02,1.419023636272961767e+03,-9.538232985554797949e+01,2.151593685192265468e+02,1.627307134436594254e+02,-4.330211840455163497e+01,3.133144224700833433e+02,1.587141107493965592e+03,-1.423086040658612319e+02
4.428552252076299567e+01,1.058182777238630706e+03,1.311415103615873932e+03,5.989148767419546715e+01,9.491893524931184629e+02,1.047894349464949073e+03,1.475918554191999021e+02,1.231980557220215587e+03,1.036101445185252487e+03,-1.014956036721136456e+02,7.132707451585811214e+02,9.947781182083487010e+02,5.523927742985611644e+01,1.376245075167583082e+03,7.428966275386159168e+02,-9.434688037839494257e+01,7.143667745823671567e+02,1.247834624015283907e+03,1.302777273582216253e+02,1.406439667999439507e+03,5.152993587846630135e+02,2.798936348764123068e+02,9.460986637676775217e+02,5.980625721583345467e+02,1.900526219502549168e+02,1.144940379961828967e+03,5.667990266722707702e+02,2.747840370857833818e+02,6.716143950935605744e+02,2.401092411358445418e+02,2.814750186767238915e+02,1.366738511678812301e+03,3.015188107558580555e+02,1.384881326903012280e+02,3.301473502156890163e+02,9.585564902479532634e+01,1.760837993594520015e+02,1.434239340383652461e+03,-9.796914138435870711e+01,2.121340474775945211e+02,1.812292996099629647e+02,-5.047462457604549968e+01,3.141298530343067341e+02,1.600514767371618063e+03,-1.429612673845393829e+02
2.315691052846956310e+01,1.096720869903050016e+03,1.292788230307649428e+03,7.801143494698294489e+01,9.896223403133410557e+02,1.034702137427121670e+03,1.046446546024266837e+02,1.270529295641942099e+03,1.003483874555452189e+03,1.387405672881830032e+00,7.414642922766752235e+02,1.006021111728064852e+03,2.231180623019144704e+01,1.368288076739406051e+03,6.828861037127666123e+02,-6.080024413990350496e+01,7.559714428673438533e+02,1.240014759004802272e+03,1.136472607160556407e+02,1.402477189501574003e+03,4.629254304437084215e+02,2.940841913184369787e+02,9.917895834021699102e+02,5.866172362180169557e+02,1.790129637032467258e+02,1.165743234763376904e+03,5.558904220960879456e+02,2.767497623375146532e+02,6.943623187419203759e+02,2.353672257000468733e+02,2.737157979103151320e+02,1.380828208056467247e+03,3.022408512976313659e+02,1.556089648660503144e+02,3.421198587129480870e+02,1.048831887382993813e+02,1.729312467351241764e+02,1.448480809662673437e+03,-9.939040397122383297e+01,2.058661977408186772e+02,1.988617638835033858e+02,-5.618289935171248572e+01,3.116025736047937471e+02,1.615244087704202229e+03,-1.420608996213413775e+02
2.884788570908861427e+00,1.133027144252220978e+03,1.271797856561125627e+03,1.019320266450634875e+02,1.035072449736861017e+03,1.024144488429745024e+03,5.937722261067056451e+01,1.297985413090769043e+03,9.685436802715612430e+02,1.204852174033502905e+02,7.926330653969278046e+02,1.024521843240902172e+03,-4.736954847432398807e+00,1.350924581312644477e+03,6.279511427857534045e+02,-1.121991135208688206e+01,7.967000582784977496e+02,1.224657818184846064e+03,1.005442015323354923e+02,1.398095950260992367e+03,4.184429947216130472e+02,3.060620366142125590e+02,1.035600115580863985e+03,5.755140117075230819e+02,1.664619636872891704e+02,1.182478556858471165e+03,5.463911844790569603e+02,2.808544372078509923e+02,7.137324829886122188e+02,2.314960189584328987e+02,2.644283763114568160e+02,1.394362405732286561e+03,3.032593538609218058e+02,1.720972759680381046e+02,3.520136555013215798e+02,1.134810705874195662e+02,1.684845818717647603e+02,1.460615475287758272e+03,-1.008682574884147414e+02,1.964831273367044844e+02,2.162794382544917369e+02,-5.988119506343279852e+01,3.072251544706109598e+02,1.629741935060599417e+03,-1.409336085272285573e+02
-1.544043164354464004e+01,1.167420505196621207e+03,1.249260913977384234e+03,1.299607262742962348e+02,1.086017125505507011e+03,1.016185488683643030e+03,1.555131997462883575e+01,1.313885139075278630e+03,9.338275726175513682e+02,2.435059586092643258e+02,8.692509389825328299e+02,1.045906957708913296e+03,-2.493275313946094229e+01,1.327462680046716514e+03,5.806449057452359739e+02,6.016281133973281214e+01,8.414576716896619928e+02,1.208094905827545290e+03,9.012768192490034380e+01,1.394653922491815365e+03,3.826193122845548373e+02,3.155263742352253189e+02,1.075635475473901806e+03,5.656981732233356297e+02,1.531178035856481472e+02,1.194752964480631590e+03,5.389717351210632614e+02,2.874630196044868740e+02,7.306098228515688788e+02,2.275244420273805872e+02,2.527854752268296465e+02,1.406495689608910197e+03,3.036473106850537533e+02,1.877000870246899069e+02,3.609110221052811767e+02,1.209258830699312028e+02,1.639848015780744959e+02,1.469879794194474925e+03,-1.036096051425822111e+02,1.850729927381373443e+02,2.340976060562614407e+02,-6.149836271828063872e+01,3.023811537976220620e+02,1.642488078350770593e+03,-1.405979853413332989e+02
-3.071617239372779906e+01,1.200608300094295601e+03,1.226118692853120592e+03,1.590916398646947698e+02,1.142261604410594600e+03,1.010090852688459108e+03,-2.327657372462620344e+01,1.319674928311510257e+03,9.019765833610758818e+02,3.563586396510500549e+02,9.694042625406520983e+02,1.064738031447903950e+03,-3.806356273990986949e+01,1.302197030826093396e+03,5.426985636163384470e+02,1.554085757370943668e+02,8.988620673635995217e+02,1.196756903738389155e+03,8.128695978750565132e+01,1.393272762505815535e+03,3.556889247014905209e+02,3.222865666051156950e+02,1.110255178632340403e+03,5.579064963107697395e+02,1.399983883102379991e+02,1.202773936341099898e+03,5.340904134943942836e+02,2.959713328743919760e+02,7.461488204648317151e+02,2.224622957855293066e+02,2.383703682902509797e+02,1.416261707535096093e+03,3.026751115614712262e+02,2.025068730171441302e+02,3.700859006780847267e+02,1.262335005023293775e+02,1.603765105996359921e+02,1.476097839808609478e+03,-1.082952676901885383e+02,1.734814296919098524e+02,2.527400623217413909e+02,-6.145750846019976166e+01,2.979159904182599803e+02,1.652548136989072418e+03,-1.415543689396934326e+02
-4.210307051204983253e+01,1.233542899362408207e+03,1.203300267520081206e+03,1.855496118846724016e+02,1.202790252923205344e+03,1.004558833847898541e+03,-5.453761969748514105e+01,1.318470103738167154e+03,8.751727946702225154e+02,4.467644093819919817e+02,1.086985740030114584e+03,1.076387751485484841e+03,-4.470059027630114912e+01,1.279297140187452442e+03,5.147364728927059332e+02,2.701651429496414494e+02,9.790085218935836338e+02,1.194386181434336777e+03,7.279005693745111216e+01,1.394431144709592672e+03,3.371784429394206200e+02,3.264435067485196669e+02,1.138484654881621736e+03,5.525265852485159712e+02,1.281685256774076720e+02,1.207358224694519322e+03,5.319262600657049234e+02,3.050876060792400040e+02,7.615923283964227721e+02,2.156675069985676316e+02,2.213920083951977631e+02,1.422954564200196046e+03,3.001231466923334779e+02,2.168545119295356187e+02,3.808154822082810256e+02,1.284814936451152221e+02,1.580975314015090021e+02,1.479726621347546370e+03,-1.147528144382269346e+02,1.638031362451608572e+02,2.723664031057477359e+02,-6.054766293236509966e+01,2.940106233004576666e+02,1.659786816445465547e+03,-1.437414297808895469e+02
-4.925557390403642444e+01,1.267237902103942133e+03,1.181678209351417991e+03,2.056582666123636045e+02,1.265730848189417884e+03,9.981737320432702063e+02,-7.714745092104755031e+01,1.314366591967776003e+03,8.547328478523344302e+02,5.072125205790184737e+02,1.213205343338219336e+03,1.078655542914613761e+03,-4.610459273612121223e+01,1.261706609217988898e+03,4.962728771757240906e+02,3.924349901695379685e+02,1.089719209340136558e+03,1.199794747730810741e+03,6.350219340660114398e+01,1.397762001207753428e+03,3.259293752607631518e+02,3.284995587758417628e+02,1.160272046815035992e+03,5.496384036664046562e+02,1.184955787177934212e+02,1.209695016489152067e+03,5.324191014318253110e+02,3.133405894813836312e+02,7.780087865751761456e+02,2.071905028657945991e+02,2.027308493828697635e+02,1.426373645465112759e+03,2.963881539710486095e+02,2.311714450658679993e+02,3.941168998174761668e+02,1.271751150950208711e+02,1.570831721397751721e+02,1.481699597995600698e+03,-1.220021769469611854e+02,1.577362399625701244e+02,2.928714931459404056e+02,-5.968498539943568915e+01,2.903591475328006482e+02,1.664759740991462422e+03,-1.466530921118924482e+02
-5.239040680508327341e+01,1.302568650912524845e+03,1.162094377944596545e+03,2.167298417935976147e+02,1.328527169950175448e+03,9.900098266242320051e+02,-9.152503659348552389e+01,1.311454957850670553e+03,8.409844095098389971e+02,5.360103511953135467e+02,1.338873103599400793e+03,1.072176368960251239e+03,-4.398012857855453461e+01,1.250501415742574409e+03,4.860245091639001771e+02,5.039436057798878892e+02,1.232655917179486323e+03,1.206306262067603939e+03,5.266100016056350341e+01,1.402184642858338748e+03,3.203897097041678990e+02,3.293070510906952677e+02,1.176432795963871285e+03,5.491854704659627942e+02,1.114927459324997585e+02,1.210980432531944189e+03,5.353671198269324805e+02,3.196029530682002360e+02,7.960077018672549229e+02,1.979233760743180426e+02,1.838121658900927002e+02,1.426874406179434800e+03,2.922920493209403503e+02,2.457635522636625751e+02,4.104719983551464111e+02,1.225125503591707883e+02,1.569353984566861016e+02,1.483113796946889352e+03,-1.286774655009598405e+02,1.560522629596684965e+02,3.139519963585289588e+02,-5.963914270593329547e+01,2.865127264528833848e+02,1.668403687751056395e+03,-1.495790581016204328e+02
-5.215315835895233931e+01,1.340063729013619877e+03,1.145372527241237322e+03,2.176736615738986131e+02,1.388367798298829939e+03,9.800519282168698965e+02,-9.913330239793792487e+01,1.312806777869284360e+03,8.334456426653537164e+02,5.361586709342474251e+02,1.456530953338364270e+03,1.059238626965394587e+03,-4.011007693616429037e+01,1.244945819887239622e+03,4.824453340318277128e+02,5.842905075766137770e+02,1.401032499218012845e+03,1.203376894050848705e+03,4.009956200566527684e+01,1.406305932632596296e+03,3.190871625633991471e+02,3.298558019631055345e+02,1.188313486844193676e+03,5.511465671670257507e+02,1.072865805303298288e+02,1.212122690179677875e+03,5.405103178710544398e+02,3.234270163828940667e+02,8.155477314066113195e+02,1.894467160727155601e+02,1.663342357958846662e+02,1.425239763566776446e+03,2.886834993513005543e+02,2.605673365311054681e+02,4.296445523816931882e+02,1.154399443296090340e+02,1.571475489258769755e+02,1.484857957551045274e+03,-1.336243557169206326e+02,1.584027024876062342e+02,3.352182035379773879e+02,-6.081601569086100056e+01,2.822020971270758309e+02,1.671662242579020585e+03,-1.518867017610727999e+02
-4.935450130760457199e+01,1.379701039208626753e+03,1.132240093800069644e+03,2.091711727995979970e+02,1.442783885534597175e+03,9.691602552853314592e+02,-1.017755180224572342e+02,1.319748507726789967e+03,8.311943223041299689e+02,5.129453024918035453e+02,1.561562713137792571e+03,1.041603716971751055e+03,-3.598090588846047666e+01,1.243138911280428147e+03,4.842651455915314500e+02,6.167250057416111986e+02,1.580146012420242187e+03,1.179939808163583393e+03,2.629197317824136348e+01,1.408864945340373879e+03,3.210832807165172085e+02,3.309961558356636715e+02,1.197365785266370722e+03,5.555932986194076193e+02,1.056954346484324816e+02,1.213655353064511701e+03,5.475627779031399314e+02,3.250877990961849946e+02,8.359219297733279745e+02,1.836095894889143949e+02,1.518982080570584969e+02,1.422429321633744621e+03,2.860669737093848539e+02,2.749602793725402989e+02,4.506699644467283292e+02,1.074725431060244318e+02,1.572917693441875713e+02,1.487311221333324511e+03,-1.363779896814413064e+02,1.635327347492138870e+02,3.562992187484633746e+02,-6.316460482739543636e+01,2.775018308774754701e+02,1.675152125709950269e+03,-1.532366325654565458e+02
-4.472163921784061102e+01,1.420772003011853030e+03,1.123151149397867812e+03,1.934479241411715407e+02,1.490210959382854298e+03,9.585658465132496531e+02,-1.010039177151895018e+02,1.331677732241917283e+03,8.332409618026387079e+02,4.717266363360680543e+02,1.651937474657786424e+03,1.018665296650435607e+03,-3.253179063534557969e+01,1.242876855550255414e+03,4.907868030104215791e+02,5.933877412829309606e+02,1.750758125798118044e+03,1.128224344338430228e+03,1.217707975670429121e+01,1.409004866439781608e+03,3.261946535112849119e+02,3.332278968842930453e+02,1.204849389514226232e+03,5.626028119453089857e+02,1.063591066536019696e+02,1.215853786357529543e+03,5.562053333045701038e+02,3.253719367885219640e+02,8.559375515080606647e+02,1.820058159252037910e+02,1.416209312597136716e+02,1.419299675016105539e+03,2.844745086997882595e+02,2.877505333784727668e+02,4.720447470146835371e+02,1.003551574248839842e+02,1.571306500698696595e+02,1.490234614590397996e+03,-1.372982384999137082e+02,1.697796551455751057e+02,3.768987280581396817e+02,-6.622013950569409246e+01,2.728013272626349703e+02,1.678957850034094236e+03,-1.536516530134313712e+02
-3.879141426739546006e+01,1.461926112144597482e+03,1.118090161507448329e+03,1.737638504815365934e+02,1.530302052912075624e+03,9.491615638880333563e+02,-9.789832316571600757e+01,1.346512280025004429e+03,8.387551681420821978e+02,4.169786830417318129e+02,1.726978706262047126e+03,9.872119241074849469e+02,-3.010599365676559103e+01,1.242331353968352232e+03,5.018179839726082605e+02,5.178475878769371548e+02,1.894090183872138141e+03,1.046560703872400381e+03,-1.168123080278531400e+00,1.406320179118034048e+03,3.348607216688372432e+02,3.366365581443301949e+02,1.211777824916992586e+03,5.720868244039058936e+02,1.088419064968922640e+02,1.218938422159056472e+03,5.660717906663728627e+02,3.252621979605470415e+02,8.742546883064384247e+02,1.855452096174605572e+02,1.358472425339370488e+02,1.416412438064512344e+03,2.836196226284150157e+02,2.974150671119568869e+02,4.920904953132272794e+02,9.569556740664737049e+01,1.566549221589559124e+02,1.492905926980821278e+03,-1.373251934601641437e+02,1.756136008948815004e+02,3.968111095262777326e+02,-6.923833183203770147e+01,2.686363135709523817e+02,1.682626999324271310e+03,-1.534271845573912287e+02
-3.196891337771961261e+01,1.501471147623931301e+03,1.116484337664296163e+03,1.537272670278510702e+02,1.563875650893474130e+03,9.409755698362121166e+02,-9.320892460883487729e+01,1.361627736539724992e+03,8.471101657232654816e+02,3.526699997433682938e+02,1.786040921235339511e+03,9.431312255812293870e+02,-2.858625469597963686e+01,1.240349455086919761e+03,5.173315894962813672e+02,4.038496612125708225e+02,1.996482739736261692e+03,9.401267479126375974e+02,-1.286644080244515465e+01,1.400787532679176593e+03,3.477085633632556210e+02,3.409700651434281440e+02,1.219054909548121941e+03,5.836461559630058673e+02,1.126619799743379104e+02,1.223223995547718005e+03,5.767521321357879742e+02,3.256789873787389524e+02,8.898004082580190470e+02,1.942596507445043414e+02,1.340710632670601683e+02,1.414016553390513309e+03,2.831809504037677243e+02,3.025424973083422628e+02,5.094031328223146033e+02,9.470014304174019060e+01,1.560574790955794242e+02,1.494436198043930972e+03,-1.375068674898836321e+02,1.800031387527707807e+02,4.159356394467253040e+02,-7.135004959862018836e+01,2.654763167810855862e+02,1.685382474718556068e+03,-1.529423228139397679e+02
-2.466351352455197699e+01,1.537863604421595028e+03,1.117321008152945979e+03,1.365062675165049200e+02,1.592518978502091613e+03,9.331155407580316705e+02,-8.762384831826963705e+01,1.374920921640047482e+03,8.578221348728388875e+02,2.831077497124525735e+02,1.827901182570796436e+03,8.841985638517423922e+02,-2.761872754334963531e+01,1.236440826980663132e+03,5.371235297447273069e+02,2.708431806671329127e+02,2.051983676938275039e+03,8.195093967929284418e+02,-2.247297004659318631e+01,1.392706747752227329e+03,3.650427043764902351e+02,3.457833300801202085e+02,1.227625734778892820e+03,5.965426779034345373e+02,1.172623738191859957e+02,1.229125863361264464e+03,5.878154103141961286e+02,3.273510983522960487e+02,9.021203701224536644e+02,2.073812865403813248e+02,1.351044609921846700e+02,1.412196548261563976e+03,2.830032841639386447e+02,3.023373600476579099e+02,5.232319294391274980e+02,9.807609890460173574e+01,1.556480470693222173e+02,1.494125203976064086e+03,-1.385472974650960509e+02,1.825300095376339016e+02,4.342874119212259529e+02,-7.168083864999491084e+01,2.635585783632602102e+02,1.686475599034988136e+03,-1.524738262341135169e+02
-1.737303064069109482e+01,1.570178443999764113e+03,1.119457095371192963e+03,1.240566422082045506e+02,1.617992947566282510e+03,9.242147047120012076e+02,-8.189053209010623391e+01,1.385558551132212187e+03,8.704886972586725733e+02,2.132504445514809674e+02,1.851117106081088878e+03,8.123949677708441186e+02,-2.681538585706145028e+01,1.230648787045406834e+03,5.607276921667755687e+02,1.382204545293007243e+02,2.062169027850295151e+03,6.978557710210571940e+02,-3.006536974783991312e+01,1.382672523057859053e+03,3.865575680920999275e+02,3.505701673521831481e+02,1.238463689204714910e+03,6.098107806826042179e+02,1.219867179590204529e+02,1.237023691265547768e+03,5.988415144692006606e+02,3.307746843429758314e+02,9.115104658740116292e+02,2.236327854368216208e+02,1.374322722151220262e+02,1.411073738960600167e+03,2.831057844297889687e+02,2.970082503307973525e+02,5.336229314220279321e+02,1.060767221848403494e+02,1.557174856477040237e+02,1.491713470992350267e+03,-1.405863672284763766e+02,1.833263588661063181e+02,4.519497358493249521e+02,-6.941940436940788572e+01,2.628226667350509160e+02,1.685531575487481632e+03,-1.521112395513563058e+02
-1.064241067067174384e+01,1.598326679551176539e+03,1.121980292806623311e+03,1.165934094831221302e+02,1.641662994491391601e+03,9.131376413550952975e+02,-7.669570973453465967e+01,1.394106908252802668e+03,8.847684236188528075e+02,1.480827131408100570e+02,1.854976640521404761e+03,7.344188759926829562e+02,-2.586953096452748824e+01,1.223442676716104643e+03,5.876388473303223918e+02,2.058083089255992348e+01,2.033808471559662621e+03,5.877991838840700893e+02,-3.621591286473243088e+01,1.371501993072434971e+03,4.114472586328091097e+02,3.548415853459416667e+02,1.252337933013925067e+03,6.224547408290238764e+02,1.261195994236723692e+02,1.247064074148529016e+03,6.094518966034808045e+02,3.361754429710798036e+02,9.188446713693234642e+02,2.416049790412021423e+02,1.396175138720126654e+02,1.410913681589716816e+03,2.835477526593410289e+02,2.878956677903221930e+02,5.412541815094261892e+02,1.186077855023001604e+02,1.563868790284843158e+02,1.487450831356121171e+03,-1.432816075620606284e+02,1.829617676131897213e+02,4.689285624266813102e+02,-6.385630341004251420e+01,2.629523241644806717e+02,1.682736358893430861e+03,-1.518126393794146622e+02
-4.932291884768585710e+00,1.622925646084536083e+03,1.124430579495306802e+03,1.125767043803592600e+02,1.664174180927546786e+03,8.995700201275928976e+02,-7.243373407707447598e+01,1.402041568159616418e+03,9.003638221373468014e+02,9.146995839921218874e+01,1.840380510922247822e+03,6.600284461187554825e+02,-2.458147190637280843e+01,1.215625369836813206e+03,6.176316081049262721e+02,-7.440010844064853757e+01,1.975849960190550973e+03,4.991167987731162725e+02,-4.186512585069587544e+01,1.360059586823603013e+03,4.388210197322941895e+02,3.581612536218277683e+02,1.269476146462430506e+03,6.336477267993548139e+02,1.290047325137834378e+02,1.259018695924834446e+03,6.193390355673539034e+02,3.434413430194452985e+02,9.251743837774879466e+02,2.600807255358782299e+02,1.406205652562825890e+02,1.412066324643692496e+03,2.842883906548906907e+02,2.772748035333176517e+02,5.470527145992881515e+02,1.353177614293912825e+02,1.575103052474969729e+02,1.481981236810271639e+03,-1.461009677227680186e+02,1.823526225918364503e+02,4.849637013880941367e+02,-5.442731019164678941e+01,2.634923844855144353e+02,1.678786822509512831e+03,-1.515508476809665979e+02
-5.095982506786681521e-01,1.644924631162791229e+03,1.126768739215532150e+03,1.093415728497349022e+02,1.685483102481750848e+03,8.841996456535274547e+02,-6.908537373566660733e+01,1.410941170157290344e+03,9.169540569173015001e+02,4.531613860651960835e+01,1.810170529387281931e+03,5.989763960269059453e+02,-2.283220924325598133e+01,1.208177702367081338e+03,6.508559960264539086e+02,-1.452933919835575409e+02,1.897180794685548335e+03,4.374916309817007800e+02,-4.808414232143719858e+01,1.349023580827193427e+03,4.681094027407950762e+02,3.601775710001815582e+02,1.289345459978321742e+03,6.428721207990721496e+02,1.301994578646603031e+02,1.272288545778667185e+03,6.282971228455647861e+02,3.520828447828863546e+02,9.313222779879736208e+02,2.782020836148152512e+02,1.399566246243201704e+02,1.414795014867356031e+03,2.851432183256860071e+02,2.678736844837565627e+02,5.518136185928137820e+02,1.556482108998067702e+02,1.587040125251501763e+02,1.476115817903788184e+03,-1.486416591964789973e+02,1.826780086059494579e+02,4.994385898059634314e+02,-4.077835470454608924e+01,2.639889676369021458e+02,1.674639525634802567e+03,-1.514357651114256669e+02
2.547022836228568732e+00,1.665207182722500647e+03,1.129138172883552670e+03,1.041982271533377968e+02,1.705187769558284117e+03,8.684359892237813483e+02,-6.633324009755989437e+01,1.421793800186294220e+03,9.340813548961494917e+02,9.589121467438427970e+00,1.768822483968008783e+03,5.579424880201947872e+02,-2.055223883994627343e+01,1.202017999733220904e+03,6.875401017451911230e+02,-1.944746375395090183e+02,1.805829737992237597e+03,4.042543480081867528e+02,-5.572884981585280428e+01,1.338718498644471993e+03,4.991502830406760154e+02,3.606830772796339488e+02,1.310742071089433693e+03,6.499827046341229106e+02,1.295979973423546028e+02,1.286070734675701033e+03,6.362444013311603612e+02,3.613168878509957267e+02,9.377088554474399871e+02,2.954591356257658390e+02,1.376956429833984714e+02,1.419129224273182672e+03,2.858459596682906749e+02,2.622523851460758237e+02,5.560404606336660436e+02,1.788778037868243871e+02,1.595204973501678012e+02,1.470611079714660491e+03,-1.508019240958593059e+02,1.852503460639600803e+02,5.115134173382389804e+02,-2.283220454498306751e+01,2.640981689071625169e+02,1.671185951816103170e+03,-1.517097524174200487e+02
4.234699537170197203e+00,1.684357720525118566e+03,1.131591476545205069e+03,9.554579785441407580e+01,1.722947537183804570e+03,8.538551334877837462e+02,-6.385243315307463519e+01,1.434718909751700494e+03,9.510647947200956196e+02,-1.686368797192527325e+01,1.721734329858082901e+03,5.387425980434597932e+02,-1.771765064554234925e+01,1.197757637223920028e+03,7.274385305394457646e+02,-2.254610753510399377e+02,1.709265563687347139e+03,3.968140958858724048e+02,-6.507521186931506918e+01,1.329114040589196293e+03,5.318878447418840096e+02,3.596953828795247432e+02,1.332210784126229328e+03,6.551970763158628870e+02,1.274696375628016796e+02,1.299617357577546045e+03,6.432159756252634679e+02,3.703145195720028369e+02,9.444945994756957361e+02,3.115656130031527482e+02,1.343555746008202050e+02,1.424837204849210366e+03,2.861549919302869398e+02,2.622503778369305110e+02,5.600766510969554020e+02,2.042096565966113246e+02,1.596954994009119559e+02,1.466055054656766970e+03,-1.527312163084899908e+02,1.913253351686984161e+02,5.204718043220215122e+02,-8.101971399649751104e-01,2.636233549573178152e+02,1.668997494372006258e+03,-1.525999556084045707e+02
4.507688077601508247e+00,1.702641085255725329e+03,1.133955465441165643e+03,8.348274222297466451e+01,1.738755960955478713e+03,8.416604794719655729e+02,-6.158517326701145578e+01,1.449132963834831571e+03,9.670282099722428484e+02,-3.529484046862683755e+01,1.674398201343587061e+03,5.383849044090726466e+02,-1.437440773653015036e+01,1.195569534734959916e+03,7.694008768944123631e+02,-2.412124066343208142e+02,1.614854073569328193e+03,4.095850738039036401e+02,-7.561107704764705773e+01,1.319983670760424502e+03,5.659187310268382589e+02,3.575138462603239873e+02,1.352606131302601398e+03,6.590195891987821142e+02,1.243950720361298323e+02,1.312462545885518921e+03,6.493170973099097409e+02,3.785297547979895967e+02,9.518941473353360152e+02,3.263298969624612482e+02,1.307357782291141461e+02,1.431506916312441945e+03,2.859336919911399377e+02,2.686840181593715897e+02,5.643887531096678458e+02,2.309129305935050525e+02,1.593332971454528888e+02,1.462883407310004486e+03,-1.546177112550679453e+02,2.018928693169901862e+02,5.261076362181700006e+02,2.482485716559258293e+01,2.624791977627023130e+02,1.668221237508467084e+03,-1.541190695535290729e+02
3.256055522250033363e+00,1.720117153888851362e+03,1.135894975023508323e+03,6.962593806684547815e+01,1.752949500510417693e+03,8.323854589248312550e+02,-5.982046023826345049e+01,1.464157381007576305e+03,9.810717821057404535e+02,-4.646071029732578239e+01,1.631616570193614280e+03,5.507152919176452315e+02,-1.065925779551169050e+01,1.195225823172548189e+03,8.114166356048951911e+02,-2.437410231925345840e+02,1.529639084927222029e+03,4.353434865239506735e+02,-8.614806431707859247e+01,1.311112506759505550e+03,6.002528103864614195e+02,3.546912157505291816e+02,1.371495017815818073e+03,6.621063948953828913e+02,1.211172115930869637e+02,1.324509766939008614e+03,6.546590264371578769e+02,3.859287096367035588e+02,9.603908388948094625e+02,3.396037174920983261e+02,1.277110917578747973e+02,1.438658723018024830e+03,2.851687104267809900e+02,2.813648352015734417e+02,5.697400968925604730e+02,2.584637039366187423e+02,1.589119088416179864e+02,1.461448139648345204e+03,-1.564723012190850966e+02,2.175076326584375579e+02,5.289116587143238348e+02,5.348589275331591608e+01,2.606266038835917698e+02,1.668626833332081787e+03,-1.559596365283626653e+02
3.986226549183219392e-01,1.736780712930844629e+03,1.137097302438655788e+03,5.624434293768468507e+01,1.766020236255466443e+03,8.259010900063516374e+02,-5.903041829964226395e+01,1.479014456669443007e+03,9.925331159052054772e+02,-5.070693050837317628e+01,1.596785103584008766e+03,5.688446617288363996e+02,-6.777772142069507844e+00,1.196263859861755918e+03,8.512240065700178775e+02,-2.346173708516867862e+02,1.459215994431221134e+03,4.669157368132744637e+02,-9.527746075968194361e+01,1.302422187972081019e+03,6.335251942198030974e+02,3.518869712649163830e+02,1.389175712760955093e+03,6.650917803535493249e+02,1.183390705719242675e+02,1.335950614123159767e+03,6.593216021987645945e+02,3.929542849537970142e+02,9.706526515043578911e+02,3.513179618183914386e+02,1.260007773459763598e+02,1.445841496534958651e+03,2.839357187884169775e+02,2.993694075236081176e+02,5.770553985303905620e+02,2.865957499204724286e+02,1.590813960685271695e+02,1.462021860109863155e+03,-1.580710356883334669e+02,2.381879117344166730e+02,5.299129252420898410e+02,8.457109104355120621e+01,2.580394843112065928e+02,1.669760295066520030e+03,-1.575833798109586041e+02
-3.986424783648201409e+00,1.752663330287910412e+03,1.137436490540340856e+03,4.514744306353669145e+01,1.778409224502690449e+03,8.216346691656750636e+02,-5.956810392156204159e+01,1.493259349067333233e+03,1.001229381915378781e+03,-4.851820744757669956e+01,1.571258609013663090e+03,5.874167612133820739e+02,-2.930441671844591589e+00,1.198183200340754183e+03,8.872216063961284362e+02,-2.156538042582488401e+02,1.406136565632910333e+03,4.988892181064397846e+02,-1.019974154059279670e+02,1.293953099408015078e+03,6.645877478543727648e+02,3.496333276100421585e+02,1.406318867162478227e+03,6.684153240238720173e+02,1.165126115966291422e+02,1.347079535199186012e+03,6.633702574529951335e+02,4.002120230675516268e+02,9.831724870131322405e+02,3.615531552059993601e+02,1.259519760572710538e+02,1.452721771453257816e+03,2.823495807102638651e+02,3.214019073688274943e+02,5.869968512782336347e+02,3.152153688018748312e+02,1.603442909269742245e+02,1.464682315108587545e+03,-1.591069948006364427e+02,2.633784867383067763e+02,5.302375895159599395e+02,1.175038127708987190e+02,2.547317745065153645e+02,1.671149073224182985e+03,-1.584855065564564427e+02
-9.589638221715627964e+00,1.767882334313072988e+03,1.137024821152256663e+03,3.686623217477204406e+01,1.790411606546853363e+03,8.188361365460845036e+02,-6.140937451093575561e+01,1.506829490648889987e+03,1.007575480939536533e+03,-4.106129874992106465e+01,1.553950188235467976e+03,6.039692319325025665e+02,7.746279398282305273e-01,1.200586046349399339e+03,9.192123178464718194e+02,-1.892385247243417155e+02,1.368670092678366700e+03,5.288202232427709077e+02,-1.062111891966553401e+02,1.285754305492878075e+03,6.931291376333924745e+02,3.481143200622882432e+02,1.423475614098065989e+03,6.722037611615911601e+02,1.156826736836195124e+02,1.358116989599810267e+03,6.669086139693414452e+02,4.080588792739671931e+02,9.978638567680362712e+02,3.705820219092804564e+02,1.274073912739044943e+02,1.459174369691451602e+03,2.805317308243951402e+02,3.460908961632873115e+02,5.994999053199937862e+02,3.442353706807924709e+02,1.627815458891527385e+02,1.469143510945728849e+03,-1.594444734974425728e+02,2.919738122729397674e+02,5.306304810873692759e+02,1.517032446550863938e+02,2.508172050068152998e+02,1.672488564547067199e+03,-1.584880676122469083e+02
-1.589560152925944259e+01,1.782632083421639436e+03,1.136160737940573654e+03,3.049410505772731739e+01,1.802189717131852376e+03,8.167598603456480078e+02,-6.408417742156281349e+01,1.519960370784233419e+03,1.012525043017472171e+03,-3.034158807445053796e+01,1.541437758377874388e+03,6.190063833750677986e+02,4.362561007014379655e+00,1.203219503262375611e+03,9.485661107173488062e+02,-1.582298480253070636e+02,1.340701307348945647e+03,5.574023047634872228e+02,-1.088306103446689264e+02,1.277790229315769011e+03,7.199182099409769080e+02,3.470851697893345431e+02,1.440775939380229147e+03,6.762588808366147077e+02,1.154629962555117828e+02,1.369130869297725894e+03,6.701139953666984184e+02,4.163690875547782184e+02,1.013891343382584751e+03,3.788544250059731553e+02,1.297258599074107508e+02,1.465326018628039719e+03,2.786014158763410933e+02,3.721303964997761113e+02,6.135858384310192832e+02,3.734546483190418940e+02,1.659741320518754719e+02,1.474679913892807235e+03,-1.592811044312703075e+02,3.224153417119088090e+02,5.312201244361657473e+02,1.865450195698489892e+02,2.465436520851555997e+02,1.673724459447868639e+03,-1.578741259672181343e+02
