1.409678044871124598e+02,5.904277505443367602e+01,1.756180242231432885e+03,2.179021453153289301e+01,-1.441215434713302841e+02,1.483753725106687398e+03,1.617838508348868629e+02,2.145110478127857050e+02,1.462568035506450769e+03,1.770752628513367881e+02,-3.433409561894429203e+02,1.304350235645714065e+03,3.789795764223769083e+02,1.979277513477747732e+02,1.225062351803683896e+03,3.442075032942199755e+02,-2.388059181010412715e+02,1.486128445409941151e+03,4.365848544265271585e+02,3.441969963571756352e+01,1.378375607262027643e+03,8.772343863379273898e+01,-1.019168763086687903e+02,9.904960076640932130e+02,2.325760368288850373e+02,1.010618372987655391e+02,1.028425407986881964e+03,1.157190191941034243e+02,-1.070013068212694236e+02,4.822727957000017227e+02,5.145771322247982198e+02,-7.518007686794788924e+00,9.512682732266647463e+02,-1.416305282447649638e-01,-4.595037065595208858e+00,-3.631637659510337235e-01,3.265369091397703869e+02,-5.085528660488945008e+01,5.383708310290860481e+02,2.394640072155647772e+02,-5.278057225158789834e+01,3.058845015932020317e+01,4.894314314948444462e+02,-2.092243973391901477e+02,5.343580835386680974e+02
1.416541247252795586e+02,6.061166045506593036e+01,1.757739821400428809e+03,2.250373990898524923e+01,-1.412770613341780006e+02,1.483058150941318218e+03,1.636536188261690370e+02,2.181778636011047183e+02,1.465083070695226297e+03,1.777632529523395135e+02,-3.385301389631364941e+02,1.301646397049117013e+03,3.831818477234102147e+02,2.016098757580805909e+02,1.225953807986803440e+03,3.441442277244339607e+02,-2.330898291496072829e+02,1.482461910012958697e+03,4.402363850808108623e+02,3.842720280077968198e+01,1.377717362772226124e+03,8.818916688160329898e+01,-9.842837451325895870e+01,9.921121620501663756e+02,2.332676428525415702e+02,1.056529329700377247e+02,1.028379333390298825e+03,1.151663715301557289e+02,-1.063432129302715623e+02,4.825955149436590546e+02,5.167645673175840102e+02,-7.041290267999853469e+00,9.515780540473385827e+02,-4.122952195287256094e-01,-5.405332715339248750e+00,-2.817072411097055751e-01,3.216822792307971213e+02,-5.338305309126087650e+01,5.385208498338678282e+02,2.406204710036819279e+02,-5.322473597731366368e+01,3.099359518810728886e+01,4.822972558673916978e+02,-2.121693395218281353e+02,5.329802678845895798e+02
1.425894498764938589e+02,6.206958930142999975e+01,1.758664296838957171e+03,2.333156008561397954e+01,-1.387932064590207233e+02,1.482062620554185514e+03,1.655385421930236873e+02,2.215196422031296777e+02,1.466941590425496543e+03,1.783786858225779213e+02,-3.345624642913938942e+02,1.298270351183924276e+03,3.866877441498487542e+02,2.053548121591447853e+02,1.226311835409952437e+03,3.455098652510800434e+02,-2.289127818692701339e+02,1.478266747895369690e+03,4.440246632241652378e+02,4.225154341342396691e+01,1.376667976699142400e+03,8.826776271025612175e+01,-9.513900707356685871e+01,9.933868416303871527e+02,2.339329008487986243e+02,1.097621310530634844e+02,1.028271202961119570e+03,1.144834992644382226e+02,-1.055608938887904458e+02,4.829485631381836015e+02,5.185240578470047694e+02,-7.379146448657669666e+00,9.517975850830129048e+02,-8.241035927795890004e-01,-6.263549999787104028e+00,-1.988366422986360960e-01,3.169904772193645499e+02,-5.558451875636983175e+01,5.387763565425100296e+02,2.415775515948762688e+02,-5.366449151440624377e+01,3.147930788063792562e+01,4.752820800747302883e+02,-2.157182876010110419e+02,5.316773977994896541e+02
1.439461317281058257e+02,6.335683713104893400e+01,1.758616537573169126e+03,2.434375216803027087e+01,-1.368902945997065217e+02,1.480605128889505295e+03,1.674328677965363852e+02,2.243899636791210526e+02,1.467761274386248033e+03,1.788913652879687106e+02,-3.317222797731431569e+02,1.293849028754853180e+03,3.890525062703811727e+02,2.092168714549707715e+02,1.225788568232344915e+03,3.490852302729514349e+02,-2.268547023494528219e+02,1.473206775925182228e+03,4.480624455420460208e+02,4.564941315083956397e+01,1.374888922411491876e+03,8.771706659336543055e+01,-9.210523778002706763e+01,9.941781457690283332e+02,2.345563712499158271e+02,1.131039970397433336e+02,1.028137156013592858e+03,1.135982061420172755e+02,-1.045503796315958027e+02,4.833434223124146456e+02,5.195856019377335997e+02,-8.913670329698060613e+00,9.518565378006117044e+02,-1.411259381606255747e+00,-7.135616905008029143e+00,-1.222578242588895081e-01,3.125105608449157444e+02,-5.706635070243209640e+01,5.392851339404137434e+02,2.422335837814620163e+02,-5.405538102338818618e+01,3.206642281893671509e+01,4.684112353042577297e+02,-2.199288434441494360e+02,5.305307249432123626e+02
1.457676182099520759e+02,6.448069305592130718e+01,1.757692604841801995e+03,2.553562300765008786e+01,-1.355768380265113819e+02,1.478745710263474393e+03,1.692982490691575777e+02,2.268791927945946156e+02,1.467566751959609519e+03,1.793118342584068614e+02,-3.296043350335038440e+02,1.288453130734080332e+03,3.902180830407100984e+02,2.132221372134481214e+02,1.224326966433691496e+03,3.546626095199072779e+02,-2.262333363773441590e+02,1.467230259433097444e+03,4.524047360456138449e+02,4.835579131969713984e+01,1.372158111652004891e+03,8.650681942993547580e+01,-8.924459615179546290e+01,9.946005563576829900e+02,2.351392331553957717e+02,1.156592436429207567e+02,1.028115506429267498e+03,1.125139442898666005e+02,-1.032733638489100798e+02,4.837655589128114570e+02,5.198932475769551047e+02,-1.141408779413140095e+01,9.517235690981977996e+02,-2.074056321367780953e+00,-7.902456663707918771e+00,-7.241335093482748064e-02,3.081279705692328434e+02,-5.742901198026458331e+01,5.402042451745342078e+02,2.426153607178189304e+02,-5.432633243972171755e+01,3.269802038530919219e+01,4.615545901609862653e+02,-2.241573641874892076e+02,5.296134368146678071e+02
1.479678013046323031e+02,6.551239704654939544e+01,1.756342362567583223e+03,2.684294936492844386e+01,-1.346666432593227398e+02,1.476733218479232391e+03,1.710815938648082977e+02,2.292606857406889560e+02,1.466729446135024773e+03,1.796701372825388603e+02,-3.274163479742745722e+02,1.282451860797252039e+03,3.904460633767123454e+02,2.174307970108329755e+02,1.222113093758007381e+03,3.612477848730189294e+02,-2.255708502995628635e+02,1.460384874768971940e+03,4.570548688813796616e+02,5.031365110446880351e+01,1.368302498343687148e+03,8.476459890838731326e+01,-8.642012331291377336e+01,9.949016781772444347e+02,2.356954617118434214e+02,1.176549800517986739e+02,1.028357694260950666e+03,1.112706834934041069e+02,-1.017732371279855812e+02,4.841895560547526998e+02,5.195270924768281020e+02,-1.421409661582724127e+01,9.513890307542842493e+02,-2.636881316893798122e+00,-8.440116562378157994e+00,-7.856398242093423634e-02,3.035847002054557606e+02,-5.638697399940129174e+01,5.415932030038335370e+02,2.428246581522729173e+02,-5.443220094744546600e+01,3.327937791657775790e+01,4.543610462638766307e+02,-2.273341839696526279e+02,5.289007031387523057e+02
1.503616204808724888e+02,6.656958156165413243e+01,1.755139793513638551e+03,2.817386871464674414e+01,-1.338734111022557443e+02,1.474885869892475512e+03,1.727414766018192722e+02,2.318509227695168420e+02,1.465774938712384028e+03,1.799797999486685853e+02,-3.244713930823230044e+02,1.276234337899798447e+03,3.901225941824891379e+02,2.219747211836355802e+02,1.219451575159283493e+03,3.676350981973233161e+02,-2.234842761889589156e+02,1.452615473191177216e+03,4.619837577420669277e+02,5.185058638025635958e+01,1.363148883348826985e+03,8.267528487305735041e+01,-8.352995883516160802e+01,9.952704251101749833e+02,2.362457986084724837e+02,1.194618920258826194e+02,1.028914459343982344e+03,1.098948713972442874e+02,-1.001586882431386272e+02,4.846017311886623702e+02,5.185876490923770916e+02,-1.659732845286363911e+01,9.508410132124676011e+02,-2.950393490504811922e+00,-8.715745004653786765e+00,-1.778333664332995001e-01,2.985929690038372541e+02,-5.389216422435549703e+01,5.433288010088941746e+02,2.429473488928505276e+02,-5.440225198283488339e+01,3.373551000159093149e+01,4.463225411666129503e+02,-2.285171401955240071e+02,5.282054253504644521e+02
1.527097111810633976e+02,6.780263176402424108e+01,1.754530160738934910e+03,2.943632338486414213e+01,-1.329226909712012912e+02,1.473449415936968762e+03,1.742631253296896148e+02,2.348710397046521337e+02,1.465163142037299167e+03,1.802145084111879214e+02,-3.204896368096557353e+02,1.269982757290737027e+03,3.895553623015646849e+02,2.270221762634599543e+02,1.216638729679044218e+03,3.730214263671683739e+02,-2.193938532262942829e+02,1.443719855342919118e+03,4.671409030073904773e+02,5.362433754443459577e+01,1.356558389528971020e+03,8.041109373262996485e+01,-8.051185442418244520e+01,9.957215290697474757e+02,2.368150650206306693e+02,1.214653769343861427e+02,1.029681532085636945e+03,1.083840537139450504e+02,-9.855007425531766785e+01,4.850114523678086584e+02,5.171429888021752959e+02,-1.813739645810206724e+01,9.500469080103763417e+02,-2.969115087373730422e+00,-8.818200814483239114e+00,-4.171679952827346827e-01,2.929903274172350507e+02,-5.017359818932349924e+01,5.451191211548534739e+02,2.429914025307137422e+02,-5.434258787754350806e+01,3.404192594546068307e+01,4.369843670317279134e+02,-2.273978558172582609e+02,5.272093964072925019e+02
1.547746421819746558e+02,6.939013399961947925e+01,1.754662265659311743e+03,3.056019818859202530e+01,-1.316170153658098343e+02,1.472500223763325948e+03,1.756565569294377553e+02,2.383859487408894609e+02,1.465126228644846833e+03,1.803150380940836612e+02,-3.155307271651109886e+02,1.263607353471401893e+03,3.888591330754906039e+02,2.327024461885644087e+02,1.213872001180849338e+03,3.773369583026417899e+02,-2.136470707390057555e+02,1.433458813092466244e+03,4.724466594576267653e+02,5.636087713406088540e+01,1.348510731653092762e+03,7.811641798228050959e+01,-7.726588441649086292e+01,9.961221019185047680e+02,2.374298572542284376e+02,1.239622922196431745e+02,1.030435905601449576e+03,1.067360417566405175e+02,-9.700792359506638718e+01,4.854406709070530042e+02,5.152611418319382892e+02,-1.880402195743802807e+01,9.489379736407931887e+02,-2.760986557026897881e+00,-8.898455377403587718e+00,-8.461828883780531108e-01,2.868418793758331162e+02,-4.565177650442350199e+01,5.466083523330327125e+02,2.428910303188484363e+02,-5.438949276249221043e+01,3.421356525074900645e+01,4.261800293173177465e+02,-2.244721810508808062e+02,5.255763468926418227e+02
1.563908180547761049e+02,7.152469652313328652e+01,1.755354724762567230e+03,3.152448698749691758e+01,-1.298362221136523544e+02,1.471928503349127595e+03,1.769483023881514043e+02,2.423356897627086255e+02,1.465606293533004191e+03,1.802205926669320775e+02,-3.097015365325494258e+02,1.256839923821425145e+03,3.879583823061469730e+02,2.390662936875194760e+02,1.211205990051660820e+03,3.811592623442194281e+02,-2.071010230453795771e+02,1.421693322940936241e+03,4.777769449909444006e+02,6.057505497732132937e+01,1.339154590454712434e+03,7.591614738923493633e+01,-7.358436491414011016e+01,9.963116599203654005e+02,2.381083700095567792e+02,1.271100230972670175e+02,1.030930380586810770e+03,1.049921183010246608e+02,-9.548149328468203123e+01,4.858976686050269791e+02,5.130679559359444966e+02,-1.882378254365454850e+01,9.473963055101793316e+02,-2.453091334607851337e+00,-9.066437357066856606e+00,-1.492219150251272053e+00,2.804236556945792245e+02,-4.075456919862301675e+01,5.474972625856615878e+02,2.425648712539091321e+02,-5.464256312346544320e+01,3.427219689138969727e+01,4.141280674284826091e+02,-2.207761478406433753e+02,5.230631418437742468e+02
1.575326902638740876e+02,7.436320538373415445e+01,1.756190818505927837e+03,3.238688502967637817e+01,-1.275129997047910422e+02,1.471494152836112107e+03,1.781786644243530020e+02,2.466104530064861251e+02,1.466300748654294239e+03,1.799066376304734831e+02,-3.029462512573187496e+02,1.249408281117582646e+03,3.866751747534041215e+02,2.461178232573653304e+02,1.208558985532961742e+03,3.853195950878621829e+02,-2.005411982102926629e+02,1.408443336045758087e+03,4.829659030261090606e+02,6.645120481326259210e+01,1.328773986456782723e+03,7.390568103102957309e+01,-6.917808728216698455e+01,9.962122351277553207e+02,2.388411241932131759e+02,1.309277181125567893e+02,1.030990343562565158e+03,1.032513915248932221e+02,-9.381100596357885024e+01,4.863553695575800475e+02,5.107560474854412860e+02,-1.844622741864533211e+01,9.452598646695702200e+02,-2.153346486463984633e+00,-9.319477550798973553e+00,-2.327390353112920973e+00,2.741008002335637457e+02,-3.572430085942136202e+01,5.476115466303061794e+02,2.419833035801077301e+02,-5.511101176148407177e+01,3.422552989269132695e+01,4.013286041084601266e+02,-2.173370095358196750e+02,5.195565695068136165e+02
1.583430460373676283e+02,7.794381869514319305e+01,1.756700525887088133e+03,3.329186604481958511e+01,-1.246370243985959547e+02,1.470918780527395484e+03,1.794027408197722480e+02,2.511053051480451757e+02,1.466798031838317229e+03,1.794169441925075716e+02,-2.951048308580692492e+02,1.241195446819553581e+03,3.848437126209129246e+02,2.538749941783046324e+02,1.205767510133743826e+03,3.904596948120164939e+02,-1.943243868289460750e+02,1.393858650794635651e+03,4.878438955863265960e+02,7.390965782113205762e+01,1.317686258252654625e+03,7.211544279814181380e+01,-6.380577790970023244e+01,9.958576519154889866e+02,2.395754119863241840e+02,1.353336037390686499e+02,1.030573959523080475e+03,1.016374175241677165e+02,-9.178864300831402545e+01,4.867555865929267611e+02,5.085242337662700152e+02,-1.780166104869431365e+01,9.423676963731634260e+02,-1.894539243267082451e+00,-9.547904212385899925e+00,-3.251925448293708776e+00,2.681803485200122736e+02,-3.053166164093519086e+01,5.469082318529610802e+02,2.412013501283522885e+02,-5.569603483865776639e+01,3.407605164947891296e+01,3.883470947031210585e+02,-2.146596570451905563e+02,5.150412644295978453e+02
1.590852035616217108e+02,8.211725400318452728e+01,1.756560974020457707e+03,3.443229095102686443e+01,-1.212944435878423945e+02,1.469971219564560897e+03,1.806794146480132213e+02,2.557286014785078692e+02,1.466757340875524051e+03,1.788830281083410512e+02,-2.861524019474452416e+02,1.232308974154703719e+03,3.823966605630402000e+02,2.623846229762294229e+02,1.202667970220899178e+03,3.967758872985311882e+02,-1.883747281773065083e+02,1.378153104859334917e+03,4.923003276680580598e+02,8.274890224617618628e+01,1.306125999689812033e+03,7.048293063470005393e+01,-5.742043855224861204e+01,9.953441077807580086e+02,2.402214528889033431e+02,1.402008102814688755e+02,1.029782888739867985e+03,1.002381844424928232e+02,-8.924691055791150518e+01,4.870425625209141458e+02,5.064915530446191383e+02,-1.692776120016159069e+01,9.386447138127261951e+02,-1.627363232872358845e+00,-9.605070994975932308e+00,-4.112745531134823551e+00,2.628231685383581180e+02,-2.496690066177099254e+01,5.454541044680803452e+02,2.403410379195507289e+02,-5.622045201409438420e+01,3.384965346437699196e+01,3.756424007487416930e+02,-2.125462258320311548e+02,5.095662339599023767e+02
1.600240241877215794e+02,8.655521363648183808e+01,1.755728872950426194e+03,3.596901814880806114e+01,-1.176913649041869121e+02,1.468515871607220106e+03,1.820364016845368269e+02,2.603860658625148403e+02,1.466058455668460510e+03,1.785172981438227282e+02,-2.763601900856418752e+02,1.223032652668340006e+03,3.793906749454161513e+02,2.716660773684918695e+02,1.199169383153524223e+03,4.040346143111632955e+02,-1.823821896034309304e+02,1.361541491893837474e+03,4.963351922335104405e+02,9.274258028807007292e+01,1.294168722297150907e+03,6.887041151757412649e+01,-5.022022466184931488e+01,9.947544278261149202e+02,2.406859964701598074e+02,1.454166806727256471e+02,1.028823033443688701e+03,9.906305242297401037e+01,-8.612446664112188444e+01,4.872028868422648884e+02,5.046489381809980159e+02,-1.588562918984688999e+01,9.341823656202798247e+02,-1.258526161857007608e+00,-9.386819704917074958e+00,-4.754319996166211482e+00,2.580492482533271641e+02,-1.887081739872562736e+01,5.434013345895981502e+02,2.395387152573946139e+02,-5.650061488875647342e+01,3.361543698463511021e+01,3.635368321078810823e+02,-2.103351864195497285e+02,5.032589725585139604e+02
1.612964709809330657e+02,9.085763788868602830e+01,1.754434722579428126e+03,3.795076134543169388e+01,-1.141045415934803913e+02,1.466514753872201709e+03,1.834235831661636951e+02,2.649748017157497770e+02,1.464846594804059578e+03,1.785613734797463792e+02,-2.661985230579136328e+02,1.213690845945287947e+03,3.759700305855683382e+02,2.816333117527589707e+02,1.195287286825569026e+03,4.117760169433601618e+02,-1.759724569817821873e+02,1.344180024093643851e+03,5.000628664681911459e+02,1.036619178531840788e+02,1.281728076409437790e+03,6.713106185490245537e+01,-4.255648601824231037e+01,9.941096191603667194e+02,2.409177487479577167e+02,1.509256406361617167e+02,1.027921178932076145e+03,9.804674619032107330e+01,-8.247567364534128842e+01,4.872787061056624225e+02,5.028759275821690835e+02,-1.481784473492704457e+01,9.292472802622235122e+02,-7.076305511790444980e-01,-8.866983730951426779e+00,-5.077475862057299949e+00,2.538099217919137800e+02,-1.236839171798564685e+01,5.409467221777438226e+02,2.388897503710592218e+02,-5.643164000621219856e+01,3.347227854093870292e+01,3.523014214715368553e+02,-2.073895293384433671e+02,4.963609768749204250e+02
1.628539912677013888e+02,9.471038578518539452e+01,1.753034314638025535e+03,4.028729634122579739e+01,-1.107619129344606392e+02,1.463996125860624034e+03,1.846908426540605319e+02,2.693961406322973176e+02,1.463441724528822306e+03,1.791912577207208699e+02,-2.560513723075231383e+02,1.204500215728041667e+03,3.722966537985682862e+02,2.920676831963857012e+02,1.191131503646685132e+03,4.195453150203673545e+02,-1.687570060832398440e+02,1.326105254967301562e+03,5.036597307535940899e+02,1.152758285169565511e+02,1.268632827761256522e+03,6.518356340666730375e+01,-3.475795603799883082e+01,9.933701371045046926e+02,2.409356040072650273e+02,1.567302995487948749e+02,1.027220288732155268e+03,9.709377294906319378e+01,-7.843112506531761596e+01,4.873409499437913723e+02,5.009986521290366568e+02,-1.387666361996274489e+01,9.241805943427199281e+02,4.672373851290170799e-02,-8.075793857685816590e+00,-5.075686793897212112e+00,2.500716353931661047e+02,-5.957090116562866910e+00,5.382479002017812491e+02,2.384185373359247535e+02,-5.604010384868681172e+01,3.350218583880465673e+01,3.422492299450067890e+02,-2.035358193733434859e+02,4.892112409121975247e+02
1.645184265240832531e+02,9.800366906169621473e+01,1.751798811091389780e+03,4.279896849059943520e+01,-1.077265819052092155e+02,1.461015720813839607e+03,1.856248639007731924e+02,2.735694686756885972e+02,1.462155563835429348e+03,1.804231181499760055e+02,-2.459928701333092818e+02,1.195488260344404807e+03,3.684884767859259682e+02,3.026639139476184255e+02,1.186859894197778885e+03,4.270315702525240340e+02,-1.603557017159368741e+02,1.307197075016458029e+03,5.072835490216381231e+02,1.273764971643665120e+02,1.254752218319812982e+03,6.304402004436436613e+01,-2.699448546535985116e+01,9.924756454619454189e+02,2.408169760354241475e+02,1.628393118080811632e+02,1.026699346686938043e+03,9.612905847709299678e+01,-7.414918861962637209e+01,4.874431500501848404e+02,4.988450907317679253e+02,-1.309195630620041939e+01,9.192249803458955739e+02,9.488633314225595194e-01,-7.054257435748502836e+00,-4.830606541643195584e+00,2.468685396687866103e+02,-3.915169453039419323e-01,5.353080700639787892e+02,2.380829699325151978e+02,-5.546847903352173859e+01,3.371789439352902917e+01,3.337503158878815270e+02,-1.992224969877221668e+02,4.821393233495725212e+02
1.661153417743409477e+02,1.008435518043844041e+02,1.750767696911747180e+03,4.531573945890708188e+01,-1.048717693356468743e+02,1.457633360755478634e+03,1.860455590041051153e+02,2.774311920213832536e+02,1.461115960946244741e+03,1.820894351935995132e+02,-2.358206845740074584e+02,1.186517468212911353e+03,3.645975819196408452e+02,3.131078725953782396e+02,1.182617311840903767e+03,4.340918646530690239e+02,-1.505164024163918555e+02,1.287210248179933615e+03,5.110093995441755510e+02,1.398187694437667972e+02,1.240101892367909386e+03,6.079549567626871465e+01,-1.927379189835137652e+01,9.913937991828873919e+02,2.406478373052642041e+02,1.691884132998399082e+02,1.026166429727806872e+03,9.512447760333444080e+01,-6.979432810553485922e+01,4.875921085600527363e+02,4.962748311950760467e+02,-1.231642790361427231e+01,9.143753866490807241e+02,1.877573170210178777e+00,-5.833179340238819677e+00,-4.470925972177912655e+00,2.443143954128593123e+02,3.574870061528643728e+00,5.318936234609273015e+02,2.378042449914112240e+02,-5.489357734007988654e+01,3.404142405430730633e+01,3.271698885627851610e+02,-1.953489114763307271e+02,4.753148512837569797e+02
1.675931840022365407e+02,1.034567330102611322e+02,1.749749612326254464e+03,4.776687859277812720e+01,-1.019729946933185545e+02,1.453909280943420526e+03,1.859174893456099085e+02,2.809275157482771874e+02,1.460196982082854220e+03,1.839278289271605331e+02,-2.253084361218737399e+02,1.177392354623158553e+03,3.606307665898324331e+02,3.231362225866184303e+02,1.178480085592110299e+03,4.407111352529608439e+02,-1.393146055956462988e+02,1.265889130622753555e+03,5.148116991373809697e+02,1.525332919504473352e+02,1.224859023050026963e+03,5.852380827080238390e+01,-1.156062336478610320e+01,9.901474413369054446e+02,2.404631155237468931e+02,1.755961205810570220e+02,1.025337795992652900e+03,9.409842086891120516e+01,-6.554054425037449505e+01,4.877544080405038471e+02,4.931936005892948742e+02,-1.131372145060326240e+01,9.093402084065320423e+02,2.679146715427434877e+00,-4.457838353116338581e+00,-4.117210340559156911e+00,2.425877827168395697e+02,5.464036729468407572e+00,5.275537895250920428e+02,2.375052800715872934e+02,-5.442384793397383191e+01,3.433260764229189732e+01,3.228002299945967479e+02,-1.928844767259496678e+02,4.686518679458704355e+02
1.690477592366476642e+02,1.060519156336023343e+02,1.748459052967218895e+03,5.020957742771306442e+01,-9.885717704728796207e+01,1.449905442645047970e+03,1.854082798883506484e+02,2.840250023110029360e+02,1.459092480600543695e+03,1.857500706854448254e+02,-2.144525962264868326e+02,1.167982612095183185e+03,3.565874575352376610e+02,3.325736611990756160e+02,1.174427611971304486e+03,4.469525386554042825e+02,-1.272639489601248641e+02,1.243119730554393755e+03,5.185892494875432703e+02,1.655082326615716966e+02,1.209264984533923780e+03,5.627279349207130821e+01,-3.911406413618598421e+00,9.888020128433223590e+02,2.402159402572078761e+02,1.818079578736594044e+02,1.023959841116529788e+03,9.310757574824177141e+01,-6.156484583180608894e+01,4.878855005742042863e+02,4.895731094626047479e+02,-9.916335708870148480e+00,9.036271170887729340e+02,3.211069071465671332e+00,-3.031498960838308054e+00,-3.839835639585118088e+00,2.419054808114970001e+02,5.245838860767211287e+00,5.217489314682928807e+02,2.371428514333399562e+02,-5.403744273467289361e+01,3.445379190991424423e+01,3.208489830257649942e+02,-1.924720900062536941e+02,4.618337616510177668e+02
1.706411346578706798e+02,1.087180911605127136e+02,1.746692993369475744e+03,5.278384544649468779e+01,-9.550847059744791068e+01,1.445675986104237609e+03,1.848468612395351158e+02,2.867478441341638700e+02,1.457489271580026298e+03,1.875890484626894761e+02,-2.035130960046020334e+02,1.158294569491722314e+03,3.524839939553972954e+02,3.413788809231352843e+02,1.170359136083890007e+03,4.529138751767721374e+02,-1.151770579690619911e+02,1.219034339722449204e+03,5.222082405176752218e+02,1.787780769532211309e+02,1.193473347455191970e+03,5.405201148105137321e+01,3.490777148477550718e+00,9.874180097987268709e+02,2.397976550052613334e+02,1.876222725402470815e+02,1.021901019820380839e+03,9.224619373562229896e+01,-5.800204817358663689e+01,4.879522728743627340e+02,4.854788906676740794e+02,-8.112318548174039634e+00,8.966910567586090792e+02,3.385130614259650450e+00,-1.724978612898112607e+00,-3.646405124064553860e+00,2.424889846946464900e+02,3.345193466680368655e+00,5.140144412381682741e+02,2.367227266823700518e+02,-5.359991243438193464e+01,3.433310470439534612e+01,3.214784075381631396e+02,-1.941891188984018299e+02,4.544388002287345785e+02
1.724785910606364325e+02,1.114077505240868362e+02,1.744438119472895551e+03,5.562496529534319478e+01,-9.206635092176132673e+01,1.441249458239380601e+03,1.845917772943419379e+02,2.892180001410288241e+02,1.455242560799603098e+03,1.897149550453953566e+02,-1.928391330886031199e+02,1.148461056849532042e+03,3.483523101148767864e+02,3.497067198781123238e+02,1.166156449541292659e+03,4.586757298525495230e+02,-1.037962104386060389e+02,1.194003921707550944e+03,5.255398420751090498e+02,1.924465336857853686e+02,1.177451585639059203e+03,5.188205693502830940e+01,1.042924672014041398e+01,9.859979979282404656e+02,2.390979554367249875e+02,1.930189574449206020e+02,1.019165949451558504e+03,9.164595031356921595e+01,-5.487580045392912353e+01,4.879337680567176108e+02,4.810843876122397091e+02,-5.986295852993655409e+00,8.880608946427586261e+02,3.197682510788128596e+00,-7.216095360696701544e-01,-3.496725656739042787e+00,2.445271105165129200e+02,4.854955791279991217e-01,5.040635372804908343e+02,2.362914706327962620e+02,-5.295085268660545097e+01,3.399069246319015747e+01,3.248313805596268935e+02,-1.975555465395249257e+02,4.460850312552898913e+02
1.745317987935909514e+02,1.140007422295314967e+02,1.741855391353574532e+03,5.878705741690585285e+01,-8.872763578227147718e+01,1.436621301936982945e+03,1.848778051294068518e+02,2.916578296126622831e+02,1.452457804936912908e+03,1.924861800432053087e+02,-1.826458022618785719e+02,1.138667585657225800e+03,3.442256280535767701e+02,3.579356297118904990e+02,1.161762641816299265e+03,4.642386882883263866e+02,-9.341138025761966901e+01,1.168522120100974917e+03,5.284829527330282417e+02,2.067143381756446843e+02,1.161017771981440774e+03,4.982829296220157289e+01,1.679857879657105713e+01,9.844657163784027034e+02,2.380685026812746514e+02,1.981947411929463954e+02,1.015842425338657904e+03,9.145583374029921231e+01,-5.205970417703225195e+01,4.878109730909271207e+02,4.766422699976724857e+02,-3.574893251533854510e+00,8.774048661453218756e+02,2.734565283208818087e+00,-1.222195057635398208e-01,-3.329311535380881537e+00,2.481475104177263802e+02,-2.573990323717874062e+00,4.917884426941170091e+02,2.359070977996211695e+02,-5.200619934978679026e+01,3.351672193095642172e+01,3.309865110388449807e+02,-2.017727444514299862e+02,4.365231850461329373e+02
1.766573415533802063e+02,1.164063918619112457e+02,1.739164918871366353e+03,6.222137225785957071e+01,-8.562009524236678715e+01,1.431766457612674458e+03,1.857268969205950953e+02,2.943357713292879225e+02,1.449433385328930171e+03,1.961130393085381627e+02,-1.729167429916442700e+02,1.129059940705815734e+03,3.401309928935117455e+02,3.665893441380954414e+02,1.157222594943228614e+03,4.694833129181106983e+02,-8.372453298644434483e+01,1.143049506287111853e+03,5.309725024956028392e+02,2.218537245475621660e+02,1.143995424483579882e+03,4.798283195063785911e+01,2.269242700776667832e+01,9.826943453256201337e+02,2.367512785297732592e+02,2.034705483007360272e+02,1.012032919829281354e+03,9.179489130199554836e+01,-4.931451074416166591e+01,4.875665488355508614e+02,4.724039352377128012e+02,-7.721696833672760940e-01,8.645556433053111505e+02,2.143719512344199885e+00,1.238791983198554991e-01,-3.082203292985648435e+00,2.534180014060285941e+02,-5.312569293495264411e+00,4.772049086854717075e+02,2.356033819737192232e+02,-5.081476106787854974e+01,3.301843548635294212e+01,3.398536244697688744e+02,-2.060860611634904274e+02,4.256643104622519331e+02
1.786902736462885741e+02,1.186515960504494700e+02,1.736502682578928670e+03,6.581866711185099916e+01,-8.271943721525332194e+01,1.426657478288137554e+03,1.869713541088288764e+02,2.974796420920604305e+02,1.446491234646034172e+03,2.004844372117579496e+02,-1.634718283445221232e+02,1.119676645838436798e+03,3.360954575721548849e+02,3.761428539092560186e+02,1.152643074084278851e+03,4.741980439590844298e+02,-7.405841692589881120e+01,1.117898631177174593e+03,5.329772866517582770e+02,2.381137872646160645e+02,1.126374254837470971e+03,4.640036004549873638e+01,2.838220744432530651e+01,9.805647002400623933e+02,2.352555046392819520e+02,2.091317871531379637e+02,1.007816011936432119e+03,9.270182301160866700e+01,-4.639386581149996402e+01,4.871997149577655932e+02,4.685172720370140382e+02,2.630020681474941835e+00,8.495363474064381535e+02,1.581359651354051543e+00,2.060627649185813592e-01,-2.701482618763673127e+00,2.603889812498076139e+02,-7.630727370319936753e+00,4.604225185249964056e+02,2.353699081784029943e+02,-4.953701885746863098e+01,3.256873512403213766e+01,3.510949508603269464e+02,-2.101151502014106143e+02,4.135756811110787794e+02
1.805438823449896120e+02,1.209134686886314398e+02,1.733825435883236878e+03,6.948645551250513108e+01,-7.984725097667595151e+01,1.421264251770653118e+03,1.883675292356683713e+02,3.012105950961428675e+02,1.443784871010545430e+03,2.051791115494462190e+02,-1.541034663054984719e+02,1.110432332489745249e+03,3.321572860082680450e+02,3.868053942251258377e+02,1.148089165291431527e+03,4.781771061495782078e+02,-6.376995818415529982e+01,1.093199268012778248e+03,5.344937422436688621e+02,2.556144404762270597e+02,1.108360112936767791e+03,4.503797170972931951e+01,3.421653841127003659e+01,9.780116397686111895e+02,2.336990876539743454e+02,2.153109342513592424e+02,1.003245398010882468e+03,9.412354671301284270e+01,-4.315900428647939435e+01,4.867393330167766976e+02,4.649627016004297957e+02,6.807519205865615319e+00,8.325964154884650270e+02,1.152765263779524485e+00,3.561739505355621671e-01,-2.142961624119333219e+00,2.691607282286387317e+02,-9.864238120496821693e+00,4.416806563138815136e+02,2.351619748821572955e+02,-4.836178843343687106e+01,3.218375320536365081e+01,3.641702007073462823e+02,-2.140029648868002710e+02,4.004798154701588260e+02
1.822510932733240736e+02,1.234769778361312405e+02,1.730908498923997513e+03,7.321169558927618937e+01,-7.674497690357586066e+01,1.415530736449716414e+03,1.897260261548391043e+02,3.055366828890880129e+02,1.441192027480821025e+03,2.096647476265168564e+02,-1.446704639326154904e+02,1.101156216468057437e+03,3.283724640800214729e+02,3.984221233086470306e+02,1.143500287950299025e+03,4.813234037714423721e+02,-5.260149337689124849e+01,1.068928674261295782e+03,5.355422583096316203e+02,2.743107836556584971e+02,1.090296341947242809e+03,4.375437575953918667e+01,4.050618765461264559e+01,9.750272510394871688e+02,2.321515155278673603e+02,2.219824211825405200e+02,9.983612629830569176e+02,9.596624393488575322e+01,-3.963760255533551202e+01,4.862345793000865797e+02,4.615756435371483803e+02,1.179900067589339052e+01,8.142200934211778076e+02,8.766820932839127778e-01,7.229115338358693688e-01,-1.376413801390956371e+00,2.799323070623352692e+02,-1.262122153883862374e+01,4.214097911950323123e+02,2.349343632156413548e+02,-4.741251858584802648e+01,3.183606904834898899e+01,3.785296460879554274e+02,-2.183076298905152157e+02,3.867625457667189153e+02
1.839304791195505402e+02,1.266298211272013816e+02,1.727429646195476153e+03,7.707019911732380990e+01,-7.318546721170692138e+01,1.409351185383538223e+03,1.909845126057204538e+02,3.103998880910392018e+02,1.438354026759261842e+03,2.135602316573232429e+02,-1.351252516294782424e+02,1.091664585487618069e+03,3.248177070553897465e+02,4.105739282421322969e+02,1.138715780929467201e+03,4.836692422922508854e+02,-4.077763729421677397e+01,1.044963146802905840e+03,5.361683352210886824e+02,2.940554756925259881e+02,1.072550043098895685e+03,4.238328052480841279e+01,4.743735157051864348e+01,9.716232353938536335e+02,2.306114363656427884e+02,2.290490736164026941e+02,9.931850468865113726e+02,9.818519049810110744e+01,-3.600162929129990630e+01,4.857215754526362730e+02,4.581477341010122473e+02,1.752341696242264391e+01,7.950600582753299932e+02,6.946540927663953369e-01,1.290090782105318024e+00,-3.961937025225364395e-01,2.929843004540078937e+02,-1.651707997763693214e+01,4.002358240751203766e+02,2.346759974517456158e+02,-4.669581804377578038e+01,3.148714972087324071e+01,3.938610132180299388e+02,-2.236831649674678602e+02,3.729716451783625644e+02
1.857099560332292185e+02,1.305430389469768500e+02,1.723086585585817147e+03,8.117838690556217784e+01,-6.906572570017191026e+01,1.402573820513949158e+03,1.921954116773567307e+02,3.157339596699040953e+02,1.434837528634144292e+03,2.167910555144353282e+02,-1.255226903309665545e+02,1.081823901624692326e+03,3.215968045388619885e+02,4.228217200545421974e+02,1.133620101871789757e+03,4.852844602075322200e+02,-2.885105601247034457e+01,1.021118666910215893e+03,5.364459658125858823e+02,3.147062687657432889e+02,1.055472579186023495e+03,4.084056986311036042e+01,5.502415903475896641e+01,9.677843608878670238e+02,2.290267855113559392e+02,2.364364779066333710e+02,9.876920697845770292e+02,1.008510130880691662e+02,-3.248376644979143180e+01,4.851873323471089634e+02,4.545399388808031631e+02,2.390385202992226255e+01,7.757878370558390770e+02,5.226964061540104733e-01,1.887465471352321789e+00,7.669302571845755256e-01,3.085771538854377809e+02,-2.192734998490891485e+01,3.788786809701102811e+02,2.344216913019589015e+02,-4.611055534126297317e+01,3.111306011288410289e+01,4.102270258997251631e+02,-2.305041364568551501e+02,3.597822739057015724e+02
1.876583155705204433e+02,1.352034377558587437e+02,1.717683507206948661e+03,8.561825147579190798e+01,-6.443148862758579298e+01,1.395037722268597463e+03,1.934544922915582390e+02,3.214916905843506925e+02,1.430322262547500713e+03,2.195400057633698623e+02,-1.160424656856382484e+02,1.071561366857802113e+03,3.188468025393951848e+02,4.349399814920333256e+02,1.128306901915803792e+03,4.861314158888961288e+02,-1.745021559880426665e+01,9.971820714478081982e+02,5.364768769176133674e+02,3.361936983648610635e+02,1.039449083884733909e+03,3.919754515357337254e+01,6.310669972727794885e+01,9.634472763557694179e+02,2.273366873228200120e+02,2.441254996642207971e+02,9.817848218322137654e+02,1.041364522422927763e+02,-2.927199929870317874e+01,4.845579760421728679e+02,4.507279806183804567e+02,3.099589695257694899e+01,7.569093512671358894e+02,3.152856184243393312e-01,2.291413665527437082e+00,2.043001940116659032e+00,3.268029522840054710e+02,-2.885385109252013436e+01,3.579724690837942376e+02,2.342332300718501585e+02,-4.549583611405070371e+01,3.070737083250259047e+01,4.279839993105577491e+02,-2.386185793241312751e+02,3.479127700078880707e+02
1.897562060712261882e+02,1.404387147101984112e+02,1.711151968701906071e+03,9.038086867570360994e+01,-5.942241505490159881e+01,1.386620319857869163e+03,1.948229602078000937e+02,3.276329131601246445e+02,1.424710605181177471e+03,2.220348052730381596e+02,-1.069911787746420657e+02,1.060814739372424128e+03,3.167257099069194624e+02,4.469910448337824391e+02,1.123118723166412110e+03,4.859685511224399193e+02,-7.086827439115940486e+00,9.729536921654332673e+02,5.363750180953103381e+02,3.585051817943852370e+02,1.024939506545905715e+03,3.767253002467744949e+01,7.140915687818781521e+01,9.585156776023184193e+02,2.255034672916837621e+02,2.521205996015879123e+02,9.752981072812455068e+02,1.082219592895583844e+02,-2.642123950957127576e+01,4.837212043336603529e+02,4.467491644458714291e+02,3.902294870902826318e+01,7.386239136159296095e+02,1.019344253214869017e-01,2.361509922058334876e+00,3.335990917660034860e+00,3.474781129764579077e+02,-3.692909060536909749e+01,3.378920998001217413e+02,2.341641660301176842e+02,-4.468341681365756557e+01,3.026459298817063370e+01,4.475227040144372950e+02,-2.473445779932340258e+02,3.379915201095922157e+02
1.919083718963130423e+02,1.460162498769070396e+02,1.703519836770442680e+03,9.536068898640121461e+01,-5.417787388967697382e+01,1.377265760084531848e+03,1.962874236403779378e+02,3.340974872597023477e+02,1.418114441305539913e+03,2.243239227378252565e+02,-9.872656493934970001e+01,1.049464994522474399e+03,3.153674597445413497e+02,4.592033346302038126e+02,1.118496203772828494e+03,4.843691018735834177e+02,1.920733257876417355e+00,9.483096139513241951e+02,5.362279272621266273e+02,3.816167487766231261e+02,1.012397315677296319e+03,3.654459570201470342e+01,7.965633040370138929e+01,9.528966527983983497e+02,2.235168449238506980e+02,2.604057752336199769e+02,9.680482288545248366e+02,1.131811544994295247e+02,-2.381543213524138380e+01,4.825675861068367567e+02,4.425963924178623756e+02,4.829986786305302360e+01,7.207908285148907908e+02,-2.474066939354472791e-02,2.135157376445587563e+00,4.549829270668760195e+00,3.701614720584041720e+02,-4.551944043751554148e+01,3.186771135495552016e+02,2.342351309328783202e+02,-4.353819151196056225e+01,2.976088811670384970e+01,4.690009098074099825e+02,-2.556991795631151376e+02,3.304075036561902152e+02
1.939809835666256959e+02,1.517470698964584415e+02,1.694870883193047803e+03,1.004020651406037103e+02,-4.876833790898648857e+01,1.366983840417234433e+03,1.977728051831210223e+02,3.407959356329241132e+02,1.410754848423184512e+03,2.261976581303533180e+02,-9.150342287029764066e+01,1.037321321810035670e+03,3.148183440439361220e+02,4.717564950801823898e+02,1.114715843915951154e+03,4.808521096259860315e+02,9.447485132943185704e+00,9.232637271749700858e+02,5.360461586266363838e+02,4.054486527165623215e+02,1.002059951134196012e+03,3.604048958734622943e+01,8.770291503898069152e+01,9.465352979615491904e+02,2.213773315908074721e+02,2.689371700588486647e+02,9.599071045501449362e+02,1.189271065492600883e+02,-2.120326446733907844e+01,4.810233030578602893e+02,4.381517572187675000e+02,5.910853810854121093e+01,7.030231154338426904e+02,4.232027173714644763e-02,1.823520648633968566e+00,5.616804055661652306e+00,3.943081484468206099e+02,-5.386133174194702633e+01,3.001015633601793411e+02,2.344386306233302264e+02,-4.199118428863096142e+01,2.914921143532634318e+01,4.922337658293855043e+02,-2.627299595811575728e+02,3.252096262693799531e+02
1.958458180041776870e+02,1.575307022480139665e+02,1.685325494774186382e+03,1.053695749275298112e+02,-4.319148296529171915e+01,1.355831872664266484e+03,1.991910471220500938e+02,3.476328600147402312e+02,1.402851980107926920e+03,2.273122950338268993e+02,-8.532578700943771821e+01,1.024194801166910338e+03,3.149964109926746687e+02,4.846433044017447287e+02,1.111691340769244334e+03,4.750739975754573834e+02,1.554493342115878995e+01,8.979947474326068004e+02,5.357377422901270165e+02,4.299010602759961444e+02,9.937478419766011939e+02,3.625931487220000804e+01,9.560102626595849529e+01,9.394342727696437123e+02,2.190806239228047332e+02,2.776770930179355901e+02,9.508618895271222300e+02,1.252595516837561433e+02,-1.830315238312602233e+01,4.790581856423715976e+02,4.332291359098967973e+02,7.161194355627672792e+01,6.848764645361857220e+02,3.713269724531723659e-01,1.710800935016067337e+00,6.518085830540522707e+00,4.194683615500820224e+02,-6.117348901797657845e+01,2.818684682075456749e+02,2.347688772432404392e+02,-4.006722907143537782e+01,2.837617868754297490e+01,5.167804488132650249e+02,-2.677665653374350541e+02,3.221167965096791477e+02
1.974176058020618143e+02,1.633312380560218458e+02,1.675035916653582035e+03,1.102007649506314664e+02,-3.741595110924578194e+01,1.343894251841578807e+03,2.004884890598078471e+02,3.545511300424544174e+02,1.394563548804927223e+03,2.274359291155267897e+02,-7.991460050624422706e+01,1.010020685702831656e+03,3.157087892510520533e+02,4.977175143061916174e+02,1.108979058194812978e+03,4.670103402062547389e+02,2.042677700622508397e+01,8.728145960720337371e+02,5.351435932386164041e+02,4.549573848614913913e+02,9.868536616582599663e+02,3.717244114358273066e+01,1.035583780994187890e+02,9.316552004659451995e+02,2.166191535184851773e+02,2.866366012356128294e+02,9.410258905427915579e+02,1.319826947330817291e+02,-1.493186045718550048e+01,4.766759168110792189e+02,4.277156984128729960e+02,8.585001693716064608e+01,6.660642088359070385e+02,9.607572576051158775e-01,2.018804715916850068e+00,7.290787402783222682e+00,4.453940959777897888e+02,-6.671194403183181976e+01,2.638380129946986017e+02,2.352517644650912700e+02,-3.789125843343551026e+01,2.741327525633228390e+01,5.421261892808620360e+02,-2.704515901511422271e+02,3.206463190244966768e+02
1.986751953184754882e+02,1.691310782790785936e+02,1.664166811965709712e+03,1.149107881742607020e+02,-3.142032058685991203e+01,1.331261289502633190e+03,2.016583140276715653e+02,3.615663099242430576e+02,1.385978275613452524e+03,2.266449907880180206e+02,-7.482981294723619214e+01,9.949344563129401422e+02,3.167203425743088587e+02,5.108868140926098249e+02,1.105989854782815200e+03,4.570494988851383482e+02,2.443274430911379014e+01,8.480856554325611114e+02,5.341277868988019009e+02,4.807773558488993899e+02,9.805947042493166919e+02,3.868753810229343770e+01,1.118118472409318542e+02,9.233011879385313705e+02,2.139986651611230570e+02,2.958923819337896930e+02,9.305945110269275347e+02,1.390158296394218667e+02,-1.108437647713839347e+01,4.739059132457995247e+02,4.217246311321835037e+02,1.017943258045516046e+02,6.466205087589837603e+02,1.738416203731924847e+00,2.816875132082118149e+00,8.018522260737256602e+00,4.719719584441040752e+02,-6.976060800958002517e+01,2.461716947543341973e+02,2.359491605922461019e+02,-3.565276062926849932e+01,2.628204379714539485e+01,5.678168045339807577e+02,-2.705354933518263465e+02,3.202985154710908660e+02
1.996625447314970927e+02,1.749185994627301284e+02,1.652845711712397360e+03,1.195481409315357979e+02,-2.519160773113216933e+01,1.318002601496605166e+03,2.027118687894726463e+02,3.687623332291427118e+02,1.377131820832335279e+03,2.253221064104750440e+02,-6.967432343663386973e+01,9.792304313591728260e+02,3.178271501054466626e+02,5.242853505747583540e+02,1.102275510167922221e+03,4.459237489724413877e+02,2.793738390932869819e+01,8.241227522774795489e+02,5.326663623503079634e+02,5.076897418800985520e+02,9.744136601728366713e+02,4.072770278621785423e+01,1.205012580580491885e+02,9.144812819976129958e+02,2.112528524312934337e+02,3.055687691752895603e+02,9.197710045174954985e+02,1.464267606696850521e+02,-6.910534808271504126e+00,4.708076166880484266e+02,4.156539717399453480e+02,1.194039671974879724e+02,6.269536705249588522e+02,2.582829275533939928e+00,4.021228449266375904e+00,8.803875103387854395e+00,4.990217870647836094e+02,-6.957754507914353326e+01,2.293146192512567438e+02,2.369301090545095008e+02,-3.353245040284099332e+01,2.505070545318181630e+01,5.934725958821333052e+02,-2.675656388734425946e+02,3.207020652913242316e+02
2.004730781171234071e+02,1.807243067128242444e+02,1.641102236290280871e+03,1.241323460031699852e+02,-1.869743537156610813e+01,1.304140701732987282e+03,2.036361731212316784e+02,3.762425274053910584e+02,1.368011818569691286e+03,2.239320719255464667e+02,-6.424916892575856764e+01,9.632214031311109466e+02,3.188883889886545830e+02,5.382646884017209459e+02,1.097724666903858179e+03,4.344500896716565421e+02,3.120387839963506593e+01,8.011189295153792500e+02,5.308696509365055363e+02,5.360512032781535936e+02,9.682934553175791734e+02,4.327294023266191658e+01,1.296230955780113732e+02,9.052663500940218455e+02,2.084388835667789692e+02,3.157991597199807075e+02,9.086990626188324995e+02,1.543710661539318210e+02,-2.596179016753747515e+00,4.674777295460647224e+02,4.101030385374793354e+02,1.386430318108514825e+02,6.077649559186347688e+02,3.356171571778765461e+00,5.466892384245921832e+00,9.726936640878806273e+00,5.260978165725949793e+02,-6.534220085047681437e+01,2.138218444136590790e+02,2.382243662131047017e+02,-3.162915997191598905e+01,2.379479861471930136e+01,6.187166920585925709e+02,-2.606739717545301005e+02,3.216431465885838747e+02
2.012257362684161421e+02,1.866653717714025333e+02,1.628837335106594765e+03,1.286160670966427517e+02,-1.187826347524928750e+01,1.289645164000772866e+03,2.043776558897654638e+02,3.840624065108448235e+02,1.358547164219529577e+03,2.227045085971222704e+02,-5.857453478510367972e+01,9.470996002603491206e+02,3.198105178737608298e+02,5.531797422729972595e+02,1.092581856957693844e+03,4.231555361709957879e+02,3.423811356815485851e+01,7.791165475707621226e+02,5.289190729282501024e+02,5.660304650940693136e+02,9.627984001653734367e+02,4.634137559897003911e+01,1.390753106258225387e+02,8.956571185203731602e+02,2.056110150177657943e+02,3.266855055966903478e+02,8.974279868237504161e+02,1.629789823349259734e+02,1.774812497612710871e+00,4.640392276077816405e+02,4.056883825255451370e+02,1.594644663602609853e+02,5.898462486964506297e+02,3.940945078536730151e+00,6.994556567983987172e+00,1.080375305477664938e+01,5.524321045808237614e+02,-5.615943968182738644e+01,2.001097720022347630e+02,2.397855967408330855e+02,-2.993463991458031259e+01,2.254109392443559301e+01,6.431127224161422191e+02,-2.486175810441286558e+02,3.229561548257691470e+02
2.020390737555653402e+02,1.929398626464965787e+02,1.615855944718907722e+03,1.328958967209619288e+02,-4.687308280672892735e+00,1.274467724427861640e+03,2.048717531062479225e+02,3.921894909736999466e+02,1.348606349327923681e+03,2.214260120241957281e+02,-5.280002556574336126e+01,9.309049687625841898e+02,3.205202392365497985e+02,5.691110404999285493e+02,1.087323243983615157e+03,4.119696572502959953e+02,3.673406602522536701e+01,7.580312803209368440e+02,5.269615920197627474e+02,5.974427302677360103e+02,9.588324354635288955e+02,4.993000251578068571e+01,1.487311271725396580e+02,8.855854440142561543e+02,2.027878865934586088e+02,3.382651789688703730e+02,8.859147497665223909e+02,1.722586100389185049e+02,6.278198420318874540e+00,4.605999709548858618e+02,4.028605432428253721e+02,1.817906784274809979e+02,5.738145135003500172e+02,4.273835203762056167e+00,8.498817020123984989e+00,1.196424588380166298e+01,5.770688568518078227e+02,-4.116232441423965582e+01,1.882450622678170475e+02,2.414866552522142342e+02,-2.837536171554758369e+01,2.123301246085921790e+01,6.661843790480950247e+02,-2.300825729431892057e+02,3.243266546354271895e+02
2.030051259630947982e+02,1.997498807937172955e+02,1.601962517653984833e+03,1.368613316028341842e+02,2.847773697970571227e+00,1.258615728957852525e+03,2.051001011832135532e+02,4.005237182338275943e+02,1.338033822147146338e+03,2.194853476350927508e+02,-4.710791907286544955e+01,9.146299011009889455e+02,3.209686898314775476e+02,5.857272408225551317e+02,1.082495035800213600e+03,4.001838682409883177e+02,3.817415716913045287e+01,7.377313150653988032e+02,5.250314829085323254e+02,6.297487018907246465e+02,9.572778860224428854e+02,5.396174465174990331e+01,1.584662628391009207e+02,8.749529484785164186e+02,1.999367856299085418e+02,3.504886424980386437e+02,8.740514850722237270e+02,1.820681211922485545e+02,1.107499324749848135e+01,4.571946694215899356e+02,4.018100865950840443e+02,2.055086729153529745e+02,5.598827088076322980e+02,4.367389423881547827e+00,9.923726452141576004e+00,1.306401644991630917e+01,5.991209843268112536e+02,-1.971656659947615253e+01,1.778663585018475715e+02,2.431518252803844859e+02,-2.689305008975270894e+01,1.974818260773540146e+01,6.875194665543886003e+02,-2.041167771003637483e+02,3.251240530642693898e+02
2.041652261622154754e+02,2.071983182193966115e+02,1.587077823710074654e+03,1.404469162590179678e+02,1.060214764597323445e+01,1.242227255304409482e+03,2.051327172157466805e+02,4.089733801766211059e+02,1.326725738176816549e+03,2.161562418351192036e+02,-4.169980911207185414e+01,8.983872078622465551e+02,3.211743797450267834e+02,6.024046954352058947e+02,1.078604178152609848e+03,3.867483238758444486e+02,3.805287292574728752e+01,7.181575755645110348e+02,5.230409500794805808e+02,6.622484261969931367e+02,9.587220216891953442e+02,5.827908405407872294e+01,1.681209228599630308e+02,8.636877696266770954e+02,1.969873888449896810e+02,3.632168092983982888e+02,8.617042559981663317e+02,1.921658634419831628e+02,1.624656753527379394e+01,4.537485653331599451e+02,4.024822443717558258e+02,2.304715041919247085e+02,5.477742458037266715e+02,4.307263521186774469e+00,1.123301194893539545e+01,1.392975807556330281e+01,6.180181810724865272e+02,8.330398816397567074e+00,1.682763896372965462e+02,2.446113789161660179e+02,-2.550627777097887616e+01,1.796549951823283209e+01,7.069050023921522552e+02,-1.704910528072242926e+02,3.243966029185315847e+02
2.054967354869115468e+02,2.152386879937831168e+02,1.571312149130335683e+03,1.436553509675910050e+02,1.840667480455749327e+01,1.225593569559508978e+03,2.051217750256091108e+02,4.175404212058355142e+02,1.314706831190914500e+03,2.109485923773107459e+02,-3.686366590812257726e+01,8.825161971969422439e+02,3.212689658813580991e+02,6.185489472141074430e+02,1.076075982061378227e+03,3.707669542797864892e+02,3.609127341281035939e+01,6.994367542652794327e+02,5.208270863022664798e+02,6.943911520087068538e+02,9.633821911889081093e+02,6.268853948442740887e+01,1.774523956478255968e+02,8.517888320273580121e+02,1.938663898695902787e+02,3.762525877925821192e+02,8.487559592002360205e+02,2.023026508793472544e+02,2.165602417930434953e+01,4.501006788039551907e+02,4.046518688292155161e+02,2.564967292113438475e+02,5.368360681119205537e+02,4.217079797365644644e+00,1.239533296018504416e+01,1.442169639163937056e+01,6.336387039060767847e+02,4.247938758216170640e+01,1.586629527543233564e+02,2.457538517696642373e+02,-2.430801005874413434e+01,1.584447484633020764e+01,7.244276467260511936e+02,-1.298193888238971851e+02,3.210863903074597374e+02
2.069238778296662247e+02,2.237264759655595299e+02,1.554943820363252826e+03,1.465437229565844461e+02,2.614723354394945432e+01,1.209095152956468610e+03,2.052485193940382260e+02,4.263560403041155951e+02,1.302151716935098420e+03,2.038167845971851193e+02,-3.302403007241589705e+01,8.675377000725943617e+02,3.214972796041887477e+02,6.339251014818153180e+02,1.075229839475523022e+03,3.519100944948240226e+02,3.229686385684202321e+01,6.819153589713463361e+02,5.182108492800231261e+02,7.260445250908006756e+02,9.711951354227197726e+02,6.702217294299866523e+01,1.861587159414956716e+02,8.393354589340465282e+02,1.905314201412342925e+02,3.894112766373471004e+02,8.351509989181830633e+02,2.123000073215171994e+02,2.695012424149814478e+01,4.460894278035540879e+02,4.079935243899089983e+02,2.833798835024078357e+02,5.263104111010253519e+02,4.199081699645287991e+00,1.340237626498523937e+01,1.448736022233121190e+01,6.462864276784628146e+02,8.164017115483962073e+01,1.483461325025229485e+02,2.465552848578056739e+02,-2.340068381236929795e+01,1.347060649706454427e+01,7.404883665377910802e+02,-8.336349530386260653e+01,3.143824774955115231e+02
2.083566219714744818e+02,2.325466351126653137e+02,1.538302680577724459e+03,1.491893046809553880e+02,3.383542094895012298e+01,1.193070117000260780e+03,2.056569218984008671e+02,4.356368230992406438e+02,1.289318980758214366e+03,1.951129627683762919e+02,-3.066710216357048679e+01,8.539653916740908244e+02,3.221519964405121641e+02,6.487895545627069396e+02,1.076224308836157434e+03,3.305061197822702184e+02,2.683112215975353720e+01,6.660656426926315135e+02,5.150366830110480123e+02,7.575582960504182211e+02,9.819514853476149483e+02,7.117334484771720327e+01,1.940049665047918950e+02,8.264606555588248966e+02,1.869879466325281214e+02,4.026085916897663424e+02,8.209326563608847209e+02,2.220728529930628383e+02,3.172629950665250576e+01,4.416558634987113692e+02,4.121176499115285878e+02,3.109544209543323632e+02,5.156425208990998499e+02,4.280182654815559040e+00,1.429901643594878280e+01,1.418370263286201549e+01,6.565349884608983757e+02,1.244981648385784183e+02,1.369461672056024781e+02,2.470769782664225716e+02,-2.281717252120619932e+01,1.104130425429282703e+01,7.556997533451302616e+02,-3.257478787279484322e+01,3.040234297551240275e+02
2.097400985685891897e+02,2.417337664391767191e+02,1.521619820625527382e+03,1.516578544776315027e+02,4.159493124832865618e+01,1.177684422331148653e+03,2.064128815851035199e+02,4.455843565390906065e+02,1.276425662427813450e+03,1.853401395610151496e+02,-3.012657807757403461e+01,8.420726268675048232e+02,3.234680011517885987e+02,6.637340942683194953e+02,1.078979989590841114e+03,3.072758159629142938e+02,1.979899146026328438e+01,6.522886145852249911e+02,5.111966669115287800e+02,7.895378483755395109e+02,9.953758914353445562e+02,7.509035846905382527e+01,2.009972053904047016e+02,8.133055619576230129e+02,1.832879479507605538e+02,4.159202339512989965e+02,8.062526395707295706e+02,2.315937187544706433e+02,3.577053420477177070e+01,4.368995351262935287e+02,4.165928033908461998e+02,3.391918390753720587e+02,5.046833878312057209e+02,4.401534651633054906e+00,1.518353047750731832e+01,1.365734799854874737e+01,6.649932281732184265e+02,1.700712614209787432e+02,1.244230291706120255e+02,2.474359198082252931e+02,-2.248799693023714141e+01,8.799204742328964102e+00,7.706659896695724683e+02,2.144449053572112618e+01,2.903782174421036757e+02
2.110807302898892601e+02,2.515009470944379757e+02,1.504936707055113857e+03,1.539859617667729310e+02,4.957669294496985657e+01,1.162884829247645712e+03,2.075063385640841318e+02,4.562870507698212919e+02,1.263542273105535287e+03,1.748736175991278969e+02,-3.134628894348372441e+01,8.317490125091383106e+02,3.255260863520984458e+02,6.793302342365043387e+02,1.083145725959984702e+03,2.828941107041762848e+02,1.114126011775501013e+01,6.407255135565098954e+02,5.066595090734167002e+02,8.223959348536188827e+02,1.011135175139186231e+03,7.874726219758582602e+01,2.074900344668065486e+02,7.999800559164298193e+02,1.795183608774964057e+02,4.295656470666626205e+02,7.913347550781235213e+02,2.408308842684148772e+02,3.921306438013188256e+01,4.320487095986171084e+02,4.209905305299862448e+02,3.682731605548253810e+02,4.937027668497335071e+02,4.469633277927236747e+00,1.615399554293255591e+01,1.308925055120659486e+01,6.720635508897934187e+02,2.181522378324774536e+02,1.110109665171731734e+02,2.477613493281060926e+02,-2.228320920588791410e+01,6.943466152439677685e+00,7.857024460152349548e+02,7.830841555734393467e+01,2.742727197398824046e+02
2.124227480931717764e+02,2.621473682948561645e+02,1.488139173104863630e+03,1.561735479197787129e+02,5.787498475371070583e+01,1.148473902582021310e+03,2.088853159250323586e+02,4.676745927606456803e+02,1.250588053967527458e+03,1.638067139615920382e+02,-3.378888484160095373e+01,8.225436739665121877e+02,3.282068294647195330e+02,6.957821106269655047e+02,1.088173115150567355e+03,2.576549158952170728e+02,7.285927878906940380e-01,6.312182942023111991e+02,5.015049483490161606e+02,8.559072959214280445e+02,1.028822826324340440e+03,8.212447725198325088e+01,2.141316570622857114e+02,7.865468629515972907e+02,1.757858066820237468e+02,4.438032787992002568e+02,7.763992017515365660e+02,2.497037861946907924e+02,4.249838498627906347e+01,4.273602432033480341e+02,4.249610278745371943e+02,3.985497844981914000e+02,4.832221645458889725e+02,4.443355245388984187e+00,1.722428590056798825e+01,1.262422886377201081e+01,6.777711970772437553e+02,2.693301090844482815e+02,9.710952405660505349e+01,2.481556023102818358e+02,-2.210378629147580654e+01,5.557059661782235871e+00,8.006104110878517304e+02,1.383520427140433924e+02,2.566818253022705676e+02
2.137812994562843585e+02,2.738892282804047227e+02,1.471102405425655206e+03,1.581767979882037309e+02,6.651950391274183971e+01,1.134271165501072574e+03,2.104953624975414925e+02,4.795348339438122025e+02,1.237440957503136133e+03,1.519676969305927230e+02,-3.657636826533224195e+01,8.138979837346471413e+02,3.312078678428499074e+02,7.127844275296662317e+02,1.093497621615251319e+03,2.314290497595586373e+02,-1.140903489609507737e+01,6.234821934991542776e+02,4.959306731540455644e+02,8.890460180848625669e+02,1.047970890790084468e+03,8.521701068472634688e+01,2.216445286833263140e+02,7.730297976132396798e+02,1.722004279615582050e+02,4.587834504273228049e+02,7.615843198376022656e+02,2.580840865290920760e+02,4.618994776101765609e+01,4.230058404986434084e+02,4.283040821505361464e+02,4.303849173566427453e+02,4.737559373300620678e+02,4.395442430177562088e+00,1.827188858295659912e+01,1.231400336459189049e+01,6.817229619303682284e+02,3.245331782979502009e+02,8.318171889970888344e+01,2.486739120998211945e+02,-2.195844235577389725e+01,4.579952316128114376e+00,8.146263857032085980e+02,2.022789197885867623e+02,2.384595572986831371e+02
2.150749578674838745e+02,2.867110473777180459e+02,1.453852612870812209e+03,1.598985552695039587e+02,7.556394749410672773e+01,1.120262565822245278e+03,2.123019174831131011e+02,4.915680183533902436e+02,1.224089805644953003e+03,1.390459253669373538e+02,-3.878660495645714690e+01,8.054624469229127044e+02,3.341142970951255506e+02,7.296556886137068432e+02,1.098743603285283598e+03,2.039176002990010375e+02,-2.489369292379006282e+01,6.174005787002116676e+02,4.901927182667448051e+02,9.202716068204676958e+02,1.068097754861998737e+03,8.806297338754588111e+01,2.305527262089783846e+02,7.594339118629253562e+02,1.688630211991937244e+02,4.744486546597198640e+02,7.469112893811314962e+02,2.658419287623524951e+02,5.073760297187007495e+01,4.190058711282983950e+02,4.309833046660757532e+02,4.639703213978710892e+02,4.655759968729001343e+02,4.495067998736862691e+00,1.907437150484545541e+01,1.210108232837645836e+01,6.832034153887922230e+02,3.843679594152008008e+02,6.967421818878354145e+01,2.493254013244492455e+02,-2.196534371688137810e+01,3.838175042706427398e+00,8.265859403540744097e+02,2.706644433398275851e+02,2.202086922058957725e+02
2.161109178395740855e+02,3.003339920401320455e+02,1.436632162417218524e+03,1.611845977013673803e+02,8.521602619990879646e+01,1.106640850441270459e+03,2.142898669976338510e+02,5.034499522333331925e+02,1.210718254085031504e+03,1.247338399010593974e+02,-3.972468555287167646e+01,7.973349997901270854e+02,3.365023003051487649e+02,7.456657919508207897e+02,1.103845712190867289e+03,1.750413331968011619e+02,-3.899647322200074484e+01,6.132421003510536366e+02,4.844811934950713521e+02,9.481823097913066931e+02,1.088768652415402357e+03,9.076905540626835034e+01,2.410149940746059940e+02,7.457655974182085856e+02,1.658620582356732314e+02,4.905562988515812322e+02,7.323131231176074607e+02,2.729094615705791398e+02,5.634920928808127627e+01,4.152413614202864665e+02,4.330602872684090130e+02,4.992460239531088178e+02,4.585939523817440318e+02,4.914115746166259235e+00,1.943676148742576260e+01,1.185616111216172541e+01,6.813596524801299665e+02,4.486658095652881570e+02,5.695302124937522592e+01,2.500847717165983681e+02,-2.226738833350642466e+01,3.115222878054471956e+00,8.352240456859562983e+02,3.435881547469241468e+02,2.022781408622738581e+02
2.166458825952653058e+02,3.143370143270539074e+02,1.419820571486912513e+03,1.618392638146590059e+02,9.590517708701740673e+01,1.093712710677504447e+03,2.164498394381047035e+02,5.148959943033147511e+02,1.197658199558245542e+03,1.088354924503852317e+02,-3.902700663258231373e+01,7.900965595807014097e+02,3.380510410873658884e+02,7.603883395494016213e+02,1.109033013941369745e+03,1.452563554719559420e+02,-5.282724947281450056e+01,6.116398310955725037e+02,4.787932261145552957e+02,9.722119766964303835e+02,1.109652319712930421e+03,9.350962343487580597e+01,2.528603081231501903e+02,7.320501384963916962e+02,1.632826882381528435e+02,5.068222674485091943e+02,7.177094073559759408e+02,2.793216206308512710e+02,6.302049705232034427e+01,4.115299234136361406e+02,4.345789983524821309e+02,5.359735914013934917e+02,4.524055655313817965e+02,5.721481752212590699e+00,1.934182692274234228e+01,1.145507960780572887e+01,6.753986095036862025e+02,5.164751168678230897e+02,4.525808872009673678e+01,2.509026529545183450e+02,-2.291464897835719583e+01,2.236320754498267060e+00,8.394652582047737042e+02,4.205394536027102959e+02,1.848200497568646767e+02
2.164934880469463110e+02,3.283763542661411634e+02,1.403768634794468653e+03,1.616674533619318481e+02,1.082017753472393622e+02,1.081744883659587458e+03,2.187637422960972913e+02,5.257339385009994430e+02,1.185247350673233086e+03,9.134548925687830945e+01,-3.659511474747036175e+01,7.846328922159601689e+02,3.386254550572928110e+02,7.739141279801395967e+02,1.114704878706354521e+03,1.156459080236183183e+02,-6.559330515415339846e+01,6.133428147387913896e+02,4.728871999965727468e+02,9.929714867981062980e+02,1.130570082027628132e+03,9.649046195938618098e+01,2.657913100967959394e+02,7.183499534518427936e+02,1.612191946269132359e+02,5.230990139608567233e+02,7.030824932617573495e+02,2.852052973519158741e+02,7.066094267241845728e+01,4.077176875359926953e+02,4.354683864442925483e+02,5.738939853727137006e+02,4.464793804218854802e+02,6.843749259910205218e+00,1.902196851009207279e+01,1.085596288514805430e+01,6.647393079653833183e+02,5.864073894329618497e+02,3.469641670496537245e+01,2.517128424632251154e+02,-2.379873548595417176e+01,1.134161383541343771e+00,8.385880360645502378e+02,5.005459364568358183e+02,1.678611196766489684e+02
2.156152421268553780e+02,3.423854562391434797e+02,1.388664407781740238e+03,1.605346980362631086e+02,1.225898485686649337e+02,1.070863968817976456e+03,2.211940966996675400e+02,5.359855185996430009e+02,1.173692571270452618e+03,7.250614842604079513e+01,-3.246561218088869083e+01,7.818418642952756272e+02,3.382824594753245719e+02,7.868401531020710991e+02,1.121270636161842276e+03,8.774775723469591071e+01,-7.677039547808715270e+01,6.189149529627287620e+02,4.663581471722906144e+02,1.012002401351797403e+03,1.151516684459645148e+03,9.988960122976378386e+01,2.796167556959861145e+02,7.047812503990838877e+02,1.597760471235956459e+02,5.394760148792850032e+02,6.885154947322331509e+02,2.907184120862902432e+02,7.920093882237874539e+01,4.037344353042310559e+02,4.355220627081532712e+02,6.128447705272101302e+02,4.404042314820026149e+02,8.122914148608222362e+00,1.888826208920709959e+01,1.013184903866237718e+01,6.491045303314552939e+02,6.570361269309412364e+02,2.528037490216663485e+01,2.524452405893656532e+02,-2.469152156304180323e+01,-1.259504100029062434e-01,8.322424583084193728e+02,5.823757058124922423e+02,1.513846477397128467e+02
2.141424704323922015e+02,3.566431238279343461e+02,1.374518571371349253e+03,1.584205761479655905e+02,1.392073059506554671e+02,1.061077509043820328e+03,2.236741745218484141e+02,5.459271785595506117e+02,1.163027437783452797e+03,5.281258855198629476e+01,-2.671351671942165140e+01,7.823643162280741308e+02,3.371738977173602620e+02,8.000505955710525541e+02,1.129011806351851646e+03,6.317722277238350870e+01,-8.610227494523503822e+01,6.285838560273973599e+02,4.587985224301260700e+02,1.031042548404412628e+03,1.172610292298787726e+03,1.038040659182426850e+02,2.943704041155629056e+02,6.915165075459888158e+02,1.590493232262905394e+02,5.562433666780483463e+02,6.741789886848951028e+02,2.959726860046359889e+02,8.861270513499314916e+01,3.995840849145689049e+02,4.344625316600808560e+02,6.527626264829980300e+02,4.340702431031546666e+02,9.430250628292943915e+00,1.934207252970278290e+01,9.436964088970277942e+00,6.285615364799624558e+02,7.271026144047420985e+02,1.698247350857362292e+01,2.530523199595826895e+02,-2.536611774805298225e+01,-1.369299448542081743e+00,8.203767856952903230e+02,6.647169699783530632e+02,1.354224478228241537e+02
2.123213975066981050e+02,3.716710301612225749e+02,1.361261921530367090e+03,1.554346635158793219e+02,1.577275433142235954e+02,1.052386727080527407e+03,2.260972681275131322e+02,5.560805705719639036e+02,1.153177914569497943e+03,3.291638198539899918e+01,-1.939016891887432337e+01,7.864386214836887348e+02,3.353809353497635470e+02,8.143911364276825680e+02,1.137993938821320853e+03,4.317396595345233123e+01,-9.345206045219700286e+01,6.423174684563334722e+02,4.499656126485992331e+02,1.051201932943058409e+03,1.193955421781665564e+03,1.082322636030631173e+02,3.102676955104254830e+02,6.787594659446367586e+02,1.590970919969741715e+02,5.737531480289698038e+02,6.602811083534747922e+02,3.009852577749626903e+02,9.887393415686081255e+01,3.952818941947846838e+02,4.320408894486681675e+02,6.936070585156002153e+02,4.276862754631370649e+02,1.075505220139028140e+01,2.057741305277925647e+01,8.923623062541501838e+00,6.035095741453017126e+02,7.955132090090864949e+02,9.762629657373246062e+00,2.535434247728950936e+02,-2.571818911863362445e+01,-2.375418404643502512e+00,8.031356900637871377e+02,7.463494980624471964e+02,1.201262316878286782e+02
2.104170885552038612e+02,3.880190674082359124e+02,1.348869071823268541e+03,1.517782303258626371e+02,1.775095455155429249e+02,1.044893867516424280e+03,2.283106766442530500e+02,5.671044711090785313e+02,1.144076430221095961e+03,1.342511481973423315e+01,-1.042480887950911850e+01,7.939058653351372641e+02,3.327773247067468674e+02,8.303789485931941954e+02,1.148038227313881180e+03,2.823452020777322247e+01,-9.859295775924582017e+01,6.600302385760891184e+02,4.398918312505612676e+02,1.072511258933159070e+03,1.215471373103320047e+03,1.131064500175434944e+02,3.275715863697386112e+02,6.666950297051438383e+02,1.599212045717059141e+02,5.922842887444737698e+02,6.470102147708266784e+02,3.056848650787943598e+02,1.099596836226074714e+02,3.907806884374155629e+02,4.281023562767924773e+02,7.353135942613117777e+02,4.216349065104705005e+02,1.220545949664858654e+01,2.249804633443915947e+01,8.657543293848249277e+00,5.745909255434942224e+02,8.612984568907329503e+02,3.553960612070669711e+00,2.540058559660892854e+02,-2.580532236327527329e+01,-2.959790815804047348e+00,7.807555753785142088e+02,8.263595182618936406e+02,1.057761148370390032e+02
2.086246591310925282e+02,4.060585531159430275e+02,1.337418317013683918e+03,1.476660031622775193e+02,1.979956904435138085e+02,1.038817848382738248e+03,2.301231334576090717e+02,5.796192480628783414e+02,1.135743359046539126e+03,-5.314449376595335117e+00,5.431075252694730349e-01,8.043282336960647854e+02,3.290197775479871893e+02,8.480717709501448098e+02,1.158756303835533345e+03,1.798028362051358542e+01,-1.010283348001167383e+02,6.817274865736607126e+02,4.289121610229342423e+02,1.094079387529309088e+03,1.236779036375018677e+03,1.183661879269849209e+02,3.464936526722002554e+02,6.554377793494626303e+02,1.614799393726844983e+02,6.120129829348398971e+02,6.344968738934348949e+02,3.099638551892809346e+02,1.219139414917248132e+02,3.859335511259126861e+02,4.225785459955972101e+02,7.778504799646653964e+02,4.162696037464690448e+02,1.391970467436962444e+01,2.480673862896048476e+01,8.583279675443735712e+00,5.425217674652583355e+02,9.236912477360261846e+02,-1.761978736975636783e+00,2.545892729157514793e+02,-2.577902388356406149e+01,-3.042834874444803273e+00,7.534621074599606345e+02,9.043648794503360477e+02,9.271165933719740337e+01
2.070159254461948990e+02,4.258875727888881784e+02,1.327059215394912371e+03,1.432510552472904806e+02,2.191600349196993989e+02,1.034402164333048404e+03,2.313272177250990751e+02,5.940454532978707221e+02,1.128291206949664911e+03,-2.330647615915318127e+01,1.431012966907421280e+01,8.171462913386060336e+02,3.236814987311519758e+02,8.671427346392367781e+02,1.169635301031588142e+03,1.133310105083368846e+01,-9.991143200171234184e+01,7.074527911352518004e+02,4.175987490049755024e+02,1.114731240354785086e+03,1.257200488512588436e+03,1.240412388951877318e+02,3.672007355283531069e+02,6.450091501130956431e+02,1.637281110769468739e+02,6.331047184964627377e+02,6.228061580068763305e+02,3.137450341466993109e+02,1.349583018328661979e+02,3.805161029183699384e+02,4.154273101789407860e+02,8.213326140957045709e+02,4.117841272381588738e+02,1.594779521585133431e+01,2.721598626837690560e+01,8.565124442877083411e+00,5.079065014738404784e+02,9.823055928916559196e+02,-6.350558268582142674e+00,2.554481410795080478e+02,-2.575556526726636974e+01,-2.678642672229952559e+00,7.213989953916108107e+02,9.805979860028098756e+02,8.120914293868202094e+01
2.055207922946054566e+02,4.473702435314596642e+02,1.317929400324338303e+03,1.385992856061888290e+02,2.417199286132339182e+02,1.031770138925604670e+03,2.317259588683013476e+02,6.105329647715007013e+02,1.121864693346668219e+03,-4.077292159369957858e+01,3.205651670324070324e+01,8.317953550039475203e+02,3.164370641053426425e+02,8.871083191957151257e+02,1.180135352922404309e+03,6.941926677764235443e+00,-9.412558215898403091e+01,7.370613181798371443e+02,4.065907181574204401e+02,1.133741289183667959e+03,1.275839605509543617e+03,1.303004855629611995e+02,3.898785923362378298e+02,6.353552471241929425e+02,1.666533476252326125e+02,6.558334649893114374e+02,6.119522504529329581e+02,3.170326954608577239e+02,1.495279009090560294e+02,3.742919493215069338e+02,4.065843049543476582e+02,8.660495513478311977e+02,4.082099270766130417e+02,1.818684804171650882e+01,2.965162981568644440e+01,8.485047150876548372e+00,4.711524346932479261e+02,1.037240037992675752e+03,-1.038724475651472723e+01,2.566676530057577565e+02,-2.570974757882277473e+01,-2.030962514189075474e+00,6.846463522211944337e+02,1.055684409889936887e+03,7.134381345220164405e+01
2.039313580989208106e+02,4.702465728848442268e+02,1.310089541076768455e+03,1.337304746888509044e+02,2.669129515234937458e+02,1.030809448329898942e+03,2.311490588727101567e+02,6.290004882261879402e+02,1.116566309131475464e+03,-5.784070059228878335e+01,5.498569069112564023e+01,8.477297341169445417e+02,3.071650729493294989e+02,9.075927646927325441e+02,1.189750581948140962e+03,3.687895727532564560e+00,-8.256412608595205427e+01,7.699823135711367286e+02,3.963311670440621128e+02,1.151280538630210685e+03,1.291657997344737851e+03,1.374334742614782954e+02,4.147355592176948562e+02,6.263877229295322877e+02,1.702698988197340952e+02,6.805926914384100428e+02,6.019173631236808433e+02,3.199278029076425014e+02,1.661539358896848739e+02,3.670761513083568843e+02,3.959793941395379875e+02,9.122991105586841059e+02,4.054895953008643801e+02,2.042254327118499901e+01,3.232792957094065400e+01,8.342234989690512137e+00,4.325678826582442298e+02,1.088944413740729942e+03,-1.402806934652332949e+01,2.582184451317486946e+02,-2.545785906841122781e+01,-1.304774210644782162e+00,6.433648487558189117e+02,1.130116011657329636e+03,6.287146308287803009e+01
2.019259580153562581e+02,4.942288421880742817e+02,1.303520866396052725e+03,1.286971664565548394e+02,2.958943372688287354e+02,1.031144289552816417e+03,2.294560280812165445e+02,6.492468346483166215e+02,1.112413390086798472e+03,-7.423369488875218281e+01,8.375810955994842288e+01,8.643583273329356871e+02,2.958974023977044681e+02,9.285215152546007857e+02,1.198004396861707619e+03,1.061399439384328902e+00,-6.456942043606034076e+01,8.051559660149289357e+02,3.867844905374381597e+02,1.168413537937497267e+03,1.303488849399327592e+03,1.457661871314515736e+02,4.418867281766200108e+02,6.180131620451113577e+02,1.745586761451918676e+02,7.077415523213963979e+02,5.926611664851238856e+02,3.225962228374459073e+02,1.852275686579377236e+02,3.587541309984918030e+02,3.836105355669398023e+02,9.600810437850524295e+02,4.035245301614344839e+02,2.246175231954860507e+01,3.566206763500206023e+01,8.292946011931805472e+00,3.926081034454625751e+02,1.137869690795532279e+03,-1.742984262969363130e+01,2.599734059593608322e+02,-2.473771841494334467e+01,-6.603328071478803407e-01,5.980254230090557712e+02,1.203654832370615850e+03,5.516310229497238282e+01
1.991203290560743255e+02,5.190506787995848299e+02,1.298178854114164778e+03,1.236428582378276815e+02,3.290749560535736009e+02,1.032202454554747192e+03,2.265392621986875668e+02,6.710776967116421474e+02,1.109341963868283756e+03,-8.918149051180638764e+01,1.180242551505744899e+02,8.809475316395711388e+02,2.826562999869956343e+02,9.502018524142592923e+02,1.204391892354447009e+03,-7.243524409609973791e-01,-4.036222741600139585e+01,8.412219137378916685e+02,3.772555978692452641e+02,1.186741092205680843e+03,1.310014255450209021e+03,1.555552419095917287e+02,4.711963708865721401e+02,6.101268118826661748e+02,1.793881178777957075e+02,7.373733220971353148e+02,5.841193616925467040e+02,3.251913251773643196e+02,2.067923464679526546e+02,3.492461057397017612e+02,3.696079390881738505e+02,1.008862968045604134e+03,4.021375475297763842e+02,2.428103835330525229e+01,4.010477786715510007e+01,8.603042394104317481e+00,3.521184167277416464e+02,1.184114690179200807e+03,-2.082189942055418186e+01,2.617803476668165672e+02,-2.333299218227210758e+01,-1.458774158405524712e-01,5.496124024496948550e+02,1.275031334511289060e+03,4.723330562672966693e+01
1.951458307954416114e+02,5.444978454437315349e+02,1.294055156584917540e+03,1.187924847149468661e+02,3.657993185134904479e+02,1.033337131874895022e+03,2.223397413458957033e+02,6.944129388754392949e+02,1.107241527033852208e+03,-1.016302976421333142e+02,1.563685744703669798e+02,8.965640871322342491e+02,2.672901149914063694e+02,9.733111852681238361e+02,1.208316121499554811e+03,-8.860621683034727303e-01,-1.121044476666344814e+01,8.768782333000017388e+02,3.664123947510092307e+02,1.207916942433257645e+03,1.309790299724598526e+03,1.669230468048071430e+02,5.022397548284695858e+02,6.025795223559381384e+02,1.844770051435045275e+02,7.691789563567497225e+02,5.762008944255471761e+02,3.277569409432624639e+02,2.305227750653344287e+02,3.384485233548303995e+02,3.542164796684606927e+02,1.057627725594567664e+03,4.009827913048820278e+02,2.610549726927617797e+01,4.601359316581499570e+01,9.540367027770951580e+00,3.124064006959894755e+02,1.227320059565480506e+03,-2.458095968567787182e+01,2.635484295225704727e+02,-2.116207334753119085e+01,3.187950962467331895e-01,4.996816013953090305e+02,1.342183882537702402e+03,3.789476688822568917e+01
1.897335949412997422e+02,5.704642348683910313e+02,1.291191058766740753e+03,1.143768568947156581e+02,4.045762392599446571e+02,1.033942622057804783e+03,2.168674338113895317e+02,7.193671906695471989e+02,1.105990018541967856e+03,-1.106421265063206931e+02,1.967447288322844088e+02,9.101011025634469433e+02,2.493989937866005846e+02,9.988233717415334922e+02,1.209063046327167967e+03,1.620225374532494378e+00,2.084643247345814743e+01,9.112289044703389891e+02,3.525253057966659753e+02,1.233227129500473666e+03,1.301381304843171165e+03,1.798702376172304866e+02,5.344832387772069069e+02,5.951587777481345256e+02,1.894398729548410927e+02,8.025250425607432589e+02,5.687946751814191657e+02,3.301628851912580558e+02,2.559325958318555081e+02,3.262077646975333778e+02,3.376829484659528475e+02,1.105218224063067737e+03,3.994959337091536327e+02,2.837913861747265543e+01,5.365190014104513949e+01,1.127453077610861598e+01,2.750698347114795865e+02,1.266894812967690086e+03,-2.924466939522838516e+01,2.653020898520031778e+02,-1.827157158915365542e+01,8.943378810077363683e-01,4.502217591915182879e+02,1.402968453246740864e+03,2.602818539253391350e+01
1.827683063777619736e+02,5.970366111650070025e+02,1.289610593087214966e+03,1.105441457380590720e+02,4.437389897696252774e+02,1.033514542773007179e+03,2.101955700372408273e+02,7.463044115101654370e+02,1.105455670918008764e+03,-1.157357068224574306e+02,2.371673452778041451e+02,9.203801202243380430e+02,2.283661156023105150e+02,1.027864901497802521e+03,1.205820517913945196e+03,7.770030934620743679e+00,5.368200818836158561e+01,9.439504143371698319e+02,3.338399508051000453e+02,1.263296549012945206e+03,1.283575564338980030e+03,1.943442316981853253e+02,5.676154339285720880e+02,5.876246276524993846e+02,1.938973084237243825e+02,8.367114069942736023e+02,5.617846846605631299e+02,3.321263383260549631e+02,2.826966615097918520e+02,3.123701236363726821e+02,3.201093928262476425e+02,1.150760552566417118e+03,3.969550186251616992e+02,3.165258201896772050e+01,6.329561911241373195e+01,1.385035159356143630e+01,2.416439055443867119e+02,1.302420990226403546e+03,-3.543640717580744592e+01,2.671802541901068935e+02,-1.472623589815657041e+01,1.725614162920453776e+00,4.033596437641887178e+02,1.455965674911132737e+03,1.088970220550504564e+01
1.742833407398262011e+02,6.245609113896261988e+02,1.289185695165209609e+03,1.073281647979506346e+02,4.821570540420866564e+02,1.031639989603272625e+03,2.023957943796185361e+02,7.758548274692531095e+02,1.105435674070439518e+03,-1.169401243286681904e+02,2.762590713738194381e+02,9.262935180466921565e+02,2.034506662706390046e+02,1.061455948403984848e+03,1.197700123312017467e+03,1.820520006384002798e+01,8.590125257654594293e+01,9.752040460981553451e+02,3.089563878500237024e+02,1.297903422852916037e+03,1.255572452062507182e+03,2.102968438856193529e+02,6.018285524392958905e+02,5.797984653277994767e+02,1.975796074547091052e+02,8.712455976026280950e+02,5.550550679531210108e+02,3.333338542181140838e+02,3.108842343287326457e+02,2.969060710505922316e+02,3.013664366812382127e+02,1.193875547438703961e+03,3.926369150547137679e+02,3.644567626889270429e+01,7.534442517438608888e+01,1.725743258400995472e+01,2.132212475208636420e+02,1.333963804512576644e+03,-4.373514972920158073e+01,2.693828711561726550e+02,-1.044271891478445902e+01,2.841239842873634291e+00,3.610071440381925072e+02,1.500955353090881317e+03,-7.664330551375210021e+00
1.644001727812862725e+02,6.536266917254596365e+02,1.289492876856998237e+03,1.047150513713999089e+02,5.196146291284017025e+02,1.027948351346642994e+03,1.934090030685366060e+02,8.088683846160938629e+02,1.105521413245976873e+03,-1.144746202631394425e+02,3.133569269476169552e+02,9.269677550363539922e+02,1.739027715288490299e+02,1.100109490362462566e+03,1.183711195808421280e+03,3.304963271687518045e+01,1.174189739920835933e+02,1.005325455314896544e+03,2.771235463395959755e+02,1.335891090432309738e+03,1.217028525038260341e+03,2.276700994881175006e+02,6.378552326522952853e+02,5.716491087735900010e+02,2.003466356613674293e+02,9.059687569714011488e+02,5.484659867151932531e+02,3.336183326739044901e+02,3.409517038236033954e+02,2.800504345941938027e+02,2.811336082272193835e+02,1.234554193593935224e+03,3.859840158761123234e+02,4.312712545237697270e+01,9.032471909558552170e+01,2.155755616581845402e+01,1.902005440646697991e+02,1.362107572393224700e+03,-5.455338573651086165e+01,2.720737136266112088e+02,-5.049272595793338425e+00,4.100444886104910758e+00,3.245512330832915495e+02,1.538857201250585376e+03,-2.913032799823228558e+01
1.532498744874852150e+02,6.849369387815324899e+02,1.289749682740142362e+03,1.027969986649439136e+02,5.566995188913074344e+02,1.022088630901705301e+03,1.828935390416834821e+02,8.462787491237914992e+02,1.104929235606832435e+03,-1.081491705605510418e+02,3.481859868253090440e+02,9.219640285859406958e+02,1.391110513791135475e+02,1.143350238863903314e+03,1.162689357826300693e+03,5.181485598502641210e+01,1.495357489870991117e+02,1.034392870374218091e+03,2.384295258845718308e+02,1.375219627598238048e+03,1.167949384098549444e+03,2.463069232627096028e+02,6.767081564553889166e+02,5.633087748755899611e+02,2.020991357437486613e+02,9.409795044164247884e+02,5.418096887378563906e+02,3.331035263129542159e+02,3.734900850304429696e+02,2.623730774614411985e+02,2.590730049451203740e+02,1.272833785730437967e+03,3.767029092451575139e+02,5.182184840925200575e+01,1.087427162287899165e+02,2.699122641609286077e+01,1.722528105610072942e+02,1.387744701213205872e+03,-6.805662966369196454e+01,2.752495613988310197e+02,2.147290952804560948e+00,5.217749554935442902e+00,2.946586437777702372e+02,1.571263054969923587e+03,-5.249870913457311161e+01
1.409284846988236382e+02,7.190870332047344391e+02,1.288903497066765112e+03,1.019515363276736224e+02,5.943442187168044484e+02,1.013796591693990877e+03,1.701337317722511386e+02,8.888674931470467300e+02,1.102396125239672301e+03,-9.672788084531532604e+01,3.804109759922523608e+02,9.115329999900151279e+02,9.882690108060594980e+01,1.189332350576948329e+03,1.133274191422491867e+03,7.345906331888306795e+01,1.844876383991911837e+02,1.061819110583591055e+03,1.939059017300161827e+02,1.413209596427246652e+03,1.108557869312892763e+03,2.658432380870470979e+02,7.192477412097775868e+02,5.549982223469470455e+02,2.026334935201591634e+02,9.764302277709397231e+02,5.347938678946757136e+02,3.322374319910011309e+02,4.088647378708834594e+02,2.447215876596769988e+02,2.350814360575854209e+02,1.308546468148916574e+03,3.647897243660240747e+02,6.234993400791461937e+01,1.308493069335598022e+02,3.399107223961728153e+01,1.585034515935666946e+02,1.411784970723599145e+03,-8.410262218217883401e+01,2.786036074452209164e+02,1.204425095687223290e+01,5.857554904099481874e+00,2.712358471983165487e+02,1.599866039001583204e+03,-7.650312079788938036e+01
1.275202198302272052e+02,7.563246769012702089e+02,1.285877812277208022e+03,1.029553473789257652e+02,6.333356013021923445e+02,1.003063378844238855e+03,1.541008817790540490e+02,9.369429827873260592e+02,1.096262440681611452e+03,-7.757631544540333834e+01,4.094910245171524821e+02,8.968755471928661791e+02,5.347532264085329956e+01,1.234794448873945612e+03,1.094084931274972405e+03,9.670619684582666764e+01,2.246663970545717177e+02,1.086149510875455235e+03,1.455399369464379902e+02,1.446956415841346370e+03,1.039338075660162986e+03,2.856475223596100363e+02,7.657968682045017204e+02,5.469057095851075019e+02,2.015398640744762417e+02,1.012319560844884677e+03,5.271042379311643344e+02,3.316908238255364267e+02,4.469347041792349842e+02,2.280417668703887557e+02,2.095241963614491851e+02,1.341317045260080249e+03,3.505423984613613584e+02,7.422286911670060761e+01,1.564426922226010390e+02,4.307567651003603970e+01,1.478489279761965349e+02,1.434937305268273803e+03,-1.021591901244602099e+02,2.814445540219798545e+02,2.549497936318727653e+01,5.755791495686472636e+00,2.535531076579762839e+02,1.626039538168574609e+03,-9.985581980299375005e+01
1.131810170312634227e+02,7.963792652283939333e+02,1.279895227669585665e+03,1.069424598991960806e+02,6.740699803063846502e+02,9.903427147764796246e+02,1.337171663336961842e+02,9.899833589292229590e+02,1.084809656410847765e+03,-4.689743784851076214e+01,4.351199613098287386e+02,8.802711946348623542e+02,4.470779629282031209e+00,1.275516350927053963e+03,1.044179071641084647e+03,1.206746766254911734e+02,2.718113379045477700e+02,1.105253688664474566e+03,9.615049361459010413e+01,1.473790925384636921e+03,9.613491542678909809e+02,3.048334847968299073e+02,8.159727958937493213e+02,5.390934704837575282e+02,1.982280974556067861e+02,1.048363299101072471e+03,5.185517473352130082e+02,3.321616979164010672e+02,4.869827084954081329e+02,2.131368811694986789e+02,1.833425705391129270e+02,1.370766596967637270e+03,3.346083324974638344e+02,8.673592003918746229e+01,1.848195056711766142e+02,5.464919223873866372e+01,1.392833961354631072e+02,1.457612990817396621e+03,-1.212123214296229179e+02,2.827512471037538262e+02,4.301505092339453995e+01,4.811650037958638215e+00,2.404987352769946369e+02,1.650649695419558157e+03,-1.213823196610757975e+02
9.823094046161214976e+01,8.384360785412361565e+02,1.270746114964236085e+03,1.151558205587247699e+02,7.166372800831215955e+02,9.766837206902660000e+02,1.082825898714471293e+02,1.046342483069131958e+03,1.066798136859959186e+03,-7.086207179977260795e-01,4.581966822272010518e+02,8.649029691504650827e+02,-4.562394380488480294e+01,1.307238371094123522e+03,9.836969703417100845e+02,1.456914238520290610e+02,3.264592986162131183e+02,1.117010828003965344e+03,4.909284346158780465e+01,1.491637591269507311e+03,8.766627490874093382e+02,3.223326211371030467e+02,8.687614650360369524e+02,5.314813387323114284e+02,1.920956348338877433e+02,1.083956924094233045e+03,5.092414409833656919e+02,3.341649398538672813e+02,5.278796686987677731e+02,2.004397973885968440e+02,1.579571513046684004e+02,1.396731956888080504e+03,3.180270756232974918e+02,9.916275278572246066e+01,2.149118502681640450e+02,6.876703329241978224e+01,1.321179377897615268e+02,1.479924312302495082e+03,-1.397649261346389267e+02,2.814111589741785338e+02,6.457012093894438465e+01,3.107878642473174136e+00,2.308844390144877821e+02,1.674062803190379555e+03,-1.400610645374049454e+02
8.318625786677904443e+01,8.812980320058359212e+02,1.258887003554146759e+03,1.285202876522402278e+02,7.611204314474726971e+02,9.636817936328702672e+02,7.792225434281210994e+01,1.103163925925998910e+03,1.042017857794809515e+03,6.358727054481448704e+01,4.818911421671073185e+02,8.542912594456230408e+02,-9.325630716914471918e+01,1.326770717469838246e+03,9.144083972828077549e+02,1.739532623446201853e+02,3.878570680141909861e+02,1.120369996887475736e+03,7.813886005085697306e+00,1.499225402157275312e+03,7.885983552743105065e+02,3.370133600451644043e+02,9.227305432606859767e+02,5.239076923695922687e+02,1.827715643833531090e+02,1.118209650797602080e+03,4.996642100972690059e+02,3.378878896576393345e+02,5.684177747149331026e+02,1.898529462999864847e+02,1.349619106446563137e+02,1.419340475321814438e+03,3.021484231038057828e+02,1.109884248437171976e+02,2.455722372518602015e+02,8.494929803231033816e+01,1.260305138665125213e+02,1.501741742859981969e+03,-1.560554515518109895e+02,2.766044909350853800e+02,8.956807100083385365e+01,8.569083111688453602e-01,2.237012700354011088e+02,1.696278725934885642e+03,-1.550548011901502150e+02
6.869168991768297872e+01,9.237235205873037103e+02,1.245320695363837331e+03,1.471631319744414554e+02,8.079087733914506089e+02,9.531996995699096260e+02,4.385695020838650038e+01,1.156643130247082809e+03,1.011603713792414851e+03,1.455409896816073001e+02,5.121427972792598666e+02,8.514328481455830797e+02,-1.344197363645401708e+02,1.332888990569041198e+03,8.398306927871117296e+02,2.095759439816527561e+02,4.544371690272593582e+02,1.116383385286859493e+03,-2.466866951085308912e+01,1.496251622924129151e+03,7.014922125332419682e+02,3.478512736831091274e+02,9.762471077265971644e+02,5.162312172954747211e+02,1.703300522124512213e+02,1.150034285152626353e+03,4.906422933807867253e+02,3.431623278914731259e+02,6.077002515069823403e+02,1.806931816266281885e+02,1.156989891453592776e+02,1.438913561054010415e+03,2.883400673714965023e+02,1.220674543050763816e+02,2.759233458482917740e+02,1.021306687595929787e+02,1.209642411565650946e+02,1.522775680410126142e+03,-1.685214416259525763e+02,2.681929603191031219e+02,1.171045928703910022e+02,-1.692972746715911025e+00,2.182491724717758643e+02,1.717117408629991814e+03,-1.658140657843395047e+02
5.537768600776876582e+01,9.648516855900593328e+02,1.231295944710645017e+03,1.700748042131550051e+02,8.578565983772463142e+02,9.469026112811893654e+02,8.338047560036830674e+00,1.202685268604658177e+03,9.779297306406898542e+02,2.406286974937577838e+02,5.570104163378092608e+02,8.579303552645058062e+02,-1.654724520622847308e+02,1.326663428199411555e+03,7.647417459135790523e+02,2.576587439129295944e+02,5.248294400079448678e+02,1.108628963894735080e+03,-4.626890761862526347e+01,1.483625863791042548e+03,6.200105192920597119e+02,3.541450666975419495e+02,1.027627603507574577e+03,5.084309068105766301e+02,1.553823936991593371e+02,1.178279934413203819e+03,4.831373669704684630e+02,3.495512625149069663e+02,6.454609471298792869e+02,1.717764873327148223e+02,1.008746217685879003e+02,1.455775342373637159e+03,2.775543659313776743e+02,1.326206676146722430e+02,3.056688584297274929e+02,1.188040229358686446e+02,1.169567753034226882e+02,1.542627056798156445e+03,-1.763417020230966727e+02,2.569221558892758708e+02,1.463844859648245631e+02,-4.349311648646886574e+00,2.141246262031585843e+02,1.736360371783609253e+03,-1.722362817081671551e+02
4.371765391271399892e+01,1.004555080075162550e+03,1.217937682485297046e+03,1.950848507778363512e+02,9.122040551581358159e+02,9.457424559765382810e+02,-2.579009117518923233e+01,1.237848142687416157e+03,9.440710068486441742e+02,3.404651281799149274e+02,6.247233983148894367e+02,8.734731270313191089e+02,-1.840090141190497093e+02,1.311092358744197099e+03,6.941905773916516864e+02,3.223270973407638280e+02,5.991813800664218661e+02,1.102537030488927485e+03,-5.621335149213691551e+01,1.463762086902330338e+03,5.482911438494810454e+02,3.557289569392643216e+02,1.075233636273723960e+03,5.006775045389743468e+02,1.390114104695414881e+02,1.201881581686601294e+03,4.780039060043244490e+02,3.564934697051805301e+02,6.821936974227710380e+02,1.616700021559232425e+02,9.037740073922077499e+01,1.470060646011224890e+03,2.699800367560562790e+02,1.430805675854710728e+02,3.352555684835261900e+02,1.333331299785314172e+02,1.139989886911157413e+02,1.560743067035716422e+03,-1.797629919867799515e+02,2.443009264695822651e+02,1.771262155252889841e+02,-7.044993585218504606e+00,2.111125442857464520e+02,1.753746755652923412e+03,-1.747643332994945524e+02
3.395400587426522065e+01,1.043547592712961887e+03,1.205955644387667917e+03,2.192171742448472003e+02,9.722552909504826175e+02,9.495812405432133119e+02,-5.578028890350787350e+01,1.260309086140657882e+03,9.130259154725559938e+02,4.343921541229815375e+02,7.209182152755942070e+02,8.959237891370246416e+02,-1.894928331542197952e+02,1.290202458010206783e+03,6.323626957684509762e+02,4.042156258568548424e+02,6.802883500584566718e+02,1.103564328023813459e+03,-5.518832054200200332e+01,1.440657665640982259e+03,4.892723083709403227e+02,3.530961803354327344e+02,1.117572100227079773e+03,4.933649594686839919e+02,1.225732217337343712e+02,1.219999069247439593e+03,4.757934880434537490e+02,3.634220728451270475e+02,7.190146453754689446e+02,1.490954652195103449e+02,8.338449540152883799e+01,1.481596566650555815e+03,2.650108971473565589e+02,1.538854135176286206e+02,3.657974744225132895e+02,1.443183004626319246e+02,1.119806099244742086e+02,1.576285337428503226e+03,-1.799820169842194559e+02,2.321668460652916792e+02,2.097341525558299224e+02,-9.888525547633063795e+00,2.090546534333176965e+02,1.768815286279221937e+03,-1.743054012518060176e+02
2.610959967752927469e+01,1.083156830890061201e+03,1.195553708411182697e+03,2.393383153401852041e+02,1.038869523253013995e+03,9.571227280829880328e+02,-7.967787084696291799e+01,1.270526725800113581e+03,8.870094087014001616e+02,5.119467985094976257e+02,8.460832990968162903e+02,9.219998763065066214e+02,-1.834025622009973233e+02,1.267991489850316384e+03,5.817472316323381847e+02,4.983227412632770665e+02,7.738301564517321367e+02,1.114767145977293467e+03,-4.517331057087684343e+01,1.419423685136438962e+03,4.444232178245027285e+02,3.473639366563724593e+02,1.153441839214609899e+03,4.870916110483983061e+02,1.074358181843805511e+02,1.232144499790921373e+03,4.766783105519378410e+02,3.697987284829665668e+02,7.572726447234468878e+02,1.333878855311140512e+02,7.872172796063799183e+01,1.489921935348647594e+03,2.615847866282581435e+02,1.653362556840135085e+02,3.987375621666335519e+02,1.508658537655687724e+02,1.107194328644303738e+02,1.588053621961692897e+03,-1.785973603931765297e+02,2.221054867498774001e+02,2.451197965220176798e+02,-1.319603130008405856e+01,2.077564411656035759e+02,1.780748464230681748e+03,-1.719569566740558173e+02
2.005334443324857219e+01,1.124823285388713202e+03,1.186563454612192345e+03,2.528988808328294908e+02,1.111891627484057153e+03,9.662119962091222760e+02,-9.674011717541971223e+01,1.271322190995799019e+03,8.670856538773904276e+02,5.652741829119637487e+02,9.943711626868943085e+02,9.482324950022276653e+02,-1.687972342314533876e+02,1.247611046189179660e+03,5.429196303740895928e+02,5.933435943613239942e+02,8.871191940874082320e+02,1.134793764376519448e+03,-2.897535079112493506e+01,1.405142560523963311e+03,4.138622549364239944e+02,3.400734121204291682e+02,1.182117527039343940e+03,4.825777655361580400e+02,9.473718256529457449e+01,1.238319267892569997e+03,4.804937397808625406e+02,3.750684991577928145e+02,7.980368453763659318e+02,1.148408330412567011e+02,7.532761971640231025e+01,1.494486207288622609e+03,2.587079846133323144e+02,1.775683717071952969e+02,4.353248945621259054e+02,1.526686893770896631e+02,1.100332684753558965e+02,1.594677428280876939e+03,-1.769118581065433773e+02,2.149741773977691537e+02,2.842230760306121624e+02,-1.748350687164140282e+01,2.069686650340021856e+02,1.788465571640417920e+03,-1.686581191708884546e+02
1.558068270306218395e+01,1.169534470366074402e+03,1.178697433262993172e+03,2.585388469330654857e+02,1.189728286145057382e+03,9.744012555224492189e+02,-1.074049855688816137e+02,1.267276109502337022e+03,8.532271609768617964e+02,5.905794762112370790e+02,1.154508897721939320e+03,9.717044728838127412e+02,-1.494264054192178151e+02,1.231018708115628215e+03,5.149561362161732632e+02,6.732570354247296791e+02,1.026334424976811761e+03,1.157325468206728146e+03,-9.599568158768212456e+00,1.401343874899700950e+03,3.966769978681516591e+02,3.328847336190181068e+02,1.203517150610758790e+03,4.805208391492428746e+02,8.522471192500188408e+01,1.239157740061500590e+03,4.868455075283350766e+02,3.785987570441726575e+02,8.416606083850945197e+02,9.477061565706883073e+01,7.261475637251200510e+01,1.494991543921443963e+03,2.558660606318904627e+02,1.906039832767798430e+02,4.760796874120027837e+02,1.499166326269040326e+02,1.098100442807069754e+02,1.595159460159429273e+03,-1.754680930906701519e+02,2.107376182693530495e+02,3.274380237900451789e+02,-2.338159995715234274e+01,2.064455769475753755e+02,1.791084014232009395e+03,-1.649415303427842048e+02
1.248625506263831575e+01,1.217444671967576596e+03,1.171752500035776166e+03,2.563781462210960740e+02,1.269301782736233690e+03,9.795587371331348550e+02,-1.128538715879402616e+02,1.263575835914806476e+03,8.446804265988301950e+02,5.882099384087603084e+02,1.312660932436198436e+03,9.901708799495129369e+02,-1.287128163707926944e+02,1.219081837579648209e+03,4.961970627026712464e+02,7.211003061236308440e+02,1.193069963913846550e+03,1.172439562479372853e+03,1.033797062714662118e+01,1.408740324310009100e+03,3.912185317163109630e+02,3.272573219751705551e+02,1.218287404022287319e+03,4.814231960486274602e+02,7.919844580312289395e+01,1.236013573981486161e+03,4.952169713080104430e+02,3.796829635564903356e+02,8.875895670787657536e+02,7.523394767941083217e+01,7.056840275835163823e+01,1.491736717719441685e+03,2.531111117709609744e+02,2.043998406667719792e+02,5.204480943262764185e+02,1.431486599914717033e+02,1.100414164143048481e+02,1.589569633057524470e+03,-1.740607282876172803e+02,2.086650248674103523e+02,3.742022400353311582e+02,-3.144824738376438589e+01,2.060398587824286665e+02,1.788571413025699485e+03,-1.609086534369569677e+02
1.061135744667348391e+01,1.267829585829053030e+03,1.165650689055888506e+03,2.479105592034970584e+02,1.346517156195389816e+03,9.802975009798379915e+02,-1.144235269858130977e+02,1.264658467662582552e+03,8.404084186991361776e+02,5.616176815228440091e+02,1.456164635102869624e+03,1.001555754140884005e+03,-1.089988195042940617e+02,1.211924336814706976e+03,4.849539077298609868e+02,7.238190122494351044e+02,1.381672354770880702e+03,1.169494455323131660e+03,2.896620767269625318e+01,1.424879494015264299e+03,3.952422198510583371e+02,3.241982892163347856e+02,1.227759586338495410e+03,4.854532869156925017e+02,7.654859859328104221e+01,1.230885874732783805e+03,5.050411477204183939e+02,3.776603839610559703e+02,9.344558964724400312e+02,5.849030313975026019e+01,6.955939718011782702e+01,1.485775182837957345e+03,2.508286660523278044e+02,2.188083763241990596e+02,5.667784711960625827e+02,1.331702069450470276e+02,1.107954390522303214e+02,1.579471851052726151e+03,-1.721783011178282834e+02,2.077472351995750728e+02,4.229325441492033519e+02,-4.190449044107354126e+01,2.057584414593982558e+02,1.782183321466053258e+03,-1.564300149125670316e+02
9.842592804284096886e+00,1.319343301965272303e+03,1.160339647942577130e+03,2.355305367095477607e+02,1.417168395010088261e+03,9.761184352893384357e+02,-1.131782549113446947e+02,1.273084063773420667e+03,8.394166978116256814e+02,5.158765644965554884e+02,1.576582621443637890e+03,1.003285565971823303e+03,-9.131357118824337249e+01,1.209255433120968519e+03,4.798788098393706036e+02,6.763726123713446441e+02,1.578781029826051963e+03,1.140427956248299324e+03,4.519206336103611221e+01,1.444975133013438608e+03,4.059626956027638585e+02,3.241327760613158375e+02,1.233762491911664029e+03,4.923901818936312225e+02,7.686168573778356006e+01,1.226114378771835163e+03,5.157413818347118877e+02,3.721394397521686983e+02,9.803612621065155963e+02,4.641707577404093144e+01,6.999393435572082467e+01,1.478763969725700917e+03,2.493695954204464726e+02,2.334378991418022906e+02,6.126119790647965146e+02,1.210756785713699912e+02,1.121234714787541833e+02,1.567726287831355194e+03,-1.695767515633244500e+02,2.070849914313538989e+02,4.713180136913326237e+02,-5.438827514963708154e+01,2.057076206483812086e+02,1.774335078784635243e+03,-1.514564277341355876e+02
1.005468158463829376e+01,1.370406396834062207e+03,1.155673755480177533e+03,2.218279044622816798e+02,1.477987621461149729e+03,9.673041308355821002e+02,-1.098124138182663643e+02,1.288998223656242089e+03,8.409014652509400776e+02,4.564163194959673433e+02,1.670825716867813753e+03,9.921232903860981196e+02,-7.565471322357778661e+01,1.210512784526035603e+03,4.799811208533255922e+02,5.833979404265409130e+02,1.765624521939850638e+03,1.082205965579458052e+03,5.846133925564981837e+01,1.463597373530294135e+03,4.202450610407288423e+02,3.269140777219465122e+02,1.238317328549321701e+03,5.016605464369009155e+02,7.955932659266287033e+01,1.223872599748165385e+03,5.267653561381700911e+02,3.632431244622657687e+02,1.023195958749697297e+03,4.009446437933406315e+01,7.198935918275687129e+01,1.472525752082272447e+03,2.487753125276922219e+02,2.474952262719804992e+02,6.551583435664299486e+02,1.082997717267031277e+02,1.139378908281238836e+02,1.557641403895628628e+03,-1.666340137181261412e+02,2.060523636187317038e+02,5.168158963737018894e+02,-6.786152108338178834e+01,2.059261513808249049e+02,1.767875318577830285e+03,-1.462800734941492635e+02
1.103433630483751315e+01,1.419540729450459366e+03,1.151388366271266250e+03,2.088579966991296146e+02,1.527436413092332259e+03,9.546735601464404226e+02,-1.048209172232643454e+02,1.310340007786769092e+03,8.442796548988980021e+02,3.883042058629602025e+02,1.740085540543340585e+03,9.649069277140521308e+02,-6.154703841422881538e+01,1.214827818165131930e+03,4.844896459131319943e+02,4.577481303166225075e+02,1.922388203630897578e+03,9.976018982530979429e+02,6.842047805283158368e+01,1.476476583145276663e+03,4.351030912985642090e+02,3.319556191018406821e+02,1.243280314297627001e+03,5.124378305597613235e+02,8.402775996753803156e+01,1.225609317275274861e+03,5.376309645526747545e+02,3.517601832236883865e+02,1.060903516441175498e+03,3.968154696051543340e+01,7.522776804264104555e+01,1.468498061872096287e+03,2.487311174883414253e+02,2.597570710623649006e+02,6.917966447779243708e+02,9.656590279083114581e+01,1.159422542554153353e+02,1.551837936418899744e+03,-1.642906729625181583e+02,2.042196856891192454e+02,5.571343748289414179e+02,-8.076650730877085493e+01,2.062129797669700793e+02,1.765093256697941342e+03,-1.416162608594659957e+02
1.244638041428675912e+01,1.465561613434699893e+03,1.147188090210785731e+03,1.976056180029202665e+02,1.565924309750293332e+03,9.392948358886404776e+02,-9.872167107926243546e+01,1.333705532828061905e+03,8.491932286387740305e+02,3.160238841842615898e+02,1.787430481838942114e+03,9.200009852668362100e+02,-4.856901199403996117e+01,1.220965556793893484e+03,4.927856561302541536e+02,3.166187628927271476e+02,2.033043104735942279e+03,8.942350106801801530e+02,7.467433168032759738e+01,1.481651763457931338e+03,4.484105187576975027e+02,3.384387403109217871e+02,1.250034614403014302e+03,5.237615607090621097e+02,8.970539407038229740e+01,1.231666668014891684e+03,5.479788519643307154e+02,3.391143558435240948e+02,1.091707423317007169e+03,4.456946942044547910e+01,7.903638731221322189e+01,1.467323184479137808e+03,2.487378817846516768e+02,2.687812981454690657e+02,7.204948624349959800e+02,8.765367537550234545e+01,1.176943883762746594e+02,1.551378693145835314e+03,-1.636255609933614892e+02,2.011978123253107640e+02,5.905518852113225421e+02,-9.141076373662849619e+01,2.061093105998761246e+02,1.766959830184832526e+03,-1.384516903577574283e+02
1.387380966586546727e+01,1.507650528515345741e+03,1.142878023406266493e+03,1.878023797683335374e+02,1.595387587666948093e+03,9.222095363293638002e+02,-9.213507531485414859e+01,1.355569256456416497e+03,8.555223126458382694e+02,2.434991189212634310e+02,1.815509439681931099e+03,8.587247084111221511e+02,-3.663146100414683559e+01,1.227402715078693291e+03,5.044907046875215428e+02,1.769616723182559781e+02,2.088899080552923806e+03,7.824430019839853685e+02,7.673987413815881098e+01,1.479558095328485479e+03,4.594703261337904792e+02,3.455346744444837555e+02,1.259339379343552991e+03,5.346493933196067019e+02,9.612021653614250738e+01,1.241274556221739658e+03,5.576042970769320846e+02,3.271414359973884984e+02,1.114358530506584202e+03,5.369623908034746051e+01,8.263450184057100500e+01,1.468781767604869628e+03,2.483853316935097553e+02,2.733355447315487368e+02,7.401069410368595527e+02,8.303011055147730701e+01,1.188071010755707704e+02,1.555586887658015939e+03,-1.653042832099363579e+02,1.966042894411720567e+02,6.160491744602649078e+02,-9.843416213150328531e+01,2.051154080343826251e+02,1.772969100421304574e+03,-1.376924379463346213e+02
1.490821643080977665e+01,1.545377099458830799e+03,1.138440051858550760e+03,1.781494735808735470e+02,1.618447259827688868e+03,9.042037086222782136e+02,-8.567715645605696295e+01,1.373446631102456649e+03,8.633661153013982812e+02,1.741400219560500204e+02,1.825541618267255899e+03,7.858995745002636113e+02,-2.596140864243796287e+01,1.232584101961017268e+03,5.196191257209603691e+02,5.195797890609853908e+01,2.089817670226516384e+03,6.728385253725062967e+02,7.415955716592512204e+01,1.472172709118119883e+03,4.690799415026698398e+02,3.525769512895381581e+02,1.271392610670723116e+03,5.441972051697281358e+02,1.028902916266848990e+02,1.252966186032900168e+03,5.664406865325050831e+02,3.177415113806486033e+02,1.128399295642883772e+03,6.587894649537024350e+01,8.541730889181596353e+01,1.472092907645009518e+03,2.475811701817916628e+02,2.728728584786952069e+02,7.505264453531722211e+02,8.349417305744215412e+01,1.191842015748370613e+02,1.562594853015674744e+03,-1.691917408259964191e+02,1.902257174963841919e+02,6.333238091282579489e+02,-1.011599940962150725e+02,2.030463898222458283e+02,1.781597462330100598e+03,-1.397366082603044219e+02
1.523603356240724160e+01,1.578709696258265012e+03,1.134000237246010784e+03,1.668736603613225498e+02,1.637536871299967743e+03,8.856704952884640534e+02,-7.977381875017917423e+01,1.386597670686625634e+03,8.729315048211118437e+02,1.108407618905129226e+02,1.817860075232470990e+03,7.090607142696070468e+02,-1.689073682870093407e+01,1.235250402112856591e+03,5.386269642498452868e+02,-5.045051316999499846e+01,2.043058312261581023e+03,5.742838909461460162e+02,6.665983839382982978e+01,1.461742727130326102e+03,4.790076452244142047e+02,3.591354167408413787e+02,1.286067819962132262e+03,5.516742998083085467e+02,1.097052093043874379e+02,1.265244998412199948e+03,5.744943275645322274e+02,3.125120523175197036e+02,1.134346410759601895e+03,8.005610587595872119e+01,8.713823432211039233e+01,1.476390456147182249e+03,2.466321979591922116e+02,2.678327223626411069e+02,7.526675641060759290e+02,8.900522601277023682e+01,1.191384656288711597e+02,1.570271461818673970e+03,-1.743265296665011022e+02,1.822734867507803358e+02,6.427692099234527632e+02,-9.968377475923010422e+01,2.002935716243167690e+02,1.791060748036187988e+03,-1.441655876827228440e+02
1.467488250516202264e+01,1.608008387252947159e+03,1.129704803028885181e+03,1.524332073537345309e+02,1.654359771895081849e+03,8.666102267742871845e+02,-7.455041643678907803e+01,1.396046227994767378e+03,8.843235724231191170e+02,5.596808199561376540e+01,1.793327482195224320e+03,6.365659611757124594e+02,-9.618029704148597148e+00,1.234685736618666397e+03,5.622426657356191981e+02,-1.270640773130270276e+02,1.960590618168407218e+03,4.926954204761014466e+02,5.425723924017142963e+01,1.449729167534984072e+03,4.911415086032383783e+02,3.649808265815612458e+02,1.303197403895237358e+03,5.566155529797019881e+02,1.163002767912641247e+02,1.277192619250744428e+03,5.817670508722359273e+02,3.124613065786081734e+02,1.133671078777732873e+03,9.540079219049920312e+01,8.790400080340961608e+01,1.481090087067357445e+03,2.461524980364162900e+02,2.596325977623967560e+02,7.482600419817673583e+02,9.879270586685042588e+01,1.192924766661827363e+02,1.577023724454023295e+03,-1.792665774627238306e+02,1.735548717609913751e+02,6.454479113681195486e+02,-9.467329827571626311e+01,1.977760718828167796e+02,1.799944387384575748e+03,-1.497395598670318009e+02
1.314693912187321168e+01,1.633979787099732221e+03,1.125575504302672698e+03,1.341286050983859468e+02,1.669829140973938593e+03,8.467823150144699866e+02,-6.988323520503281827e+01,1.403973079765852162e+03,8.973169745356702833e+02,1.137003186388552045e+01,1.754540255777421862e+03,5.754008536993021607e+02,-4.084943573087109314e+00,1.230811690945009559e+03,5.910962944778581232e+02,-1.778670555686245223e+02,1.856039698519902231e+03,4.307617423457572841e+02,3.729143978515076441e+01,1.436412624967799275e+03,5.067350276973136260e+02,3.699811953637458259e+02,1.322753456507854480e+03,5.588978733823832954e+02,1.224324771569261969e+02,1.288741523088433041e+03,5.882174900563595656e+02,3.178670362319555238e+02,1.128538707503423893e+03,1.113251517313218955e+02,8.799737943869122603e+01,1.485962563074220270e+03,2.468450222177816897e+02,2.503760661268728995e+02,7.395038856966384628e+02,1.117154236085015242e+02,1.202918045134568246e+02,1.582136824071008277e+03,-1.826334034710338301e+02,1.654548070673872928e+02,6.430235158335364076e+02,-8.697472430262509135e+01,1.965460317695135757e+02,1.807456359002634372e+03,-1.547687597573017513e+02
1.061381916142432225e+01,1.657583813412996278e+03,1.121428869185087024e+03,1.123982425213832670e+02,1.684383733316705730e+03,8.259694068181987632e+02,-6.558321364959905964e+01,1.412792995577297233e+03,9.112372781690949068e+02,-2.164457005441476056e+01,1.706057624533256558e+03,5.295943881087862337e+02,-7.947538250614505362e-03,1.224162644952695700e+03,6.252895605665062249e+02,-2.044998842495961071e+02,1.742216774089294631e+03,3.884164069354327466e+02,1.643430522916752778e+01,1.421252884274019607e+03,5.260713869115058969e+02,3.740071147870680761e+02,1.344833494621734417e+03,5.587778452611662487e+02,1.278709246940043727e+02,1.300524265663649885e+03,5.937879757000009704e+02,3.282994117394987370e+02,1.121393531791165060e+03,1.274234765831065630e+02,8.764742483996187161e+01,1.490949890786729839e+03,2.492371552431647501e+02,2.424268632880143741e+02,7.286954756581202446e+02,1.267216509085884582e+02,1.224803864027198443e+02,1.585650296712319914e+03,-1.836073130160488915e+02,1.597532170723163460e+02,6.375883501206535584e+02,-7.718865912043003163e+01,1.972405972154886626e+02,1.813337740953796128e+03,-1.577467359560356783e+02
7.022187325189936047e+00,1.679891452204111602e+03,1.116914990398349119e+03,8.869898842243779313e+01,1.698399960080760593e+03,8.042618931964603917e+02,-6.159794539261071122e+01,1.424310336041390201e+03,9.250540395415894181e+02,-4.243800914380385336e+01,1.653610564172161503e+03,4.997917552095840961e+02,3.000087559500492329e+00,1.215810153281909606e+03,6.641038135182089945e+02,-2.094467730242303105e+02,1.629650315353179622e+03,3.637455974108085570e+02,-7.274812333495332517e+00,1.403741561734761262e+03,5.486088867385094545e+02,3.769116166070812142e+02,1.369462874824769642e+03,5.568690935084337070e+02,1.324141433713399181e+02,1.313426421751426687e+03,5.984771665138691787e+02,3.427804268357714363e+02,1.114541918657594351e+03,1.433970461837000983e+02,8.690356122589659549e+01,1.495932088373562920e+03,2.534532583261201637e+02,2.380105741468898657e+02,7.179505781676259630e+02,1.432179012123619088e+02,1.257224385667352919e+02,1.588009491219759411e+03,-1.821836888058591626e+02,1.583672416555685629e+02,6.313570638248917248e+02,-6.537749382122797215e+01,1.996993685679985049e+02,1.817630998354919939e+03,-1.579667351179601553e+02
2.303256809218497736e+00,1.701899171848731157e+03,1.111670405700318042e+03,6.503850644553601512e+01,1.712420070476316823e+03,7.822445943276655953e+02,-5.811157599666881168e+01,1.439239041390349485e+03,9.376841060965666657e+02,-5.128982004952519702e+01,1.602822775220315634e+03,4.839372884305068396e+02,5.320848474062422895e+00,1.207248326863812508e+03,7.060000347146733475e+02,-1.959672756005124938e+02,1.526003172305381213e+03,3.539528975733644529e+02,-3.239033044958187446e+01,1.384269522869623188e+03,5.734282723772745385e+02,3.785920651927373228e+02,1.396322675873109574e+03,5.540520609596243276e+02,1.359326909914285295e+02,1.328085907761394765e+03,6.024049297450321774e+02,3.600184843435311564e+02,1.109854035599636290e+03,1.589915038131144058e+02,8.569560431306604187e+01,1.500651165565951032e+03,2.590977942774662210e+02,2.389227467755686689e+02,7.090840979036572662e+02,1.612050846829068007e+02,1.294750871947439350e+02,1.589745051558209752e+03,-1.791318185422080091e+02,1.630799727346704344e+02,6.262729074728607657e+02,-5.100375626123186379e+01,2.029862772754413243e+02,1.820472165478712668e+03,-1.558085645369418728e+02
-3.568878786344998222e+00,1.724328084402806326e+03,1.105513285449049818e+03,4.336097672574035045e+01,1.727075422296211627e+03,7.609870877113380629e+02,-5.548859159264227259e+01,1.457169373618183045e+03,9.483773151132353405e+02,-4.961350578022241820e+01,1.558085593380016917e+03,4.785633464697679074e+02,7.287695324103509620e+00,1.200189975382103057e+03,7.489400782243185404e+02,-1.682981894166881034e+02,1.436006658385388619e+03,3.560795902427355486e+02,-5.712063482096086631e+01,1.364530606546511308e+03,5.997001024557766868e+02,3.790781062251329558e+02,1.424558384431361674e+03,5.513277801711423081e+02,1.384149204851388788e+02,1.344561420403965940e+03,6.058213061388138385e+02,3.786505444410109931e+02,1.108608003018622412e+03,1.739696243645208256e+02,8.402215769780966070e+01,1.504843247793655792e+03,2.653030548349013884e+02,2.463314792559610851e+02,7.035966207916491157e+02,1.811515417003574839e+02,1.330653721070193001e+02,1.591291296785614350e+03,-1.757168312340008072e+02,1.752688497664715612e+02,6.236460189863158803e+02,-3.311248915884895894e+01,2.058087423580575148e+02,1.821954831229408455e+03,-1.525370961365085520e+02
-1.050206656221601520e+01,1.747476670136143184e+03,1.098572128497373797e+03,2.502662308781162892e+01,1.742807892638689736e+03,7.418049055336541642e+02,-5.410166723181924908e+01,1.476896524304950390e+03,9.569849262510576864e+02,-3.990746927105231379e+01,1.521951500813333496e+03,4.800683714529430404e+02,9.187597020894481048e+00,1.196238099728620000e+03,7.909116855726978201e+02,-1.315462368523013765e+02,1.361622978134312916e+03,3.673693595047363374e+02,-7.958576875412889251e+01,1.347204437861405268e+03,6.269488356678980381e+02,3.785698434585103200e+02,1.452810849049351873e+03,5.496387691859888491e+02,1.399838375662913279e+02,1.362289172147374757e+03,6.090485860621540724e+02,3.974490832955364681e+02,1.111432859468819970e+03,1.881305842129931989e+02,8.210940290036846534e+01,1.508448150913604195e+03,2.709532062538862647e+02,2.606457081775308779e+02,7.026451674425509282e+02,2.036821356610477665e+02,1.360027145509291984e+02,1.592921392947132972e+03,-1.733024310966097232e+02,1.956474753637029949e+02,6.239639510226342054e+02,-1.069383405495529971e+01,2.070835070662404291e+02,1.822058907045790193e+03,-1.497206312114865057e+02
-1.825838656424810935e+01,1.771217477962073872e+03,1.091256385073876572e+03,1.055245497302139235e+01,1.759642067921501166e+03,7.258469672192408098e+02,-5.414776060786086020e+01,1.496953848044334336e+03,9.639511979485334905e+02,-2.527522211814817510e+01,1.495062961769479443e+03,4.855631639782417324e+02,1.125632254990085990e+01,1.196485216217944981e+03,8.304502550679990236e+02,-9.096428940641916938e+01,1.302381742001801740e+03,3.853706214518244337e+02,-9.826350490596512088e+01,1.335010266174386743e+03,6.550448313025146945e+02,3.773883975838448350e+02,1.479541607488427644e+03,5.496810304738824016e+02,1.408651936483801990e+02,1.380327566455159513e+03,6.123847368751725071e+02,4.154869046542513615e+02,1.118316309482869656e+03,2.013622702614840989e+02,8.039681507766074731e+01,1.511696606099998007e+03,2.750324636746246370e+02,2.814708990268616162e+02,7.069038486512313284e+02,2.292217942721067629e+02,1.381478979090668986e+02,1.594742839528513969e+03,-1.729517803707330188e+02,2.240748841454814624e+02,6.269610089519645726e+02,1.688688663813701751e+01,2.063295093497128221e+02,1.820664003528114108e+03,-1.485820588051697655e+02
-2.651355921721577502e+01,1.795176301776688206e+03,1.084056042575256697e+03,-3.596716223756977193e-01,1.777220088027693464e+03,7.136449892002422075e+02,-5.555239651027302017e+01,1.516178649283232744e+03,9.700180945875681573e+02,-8.591659943273381117e+00,1.476446328087492248e+03,4.931789339232761336e+02,1.364203928801833143e+01,1.201174457270280072e+03,8.669670920792459583e+02,-5.075521299421075838e+01,1.255950640220710966e+03,4.079655509851133388e+02,-1.124763903526887958e+02,1.329541183191703794e+03,6.840045571526596859e+02,3.758641426306228936e+02,1.503594438959047238e+03,5.517342464458544100e+02,1.413150250800056256e+02,1.397783106166749803e+03,6.160132196740603376e+02,4.322661314907562655e+02,1.128687449515920662e+03,2.136886813367921150e+02,7.932829227988938214e+01,1.514972630788324295e+03,2.769832449559878569e+02,3.077035004232052415e+02,7.163359577774019726e+02,2.577264099908725257e+02,1.396667727607230347e+02,1.596728691448798827e+03,-1.751211004575555421e+02,2.595032773335996126e+02,6.319170547559193665e+02,4.952569755870156598e+01,2.037118965569179920e+02,1.817679737236930578e+03,-1.495975373967103224e+02
-3.497742441743161379e+01,1.819006043186997204e+03,1.077272006602811189e+03,-8.608029347669717168e+00,1.795083455571748573e+03,7.048068852881066277e+02,-5.799507665688746982e+01,1.534125967271131231e+03,9.758148900915440436e+02,8.331268377040670359e+00,1.463972106370704523e+03,5.019747231490862873e+02,1.635594805319481893e+01,1.209560572688458024e+03,9.007983274894812666e+02,-1.293195292870487023e+01,1.218865442905441341e+03,4.334484757206934660e+02,-1.227027443488418044e+02,1.330423201837463466e+03,7.137520962899000097e+02,3.742276038346638529e+02,1.524759920106016580e+03,5.555545100199176431e+02,1.415410782525865443e+02,1.414223698945230581e+03,6.199546357912314534e+02,4.477950426089882967e+02,1.141577940155769966e+03,2.252760256967289934e+02,7.907526306599727661e+01,1.518539828621381957e+03,2.769338571850881294e+02,3.377571536110158945e+02,7.300129834585278559e+02,2.885828950765439913e+02,1.408428211387675333e+02,1.598779193637877370e+03,-1.795194127611767954e+02,3.000922545176046583e+02,6.380292690735305996e+02,8.620951697503670630e+01,1.998026628780051226e+02,1.813251021391399263e+03,-1.524659386880508691e+02
-4.348869313245345580e+01,1.842566691603421532e+03,1.070855249105671874e+03,-1.543209163611106582e+01,1.812949395930138508e+03,6.980159084163962007e+02,-6.100871527847119324e+01,1.551154831170941407e+03,9.815951836144945446e+02,2.511717461917524119e+01,1.454808249545696754e+03,5.116558607696061358e+02,1.925162889653859821e+01,1.220034072707549967e+03,9.330098139572360196e+02,2.311613782629258651e+01,1.187119893085377953e+03,4.606139993897977547e+02,-1.305408990557023117e+02,1.335222012123994773e+03,7.439825669211550121e+02,3.725622318009305332e+02,1.543997619775997237e+03,5.603903609390406473e+02,1.416602950480645973e+02,1.429856296549934314e+03,6.240728945875081308e+02,4.625649889895572642e+02,1.155797713585316160e+03,2.363943396104201042e+02,7.938704855028279894e+01,1.522349028107149479e+03,2.756893604481596753e+02,3.698122391363887687e+02,7.461353947341882531e+02,3.206950813513515186e+02,1.419044367776152455e+02,1.600787563970296105e+03,-1.851818310020158833e+02,3.434443945126679978e+02,6.446464188670497606e+02,1.251155940471107471e+02,1.952870984581573452e+02,1.807890887254181507e+03,-1.563432890661618444e+02
