1.156061177484356932e+02,-1.688369571306429151e+01,1.704244212545861046e+03,5.666817550558322125e+01,-1.800377965647831502e+02,1.417859653489841094e+03,1.500153353773928586e+02,1.564618777178126550e+02,1.409124352207918491e+03,2.158601064655431117e+02,-3.194688941915187570e+02,1.178712451279618108e+03,2.617974082990072588e+02,2.123315744856733431e+02,1.131109586700439650e+03,3.531082520150455366e+02,-1.463546941466034639e+02,1.326446730811466068e+03,4.084861930733362101e+02,4.343443401368583778e+01,1.263245481656546417e+03,1.736337480147520651e+01,-6.823746243186883476e+01,8.541016847685152698e+02,1.703326978822330489e+02,1.705792576216688587e+02,9.405456084801916177e+02,1.267126534928275134e+02,-1.114805909004052324e+02,4.504969672413138824e+02,5.118676888926751190e+02,2.565229660167419468e+01,1.026083157824415139e+03,-7.040374179207996796e+00,-4.719287522201685015e+00,-6.542878375346388609e+00,2.950655169474615036e+02,3.959515705574213484e+01,6.437869219823979847e+02,2.464729739927095125e+02,-3.470525823038660462e+01,1.174842673252976866e+01,4.688183849496190305e+02,-1.137000571955992143e+02,5.723483697690353438e+02
1.163512984535588259e+02,-1.248324624657941584e+01,1.703070021228453015e+03,5.713023803350963448e+01,-1.763989882549130357e+02,1.416569605785662134e+03,1.518363041960331543e+02,1.592642959225243260e+02,1.409496555104712115e+03,2.138439699099974121e+02,-3.122932408073177726e+02,1.175534914319925520e+03,2.613879028858867173e+02,2.163884354208075820e+02,1.132436734340666590e+03,3.542749529451463104e+02,-1.393068927261595320e+02,1.323144996443448235e+03,4.112161465352247092e+02,4.645245569131035523e+01,1.259352611175056154e+03,1.644094560086095669e+01,-6.257865109730491326e+01,8.531937845774725702e+02,1.704552156225808233e+02,1.756178059626593040e+02,9.399411137939466698e+02,1.274453055845669525e+02,-1.107907237254601824e+02,4.519737333013721923e+02,5.116843980113678185e+02,2.821479257897348347e+01,1.024026363414563093e+03,-7.610662659336738578e+00,-3.067401270546732395e+00,-5.709646842978427728e+00,2.899491677466157853e+02,4.387645645778375325e+01,6.401500545418141428e+02,2.468216418794725087e+02,-3.324610798753843710e+01,1.313964964078539488e+01,4.654843594120924308e+02,-1.094265876294341382e+02,5.652680778205174192e+02
1.170944980964454203e+02,-8.242112412656844356e+00,1.701841388075970599e+03,5.755382728171969831e+01,-1.729287101711064452e+02,1.415403792820277886e+03,1.538099319182830982e+02,1.623535395747578320e+02,1.409622891889799575e+03,2.119921102265193156e+02,-3.063568557387164333e+02,1.172361905971951728e+03,2.613152447217739791e+02,2.204261308267244317e+02,1.133352613157461292e+03,3.556161402020230753e+02,-1.335002797544632358e+02,1.319688239100039482e+03,4.138532846135873910e+02,4.869663922798054045e+01,1.255471359789170265e+03,1.556169665579073147e+01,-5.748123158332481353e+01,8.524387739622906111e+02,1.705891544022883579e+02,1.805055980195335508e+02,9.391099256178666792e+02,1.281183758122404299e+02,-1.098623594653075202e+02,4.532791828385163626e+02,5.115345340234385390e+02,3.044670729655207708e+01,1.020772972085523406e+03,-7.954669700366547858e+00,-1.607899413124587396e+00,-4.965899153665510823e+00,2.849096087351131246e+02,4.841173710552182996e+01,6.359191120492704385e+02,2.473720975504217847e+02,-3.205548278311677279e+01,1.438708470343374834e+01,4.618444352996885414e+02,-1.056477586242144895e+02,5.572181088682669952e+02
1.178677871632374234e+02,-4.265809004641571534e+00,1.700571645657107638e+03,5.789746996382722699e+01,-1.697183981569658613e+02,1.414440631801511699e+03,1.560053726110680827e+02,1.659371694899322733e+02,1.409371925434795003e+03,2.103830576282655898e+02,-3.022578702976423415e+02,1.169180751309895868e+03,2.617504352111409389e+02,2.245216411674451251e+02,1.133596777550394791e+03,3.572064669894469944e+02,-1.295336092378572062e+02,1.315897802195642953e+03,4.163476268071879645e+02,4.991575346923681877e+01,1.251569827054423968e+03,1.479400870922081879e+01,-5.318278524558417075e+01,8.519231973227347225e+02,1.707472969729082877e+02,1.851560347942132410e+02,9.379484162323207102e+02,1.286877224007196219e+02,-1.084723289586354724e+02,4.542697843353507778e+02,5.114390324521728530e+02,3.219809458060497320e+01,1.015532999667346644e+03,-7.923520230329495817e+00,-4.486866853556905066e-01,-4.362301399017604275e+00,2.801002724325669533e+02,5.333251811022358879e+01,6.306842134051663606e+02,2.482135168588226861e+02,-3.126671698347965389e+01,1.538260956154928927e+01,4.577801778207587517e+02,-1.025606250446444960e+02,5.475710560915783844e+02
1.187322334863454643e+02,-6.117975500589460935e-01,1.699358505237849386e+03,5.812483642134760231e+01,-1.667734476333121165e+02,1.413702796648051390e+03,1.583616406928571791e+02,1.700506579381636243e+02,1.408776002304476606e+03,2.089843594739061814e+02,-2.997548314548342887e+02,1.165968669807624565e+03,2.626114127450582032e+02,2.288239988913969682e+02,1.133132171305750489e+03,3.589924604797956249e+02,-1.271481098723557892e+02,1.311627022189506533e+03,4.186937475730919118e+02,5.053082962277736812e+01,1.247557735184846024e+03,1.421723614156123183e+01,-4.952830004208367853e+01,8.516306600015051345e+02,1.709410067571243701e+02,1.895309959397617945e+02,9.365189810090571427e+02,1.291370981205498083e+02,-1.064849888115280692e+02,4.548611809930895333e+02,5.114026209736939563e+02,3.353251450769668196e+01,1.008202362671961851e+03,-7.482573747298722822e+00,4.109970583431186153e-01,-3.894519533201051598e+00,2.757323669999380513e+02,5.856465306804511073e+01,6.243856691770541829e+02,2.492744491794399551e+02,-3.083890698140720588e+01,1.608254569682008039e+01,4.533943588045824526e+02,-9.997507685168754676e+01,5.362889804716390927e+02
1.197560767551362630e+02,2.686594991241019414e+00,1.698322952390017008e+03,5.823424656095107821e+01,-1.640344679445425697e+02,1.413173720120836151e+03,1.607193299258102570e+02,1.745328984863201072e+02,1.407976167218204637e+03,2.076668626061995440e+02,-2.980529169119775474e+02,1.162706049311791276e+03,2.635841051409104239e+02,2.334795753437295218e+02,1.132092086155133757e+03,3.608626987137241144e+02,-1.255086786856265206e+02,1.306788978670232609e+03,4.209065627819855990e+02,5.139929062423581030e+01,1.243250351487845592e+03,1.386320477264569462e+01,-4.613451177764279976e+01,8.514612497397348534e+02,1.711786351060592892e+02,1.936086510132300873e+02,9.349942202330514647e+02,1.294784341130968244e+02,-1.039332264175335752e+02,4.550548537879461151e+02,5.113832526480989031e+02,3.456825397461810212e+01,9.992890608212741199e+02,-6.707871835783220327e+00,1.019699658003661469e+00,-3.514315632732216699e+00,2.720223020309145454e+02,6.378777686442489880e+01,6.172461596791969214e+02,2.503586006171421730e+02,-3.061919603663277911e+01,1.652005078112704339e+01,4.489120344285912552e+02,-9.754731003245406384e+01,5.238700767173521626e+02
1.209887631264209773e+02,5.610015827979506042e+00,1.697532948112464965e+03,5.828197649656058132e+01,-1.614225724419761718e+02,1.412825711382811278e+03,1.629037703139037205e+02,1.790886471113468588e+02,1.407132081538185275e+03,2.062716143300878002e+02,-2.963431215869088646e+02,1.159409485731314362e+03,2.642640819921653588e+02,2.385461339267210974e+02,1.130673803202986164e+03,3.627619718096634642e+02,-1.237767453259898360e+02,1.301389760845148885e+03,4.229866288259788121e+02,5.336149363780220511e+01,1.238406502254212000e+03,1.367207552683634475e+01,-4.264702464361569412e+01,8.513011246915405081e+02,1.714628324388399960e+02,1.973672414073222683e+02,9.335529471253787506e+02,1.297465208289054601e+02,-1.010557862826989748e+02,4.549410645935084858e+02,5.112870715827555728e+02,3.528983738493312927e+01,9.895926860058114016e+02,-5.751657561221612980e+00,1.384773974103951533e+00,-3.163707138912639216e+00,2.691300787681522024e+02,6.847596441967149872e+01,6.095973842814825048e+02,2.512387740015006159e+02,-3.045595815079788693e+01,1.678498270106295820e+01,4.445303332561161938e+02,-9.515398862813557912e+01,5.110951737778722759e+02
1.224469067266753086e+02,8.178368671630032338e+00,1.696971212902047682e+03,5.837547561980186117e+01,-1.588825869268024462e+02,1.412637431737444331e+03,1.648131603335984607e+02,1.834184593478745171e+02,1.406364303134676220e+03,2.046947009607713710e+02,-2.942076408906398797e+02,1.156159420100877014e+03,2.643519308752701136e+02,2.439629241316746970e+02,1.129058031687326320e+03,3.647605388148920156e+02,-1.215861636675195143e+02,1.295539136850178011e+03,4.249037290430013059e+02,5.686075081408477416e+01,1.232843363626906466e+03,1.350673243837331938e+01,-3.889631854137189038e+01,8.510993840110297697e+02,1.717884177686457861e+02,2.008125479952180683e+02,9.322960610236198136e+02,1.299930910470512231e+02,-9.823790634482571704e+01,4.546688705980514555e+02,5.110152861712193157e+02,3.550535143498644430e+01,9.798221667529763863e+02,-4.794317537988600719e+00,1.432599299718402497e+00,-2.810476094546714432e+00,2.671302164926532328e+02,7.204231356668617536e+01,6.017165601427185493e+02,2.517546689499122294e+02,-3.028938115863639169e+01,1.697358185796868213e+01,4.403336209960104952e+02,-9.312404301215885027e+01,4.987048985495214311e+02
1.241120936130431147e+02,1.048329462865145167e+01,1.696559019476028425e+03,5.863547120697472081e+01,-1.564082244463533584e+02,1.412591400274644229e+03,1.664663186152878609e+02,1.873424651868979254e+02,1.405745766668069564e+03,2.029388729330419210e+02,-2.916664029227288211e+02,1.153083779544523622e+03,2.637893479918222965e+02,2.495988502271487448e+02,1.127388570605282439e+03,3.670219011533337152e+02,-1.191394540411754264e+02,1.289405181771139269e+03,4.266165551417380470e+02,6.182592189321580634e+01,1.226544409505189833e+03,1.321884129232002536e+01,-3.487913485817798431e+01,8.508972895411242234e+02,1.721437307209617984e+02,2.040225467096146019e+02,9.312199968180966607e+02,1.302794917857686414e+02,-9.586335411254015071e+01,4.543957489764730440e+02,5.105405553951470665e+02,3.499771517172365520e+01,9.703449463371642878e+02,-3.991037679574259034e+00,1.055260072454826004e+00,-2.462141064321394790e+00,2.660259227465745084e+02,7.406636875390942976e+01,5.937445370826798126e+02,2.518683746164363981e+02,-3.017666693543909062e+01,1.713368377683705646e+01,4.363239450896813878e+02,-9.213346310489023949e+01,4.871361868184144441e+02
1.259338825237073252e+02,1.268022324576692128e+01,1.696201293744997201e+03,5.914991046532065866e+01,-1.540424601506573197e+02,1.412656937237378315e+03,1.679887232781364332e+02,1.908448520361353644e+02,1.405311192090710392e+03,2.010999357156357519e+02,-2.889359604348367156e+02,1.150287166438318764e+03,2.627539459182743258e+02,2.553464111210582814e+02,1.125791747558162569e+03,3.696906040799794368e+02,-1.169257705279006672e+02,1.283115602478485698e+03,4.281227722064076033e+02,6.781820046845358263e+01,1.219670231859758587e+03,1.271987733457349101e+01,-3.063879383552234970e+01,8.507881986938139107e+02,1.725168489337755489e+02,2.071571856719835694e+02,9.302438901403312457e+02,1.306616382733396335e+02,-9.414968046014398340e+01,4.542426431516093999e+02,5.099492982493655404e+02,3.375306231692484005e+01,9.611637769919398124e+02,-3.419909524489311181e+00,2.093618694337410213e-01,-2.151732356564814985e+00,2.657921605744617750e+02,7.451237180570569762e+01,5.856843972545582346e+02,2.516621414211993510e+02,-3.025101151312355086e+01,1.723948127709779499e+01,4.325280704555262332e+02,-9.280968639962634370e+01,4.764074218114817540e+02
1.278380127081586437e+02,1.492806708391499804e+01,1.695811700257544089e+03,5.994631596488299152e+01,-1.518490079202608456e+02,1.412771412310872620e+03,1.695485925569316521e+02,1.940266843287515712e+02,1.405048787039744411e+03,1.992968537296976876e+02,-2.861529527286621715e+02,1.147765875867390150e+03,2.615243727163589824e+02,2.612004767701142214e+02,1.124390040833001876e+03,3.727813156661156313e+02,-1.153072805116547102e+02,1.276659109221161998e+03,4.295063714240354784e+02,7.430541597228894091e+01,1.212461998464953922e+03,1.201143836912789986e+01,-2.616967681222756426e+01,8.508395931576501425e+02,1.729043110276489585e+02,2.104107643345414260e+02,9.292633075511270135e+02,1.311648300865034003e+02,-9.305397244870752615e+01,4.542725626854132202e+02,5.093968696008739698e+02,3.207665969233031689e+01,9.520771690408375889e+02,-3.050733278540336713e+00,-1.010709621689325877e+00,-1.908261766797247461e+00,2.664235287001458801e+02,7.380465619098185925e+01,5.774344148296006551e+02,2.512922673652266496e+02,-3.063935626400940393e+01,1.721426156563305199e+01,4.290951261732310513e+02,-9.531370397309706277e+01,4.661833114037233372e+02
1.297447929732583987e+02,1.731758882612180983e+01,1.695307106869136305e+03,6.099270547264315923e+01,-1.498590247614719431e+02,1.412833610089566719e+03,1.712789715082551254e+02,1.970198146883045354e+02,1.404873019309301981e+03,1.975866329684552056e+02,-2.832643590086323115e+02,1.145374510204932676e+03,2.603108484917181045e+02,2.672688786090839130e+02,1.123277713705176211e+03,3.761427301177757272e+02,-1.142587211236568692e+02,1.269855986612292099e+03,4.309371426350449497e+02,8.089813619678857037e+01,1.205110067872237551e+03,1.116202718850017384e+01,-2.141343209958634475e+01,8.510357823306765113e+02,1.733166503570911345e+02,2.139363282323271847e+02,9.282021103968436364e+02,1.317591934386966841e+02,-9.229584998323160505e+01,4.544921232521766115e+02,5.089862240882769697e+02,3.048353800184792561e+01,9.428813826143248207e+02,-2.761605407776137611e+00,-2.383590285530650998e+00,-1.732360869209998544e+00,2.679612470099323218e+02,7.267596509376676295e+01,5.688111420837366268e+02,2.509257843475849370e+02,-3.137558656761780895e+01,1.698949179614713856e+01,4.263143009806620398e+02,-9.919582729948054123e+01,4.559768865810824536e+02
1.315967377306756987e+02,1.984442125744334007e+01,1.694595499195531602e+03,6.221886449959539789e+01,-1.480179884447063330e+02,1.412719140589164681e+03,1.732242972098548535e+02,1.999268351896680826e+02,1.404613970343584924e+03,1.959095261100176231e+02,-2.801013471002796109e+02,1.142879120781223492e+03,2.591571249873924785e+02,2.737015669879909296e+02,1.122464880177193891e+03,3.795077949004259494e+02,-1.133856146157264959e+02,1.262424459542677141e+03,4.326020002244604257e+02,8.744632611513081599e+01,1.197670309002395470e+03,1.025322778773296406e+01,-1.632261366093245414e+01,8.512807898130297417e+02,1.737754965485929688e+02,2.177946774223880197e+02,9.270434032255433294e+02,1.323556011237482437e+02,-9.148221847683277019e+01,4.548650186242442146e+02,5.086483232224187532e+02,2.942302622462387518e+01,9.334739335053636751e+02,-2.411745469582728951e+00,-3.651940141878487811e+00,-1.590881616656844688e+00,2.704813238872070542e+02,7.183891874955965307e+01,5.595504835469643012e+02,2.506846102977973487e+02,-3.235171811723813562e+01,1.656394809593080097e+01,4.245412785797349784e+02,-1.036262522182971111e+02,4.453810369421383939e+02
1.333842813865026358e+02,2.244553042971437051e+01,1.693587048348578719e+03,6.354376313156211609e+01,-1.461742141062761391e+02,1.412316726174640507e+03,1.753315270344629084e+02,2.028091940806424418e+02,1.404060540702907929e+03,1.940915622239650133e+02,-2.765169079292649599e+02,1.140064964783598043e+03,2.579588545338035033e+02,2.805783760086213761e+02,1.121834046277102971e+03,3.825851586816419854e+02,-1.121462152796928535e+02,1.254099971045233815e+03,4.346010352848764455e+02,9.399748940840656530e+01,1.190055987675239749e+03,9.332898453698247110e+00,-1.092014355340659826e+01,8.514538913016050401e+02,1.743029105820774589e+02,2.219569416505196955e+02,9.258300193235198776e+02,1.328345328505780287e+02,-9.027313417668085549e+01,4.553299959034195012e+02,5.081151236154129833e+02,2.903134426660358258e+01,9.238144014153335775e+02,-1.937679688909694775e+00,-4.634213739066814775e+00,-1.431324252252305751e+00,2.740488787809632640e+02,7.165938926988495439e+01,5.493094227296222698e+02,2.506143908192780714e+02,-3.334177180029769971e+01,1.602457470085526836e+01,4.240814636832998303e+02,-1.078351815737069330e+02,4.342130237548075797e+02
1.351545101620719151e+02,2.506534880502112372e+01,1.692230790823932693e+03,6.489967327411565634e+01,-1.441363328542403508e+02,1.411567920866678833e+03,1.774801779271112707e+02,2.056962586218156730e+02,1.403054139197589166e+03,1.919053852239101161e+02,-2.724731911149471557e+02,1.136822478016726336e+03,2.565634746161555881e+02,2.878288638701950504e+02,1.121160342516338915e+03,3.851397703705737854e+02,-1.101099995031239729e+02,1.244729469012469281e+03,4.368775799277382248e+02,1.006922342843772213e+02,1.182078785425519300e+03,8.400584091255467456e+00,-5.302160366673460246e+00,8.514718843517561027e+02,1.749108321893019422e+02,2.263459684851409577e+02,9.246329316248272789e+02,1.330996346093401712e+02,-8.851617615281054441e+01,4.558224213499868824e+02,5.070184495880257032e+02,2.909321501437458934e+01,9.138162113228351018e+02,-1.409101730029629795e+00,-5.286803363327448047e+00,-1.206248861881393353e+00,2.786711448639881610e+02,7.202683925289521483e+01,5.377065127550570196e+02,2.506874087921686396e+02,-3.409928075988351281e+01,1.551423062540680320e+01,4.250980750503726995e+02,-1.114661417539852124e+02,4.225209532243226818e+02
1.369942363033316326e+02,2.769761764343104105e+01,1.690548330789858255e+03,6.624926185220026298e+01,-1.417799871571133394e+02,1.410484585232057270e+03,1.795286316455683959e+02,2.085800803237389687e+02,1.401579897379164549e+03,1.891673317296500159e+02,-2.680564702165808626e+02,1.133154790014290484e+03,2.548740720403191915e+02,2.952425971351171938e+02,1.120210963039665785e+03,3.870410624262959800e+02,-1.071284649085825862e+02,1.234291463627938583e+03,4.392347074526439883e+02,1.076802785039356252e+02,1.173504170241369138e+03,7.423163014070289556e+00,4.143327354968935339e-01,8.513102899011543059e+02,1.755989072382823792e+02,2.308786027285926821e+02,9.234974949810447242e+02,1.331289748667658444e+02,-8.629514027172623969e+01,4.562975191450790362e+02,5.050628074306121675e+02,2.923745429820008113e+01,9.032926565858189178e+02,-9.957399771206670858e-01,-5.683423861650352293e+00,-8.936936534028743218e-01,2.842885269573682194e+02,7.249321387149531404e+01,5.244216035423442008e+02,2.508379022410148025e+02,-3.448104571462119594e+01,1.516516049010350997e+01,4.275880234882379796e+02,-1.146397631118390024e+02,4.104933847585048170e+02
1.389921908827278969e+02,3.037629631554973386e+01,1.688632728883577556e+03,6.759345776102640002e+01,-1.391368509053503715e+02,1.409130297910297713e+03,1.813541975040022862e+02,2.113969718875974593e+02,1.399789772207283931e+03,1.858321262100503191e+02,-2.634591825063756687e+02,1.129117854677595460e+03,2.528955752203901284e+02,3.025700375912134064e+02,1.118881121831804194e+03,3.882809304668400614e+02,-1.033889001229472342e+02,1.222852761411678102e+03,4.414321121495476064e+02,1.150908977264597439e+02,1.164112950704805826e+03,6.359032907387970113e+00,6.155658007002008603e+00,8.509714489507957751e+02,1.763606444649064144e+02,2.354840293778918010e+02,9.223932862390726086e+02,1.329940846380220876e+02,-8.387762278065667942e+01,4.567464788919982652e+02,5.021697617920038397e+02,2.921644711648687931e+01,8.920227458906736047e+02,-8.578349187069369552e-01,-5.936610484781745356e+00,-5.029403971837788090e-01,2.908160864778576524e+02,7.257337279360220350e+01,5.093267365063657053e+02,2.510116472503906948e+02,-3.452299224204281103e+01,1.503781834357660152e+01,4.314252389789292010e+02,-1.177503197445068253e+02,3.983567076767444632e+02
1.411979154006673696e+02,3.313652054545135428e+01,1.686606426449143555e+03,6.896743417382667474e+01,-1.363941517875496743e+02,1.407577163375823375e+03,1.828779711671185453e+02,2.140348535095757541e+02,1.397930349336514837e+03,1.820406983567554562e+02,-2.589479112548482931e+02,1.124759651601464611e+03,2.507154538947786477e+02,3.096535054705688026e+02,1.117285298172964985e+03,3.889607619878937612e+02,-9.937453895347806565e+01,1.210508774290443625e+03,4.433038811177921161e+02,1.230386607313633220e+02,1.153778096839076397e+03,5.172006783748478220e+00,1.192045202811899607e+01,8.504335484471699829e+02,1.771897088580269042e+02,2.401031356161348640e+02,9.212014702563429864e+02,1.328329887787433563e+02,-8.158984875137991821e+01,4.571935436210666808e+02,4.985093019356248192e+02,2.906432766980550397e+01,8.798874553063543544e+02,-1.035819934171448686e+00,-6.123644850456682498e+00,-6.415033954278269446e-02,2.982051793285203303e+02,7.200000372939776128e+01,4.925713304192215105e+02,2.511980941093524109e+02,-3.441697429869670088e+01,1.509905160768244059e+01,4.364405082791927839e+02,-1.211904279939546996e+02,3.863135139446882818e+02
1.435981470466044243e+02,3.599115190440391387e+01,1.684560687463249224e+03,7.042368373953755167e+01,-1.337848339405236970e+02,1.405866222052228750e+03,1.840789649581777780e+02,2.163977773993654239e+02,1.396209195368658129e+03,1.780890661469061911e+02,-2.547884105337714118e+02,1.120118331107157928e+03,2.484579137471153274e+02,3.165085602520819066e+02,1.115737698496433723e+03,3.892384602081377238e+02,-9.574659241273094779e+01,1.197344475778124888e+03,4.448271880541782934e+02,1.316304583486639501e+02,1.142546718442484234e+03,3.835022967703138885e+00,1.775597324014967882e+01,8.496337089634579343e+02,1.780793670464338163e+02,2.446890746831154217e+02,9.197587161522915267e+02,1.327891197823740299e+02,-7.967650424229144335e+01,4.576702506851376029e+02,4.944036305839660486e+02,2.903176686914465066e+01,8.669556440488387352e+02,-1.423225893185647850e+00,-6.267677284236341961e+00,3.890080117654171610e-01,3.064727594480479524e+02,7.077740232794664621e+01,4.745433706368523303e+02,2.514189934013195398e+02,-3.439961084591429596e+01,1.524729747329620722e+01,4.424988387308587789e+02,-1.252029262306696609e+02,3.745148342895246287e+02
1.461215958738231109e+02,3.894830192369680333e+01,1.682508568569142881e+03,7.200632879560660626e+01,-1.314272353436090555e+02,1.403993111900873828e+03,1.850025655974863810e+02,2.185046892402061474e+02,1.394674540498561100e+03,1.743203079649711071e+02,-2.511092764773023873e+02,1.115276538128932771e+03,2.462543015986578894e+02,3.233119735778786321e+02,1.114623050154140856e+03,3.892393670747784427e+02,-9.314884392438254679e+01,1.183421817857706628e+03,4.461067613848549058e+02,1.409617700633451420e+02,1.130683505113486945e+03,2.336494313112934762e+00,2.370237596324763274e+01,8.485116747669276265e+02,1.790167776166249212e+02,2.492182832177055047e+02,9.179405520751558925e+02,1.329471550163050608e+02,-7.820439738200268209e+01,4.581790623068437753e+02,4.901626681157273993e+02,2.936820036915758791e+01,8.534358696948625038e+02,-1.844738777534311147e+00,-6.373242046601023780e+00,8.295444640843547823e-01,3.156661011592389059e+02,6.903448019955099824e+01,4.556960350546517020e+02,2.516783785983579094e+02,-3.462162688339688543e+01,1.536465829063336663e+01,4.495416180730017004e+02,-1.299206522762644056e+02,3.630345839717007834e+02
1.486668812518834102e+02,4.204933188454882753e+01,1.680373836761104030e+03,7.372719246850066099e+01,-1.292210277137551770e+02,1.401918854646565478e+03,1.857576640570605377e+02,2.205485840016348220e+02,1.393178878412074482e+03,1.709847167660303171e+02,-2.477643078385519857e+02,1.110407475148346748e+03,2.442364547834163488e+02,3.303150714412411730e+02,1.114233016978205569e+03,3.889657986136784302e+02,-9.196536384041249335e+01,1.168780585383331754e+03,4.472929835039541331e+02,1.511133422347460282e+02,1.118630567264569208e+03,6.950365442603978483e-01,2.974690679824349004e+01,8.470858581718396181e+02,1.799804356175391149e+02,2.537000826589061830e+02,9.157345614465766630e+02,1.332982350778906095e+02,-7.704389392461504826e+01,4.586699010598017594e+02,4.859433581584785315e+02,3.012826281647284787e+01,8.395250715087953495e+02,-2.175845482177120260e+00,-6.468311715447384813e+00,1.231766054307433356e+00,3.257818061737052062e+02,6.681380176143829885e+01,4.363282197342607560e+02,2.519151895631469529e+02,-3.507707737966407535e+01,1.536448242317552015e+01,4.575743468091806108e+02,-1.355013022817718706e+02,3.518439949041266459e+02
1.511381759588373370e+02,4.537924943427533009e+01,1.678021281912122504e+03,7.555669305891743193e+01,-1.268802891009863600e+02,1.399590141220195392e+03,1.864908802277161897e+02,2.228489198597718541e+02,1.391450594714396402e+03,1.681374902514034773e+02,-2.443154417818125808e+02,1.105744995176608654e+03,2.425247395073313044e+02,3.377415181805702673e+02,1.114664906732919690e+03,3.882589760442032798e+02,-9.212514264239112549e+01,1.153440855343999829e+03,4.484887504177781921e+02,1.621545793952209067e+02,1.106881816389830419e+03,-1.028154657763817204e+00,3.582189298506979469e+01,8.454950581073389912e+02,1.809474670875888194e+02,2.581663439070146637e+02,9.132532882040695768e+02,1.337514399629401396e+02,-7.592771015778602361e+01,4.590488070710049442e+02,4.817024297642787474e+02,3.114319502323861855e+01,8.252760270241867602e+02,-2.406152207978388802e+00,-6.605036508839485343e+00,1.556569675971908095e+00,3.367016883603758401e+02,6.395345719582349631e+01,4.164592938224293448e+02,2.520072935813770130e+02,-3.562980724844049973e+01,1.521268631191641596e+01,4.666037267907763066e+02,-1.422096845477229294e+02,3.408243013554076128e+02
1.534743169712644146e+02,4.902287046295498385e+01,1.675316446888326709e+03,7.743716561243213903e+01,-1.240933529843476606e+02,1.396954688215693295e+03,1.873375746045674646e+02,2.257006284862210919e+02,1.389234415928166982e+03,1.656274138988313211e+02,-2.402122863935806549e+02,1.101469726934638402e+03,2.411873636713791882e+02,3.457195711955984621e+02,1.115827541943267988e+03,3.868477184083417342e+02,-9.307673125455816887e+01,1.137400481128039473e+03,4.497013712833433488e+02,1.741375503384908541e+02,1.095819755268655172e+03,-2.735002269041640233e+00,4.185075468138846588e+01,8.439537401129863383e+02,1.819089933745956955e+02,2.626409301649438817e+02,9.106733988668765960e+02,1.341852811493496063e+02,-7.455809966440918402e+01,4.592196305559108964e+02,4.772546632709324399e+02,3.216271905828632782e+01,8.105901955771856819e+02,-2.598078850170713050e+00,-6.816479212037467761e+00,1.746008743822605958e+00,3.482074830576399336e+02,6.012879899235954895e+01,3.958896331826570645e+02,2.518397840173151963e+02,-3.611070216452877446e+01,1.492113587556812071e+01,4.765585389788456041e+02,-1.503613434836054807e+02,3.298504567680308810e+02
1.556642636231882477e+02,5.299678986418041404e+01,1.672187279910699090e+03,7.931407077126721106e+01,-1.207037301640033462e+02,1.393966311423448815e+03,1.883703758112164053e+02,2.292079911441666127e+02,1.386418397911945704e+03,1.631813542229738800e+02,-2.350965967504426999e+02,1.097574885441504421e+03,2.401899694253714586e+02,3.542610912587609846e+02,1.117519277521317917e+03,3.844642936876752515e+02,-9.399316155123821659e+01,1.120619861693382063e+03,4.508641353237013050e+02,1.870656464012655533e+02,1.085579887135381796e+03,-4.317237161094326758e+00,4.781789960651330773e+01,8.426308087644159741e+02,1.828827191992809844e+02,2.671177445066339260e+02,9.081363745135106456e+02,1.345132629784534402e+02,-7.271694149398391005e+01,4.591386086193740539e+02,4.723924598445196921e+02,3.305518788557651533e+01,7.953340120074466313e+02,-2.783013181982371798e+00,-7.071245830954875800e+00,1.742909178146191840e+00,3.600864411958245910e+02,5.501148654473799837e+01,3.744145227443668205e+02,2.513967446106023544e+02,-3.641790860404310592e+01,1.452676238038954004e+01,4.872485957950017905e+02,-1.601498752236669532e+02,3.189189984527309889e+02
1.577469194970784088e+02,5.722564141111369906e+01,1.668654406818681537e+03,8.116890028605452301e+01,-1.167815351151346732e+02,1.390581150686929732e+03,1.895759949080562023e+02,2.332219901713927186e+02,1.383072382250730925e+03,1.605391640295462423e+02,-2.290296258366927020e+02,1.093803179719624950e+03,2.393909218457878012e+02,3.632750510277971898e+02,1.119505825799403510e+03,3.809587044573572143e+02,-9.413183121586290270e+01,1.102989648276524804e+03,4.519104406762612598e+02,2.008583953586002053e+02,1.075994950813064179e+03,-5.690177360312323351e+00,5.382691030370370555e+01,8.415246446121373083e+02,1.839098720267002705e+02,2.715839825238314802e+02,9.056707099877201017e+02,1.347297611203094903e+02,-7.033334783991608674e+01,4.588498538230124950e+02,4.669973174104792406e+02,3.393730071358049827e+01,7.794715558401330782e+02,-2.888965063344002715e+00,-7.270124978518168746e+00,1.531271107568425993e+00,3.722752741401042158e+02,4.845011082948275316e+01,3.520501728382753299e+02,2.508085887017808204e+02,-3.655967538527678329e+01,1.407230214981444227e+01,4.984020759512553127e+02,-1.714578775167306333e+02,3.082343950544740778e+02
1.597954045956332152e+02,6.160502365800395097e+01,1.664810555230669024e+03,8.303444907907241657e+01,-1.125295580692269937e+02,1.386751954737364258e+03,1.908777473731180407e+02,2.374392976319955437e+02,1.379379737844549709e+03,1.575704132143692959e+02,-2.224588872101015227e+02,1.089713766186511293e+03,2.386230155862792799e+02,3.726060438989873091e+02,1.121556686303292054e+03,3.763415473205747617e+02,-9.316174109425352867e+01,1.084299194018088883e+03,4.528555919879163980e+02,2.153659631884168846e+02,1.066648906107613129e+03,-6.815772206299486768e+00,6.011352551059053440e+01,8.404210341871303172e+02,1.850326715930246451e+02,2.760892109432085704e+02,9.031792871702078855e+02,1.349113251244592959e+02,-6.748504327160227945e+01,4.584754861163403348e+02,4.610886299093077696e+02,3.517177021061845466e+01,7.630971361537466464e+02,-2.765107488414837444e+00,-7.291994622823026795e+00,1.170752149402251252e+00,3.849570083483075109e+02,4.058059679411826437e+01,3.291203400869810594e+02,2.503104822177273547e+02,-3.662636888380603040e+01,1.359611758867689346e+01,5.097723004488500465e+02,-1.837708008497054948e+02,2.981764374326498910e+02
1.618885765109322392e+02,6.611520801695482419e+01,1.660759514543945443e+03,8.498149786821728924e+01,-1.080926982867301120e+02,1.382432058875484472e+03,1.921926260874948014e+02,2.416049889727387949e+02,1.375512962963318614e+03,1.543176753728943993e+02,-2.159214522564169556e+02,1.084866631325324079e+03,2.378353318537099028e+02,3.820964531200958731e+02,1.123455983372227138e+03,3.707357098895870422e+02,-9.127464282548764629e+01,1.064251954373898798e+03,4.538377831299902141e+02,2.304612413634464474e+02,1.057040057607983044e+03,-7.708158370476239973e+00,6.699060872191701321e+01,8.389723058435450866e+02,1.862639004145653132e+02,2.808038514898515814e+02,9.004930741506972254e+02,1.351720987085088268e+02,-6.434469524975584420e+01,4.581582038985865779e+02,4.547969417375899752e+02,3.724632681056297656e+01,7.463450360348317645e+02,-2.287367575245782714e+00,-7.058140516403939024e+00,7.942019123520352997e-01,3.985445531361688154e+02,3.180401580174751430e+01,3.061506869982517856e+02,2.501261156018871361e+02,-3.672634727937163035e+01,1.312840887877515250e+01,5.212505274171397787e+02,-1.962766389069945205e+02,2.891546757516013599e+02
1.640772747854798581e+02,7.088899177376937644e+01,1.656551493200990080e+03,8.708160350667404259e+01,-1.034169781456419628e+02,1.377597070038000311e+03,1.934885596226341136e+02,2.456800505341367966e+02,1.371536320624562677e+03,1.509526893221662078e+02,-2.096875910968528842e+02,1.079039608660352997e+03,2.372018725557041137e+02,3.916630350009018571e+02,1.125026090759642557e+03,3.642770740573583339e+02,-8.902582458841044399e+01,1.042571464589148945e+03,4.550891344106549354e+02,2.461660699513891757e+02,1.046805340184827628e+03,-8.427640424398584074e+00,7.472872943427549330e+01,8.368585241992162764e+02,1.875699386486284936e+02,2.859933896764004544e+02,8.974549061829414995e+02,1.355985696337103263e+02,-6.110692713337206072e+01,4.579847009634414121e+02,4.482906516521555886e+02,4.058818415966360504e+01,7.292677049563686751e+02,-1.464004133624011272e+00,-6.575047220278579019e+00,5.581426114737622068e-01,4.135390748854516687e+02,2.262316205611061193e+01,2.836525779758903809e+02,2.503443914843351195e+02,-3.693405257325056823e+01,1.268739684978065263e+01,5.329036046722178526e+02,-2.081440338057167594e+02,2.814470804653861364e+02
1.663569577381379361e+02,7.615643305043077760e+01,1.652156266165630086e+03,8.936443988052089082e+01,-9.827056953735419143e+01,1.372277415425279742e+03,1.948059670991034977e+02,2.498582631632045548e+02,1.367395123922667381e+03,1.476801071109840393e+02,-2.036069015515913350e+02,1.072362387631566435e+03,2.371011636143479961e+02,4.013586207215606692e+02,1.126176459271837530e+03,3.570291494522704170e+02,-8.701683952719731963e+01,1.019186377682224588e+03,4.568441155266481246e+02,2.627206906622255929e+02,1.035911967786462583e+03,-9.070323911016243912e+00,8.341761153520243965e+01,8.339392599363723093e+02,1.888832109342953629e+02,2.918916621130662747e+02,8.939866546010966886e+02,1.362016068122386230e+02,-5.793006591877723821e+01,4.579349929277148021e+02,4.417038111842314265e+02,4.538564718172580825e+01,7.118065525226019190e+02,-4.613470079527881573e-01,-5.935474889439792179e+00,5.688568742016471003e-01,4.303077491115997191e+02,1.341227085386411133e+01,2.619478788666064020e+02,2.508670095216460822e+02,-3.727545090400410999e+01,1.227398252445415672e+01,5.448943015201148228e+02,-2.188536075647836014e+02,2.751344292528576716e+02
1.686591723249126460e+02,8.208117826754390478e+01,1.647493203721104919e+03,9.179183654087272259e+01,-9.241871887140638364e+01,1.366578872401291619e+03,1.962296956982740994e+02,2.544264997878588588e+02,1.362990684410187669e+03,1.446499318749987992e+02,-1.972697471158835469e+02,1.065286100034289348e+03,2.379509371818257080e+02,4.113769200116904585e+02,1.126951082250326863e+03,3.489558541527348439e+02,-8.561811105556459722e+01,9.944037907216232952e+02,4.592321027954730539e+02,2.805298576835358517e+02,1.024719140063738905e+03,-9.752715381012539098e+00,9.288376194948727971e+01,8.303115201185829619e+02,1.901408866595123754e+02,2.985469189821035343e+02,8.901088505721753563e+02,1.369140032555506252e+02,-5.490817895392846282e+01,4.578914806361341903e+02,4.351035048679252100e+02,5.149330489104621478e+01,6.938987153138367603e+02,4.687946894122508867e-01,-5.285818794017633770e+00,8.275124174815498002e-01,4.488624054749517427e+02,4.262459962938961233e+00,2.411435360189753965e+02,2.514634994701402775e+02,-3.774467136657074207e+01,1.187122420421084534e+01,5.573156645034047187e+02,-2.283880255567086976e+02,2.701604397093919943e+02
1.708696956967257279e+02,8.859556039717440967e+01,1.642498563891087770e+03,9.426271545449547773e+01,-8.582891233071333659e+01,1.360665092052003729e+03,1.978299549592165079e+02,2.595699799442082281e+02,1.358281932705313920e+03,1.419244960712603643e+02,-1.903546984238974176e+02,1.058391287439270400e+03,2.399905312380591624e+02,4.219714727908149712e+02,1.127534519321432981e+03,3.399540818815593752e+02,-8.487831628091591085e+01,9.689446143059351471e+02,4.622186604572409010e+02,2.999955393275596975e+02,1.013869905402491213e+03,-1.058633502780509161e+01,1.027263134228711579e+02,8.262462054663327535e+02,1.913266669985403041e+02,3.057566044223459585e+02,8.859080102719655088e+02,1.376359744184458975e+02,-5.207282002560626211e+01,4.577067926963857190e+02,4.285105238767813489e+02,5.847449675008754610e+01,6.756361188925723127e+02,1.110000074209366971e+00,-4.783799768268360175e+00,1.229502327424328190e+00,4.687297735942794930e+02,-4.968573156397230406e+00,2.212489933184512552e+02,2.519029750416717377e+02,-3.833243520437066110e+01,1.145553386450067990e+01,5.700278662286369808e+02,-2.371350903783079502e+02,2.664385251313423737e+02
1.728706792436846058e+02,9.536086481492576183e+01,1.637180086352195076e+03,9.664786416605113573e+01,-7.875646878426341857e+01,1.354693926769687323e+03,1.996129527458904249e+02,2.652529206381089466e+02,1.353336334641984877e+03,1.394985398923477931e+02,-1.828943415220397810e+02,1.052124901573787611e+03,2.431544055841895045e+02,4.333044422383081837e+02,1.128196563679197880e+03,3.299153050676625867e+02,-8.462967582339130956e+01,9.437744214717085924e+02,4.656373743882164717e+02,3.213166778100773513e+02,1.004062455784267058e+03,-1.164376892364608196e+01,1.124738493866767186e+02,8.220420383190098619e+02,1.924868826529893511e+02,3.131580937593163867e+02,8.814694051016815592e+02,1.383047779344503851e+02,-4.941627751791734369e+01,4.572918796074948204e+02,4.219603690415398205e+02,6.577742151451617758e+01,6.573332293758949163e+02,1.375811491825570831e+00,-4.566057289188676371e+00,1.619044958958586689e+00,4.889782235584769410e+02,-1.438502164105826964e+01,2.023303880110464661e+02,2.520830632833959726e+02,-3.905037290305973841e+01,1.101595122152273021e+01,5.825872192749277474e+02,-2.455138527981124241e+02,2.638846894843630935e+02
1.745909568204485538e+02,1.019052488385033541e+02,1.631614029640458739e+03,9.883764363722831092e+01,-7.164120168492331686e+01,1.348732413816511553e+03,2.015164695007742068e+02,2.712451233550697225e+02,1.348288862000364588e+03,1.373306534042314127e+02,-1.752691448449016036e+02,1.046597921892650902e+03,2.471266807088437645e+02,4.452969681772593162e+02,1.129191368783621101e+03,3.187799019944035308e+02,-8.468099208104558784e+01,9.197909514839883514e+02,4.692991098681865196e+02,3.443559423128711501e+02,9.958145595705587994e+02,-1.292832008330409543e+01,1.217910528818352560e+02,8.178747964173095397e+02,1.937067750060299431e+02,3.204346283251297791e+02,8.768068534980328650e+02,1.389516824376704278e+02,-4.692429143312000406e+01,4.566702869046284832e+02,4.155707755802179690e+02,7.297316787044935893e+01,6.394272796171305799e+02,1.331734222412900293e+00,-4.727873514337613159e+00,1.863728558541399183e+00,5.084046651718412591e+02,-2.368975848384474148e+01,1.845815516531200444e+02,2.520791141430879918e+02,-3.994032445348740623e+01,1.056618634572335047e+01,5.943068730939363604e+02,-2.535064854657144053e+02,2.623232024096452051e+02
1.760404910264780085e+02,1.078711959458185135e+02,1.625882548790898227e+03,1.007775077068187528e+02,-6.487546535692766270e+01,1.342700340641407138e+03,2.034532885513111466e+02,2.772659276897309724e+02,1.343236285966373543e+03,1.353466529017051414e+02,-1.679632596392849280e+02,1.041542074737681105e+03,2.515446155999981954e+02,4.575780301503342571e+02,1.130653711663203012e+03,3.065622916049474043e+02,-8.496746501795554707e+01,8.975257598537999684e+02,4.731152936651662912e+02,3.686380463427697123e+02,9.893334264984864603e+02,-1.436297353670296850e+01,1.306214335880057718e+02,8.137156119682817916e+02,1.950583759713496477e+02,3.275071649651287089e+02,8.718241815585611221e+02,1.397158986452692773e+02,-4.460363885714743049e+01,4.559634721023147108e+02,4.095743727764165101e+02,7.994495326662270429e+01,6.222750161249080065e+02,1.147326867043676923e+00,-5.304534889577066537e+00,1.902701382431035926e+00,5.258139654804141401e+02,-3.194920642635681318e+01,1.682636995494634391e+02,2.520890794533759163e+02,-4.106035438386251002e+01,1.013585266278333918e+01,6.044271062880945919e+02,-2.603597349645123700e+02,2.613350786189855626e+02
1.773089372941314537e+02,1.132216869546248859e+02,1.619996245944694692e+03,1.024723717927789153e+02,-5.859101757827745871e+01,1.336384015092448180e+03,2.053695675133254213e+02,2.831463391829083207e+02,1.338144276335981431e+03,1.334139777803783886e+02,-1.612961927694456108e+02,1.036435741515062091e+03,2.562194568060211282e+02,4.695922643074841858e+02,1.132539084628893306e+03,2.933410937693877258e+02,-8.558977436405939443e+01,8.770043422950288914e+02,4.771637037496130915e+02,3.934855404389359705e+02,9.845402476575802666e+02,-1.580623840634430621e+01,1.391773290700744212e+02,8.093522819884863111e+02,1.965500507784097124e+02,3.345829353361399967e+02,8.663312862174963129e+02,1.408072299955044571e+02,-4.248967775852648288e+01,4.553148642450810257e+02,4.042893636828918602e+02,8.693683561180205288e+01,6.059978260330819921e+02,1.013227482499550192e+00,-6.247938529903061422e+00,1.745352327230140110e+00,5.402842997537028396e+02,-3.766372424629242488e+01,1.535618739050740658e+02,2.523144799801780778e+02,-4.244780421966417094e+01,9.743643113311156512e+00,6.123343362132335415e+02,-2.646438089083399632e+02,2.601917255778191134e+02
1.785253201757450654e+02,1.182731423588775925e+02,1.613857981139296953e+03,1.039596398159531390e+02,-5.259606821649478547e+01,1.329520164305826938e+03,2.072753912433895493e+02,2.889093135636803140e+02,1.332836785253522294e+03,1.313184312529547526e+02,-1.553328217919625729e+02,1.030723015281308108e+03,2.612381252615861058e+02,4.808391458342361489e+02,1.134636887849489995e+03,2.792172257568997793e+02,-8.675866002212400474e+01,8.578069656215316172e+02,4.816642656942264580e+02,4.182484614717253066e+02,9.812169104202010885e+02,-1.708887591614763934e+01,1.477783650970324061e+02,8.044942244629163497e+02,1.981072099925521286e+02,3.420266363118240633e+02,8.601118708258925381e+02,1.424358599813895978e+02,-4.062326220823168654e+01,4.547991039536333915e+02,4.000353706135322227e+02,9.444264434652828299e+01,5.904851533008612705e+02,1.061786849594856585e+00,-7.408693128663230709e+00,1.435714631877161862e+00,5.513277957766835016e+02,-3.915085029411159212e+01,1.404553130366776941e+02,2.528509373030328788e+02,-4.407613564190624089e+01,9.371051644559035054e+00,6.177567591945752383e+02,-2.646546411425707106e+02,2.579685886726852004e+02
1.797981770679716931e+02,1.235322334106799929e+02,1.607292357286498373e+03,1.052703397807525931e+02,-4.649252498010851298e+01,1.321904875349051508e+03,2.092287945395041504e+02,2.947279851844787117e+02,1.327077893518687688e+03,1.287717855438089032e+02,-1.499958466920912485e+02,1.024016151624462282e+03,2.668949859238362592e+02,4.911251195805202769e+02,1.136656934150282950e+03,2.642506251045786030e+02,-8.870372338098297860e+01,8.392682325418229539e+02,4.868867497052184490e+02,4.425492255627471536e+02,9.791888538874407004e+02,-1.805633417006205121e+01,1.566384255059029726e+02,7.989025239377212984e+02,1.995952571127100441e+02,3.501411584503781569e+02,8.530121707701682681e+02,1.447451163171532755e+02,-3.900000999754959707e+01,4.543717973225067226e+02,3.970363432889610635e+02,1.030002972254321350e+02,5.755377655307704572e+02,1.318355243677215016e+00,-8.546016006218527750e+00,1.019748624446489060e+00,5.589103353538652073e+02,-3.505483895190980093e+01,1.286759447723236462e+02,2.536452099160510727e+02,-4.583405104895455651e+01,8.955942506016087989e+00,6.208713916417511882e+02,-2.589470526080390300e+02,2.538019956193379301e+02
1.811693267109075975e+02,1.294339378142844339e+02,1.600119959060073597e+03,1.064049686436916176e+02,-3.989500713732625314e+01,1.313467869254539210e+03,2.112905700858670457e+02,3.007963843542096924e+02,1.320693344011908039e+03,1.254541638899291200e+02,-1.452277522932467093e+02,1.016197378832450454e+03,2.735103178419557253e+02,5.006773934091890510e+02,1.138359341054344895e+03,2.484011973999284919e+02,-9.159200513650112896e+01,8.207126726678618525e+02,4.930435476163717112e+02,4.664386274955516569e+02,9.784551703191552861e+02,-1.860155895886800792e+01,1.657332986002645043e+02,7.924810841337607599e+02,2.008717121606978537e+02,3.589992380241885144e+02,8.450078112648963042e+02,1.477807369867344391e+02,-3.751784698759826142e+01,4.538886239523872064e+02,3.953633441768407124e+02,1.130005409519026500e+02,5.610327478017807152e+02,1.696870912667642450e+00,-9.380688011075088539e+00,5.406050095468956096e-01,5.633522515882305015e+02,-2.471679139231331845e+01,1.177680778478480761e+02,2.545291773568966107e+02,-4.754866589204037552e+01,8.411326488368388254e+00,6.222793794341371267e+02,-2.467283840019260879e+02,2.471447300651811361e+02
1.826073202792969425e+02,1.361309709064514095e+02,1.592231703446091842e+03,1.073398276461577439e+02,-3.262621688406171216e+01,1.304277611521675453e+03,2.134856277084106182e+02,3.071933916774569298e+02,1.313658316877023253e+03,1.210767132342383832e+02,-1.410276379382943901e+02,1.007396085911392106e+03,2.812479473786414701e+02,5.100306720177870830e+02,1.139676397098853158e+03,2.315127224199321461e+02,-9.546293444913935389e+01,8.016480773615332964e+02,5.002146682214662974e+02,4.903643769500249050e+02,9.792170906099950116e+02,-1.868047340036293846e+01,1.748197135851574444e+02,7.852926315826387054e+02,2.018393193072702729e+02,3.684195165827778737e+02,8.362170432430325491e+02,1.515067516776069851e+02,-3.596582201467629147e+01,4.531787401563757953e+02,3.949482516526206837e+02,1.245964969361336898e+02,5.469968560555118984e+02,2.039778456199245582e+00,-9.681698639112385152e+00,5.363408122778205722e-02,5.651680524668840917e+02,-8.235155041481595717e+00,1.072156400789456256e+02,2.552991707805637418e+02,-4.905033509868994912e+01,7.658516993389272720e+00,6.228455309854501820e+02,-2.279560436218857831e+02,2.378751437869540268e+02
1.840401181695731339e+02,1.434470466523150947e+02,1.583628497761866583e+03,1.080572795023309283e+02,-2.478941401547544388e+01,1.294487784126756651e+03,2.157965476920523713e+02,3.138208668464120024e+02,1.306107772491127662e+03,1.154456804857342576e+02,-1.373276533838711089e+02,9.978798477330930154e+02,2.900236179293947885e+02,5.197345959148091197e+02,1.140770764945994415e+03,2.133672074148023228e+02,-1.001650224663309814e+02,7.818851566803144806e+02,5.083220970460295689e+02,5.149269050139034789e+02,9.818088441298019688e+02,-1.831268503796857416e+01,1.835727315951549770e+02,7.775040891460153034e+02,2.024743443722322525e+02,3.780782529364176412e+02,8.268547390156976462e+02,1.558470591852465077e+02,-3.408461362299775743e+01,4.521253355575587420e+02,3.956580477679705723e+02,1.377302847847933833e+02,5.335615489970823546e+02,2.187004241687499295e+00,-9.351423573180321469e+00,-3.694858580119537717e-01,5.649115034246297000e+02,1.375551741191002364e+01,9.659179648386532335e+01,2.557934534556846415e+02,-5.024991427515269038e+01,6.656960324622010816e+00,6.234479376968592987e+02,-2.031722468929548313e+02,2.262142117348498402e+02
1.854001355059995717e+02,1.510099755220356599e+02,1.574418878475268457e+03,1.085749883979120369e+02,-1.668790432807284674e+01,1.284267508731898033e+03,2.181882948291092248e+02,3.204552660456111539e+02,1.298276549492538834e+03,1.085095016120303626e+02,-1.338407871092320249e+02,9.879337369268464499e+02,2.995277990226637712e+02,5.300532993323586197e+02,1.141993647160446699e+03,1.937949928866385392e+02,-1.053007559692749879e+02,7.615797234858241609e+02,5.171424618340116695e+02,5.405251316315629992e+02,9.865687483056174187e+02,-1.757506245013205515e+01,1.917438624600118828e+02,7.692959669690030751e+02,2.028208837214480980e+02,3.876725029668955358e+02,8.171475538609922751e+02,1.607169600733828645e+02,-3.168267509221010414e+01,4.507068160125932081e+02,3.973836559974531610e+02,1.522260936742738124e+02,5.208577606104504412e+02,2.046769312089759207e+00,-8.465913126738637828e+00,-6.676668702077929174e-01,5.630750497993988120e+02,4.040525776840028271e+01,8.569070874322318332e+01,2.559333514802123659e+02,-5.118629220899632770e+01,5.418272549131556204e+00,6.247259805000431925e+02,-1.732360978309691006e+02,2.125255907591179039e+02
1.866508911396727228e+02,1.584807251767774687e+02,1.564787235447337480e+03,1.089492998895651681e+02,-8.638393268919843493e+00,1.273755784008125374e+03,2.206411869269691124e+02,3.268864924199934308e+02,1.290410817322856019e+03,1.003715381194586627e+02,-1.300576787032322557e+02,9.777943806932086090e+02,3.093253495015371755e+02,5.408429922722755236e+02,1.143749392714074929e+03,1.727827697579576807e+02,-1.102316466374677049e+02,7.411961476708746659e+02,5.263410094225690727e+02,5.670896145822916878e+02,9.936960201580081957e+02,-1.659101920513784378e+01,1.992551286297659487e+02,7.607790981739236713e+02,2.029602310942974839e+02,3.970449505814718236e+02,8.072465174424179395e+02,1.660238953895914449e+02,-2.874297825882569057e+01,4.489833091182339331e+02,4.000896394614788392e+02,1.678797013958030107e+02,5.089289625745144576e+02,1.638918488274061280e+00,-7.244501657493541913e+00,-8.347720176282007465e-01,5.600566983461235395e+02,7.088040457295529961e+01,7.460204882536082494e+01,2.557217743993795125e+02,-5.201271797543572717e+01,4.003249528611897645e+00,6.269251805440746921e+02,-1.391031375806239510e+02,1.971320579343871202e+02
1.877860834118196465e+02,1.657448975355930259e+02,1.554947125969659510e+03,1.092481704524837909e+02,-7.801018663391047214e-01,1.263052681646038764e+03,2.231671449397871925e+02,3.330613379356263977e+02,1.282694243870811306e+03,9.125762661763160111e+01,-1.254530672628775534e+02,9.676596846542370258e+02,3.189737616735860115e+02,5.516781654033533187e+02,1.146324789826916685e+03,1.505186739460083345e+02,-1.142088048840204095e+02,7.213949217355333303e+02,5.355232425670334351e+02,5.940709959123454382e+02,1.003138483535669593e+03,-1.550937566723807315e+01,2.062065140324988590e+02,7.519534815650590645e+02,2.029731236120676670e+02,4.062268231463725670e+02,7.971757706449046736e+02,1.716481951984007424e+02,-2.544660205777077522e+01,4.470507496385897070e+02,4.037979698784938023e+02,1.845074477723699715e+02,4.977041042633255756e+02,1.090413903831882525e+00,-5.958115887439888070e+00,-9.429169065411744377e-01,5.561690319676146146e+02,1.044445517438859952e+02,6.369411313238239103e+01,2.552171665415223742e+02,-5.292226317784697898e+01,2.508060400060515338e+00,6.298998409168988246e+02,-1.016930502294756167e+02,1.802494361702655112e+02
1.888185252471545823e+02,1.729632963515755648e+02,1.545088422405970960e+03,1.095148772842680529e+02,7.013421338801521188e+00,1.252233463878429802e+03,2.258012403051431534e+02,3.391408863302401642e+02,1.275212138104279347e+03,8.144394307459543825e+01,-1.197779869272312254e+02,9.577422534472274265e+02,3.281162399500366291e+02,5.621341839146488155e+02,1.149770081065997601e+03,1.273563112901943839e+02,-1.166304286674239705e+02,7.028742163678941779e+02,5.443060807066917732e+02,6.206974603169430793e+02,1.014559404811564036e+03,-1.446580785763504373e+01,2.128291988374942036e+02,7.427262627341107191e+02,2.029106075453835842e+02,4.154075211881497012e+02,7.868435293488995512e+02,1.774341291974295416e+02,-2.208397049725304839e+01,4.450004259882716724e+02,4.085245922545565236e+02,2.019684545943354692e+02,4.870276864014848570e+02,5.809968306563910723e-01,-4.817206311578212663e+00,-1.115102941508440137e+00,5.516484916116232853e+02,1.404696951149556128e+02,5.350018378267615304e+01,2.545067118169469040e+02,-5.404795840167940213e+01,1.044584876959217423e+00,6.332628047867635814e+02,-6.178457988581832439e+01,1.620515807508839714e+02
1.897830728731149179e+02,1.804705596506106815e+02,1.535327719166873294e+03,1.097535688024793927e+02,1.506979015277359579e+01,1.241366470631508037e+03,2.285807803955905513e+02,3.454350860990987826e+02,1.267954643754657127e+03,7.117259172304697756e+01,-1.132178918158798950e+02,9.483086358150374053e+02,3.365304921222498820e+02,5.720422021898109506e+02,1.153895931928033406e+03,1.037305195537327194e+02,-1.173128140574626457e+02,6.862294176486306014e+02,5.523916924546017526e+02,6.463374419693549271e+02,1.027420693021822899e+03,-1.353233587879478783e+01,2.194293697411819721e+02,7.329820243956866079e+02,2.027818782383939435e+02,4.248659692578196427e+02,7.761136062029772802e+02,1.832130591123618615e+02,-1.889423541731803979e+01,4.429065016540896522e+02,4.142202065186735354e+02,2.201976345185259163e+02,4.767252910863386433e+02,2.615108537507507824e-01,-3.889879741351714770e+00,-1.455371203509681965e+00,5.466424347973587601e+02,1.784958578011934662e+02,4.454722582813477771e+01,2.536909992477275466e+02,-5.538881375846224842e+01,-2.849806797192765417e-01,6.366055872066932579e+02,-1.987146919188974437e+01,1.427987127030886825e+02
1.907581118902595279e+02,1.886026221400387044e+02,1.525677775892785803e+03,1.099507748240959870e+02,2.374292715764537576e+01,1.230525489230260973e+03,2.315301780479717877e+02,3.522585668213585564e+02,1.260846012049912815e+03,6.059597993181815667e+01,-1.062761560734255397e+02,9.396624168212123323e+02,3.441334460120860399e+02,5.815702362852227907e+02,1.158382649115354525e+03,8.007676938740485184e+01,-1.165925694075982477e+02,6.718943966691003880e+02,5.596077282058942046e+02,6.707307789586290028e+02,1.041172212967352380e+03,-1.267715033707674621e+01,2.263427452531589950e+02,7.226716053725280062e+02,2.025597920622069523e+02,4.348960538234530873e+02,7.649018520336167057e+02,1.888530573284274681e+02,-1.592252197697333571e+01,4.408347808644402903e+02,4.207613577389788588e+02,2.392628739115375254e+02,4.666805797209764251e+02,1.876450370752655861e-01,-3.086336248652285619e+00,-1.980754210825695028e+00,5.411893546670877413e+02,2.183626965994105547e+02,3.719322367241166205e+01,2.528773483591790523e+02,-5.679968707290758800e+01,-1.418185679947605138e+00,6.396864010687357904e+02,2.399584365617114656e+01,1.229318988835885591e+02
1.918825809574657910e+02,1.975632307479772294e+02,1.516050520385489335e+03,1.101157698570210357e+02,3.324046755542375564e+01,1.219793789850747771e+03,2.346589866942372282e+02,3.598001887639593406e+02,1.253780882726083291e+03,4.978068065641740958e+01,-9.943839050993308604e+01,9.320729631595861520e+02,3.509543997405549476e+02,5.911115989888824060e+02,1.162930930340321311e+03,5.678628316998381109e+01,-1.151419024259246982e+02,6.601748681096521523e+02,5.658916005486269114e+02,6.939432849885828318e+02,1.055465665777684990e+03,-1.176195036340456035e+01,2.338901747570940586e+02,7.118689773932785556e+02,2.021987587342123334e+02,4.457422742885344746e+02,7.532419194004968404e+02,1.943053503280189318e+02,-1.298001203779941193e+01,4.388490253457879930e+02,4.279968448726039014e+02,2.594103501250491490e+02,4.568939051212080358e+02,3.105026843552588511e-01,-2.216925551168170916e+00,-2.603293919707505122e+00,5.352268532166071964e+02,2.603052687842223349e+02,3.153027834889105563e+01,2.521728544654602899e+02,-5.805057393370278618e+01,-2.357680448623611813e+00,6.425055357605040172e+02,7.026416377192514062e+01,1.030684466938123336e+02
1.933366237675369348e+02,2.073941112418252715e+02,1.506292999627449717e+03,1.103042018277860876e+02,4.356502427871852490e+01,1.209254548655535018e+03,2.379657632504379876e+02,3.680807505252337819e+02,1.246649783292826442e+03,3.876508612323260650e+01,-9.283269297138882337e+01,9.256922954783241266e+02,3.570930506953818622e+02,6.010798639531782328e+02,1.167366038804107802e+03,3.419363774848607562e+01,-1.135647442272916408e+02,6.513140264401166633e+02,5.712363686458502343e+02,7.161004256933007355e+02,1.070268498125384895e+03,-1.058688052116595557e+01,2.423182445866490013e+02,7.007579239453211812e+02,2.016566231958018420e+02,4.575497120301441214e+02,7.412782245797953919e+02,1.996151237342661489e+02,-9.731833225340103866e+00,4.369982415283153614e+02,4.358085980431299618e+02,2.810400667083236499e+02,4.474860905934992843e+02,5.327506539202653268e-01,-1.099022284096901725e+00,-3.177580586363035309e+00,5.286431897977548715e+02,3.048752027008322898e+02,2.737658771306289651e+01,2.516716651055108684e+02,-5.892730272547143500e+01,-3.176398969582931109e+00,6.452434559793045992e+02,1.197208192842791590e+02,8.389872656319127486e+01
1.952751206774036632e+02,2.180333921418280738e+02,1.496238665526745308e+03,1.105999060699348888e+02,5.460526023861903155e+01,1.198963883878383513e+03,2.414355454617915768e+02,3.770056949869530740e+02,1.239346863575590987e+03,2.762440686705420134e+01,-8.610460805904699555e+01,9.205148100350135110e+02,3.626728185031120120e+02,6.117405049429142991e+02,1.171648886524566933e+03,1.257233576921356644e+01,-1.120213221186257755e+02,6.455083624691257000e+02,5.756390550073142549e+02,7.371241661032909178e+02,1.085789126499219947e+03,-8.962602295250135853e+00,2.517291288659503437e+02,6.895531464622454223e+02,2.009130174202762191e+02,4.703319797627747789e+02,7.291898344789423163e+02,2.048847864043158609e+02,-5.858656982594063756e+00,4.352895859269003154e+02,4.441324723054456172e+02,3.045929631171724168e+02,4.386249223260953727e+02,7.910333387325775290e-01,3.369725751308723649e-01,-3.584068834009164650e+00,5.213483929659186060e+02,3.526650236046199325e+02,2.434426421495355797e+01,2.514371941833471453e+02,-5.932612792840198779e+01,-3.993484417270144249e+00,6.481029185544896336e+02,1.731543864302616669e+02,6.603734642879317107e+01
1.977406379348221037e+02,2.293925177910557522e+02,1.485754212327344703e+03,1.110604454514248403e+02,6.631078352324576031e+01,1.188918141768574515e+03,2.450268927937677859e+02,3.864547338170693251e+02,1.231769945588717974e+03,1.648573182041195295e+01,-7.857723387950728977e+01,9.164138692263699113e+02,3.677922053909238684e+02,6.231526449472744389e+02,1.175812779622369362e+03,-7.878369280200399061e+00,-1.101464090984256785e+02,6.428439060251955652e+02,5.790777728256039154e+02,7.567041302668108074e+02,1.102236092498779954e+03,-6.769870366993091082e+00,2.620307741843085410e+02,6.784065760497840074e+02,1.999799120679086286e+02,4.839660588691366456e+02,7.170980987182700801e+02,2.102079841876743842e+02,-1.192956994645096414e+00,4.336670289661294078e+02,4.529151260210358032e+02,3.304043019667368526e+02,4.303952420401541303e+02,1.100588065064306065e+00,1.997068305589763115e+00,-3.794031092715140829e+00,5.133157842519948417e+02,4.039787028482971891e+02,2.194734978522793512e+01,2.514842012777956199e+02,-5.929829314224244285e+01,-4.929082186294920120e+00,6.511408555896682628e+02,2.310067897898213403e+02,4.989194753237525504e+01
2.006076812053116214e+02,2.413901977428741930e+02,1.474774144437750465e+03,1.116594477286516849e+02,7.882554509003668386e+01,1.179044202857016671e+03,2.486587560996460411e+02,3.963367090044024508e+02,1.223832185426556407e+03,5.471569484133966377e+00,-6.958185506686932342e+01,9.132488753133127375e+02,3.724804817140259274e+02,6.352127735200933785e+02,1.179884976958654761e+03,-2.704495244216331074e+01,-1.073370977234564663e+02,6.432048327034661952e+02,5.815159642612075004e+02,7.745603905294634615e+02,1.119548437529207376e+03,-3.977807787942912121e+00,2.729471105863466391e+02,6.673618587113459171e+02,1.989024779384350552e+02,4.982234672701368368e+02,7.050241716788090116e+02,2.156129494535975084e+02,4.248488010703642459e+00,4.320134501189698426e+02,4.620341515220226825e+02,3.586178021246413437e+02,4.226827013915311682e+02,1.525604143950784808e+00,3.658858165832249654e+00,-3.875003388422586070e+00,5.045587528073197063e+02,4.586500658490086266e+02,1.971229928703329293e+01,2.517680591559366690e+02,-5.902653113328611312e+01,-6.060709297287064423e+00,6.541737237325750129e+02,2.932099127466710229e+02,3.559259442216378488e+01
2.036024608139337317e+02,2.539405673945124988e+02,1.463324076575873050e+03,1.122650157173167713e+02,9.247900908773762296e+01,1.169236961920427802e+03,2.522155252361481814e+02,4.065839207133075774e+02,1.215492976963242882e+03,-5.391042695412111563e+00,-5.875343406252385847e+01,9.109956381571399788e+02,3.766762001809109961e+02,6.477475542538801392e+02,1.183843829607088082e+03,-4.488282374986845014e+01,-1.032175287175553251e+02,6.462417200920688174e+02,5.829216637162201096e+02,7.908171072729263642e+02,1.137263178310748117e+03,-6.232732921022340333e-01,2.841068843158463437e+02,6.563855237736846675e+02,1.977501735506994578e+02,5.128378050943567814e+02,6.929252694582930872e+02,2.210515088258769083e+02,1.034305076075095542e+01,4.301772535948640552e+02,4.712397577664993378e+02,3.892192097576320862e+02,4.151541837498439236e+02,2.102810944069914534e+00,5.076614242272100341e+00,-3.935460765163469876e+00,4.950548120452064609e+02,5.161028779387944496e+02,1.726740251034342322e+01,2.521894099577893371e+02,-5.874974519826229624e+01,-7.403279576228848136e+00,6.567953325046521513e+02,3.592680003818218211e+02,2.300084747784267591e+01
2.064027045832297063e+02,2.669478199669227365e+02,1.451529409519644560e+03,1.126749224224457606e+02,1.076277182200421549e+02,1.159436475114878704e+03,2.555804813790464891e+02,4.171246215732764995e+02,1.206790818330042384e+03,-1.622535994427291683e+01,-4.613529030149494048e+01,9.098298218504717170e+02,3.802479147854447774e+02,6.606068671624738045e+02,1.187621389531354225e+03,-6.136359344884408529e+01,-9.794726184304815320e+01,6.514448739167027043e+02,5.832961914107180519e+02,8.061859659067046096e+02,1.154601817463306816e+03,3.224276424967784660e+00,2.951875793214484816e+02,6.454472801370424122e+02,1.966021613895503322e+02,5.275916786166026213e+02,6.807777051733917233e+02,2.264452524793779560e+02,1.698797367613170195e+01,4.280083822490590251e+02,4.801643834820887378e+02,4.221614442031214480e+02,4.073714589740566794e+02,2.790404558077969277e+00,6.099168514034956523e+00,-4.046016133049974428e+00,4.846753024134635552e+02,5.755675287005115024e+02,1.440263865306416413e+01,2.526196851382480304e+02,-5.867392208715035196e+01,-8.919036936545579053e+00,6.584891031287697842e+02,4.284812748027943599e+02,1.179731754827998813e+01
2.087738579054637569e+02,2.803583126980381621e+02,1.439598783670758394e+03,1.126971782250711129e+02,1.244405851487557157e+02,1.149702029037088550e+03,2.586864587315509993e+02,4.278971444153238508e+02,1.197849258839631602e+03,-2.727346327621200928e+01,-3.207047670634202063e+01,9.101026035363918254e+02,3.830533589139367905e+02,6.737320513934661221e+02,1.191126907121000841e+03,-7.641777583908449856e+01,-9.214293679280254423e+01,6.582902692575793253e+02,5.827073592208168975e+02,8.217660448385888685e+02,1.170722629336874661e+03,7.492644667404447567e+00,3.060529510748110624e+02,6.345863960375405668e+02,1.955354046933773020e+02,5.423904387816211283e+02,6.686389536599062922e+02,2.317655814974756652e+02,2.418849310068167213e+01,4.253847724463058171e+02,4.884005519069908701e+02,4.574850136472942381e+02,3.989909918717269193e+02,3.495447883033305558e+00,6.735703178246176037e+00,-4.186558820171041084e+00,4.731853428638243599e+02,6.362746042494204630e+02,1.109422470764017277e+01,2.529448074780605680e+02,-5.890545740627705840e+01,-1.054497638143097049e+01,6.587752651939671296e+02,5.001469256965590944e+02,1.620996409100646574e+00
2.106727171682627215e+02,2.942589040857951090e+02,1.427777640468051459e+03,1.122378948094566766e+02,1.427633365791146787e+02,1.140232445034051807e+03,2.615541407869899899e+02,4.389285984582777473e+02,1.188845261450802127e+03,-3.878595720831630445e+01,-1.697254905517830892e+01,9.121948050666699146e+02,3.850014588099647881e+02,6.871895493885886026e+02,1.194264734080388507e+03,-8.991654323383808389e+01,-8.645848760693890256e+01,6.663808073811541135e+02,5.813095091971403008e+02,8.385380554352553872e+02,1.184992456173034043e+03,1.213081459853446908e+01,3.168172786265794798e+02,6.239126123787877987e+02,1.946210322042091150e+02,5.572899334764592822e+02,6.566389945893131426e+02,2.371005307035861165e+02,3.206366738605979805e+01,4.222190385867912141e+02,4.955986063493321581e+02,4.953411636143998749e+02,3.899388411325430184e+02,4.163636507606865322e+00,7.137846194331938676e+00,-4.249515932536934493e+00,4.603330576941862660e+02,6.975048790736755109e+02,7.482068568418341670e+00,2.531127432231481862e+02,-5.942496090092736694e+01,-1.221771088877802747e+01,6.573194148128903862e+02,5.736495745779349136e+02,-7.792107355664275481e+00
2.122646113151511145e+02,3.089415676194292928e+02,1.416286621470751697e+03,1.113523364447669195e+02,1.621550829711300423e+02,1.131311105918914791e+03,2.642888590063913057e+02,4.504277810313669193e+02,1.179961825292430376e+03,-5.089285111355857083e+01,-1.100621477639507129e+00,9.163055020366082317e+02,3.860725486875810475e+02,7.011629782769396115e+02,1.196943363280998483e+03,-1.016981636365833452e+02,-8.111159325194257974e+01,6.755254547639099201e+02,5.793245461442257920e+02,8.568630051403943071e+02,1.197134073160188336e+03,1.713522426654654041e+01,3.278057956533697279e+02,6.135406713180680072e+02,1.939249115918875361e+02,5.724677880969774151e+02,6.449087794398258211e+02,2.426659257566579413e+02,4.079162875128339749e+01,4.184474695063091758e+02,5.015186607217900701e+02,5.358970769496818320e+02,3.804559891900385082e+02,4.856854492783410748e+00,7.519347813809901915e+00,-4.094585481362274848e+00,4.459830292041933149e+02,7.585198847214683155e+02,3.789985255504863648e+00,2.531626324035384528e+02,-6.010138950783282041e+01,-1.388339884399129431e+01,6.539497093482247010e+02,6.484670975173775105e+02,-1.652706370624292731e+01
2.138452997784449394e+02,3.248482327300216070e+02,1.405274569986813958e+03,1.102318659852799385e+02,1.820911915032275203e+02,1.123200854612366356e+03,2.670271760389105680e+02,4.628014970896971363e+02,1.171360425152747212e+03,-6.352900556959198042e+01,1.557778291017865335e+01,9.222841928817223334e+02,3.862802659168033870e+02,7.158992415919557288e+02,1.199091807567402611e+03,-1.115956071164382593e+02,-7.567357091463571805e+01,6.857531850184545874e+02,5.769726419350947708e+02,8.763070837239423554e+02,1.207189934729335391e+03,2.257680620017087136e+01,3.394352488607805185e+02,6.035108430641533914e+02,1.935028023370572612e+02,5.881594117083672018e+02,6.335054526948354123e+02,2.487512218264109833e+02,5.055432254995325536e+01,4.140110465894077834e+02,5.060014196237852957e+02,5.791853173293507098e+02,3.709893266186899154e+02,5.747807024076304394e+00,8.070438490807555709e+00,-3.621877989298968981e+00,4.302196304482464484e+02,8.184978074221518227e+02,2.005052384319017666e-01,2.532174121640054238e+02,-6.073740945674070701e+01,-1.549551126566349168e+01,6.485869411571404726e+02,7.241585148815620414e+02,-2.449228814357733697e+01
2.157041659784863725e+02,3.423834729031448205e+02,1.394809343345010348e+03,1.091290830005763297e+02,2.022301320018209765e+02,1.116045122159234552e+03,2.698513918321243068e+02,4.765378201529337616e+02,1.163188420434275940e+03,-7.645449118105696584e+01,3.340904104578557821e+01,9.296101141644732024e+02,3.856020531349993803e+02,7.316172670842265688e+02,1.200694472901800737e+03,-1.194224482745362508e+02,-6.924539106840465763e+01,6.972910531220533130e+02,5.743736275950275285e+02,8.958962945836353811e+02,1.215352101609711099e+03,2.861241751052883231e+01,3.520722584448626549e+02,5.937634483654813948e+02,1.933874012194610543e+02,6.045946629731516850e+02,6.223983575395111529e+02,2.556299118116601505e+02,6.152307556393925125e+01,4.088392807406976885e+02,5.088842435949669607e+02,6.249915430432766925e+02,3.620031857051168345e+02,7.023791487510289144e+00,8.916680939055952493e+00,-2.822096054823769684e+00,4.133712900908463439e+02,8.765818028949465770e+02,-3.267977915884782814e+00,2.534384665626583910e+02,-6.113498229926497629e+01,-1.701330864520164354e+01,6.411535608126694115e+02,8.003546752756362821e+02,-3.149235722972309759e+01
2.179864467363384790e+02,3.616823535559380502e+02,1.384904194154171591e+03,1.082513291085340654e+02,2.226015421731725610e+02,1.109826538486761820e+03,2.727072382347495250e+02,4.919906352191386532e+02,1.155600747500602210e+03,-8.935098618284294503e+01,5.296372698773844689e+01,9.375486677573228462e+02,3.839264933093254513e+02,7.484113989697442548e+02,1.201830247368184700e+03,-1.249304536918853330e+02,-6.088235114824674810e+01,7.105214482903616044e+02,5.714674499509743555e+02,9.146264426903909452e+02,1.221773886730143204e+03,3.546279904487554546e+01,3.659225404903760932e+02,5.841983391178625880e+02,1.935776819685692658e+02,6.219574004997733709e+02,6.115319171891625274e+02,2.634825708273430109e+02,7.387239547831241282e+01,4.028441284263235502e+02,5.099370688595637944e+02,6.728379479256927880e+02,3.538320808084326927e+02,8.762246641838538963e+00,1.012892228933449523e+01,-1.775223049807027831e+00,3.959542465560601272e+02,9.320400642659822097e+02,-6.811714330240617343e+00,2.539594000850073030e+02,-6.116707454808123146e+01,-1.841122441678628263e+01,6.315383283248206681e+02,8.767158036592114740e+02,-3.733309880581876428e+01
2.206051849575938490e+02,3.824709274698243462e+02,1.375554701019904314e+03,1.076672737056913576e+02,2.436126897371981670e+02,1.104398304265541583e+03,2.753602123592808653e+02,5.091827376511228067e+02,1.148758371645298212e+03,-1.019279250437174511e+02,7.485385457250663421e+01,9.454109050218722814e+02,3.810492901325400226e+02,7.662018691948273954e+02,1.202678706954389781e+03,-1.278021923688072974e+02,-4.999348397753413309e+01,7.259008273723547973e+02,5.680011837388199183e+02,9.319230602426810037e+02,1.226461937347823323e+03,4.335567653276140732e+01,3.809775767589794100e+02,5.747848528498279848e+02,1.940444794299445732e+02,6.403655016079942470e+02,6.009182301323038473e+02,2.723649338546495073e+02,8.777465003052610371e+01,3.959250017798041767e+02,5.088856724159480791e+02,7.220528692217740172e+02,3.466516762530610549e+02,1.086565175782645554e+01,1.175036038406306993e+01,-5.951990969217761940e-01,3.785622387529385264e+02,9.844295211158412258e+02,-1.077234563828898395e+01,2.548256656317195734e+02,-6.083281036060561320e+01,-1.969659645055961050e+01,6.196342266181633249e+02,9.528230983182470482e+02,-4.192301704742581592e+01
2.232297712160089986e+02,4.041203912056474792e+02,1.366760988465955734e+03,1.072670782347835967e+02,2.658717434844716649e+02,1.099562180710090843e+03,2.774126648784765052e+02,5.277576752797998552e+02,1.142785960790389709e+03,-1.139708213231010632e+02,9.951018176382629576e+01,9.527723587559812586e+02,3.767142151540032842e+02,7.847809346049765509e+02,1.203459118117429853e+03,-1.277255475980170445e+02,-3.650116370313723735e+01,7.438190270505941726e+02,5.635927114389641019e+02,9.478349825845753003e+02,1.229265851603669716e+03,5.245731976168526955e+01,3.970238662224330142e+02,5.656426722870673984e+02,1.947530206970274094e+02,6.598606744521134715e+02,5.906839751495804194e+02,2.822190938685057517e+02,1.033498378122264256e+02,3.879788285471105382e+02,5.055258823220392514e+02,7.718770778823002274e+02,3.405466089423762810e+02,1.310752853724851974e+01,1.380542978407055443e+01,6.549731178965764178e-01,3.617335067727506157e+02,1.033629632991038079e+03,-1.547046967631388448e+01,2.559658348325788495e+02,-6.026694313288719229e+01,-2.092115298170786275e+01,6.053941787928185931e+02,1.028032187787973726e+03,-4.535254892235711566e+01
2.253496933641118574e+02,4.258930322948552885e+02,1.358530776713921796e+03,1.067954609712723055e+02,2.899295448537101834e+02,1.095145732275327646e+03,2.783844040670679760e+02,5.471376636122813579e+02,1.137712053443990044e+03,-1.253124286187860434e+02,1.270145822054457199e+02,9.595219011891322225e+02,3.706705319803006660e+02,8.039651070394736507e+02,1.204300776175473175e+03,-1.245237644673426871e+02,-2.072426810818528153e+01,7.644209275718782237e+02,5.578269704469896624e+02,9.629515902196250181e+02,1.229903538080029875e+03,6.283282265706949232e+01,4.137128591632627490e+02,5.570262645651579305e+02,1.956847200717290889e+02,6.804116528738436500e+02,5.810259194597915666e+02,2.929033781611734639e+02,1.206038816376180591e+02,3.789052320166092045e+02,4.998567092543399326e+02,8.215684831022075514e+02,3.355807180205307532e+02,1.527424106546665961e+01,1.629156470001140988e+01,2.037481480983722726e+00,3.458315590637691344e+02,1.079691142883062867e+03,-2.103849069838780039e+01,2.572122092929086534e+02,-5.968529807377695562e+01,-2.217070112557491157e+01,5.888368744080418082e+02,1.101375612213626255e+03,-4.794525704934200405e+01
2.263864161109476356e+02,4.472691736584062596e+02,1.350879051708928500e+03,1.059466311775140070e+02,3.160807922908609839e+02,1.091038842684260317e+03,2.778394904963478211e+02,5.668292371452764655e+02,1.133440119702419906e+03,-1.357696777161185082e+02,1.570786843698746225e+02,9.657067203725532636e+02,3.627169855092552098e+02,8.238064263778369423e+02,1.205086567176238759e+03,-1.182549791926006151e+02,-3.104856056642013140e+00,7.874669354114018915e+02,5.503129154254273772e+02,9.781860508723131034e+02,1.227948409765153428e+03,7.446986491766398331e+01,4.306852234873074963e+02,5.492099338152274868e+02,1.968368785724862278e+02,7.019477874527784707e+02,5.720948409142228002e+02,3.042219351937632155e+02,1.394245449463702755e+02,3.686012332705174686e+02,4.921309743314083676e+02,8.704991223345962226e+02,3.317877681236226408e+02,1.733511035189810556e+01,1.918937624800312136e+01,3.765839130921874833e+00,3.309866808131300786e+02,1.122575887394772053e+03,-2.736444910953438381e+01,2.583730567704328109e+02,-5.927982567619413601e+01,-2.353009145473708585e+01,5.699963130810393750e+02,1.171602717744984147e+03,-5.027239332249698833e+01
2.258100144111554073e+02,4.681964866890987764e+02,1.343840336573991408e+03,1.044818099246266598e+02,3.443158984502360340e+02,1.087174618577349520e+03,2.755234406499848774e+02,5.867335743647358868e+02,1.129784535565915121e+03,-1.451168322231592356e+02,1.891806536942476100e+02,9.712560134487897585e+02,3.527150894061444433e+02,8.447703703340865786e+02,1.205334528634998378e+03,-1.092068945862993701e+02,1.605792721859846495e+01,8.123221985633239228e+02,5.406607899980980392e+02,9.945703747091901050e+02,1.222762746305296560e+03,8.736823032044240733e+01,4.477261821683196672e+02,5.423422443827736288e+02,1.981956531866884177e+02,7.244254829119421402e+02,5.638814572097578548e+02,3.159545998719860336e+02,1.596726907615047537e+02,3.569519403936725439e+02,4.827642728503513467e+02,9.182449713133331670e+02,3.290862777948092912e+02,1.956337488970885374e+01,2.252229912835250047e+01,6.165577382060523526e+00,3.171405279666543606e+02,1.161956440154041729e+03,-3.419094076752183042e+01,2.593351145665238846e+02,-5.911051343252364632e+01,-2.504027614791138134e+01,5.488850844902318613e+02,1.237377707244757630e+03,-5.311272337471303473e+01
2.232193368091783157e+02,4.891484932634313623e+02,1.337491144975067300e+03,1.023170533986949948e+02,3.744133734002203937e+02,1.083465657026089730e+03,2.714610313568766173e+02,6.073179232766839277e+02,1.126560841991587949e+03,-1.531344881118295405e+02,2.227623921695326601e+02,9.757281004645170697e+02,3.405646398287803436e+02,8.677810427544540062e+02,1.204165703012777158e+03,-9.778436756645045591e+01,3.676780327181391073e+01,8.381121505710696056e+02,5.284136821354290987e+02,1.013101536902938165e+03,1.213432237244955104e+03,1.016522763079288438e+02,4.649023531548241976e+02,5.363664095495602169e+02,1.996996317785610131e+02,7.478917807693704844e+02,5.561827463915687986e+02,3.278940409621982326e+02,1.813296888909154063e+02,3.438337518728656050e+02,4.721303845569173063e+02,9.646431406729942637e+02,3.272022106715550080e+02,2.255783402991514919e+01,2.645546000698004363e+01,9.580798761710743960e+00,3.042003791760222384e+02,1.197229535570029611e+03,-4.130835101362556827e+01,2.601520577509759278e+02,-5.904705398741872813e+01,-2.667845886374032460e+01,5.255622279667267094e+02,1.297563529370712104e+03,-5.734215951203771056e+01
2.183659109793923108e+02,5.109875635371685689e+02,1.331960806039461659e+03,9.954217356023569607e+01,4.060809333696722092e+02,1.079724190018482886e+03,2.659620170371672998e+02,6.295840398086508003e+02,1.123675330021796981e+03,-1.597043249167090551e+02,2.573384821566693290e+02,9.782017456549879171e+02,3.261362750508642421e+02,8.940727017028181081e+02,1.200361581123926044e+03,-8.435910945117986159e+01,5.938531662955236357e+01,8.639920386848809812e+02,5.130230267348423467e+02,1.034578844486137996e+03,1.198778757854156083e+03,1.176358749091615579e+02,4.826194134046222644e+02,5.310651637143871540e+02,2.012199463958797878e+02,7.724873791577213069e+02,5.486784749341734368e+02,3.398813696177874704e+02,2.046064275747311854e+02,3.291444448378692869e+02,4.603468609573276922e+02,1.009770452798383872e+03,3.256833761007276848e+02,2.715575779013005686e+01,3.138135729454515754e+01,1.426265873753169977e+01,2.922510759476728026e+02,1.227777043639819112e+03,-4.871903941366485924e+01,2.610696861752903715e+02,-5.878099645444654442e+01,-2.838737980806347139e+01,5.003333534717646103e+02,1.351468399304756758e+03,-6.376097434671343223e+01
2.111286583279032527e+02,5.347242501464434099e+02,1.327403507672032219e+03,9.637020504613586525e+01,4.390444426348190063e+02,1.075602705455696423e+03,2.595004724079135485e+02,6.548721590816918479e+02,1.121141596226643969e+03,-1.648574966927726564e+02,2.924251332330192668e+02,9.773576710233786571e+02,3.091640764436402833e+02,9.248562304421338922e+02,1.192474761295755570e+03,-6.917169821734937329e+01,8.462475131147363072e+01,8.894124759795882937e+02,4.939417910980433248e+02,1.059373575254918933e+03,1.177489352667643971e+03,1.357836885223634056e+02,5.015655829788752271e+02,5.262068915525588864e+02,2.025730433770640673e+02,7.983603414734227499e+02,5.410751207737214372e+02,3.518132639992507507e+02,2.299325706521102575e+02,3.128614950347173931e+02,4.471725079737589112e+02,1.053819305574882492e+03,3.240103466668689975e+02,3.426106834246402855e+01,3.793094796614307285e+01,2.028654959199855057e+01,2.817195440061069576e+02,1.253354604094631895e+03,-5.667169175343673970e+01,2.624600588490804967e+02,-5.788350053677307017e+01,-3.015104899611236533e+01,4.739956830742362968e+02,1.398959996035210679e+03,-7.289703156354212865e+01
2.014635388459702483e+02,5.612865306351829986e+02,1.323915690205843021e+03,9.306284083307306787e+01,4.730448163594242601e+02,1.070588547101825270e+03,2.524782874282499563e+02,6.845956997729002751e+02,1.118972269734152178e+03,-1.686723131460022955e+02,3.273253323965262211e+02,9.717340570319371409e+02,2.891358644604076176e+02,9.608804649518297083e+02,1.178949356326234920e+03,-5.234113016300317156e+01,1.135069937548828989e+02,9.142666281121387328e+02,4.708276258321569685e+02,1.087169155683742247e+03,1.148333509758602304e+03,1.565653743488550731e+02,5.225587528345794226e+02,5.216979368183216366e+02,2.035614697540866871e+02,8.255276037005472745e+02,5.332249320344841408e+02,3.636020448648372962e+02,2.578130074411980104e+02,2.951164938597887044e+02,4.320888117229213776e+02,1.096905844445092725e+03,3.217271701324377204e+02,4.463192390909182450e+01,4.687856446807197841e+01,2.753669759401530470e+01,2.733759885086990948e+02,1.274396905596269789e+03,-6.554663324611335895e+01,2.646732994727810819e+02,-5.586431210144260007e+01,-3.207524826586005418e+01,4.479531072274124881e+02,1.440432249242502621e+03,-8.484109154476341530e+01
1.893570881262415071e+02,5.913581028935578843e+02,1.321405583460649950e+03,8.989996026756961101e+01,5.077839897440927643e+02,1.064069827862158490e+03,2.449428573102573523e+02,7.199808589460740222e+02,1.116950325297116706e+03,-1.709701547053542470e+02,3.609188522499068199e+02,9.601215887449111506e+02,2.652679097545589002e+02,1.002010837328694720e+03,1.158233638779197236e+03,-3.397524234896800976e+01,1.472097058534245946e+02,9.388653915475819076e+02,4.437587474754981258e+02,1.116812474161435603e+03,1.110398487047110166e+03,1.802579900806919397e+02,5.463601617644105772e+02,5.176344563870138700e+02,2.040188828393424103e+02,8.537668296889943349e+02,5.251392410769267372e+02,3.751098034824032652e+02,2.886099631930242140e+02,2.762650195403776934e+02,4.145467073325989986e+02,1.138896844872699148e+03,3.185082043172415638e+02,5.868302924123089781e+01,5.895683199368958327e+01,3.577147039890881075e+01,2.681145186684432247e+02,1.292058905345813855e+03,-7.565157178485638667e+01,2.678483775030654215e+02,-5.221052499991942142e+01,-3.440987145467543229e+01,4.240457044377824900e+02,1.476674264810587829e+03,-9.916540283935623279e+01
1.748103978049276748e+02,6.252729194026076129e+02,1.319449984603847270e+03,8.723804450892993145e+01,5.429047498676795840e+02,1.055467237518444563e+03,2.363748429108790106e+02,7.618188940575253127e+02,1.114359929054360009e+03,-1.708617052433097854e+02,3.916409731305921014e+02,9.420643390985749193e+02,2.366615959697085714e+02,1.046947549520422172e+03,1.128906033691704124e+03,-1.432523840888043942e+01,1.867469810044194674e+02,9.637511336986406150e+02,4.133302627568222078e+02,1.146422925636473337e+03,1.063287372210455487e+03,2.067796508394591513e+02,5.735264968212862868e+02,5.142077537689178826e+02,2.038308638910461354e+02,8.826009145861727347e+02,5.168863896337271626e+02,3.861159110259411591e+02,3.223423532144497017e+02,2.569241954421265177e+02,3.942756893352977841e+02,1.179341040816725354e+03,3.141488137491119801e+02,7.636287024222464481e+01,7.463599086400866156e+01,4.474667399694293124e+01,2.665739604376245779e+02,1.307944680821645989e+03,-8.702057783545714642e+01,2.717452136281419257e+02,-4.642304802232035854e+01,-3.746936644524457449e+01,4.040814512733238644e+02,1.508696030440002460e+03,-1.149520897623042828e+02
1.578717691112683497e+02,6.629293852458822585e+02,1.317200494618143466e+03,8.564037396705110439e+01,5.780676506258979543e+02,1.044408669005747015e+03,2.256652468902568103e+02,8.102007276200467913e+02,1.109817420052801708e+03,-1.663083766106932728e+02,4.177853916790214157e+02,9.184001631339326650e+02,2.026714373841764427e+02,1.093173031176330369e+03,1.089858456150602706e+03,6.091551359182047598e+00,2.325081510842463217e+02,9.893922423564381461e+02,3.805496818564207047e+02,1.173790633460831714e+03,1.007279564894809937e+03,2.356200066443782362e+02,6.043406601417395905e+02,5.115120062001479369e+02,2.029182619569986343e+02,9.113659607952132546e+02,5.084490477715561951e+02,3.963699560533749491e+02,3.585802563829485052e+02,2.379439972689488627e+02,3.715176775895117771e+02,1.217535546770458495e+03,3.085463334062716285e+02,9.715826677892125929e+01,9.393574905699971112e+01,5.433937098702455160e+01,2.687781039974281043e+02,1.323628155014756203e+03,-9.929759740780299637e+01,2.756709986682079716e+02,-3.808079127115998119e+01,-4.146390814581705797e+01,3.892525448319927364e+02,1.537529511224318412e+03,-1.309246209483189887e+02
1.387188677652740978e+02,7.037272029277381762e+02,1.313414091693727642e+03,8.599749504809344103e+01,6.131153947068728485e+02,1.030913704465424871e+03,2.113485730554421878e+02,8.642424130125790498e+02,1.101347283557111268e+03,-1.539390711537920993e+02,4.381549395123550994e+02,8.916860670302362450e+02,1.633898822554296544e+02,1.137176718613280173e+03,1.040563935726103864e+03,2.647984847480718784e+01,2.838186301507228677e+02,1.015822062087258246e+03,3.465674589997956900e+02,1.196934800421717227e+03,9.434810151042821644e+02,2.658863325192779143e+02,6.388070664556870497e+02,5.093704336561521586e+02,2.011963340138024705e+02,9.392950149034389824e+02,4.996520542819650359e+02,4.057211941560611876e+02,3.964682788670025388e+02,2.202847426873960899e+02,3.470818177297959437e+02,1.252689071342013904e+03,3.017450010210790197e+02,1.202468363249937795e+02,1.163291207533557525e+02,6.459944296160873023e+01,2.740106400965668740e+02,1.340159551035227423e+03,-1.117526376923679692e+02,2.785657170203472219e+02,-2.693178460687536813e+01,-4.631586480666334893e+01,3.797370153834317534e+02,1.564005046020411783e+03,-1.456535662338277746e+02
1.177617539545664016e+02,7.465863888627669667e+02,1.306662336614223932e+03,8.952641924740916579e+01,6.482402719823262487e+02,1.015545037269356612e+03,1.920595779638237275e+02,9.218982447291911058e+02,1.086773371671843961e+03,-1.293624021979594545e+02,4.529289120540535123e+02,8.662609337730966672e+02,1.200483274132277671e+02,1.174963766463572028e+03,9.813966010325684692e+02,4.594954373889699184e+01,3.387454470389529888e+02,1.042345944691799332e+03,3.123871762792497861e+02,1.214602652273379135e+03,8.739429437394165916e+02,2.964387831213912250e+02,6.766548778081003093e+02,5.072933285111462851e+02,1.985450306980715993e+02,9.655567448338548502e+02,4.902324454645418541e+02,4.142465875892302734e+02,4.348638648923325150e+02,2.048053845776929052e+02,3.222012055552453944e+02,1.284103623129249627e+03,2.940420371727724387e+02,1.447608669685508858e+02,1.407770125222425293e+02,7.567952821236256966e+01,2.810408207275507380e+02,1.357742430762773665e+03,-1.234376196448111358e+02,2.792699690026301482e+02,-1.296625065731997317e+01,-5.156313389767874611e+01,3.747236057263434077e+02,1.588531836527673704e+03,-1.578071386893825832e+02
9.570422197494758620e+01,7.901168305744512281e+02,1.295707396667714193e+03,9.755951513915667306e+01,6.840508366220876724e+02,9.994700502491875795e+02,1.670720757087994741e+02,9.800098324020257223e+02,1.064359533877606282e+03,-8.811152629483441956e+01,4.644544396567079616e+02,8.477049140482293978e+02,7.511722297510306134e+01,1.202797789895320420e+03,9.139006103782219270e+02,6.395550087072669498e+01,3.943281902191819199e+02,1.067530556551382915e+03,2.787173808527983851e+02,1.226529559162609530e+03,8.016444475338932989e+02,3.260661974829183123e+02,7.172951583570790035e+02,5.046138072617039256e+02,1.948297801116713686e+02,9.892488388010539211e+02,4.800335844518821773e+02,4.222840561035205269e+02,4.725480723697139069e+02,1.920192979429492652e+02,2.982607899154991173e+02,1.311297859195710771e+03,2.860595264555157087e+02,1.700667611036410563e+02,1.659063822601231948e+02,8.765678107219702042e+01,2.886138960804581757e+02,1.375678795691172127e+03,-1.334406239514754304e+02,2.769236187421750515e+02,3.585099230485190969e+00,-5.642117439897131703e+01,3.728613591420427724e+02,1.610956196611542509e+03,-1.664179934385360866e+02
7.349174803668771006e+01,8.329428733246678576e+02,1.279934908549014835e+03,1.111125369261434628e+02,7.214920251686904749e+02,9.843681342536995089e+02,1.367176175216363561e+02,1.034689334870688981e+03,1.033493105739674547e+03,-2.713854140865294085e+01,4.775740647313982663e+02,8.416361845824251304e+02,3.198762935515527062e+01,1.218040905787316206e+03,8.408665199962076713e+02,8.094948704360822944e+01,4.473203839373329629e+02,1.089699450629324019e+03,2.460332361846315337e+02,1.233411846189437938e+03,7.302206161094942445e+02,3.536570621412136575e+02,7.597302718579591101e+02,5.007532377019657588e+02,1.899910680430455727e+02,1.009400592488119287e+03,4.692206855060479143e+02,4.303339703302580688e+02,5.084606597757356212e+02,1.819129888633426901e+02,2.765072600609420874e+02,1.334028787942922463e+03,2.786666431897428424e+02,1.959417658183018034e+02,1.903117780125297713e+02,1.003283265202679928e+02,2.959383533181459711e+02,1.392573075702664482e+03,-1.411531451552478131e+02,2.713683703413347530e+02,2.234555384711326553e+01,-6.000182079846281624e+01,3.728716715251799201e+02,1.630581980310868857e+03,-1.711142271475413565e+02
5.212304389632298296e+01,8.740886404975991582e+02,1.259655966302412253e+03,1.303426604051307436e+02,7.616670911491161178e+02,9.721386359742574541e+02,1.025126140516351114e+02,1.082002066192611210e+03,9.951346482127722766e+02,5.352709592875893208e+01,4.991581239324183343e+02,8.521041672981717738e+02,-5.706674007845035312e+00,1.219862031297113163e+03,7.661055176104105158e+02,9.900531621321140108e+01,4.954025842841944041e+02,1.107954065391035101e+03,2.147757812282227121e+02,1.236665468800864346e+03,6.634254037586155164e+02,3.783390645973790924e+02,8.024847445071983429e+02,4.954934342561649601e+02,1.841792727624728343e+02,1.025045015063581104e+03,4.583856822677765308e+02,4.388759262988924092e+02,5.419136394475035559e+02,1.739117223204263780e+02,2.578305329100893459e+02,1.352222172184274768e+03,2.727190691935113023e+02,2.225683050954654618e+02,2.129167900738116543e+02,1.130872079645921531e+02,3.028769865205443352e+02,1.406717550865484782e+03,-1.464507965564846756e+02,2.633964748630721715e+02,4.293691292520691860e+01,-6.160938768094699469e+01,3.739615024168647892e+02,1.646396621933925871e+03,-1.722298403173021200e+02
3.239680067084625392e+01,9.132649637453694140e+02,1.236104700576637015e+03,1.541216690292201008e+02,8.056572911950273692e+02,9.644284940176603413e+02,6.693341645252486671e+01,1.118780161390005560e+03,9.518133025434981391e+02,1.495981048904841941e+02,5.367520061475686362e+02,8.801374702136060932e+02,-3.490616947625978383e+01,1.209554811394856870e+03,6.939153110416211803e+02,1.219940800906946947e+02,5.386461775551300661e+02,1.123325568689120928e+03,1.855265054702785505e+02,1.238081615145458045e+03,6.044767534255529426e+02,3.995792690841932426e+02,8.436647279807780251e+02,4.891160298289058233e+02,1.778685781493802551e+02,1.035382191753322331e+03,4.484576467971820648e+02,4.481952665002872891e+02,5.727351038845467883e+02,1.670146987952763311e+02,2.426523697055804689e+02,1.365874947530414374e+03,2.687127451063082617e+02,2.503531062750320473e+02,2.332887276646376620e+02,1.249468717568287417e+02,3.097224625488309471e+02,1.416560700503998078e+03,-1.497167410335520685e+02,2.547286063994645815e+02,6.509900625293779797e+01,-6.099600549783146874e+01,3.758228562700133466e+02,1.657464082805220414e+03,-1.707203227205209828e+02
1.473324282700138355e+01,9.509147190706314632e+02,1.211091312582787850e+03,1.799739609941740355e+02,8.543846738098812921e+02,9.620982240619013055e+02,3.291101308331299435e+01,1.143336342892248013e+03,9.071229295147202265e+02,2.524860899199545372e+02,5.966057570849114882e+02,9.230843943017475794e+02,-5.380523138929842020e+01,1.190298647185323716e+03,6.283623965106500009e+02,1.548722069906399668e+02,5.807537033677590443e+02,1.139279210029835667e+03,1.590136792172691003e+02,1.239452492132895259e+03,5.555128240040584160e+02,4.172392273845147770e+02,8.812161420546136696e+02,4.823302627644396239e+02,1.718693182060445963e+02,1.040000057279151406e+03,4.404408504926091723e+02,4.582987243922590892e+02,6.012957080041280733e+02,1.600548213634121737e+02,2.309165368847499735e+02,1.375008416523071446e+03,2.665337223376029101e+02,2.796683605235452887e+02,2.517848159556131691e+02,1.347091135371849759e+02,3.167079798079136026e+02,1.421150303815575398e+03,-1.516943727984135251e+02,2.477023369090993867e+02,8.873034117346109895e+01,-5.847788826398048911e+01,3.782939090573737531e+02,1.663347210583575816e+03,-1.678854762891334929e+02
-8.205174036762565848e-01,9.879709433916888202e+02,1.186454562514876898e+03,2.045099113354298481e+02,9.084616627646524876e+02,9.648264628482716034e+02,3.208286480697780441e+00,1.155871578990062062e+03,8.648886926604883456e+02,3.507126286838538931e+02,6.816795028657224975e+02,9.751234961344882777e+02,-6.218748385531388578e+01,1.166395273040135180e+03,5.725975785334820785e+02,2.019233154940542647e+02,6.293849782018720589e+02,1.160805148435805449e+03,1.359225352447218143e+02,1.242201449326391639e+03,5.173370951929121020e+02,4.315665459016821615e+02,9.133452615357869036e+02,4.760243307042472907e+02,1.671900959995227254e+02,1.039072969245224613e+03,4.351035899406973044e+02,4.689450686921562124e+02,6.283947496595842495e+02,1.520060805135980218e+02,2.221655493265349719e+02,1.379706045960788515e+03,2.654609861260134949e+02,3.106485145097612417e+02,2.694498764251655984e+02,1.412152863753232168e+02,3.235847936112368757e+02,1.420427995851876176e+03,-1.532170112540820810e+02,2.447564964703729800e+02,1.138477436054474907e+02,-5.487563291540674015e+01,3.809818595787126583e+02,1.664362320184091459e+03,-1.649982817068649013e+02
-1.441378534305689207e+01,1.025421954190839870e+03,1.163564276989774726e+03,2.242614029069000310e+02,9.679384371018202273e+02,9.710462942369630355e+02,-2.013574160185848072e+01,1.158457717801612489e+03,8.283106975845083753e+02,4.324868200454752696e+02,7.903620236877537764e+02,1.028795691013513306e+03,-6.134912990706763480e+01,1.142223179497414321e+03,5.284247354267824903e+02,2.643444542637187169e+02,6.949318773196699794e+02,1.191947614844528289e+03,1.166227867782439631e+02,1.247072229009419516e+03,4.895016511565191308e+02,4.431021375724694167e+02,9.389542161452105802e+02,4.709738672023160007e+02,1.647704831791662912e+02,1.033445889438595032e+03,4.327684250849536625e+02,4.797644173698573695e+02,6.550361282093824684e+02,1.422653667372467510e+02,2.156928569329498657e+02,1.380195104387253878e+03,2.644506392602287406e+02,3.431255849260980426e+02,2.876822360934856420e+02,1.436123450104206256e+02,3.295557729662213546e+02,1.415267237806394178e+03,-1.549103344338680017e+02,2.478542707040113271e+02,1.405022829388017840e+02,-5.130526196369164893e+01,3.831462522737480754e+02,1.661521993674320129e+03,-1.629841095741192589e+02
-2.617500139996067077e+01,1.063887947559790291e+03,1.143076651632397216e+03,2.366193298508923419e+02,1.031964405786506859e+03,9.782867257572122526e+02,-3.614967135234553552e+01,1.154589370501886378e+03,7.993767270914211167e+02,4.885957213309258691e+02,9.164992061717750857e+02,1.076893617519012423e+03,-5.367609665372609840e+01,1.121260974980947822e+03,4.962455534762100910e+02,3.381578670818122987e+02,7.876147216684249770e+02,1.232633465709733855e+03,1.010002852716384325e+02,1.253985129813363528e+03,4.706541102661453237e+02,4.525119379794816155e+02,9.579058310372964797e+02,4.676577647696056488e+02,1.651785226811495875e+02,1.024545060330173555e+03,4.332904289523804664e+02,4.904112048684866636e+02,6.821739103493520133e+02,1.308491279572126018e+02,2.107505722301148978e+02,1.376894417008981009e+03,2.625716507501646788e+02,3.766776101811870490e+02,3.077883569006148718e+02,1.415871651011708252e+02,3.336122061792317481e+02,1.407227336127908757e+03,-1.569832333420727934e+02,2.579906582378980033e+02,1.686934205273419707e+02,-4.888395807922745462e+01,3.839269201234005209e+02,1.656192618158905589e+03,-1.622599577902834085e+02
-3.610166142869069006e+01,1.103416202492018101e+03,1.124991134543549606e+03,2.405053166223357550e+02,1.098547699517545652e+03,9.838177103354937572e+02,-4.499093332125827516e+01,1.148407092942371492e+03,7.786921840979044873e+02,5.145557788366699015e+02,1.050880528499683578e+03,1.113864512889214211e+03,-4.202687809376473638e+01,1.105486124497042283e+03,4.753416873303345369e+02,4.136700417368995204e+02,9.136271367483587937e+02,1.276442456675996709e+03,8.852514324890320552e+01,1.262157504669201444e+03,4.589933488871328109e+02,4.603988360901183796e+02,9.709986184806773508e+02,4.662578873333679326e+02,1.684048765175751328e+02,1.014123629702205335e+03,4.362046473330742060e+02,5.006910513643554737e+02,7.105071603316613391e+02,1.184566148941694195e+02,2.067684475627986842e+02,1.370386540715900992e+03,2.593771390168859625e+02,4.106858268057554255e+02,3.305901622894447200e+02,1.355360529697548202e+02,3.350546723102430633e+02,1.398113131056684324e+03,-1.591978592378510200e+02,2.749077146811468424e+02,1.983031278720409603e+02,-4.842732738279050153e+01,3.827480482337083458e+02,1.649663552741487592e+03,-1.627583056182375856e+02
-4.410937213382742783e+01,1.143575615232869268e+03,1.108917465970110925e+03,2.365274447121722687e+02,1.164661851865586186e+03,9.853679803838292628e+02,-4.774299192676433279e+01,1.143777229458298279e+03,7.656965306493565322e+02,5.112821870196933105e+02,1.183692703759616052e+03,1.136190590990509236e+03,-2.910537297940528845e+01,1.095287993459181962e+03,4.643141056915894183e+02,4.772684165074289808e+02,1.071787986651729625e+03,1.310884366247305024e+03,7.853482372789657973e+01,1.270466138372954447e+03,4.526651970650062253e+02,4.671748627348021046e+02,9.796670617340694207e+02,4.668090729250322966e+02,1.738601735571306790e+02,1.003919319854954779e+03,4.409487655573319671e+02,5.106156836462576507e+02,7.403489198401385920e+02,1.063722226407082303e+02,2.035185931005601958e+02,1.361346002008077448e+03,2.550391496187482687e+02,4.443184552364123192e+02,3.562047822859826738e+02,1.266265322422447213e+02,3.338754844529738648e+02,1.389511282494653869e+03,-1.610358081556772447e+02,2.971123420647502371e+02,2.290510759730869097e+02,-5.021760669894356965e+01,3.796256876385060650e+02,1.642857053047074260e+03,-1.640813678396939963e+02
-5.016639107155957333e+01,1.183752834979868339e+03,1.094406309130089312e+03,2.266115442543323582e+02,1.226816871703525976e+03,9.816653150288459528e+02,-4.604996859002149279e+01,1.143461476788937716e+03,7.591107657185478956e+02,4.841929453764201412e+02,1.306927086078693719e+03,1.141843027513415564e+03,-1.699114208026212580e+01,1.089829602297767678e+03,4.614676011955164654e+02,5.152935990362664143e+02,1.252243550292170085e+03,1.320665760547483387e+03,7.056643258941426211e+01,1.277882040632385269e+03,4.500038669223691272e+02,4.730487960461939565e+02,9.855483331488609338e+02,4.693869465866333712e+02,1.805954558878558771e+02,9.953344803973928947e+02,4.470556171368830860e+02,5.203718579635024071e+02,7.715374197080584509e+02,9.621986306129808497e+01,2.011630918773911674e+02,1.350493564646458481e+03,2.502127309549532015e+02,4.764656671974512392e+02,3.840225864171031276e+02,1.166993836185977216e+02,3.307919852859673142e+02,1.382472962324276750e+03,-1.619833619164461425e+02,3.222365519881681735e+02,2.604654781607592895e+02,-5.391206719852224438e+01,3.751956481717290330e+02,1.636290904802079694e+03,-1.657029411434754422e+02
-5.438392856543758569e+01,1.223448547445601889e+03,1.081208591410001873e+03,2.133265785783327715e+02,1.281954354429951763e+03,9.726279666118714431e+02,-4.172943163192779537e+01,1.148605519666537020e+03,7.574237927216040589e+02,4.412963756908575306e+02,1.415697226587987871e+03,1.129456091916286596e+03,-6.929296107949533656e+00,1.087643121829876918e+03,4.650281775994501459e+02,5.185726244429961298e+02,1.438035659537866195e+03,1.292863231775103031e+03,6.454021569706982575e+01,1.283765857032485201e+03,4.496454722436914722e+02,4.781229623244946083e+02,9.901063834490760200e+02,4.742100491432461240e+02,1.876570430669369216e+02,9.892327611418909328e+02,4.542484258143712736e+02,5.302332560944724946e+02,8.033612452574190002e+02,8.962976798926729316e+01,2.001554279129087206e+02,1.338610940822245311e+03,2.457274450561768901e+02,5.057427403526542093e+02,4.128331368765133789e+02,1.079845327880821060e+02,3.269431293843557000e+02,1.377433014951892801e+03,-1.617988896029898171e+02,3.476756904914556685e+02,2.918698866874189548e+02,-5.862438253602200433e+01,3.704600963282595103e+02,1.630247000567494979e+03,-1.671562583201455539e+02
-5.697814431572231797e+01,1.262410092258675604e+03,1.069369390004931574e+03,1.992027358446939616e+02,1.328315992208441230e+03,9.591642203303549650e+02,-3.647078519267103758e+01,1.158700124477405552e+03,7.592658529724933487e+02,3.910680525638689460e+02,1.508014112014186367e+03,1.097961602638926252e+03,6.192751100717395207e-01,1.087203332013023100e+03,4.732342635263380544e+02,4.856581358999623603e+02,1.609148065890753742e+03,1.221774203096826341e+03,6.068884866804705069e+01,1.287908592741146322e+03,4.505974791793171335e+02,4.825361736858035897e+02,9.944542130061960279e+02,4.815886081158387810e+02,1.944178827237432756e+02,9.858980194081773334e+02,4.624278835418602398e+02,5.404754261818343366e+02,8.345360568369350176e+02,8.790783115799585801e+01,2.010213679919602896e+02,1.326576509010325481e+03,2.422572293913646035e+02,5.306663454483274336e+02,4.410311306318162679e+02,1.026714527185272345e+02,3.234433725050141106e+02,1.374339902890030544e+03,-1.606394612244507698e+02,3.713126436132791355e+02,3.223967497067150703e+02,-6.315290548498246892e+01,3.663958914544795675e+02,1.625000043953443083e+03,-1.681753860962046474e+02
-5.811997224419113195e+01,1.300564754007381907e+03,1.059130206384934354e+03,1.862471989413737958e+02,1.365901445790087109e+03,9.426717492616605796e+02,-3.164459042743922623e+01,1.172018319022382684e+03,7.636029726347785527e+02,3.407516145786142374e+02,1.583444474433743153e+03,1.047005586385831521e+03,5.762876066303245004e+00,1.087288015986678829e+03,4.844334006051168444e+02,4.233037229992309562e+02,1.747563769847413596e+03,1.111214927682309508e+03,5.927356323432349683e+01,1.290350002561591282e+03,4.522942493071573153e+02,4.865704972279364142e+02,9.993935055857008365e+02,4.917448358077979833e+02,2.007395438073229457e+02,9.851455774456190966e+02,4.715882493449044546e+02,5.513470404649295915e+02,8.633242836850982940e+02,9.179577674894873951e+01,2.040978214750754773e+02,1.315347805687501932e+03,2.400930048283136955e+02,5.499961164263518185e+02,4.668643028525781915e+02,1.024516624427138112e+02,3.210342564824985629e+02,1.372884839417141166e+03,-1.590012996541433949e+02,3.920654335919477944e+02,3.510458212337921964e+02,-6.627641845992569358e+01,3.636166611399124236e+02,1.620954052589620915e+03,-1.687616225527054894e+02
-5.777125100809341518e+01,1.337830149756013270e+03,1.050707939363318701e+03,1.756952935842958823e+02,1.396291220771607414e+03,9.244375636475687088e+02,-2.818523756532608004e+01,1.186356900627661162e+03,7.697740068729729046e+02,2.953621097533772968e+02,1.641648515358042232e+03,9.778546973595218788e+02,8.933027493222320814e+00,1.087061233019677729e+03,4.972834093642789526e+02,3.440106329551958879e+02,1.841436056190490717e+03,9.732494843545090362e+02,6.024176095165839229e+01,1.291104093072397291e+03,4.545893420523607347e+02,4.906601131953734694e+02,1.005566667399950575e+03,5.046075085104192226e+02,2.069056894704958438e+02,9.865278819939699133e+02,4.817217726569139131e+02,5.631031101730978889e+02,8.878539794033778207e+02,1.013792202492030157e+02,2.093335849604703185e+02,1.305856408469341659e+03,2.390825381448065912e+02,5.631132963009617924e+02,4.887147012539756474e+02,1.081873966478698605e+02,3.199820707046929442e+02,1.372711668487998850e+03,-1.575190252425498727e+02,4.100507896720707208e+02,3.767983089869757123e+02,-6.701691243122587593e+01,3.622369817181898384e+02,1.618607980574090789e+03,-1.691417588191648917e+02
-5.562698729154866584e+01,1.373918782055038491e+03,1.044091972062319883e+03,1.679306466594562437e+02,1.421891791812604424e+03,9.051847270151353086e+02,-2.651242326287709972e+01,1.199799208570033443e+03,7.774378106541755642e+02,2.574048469406019422e+02,1.681693578862989852e+03,8.941279847825246634e+02,1.070355836064230459e+01,1.085948325998389919e+03,5.110348481292531346e+02,2.618699125681856685e+02,1.886918661691933949e+03,8.240992823337335267e+02,6.300810347557730040e+01,1.289933694464053360e+03,4.576403299463017333e+02,4.952851154020653439e+02,1.013568755257324597e+03,5.196982148704577185e+02,2.133804461074814185e+02,9.895489030478792074e+02,4.927585690814204327e+02,5.760485212542404270e+02,9.065770478778185861e+02,1.161516756403112964e+02,2.162367266697587240e+02,1.298849919631596094e+03,2.387445473717394577e+02,5.702738839321838213e+02,5.053943981387548661e+02,1.198254924115319398e+02,3.202074376228101187e+02,1.373548240511900531e+03,-1.567213553566242865e+02,4.263249680718538457e+02,3.987707629667119136e+02,-6.478482609241086720e+01,3.619772349529628173e+02,1.618384458023526577e+03,-1.696126784311271933e+02
-5.123666471611262807e+01,1.408242244692569784e+03,1.038986663509207801e+03,1.625224834404955629e+02,1.444939741233391032e+03,8.849547109249639334e+02,-2.650563185836441704e+01,1.211236458173037136e+03,7.864854409646650311e+02,2.272123292543725483e+02,1.702413591247677687e+03,8.017846021859589882e+02,1.169201728713627197e+01,1.083458201120311060e+03,5.257539670855594522e+02,1.885946227755118514e+02,1.887315818855141970e+03,6.792784783600193350e+02,6.647543138221604408e+01,1.286268818259262616e+03,4.617278530197722830e+02,5.007872080330095628e+02,1.023929045680633863e+03,5.361696520831008002e+02,2.205231028793473342e+02,9.938124099447336448e+02,5.045519843736482244e+02,5.905199628049579132e+02,9.187000272305573390e+02,1.351949297377151709e+02,2.239912210417904532e+02,1.294744858182739790e+03,2.385132080871820222e+02,5.726383615421634659e+02,5.163940219544441561e+02,1.365844013515474842e+02,3.215030852013763933e+02,1.375261294563567162e+03,-1.568389276561869679e+02,4.423512420450777540e+02,4.163610873128488947e+02,-5.936165288207643442e+01,3.624203873265406060e+02,1.620440071402276089e+03,-1.703310855186215917e+02
-4.427830877346307403e+01,1.439983981617187965e+03,1.034919528569566637e+03,1.584004373083064081e+02,1.466729716494297463e+03,8.633552201047099288e+02,-2.757853036995223306e+01,1.220521079472810470e+03,7.969281632537968107e+02,2.037360834298135330e+02,1.703408212498068679e+03,7.082348363390393615e+02,1.249995851260992019e+01,1.079113129606544817e+03,5.423165087804444511e+02,1.312521200664442063e+02,1.850421539852609840e+03,5.500921969635909363e+02,6.929384932413016429e+01,1.279301638692286133e+03,4.671134164172660235e+02,5.071915389698183958e+02,1.036990835967058729e+03,5.529713462257111587e+02,2.283951611566459974e+02,9.990776487650247191e+02,5.168859596883091854e+02,6.067738730543496786e+02,9.244073626773708838e+02,1.574087644959732017e+02,2.316863819990117292e+02,1.293531684532122654e+03,2.380217783519555610e+02,5.720815443148766235e+02,5.219957612243267704e+02,1.573424796835827806e+02,3.236803115771419925e+02,1.377850705849806673e+03,-1.577210716981291796e+02,4.594459461422640061e+02,4.293314304336824421e+02,-5.072582843113349327e+01,3.632564309642173157e+02,1.624573629541575428e+03,-1.711580460978633766e+02
-3.485542160459362293e+01,1.468344136162060522e+03,1.031417899883159180e+03,1.542088004208882239e+02,1.487410632973973406e+03,8.400193939725343171e+02,-2.887867851930692353e+01,1.228290667858296729e+03,8.087494989826898291e+02,1.855263358434891074e+02,1.685971766879275037e+03,6.209010515263271373e+02,1.364262691904856517e+01,1.072566963844010161e+03,5.620851888688868030e+02,9.211085807817555349e+01,1.785565650711189392e+03,4.425733897898671785e+02,7.025167303043033940e+01,1.268245663292709651e+03,4.740068627251829412e+02,5.141336725918309867e+02,1.052792875067703108e+03,5.690655301655776839e+02,2.367313160128638856e+02,1.005248052104785188e+03,5.294777474040041625e+02,6.248219835361359173e+02,9.247910795295822481e+02,1.817195367578744936e+02,2.385508073888285594e+02,1.294749122847425724e+03,2.373037759679907026e+02,5.708570172485193552e+02,5.231967036196023173e+02,1.810867650244159961e+02,3.265785439143641042e+02,1.381380997632139497e+03,-1.588761452254929054e+02,4.784281618880412452e+02,4.378058290444660656e+02,-3.878561247141711732e+01,3.643738619501542075e+02,1.630267718111329714e+03,-1.716531099968365766e+02
-2.365230152012808418e+01,1.492871274501899279e+03,1.028128159314867617e+03,1.488001816707547107e+02,1.506377936107558526e+03,8.150299861973306861e+02,-2.957815656734626231e+01,1.235608864309797809e+03,8.217396797927020771e+02,1.715457156408604646e+02,1.653414222487097049e+03,5.457842505664117425e+02,1.545897716362732233e+01,1.063868007472740828e+03,5.863360725336449377e+02,6.995410986588326807e+01,1.701660018158477442e+03,3.585033496066453154e+02,6.864433447424245571e+01,1.252710381802225356e+03,4.826211167613248563e+02,5.209514362108552632e+02,1.071034807859481816e+03,5.836202703318343765e+02,2.450551725426064138e+02,1.012337210114704135e+03,5.419735280615740294e+02,6.443075344423289152e+02,9.215462036420592540e+02,2.072086064476838203e+02,2.440928143068354643e+02,1.297557926418363877e+03,2.367996062441328036e+02,5.712111067309368764e+02,5.214809157972190405e+02,2.072604101130076799e+02,3.299871194195620205e+02,1.385855951952013584e+03,-1.596306398147740992e+02,4.995757457065025164e+02,4.422170634115847179e+02,-2.313399421827283575e+01,3.657644782125601637e+02,1.636815126140430948e+03,-1.712412017883835347e+02
-1.185557400769098813e+01,1.513732412752930259e+03,1.024828232799698753e+03,1.416997047531055784e+02,1.522971094717990127e+03,7.891166712028784787e+02,-2.916505204595397416e+01,1.243587222694357479e+03,8.353863096297571929e+02,1.615111313751059186e+02,1.610672415372160458e+03,4.865307143091451962e+02,1.804050672213632112e+01,1.053716276123343278e+03,6.156442896477253726e+02,6.177503315943870632e+01,1.606670184203950157e+03,2.972674843622605181e+02,6.447716910362592557e+01,1.233087984011302979e+03,4.932309588421619537e+02,5.269172935675007921e+02,1.091132670797256196e+03,5.961418910240751075e+02,2.528550345716303127e+02,1.020436629361584892e+03,5.539556409084109418e+02,6.645024011892714952e+02,9.166009863898376580e+02,2.331259888337515349e+02,2.481157881636244156e+02,1.300963229282199109e+03,2.371194037752993609e+02,5.750314446181141648e+02,5.185678495679526350e+02,2.358826567674568651e+02,3.335733150851924620e+02,1.391093434585117620e+03,-1.594004805826475888e+02,5.228446755631578071e+02,4.432704012769943347e+02,-2.953777084889067428e+00,3.673288280218859541e+02,1.643462739239332450e+03,-1.695024854822631539e+02
-8.796431683619180264e-01,1.531786846592697884e+03,1.021384334923678466e+03,1.333175715369133059e+02,1.537061336775889458e+03,7.635765052581998589e+02,-2.762638757185984772e+01,1.253102501438498393e+03,8.489092907348549488e+02,1.556802530888660385e+02,1.563476159497524122e+03,4.442297798757924170e+02,2.123144236155091846e+01,1.043535971911785282e+03,6.494963839681910258e+02,6.402937497581042692e+01,1.508012200041812321e+03,2.573350971835247947e+02,5.841332491747691336e+01,1.210786836970543391e+03,5.061677006319580983e+02,5.315053434934063716e+02,1.112316080729983241e+03,6.065335883240362591e+02,2.597255046083583352e+02,1.029679600675805432e+03,5.649761845505282736e+02,6.844385458873316566e+02,9.118508891992739791e+02,2.588007672711797795e+02,2.506508714866631351e+02,1.304189991655144013e+03,2.386266264966677397e+02,5.835958117158493224e+02,5.162660857308422919e+02,2.674062369680436291e+02,3.368738878627864892e+02,1.396691830135431928e+03,-1.580403669883587838e+02,5.482013735703009161e+02,4.419625064780708499e+02,2.285056909116102730e+01,3.687288950958887881e+02,1.649538533820879593e+03,-1.664878905005624290e+02
7.975727921895881423e+00,1.548416395531786748e+03,1.017731518469368893e+03,1.247847330356871396e+02,1.549238945809937832e+03,7.399859938078195682e+02,-2.544294620568749821e+01,1.264653377017513776e+03,8.614614540371567273e+02,1.542935524066405151e+02,1.517421239003685741e+03,4.178571719885032394e+02,2.471843221234799159e+01,1.035255746404571482e+03,6.863195649135442409e+02,7.322380257064679654e+01,1.412934523370747456e+03,2.368420652175850307e+02,5.147776971580257310e+01,1.188140070821853215e+03,5.217389111675258846e+02,5.345635709356088228e+02,1.133723663857757401e+03,6.150712290166218281e+02,2.654235595634781930e+02,1.040186077956712779e+03,5.746129623480942428e+02,7.031201561048956137e+02,9.090450226118222190e+02,2.835226941459309842e+02,2.518765009020506795e+02,1.307089171693097342e+03,2.410373628110474158e+02,5.974602258617331927e+02,5.164425941673766829e+02,3.023916251672995372e+02,3.393482581409592740e+02,1.402133403096863731e+03,-1.561497310052313310e+02,5.758788641342372330e+02,4.396109807941635950e+02,5.532159480930461370e+01,3.693959082294515497e+02,1.654552841860637045e+03,-1.629261114827055508e+02
1.380784218256034812e+01,1.565167688966532978e+03,1.013897767526054167e+03,1.174821405285005369e+02,1.560573278662517168e+03,7.198124998939219950e+02,-2.338928673904529276e+01,1.278345693626410593e+03,8.724053779487495603e+02,1.570643968914765480e+02,1.477153277308180577e+03,4.050572703725861743e+02,2.817085765363605532e+01,1.030826276601511154e+03,7.239376058553851863e+02,8.610868694941974866e+01,1.328165668107455986e+03,2.334975102955443731e+02,4.464899886242345417e+01,1.167914108731677288e+03,5.401101599129877968e+02,5.363151730981142009e+02,1.154497170435837006e+03,6.222921834629479463e+02,2.698514470542021400e+02,1.051992199762807786e+03,5.825352054438095593e+02,7.197411826832393444e+02,9.097184648465050714e+02,3.065103466269838464e+02,2.520617221885398749e+02,1.310328827232098092e+03,2.432975825214116128e+02,6.164900278460004301e+02,5.209571555470245130e+02,3.411573775999016220e+02,3.404678337057981139e+02,1.406969531644473591e+03,-1.551182154919610809e+02,6.064048580454021931e+02,4.377760986979578206e+02,9.504875996430081386e+01,3.686955312703900063e+02,1.658260463308683256e+03,-1.601702715287204626e+02
1.626701963391965933e+01,1.583327579930597949e+03,1.010016210034287951e+03,1.124913288140691634e+02,1.572148448424950175e+03,7.040228956212893081e+02,-2.221777045946084428e+01,1.293967004677082059e+03,8.815125507659290633e+02,1.630481141930161755e+02,1.445699569134634658e+03,4.029228651832713695e+02,3.136162550224381462e+01,1.031632234790303301e+03,7.602754028023412047e+02,9.987319694294264139e+01,1.258750846810733947e+03,2.443776485639595251e+02,3.853658596544790527e+01,1.152514641647506778e+03,5.612029776669886587e+02,5.372070073936554309e+02,1.173909766564625215e+03,6.288166386104095409e+02,2.730209864469067043e+02,1.064995243301240635e+03,5.885734834881443476e+02,7.338542337623514413e+02,9.150104202600595045e+02,3.270498388777587593e+02,2.515204540696175286e+02,1.315145482755362309e+03,2.439147106447993849e+02,6.400050129296495243e+02,5.313649735813974075e+02,3.835625397757415271e+02,3.398307589899670234e+02,1.410971652657609638e+03,-1.567216491349346370e+02,6.403576365957844700e+02,4.379686874460983290e+02,1.418703420597734635e+02,3.661599797066010638e+02,1.660664883973977112e+03,-1.597921338276149754e+02
1.558201457439345816e+01,1.603565802326632138e+03,1.006265018514822145e+03,1.102091255433143999e+02,1.584650137614074993e+03,6.927798781155863708e+02,-2.235856721089179544e+01,1.311102163571001938e+03,8.889771936823917713e+02,1.709526305750915753e+02,1.423967291778178605e+03,4.085586962617912832e+02,3.421736833320546367e+01,1.038010934794494460e+03,7.940328752473026270e+02,1.125362603724501298e+02,1.206618599204140310e+03,2.660349885747817780e+02,3.328549363075184431e+01,1.143153607175755269e+03,5.846505725107301714e+02,5.376973473917087176e+02,1.191547445418076450e+03,6.351532164555866302e+02,2.750470301368250716e+02,1.078950892407821129e+03,5.927898258549302000e+02,7.454657076168019785e+02,9.253247404642752372e+02,3.447762253318782086e+02,2.505513225181808252e+02,1.322663452735524743e+03,2.416687690079502033e+02,6.669885711136274722e+02,5.483531982733250061e+02,4.289897727869343953e+02,3.372997234671516367e+02,1.414165266733230737e+03,-1.623134144711267766e+02,6.779527583552113583e+02,4.411682321106963514e+02,1.947929359474625812e+02,3.616761726796266885e+02,1.661965223918858555e+03,-1.629063954814300246e+02
1.248407978354091163e+01,1.625751245951313422e+03,1.002749819668223040e+03,1.102510349351896366e+02,1.598182136490005860e+03,6.853166476318024252e+02,-2.375714174976110371e+01,1.329242139333455498e+03,8.952654911719552047e+02,1.796597312649757328e+02,1.410524029046601299e+03,4.193800581652431561e+02,3.679602630995107404e+01,1.049052973251376670e+03,8.250688069788310486e+02,1.234006162677420804e+02,1.169651805657948444e+03,2.949534325892373090e+02,2.869484197592658958e+01,1.139313823609927113e+03,6.098207265630014717e+02,5.380898657944112529e+02,1.207488331403132406e+03,6.415575910294047617e+02,2.761706226415097376e+02,1.093528666902672740e+03,5.955255001082733770e+02,7.550451370110994276e+02,9.399905247613530719e+02,3.599437074127007463e+02,2.493700851874159241e+02,1.333119637820304433e+03,2.363434635353344220e+02,6.962950042298432436e+02,5.711616042774564903e+02,4.764819890574468104e+02,3.331264141694550176e+02,1.416756490193813079e+03,-1.719877235746233737e+02,7.186787102405201040e+02,4.473578851599153836e+02,2.521251369982502979e+02,3.555606620220445961e+02,1.662476824199869725e+03,-1.695268462298091379e+02
8.067397838558212797e+00,1.648998774952106714e+03,9.994216170689022647e+02,1.116145934023303283e+02,1.612323439664967964e+03,6.800538651360463973e+02,-2.590389501451795695e+01,1.347848320067070972e+03,9.009295302782976478e+02,1.885960773689376708e+02,1.401831281254509577e+03,4.331779081612866094e+02,3.922912203615361193e+01,1.062755365577599605e+03,8.543550656520984603e+02,1.332250771378568004e+02,1.141818337132631541e+03,3.280210954260844574e+02,2.441142223599607064e+01,1.138775908460834216e+03,6.358870115596433834e+02,5.384811782754580918e+02,1.222353692422949052e+03,6.480015727481866179e+02,2.767687446625201915e+02,1.108383792482336048e+03,5.973856974693354687e+02,7.634417336670063605e+02,9.571888044259055732e+02,3.734940822616624132e+02,2.480758256496971512e+02,1.345500509163376364e+03,2.290184087073668593e+02,7.267806279515325514e+02,5.974071207479527175e+02,5.249203461832757966e+02,3.279794179634102420e+02,1.419029080680223842e+03,-1.842497103592203302e+02,7.612023368808077066e+02,4.553744290966754988e+02,3.117255225944808217e+02,3.485072325582275425e+02,1.662566995698605069e+03,-1.783471319672016762e+02
