2.075869513464256784e+02,-3.476304499686755634e+01,1.668962567829366435e+03,5.507083808115528711e+01,-2.185026912422290764e+02,1.383746653876853316e+03,2.173848221081618135e+02,1.419071564605361289e+02,1.410728788842747008e+03,1.718879673848502776e+01,-3.088896855565172359e+02,1.105792592991927222e+03,3.757191083392329460e+02,2.342881613177733300e+02,1.174704161147976947e+03,2.662798986055310593e+02,-2.539824856227387500e+02,1.129610995555771069e+03,3.575387940273583922e+02,3.843856676587297017e+01,1.201241088222933286e+03,5.215247551429530404e+01,-6.645808218037591075e+01,9.846523419648775644e+02,1.520430027097375785e+02,1.368442477715355494e+02,1.089030718925493147e+03,1.006104324686545795e+02,-5.118853245370454630e+01,4.960761567327684816e+02,4.432697199942301722e+02,5.397926593293509967e+01,1.145902616166943062e+03,-9.268370423921403756e+00,1.031995281343862025e+01,-1.255658316022910670e+00,3.189506751955372579e+02,1.619350908527461286e+01,6.829316096862612540e+02,2.840117253064743181e+02,-3.420525493712155196e+01,-1.974480237923973291e+01,5.538309451026709667e+02,-8.301227352555498840e+01,7.224489973177919637e+02
2.099030100163927273e+02,-3.455922725399711481e+01,1.667866777821841652e+03,5.458549059913374890e+01,-2.170662729855776547e+02,1.381454580353829442e+03,2.208622917535116414e+02,1.422998486601903778e+02,1.411595903605549211e+03,6.611483006291015485e+00,-3.074940298545096198e+02,1.101709010654436952e+03,3.776933936564132637e+02,2.379507304373326804e+02,1.178922567452544399e+03,2.598863070433203006e+02,-2.632062878562630317e+02,1.121445092679454319e+03,3.578384420216671060e+02,3.966726796914981890e+01,1.198428736947158541e+03,4.920329212537019714e+01,-5.904047177317698214e+01,9.835286698732650166e+02,1.522486651104994451e+02,1.419531417580612640e+02,1.089538803405038152e+03,9.900827030524854422e+01,-5.029692726339688136e+01,4.976359408329079770e+02,4.405322915723026540e+02,5.781101987128114672e+01,1.145961405338236318e+03,-1.123813372468127803e+01,1.079983101808373647e+01,-1.159987080421416517e+00,3.123582610827509711e+02,1.862957817504545588e+01,6.832195734000783887e+02,2.859071255478448279e+02,-3.453220290168315643e+01,-1.987839779686363428e+01,5.432582537021557982e+02,-8.156333406395071961e+01,7.211664893356009998e+02
2.128906051452427448e+02,-3.485440427590526014e+01,1.666441371501891581e+03,5.441747557595910934e+01,-2.160600186164992351e+02,1.379203092775728692e+03,2.246939546325099570e+02,1.423878758228169090e+02,1.411916654396250124e+03,-5.516301201875831950e+00,-3.060806921988074691e+02,1.098102946097952781e+03,3.802688722664129273e+02,2.418324491526618942e+02,1.182534884131296621e+03,2.520614988369550815e+02,-2.718541558534474234e+02,1.110947103921657117e+03,3.579693624799269287e+02,4.143385436174365566e+01,1.195028128012762409e+03,4.650667982366491060e+01,-5.288041572793284217e+01,9.823340695423659099e+02,1.525503360886332871e+02,1.462269643407385615e+02,1.089520729589368784e+03,9.789787256468044063e+01,-4.910700038793744682e+01,4.986617093980818254e+02,4.383515237688345110e+02,6.053254673263665353e+01,1.145474102701129368e+03,-1.278978755235090325e+01,1.131618840709670692e+01,-9.738301724318297881e-01,3.032251290677195357e+02,2.172636300389565278e+01,6.846552974374300220e+02,2.876722926045141548e+02,-3.499236079959936774e+01,-1.990993076168759757e+01,5.302644398759706519e+02,-7.962392091901618585e+01,7.183484101229810221e+02
2.169441368526809413e+02,-3.597539703912149633e+01,1.664521509711348244e+03,5.480127074605834991e+01,-2.157446154350970176e+02,1.377077257893074830e+03,2.291073395806631652e+02,1.419735322441707126e+02,1.411231553878238856e+03,-1.997861941268240571e+01,-3.043786936670484806e+02,1.095441620884879512e+03,3.839108572098200511e+02,2.458865243491827073e+02,1.184877057302962157e+03,2.416762710948497102e+02,-2.792439282314467732e+02,1.097076535922192079e+03,3.579565150067046488e+02,4.399397160313284161e+01,1.190558567161463316e+03,4.426964977068205798e+01,-4.867774975322900133e+01,9.811102392752511605e+02,1.530424439323516879e+02,1.491624476749887265e+02,1.088593046227563946e+03,9.762888384153643528e+01,-4.749024119941370969e+01,4.987900193840760608e+02,4.371311544843179604e+02,6.145540718601727548e+01,1.143766018693082060e+03,-1.351717447555217078e+01,1.191305120735018974e+01,-7.101666479253306852e-01,2.899292449137997210e+02,2.599264956402136661e+01,6.877559961044203192e+02,2.892045162671598746e+02,-3.557190745393948816e+01,-1.980849959834786844e+01,5.133592525162604261e+02,-7.684322437108431814e+01,7.129483657447157157e+02
2.220504380476308768e+02,-3.794563180485538822e+01,1.662172284115185676e+03,5.584664437257606551e+01,-2.160777501261812290e+02,1.375224473230989588e+03,2.341342315473760607e+02,1.410473582425498762e+02,1.409261616180965575e+03,-3.642544615657154594e+01,-3.018417628111007502e+02,1.094123009363300753e+03,3.888384916910165998e+02,2.497587150448670741e+02,1.185331530537592243e+03,2.282147486377558891e+02,-2.846009204247861817e+02,1.080604319969756261e+03,3.580507164804790818e+02,4.725491366848000041e+01,1.184758143182730237e+03,4.259766078701565561e+01,-4.634930967882186081e+01,9.800126741435533404e+02,1.537983500223948283e+02,1.507531977486862047e+02,1.086606748627372781e+03,9.828709515674151476e+01,-4.555017802756663059e+01,4.979299701163914733e+02,4.370167262123639489e+02,6.056295105522224986e+01,1.140133363902345991e+03,-1.311371539766746253e+01,1.263571692024870075e+01,-5.222463580320895193e-01,2.722813099118839659e+02,3.168103451276278548e+01,6.921635804510106027e+02,2.904434116812848856e+02,-3.606514019610654032e+01,-1.964375300466423369e+01,4.924585473652816177e+02,-7.306934326635943933e+01,7.047444904565952584e+02
2.279679500136228683e+02,-4.042243532144506446e+01,1.659554407574323704e+03,5.761152225482668854e+01,-2.166417486235453680e+02,1.373778169031245625e+03,2.397255093079689630e+02,1.398349198693464928e+02,1.405896115564100455e+03,-5.353835347425918201e+01,-2.978429264877850642e+02,1.094367270599616631e+03,3.950340224731650665e+02,2.530017152949210413e+02,1.183484015545723423e+03,2.118574568850851847e+02,-2.871596829139954821e+02,1.063466894774273442e+03,3.585407551987644297e+02,5.104431981380306382e+01,1.177504950918382747e+03,4.143602163215901868e+01,-4.519027735564755943e+01,9.791747688006701082e+02,1.548280271354068702e+02,1.514829575647268882e+02,1.083616830172123855e+03,9.962783789755607700e+01,-4.351766664566403620e+01,4.962584674621365366e+02,4.378134962483119921e+02,5.854412331116011359e+01,1.133915257063730223e+03,-1.149754542710627447e+01,1.352349037257741671e+01,-6.563319713955572121e-01,2.513347682139038284e+02,3.892269674424651527e+01,6.966729346076850788e+02,2.913802598888891566e+02,-3.614246968071405774e+01,-1.955953914379415437e+01,4.686514979446769189e+02,-6.811082554844279002e+01,6.941060637689421355e+02
2.344808296019011209e+02,-4.275965393615528853e+01,1.656752447280394563e+03,6.017094805687501236e+01,-2.167461806863379365e+02,1.372770672313895602e+03,2.458774746140724972e+02,1.387543073970308285e+02,1.401170999362750308e+03,-6.960508656884400125e+01,-2.920011539071383595e+02,1.096129255036576978e+03,4.023158406785630632e+02,2.553671095583740680e+02,1.179301186832058420e+03,1.933801802496542166e+02,-2.863551690136812908e+02,1.047522611541309516e+03,3.595173441321689438e+02,5.543495245991577747e+01,1.168743434233871767e+03,4.057126190433152146e+01,-4.430841246233436692e+01,9.785662475404712950e+02,1.560532215587032283e+02,1.521078846012061376e+02,1.079785089936666964e+03,1.011392892134327042e+02,-4.160774168904833914e+01,4.941316624174024241e+02,4.390364207020450067e+02,5.651475665625586231e+01,1.124602294022693741e+03,-8.893905666481645156e+00,1.458894772087147551e+01,-1.335331523549632582e+00,2.287717531433584099e+02,4.780415440342115119e+01,6.996041759789635535e+02,2.920548632410554433e+02,-3.551374536826340034e+01,-1.969571299370925743e+01,4.435534815830835100e+02,-6.161623245237048963e+01,6.815112986803628701e+02
2.415107013118310704e+02,-4.421127513396035624e+01,1.653708348482231258e+03,6.359812163484858161e+01,-2.157164150524244803e+02,1.372105796592052457e+03,2.526402819568852181e+02,1.382649967070417460e+02,1.395277665093936548e+03,-8.319623648555536022e+01,-2.844312510183561358e+02,1.099086274124882038e+03,4.104232566523616015e+02,2.569433805696976947e+02,1.173207863505978594e+03,1.739035633852689102e+02,-2.820411689325987936e+02,1.033533524418789284e+03,3.607787070005690566e+02,6.082363926464185511e+01,1.158512894521872340e+03,3.972116087492749870e+01,-4.307095806890859535e+01,9.779748076506325560e+02,1.573263788134727008e+02,1.533057976701791461e+02,1.075282735684485715e+03,1.022439176518177391e+02,-3.995700585862979892e+01,4.919570507379729634e+02,4.401119984249939989e+02,5.551893378096013976e+01,1.111932960723878978e+03,-5.802436769002350836e+00,1.578748402037302512e+01,-2.631299491722495443e+00,2.062335845730203232e+02,5.822890860004768143e+01,6.993664982375356658e+02,2.925328341490186972e+02,-3.411388352240629018e+01,-2.009710865609423891e+01,4.186492264865325410e+02,-5.330071432150096911e+01,6.671600298602364774e+02
2.490380713562052790e+02,-4.421552020532724470e+01,1.650280595385796232e+03,6.787166875221932116e+01,-2.132279979563483039e+02,1.371602767348882708e+03,2.600106092118477363e+02,1.386572603020162546e+02,1.388564990938665687e+03,-9.364107436060491807e+01,-2.757472101565966227e+02,1.102702034641476757e+03,4.190826267433220096e+02,2.580477122360667863e+02,1.165972737990976384e+03,1.545573919850419031e+02,-2.746390349963089648e+02,1.020918736571298155e+03,3.619425542417281463e+02,6.767907481755709398e+01,1.147036889699400035e+03,3.867507356205486246e+01,-4.133954587463762209e+01,9.771322058486357491e+02,1.584827255819187428e+02,1.553512111121729333e+02,1.070239689172699400e+03,1.025490491905622719e+02,-3.865523707882466908e+01,4.900702859740775352e+02,4.406390095077076694e+02,5.606871060424879261e+01,1.095933102874276074e+03,-2.850720337780401348e+00,1.699783100873891328e+01,-4.395799235172692221e+00,1.848540871483574790e+02,6.969106213953590157e+01,6.949815562940221980e+02,2.928661915258978752e+02,-3.221253176870891366e+01,-2.066462689085893700e+01,3.948955876361269475e+02,-4.334871054908953170e+01,6.508879352079920864e+02
2.569670561009817789e+02,-4.263437060417236779e+01,1.646335470256252165e+03,7.280506149521627890e+01,-2.094786869317173625e+02,1.371061753027040822e+03,2.678304365883809055e+02,1.398905876947177660e+02,1.381464040039700421e+03,-1.011338159823402094e+02,-2.668094136969148167e+02,1.106335347721805419e+03,4.280510968134501013e+02,2.589775158224781535e+02,1.158420139428550101e+03,1.361534256473701987e+02,-2.651176307769862319e+02,1.008276183229704543e+03,3.626699865200024533e+02,7.615507297932144581e+01,1.134746952325568827e+03,3.739988939639349752e+01,-3.941516098005848079e+01,9.758891183069707722e+02,1.593892171103794340e+02,1.579865801355887243e+02,1.064748867981884132e+03,1.020090501196191468e+02,-3.778722090805376155e+01,4.886514361180950345e+02,4.405530954334946045e+02,5.798841724996889724e+01,1.076889448924078579e+03,-5.994521757357832437e-01,1.803994016252574184e+01,-6.291267380434008238e+00,1.650833593697672086e+02,8.126560048860771701e+01,6.863566649201412702e+02,2.930600039084172295e+02,-3.036514190746741093e+01,-2.118506224250299042e+01,3.726410324213525769e+02,-3.256197310649022825e+01,6.323483063971974616e+02
2.650996973743332887e+02,-3.982677795922570141e+01,1.641778126153564244e+03,7.808270943865468894e+01,-2.050826760714211616e+02,1.370295571895600688e+03,2.758121947453333860e+02,1.415848979771565439e+02,1.374323340288452528e+03,-1.064796330622114624e+02,-2.583715158513267625e+02,1.109367088597260818e+03,4.371423991629805528e+02,2.598203195549475026e+02,1.151100280708559467e+03,1.189778542832702470e+02,-2.547682091205794563e+02,9.942460083709208902e+02,3.628371979693453113e+02,8.587271587176630305e+01,1.122159169301603697e+03,3.604169973260191995e+01,-3.777078630820827954e+01,9.743105091511528144e+02,1.599622240715131625e+02,1.605760863476805298e+02,1.058903138593751919e+03,1.009068081999591726e+02,-3.740363598193778927e+01,4.877023152170785920e+02,4.400848490486660580e+02,6.064414350983629731e+01,1.055280677387513379e+03,6.216708961986817661e-01,1.873934094786500992e+01,-7.915964616311069513e+00,1.467763725529007388e+02,9.198039641271788014e+01,6.742027855722327558e+02,2.930743429105701239e+02,-2.919412503730494279e+01,-2.143077432705621632e+01,3.517856938842715522e+02,-2.198982708502701655e+01,6.112740755645156696e+02
2.732610136013107081e+02,-3.650942019189413656e+01,1.636521991816837954e+03,8.339832788605612279e+01,-2.007538763537866657e+02,1.369118677979367249e+03,2.836979586123051149e+02,1.431896089579107070e+02,1.367239998279843348e+03,-1.106366781578796008e+02,-2.508286758143910902e+02,1.111329073882339799e+03,4.462318202370390736e+02,2.604481221372640789e+02,1.144087633908453881e+03,1.027908421698786583e+02,-2.448427051013173639e+02,9.781992492021503267e+02,3.625453626649409102e+02,9.603639671143309897e+01,1.109641383020157264e+03,3.481997590902204820e+01,-3.673394461583359316e+01,9.726276665519577591e+02,1.601560351421155417e+02,1.624804620593808977e+02,1.052830534677382047e+03,9.967055095951900512e+01,-3.742764967556850308e+01,4.870865318765622192e+02,4.395255105516694130e+02,6.339536548642374214e+01,1.031692206198704525e+03,7.946519314144576684e-01,1.901465976758293408e+01,-8.966020937749405562e+00,1.294608126717340326e+02,1.013889041722163284e+02,6.596371048124477738e+02,2.928689364742765520e+02,-2.909311685099775246e+01,-2.127673785117790928e+01,3.320657614018647905e+02,-1.223103324990238150e+01,5.876453509425684842e+02
2.814611223205275223e+02,-3.346294209803433262e+01,1.630465862192280156e+03,8.860506569287730372e+01,-1.969727550670102403e+02,1.367331235412833848e+03,2.914398438197015935e+02,1.442484120615109475e+02,1.360009240277134722e+03,-1.142754550709320824e+02,-2.441713171474121395e+02,1.112009097905043973e+03,4.552333520429680789e+02,2.606623162710225188e+02,1.137008006470200371e+03,8.704577424637146521e+01,-2.361974387260862329e+02,9.604431032150394003e+02,3.619814733620747802e+02,1.057955665680996873e+02,1.097197436631250639e+03,3.388063827721553167e+01,-3.627356658670480272e+01,9.710854665082616748e+02,1.599460127832067826e+02,1.634579359787638282e+02,1.046697597152457774e+03,9.863789929468698858e+01,-3.758419054552449978e+01,4.866100553876190702e+02,4.389360787279105693e+02,6.598237392481964037e+01,1.006722671562974142e+03,1.936880926945391823e-01,1.894056961306679199e+01,-9.356509431153618550e+00,1.126572452366039983e+02,1.099255128073894809e+02,6.436458213971169471e+02,2.924622398961138856e+02,-3.001787626536357934e+01,-2.076953840719617261e+01,3.133387365484105658e+02,-2.926133447339939853e+00,5.617040283060732691e+02
2.899365701936733899e+02,-3.122045193906942373e+01,1.623527876813875309e+03,9.377386794822587035e+01,-1.938198502572499251e+02,1.364739085982120287e+03,2.992609509801942522e+02,1.446117644736011982e+02,1.352245728936153682e+03,-1.175420241949639859e+02,-2.381052900980616300e+02,1.111490747350464062e+03,4.640552552092597693e+02,2.603461023242466013e+02,1.129265066401677132e+03,7.124075064620691933e+01,-2.290794627554757881e+02,9.419524366341536279e+02,3.612433909225477464e+02,1.145965757669963949e+02,1.084394354907245997e+03,3.319708393823897552e+01,-3.597467682931817734e+01,9.697894969913585328e+02,1.593249667827585654e+02,1.638609577745427828e+02,1.040667473862598172e+03,9.789984627943464091e+01,-3.743739559065483036e+01,4.861045843931599393e+02,4.379744710484547454e+02,6.863212703183272367e+01,9.808793966700292231e+02,-7.234320668399477627e-01,1.874251643702207204e+01,-9.241914414035777625e+00,9.611060531544929120e+01,1.187187857419135923e+02,6.266491469691874272e+02,2.919586524379404295e+02,-3.149979623485755909e+01,-2.010913188629475101e+01,2.957450600828128131e+02,7.122331428704001155e+00,5.338600032634852823e+02
2.990123891456069600e+02,-2.988873511941427807e+01,1.615707148593883630e+03,9.912268807108031865e+01,-1.910380738876608291e+02,1.361212066239630303e+03,3.075408174215239683e+02,1.444719862202590264e+02,1.343605085679928152e+03,-1.201007220113444021e+02,-2.322286042283406857e+02,1.110095616991086217e+03,4.725636886126490026e+02,2.595025291415920492e+02,1.120329090386217104e+03,5.524044796326058560e+01,-2.231266522485164217e+02,9.238705387701841119e+02,3.602582675600220909e+02,1.222995640926963148e+02,1.070480087740513682e+03,3.257240229973395884e+01,-3.519696983942128554e+01,9.686492578386216792e+02,1.583087510452385800e+02,1.644983539619387614e+02,1.034825657902889134e+03,9.729666416428140963e+01,-3.654449210626823685e+01,4.854798115759638790e+02,4.359458974994081473e+02,7.185671371559870124e+01,9.544730231831797482e+02,-1.480172726588068866e+00,1.871370360308782210e+01,-8.926712358338630082e+00,7.983918966043765408e+01,1.289028828084554732e+02,6.083610765597615000e+02,2.915159772404919067e+02,-3.289167147676867842e+01,-1.955410479247636246e+01,2.796621654177567393e+02,1.919865179564299140e+01,5.045594910976245728e+02
3.088778480362648793e+02,-2.918662001143142248e+01,1.607098051587655618e+03,1.048686803307946889e+02,-1.882501033770026595e+02,1.356741847285303038e+03,3.165964454652049085e+02,1.441994915535439077e+02,1.333957167737731652e+03,-1.213999799148159440e+02,-2.261826778685016563e+02,1.108238569028609845e+03,4.805909447978230560e+02,2.581689010785331106e+02,1.109930892956911521e+03,3.940578082783094516e+01,-2.175687751093244628e+02,9.070718939049082792e+02,3.588512072607635446e+02,1.290173103361526614e+02,1.054640183470864031e+03,3.173271978184007125e+01,-3.334376284306939198e+01,9.674455803108792225e+02,1.569333662277881558e+02,1.662225509071497527e+02,1.029113444908304473e+03,9.654454009977337137e+01,-3.464890329785377787e+01,4.847319898565261838e+02,4.320505176574334314e+02,7.609597811801410217e+01,9.275486006484344443e+02,-1.748878346707497755e+00,1.908889282168696155e+01,-8.713018472995816666e+00,6.401143582236120722e+01,1.408313674048245900e+02,5.879893175672555117e+02,2.912687632914450546e+02,-3.370766017799879677e+01,-1.930449684268702626e+01,2.654731325984541854e+02,3.374721047411918562e+01,4.741616888740043123e+02
3.194445981216401833e+02,-2.866578859508584287e+01,1.597819180124894274e+03,1.111015279100258510e+02,-1.851877913706711922e+02,1.351451153302309876e+03,3.265015626059437750e+02,1.440822968389630034e+02,1.323397844671590519e+03,-1.210091056490048800e+02,-2.197537879441345297e+02,1.106256234223336151e+03,4.879953403897847579e+02,2.562981897354160878e+02,1.098078443438570503e+03,2.445703882883987390e+01,-2.115460621904938989e+02,8.919682666821133807e+02,3.569128266149893420e+02,1.348212077493978995e+02,1.036277423690666637e+03,3.045525236972518002e+01,-3.012934689958571965e+01,9.659713948078332351e+02,1.552361133851864281e+02,1.694696374856611101e+02,1.023319003725381208e+03,9.540825902583534912e+01,-3.180597553468104621e+01,4.839199501699667962e+02,4.256940179866351173e+02,8.141970814113852839e+01,8.999044997781678603e+02,-1.456045266165835628e+00,1.993453365529041932e+01,-8.763569322995323319e+00,4.875830532856921451e+01,1.536961357719825969e+02,5.646601264221330894e+02,2.912587821271710027e+02,-3.385550339656409591e+01,-1.942607493493672877e+01,2.532887537432520730e+02,4.987626424840911454e+01,4.428547588039604648e+02
3.303975898276207204e+02,-2.797464656189855958e+01,1.587899666739677969e+03,1.177522940531658122e+02,-1.818103590413947472e+02,1.345532887699456978e+03,3.370545355718972473e+02,1.441372761481082989e+02,1.312102794006298154e+03,-1.188538014230049100e+02,-2.129211634526408545e+02,1.104284525987209236e+03,4.947302815969597418e+02,2.537173095927952033e+02,1.084923769248462804e+03,1.113273153512529667e+01,-2.044222650907147454e+02,8.785605058347274507e+02,3.545442573314377341e+02,1.395371017050234173e+02,1.015189231906243208e+03,2.866895418804748275e+01,-2.572800031325071757e+01,9.641517152059597038e+02,1.532362535494571034e+02,1.740201112060659341e+02,1.017149595421245976e+03,9.383064070706235782e+01,-2.837592233365285921e+01,4.831299818851639998e+02,4.167022116321051612e+02,8.744824375834993191e+01,8.712232085351375872e+02,-7.754685814387123344e-01,2.110427728188926011e+01,-9.047412181873319525e+00,3.405039575813714237e+01,1.658213979026233460e+02,5.378624073913888424e+02,2.914222258505319587e+02,-3.363054876328964582e+01,-1.985056358272542099e+01,2.427958985509873173e+02,6.564422267958089208e+01,4.106488277815324182e+02
3.414054001147094368e+02,-2.700608066531688323e+01,1.577210242099733250e+03,1.246634171564270304e+02,-1.782661026852596535e+02,1.339140506431112499e+03,3.479001629729976912e+02,1.441234334146321316e+02,1.300133678594854018e+03,-1.152421136698657733e+02,-2.058363093756457545e+02,1.102230473993619626e+03,5.008576377065057272e+02,2.502176456389194072e+02,1.070581625452781736e+03,-1.870462516812027576e-01,-1.959742089734659771e+02,8.666009725564460950e+02,3.520738919017638864e+02,1.427965694975174529e+02,9.915600492374746864e+02,2.649206022837423191e+01,-2.072234612213153682e+01,9.620622119727134987e+02,1.509394132378085089e+02,1.791301980526141051e+02,1.010351476104842277e+03,9.196895629830594032e+01,-2.489447551553869076e+01,4.824441990014676094e+02,4.053431847171679578e+02,9.353131752006203214e+01,8.412693285317717482e+02,-9.131757658524360804e-03,2.227413653258089354e+01,-9.389507377036634850e+00,1.970309450402955775e+01,1.754963169808863483e+02,5.077141718074046253e+02,2.916428757353089622e+02,-3.349842403065314755e+01,-2.043805450653740863e+01,2.333232813674006252e+02,7.900189945334135189e+01,3.774722878292914174e+02
3.523381774801746928e+02,-2.585414876161574327e+01,1.565497056889697205e+03,1.317008213322113477e+02,-1.747388118356328732e+02,1.332286424145705951e+03,3.587104665500283431e+02,1.437592057457469252e+02,1.287331704254358783e+03,-1.106891480812275148e+02,-1.987228287426483178e+02,1.099834551984387417e+03,5.064771492093745451e+02,2.457505051817281299e+02,1.055010038057888778e+03,-9.704606715051225407e+00,-1.863910581059305116e+02,8.557153466905264168e+02,3.499299739158419129e+02,1.443564593402296907e+02,9.657743440726791277e+02,2.420347006803980960e+01,-1.584822624168281813e+01,9.598293210602596446e+02,1.483703616743609928e+02,1.839700525742468074e+02,1.002799810935122423e+03,9.013919803129398645e+01,-2.188961400012980008e+01,4.819146634899567516e+02,3.921660578430347073e+02,9.910309758736271135e+01,8.100499182312967150e+02,5.829051824640048007e-01,2.303974470146865627e+01,-9.589592304292123615e+00,5.474561154903146765e+00,1.818874606244140750e+02,4.749466333208152378e+02,2.918313952169219192e+02,-3.382158445344768438e+01,-2.105304784160908227e+01,2.240775583587902986e+02,8.887098501914191218e+01,3.433426643526257180e+02
3.633369944432340617e+02,-2.463790766155753786e+01,1.552502378943725262e+03,1.388289862150917031e+02,-1.712775504443365264e+02,1.324812464352308325e+03,3.693028270865106037e+02,1.430043075542651252e+02,1.273369130293614489e+03,-1.056556961444608049e+02,-1.917303217336517491e+02,1.096784419321351152e+03,5.116145606554259189e+02,2.406307956653005533e+02,1.038017235737148440e+03,-1.815860873056166369e+01,-1.760974738892260802e+02,8.454357843473168259e+02,3.484507586284007630e+02,1.445174457389599922e+02,9.381608442029613570e+02,2.216487047203599303e+01,-1.164114588355428737e+01,9.574766955637678620e+02,1.456068926766352831e+02,1.881156914464870340e+02,9.944985988877658656e+02,8.870611780122240475e+01,-1.972312683588583226e+01,4.815431257029729295e+02,3.777557333533046631e+02,1.040431919835313010e+02,7.778472850555720015e+02,9.108641001154165195e-01,2.304386711465324566e+01,-9.539410329884537632e+00,-8.837674499984458976e+00,1.855239651395720273e+02,4.406403939448495066e+02,2.919715696274448646e+02,-3.469821467829073214e+01,-2.160613525961753822e+01,2.144052164806916778e+02,9.576301145582058894e+01,3.085226906615787925e+02
3.746898613011226189e+02,-2.333722576186096020e+01,1.538096753023122574e+03,1.461041223481817610e+02,-1.677159874569886711e+02,1.316461578927474193e+03,3.796338017554064095e+02,1.422099162303168782e+02,1.257923948257823895e+03,-1.003529154834212136e+02,-1.848244690585418084e+02,1.092827452729399056e+03,5.161517908946372017e+02,2.356238146844391963e+02,1.019382164118957007e+03,-2.651703770970440033e+01,-1.654945575266433480e+02,8.352200321938395291e+02,3.477477100079069032e+02,1.443554654344656569e+02,9.088293905246916893e+02,2.071704241531878665e+01,-8.168378971378167819e+00,9.548311049725957673e+02,1.427765058002111971e+02,1.917942869635796512e+02,9.855068015471949820e+02,8.796926606523621217e+01,-1.850709385416466191e+01,4.812751990058432057e+02,3.625328153711034815e+02,1.088501417390580173e+02,7.451294613053252078e+02,1.073478308148633209e+00,2.209758347600519812e+01,-9.271314224695645478e+00,-2.337730557885209137e+01,1.880914882787282920e+02,4.058725981066974668e+02,2.921005678248577055e+02,-3.598598794954720148e+01,-2.204662925150604380e+01,2.039376746562700475e+02,1.016070511082419472e+02,2.735690268728869228e+02
3.866116196190887422e+02,-2.176109757465446037e+01,1.522341801737401966e+03,1.536030094257577616e+02,-1.637375594892234858e+02,1.307015272449412350e+03,3.897034583557877454e+02,1.420187197639065175e+02,1.240864362059853192e+03,-9.471343815840226910e+01,-1.777891062054002589e+02,1.087833514250205099e+03,5.198519254110217389e+02,2.318212872948762993e+02,9.990022045561867117e+02,-3.554928039389310612e+01,-1.547533191023664472e+02,8.245579788955096774e+02,3.476879953776313528e+02,1.455279565326460727e+02,8.777027775427052347e+02,2.007627354459059887e+01,-5.009004085954209096e+00,9.515721988695668188e+02,1.400034061596240633e+02,1.957248982048760126e+02,9.758742182848316133e+02,8.808286963815433523e+01,-1.810500343073639229e+01,4.810215843115107646e+02,3.466858277537247091e+02,1.145052814288902567e+02,7.124362858773733933e+02,1.265460518654450306e+00,2.025511124590049050e+01,-8.916117225637286481e+00,-3.828668489575252210e+01,1.916549904744834123e+02,3.714680013579223328e+02,2.922420431789303166e+02,-3.745696717598087133e+01,-2.233273576881057565e+01,1.925640994371530041e+02,1.088842955779935124e+02,2.392466365267242168e+02
3.990904834964787256e+02,-1.965497174624044519e+01,1.505450139819396782e+03,1.613496153087232301e+02,-1.590535992113118766e+02,1.296411050321896937e+03,3.994626596880469265e+02,1.430627355495907409e+02,1.222327550264917136e+03,-8.852458817872211227e+01,-1.703403428679755507e+02,1.081784409308522754e+03,5.224563166396018232e+02,2.303077041234998035e+02,9.769631372641465532e+02,-4.548911422865515419e+01,-1.437688895336807207e+02,8.131781330206840721e+02,3.479767118344476557e+02,1.496517333702657879e+02,8.447077473015179976e+02,2.025978078935652249e+01,-1.504227208965538853e+00,9.474127430536556176e+02,1.373364433493417778e+02,2.006550363249658062e+02,9.656606541829347634e+02,8.902287009536227913e+01,-1.819711698815334344e+01,4.807042310313780717e+02,3.302396452942253404e+02,1.220607407234782329e+02,6.803374730564589754e+02,1.641711331743905378e+00,1.780854380915466351e+01,-8.607022253167524894e+00,-5.376810767080538511e+01,1.977342753302411893e+02,3.379594869358849110e+02,2.923479540874038207e+02,-3.895868128346371151e+01,-2.242286014943831063e+01,1.802849095353111863e+02,1.195197121388039108e+02,2.063607108790764926e+02
4.119064230499078576e+02,-1.684316216829893520e+01,1.487674433685345548e+03,1.692964201472200898e+02,-1.535842205718857088e+02,1.284763528149450849e+03,4.087949588152271758e+02,1.456465219091566325e+02,1.202652178339814782e+03,-8.162899226046320678e+01,-1.622665623316979406e+02,1.074709757062647896e+03,5.237783220205971020e+02,2.317445660853447578e+02,9.534876386007565543e+02,-5.596307846722241663e+01,-1.322935455395387123e+02,8.012470860986990147e+02,3.482643808611706504e+02,1.575469622440155320e+02,8.099748409438091130e+02,2.106800705128918239e+01,2.874955805000475983e+00,9.422963069336374247e+02,1.347113174181538113e+02,2.068970334233825099e+02,9.550272104495095391e+02,9.059720026820413352e+01,-1.837856831777186528e+01,4.803020175999164394e+02,3.131930777313542080e+02,1.321488580745482295e+02,6.494624862934142584e+02,2.228617132883469854e+00,1.519579963208088813e+01,-8.397460452257156760e+00,-7.006404128045022617e+01,2.067131020555758028e+02,3.057124278266097122e+02,2.922986955216385354e+02,-4.047680619103902444e+01,-2.230769666277582886e+01,1.670659015646353680e+02,1.340801663319039108e+02,1.755893966782064126e+02
4.247940933472148686e+02,-1.328337274153722269e+01,1.469198869452501413e+03,1.773696806697687975e+02,-1.475214951732030499e+02,1.272280749568413967e+03,4.175721059661064487e+02,1.496171969519759557e+02,1.182222931643959782e+03,-7.407404329891433292e+01,-1.534925100486284180e+02,1.066624957092510385e+03,5.237315410864719070e+02,2.360844666400962524e+02,9.288161646700059464e+02,-6.622127313529639991e+01,-1.201599321411182046e+02,7.894101198465954212e+02,3.482149815243355988e+02,1.687896718520949548e+02,7.738932550450005010e+02,2.214003416277045844e+01,8.274300069167717098e+00,9.364753099952337152e+02,1.319813039126684941e+02,2.141663454063289294e+02,9.443048979932744942e+02,9.249425677260266809e+01,-1.826287117381364666e+01,4.798628683399603574e+02,2.956375588540070680e+02,1.446761868668600073e+02,6.205062578182198649e+02,2.933068277021867232e+00,1.285496399068937912e+01,-8.241507378857782840e+00,-8.733135371772010558e+01,2.178519097276668504e+02,2.750640941200887255e+02,2.919664756907905598e+02,-4.207907027170591618e+01,-2.205625198738113824e+01,1.528057632297968382e+02,1.516455797604344014e+02,1.473757933303164691e+02
4.376190383844765392e+02,-8.992865928203162440e+00,1.450097553066541877e+03,1.855374201231973927e+02,-1.412251476653523525e+02,1.259141508668752977e+03,4.257220606000253724e+02,1.545011882260200764e+02,1.161336359208659360e+03,-6.613792401017083478e+01,-1.440397432959176456e+02,1.057524811517722810e+03,5.222905523696317687e+02,2.425966118499780180e+02,9.031263862227193613e+02,-7.554588491843519193e+01,-1.074505673313128113e+02,7.785932045141773870e+02,3.475236998044400707e+02,1.818829748129579968e+02,7.369783294921027164e+02,2.307450603892569418e+01,1.446378132555364360e+01,9.304065977842275288e+02,1.290030101571002490e+02,2.218111622593530115e+02,9.339426716061732350e+02,9.436820793162651455e+01,-1.757101062467245356e+01,4.794691268008575094e+02,2.777982604710380770e+02,1.588779149305769351e+02,5.941175441346979369e+02,3.625746850610408689e+00,1.108603838449632484e+01,-8.035961708488049027e+00,-1.054740658837898621e+02,2.298338929832754047e+02,2.463484886068426363e+02,2.912980673669960652e+02,-4.380132721926704420e+01,-2.182364313942616718e+01,1.374509777027057282e+02,1.703708004370967615e+02,1.218927598382038013e+02
4.504364967269242470e+02,-3.917230362947526690e+00,1.430372353607056311e+03,1.938448911622182038e+02,-1.350083171541588456e+02,1.245421294600926785e+03,4.332466273366669043e+02,1.598154629898656367e+02,1.140166190996528258e+03,-5.823616887158359390e+01,-1.339507950314490188e+02,1.047442701913174687e+03,5.194312228965159193e+02,2.502336024548126261e+02,8.765615172041418646e+02,-8.361854201984151302e+01,-9.450500780989361260e+01,7.696323875406233128e+02,3.459193078669179044e+02,1.950134040595029035e+02,6.996555907062610231e+02,2.357821668031743556e+01,2.106711446487540229e+01,9.245230231227557169e+02,1.257236339017607065e+02,2.292535756482697025e+02,9.243257003974171084e+02,9.595053149934101100e+01,-1.618824331200557864e+01,4.791773690729338000e+02,2.599917635053964773e+02,1.737078349693320831e+02,5.706823005476051094e+02,4.224366693259625549e+00,9.976413305818349286e+00,-7.684667961219116883e+00,-1.240509389173703596e+02,2.415083984024464598e+02,2.197926789027405619e+02,2.903571406378920869e+02,-4.556178143366769717e+01,-2.179295062006249140e+01,1.211842374238647437e+02,1.884266006327625007e+02,9.906321480996032847e+01
4.633995059236422094e+02,2.140492148564308472e+00,1.410023787141155935e+03,2.023924650851396621e+02,-1.289418666505558235e+02,1.231108672862773119e+03,4.401760295064352135e+02,1.653547540386832964e+02,1.118821994621828480e+03,-5.077048729811578909e+01,-1.232681032640090422e+02,1.036531142421657250e+03,5.150975510895833622e+02,2.581735808380310573e+02,8.493453891919826901e+02,-9.065209988711774258e+01,-8.175915912798139118e+01,7.629176718253961553e+02,3.431850424653642335e+02,2.070169103094060006e+02,6.621343350496974836e+02,2.358207254821720511e+01,2.782960745516301060e+01,9.190222319315290633e+02,1.222142572874532220e+02,2.363331295181410212e+02,9.155673207055905323e+02,9.715424765696117504e+01,-1.417025624841907572e+01,4.789757240799293641e+02,2.425391043390162054e+02,1.883444706450533204e+02,5.501297054792486279e+02,4.715480459465572594e+00,9.412194999489223335e+00,-7.142293907800991271e+00,-1.423429240700095590e+02,2.524411439053546076e+02,1.953823635492658184e+02,2.892955195789673439e+02,-4.715442307818803869e+01,-2.207954016099732186e+01,1.045475356537205727e+02,2.048521827576446412e+02,7.860936878886344914e+01
4.765978973858005361e+02,9.465747296999811766e+00,1.389085422695502757e+03,2.112774256974744560e+02,-1.227930000334748541e+02,1.216178986516694067e+03,4.465034778701734695e+02,1.712835411870138671e+02,1.097423740607639047e+03,-4.399572088964602301e+01,-1.120886021436556774e+02,1.025095705829063490e+03,5.092067557973549015e+02,2.662498491087136472e+02,8.218859998868299499e+02,-9.722567617796633499e+01,-6.951633419763629718e+01,7.582465318840287409e+02,3.391931273774767419e+02,2.180432877008107369e+02,6.244756098110086668e+02,2.326787421978001547e+01,3.474075093899022448e+01,9.138006765914166181e+02,1.186310157213532506e+02,2.433389637320207441e+02,9.074220248770817534e+02,9.812186383221155950e+01,-1.168854130285194337e+01,4.787922828289748054e+02,2.256895446970218870e+02,2.025345202641881031e+02,5.319096259877657076e+02,5.115303324331713419e+00,9.158154720908092017e+00,-6.418950258603372205e+00,-1.595669429636849372e+02,2.630401626836280684e+02,1.728185933482997143e+02,2.882746822494510752e+02,-4.831493847933595021e+01,-2.266394871679423062e+01,8.839059004763228700e+01,2.199304427673050384e+02,6.011033406876144625e+01
4.899544857002166509e+02,1.828923202812245208e+01,1.367584484766774494e+03,2.205447884931657825e+02,-1.161315732673395473e+02,1.200649128760198437e+03,4.521574724418940718e+02,1.779958162575517235e+02,1.076109430528583061e+03,-3.795619325342975259e+01,-1.006250052129726384e+02,1.013539120027585454e+03,5.016756421715813872e+02,2.750195545242744970e+02,7.947664966616636093e+02,-1.039341128477114182e+02,-5.779569401348209823e+01,7.549636491005602466e+02,3.339175289108379729e+02,2.295576592515978973e+02,5.868060401781268638e+02,2.298775350294507547e+01,4.195781800070418655e+01,9.085632724069340611e+02,1.151346011891815095e+02,2.507506452279046982e+02,8.993994837851146258e+02,9.918235584051150511e+01,-8.929175564263003295e+00,4.785519499161889030e+02,2.095962828537810481e+02,2.166137065576020291e+02,5.151953467341471651e+02,5.422058914576464161e+00,8.966854220172102430e+00,-5.555747945088682194e+00,-1.751279432656374127e+02,2.742858989743573943e+02,1.516227932119047921e+02,2.873932437669498654e+02,-4.881365916898392499e+01,-2.340361061843461599e+01,7.364230608621539886e+01,2.349636391899248054e+02,4.306442999220967494e+01
5.032490544667477366e+02,2.865045744113196946e+01,1.345458592800580163e+03,2.301763249043714268e+02,-1.085437436478974718e+02,1.184561824080126144e+03,4.570330038694363566e+02,1.858506252077407055e+02,1.054957046292562836e+03,-3.250108820162430590e+01,-8.918938053631782736e+01,1.002230187375697028e+03,4.924509814357512596e+02,2.854211620329885477e+02,7.685972796967623708e+02,-1.110678060843262784e+02,-4.636299229073252093e+01,7.522969099284977119e+02,3.274013854984339105e+02,2.436733789673833712e+02,5.495182327649456511e+02,2.311413642197780050e+01,4.962305458212914999e+01,9.030281693421831051e+02,1.118229357767476273e+02,2.588998373009525267e+02,8.910252641722461249e+02,1.007254410477583519e+02,-5.991212227385115163e+00,4.782424295311201945e+02,1.943517588937541802e+02,2.312530193793152193e+02,4.992261205709999672e+02,5.609003004025370664e+00,8.675316431891854307e+00,-4.596086196578995420e+00,-1.887782141200559352e+02,2.872890821774611823e+02,1.313531638985984671e+02,2.866670401291158328e+02,-4.852906258045109666e+01,-2.411671801097217127e+01,6.101511706972043925e+01,2.516331368454276571e+02,2.697199782286451963e+01
5.162355031550461035e+02,4.034661742755955771e+01,1.322509627493027665e+03,2.401104160551653308e+02,-9.984025444698553997e+01,1.167919275320054794e+03,4.610493951553570469e+02,1.949536218272833707e+02,1.033886818582228898e+03,-2.735435349661527837e+01,-7.808767241665174197e+01,9.913657216933655718e+02,4.815415223917903518e+02,2.982151230921731440e+02,7.438056027981733678e+02,-1.185017271574097606e+02,-3.493578525237030163e+01,7.496993388979651627e+02,3.196980617271930782e+02,2.621693589472689609e+02,5.133185020527431561e+02,2.389440319485159847e+01,5.772078309669385021e+01,8.970975170566266570e+02,1.087153200836473985e+02,2.677856937550017165e+02,8.820912228674776543e+02,1.030464296676660467e+02,-2.844369546530448378e+00,4.779413255384164927e+02,1.800548305301480241e+02,2.471205717644164110e+02,4.836185860453231840e+02,5.659351195690140557e+00,8.256750737107642735e+00,-3.572595153791387368e+00,-2.006107067551101579e+02,3.029186403353086234e+02,1.118307097213717753e+02,2.860660496835699291e+02,-4.748060053300753935e+01,-2.468042496459295165e+01,5.079699430174605368e+01,2.712979455433354019e+02,1.145639827545512546e+01
5.287516313429798629e+02,5.298296758776339033e+01,1.298464693740361099e+03,2.502629950081130517e+02,-9.015477712184119241e+01,1.150639737470814907e+03,4.641811362097091092e+02,2.051051127764925468e+02,1.012646094842902357e+03,-2.220354461731460916e+01,-6.750004176088241081e+01,9.809063469713195218e+02,4.690553487637617991e+02,3.135322429909982134e+02,7.204963963020051096e+02,-1.258238171487559214e+02,-2.343364960252654328e+01,7.470302050342309030e+02,3.108352965992507961e+02,2.856956831890699391e+02,4.791014767182769560e+02,2.537462101645192902e+01,6.606207419501190259e+01,8.909026414063418997e+02,1.057843493821447254e+02,2.771363842182595363e+02,8.727435391522126338e+02,1.062323857959874971e+02,6.214948199524941153e-01,4.777831350296351047e+02,1.668638667031600278e+02,2.646387539114355150e+02,4.684943726408652651e+02,5.602188366524242014e+00,7.810335607909526523e+00,-2.512295028894424576e+00,-2.109076941836077026e+02,3.216128897521965655e+02,9.326377877495785640e+01,2.855723939973771621e+02,-4.582447199689977424e+01,-2.507981464050453724e+01,4.283590795617386249e+01,2.945459571753607406e+02,-3.590627198216555627e+00
5.407434390827928610e+02,6.608710340095652214e+01,1.273140698051134677e+03,2.605299326371552411e+02,-7.988762014976636294e+01,1.132596007667438244e+03,4.664365944327832949e+02,2.159182063211287925e+02,9.909297284239705732e+02,-1.678041999804608864e+01,-5.744060846889777849e+01,9.706264365628771884e+02,4.552350396264229175e+02,3.307788616943362285e+02,6.984809522902228309e+02,-1.325877269586671332e+02,-1.210219454220610835e+01,7.445192438498451111e+02,3.008399942691397086e+02,3.135393431889822864e+02,4.477379388262774569e+02,2.741098523960995337e+01,7.437932877131355269e+01,8.847183084261700969e+02,1.029990109762642589e+02,2.866287750812165882e+02,8.633643317528062653e+02,1.101396564618991505e+02,4.480401663888250674e+00,4.778872525773800248e+02,1.550000615244761946e+02,2.838992458417916964e+02,4.543730450341864753e+02,5.508525221807647476e+00,7.493276214123336665e+00,-1.446966950832050403e+00,-2.199413647206095277e+02,3.433508640274099548e+02,7.620514494894288759e+01,2.852147423937482245e+02,-4.382290295108735734e+01,-2.538412310291396068e+01,3.670751083900190537e+01,3.211298012531481163e+02,-1.790093718767183972e+01
5.522074906335805053e+02,7.923203537110347838e+01,1.246623055351271432e+03,2.707809638712877813e+02,-6.953247417209574621e+01,1.113723227928398956e+03,4.678090000695365234e+02,2.270096634458660958e+02,9.685828977216962130e+02,-1.091615130549161883e+01,-4.782846333483038137e+01,9.602500294517138855e+02,4.404658299380053563e+02,3.489236822573009817e+02,6.774563720923183610e+02,-1.385293040934893725e+02,-1.422296537876805322e+00,7.425746537973025170e+02,2.898148723066463504e+02,3.440121608661496566e+02,4.198806809319260651e+02,2.974184311058687769e+01,8.244534833655414729e+01,8.788144691798602253e+02,1.003423838253027327e+02,2.960883371526605856e+02,8.543350499585696980e+02,1.144659308717825184e+02,8.661638969719486880e+00,4.782937630644589717e+02,1.446960961381660411e+02,3.046932464238502689e+02,4.419011288251795122e+02,5.442689383592393071e+00,7.422694462055695830e+00,-4.143873273577766136e-01,-2.278387802770729991e+02,3.677251472969228416e+02,6.135372816727035428e+01,2.850572978420485697e+02,-4.179139018308339359e+01,-2.567880279709372005e+01,3.195316091974806483e+01,3.502310025704742316e+02,-3.083849619925767271e+01
5.631226946003953344e+02,9.212851717180062394e+01,1.219334885798743244e+03,2.808738732733324355e+02,-5.948325236899410839e+01,1.094117907111181921e+03,4.682493882382744346e+02,2.381446631937716631e+02,9.457511376286464611e+02,-4.557139491990067626e+00,-3.861357434439886305e+01,9.495972100852256972e+02,4.252295628438274093e+02,3.669753608383456367e+02,6.572116320187772089e+02,-1.436464051270840514e+02,8.130945397042765421e+00,7.415618720411940785e+02,2.780149467391506732e+02,3.752242001345256881e+02,3.958439298289289923e+02,3.207612602814737812e+01,9.013975610136795069e+01,8.733344317977242781e+02,9.779545025498266853e+01,3.055391884727287675e+02,8.458352004340445092e+02,1.188719480869848866e+02,1.292486522886601108e+01,4.789443457659249361e+02,1.361144710452341258e+02,3.265952498142007698e+02,4.315633191720933155e+02,5.403061574309427684e+00,7.591201384344867797e+00,5.506197026166691488e-01,-2.345709504250592659e+02,3.940984472539307149e+02,4.928528238879456325e+01,2.851546838574875551e+02,-4.002675608534052998e+01,-2.600739396482309473e+01,2.825207870626061535e+01,3.808867904006268645e+02,-4.155975507238770206e+01
5.734427066092621317e+02,1.046731217588536254e+02,1.191924458930050378e+03,2.907037840175059387e+02,-4.991845602135100535e+01,1.074049190108181620e+03,4.676930138560622936e+02,2.492751954315063756e+02,9.228572034266054516e+02,2.264074201672975128e+00,-2.985925317121754929e+01,9.386725681925843219e+02,4.100023607925723468e+02,3.843845079239947609e+02,6.377224610544960797e+02,-1.481429277513485090e+02,1.630941448468261257e+01,7.416800922675372476e+02,2.658661631658997067e+02,4.058598402274942600e+02,3.755673876891963801e+02,3.416648448997403875e+01,9.744360897017429579e+01,8.682559030586047584e+02,9.531012636155683992e+01,3.151020214202062562e+02,8.377906781034178039e+02,1.230862556722958630e+02,1.694466726934507861e+01,4.797118423162939962e+02,1.292727119948771417e+02,3.490788325917305315e+02,4.235149002721055922e+02,5.298262533866616941e+00,7.837441838108253123e+00,1.422538211514568163e+00,-2.400375862546681844e+02,4.218401016880029601e+02,4.022432987585708730e+01,2.855044840044064927e+02,-3.873147928865575551e+01,-2.636054426073079071e+01,2.546047685586446363e+01,4.123892683920953459e+02,-4.928026439499195277e+01
5.831559086549760877e+02,1.169518061054038327e+02,1.165011404000585344e+03,3.002641994719820104e+02,-4.080504241673588695e+01,1.053869895263776471e+03,4.661274546012569999e+02,2.604927336250939334e+02,9.003983905298549644e+02,9.483989480535322869e+00,-2.172282313457642999e+01,9.276768741247203707e+02,3.951340902267633055e+02,4.011883145427982527e+02,6.190898094433395045e+02,-1.523067870012746710e+02,2.314740921298187715e+01,7.430017105772160448e+02,2.539020075972599386e+02,4.356177147791290736e+02,3.586702218236490580e+02,3.585648942121977711e+01,1.043932187136904872e+02,8.634362456300492568e+02,9.280536499648924575e+01,3.248408928187746483e+02,8.299782090462617816e+02,1.269458223318085288e+02,2.045648926504668097e+01,4.804527183389327547e+02,1.240101092937972425e+02,3.716653225850349145e+02,4.175936777783252865e+02,4.982384642367737371e+00,7.887167315195742212e+00,2.177429880701225784e+00,-2.441577979382903436e+02,4.505787013007823703e+02,3.394111250553812908e+01,2.860280696668028213e+02,-3.796604632454533856e+01,-2.670775566256590139e+01,2.355497016714784309e+01,4.445025425573171560e+02,-5.354291729050558502e+01
5.923482423983133458e+02,1.291981286993562037e+02,1.138931693049736850e+03,3.096684009110518900e+02,-3.199042149583078043e+01,1.033892449585061058e+03,4.636561374865462426e+02,2.719582060607449989e+02,8.786893687534044375e+02,1.704834597981472299e+01,-1.436230061342938136e+01,9.169695770283398133e+02,3.807698756026028946e+02,4.178818707113559867e+02,6.013993152649220519e+02,-1.563928431292447669e+02,2.883804267618438999e+01,7.456387424217783746e+02,2.426375727591765497e+02,4.651612453111153513e+02,3.446009887630419257e+02,3.710123872585391780e+01,1.110340436214333835e+02,8.586999353666244588e+02,9.020112423294462189e+01,3.346744069595449105e+02,8.221937452261444150e+02,1.303725898990437884e+02,2.337180762957205360e+01,4.810509414241104764e+02,1.200153314917681797e+02,3.940786003587531354e+02,4.134646073240757573e+02,4.332269455727099761e+00,7.445353626229471722e+00,2.775428841221569076e+00,-2.468878549090684089e+02,4.803396055112136196e+02,2.979501102391568779e+01,2.865935013656662136e+02,-3.765854192998492067e+01,-2.703511241588260106e+01,2.257685977811396327e+01,4.774281620958220174e+02,-5.438344980879544011e+01
6.011899425956437426e+02,1.417109601206274476e+02,1.113631873780852857e+03,3.190942445445517706e+02,-2.330335267111534137e+01,1.014316728417047898e+03,4.605082321787051569e+02,2.838593575858362215e+02,8.577203661185290002e+02,2.490737191118853744e+01,-7.849581075865998514e+00,9.070178890658919499e+02,3.668556178543104238e+02,4.351401429561399823e+02,5.846338124664223415e+02,-1.605365683526722762e+02,3.355209082687454725e+01,7.499099296910305839e+02,2.324276106671546529e+02,4.956602120372093623e+02,3.328573233594537442e+02,3.795846519455796653e+01,1.173986356220884062e+02,8.539130008047746969e+02,8.746981912218861055e+01,3.444064181630744770e+02,8.143669392583130957e+02,1.333255283599154950e+02,2.579412195288099241e+01,4.814357259619122260e+02,1.169061128384175561e+02,4.163412155981581577e+02,4.107849616347248798e+02,3.320514359245307912e+00,6.299128363350441795e+00,3.151242252256888587e+00,-2.481571759199825067e+02,5.114620806263871486e+02,2.688891676518390739e+01,2.870722440067636398e+02,-3.767035783039678165e+01,-2.735397648463454345e+01,2.264665289862048070e+01,5.115671973291429708e+02,-5.233723722890147911e+01
6.098274608380472728e+02,1.547582402389908225e+02,1.088769774559456664e+03,3.286699243176297500e+02,-1.458946218445328036e+01,9.952450113433569641e+02,4.569754447807593465e+02,2.964038696375149016e+02,8.372206698836386067e+02,3.298122907554863303e+01,-2.144852430596036807e+00,8.983420300317714009e+02,3.532218786833106492e+02,4.535571828912856063e+02,5.687206588101402076e+02,-1.646882865877195172e+02,3.734987603932889755e+01,7.563632315849710039e+02,2.233616762187531037e+02,5.281840317211642741e+02,3.231986975917968152e+02,3.854699534996744603e+01,1.235169443207531117e+02,8.490062731408211221e+02,8.466354713698032697e+01,3.538527800745857803e+02,8.065603428426094297e+02,1.357718170469296695e+02,2.794241223819978615e+01,4.815735857997786979e+02,1.143223390502917880e+02,4.387526027918930822e+02,4.092915168447532892e+02,2.040286664702218644e+00,4.394206898848871390e+00,3.227348840885813530e+00,-2.477842551806546112e+02,5.443254132833242238e+02,2.427438300114669545e+01,2.874024927865772838e+02,-3.787895318576163106e+01,-2.767674434048866416e+01,2.403196031535743415e+01,5.472283402802044066e+02,-4.829348964208838169e+01
6.182471423557955177e+02,1.685131240498822365e+02,1.063946041172575860e+03,3.383712024454656557e+02,-5.663271296731576143e+00,9.767409308451560719e+02,4.533002416111444290e+02,3.098234576438687782e+02,8.168734587614552538e+02,4.114758367407392115e+01,2.882549210153164232e+00,8.914379006420996348e+02,3.396976448560874928e+02,4.735122406096465397e+02,5.536854803217324843e+02,-1.685665021453963845e+02,4.023957853617528713e+01,7.655859126281465024e+02,2.152403142330489061e+02,5.632555899226885003e+02,3.157569249718838478e+02,3.898237041716426887e+01,1.294593448972966314e+02,8.439444645827328486e+02,8.188954351117426711e+01,3.629906847964715553e+02,7.988815648379305685e+02,1.376937866805715203e+02,3.005309576497089452e+01,4.814465376900841989e+02,1.119845310758034600e+02,4.617500469875127465e+02,4.087870151213830354e+02,6.685842655948107671e-01,1.862727045576847429e+00,2.948121416068784306e+00,-2.454539980124823728e+02,5.790597676001507352e+02,2.115270373501360623e+01,2.876235395037500666e+02,-3.822606665053369568e+01,-2.798773135223414243e+01,2.717934805014838417e+01,5.844540254014470975e+02,-4.325429018986962149e+01
6.262135717655586404e+02,1.830610258773259886e+02,1.038913650750374472e+03,3.480044926275095349e+02,3.770334179281403131e+00,9.588544371092467600e+02,4.495727374305522517e+02,3.243606600901354113e+02,7.965278564506766088e+02,4.928956442459860909e+01,7.440894651845241903e+00,8.866578654809334239e+02,3.261963720231668162e+02,4.951735056374510577e+02,5.397958947007725783e+02,-1.716600030226846343e+02,4.229960608067283090e+01,7.778705354490241461e+02,2.076511702338353302e+02,6.007657569945982914e+02,3.109881104895021053e+02,3.931910531402414222e+01,1.354010763730923657e+02,8.386724354331252016e+02,7.924603208755611661e+01,3.720509625304046040e+02,7.913900202842868339e+02,1.391172980652106901e+02,3.233400993953689806e+01,4.810309496046459685e+02,1.096920518874699582e+02,4.857281763030455863e+02,4.090782346383910522e+02,-6.090480127923347808e-01,-1.005472237973839000e+00,2.317928137285844237e+00,-2.407983940768445450e+02,6.154510758323331174e+02,1.702993243357200726e+01,2.878555574693854737e+02,-3.870547710682093623e+01,-2.824259758903321327e+01,3.262398166862282523e+01,6.230609648762955430e+02,-3.808680074951104899e+01
6.333397399230858582e+02,1.984746262137199437e+02,1.013644785692969208e+03,3.572949778877430731e+02,1.413807946439386143e+01,9.415747927602470781e+02,4.456953025068979741e+02,3.402305483393517420e+02,7.762685733111205764e+02,5.738491599993498937e+01,1.183522575138428934e+01,8.840640241820830170e+02,3.127458144180303066e+02,5.185770808351628602e+02,5.275736678902953827e+02,-1.733116477928168990e+02,4.372680678347116157e+01,7.929169074638656411e+02,2.001274616095013812e+02,6.402335012049337593e+02,3.094848746330288236e+02,3.953537242361417015e+01,1.416756259969821485e+02,8.330847129553825425e+02,7.676184183130752103e+01,3.815016364367554615e+02,7.840632735939715303e+02,1.401342386613570170e+02,3.498743856180178113e+01,4.802877874696819731e+02,1.072757966227475350e+02,5.109228238768704387e+02,4.099373380138006837e+02,-1.669974190645507672e+00,-3.844013176188449066e+00,1.422724545177678657e+00,-2.335525980256771845e+02,6.531223054960855734e+02,1.179117932840792271e+01,2.882281223474928993e+02,-3.930879344766967165e+01,-2.840442918568082931e+01,4.077474416659013201e+01,6.628559456674170178e+02,-3.335657208469841351e+01
6.392535376053833716e+02,2.149014603081745918e+02,9.882486024374628641e+02,3.660243797722654335e+02,2.590767598792584536e+01,9.247538790629628238e+02,4.414418379776803363e+02,3.575705638653478218e+02,7.563163511305441489e+02,6.556816200283293483e+01,1.647719243362600494e+01,8.833162229984491205e+02,2.994761801795290239e+02,5.437022361507920323e+02,5.176366014500944175e+02,-1.728753336199705188e+02,4.473888120312073369e+01,8.097618438487238564e+02,1.923389504937393610e+02,6.811922285156765611e+02,3.117355504175711758e+02,3.957530744727662153e+01,1.487665389144341361e+02,8.270504057927049644e+02,7.438041485652016149e+01,3.919144208205103155e+02,7.768277466740265709e+02,1.408984235406020389e+02,3.825214806571551662e+01,4.791690204535210000e+02,1.045506458511432299e+02,5.374147332972164577e+02,4.111213212453274082e+02,-2.486245940765968054e+00,-6.325328308694462720e+00,4.222836887836858843e-01,-2.237024633802261064e+02,6.918611168083973553e+02,5.672647587060315466e+00,2.887941263023588476e+02,-3.997804126524193435e+01,-2.849051525649374028e+01,5.167783116478766914e+01,7.038665076005830770e+02,-2.928738289870225842e+01
6.437576341101970456e+02,2.325866157846953115e+02,9.628420230322687985e+02,3.741268839951194423e+02,3.940907431754150281e+01,9.080913578718788131e+02,4.365881736927000816e+02,3.763967056505150026e+02,7.368568542247163577e+02,7.410509040398507352e+01,2.181319516820597926e+01,8.836826428722723676e+02,2.866017651839403584e+02,5.704923534486100607e+02,5.104488668356126482e+02,-1.698858755981040645e+02,4.538750454345820629e+01,8.270248041134814230e+02,1.842509322654954929e+02,7.234177788841045640e+02,3.179417542019320422e+02,3.942541534342321086e+01,1.571988525727556691e+02,8.204886448275178736e+02,7.199626054171790202e+01,4.037526003812139379e+02,7.696110586702988030e+02,1.415888266967812683e+02,4.239255509222637386e+01,4.776393528233969050e+02,1.013105592972207631e+02,5.652107026757736321e+02,4.124342774833627914e+02,-3.105996560532236828e+00,-8.275799660497192178e+00,-4.870091973064178958e-01,-2.115329324622049967e+02,7.318247194002700553e+02,-8.583895219876038762e-01,2.894797876764991997e+02,-4.060861648830567106e+01,-2.859015704102275279e+01,6.490742827579555296e+01,7.463981640820120447e+02,-2.582313400175982210e+01
6.468872704606608295e+02,2.517910800983603110e+02,9.374980023972444769e+02,3.816821194900252863e+02,5.467227786197118888e+01,8.912435740928792711e+02,4.310485962984454318e+02,3.965790175620663263e+02,7.179402888663094018e+02,8.328168974930419211e+01,2.815355913963081136e+01,8.842310404722866224e+02,2.744142643089950866e+02,5.988170541138670160e+02,5.061286625901730645e+02,-1.641633010667584642e+02,4.542725239747579735e+01,8.433931462940220172e+02,1.761917451461178814e+02,7.668407864028345102e+02,3.279712841044955667e+02,3.917220503370176488e+01,1.673497220518923143e+02,8.134487296959731566e+02,6.951560713922938817e+01,4.171630683898682719e+02,7.623716221710424179e+02,1.423480254127116496e+02,4.761026147718692414e+01,4.757061529971444997e+02,9.737337934820190810e+01,5.943010515271814711e+02,4.137905166257566520e+02,-3.601510085553363272e+00,-9.743272747236940035e+00,-1.126275991046331582e+00,-1.975367980646734622e+02,7.734148204340001485e+02,-7.269341374736514538e+00,2.901031856260158861e+02,-4.110659177126385799e+01,-2.883246389092544248e+01,7.967589308003782378e+01,7.908331063561114433e+02,-2.271801540031027855e+01
6.488434954615950119e+02,2.726463166487561125e+02,9.123189393244676921e+02,3.888172149226572287e+02,7.140762729750413484e+01,8.740254554686246138e+02,4.249466252344412851e+02,4.178467207826931826e+02,6.995299037558525015e+02,9.327767796389024113e+01,3.549504013682750525e+01,8.841686653903068418e+02,2.632733791308845639e+02,6.284133100598124884e+02,5.044309907412586540e+02,-1.558000783771913120e+02,4.436886096220178644e+01,8.581316538556627620e+02,1.687918809995715037e+02,8.112314568672545647e+02,3.414457887289197515e+02,3.899423436629896145e+01,1.792757871248371373e+02,8.061324686897830816e+02,6.689978767795727777e+01,4.318797664630689610e+02,7.550932029142528563e+02,1.432172517070154072e+02,5.393614520313343519e+01,4.734428343194386457e+02,9.264039917366146426e+01,6.246308687379870435e+02,4.152385602756921799e+02,-4.016947382358725172e+00,-1.097154094894889376e+01,-1.383689178901833516e+00,-1.822260670409207250e+02,8.168581201656214716e+02,-1.311534899295620704e+01,2.904537817550918248e+02,-4.145575742463555002e+01,-2.931924163797510374e+01,9.512591693999172549e+01,8.372693366420721759e+02,-1.959366660069088439e+01
6.498613679923275868e+02,2.950448626347941286e+02,8.875704302060895543e+02,3.955907695189113156e+02,8.918416003509014445e+01,8.565886291356055153e+02,4.185832358731124145e+02,4.398329886131350577e+02,6.816581371457577916e+02,1.041122504412770127e+02,4.348978529390222292e+01,8.831911329021075971e+02,2.535676147778314089e+02,6.588654605262357791e+02,5.049123484054600226e+02,-1.450320173751398727e+02,4.173180629994025992e+01,8.713589591926134972e+02,1.627978938304859184e+02,8.559363373496438498e+02,3.578944879675437960e+02,3.908478235039101634e+01,1.926845241275274248e+02,7.988241390072495278e+02,6.416829771896168211e+01,4.473186781707196360e+02,7.477629488856122180e+02,1.441011923765277913e+02,6.120593341744415739e+01,4.709870168937598010e+02,8.712232469557287118e+01,6.560228160646834112e+02,4.169261885203625297e+02,-4.345894465359398495e+00,-1.226857284715883267e+01,-1.236657277730598414e+00,-1.659588602090286429e+02,8.617714093346118034e+02,-1.813811352969511503e+01,2.903901702566451490e+02,-4.173154826255768768e+01,-3.006394887365900459e+01,1.106427593623954095e+02,8.852362784766852428e+02,-1.596382049312038731e+01
6.501057694945257026e+02,3.186520534885084999e+02,8.637519168926961584e+02,4.019370978644454340e+02,1.077289677746732650e+02,8.394505601518001185e+02,4.123237367196330183e+02,4.621607677307351878e+02,6.645671437486456625e+02,1.157017996833919682e+02,5.164239989002491171e+01,8.816536449419862720e+02,2.456375320331354715e+02,6.896693271907093958e+02,5.071757837915976097e+02,-1.320459957179887454e+02,3.737582443927393427e+01,8.839250141722023955e+02,1.588142133371580655e+02,8.999285232275254884e+02,3.768946572359150196e+02,3.955174672451302342e+01,2.071098814138074999e+02,7.917541306867739195e+02,6.137154331924096340e+01,4.628537215038372779e+02,7.403572425119573381e+02,1.447935641651352512e+02,6.917640427288033322e+01,4.685016140163338605e+02,8.090834190056428099e+01,6.881526785243884206e+02,4.190157040667641013e+02,-4.549241999486884680e+00,-1.381514721472605345e+01,-7.348770293191918546e-01,-1.489036158743631688e+02,9.070345823377956549e+02,-2.229351126841583763e+01,2.899047654991627496e+02,-4.203434916004763267e+01,-3.097534376371060105e+01,1.259908064850705074e+02,9.337010474624748895e+02,-1.127894197454751968e+01
6.496543780191003634e+02,3.430431120883803828e+02,8.415207618142428601e+02,4.077001458738110387e+02,1.271640744430754921e+02,8.233342697816430018e+02,4.064688900557423494e+02,4.845518741495834547e+02,6.487228689944054167e+02,1.279920588108777082e+02,5.964489455628277881e+01,8.804483371514086230e+02,2.396845234275575081e+02,7.203727738107619416e+02,5.110594150378155405e+02,-1.168139291345542006e+02,3.172534851318891924e+01,8.969250744011301322e+02,1.570635903967160232e+02,9.421992772277581025e+02,3.981560470139305608e+02,4.035973084639363861e+01,2.222182447337862357e+02,7.849716423580728133e+02,5.856212508374644443e+01,4.781492209782332452e+02,7.328430289429788900e+02,1.450676694359954979e+02,7.772848068855702763e+01,4.661051916160446353e+02,7.409513297449598213e+01,7.206413827404940093e+02,4.215850185721481580e+02,-4.598166236738102874e+00,-1.551278433717513039e+01,4.583313031149547495e-02,-1.311826910703702538e+02,9.510932050476332051e+02,-2.570940772432315669e+01,2.891249211816215734e+02,-4.238162988572368306e+01,-3.189697079372117017e+01,1.411750426138816294e+02,9.814018351938896103e+02,-5.037438825309895840e+00
6.485597286711443985e+02,3.678856270653281513e+02,8.214906466870323811e+02,4.127244286414461953e+02,1.480062777710733144e+02,8.088990126436657420e+02,4.011776783288728438e+02,5.069242973859988979e+02,6.346793964467265141e+02,1.410770400294459535e+02,6.762743276113499746e+01,8.806317280265337786e+02,2.357018716578409396e+02,7.507276889250119893e+02,5.166743997867858980e+02,-9.904545105715169484e+01,2.574925616052419741e+01,9.110950721256629095e+02,1.572596401816753087e+02,9.822461525926590866e+02,4.215391688743826535e+02,4.135093775970781849e+01,2.380648251122861438e+02,7.783009751323519367e+02,5.578370544447772517e+01,4.933670687257663872e+02,7.251833650957751161e+02,1.447950928204277830e+02,8.701818950047162105e+01,4.637988841010234182e+02,6.671701008780455311e+01,7.532229404785047109e+02,4.245599300023148999e+02,-4.510767682411509050e+00,-1.696766884598388003e+01,1.049667268650135155e+00,-1.131044244496141573e+02,9.925184953737521028e+02,-2.859359232156729291e+01,2.882548978335001379e+02,-4.264023179783406192e+01,-3.268007613413662682e+01,1.561086652653485771e+02,1.027336391956964917e+03,3.048494123658141763e+00
6.469319188695552612e+02,3.930634257172917501e+02,8.040131893508279290e+02,4.169412571990070546e+02,1.708945807708142297e+02,7.965120198191208374e+02,3.964699387235157246e+02,5.294414684519174443e+02,6.228644159158882303e+02,1.552284599098452986e+02,7.613910403544163330e+01,8.829914280050037405e+02,2.334548117716962281e+02,7.807718681305601649e+02,5.242797674190393309e+02,-7.830350517203788741e+01,2.069239237357529504e+01,9.264167647101963894e+02,1.586475498086061577e+02,1.020318185536661417e+03,4.470082743021428655e+02,4.232940234311517003e+01,2.551301546750688658e+02,7.714066918260106149e+02,5.307160847714086316e+01,5.091207989038881578e+02,7.173334384866321898e+02,1.440304488875728453e+02,9.745562289844110637e+01,4.614272816121731466e+02,5.871614668515420732e+01,7.858725686385600966e+02,4.277100269480799284e+02,-4.354350418109346421e+00,-1.763704091195276291e+01,2.256921249187513467e+00,-9.530316955309565685e+01,1.030489325055575819e+03,-3.113200261104874755e+01,2.874921441477618487e+02,-4.255661214691563998e+01,-3.324958710418388108e+01,1.703111444842464266e+02,1.071140731728588207e+03,1.290670584365143725e+01
6.449806054157933204e+02,4.186860273770464005e+02,7.890637349059128383e+02,4.204048079127148867e+02,1.961952871620288477e+02,7.861816940291320179e+02,3.922874898029613746e+02,5.524925719650971132e+02,6.133993859399419080e+02,1.708190878889933231e+02,8.586854521764182380e+01,8.877710340219249474e+02,2.325188298550829984e+02,8.107926983673368113e+02,5.340618884851467101e+02,-5.423666447487276088e+01,1.769745012767804582e+01,9.421492745659617185e+02,1.602065863092286122e+02,1.057233004263875046e+03,4.745345674798175537e+02,4.315636827002068543e+01,2.740974508287338267e+02,7.639315116265510142e+02,5.044601901045336234e+01,5.261925441368607608e+02,7.092276483330590509e+02,1.430137896543004103e+02,1.095099931577789647e+02,4.586998949156474623e+02,4.997169910145868243e+01,8.187970680264796783e+02,4.307107675658584185e+02,-4.206187529775000655e+00,-1.706653932113531624e+01,3.661574702755299615e+00,-7.864882244064455108e+01,1.064934986494753730e+03,-3.342525927658822837e+01,2.869602599432722627e+02,-4.187144888337384430e+01,-3.363033565755632281e+01,1.828515019975454265e+02,1.113167911797191891e+03,2.406655624659120107e+01
6.429897940574778659e+02,4.450029872377801325e+02,7.762897857476380068e+02,4.232691596009877912e+02,2.237357084885211123e+02,7.776689259543442176e+02,3.885661052624200238e+02,5.766030782118167508e+02,6.060457501304766765e+02,1.881843905000045538e+02,9.731660189869512578e+01,8.946705146025769864e+02,2.323744136611409488e+02,8.411774205158104678e+02,5.459370229325907076e+02,-2.680410394523878281e+01,1.752235128831712885e+01,9.572530411311779517e+02,1.609479699569847071e+02,1.093860271362165122e+03,5.039941331944683043e+02,4.380602082545438236e+01,2.954987652006193457e+02,7.556351610162192856e+02,4.789001386428827090e+01,5.451705356287199038e+02,7.007728475300281161e+02,1.420880163726861269e+02,1.234655592926137615e+02,4.552705463151582990e+02,4.037886095073454840e+01,8.522817275849598673e+02,4.332405341607105242e+02,-4.092761715643783660e+00,-1.508845171308139932e+01,5.231160647306224654e+00,-6.395232903776226863e+01,1.096311230766544440e+03,-3.549565724373720599e+01,2.866858437995005602e+02,-4.044572985869096016e+01,-3.392524686780269150e+01,1.925828338559895769e+02,1.154250928059475655e+03,3.576169415728003997e+01
6.412399552790215012e+02,4.722850037416230862e+02,7.651917767838062900e+02,4.257239418930570878e+02,2.528511842249091899e+02,7.706899371558448593e+02,3.852794074490682306e+02,6.022908480515491192e+02,6.003043741798453539e+02,2.074883218081915004e+02,1.106705296093062287e+02,9.030804419984655169e+02,2.325464396094556605e+02,8.721990907160342203e+02,5.594914237882476300e+02,3.633095481963481088e+00,2.050168185232856288e+01,9.709359059641107024e+02,1.602086666946639184e+02,1.130571926247602732e+03,5.351181889914844305e+02,4.436273054225032553e+01,3.194452241130999823e+02,7.464682927955319656e+02,4.532845634578614380e+01,5.662106120843080816e+02,6.918619294336457415e+02,1.415745594932904226e+02,1.392886666324006057e+02,4.508415112706724699e+02,2.994110952906304135e+01,8.864819938423592021e+02,4.350633282927113896e+02,-3.946627436243095755e+00,-1.187400655449963516e+01,6.884146679581367501e+00,-5.166106469353008634e+01,1.125197815923828102e+03,-3.736042045904542164e+01,2.866174452169315146e+02,-3.832464673171487135e+01,-3.426085132617735241e+01,1.985090154362943053e+02,1.195288771158836425e+03,4.712068463067320323e+01
6.399163793234314426e+02,5.007225964252662607e+02,7.553450014381834308e+02,4.279153907480875887e+02,2.827312671197454392e+02,7.650870747222743375e+02,3.824457950498006085e+02,6.298980926748631646e+02,5.956248373288240145e+02,2.286393921035559060e+02,1.259611907248580991e+02,9.123936116704169308e+02,2.327553662522980176e+02,9.038171435265498985e+02,5.741058912850795650e+02,3.639909938217376606e+01,2.674505251042904774e+01,9.829804417058190893e+02,1.578429120205477147e+02,1.166967620402772809e+03,5.675218164800916156e+02,4.497619356805645907e+01,3.456021953895706247e+02,7.365540926071768126e+02,4.263550537442699095e+01,5.890463575718001721e+02,6.824066348358762752e+02,1.416675403695394664e+02,1.566839322984086493e+02,4.452467580762504440e+02,1.882351496985464223e+01,9.212784572168839077e+02,4.360617775269799381e+02,-3.617163865371867182e+00,-7.821741205811817643e+00,8.507347336251175562e+00,-4.176426838412798759e+01,1.151966824564990247e+03,-3.912456772417773010e+01,2.866633219048934507e+02,-3.571708426306258843e+01,-3.472669421330434147e+01,2.000411471987030723e+02,1.236848783637088900e+03,5.734168476816559945e+01
6.390475465415819372e+02,5.303599158526053543e+02,7.465670978993125573e+02,4.298806170866674847e+02,3.128562788393282972e+02,7.608872193474174992e+02,3.801172449490319423e+02,6.594484044333281645e+02,5.916362238886824798e+02,2.512722727190829346e+02,1.433478891811599567e+02,9.222261911518805846e+02,2.330229106932460468e+02,9.355819781841029226e+02,5.892092505274870291e+02,7.070904019050576039e+01,3.640982014483964946e+01,9.936547158000124682e+02,1.542432154804545803e+02,1.202010835131904514e+03,6.007767615935609911e+02,4.580567818728268747e+01,3.734108990762520648e+02,7.260969981066331229e+02,3.968417805270915011e+01,6.132214409857141391e+02,6.723731931346562760e+02,1.423891855629688337e+02,1.752853337969415009e+02,4.384793822201773423e+02,7.326717216156110268e+00,9.562661523055049884e+02,4.362232762415590628e+02,-2.940384349227486371e+00,-3.356677499557994881e+00,1.000494430336365070e+01,-3.397475357708253796e+01,1.176668284097418336e+03,-4.102313632041143165e+01,2.867258081883774139e+02,-3.292440785503890766e+01,-3.533435918767757755e+01,1.970008227839697099e+02,1.278928719991830576e+03,6.577537137929228095e+01
6.385071508112425818e+02,5.610692606921694505e+02,7.389807515436203857e+02,4.315194430017065770e+02,3.432643418304626834e+02,7.582515017852983874e+02,3.783768209951128370e+02,6.905922712443164073e+02,5.883098674789752067e+02,2.747925137692280941e+02,1.632721171875219000e+02,9.324619779864289058e+02,2.336754495073919031e+02,9.667083381906343220e+02,6.045298220942756870e+02,1.058794492046543780e+02,4.984411064325590246e+01,1.003275418504352956e+03,1.501776383373513681e+02,1.234482049963197142e+03,6.344580257007411319e+02,4.697669051561767617e+01,4.024032182301242528e+02,7.152680826029294394e+02,3.641979550061050475e+01,6.383905418679377135e+02,6.618016266246104351e+02,1.436134665613700747e+02,1.948478046042634162e+02,4.306520971436813738e+02,-4.220025609059737448e+00,9.908685198524140105e+02,4.356108343058730270e+02,-1.827708529821477912e+00,1.248501021459317517e+00,1.134515693718794260e+01,-2.803438721739897588e+01,1.199116720285698648e+03,-4.336421001293320643e+01,2.867274965784419010e+02,-3.026800171319063182e+01,-3.601378557041999073e+01,1.894247521491491852e+02,1.320928058567912785e+03,7.191772846739398517e+01
6.380889207787799933e+02,5.925833848744032366e+02,7.329799394820678344e+02,4.326160742454463275e+02,3.745116988135167162e+02,7.573845279548602321e+02,3.773566382508467996e+02,7.226892708770241143e+02,5.860021353247246907e+02,2.984734626222258953e+02,1.863392351521590342e+02,9.431462712183366648e+02,2.352301872894497023e+02,9.963147874533862023e+02,6.202183790792452101e+02,1.414520870907871881e+02,6.750074899292488340e+01,1.011712464449391064e+03,1.464998629459909978e+02,1.263506331236591222e+03,6.681248431067975844e+02,4.855906212314938841e+01,4.324081708580969234e+02,7.041185965244117142e+02,3.291447636868729631e+01,6.645089154005160026e+02,6.507997047976274416e+02,1.451327887292225967e+02,2.153280235169828813e+02,4.219037719381356055e+02,-1.560439119204090730e+01,1.024517392846427811e+03,4.343441298258594543e+02,-3.084533863654683739e-01,5.952710894707247569e+00,1.257020865905117191e+01,-2.388884149469176066e+01,1.219062298909002266e+03,-4.639004395359651056e+01,2.866369516002457658e+02,-2.803783705278108229e+01,-3.665105841869121406e+01,1.773662710301033485e+02,1.361807281712797703e+03,7.537231614179206929e+01
6.376278820461081978e+02,6.245982193618423253e+02,7.291375405841248494e+02,4.329037867719501946e+02,4.073839701673327909e+02,7.584744772057184719e+02,3.772613509046754530e+02,7.550157754341137206e+02,5.853748248276226605e+02,3.215805089380833124e+02,2.130169602529641111e+02,9.543301770943486417e+02,2.382079535214096779e+02,1.023740232731896185e+03,6.367968156626055816e+02,1.772089944920361972e+02,8.968838772987099617e+01,1.018158034971006032e+03,1.438384427179056786e+02,1.288906660677406308e+03,7.012738855966152869e+02,5.056945678577975656e+01,4.635301604084741598e+02,6.925528251355656266e+02,2.936278844188987591e+01,6.918135598636854411e+02,6.395168874081507511e+02,1.467292727142654201e+02,2.368354220066637765e+02,4.122839460786914287e+02,-2.684966950909961980e+01,1.056844213641844135e+03,4.325860257662961885e+02,1.515639732919516369e+00,1.091660412716230866e+01,1.376108781687759297e+01,-2.158190383516577171e+01,1.236340218091794213e+03,-5.014008723161132508e+01,2.864954689816204336e+02,-2.645078176215144694e+01,-3.715349434597489875e+01,1.608769135031901385e+02,1.400385524630451755e+03,7.583864864273310502e+01
6.371100301623124551e+02,6.569149183680339092e+02,7.280788968407791799e+02,4.321485971438864340e+02,4.425413152463389679e+02,7.616800632657304959e+02,3.783637808836824661e+02,7.870098378128697050e+02,5.872252407582816431e+02,3.434799051413467623e+02,2.433783958169214543e+02,9.659635457369264486e+02,2.429462520497920934e+02,1.048794729724729450e+03,6.549825004915786621e+02,2.131208831858050416e+02,1.163264719346921936e+02,1.021315197776922332e+03,1.423640972641437372e+02,1.311242691506159645e+03,7.333508816459893751e+02,5.300216343906569705e+01,4.959284750799901076e+02,6.803636849762015117e+02,2.601055048517240920e+01,7.206283753527591216e+02,6.281127451519181477e+02,1.482207167311815112e+02,2.595186632704990188e+02,4.016591321690862060e+02,-3.824713549469542073e+01,1.087842102128358420e+03,4.305098195226463531e+02,3.582719518847623519e+00,1.640737782751260454e+01,1.498271279508570331e+01,-2.094862687486254060e+01,1.250960174809471027e+03,-5.441166842474386556e+01,2.864291122747100076e+02,-2.560230587134728708e+01,-3.751159292638220677e+01,1.402098280217713580e+02,1.435705362534302367e+03,7.313637228315046457e+01
6.367043868307589491e+02,6.895411206854532793e+02,7.303217408206378423e+02,4.302181173502632419e+02,4.802706202593337821e+02,7.671151068523651020e+02,3.809438600343312942e+02,8.184296528590870139e+02,5.922736670260835581e+02,3.636831132836236975e+02,2.770562919668631139e+02,9.778704500138355797e+02,2.494650568346825139e+02,1.071824058448199366e+03,6.754840716958545954e+02,2.492906332867606523e+02,1.468500291271531637e+02,1.019912464811925247e+03,1.416731305956334097e+02,1.331541568266640070e+03,7.638686143448038592e+02,5.588811907829827419e+01,5.295488313065907278e+02,6.673123902328075019e+02,2.305014804832099173e+01,7.511162063817172339e+02,6.167344227790634932e+02,1.494728971225893304e+02,2.834747451213846148e+02,3.896846544385846300e+02,-5.027110523115464957e+01,1.117938035339605449e+03,4.282355979462323035e+02,5.974818660019074912e+00,2.269603860663425721e+01,1.625261204781745761e+01,-2.135612190785129982e+01,1.263139772772155993e+03,-5.885552980939554857e+01,2.866239460231981866e+02,-2.541795374327719159e+01,-3.782567604509844728e+01,1.161238916402943460e+02,1.467344760826539869e+03,6.723389059420014746e+01
6.366785240495178186e+02,7.226744994435326817e+02,7.360928004273997658e+02,4.271012464298273130e+02,5.204149374495079883e+02,7.747680682316442926e+02,3.851687311792074411e+02,8.493485286131284511e+02,6.009653517938110099e+02,3.817942787260225259e+02,3.133871138494331490e+02,9.897706371535984999e+02,2.573894074205578022e+02,1.093559325712180907e+03,6.988448332224616024e+02,2.859205556480270047e+02,1.803119924109884664e+02,1.013285318494806461e+03,1.407638337930800958e+02,1.350843608820220425e+03,7.925780781023257759e+02,5.936725167030652983e+01,5.639835737029967504e+02,6.532233605384772090e+02,2.053918769451951221e+01,7.831060124636298951e+02,6.055108942106169252e+02,1.503906002021670076e+02,3.087282344581460052e+02,3.758683585815564356e+02,-6.338963529604054514e+01,1.147884532835091477e+03,4.257591377197139764e+02,8.939400567650730878e+00,2.998765716762263978e+01,1.756319692762061635e+01,-2.172091139034310814e+01,1.273276982338876223e+03,-6.315587611350492381e+01,2.872605617493632053e+02,-2.563205402088373930e+01,-3.828293608325839870e+01,9.008712866025346955e+01,1.495517155785414388e+03,5.824807282382339224e+01
6.372159649411097462e+02,7.565619559003861241e+02,7.451797500432727475e+02,4.228587784991327112e+02,5.624454166752384481e+02,7.843538450978657011e+02,3.909459409391631084e+02,8.800134071941430420e+02,6.133501708429745349e+02,3.973712274880854238e+02,3.515789797569792086e+02,1.001283802204019594e+03,2.659038373208608164e+02,1.114825641645301857e+03,7.253583188079508091e+02,3.232796632470909799e+02,2.156340015600655420e+02,1.001766454517223906e+03,1.380761991710234042e+02,1.369736399160185101e+03,8.195651539060614823e+02,6.374094697463964820e+01,5.985604860317488374e+02,6.380657853737235428e+02,1.838746217823684503e+01,8.160625649924006666e+02,5.945621023685051796e+02,1.509096988174036653e+02,3.352692048451164055e+02,3.597192880105603763e+02,-7.783583220294171667e+01,1.178421461323522635e+03,4.229182964175734583e+02,1.281138093161650104e+01,3.840127221610558905e+01,1.895285083646609792e+01,-2.084431536406397001e+01,1.281850686971343293e+03,-6.719200955803326281e+01,2.884332911050465214e+02,-2.581552912435477865e+01,-3.909747439618308817e+01,6.421864997116229290e+01,1.520861639924068641e+03,4.641002638691323057e+01
6.382164624018497534e+02,7.913170642826208905e+02,7.569152384978345935e+02,4.175189917534025312e+02,6.055981093584778137e+02,7.951827303461145675e+02,3.978046562653198066e+02,9.106807926114430529e+02,6.290911323488240896e+02,4.097733112813992875e+02,3.907500840424660851e+02,1.011877958715135605e+03,2.737314986159300929e+02,1.136234749680693540e+03,7.550388205779003101e+02,3.616275713820292026e+02,2.519088583387246842e+02,9.867482145242457818e+02,1.316151366344133748e+02,1.388038011116774214e+03,8.451720328868816523e+02,6.946534822268436926e+01,6.326308417821862804e+02,6.219970926521117462e+02,1.641520369469196439e+01,8.491948332679627356e+02,5.840118962144800889e+02,1.510082432501315566e+02,3.631052091382951517e+02,3.409365147266880740e+02,-9.344255425284111993e+01,1.209802202588260343e+03,4.194260763947519308e+02,1.788420101352577873e+01,4.800126426850387418e+01,2.058911411361036059e+01,-1.789401608843907354e+01,1.289285175738031739e+03,-7.109263624476520249e+01,2.900879536555991081e+02,-2.544662677866006106e+01,-4.044367868695000112e+01,4.093381617000149220e+01,1.544012566268397904e+03,3.201925607701936372e+01
6.391887698189293587e+02,8.268147390087676740e+02,7.703605651889612318e+02,4.109748127865503875e+02,6.490191008252317033e+02,8.061652199446963323e+02,4.048584855731174343e+02,9.415467333625624633e+02,6.476094548824016783e+02,4.181239472892142999e+02,4.298260977761835875e+02,1.020767442397312493e+03,2.791760515869853521e+02,1.157966801360824547e+03,7.876150552893442409e+02,4.010811914814311763e+02,2.886568155464537426e+02,9.704137434052128128e+02,1.192207161502064849e+02,1.404734535723632007e+03,8.697568174202289129e+02,7.706236718268480956e+01,6.659196395312903860e+02,6.053474945031440484e+02,1.444024866152426689e+01,8.816574818459714606e+02,5.739897517535196130e+02,1.507362418906320727e+02,3.922870386407706178e+02,3.195691677476310701e+02,-1.096348787306899339e+02,1.241433796282713274e+03,4.149607502320527033e+02,2.430066243661283565e+01,5.886872818563526266e+01,2.281768922488496187e+01,-1.276567395163757013e+01,1.295878434966746909e+03,-7.515581190634570419e+01,2.919831274725628987e+02,-2.399808338222497639e+01,-4.241259378491624688e+01,2.239339597307907326e+01,1.565227489276076540e+03,1.541660865162930527e+01
6.393125076199368095e+02,8.627283025310731546e+02,7.846513676275606031e+02,4.029637578530463315e+02,6.919009860647055348e+02,8.160034238502536255e+02,4.108763174501520439e+02,9.728004353269686817e+02,6.683080175448473028e+02,4.215132274745506606e+02,4.674306829349517329e+02,1.026795889847901663e+03,2.802845313363491755e+02,1.179686250355869333e+03,8.225196763364576782e+02,4.414524159198750226e+02,3.259568309432029309e+02,9.552044757376095276e+02,9.901371796743976006e+01,1.418196962110509730e+03,8.934121439744616282e+02,8.695886221745115563e+01,6.987691969515614119e+02,5.885346502816892098e+02,1.233428621710452866e+01,9.127851423849351704e+02,5.646133434647995273e+02,1.502377231045204837e+02,4.228883453626294227e+02,2.960848940751914711e+02,-1.256084392597269499e+02,1.271896361979908306e+03,4.092767539442788234e+02,3.200434476749300927e+01,7.117593694655735703e+01,2.614316735460312913e+01,-6.130983755090049669e+00,1.301882945917182724e+03,-7.967526537045337420e+01,2.936393823685169195e+02,-2.102385163046356453e+01,-4.500726799363862796e+01,9.941563571587817449e+00,1.584354276815420917e+03,-3.000849989329798184e+00
6.376633144107089493e+02,8.986636257339748681e+02,7.993458971219839668e+02,3.931943101473096931e+02,7.336073710692470513e+02,8.234876396923218635e+02,4.144472922070023628e+02,1.004717053688883539e+03,6.907619598462998738e+02,4.194756063069674497e+02,5.019460907326585470e+02,1.028348417668340289e+03,2.751484398172347596e+02,1.200582070735438265e+03,8.588596965064915594e+02,4.821041840041502837e+02,3.644008067380436273e+02,9.431163561659002426e+02,6.993021417205767420e+01,1.426610194534898255e+03,9.157801721126573966e+02,9.929908610665356150e+01,7.321574450506255971e+02,5.719211871012531674e+02,1.001160870232097366e+01,9.422885166335906888e+02,5.559616057333169010e+02,1.497224555136737081e+02,4.549353562492944434e+02,2.713201940757711554e+02,-1.406262909206353413e+02,1.299419395888070312e+03,4.023032143396484344e+02,4.074781525381364844e+01,8.520269262343444439e+01,3.112693557612143280e+01,8.463244015283222232e-01,1.307710530910211446e+03,-8.475386370004143544e+01,2.942403390876385174e+02,-1.624969795162825292e+01,-4.817825295029290800e+01,3.728261403853840861e+00,1.601178401867205139e+03,-2.271652711341105757e+01
6.335117977386611301e+02,9.342671255653607432e+02,8.145724438985906772e+02,3.816185877729018898e+02,7.737679108185245695e+02,8.277265652364875450e+02,4.141928957761188030e+02,1.037652426070097363e+03,7.147672210265579906e+02,4.126220055293981659e+02,5.318533696281582479e+02,1.023345126418270866e+03,2.622762825934054831e+02,1.219501160939797728e+03,8.953712903072545259e+02,5.218796525147146212e+02,4.048667936606192939e+02,9.349610711209764986e+02,3.215153492134633240e+01,1.428470277200655573e+03,9.360261551864693956e+02,1.137940841212835323e+02,7.674695599202406129e+02,5.556616090292584431e+02,7.362601931713111725e+00,9.703329382250830122e+02,5.480639921000495178e+02,1.493605132994630935e+02,4.883006047740956319e+02,2.463311626160397338e+02,-1.542954497596449812e+02,1.322607885679618221e+03,3.942156816001547668e+02,5.013406783810205525e+01,1.012492754673835691e+02,3.820650367685691151e+01,6.979060228461610116e+00,1.314101301836994480e+03,-9.018465676053602920e+01,2.925140716546677027e+02,-9.662283301983503492e+00,-5.188949384431762724e+01,2.659181808999127483e+00,1.615885431556551339e+03,-4.300566115040607684e+01
6.265702314190543802e+02,9.692148582596541928e+02,8.308615743464368961e+02,3.687640226048654881e+02,8.123193122652298825e+02,8.281796989013382699e+02,4.089693425354437295e+02,1.071858388291129131e+03,7.402071698016061418e+02,4.031557573403768515e+02,5.563483972007943521e+02,1.009385427514801790e+03,2.409044555970723707e+02,1.235152151958053309e+03,9.303851755192506516e+02,5.591752844881444844e+02,4.481802841928551970e+02,9.298084375417329284e+02,-1.276738710920102093e+01,1.422993121743561005e+03,9.529315587772284744e+02,1.296652214042115361e+02,8.060980808179650694e+02,5.396099883467012432e+02,4.187469464787547224e+00,9.974404801560676788e+02,5.409292074911862755e+02,1.491244089650185458e+02,5.226041732648990319e+02,2.221923294911894118e+02,-1.666805136852680675e+02,1.341030955736597662e+03,3.854728547120529925e+02,5.967744364048500216e+01,1.194718872313234641e+02,4.746600312965937718e+01,1.148860115442796115e+01,1.322079763115480318e+03,-9.544969557088707290e+01,2.867129110563128052e+02,-1.544242604281671039e+00,-5.619273524812076204e+01,4.717199103789178061e+00,1.629258855622696046e+03,-6.288261791897249253e+01
6.170876568658054566e+02,1.003114354708143992e+03,8.487290945285137695e+02,3.559686199218707543e+02,8.494919643709698676e+02,8.245151544222470648e+02,3.980210575583966488e+02,1.107168876361700313e+03,7.667977053636000164e+02,3.949434542439547045e+02,5.761155793046239069e+02,9.841131872938946117e+02,2.111226745007873262e+02,1.246366811778172405e+03,9.618463775314204440e+02,5.922303034617938238e+02,4.947989586481657511e+02,9.248676290587289941e+02,-6.214814136357605889e+01,1.410353316307001478e+03,9.650131969307099098e+02,1.457113118588804923e+02,8.490022831700974848e+02,5.233536380887046562e+02,1.966233750887104448e-01,1.024222923871983312e+03,5.346104317107422048e+02,1.486615498880920256e+02,5.571893405383565323e+02,1.997962280960920225e+02,-1.781855711281359333e+02,1.355343031644265011e+03,3.767942602145585056e+02,6.888451051260237534e+01,1.397448319056594244e+02,5.842702635535478350e+01,1.421939936461610898e+01,1.332645421039677103e+03,-9.984857834912565977e+01,2.748387385864257908e+02,7.625562855943766039e+00,-6.127228327927890206e+01,7.570833258555987655e+00,1.642405915077016743e+03,-8.116224655870423987e+01
6.057631534922708170e+02,1.035458228170682105e+03,8.682283392828454680e+02,3.453561466249033742e+02,8.857753358059075026e+02,8.164667965015416939e+02,3.810811006052934999e+02,1.142721288958855666e+03,7.938425687530267396e+02,3.929078026668414623e+02,5.940147904766641886e+02,9.458160414326364389e+02,1.737859042239044243e+02,1.252388217657963423e+03,9.874357657121770444e+02,6.196478712822357693e+02,5.446717355656661539e+02,9.159819395395113588e+02,-1.127229409545868464e+02,1.391777786195326598e+03,9.706095530507507192e+02,1.604935606647167674e+02,8.963533622652239501e+02,5.063935156787525216e+02,-4.886952259653532415e+00,1.051037194554747202e+03,5.292710483250087918e+02,1.472989503757543446e+02,5.912203784890297129e+02,1.796974232476025009e+02,-1.892535002396565744e+02,1.366867545278851594e+03,3.690427156186637490e+02,7.735085684026859099e+01,1.616609464356494357e+02,6.996487963268067745e+01,1.557452659675070095e+01,1.346312097113969003e+03,-1.027313738299348387e+02,2.551721405076397389e+02,1.743403025827793584e+01,-6.741409650094861661e+01,9.268636900570959014e+00,1.656124776655928599e+03,-9.667318010390525274e+01
5.935202446097987377e+02,1.065745137554799157e+03,8.887108704956631300e+02,3.394576537253761330e+02,9.218927971893208451e+02,8.038808503996666559e+02,3.584436371183995220e+02,1.176891402271093739e+03,8.201353555109199078e+02,4.017609516555389746e+02,6.153075118816756230e+02,8.941525796302031495e+02,1.303125294460489840e+02,1.253110090509075235e+03,1.004828648335870298e+03,6.410464300665402106e+02,5.973740889433379380e+02,8.987087549521786514e+02,-1.612425209910261117e+02,1.369546975368564063e+03,9.679840101434889448e+02,1.726017564555298520e+02,9.473434226465928987e+02,4.884240103884549171e+02,-1.114983043796147300e+01,1.077703245490188465e+03,5.252024105188613703e+02,1.442361345106513681e+02,6.238816266842368350e+02,1.620350721605612421e+02,-2.000297626360113554e+02,1.376871338628319108e+03,3.630035157428512207e+02,8.484985391118688369e+01,1.846912932192609844e+02,8.044776564398291896e+01,1.624242079836606223e+01,1.362705894743658291e+03,-1.037657759189203546e+02,2.269876198586191549e+02,2.786122164606827667e+01,-7.487611959248347659e+01,8.772035900097524319e+00,1.670268686260523964e+03,-1.085675517527790674e+02
5.812326039228615855e+02,1.093733104746472463e+03,9.089115441907106288e+02,3.405201252051289202e+02,9.587701414365554911e+02,7.869903918229522333e+02,3.310306468847236943e+02,1.207525685750544881e+03,8.440853901425003869e+02,4.244183936258724543e+02,6.470275016176901772e+02,8.307692554287636995e+02,8.253407178708206970e+01,1.249165773610506449e+03,1.012096004128310028e+03,6.576150602131525602e+02,6.525313070277964016e+02,8.697212954917373509e+02,-2.049515426513525824e+02,1.346869158123173520e+03,9.555870566924857030e+02,1.809427444846588173e+02,1.000186598808421763e+03,4.696011893869604137e+02,-1.832131293510650494e+01,1.103406099740401032e+03,5.227650761583598751e+02,1.388846432751409168e+02,6.545849893012035636e+02,1.465568069702336800e+02,-2.101608294074906382e+02,1.385919292088393149e+03,3.591211492234686489e+02,9.137833869735790415e+01,2.084018427004828311e+02,8.811827184856196027e+01,1.686470548601806385e+01,1.380421803531242404e+03,-1.031217987175158157e+02,1.911755704606872825e+02,3.947487120179359010e+01,-8.369571266755477268e+01,6.138706055137140183e+00,1.683491872750693119e+03,-1.165850975963364533e+02
5.695014810014038176e+02,1.119648853327953020e+03,9.272926969005509363e+02,3.496968321611890929e+02,9.974413013082114503e+02,7.667408422373340500e+02,3.004319901757919524e+02,1.232421425969486336e+03,8.640496102023473668e+02,4.606779323490750357e+02,6.963439194413069799e+02,7.595144209942939142e+02,3.269833997811111459e+01,1.241806700563573486e+03,1.008197275959670378e+03,6.722766141387151038e+02,7.104410072552193469e+02,8.280912029271592019e+02,-2.418293309838764742e+02,1.327498975938651029e+03,9.325752858528014713e+02,1.849802136877385124e+02,1.052319753874894559e+03,4.506628129469500550e+02,-2.572195790812484617e+01,1.126832096978169830e+03,5.222651476941325654e+02,1.312119225766257955e+02,6.830795957676307353e+02,1.327427559287623069e+02,-2.188360679256761330e+02,1.393639672022682589e+03,3.573148692170460663e+02,9.713713769249893915e+01,2.325736248907440711e+02,9.161034303100556997e+01,1.779549229693153123e+01,1.397250103301770423e+03,-1.014514403180788520e+02,1.504479170448290688e+02,5.331483715674768575e+01,-9.353212049373837544e+01,2.310510755500905233e+00,1.693582512386007011e+03,-1.211241254051372493e+02
5.585600305782969599e+02,1.144184934786977237e+03,9.424624565807382623e+02,3.664211890674146730e+02,1.038852466484997422e+03,7.448855730682065541e+02,2.688432009712302033e+02,1.249913541960139810e+03,8.787608482706410769e+02,5.067719867202808928e+02,7.682719286921731054e+02,6.860532938193699692e+02,-1.643869201367314403e+01,1.232607239465948169e+03,9.934310745777270313e+02,6.891952343485164647e+02,7.727083683200395399e+02,7.759529996031697010e+02,-2.706203822209094483e+02,1.315019664597716428e+03,8.994712606320724717e+02,1.848597044390866984e+02,1.100800701720345160e+03,4.328067056724474924e+02,-3.238566234182975734e+01,1.146501593341390617e+03,5.238166758769077660e+02,1.219042680982881421e+02,7.094204405985570929e+02,1.199928848992719992e+02,-2.250693210466629637e+02,1.398993133459228829e+03,3.569873152564526890e+02,1.024507944079146995e+02,2.571436472527717001e+02,9.039358160336632864e+01,1.903670827593580128e+01,1.410747971445108988e+03,-9.962052623466924217e+01,1.089245194234017333e+02,7.045342832269500377e+01,-1.036531747249536011e+02,-1.386844463261039051e+00,1.698293484553054896e+03,-1.230681369790442830e+02
5.483267587480307839e+02,1.168274413514353228e+03,9.534945235172493767e+02,3.882610424304591561e+02,1.083595981734202724e+03,7.236839619210916226e+02,2.388134055918127387e+02,1.259404819662482623e+03,8.876965437116310795e+02,5.561336053025388537e+02,8.635980627977251061e+02,6.169194349379745290e+02,-6.164529480417173346e+01,1.223115960157895643e+03,9.696460403950820819e+02,7.125370893323528207e+02,8.426137298543792440e+02,7.181740875055526203e+02,-2.907522993816389203e+02,1.311919195816080673e+03,8.586073750567769594e+02,1.813804410054921732e+02,1.142863471807790802e+03,4.173492626733113866e+02,-3.732267192992730998e+01,1.161192078031286883e+03,5.272612143646484810e+02,1.122192921170169200e+02,7.338468125963512421e+02,1.078155833045023826e+02,-2.281008434097984718e+02,1.400863130933596722e+03,3.572505934702901413e+02,1.076513926647684798e+02,2.820249340697703246e+02,8.493819869957442847e+01,2.033833512835410318e+01,1.418981648137237016e+03,-9.829846885025671099e+01,7.115000327511997114e+01,9.143198519982549044e+01,-1.131096282017467729e+02,-3.829051819598433770e+00,1.696309499509797433e+03,-1.234548184967527220e+02
5.385667870446968664e+02,1.192800195829474205e+03,9.600892606974750834e+02,4.114014898863758276e+02,1.131670632039018528e+03,7.053008572505419806e+02,2.127849278546378287e+02,1.261696276047559195e+03,8.912554482573002588e+02,6.012116936705472199e+02,9.780315664447820154e+02,5.582812177971354686e+02,-9.957697992035599555e+01,1.214584282302088241e+03,9.400431556845148862e+02,7.447005466575899391e+02,9.248828546901196432e+02,6.609971622925147585e+02,-3.022301795294667386e+02,1.318808683029678605e+03,8.139622590198222269e+02,1.758220215306480725e+02,1.176516641077391796e+03,4.053162078167057985e+02,-3.980917603660742543e+01,1.170318969123168927e+03,5.322005174252204824e+02,1.035445883906839839e+02,7.566734768254367509e+02,9.596135950378597101e+01,-2.277320212957804983e+02,1.398637666044551679e+03,3.572716325461714177e+02,1.129598107906090263e+02,3.069609401493381142e+02,7.651768940168206257e+01,2.137625579451582780e+01,1.421161954252670512e+03,-9.763257325198085823e+01,4.086660797741836149e+01,1.158894327862294915e+02,-1.210327020430851945e+02,-4.545251850896730339e+00,1.687889687994626911e+03,-1.231569205319227649e+02
5.290721402053270594e+02,1.218430114012562171e+03,9.626173876917089274e+02,4.316480737320986805e+02,1.182377998868734721e+03,6.912277246395819930e+02,1.925355537213359867e+02,1.259006967005799424e+03,8.906848763997768401e+02,6.356390025748805783e+02,1.103173456525925531e+03,5.148080125521807986e+02,-1.274787413438904622e+02,1.207844824955422609e+03,9.085477924268408287e+02,7.845781145728446972e+02,1.024630751397638051e+03,6.101081513229559050e+02,-3.055374699710928326e+02,1.334163641508765522e+03,7.702688804585734488e+02,1.696813204188920849e+02,1.201008389925559186e+03,3.971682467048977969e+02,-3.957056822018725484e+01,1.174160825564732022e+03,5.381425433459402257e+02,9.684540788483108997e+01,7.782654453964611321e+02,8.447671802308262556e+01,-2.244275072926878067e+02,1.392515178366196551e+03,3.565667427360342572e+02,1.183984150544212497e+02,3.315379610302080664e+02,6.674563158947779584e+01,2.190503205450411528e+01,1.417915891058770740e+03,-9.721858426458432234e+01,2.001887523418936610e+01,1.426114939391885912e+02,-1.269148659089101159e+02,-3.875558879383731004e+00,1.674882920457052023e+03,-1.227169305429358133e+02
5.197662339452771221e+02,1.245653380992626808e+03,9.620894166715863776e+02,4.455939639378998436e+02,1.234424968790614457e+03,6.820442272948571372e+02,1.787406734054386561e+02,1.254624288638721964e+03,8.877799361897534709e+02,6.558069336269456926e+02,1.229068664121981328e+03,4.889369144666608236e+02,-1.439679791571171563e+02,1.203333567686521292e+03,8.789180723623811673e+02,8.266113378956254110e+02,1.145576897986462427e+03,5.689609424193239420e+02,-3.015302377860475076e+02,1.354759042046319564e+03,7.316880778346542229e+02,1.643996222761144850e+02,1.216990218063955354e+03,3.927836555302924353e+02,-3.678343694863823288e+01,1.173869118828988121e+03,5.446884070596779566e+02,9.226543269240538336e+01,7.990756117920720953e+02,7.368286010488165516e+01,-2.191369080855518234e+02,1.383474019286605426e+03,3.551082912094828998e+02,1.237641017275747970e+02,3.553405090822095644e+02,5.706855573740252652e+01,2.182757941107078636e+01,1.411091881572978082e+03,-9.640978133034069231e+01,8.386931064118359203e+00,1.699787613169592646e+02,-1.307428396598392624e+02,-2.785056439807359840e+00,1.660149692510122804e+03,-1.223672397990828102e+02
5.106816355092845470e+02,1.274933549095154603e+03,9.600211055439181109e+02,4.515001827208332088e+02,1.286232930532481078e+03,6.776076089512398539e+02,1.708638525519243956e+02,1.252217566983033976e+03,8.844303352513607024e+02,6.611560996723261496e+02,1.347300503898534771e+03,4.806425758352700655e+02,-1.495051599189673368e+02,1.201200624731226299e+03,8.538699127732128318e+02,8.612722099981226620e+02,1.288075255928112483e+03,5.381569626631300025e+02,-2.913231728945087298e+02,1.376646437857326646e+03,7.006121456638152267e+02,1.611504381576763762e+02,1.226308078542438807e+03,3.916595659006969754e+02,-3.191629641267486406e+01,1.171265716772623591e+03,5.516494441527808021e+02,8.907548366240771998e+01,8.196511378379781263e+02,6.409402097730456660e+01,-2.129394551748242179e+02,1.373028509623066157e+03,3.532226583429775815e+02,1.286761781481453966e+02,3.781074668051757044e+02,4.843761116127231503e+01,2.118334131766749096e+01,1.403194332957926463e+03,-9.478857572574555945e+01,3.959792583814251810e+00,1.965505487399430820e+02,-1.329340685002390785e+02,-2.426652222762322175e+00,1.646715042872127697e+03,-1.221605521868562931e+02
5.018337508089566086e+02,1.306807572451549049e+03,9.581300065009583022e+02,4.495699201400964284e+02,1.336370050087807158e+03,6.774719340380532913e+02,1.674410670990483538e+02,1.254967952448708047e+03,8.821279704794350209e+02,6.531727747522556911e+02,1.453252897891383554e+03,4.876397035500760353e+02,-1.462748057611511001e+02,1.201444973338314185e+03,8.344886072014777483e+02,8.771159275045627055e+02,1.447778427437419623e+03,5.161475923660997296e+02,-2.761983982367319186e+02,1.396287033516479369e+03,6.771187047891369275e+02,1.607247653947048889e+02,1.231489680937690309e+03,3.931717282853315965e+02,-2.549967171987004733e+01,1.168479827253066560e+03,5.590177107914868202e+02,8.598529976207277059e+01,8.405253727017774281e+02,5.629023151110730083e+01,-2.066994512087390490e+02,1.362933270447035511e+03,3.513752449756310625e+02,1.326858964111865475e+02,3.997448708498579322e+02,4.126856091048738051e+01,2.008802247950480080e+01,1.396665693248738080e+03,-9.250972459052150043e+01,3.822298945636308787e+00,2.214634903508412833e+02,-1.341250614853366301e+02,-3.657528993832422248e+00,1.637034665563342060e+03,-1.221049636920942874e+02
4.930747745633618706e+02,1.341800294716492772e+03,9.578754504276331545e+02,4.415835361853054906e+02,1.383946966016487295e+03,6.812149098030469077e+02,1.666295201499554537e+02,1.264765885239466115e+03,8.815789269416238767e+02,6.337912485741088631e+02,1.546530446496356490e+03,5.058955939204598735e+02,-1.374951393338912169e+02,1.204020581121233363e+03,8.200994797302731740e+02,8.638796055612244800e+02,1.615619283622618923e+03,5.007897947974150270e+02,-2.575626896276637581e+02,1.411429449853600772e+03,6.592847231117006004e+02,1.635133719976337545e+02,1.235106277877520824e+03,3.967332188104228976e+02,-1.792678308428829226e+01,1.167505462757911801e+03,5.668063312732745089e+02,8.166557495414001266e+01,8.620033610304070635e+02,5.076938640157154481e+01,-2.008793195513373746e+02,1.354912721924186826e+03,3.499778406909356363e+02,1.354014052757922286e+02,4.201775596132715691e+02,3.564470774642210671e+01,1.865849721522360483e+01,1.393245583200924557e+03,-9.029434635387002572e+01,5.131243985852770528e+00,2.444784534531756606e+02,-1.349161096830391386e+02,-6.729737262006697307e+00,1.632592802250147997e+03,-1.222450610078945203e+02
4.840253139435054095e+02,1.380155807980932423e+03,9.599965497700056858e+02,4.301263513071916691e+02,1.428798531202369759e+03,6.884658225769130695e+02,1.667718182157970546e+02,1.281748315071656862e+03,8.825652305924102166e+02,6.041812872757706145e+02,1.629445012089524198e+03,5.303751401834780381e+02,-1.264567504794886048e+02,1.208879921483461885e+03,8.086438802852395611e+02,8.155720624098491953e+02,1.779272915257149407e+03,4.908255113728028505e+02,-2.369313694053535357e+02,1.421482089984859613e+03,6.441839733590410333e+02,1.695589349967889632e+02,1.239220611584030848e+03,4.018003589902636463e+02,-9.348047601123633754e+00,1.169783817491140326e+03,5.748652885992678421e+02,7.526697841021490376e+01,8.839507468256877019e+02,4.782456953980345560e+01,-1.955330452246665232e+02,1.350404642145682828e+03,3.493021635303003904e+02,1.365691454643273062e+02,4.391663558916410466e+02,3.160623397229672094e+01,1.695130711071292140e+01,1.393583486637749274e+03,-8.906558073389406616e+01,5.797120594093438939e+00,2.657439613383083952e+02,-1.356722967386976393e+02,-1.127535065489058219e+01,1.633832365976636765e+03,-1.226902370719023025e+02
4.741373299776527688e+02,1.421523947921729814e+03,9.642850758750955720e+02,4.177467526101586941e+02,1.471354361391277280e+03,6.986789106306862323e+02,1.667492073608783869e+02,1.304360508360941139e+03,8.841412051170080986e+02,5.645706929062259860e+02,1.704471908541944003e+03,5.559713747828932355e+02,-1.156912234536003155e+02,1.215942131863541363e+03,7.974724882152295322e+02,7.324010637432456861e+02,1.925646858667173547e+03,4.864771608594646182e+02,-2.158802467686185764e+02,1.427353567708935998e+03,6.291176785352917022e+02,1.786380241632840580e+02,1.245086462826346633e+03,4.077978038510696592e+02,3.254339911902676130e-01,1.175930889061967946e+03,5.828003074037607121e+02,6.676460032720926563e+01,9.057279744333370672e+02,4.749961700258245401e+01,-1.904019904238619176e+02,1.350306210246168575e+03,3.494928456995216948e+02,1.360803851308772607e+02,4.562565064041049254e+02,2.935569099607089072e+01,1.494495155258747054e+01,1.397203118819842757e+03,-8.943823727667015078e+01,4.706460699774485335e+00,2.854873304411015056e+02,-1.364333563260520350e+02,-1.654659464734744745e+01,1.640292352531667120e+03,-1.236070079531658905e+02
4.628682729483294338e+02,1.464788679362136463e+03,9.697619055477053962e+02,4.063154730822594161e+02,1.512248891487341780e+03,7.108920002338309132e+02,1.660361506150948401e+02,1.329940956041650907e+03,8.851239651851660710e+02,5.150510741593233206e+02,1.772084445676571477e+03,5.785087124676125541e+02,-1.065519630534141555e+02,1.224993490813490553e+03,7.843279511299174374e+02,6.208065419992352645e+02,2.043570694222463771e+03,4.889504352860090535e+02,-1.959169657189413840e+02,1.430895005388197887e+03,6.125696662064199245e+02,1.903344904130572104e+02,1.253157203257650508e+03,4.140856808065061045e+02,1.132542371437483197e+01,1.185706446065436694e+03,5.900623786691668329e+02,5.703381140874741817e+01,9.263415252247449416e+02,4.964592370794859733e+01,-1.850275469070606391e+02,1.354777987920843771e+03,3.506156297689104804e+02,1.339232217970103989e+02,4.709243651694793584e+02,2.928581532253168618e+01,1.258941015897591242e+01,1.402811604732779870e+03,-9.136795147700917141e+01,1.556700411378794557e+00,3.038204162318170916e+02,-1.369320163513847888e+02,-2.174734764501254247e+01,1.650823226974655199e+03,-1.251706398738170378e+02
4.498886128509795412e+02,1.508150460643563974e+03,9.752220966002030309e+02,3.967103645703667212e+02,1.551847952231298905e+03,7.237164087568173727e+02,1.645319435289096930e+02,1.355607188155888252e+03,8.846944828185573897e+02,4.567071822557380187e+02,1.830089158850821832e+03,5.955766315645927307e+02,-9.925042992047377766e+01,1.235548427362056827e+03,7.681843762605010397e+02,4.916349861627397217e+02,2.125868072673340066e+03,4.992939123781792432e+02,-1.782690422130088166e+02,1.434135950232144978e+03,5.945394959537092063e+02,2.040832625522138812e+02,1.263326714821615042e+03,4.200437016280940270e+02,2.387060078536269359e+01,1.198232072912913281e+03,5.961730629303174283e+02,4.763699891170018219e+01,9.447535209655627568e+02,5.404591595004114168e+01,-1.788568617866269221e+02,1.363201141361268128e+03,3.526872363853426577e+02,1.301335955164839504e+02,4.828338870675179919e+02,3.184426156782263817e+01,9.913466310587036645e+00,1.408825426845142374e+03,-9.416833738058313941e+01,-3.496305374720760195e+00,3.207126669850510439e+02,-1.366908222306489620e+02,-2.627316906379974881e+01,1.663814029084652930e+03,-1.274656148327289600e+02
4.352339417886703927e+02,1.549434052526319419e+03,9.798895504883045078e+02,3.888245154906564380e+02,1.589901481400307148e+03,7.356284213460451156e+02,1.623378487266402601e+02,1.379078374431613383e+03,8.828438167019203320e+02,3.922662917926047044e+02,1.874680627398376146e+03,6.068850130263488154e+02,-9.319112886612022351e+01,1.246729335960612389e+03,7.496245843081220528e+02,3.572358519423764847e+02,2.170314854235493840e+03,5.173667591368422336e+02,-1.636402835979462225e+02,1.438512117475284867e+03,5.762157604576417498e+02,2.191920501214725618e+02,1.275229737471809131e+03,4.252447317178294384e+02,3.800086648876005313e+01,1.212349985498129627e+03,6.009688765227665499e+02,4.037724085008431985e+01,9.601952649342722452e+02,6.052406385212264439e+01,-1.713695727551198615e+02,1.374334887555876321e+03,3.556845321474443153e+02,1.247899270807372289e+02,4.920280302592825024e+02,3.732752122714333609e+01,7.133719229683231688e+00,1.413904295735128244e+03,-9.687650112961051718e+01,-1.017770994362683901e+01,3.360630681505361395e+02,-1.351619928512205320e+02,-2.976310858970670026e+01,1.677434224520751059e+03,-1.303649304527750417e+02
4.193418947349224482e+02,1.586492989855655878e+03,9.838272638004989403e+02,3.818274774300989520e+02,1.625469334209136832e+03,7.454115858411973932e+02,1.596239225789299496e+02,1.399109480546787381e+03,8.804447908122203899e+02,3.258297252950817438e+02,1.902473356239500617e+03,6.139452777562938763e+02,-8.739326316738232947e+01,1.257255561703120293e+03,7.306093280144990558e+02,2.286193004726955280e+02,2.179418979187399600e+03,5.414831756320108980e+02,-1.520311681918811644e+02,1.444292802602983329e+03,5.592612078221618503e+02,2.348699630278077564e+02,1.288434762157024579e+03,4.296115319464190634e+02,5.346179860934633865e+01,1.226954535474325667e+03,6.047332615190847491e+02,3.675751968798942926e+01,9.723447549974076765e+02,6.897311245213796838e+01,-1.622423989808172564e+02,1.386621146425932466e+03,3.595618363749115929e+02,1.180610638474503276e+02,4.989294759122454934e+02,4.571559587042349193e+01,4.686835762625015889e+00,1.417301912984065666e+03,-9.873701954489928312e+01,-1.828717831907347957e+01,3.497765955930603923e+02,-1.318750916916700078e+02,-3.199872347166058262e+01,1.689926401013515033e+03,-1.334714929580194394e+02
4.029578125585633757e+02,1.617584744251136271e+03,9.878685093571691596e+02,3.745812315524201495e+02,1.657157759232337639e+03,7.524951734270089219e+02,1.566202758228695302e+02,1.415432816873916636e+03,8.789036680290374761e+02,2.618475769210667181e+02,1.912326061236969963e+03,6.191664972780685048e+02,-8.085811495233042479e+01,1.265624051353603363e+03,7.137551142193669875e+02,1.136235440575876794e+02,2.159314058046446917e+03,5.688357531020031956e+02,-1.427342178809402924e+02,1.450412506102727093e+03,5.451211063635934124e+02,2.502886311291466939e+02,1.302475651537642761e+03,4.334504683283172994e+02,6.968726631024279072e+01,1.241176700214112088e+03,6.081425156000735797e+02,3.753695266667192953e+01,9.813376832917118691e+02,7.928124238440229021e+01,-1.515104024159831795e+02,1.398519049619867928e+03,3.642856756340282800e+02,1.102879707374208920e+02,5.041656145468616046e+02,5.662869798287587741e+01,3.137528335383014344e+00,1.418951618535631951e+03,-9.952020569558263219e+01,-2.768922237620525451e+01,3.618035292768820455e+02,-1.265515323589521302e+02,-3.278124327246008107e+01,1.699954354352236123e+03,-1.362021573277853292e+02
3.869369716786871436e+02,1.641662556143319989e+03,9.931113184506289144e+02,3.660948504655789293e+02,1.683593941549984947e+03,7.570117531942477171e+02,1.536609943645568706e+02,1.428373376376913257e+03,8.795641368161150240e+02,2.039350220053738667e+02,1.906060227872017549e+03,6.247511334790682440e+02,-7.283746923838047849e+01,1.270480795635597360e+03,7.014458628787555199e+02,1.644533585579104340e+01,2.118220963811315414e+03,5.963758246507176182e+02,-1.345795539451929983e+02,1.454830699289060249e+03,5.346630331474144668e+02,2.646775514748949831e+02,1.316806551486225771e+03,4.373291717642779304e+02,8.589220791552901346e+01,1.254418099548210876e+03,6.120462634400539628e+02,4.255431123826983253e+01,9.876874984718925816e+02,9.121335269583174465e+01,-1.396397436234948373e+02,1.408769322627183328e+03,3.698541910775824704e+02,1.020689717702814505e+02,5.083517742183688028e+02,6.943139283559618491e+01,2.987393198330285049e+00,1.419327826282159094e+03,-9.952120094476549639e+01,-3.811440790375162635e+01,3.721548908487108065e+02,-1.191412050652995305e+02,-3.191522172021530679e+01,1.706919577567804936e+03,-1.380080328404890224e+02
3.720118304803625051e+02,1.658581844817642150e+03,1.000273778012374692e+03,3.558895315016829954e+02,1.703977153191016896e+03,7.595781482596783007e+02,1.511809035668176477e+02,1.438443518267302352e+03,8.831671181578346932e+02,1.541545460752237489e+02,1.887910062119809027e+03,6.318755311852963814e+02,-6.299990659763438572e+01,1.271056747919457166e+03,6.951523667805286095e+02,-6.174389635397707110e+01,2.064880523584136427e+03,6.216687031335459324e+02,-1.264080058936793733e+02,1.455356920707336030e+03,5.282112029536091313e+02,2.774332984017731292e+02,1.330817878623464367e+03,4.418547555690894342e+02,1.012438218213012533e+02,1.266318223451089352e+03,6.171782189886432661e+02,5.088737129849521779e+01,9.922046562448107352e+02,1.043287536781642757e+02,-1.274467865979652288e+02,1.416559472918335587e+03,3.762560630375770643e+02,9.431599239015238823e+01,5.119788679834636014e+02,8.345104109441867024e+01,4.474620664815362581e+00,1.419186409621061102e+03,-9.930331921496008363e+01,-4.886443235197638302e+01,3.809146962137029391e+02,-1.097519544886273621e+02,-2.932899709267687172e+01,1.711079567899981157e+03,-1.386117373220230320e+02
3.586162383083895406e+02,1.669199981821258234e+03,1.009267987477210454e+03,3.441612700892385419e+02,1.718495337972830839e+03,7.609474745167287892e+02,1.496224761583751501e+02,1.446147070273649206e+03,8.896254844868393548e+02,1.130426823293628615e+02,1.863200134843084015e+03,6.404676617467803226e+02,-5.148268243571733649e+01,1.267468605906521816e+03,6.952070424148416805e+02,-1.217053642774511246e+02,2.007198774460719505e+03,6.433671871074578803e+02,-1.176162382348973381e+02,1.450647218629843337e+03,5.258305382863461546e+02,2.882133115993348156e+02,1.343978347585541542e+03,4.474555823460152624e+02,1.150484975932941154e+02,1.276737206185524428e+03,6.239123498238483307e+02,6.127472313821422034e+01,9.959347563385844069e+02,1.179934002443967813e+02,-1.158774589127485513e+02,1.421620107242650647e+03,3.833634139602252162e+02,8.824385234305536585e+01,5.154595680359826702e+02,9.823149852535073023e+01,7.464960385732665848e+00,1.419284949521902718e+03,-9.939767453335721825e+01,-5.858632784081091671e+01,3.882459747185575907e+02,-9.848662893038287791e+01,-2.524191051095606753e+01,1.713341402265983106e+03,-1.381050474744094174e+02
3.468401456653991204e+02,1.675295074182148483e+03,1.019190802102099838e+03,3.316918968302318831e+02,1.728416100010373157e+03,7.617053849853942893e+02,1.492953276254835657e+02,1.452012246293517137e+03,8.981789208171753671e+02,8.020083807327979741e+01,1.836964696284214369e+03,6.495646028441568660e+02,-3.881292156061233101e+01,1.260728715953094706e+03,7.010416400395109804e+02,-1.651251439523952342e+02,1.951234332565034265e+03,6.612166763741788600e+02,-1.085214825485345784e+02,1.440931185699093703e+03,5.276354587911199587e+02,2.969834575912142327e+02,1.356035606324928949e+03,4.542540783798574466e+02,1.268880551086949993e+02,1.285769649299921184e+03,6.321489194370786890e+02,7.260776525591822406e+01,1.000064124729659852e+03,1.314901336533515064e+02,-1.057413013736900496e+02,1.424278471755538476e+03,3.908191486893695696e+02,8.525132578777461845e+01,5.192635181119215986e+02,1.137174267277241597e+02,1.148676645147818398e+01,1.420162737245548669e+03,-1.001516017794699991e+02,-6.529801314546998015e+01,3.943757275689613380e+02,-8.526518612571487665e+01,-2.023597719648748594e+01,1.714788771044254418e+03,-1.368364048342018009e+02
3.365211702990528124e+02,1.679225070553078695e+03,1.028686604467716961e+03,3.195523803831478631e+02,1.735771331604716352e+03,7.621193464918309246e+02,1.502752929275678184e+02,1.456693219632370301e+03,9.077857115764797982e+02,5.497821667412986812e+01,1.813005582113139326e+03,6.579580562595847368e+02,-2.571513416818388365e+01,1.252438440217475545e+03,7.116644303783034502e+02,-1.939928319856363714e+02,1.900651164913075490e+03,6.757327429323695469e+02,-1.003157899831521860e+02,1.428078529104923518e+03,5.339231828583548349e+02,3.039935521074158373e+02,1.367128658716999325e+03,4.620666209789345658e+02,1.366649856212777934e+02,1.293739748017781039e+03,6.413667425261430708e+02,8.426566016442842511e+01,1.005739587386112476e+03,1.441807014576607457e+02,-9.751592199791107873e+01,1.425426803195269258e+03,3.980195799435836079e+02,8.666898664141542952e+01,5.239989913122949474e+02,1.302682536627181094e+02,1.589273257877431433e+01,1.422040346027798705e+03,-1.017595816316358963e+02,-6.676985716533856419e+01,3.995585105676497051e+02,-6.975516439625981491e+01,-1.514369105422431971e+01,1.716197966960928625e+03,-1.351686009305745131e+02
3.273981097463984611e+02,1.683336672981023639e+03,1.036478465261048314e+03,3.087152562426458644e+02,1.742725010882095830e+03,7.621672349772915140e+02,1.524044666964167050e+02,1.460952675878767423e+03,9.175236278110442072e+02,3.679942322733837301e+01,1.793502437870529548e+03,6.647695239175347979e+02,-1.286911731227040789e+01,1.244269153752257580e+03,7.260696800686390588e+02,-2.104035252521551911e+02,1.856742466829609157e+03,6.877738555895634818e+02,-9.455105749835280449e+01,1.414880347746385723e+03,5.450261304311369486e+02,3.096763379869705091e+02,1.377704857788774916e+03,4.705150505078363494e+02,1.445591981568169615e+02,1.301117766765385113e+03,6.508314120767095119e+02,9.614862179360542882e+01,1.013812494650274743e+03,1.556535876030310988e+02,-9.128669793530445986e+01,1.426303119029523259e+03,4.042640136954486252e+02,9.339800655188193446e+01,5.303218087925164355e+02,1.484519734329989546e+02,2.007724656943706520e+01,1.424855997431452124e+03,-1.043512771197498950e+02,-6.120700120359390439e+01,4.040372012832334008e+02,-5.151078999237305567e+01,-1.078213426117121543e+01,1.717820592561263538e+03,-1.332833590394482712e+02
3.192189142815673790e+02,1.689277408571570504e+03,1.041846027225705029e+03,2.997124910713043846e+02,1.750863775329545206e+03,7.617036955423374138e+02,1.553835062759114294e+02,1.465462501508022115e+03,9.268377560899153877e+02,2.499452494730070029e+01,1.779018067091724333e+03,6.697325685338618086e+02,-7.017027716760984024e-01,1.237411224326378260e+03,7.433886443148320495e+02,-2.166412932037878818e+02,1.818970222341749832e+03,6.981886630438016255e+02,-9.234757506408635663e+01,1.403811464923279800e+03,5.609329159762248764e+02,3.145013963186514729e+02,1.388265943479599855e+03,4.791976264081902173e+02,1.509342178103113099e+02,1.308352374995358559e+03,6.598964438831719690e+02,1.084364489445772506e+02,1.024588097470266121e+03,1.658067633511211625e+02,-8.680593502263397454e+01,1.428039106233618213e+03,4.090426849913847605e+02,1.055372436970089183e+02,5.386667048058839100e+02,1.686748599278854499e+02,2.366352596815385922e+01,1.428387623881688569e+03,-1.079894521061741131e+02,-4.800242556156099738e+01,4.080192284521326087e+02,-3.030535690264647997e+01,-7.658923691663185096e+00,1.719514044070077034e+03,-1.311681573615329057e+02
3.117495074334660785e+02,1.697474534074641042e+03,1.044891453826269071e+03,2.924503846399756526e+02,1.760699264558997811e+03,7.606657468938387865e+02,1.588897808463944443e+02,1.470532143621199566e+03,9.355983761628605180e+02,1.837278337707265408e+01,1.768697590686444983e+03,6.731659488250741106e+02,1.072137815877538536e+01,1.232191591636917792e+03,7.628101867287897448e+02,-2.153183988900143788e+02,1.785717281427280113e+03,7.076262121705477739e+02,-9.371069388698332148e+01,1.395870612370787057e+03,5.808933820564324151e+02,3.188436905292559231e+02,1.399092117133025567e+03,4.878442816336840337e+02,1.562405396365296895e+02,1.315691826208995963e+03,6.682753186418882478e+02,1.212587789190359473e+02,1.037686203522849155e+03,1.748489055617448571e+02,-8.360488024837313503e+01,1.431128087612836453e+03,4.123205897761409346e+02,1.221532496764723845e+02,5.489404283606824038e+02,1.908217796045090040e+02,2.659838144642845492e+01,1.432368966571358442e+03,-1.125584331950187789e+02,-2.823417123112675142e+01,4.116695874517075708e+02,-6.487716420840978770e+00,-5.787054815410666464e+00,1.721051123495855563e+03,-1.287671217232708329e+02
3.047275389412843083e+02,1.707039855955639268e+03,1.046511873961782385e+03,2.862450810576214053e+02,1.771594215555002620e+03,7.591924539976159849e+02,1.626501852337164564e+02,1.475963501887879374e+03,9.440150327093936085e+02,1.496892956308108857e+01,1.760572807037935263e+03,6.757609986810248301e+02,2.167141158548465896e+01,1.228022694229227682e+03,7.834469466818902674e+02,-2.093843843710741908e+02,1.754844275065646116e+03,7.165183685874989123e+02,-9.734039123578747876e+01,1.390144637789981289e+03,6.032853705483521480e+02,3.229253118453419233e+02,1.410114773471781291e+03,4.963810969689485546e+02,1.609496916828774431e+02,1.323103203869516847e+03,6.761402143174709636e+02,1.344986941803067282e+02,1.052085309414821268e+03,1.832330049677674424e+02,-8.109690501075078828e+01,1.435149978951676985e+03,4.146362067576575896e+02,1.413349383312479688e+02,5.603897334709890856e+02,2.141239706051313760e+02,2.913231509928154139e+01,1.436541094894283106e+03,-1.176700947793210048e+02,-4.633839487544635816e+00,4.151105206955588756e+02,1.887897927447563973e+01,-4.685192905382944417e+00,1.722350617791193145e+03,-1.261402500906907989e+02
