9.222926580770290172e+01,-4.690950963061664680e+01,1.697739300973948275e+03,-1.260287928875347419e+01,-2.024517342619963927e+02,1.401845926454187975e+03,1.579360622761763011e+02,1.151832096939699710e+02,1.419369202692322233e+03,1.326811498883758702e+02,-3.106277083614403409e+02,1.158164641336089971e+03,3.681060920097555709e+02,1.661525005927340715e+02,1.174997614039744121e+03,3.565718484192005917e+02,-2.655588708875868065e+02,1.233921025581827735e+03,5.279646501711499695e+02,1.987044142364141663e+01,1.224012659910238199e+03,2.247820401058896422e+01,-6.423597270414599336e+01,9.461050615495593092e+02,2.044665197541201849e+02,1.270979049863210406e+02,1.041552466067897512e+03,1.124011712270935561e+02,-8.407083352746647620e+01,4.507688494512532884e+02,5.040077959837146864e+02,-4.286424307794862898e+01,1.027685338339312466e+03,6.442642348473866853e+00,-6.380338257207027741e-01,-4.633547670100225169e+00,3.860221014811605187e+02,-2.337324369106249478e+01,6.204848271355201632e+02,2.275267129488263151e+02,-5.284586786580104700e+01,-4.931762163576403957e+00,5.372536604987892588e+02,-1.842048258340125813e+02,5.830789759130228731e+02
9.288318510629997604e+01,-4.813514922580877453e+01,1.696630801735871273e+03,-1.089283967805800479e+01,-2.027641795109167902e+02,1.398284180408706789e+03,1.597111908789083259e+02,1.169317544111130047e+02,1.419235344825945731e+03,1.305719850325428411e+02,-3.098682582913687042e+02,1.150771148935339852e+03,3.701493017779779393e+02,1.724684923407435804e+02,1.173617919588215955e+03,3.557420873757051822e+02,-2.688708381680506818e+02,1.226283177097050157e+03,5.335188907471995208e+02,2.410307478376131129e+01,1.218523934696535662e+03,2.157905515315863809e+01,-5.863954348907541458e+01,9.450056310008086484e+02,2.035421429399444833e+02,1.313913170898461829e+02,1.039813356004960497e+03,1.133417084832028365e+02,-8.312023933320809022e+01,4.513023029649034470e+02,5.026815211548338311e+02,-3.750516477294029727e+01,1.024925499742920010e+03,6.219840190347226461e+00,-3.014585656127328761e-01,-3.728473192277125481e+00,3.860144529095380221e+02,-2.403061959513900092e+01,6.182705579023235032e+02,2.301282079269061285e+02,-5.273396783710805380e+01,-4.914518680880642698e+00,5.352593755742168469e+02,-1.848841458851685786e+02,5.812537542930747350e+02
9.362098499915106231e+01,-4.914854005728586372e+01,1.695300592506408520e+03,-9.194280747519878005e+00,-2.029454129991244429e+02,1.394698761352100519e+03,1.612458951870373483e+02,1.187564089834583427e+02,1.418771737133111174e+03,1.288542883731009567e+02,-3.090771224373223163e+02,1.143074037781706920e+03,3.718677977822875960e+02,1.788611978111274539e+02,1.171727482185665394e+03,3.556447119969423056e+02,-2.718518874790900099e+02,1.216616717441923811e+03,5.389790583773410617e+02,2.850511212593044874e+01,1.212003496366568925e+03,2.041186826837424917e+01,-5.348962282179708438e+01,9.439720169636376568e+02,2.024791801982362358e+02,1.356496994489067447e+02,1.038228590276813293e+03,1.143228714844506868e+02,-8.205209389713402857e+01,4.517389713518419398e+02,5.012471375124110864e+02,-3.320545103092498351e+01,1.021922921102583700e+03,6.175078936239126293e+00,-8.178382251939081415e-02,-2.943931559697844591e+00,3.865155882807420653e+02,-2.456458802534740471e+01,6.155348525008246270e+02,2.323795154181345026e+02,-5.260522473197635662e+01,-4.938349784624099570e+00,5.338869584806832336e+02,-1.863504779844011239e+02,5.791718702202294935e+02
9.454493300357839303e+01,-4.973200994875909942e+01,1.693610299082854681e+03,-7.490679080926724964e+00,-2.028597872318915734e+02,1.391048284995104041e+03,1.624196514860610137e+02,1.207792680003464909e+02,1.417786145534564184e+03,1.277786054852858939e+02,-3.081552818472856075e+02,1.134883933089423408e+03,3.731185543659764221e+02,1.854280932561539146e+02,1.169053838154268988e+03,3.566876459597802977e+02,-2.741597770552808697e+02,1.203707126743841854e+03,5.442769337116599218e+02,3.321294925190483838e+01,1.203773063992605330e+03,1.884849873297920553e+01,-4.895175925537321859e+01,9.430494205302813953e+02,2.011823223252225716e+02,1.399151015500368089e+02,1.036878080192418793e+03,1.153729189829553263e+02,-8.075646127329362400e+01,4.520323344269775134e+02,4.996162811687224234e+02,-3.053935434663016935e+01,1.018493379481321313e+03,6.409221118198146883e+00,4.338543243848943035e-03,-2.348822261269240208e+00,3.878176664538239606e+02,-2.480929264722282213e+01,6.119314301596206178e+02,2.340613078894866135e+02,-5.237856095734301221e+01,-5.040803508000821331e+00,5.335880287223617415e+02,-1.888592324728683991e+02,5.766062099747863385e+02
9.574392098920706928e+01,-4.972652977721226364e+01,1.691562928642445740e+03,-5.747147330753225702e+00,-2.024096844440395273e+02,1.387303786075916150e+03,1.632620899886283610e+02,1.231215287965751344e+02,1.416296300810631237e+03,1.273767027070471727e+02,-3.069733860433981931e+02,1.126188765272873525e+03,3.739803403294848181e+02,1.922479530435437027e+02,1.165677314235144650e+03,3.588388169191643442e+02,-2.755130047463770211e+02,1.187594228916118254e+03,5.493571260470565676e+02,3.829140320641374728e+01,1.193686632723294679e+03,1.694850332475594712e+01,-4.486737539654963314e+01,9.422368611355510666e+02,1.996329813820897243e+02,1.442756129196612562e+02,1.035729123212345030e+03,1.164863552574254726e+02,-7.918062780067231188e+01,4.521987816276526360e+02,4.977312395344846436e+02,-2.940732694093204103e+01,1.014591511984016051e+03,6.901948703248009132e+00,5.387217548631240138e-02,-1.944949327521760196e+00,3.898815186432225914e+02,-2.462060721093143201e+01,6.073862701213765831e+02,2.351460144175028404e+02,-5.192190945690611414e+01,-5.251521620252543876e+00,5.345122658004013374e+02,-1.919973942885053475e+02,5.734275373546321362e+02
9.724902627883560058e+01,-4.910800546570795433e+01,1.689280415353095123e+03,-3.920172631008452147e+00,-2.015671835846984266e+02,1.383467333856015102e+03,1.639032858322197228e+02,1.258284027124138049e+02,1.414471704241261023e+03,1.274881391424650303e+02,-3.054456500757432877e+02,1.117096426289826240e+03,3.746462928901894429e+02,1.993500771521503623e+02,1.161968907081096859e+03,3.617364721019939680e+02,-2.757783994203296061e+02,1.169291912702865602e+03,5.541493867468143435e+02,4.378509840180318946e+01,1.182030962498841973e+03,1.489059764945243280e+01,-4.092444530247518486e+01,9.414475917269380716e+02,1.978835405361316191e+02,1.487939995257533781e+02,1.034629588040748104e+03,1.176261521366429150e+02,-7.736644813537952814e+01,4.522854053864869570e+02,4.955652278861247169e+02,-2.917360799405899741e+01,1.010265200073378423e+03,7.529448220162174188e+00,1.815389207334488220e-01,-1.697113033107982005e+00,3.924642642446007130e+02,-2.397305890577723986e+01,6.019915752041741825e+02,2.357601534593327131e+02,-5.113023956152554916e+01,-5.582785086891949966e+00,5.365307505202314360e+02,-1.949453808036512612e+02,5.696414432302158275e+02
9.900073104343552188e+01,-4.800573478829140583e+01,1.686921132963292621e+03,-1.972262311191093520e+00,-2.003863572874994361e+02,1.379580719251437131e+03,1.644863700779004887e+02,1.288224680646237630e+02,1.412507170514606514e+03,1.278718634431994161e+02,-3.035874981430799835e+02,1.107773112175517781e+03,3.752668299897459860e+02,2.066683716390543850e+02,1.158417157028571410e+03,3.649303729113135546e+02,-2.750225358191671603e+02,1.150131654474461357e+03,5.585528181177268152e+02,4.976366621934226941e+01,1.169323926339560785e+03,1.285833828258328815e+01,-3.690342013794208498e+01,9.405092202260869954e+02,1.960270018854627949e+02,1.534371232621724062e+02,1.033358989901273617e+03,1.187475355695792274e+02,-7.546208230656085902e+01,4.523233242704272925e+02,4.931339189537440006e+02,-2.902372582701630321e+01,1.005560486808346809e+03,8.118708405673292106e+00,3.967210381410198328e-01,-1.583413510606789032e+00,3.953355726736913311e+02,-2.302101441923780101e+01,5.958549027378261371e+02,2.360837311269932570e+02,-5.000612033342716956e+01,-6.017643654469939207e+00,5.393439308056900927e+02,-1.969706003507637604e+02,5.653840762824739841e+02
1.008576709810359660e+02,-4.662664900721289030e+01,1.684578531921681815e+03,1.150368181472679607e-01,-1.989860010372356101e+02,1.375708155680434174e+03,1.651037526727614591e+02,1.319313733427073032e+02,1.410512315137103087e+03,1.283319559633564211e+02,-3.014882697989887674e+02,1.098424203607204163e+03,3.758644860093988882e+02,2.140147983000896090e+02,1.155442043062768334e+03,3.680936317973083192e+02,-2.734900815100940576e+02,1.131144897795283669e+03,5.624595003833867395e+02,5.631697262608164323e+01,1.156156687164599134e+03,1.095970902118218149e+01,-3.280552020626601717e+01,9.392249229220585676e+02,1.941602654805203940e+02,1.580653019324334423e+02,1.031721432123600607e+03,1.198332684776827790e+02,-7.368584685400406897e+01,4.523027376532774042e+02,4.905239079715652224e+02,-2.831605280991909623e+01,1.000443031219905720e+03,8.502245703410528321e+00,5.538463612954955817e-01,-1.625388743697442795e+00,3.984374683480556314e+02,-2.204742677469058521e+01,5.890287145861766476e+02,2.362562502075734869e+02,-4.868544973727986758e+01,-6.505501360621813944e+00,5.426244428946091602e+02,-1.978372759656986943e+02,5.608630252332051214e+02
1.026477309579411354e+02,-4.513309269155445236e+01,1.682213890770685111e+03,2.332239443060790673e+00,-1.975065638065849498e+02,1.371894856779996644e+03,1.657835200029716418e+02,1.349689927498962163e+02,1.408475552010627325e+03,1.287806427219284160e+02,-2.992005016819585990e+02,1.089277613187761517e+03,3.763605347979398061e+02,2.211206762366167311e+02,1.153266951532070607e+03,3.711016516808637107e+02,-2.715198579899599167e+02,1.112753096465656199e+03,5.658066329315364555e+02,6.351913069638308684e+01,1.143100443744440554e+03,9.211627068600778401e+00,-2.878389069732346073e+01,9.374651153326544772e+02,1.923555118000809330e+02,1.624911788633175718e+02,1.029631152277540423e+03,1.209160407951678877e+02,-7.224333965496160204e+01,4.521834093553696334e+02,4.879140212464652109e+02,-2.675398409980741476e+01,9.947859581879242796e+02,8.552272549820637337e+00,4.187572163195610320e-01,-1.872442328602417660e+00,4.019215499657036048e+02,-2.130814975049430871e+01,5.815435380314861504e+02,2.363430649683385241e+02,-4.739937911800765136e+01,-6.975693524766224840e+00,5.461575805189701214e+02,-1.979030786701355566e+02,5.562617195842467481e+02
1.042369011276288546e+02,-4.355913050874892178e+01,1.679662688277976940e+03,4.639623039184555431e+00,-1.960491855501103942e+02,1.368126241481141278e+03,1.665126708771439041e+02,1.378139708785911637e+02,1.406305554364950012e+03,1.292128706250519485e+02,-2.966253669881094197e+02,1.080520911342695399e+03,3.766590416552575107e+02,2.277542708968693148e+02,1.151875676095729887e+03,3.739719785720209302e+02,-2.694261361365866492e+02,1.094805577211603577e+03,5.686130190396207809e+02,7.140606799859973819e+01,1.130623942129380794e+03,7.569454168599219379e+00,-2.495262843216365667e+01,9.352308480512166398e+02,1.906444526961653878e+02,1.665706184435531725e+02,1.027141689231511691e+03,1.220672336681976304e+02,-7.122681586014209643e+01,4.519262154457246652e+02,4.855526826674028484e+02,-2.434934890921773842e+01,9.884294268314083638e+02,8.199414398812876925e+00,-1.930924082149672039e-01,-2.349460814405046172e+00,4.060818662596390141e+02,-2.086691526289717658e+01,5.734792268841164287e+02,2.363642054565416402e+02,-4.639818574006539365e+01,-7.367725346160170830e+00,5.499330927490151453e+02,-1.978767889240414490e+02,5.516538428553623135e+02
1.055865500086509456e+02,-4.181443343005542346e+01,1.676717605067122577e+03,6.977966910345464235e+00,-1.946120479038473263e+02,1.364317765009389632e+03,1.672704429719798895e+02,1.404487582544855968e+02,1.403907829961863854e+03,1.296343082591966152e+02,-2.934933003595629089e+02,1.072214182713445098e+03,3.767101153210929283e+02,2.338568054753166621e+02,1.151051189573345937e+03,3.767290637141706497e+02,-2.673786355057144988e+02,1.076847646798068808e+03,5.709651436688199055e+02,7.998240394749112170e+01,1.119005252748834209e+03,5.968026888469601943e+00,-2.122875407028370986e+01,9.326493206518432544e+02,1.890146937516988146e+02,1.702760836522925842e+02,1.024405625735431840e+03,1.233559973113954271e+02,-7.054237580222948623e+01,4.515200643783520036e+02,4.836791747502824705e+02,-2.127107514921097575e+01,9.812712108172290755e+02,7.451150096074791840e+00,-1.300004734485505908e+00,-3.005687493405450272e+00,4.112371004539014052e+02,-2.052911219823445421e+01,5.649989680300149075e+02,2.363430004439522918e+02,-4.586749084518659458e+01,-7.661199934082463692e+00,5.541379983476248299e+02,-1.983940284225336370e+02,5.469759490427732089e+02
1.067771853809992706e+02,-3.976048361957595745e+01,1.673245863778417061e+03,9.296279735797677191e+00,-1.930563613903929081e+02,1.360344676103381971e+03,1.680539091033741101e+02,1.429585631005841719e+02,1.401242600063955251e+03,1.300117190930936033e+02,-2.894781320242558422e+02,1.064252811288503381e+03,3.765225681708637353e+02,2.396086377389498523e+02,1.150473352274593481e+03,3.792796079946111831e+02,-2.653301743745352610e+02,1.058442414862226315e+03,5.729647895384548519e+02,8.923606784684423587e+01,1.108287362242297149e+03,4.355856481000343727e+00,-1.732544115133355334e+01,9.299078762163730971e+02,1.874179239408233855e+02,1.737222097187525094e+02,1.021593856874484231e+03,1.248083127808959034e+02,-6.990670695637489018e+01,4.509886641024207279e+02,4.824221725219987889e+02,-1.770050857224728347e+01,9.733258615392509228e+02,6.410985151778206159e+00,-2.732364688702774824e+00,-3.705737648946395790e+00,4.176141357634361952e+02,-1.991307938759267415e+01,5.563157261389569612e+02,2.363277576679172967e+02,-4.586069197736959779e+01,-7.883968581137255960e+00,5.590440435891086963e+02,-1.996406956126042758e+02,5.420769110273371325e+02
1.079845209738605689e+02,-3.730483232454860598e+01,1.669271252784823218e+03,1.158597190461972559e+01,-1.911400429842207416e+02,1.356090761055284929e+03,1.688883226029282980e+02,1.455029843583734817e+02,1.398332738049697127e+03,1.302811949698877640e+02,-2.843844414033730459e+02,1.056422218798091535e+03,3.761515863195043607e+02,2.453734488292784022e+02,1.149834603114076117e+03,3.813652703995380762e+02,-2.630368766722772307e+02,1.039383768065179993e+03,5.746876785248363149e+02,9.913630363234443621e+01,1.098323141652263075e+03,2.717001435218485028e+00,-1.289971490836665247e+01,9.271682835590098648e+02,1.857894893619290713e+02,1.771409065488214196e+02,1.018820697870491585e+03,1.263974877253049982e+02,-6.892937290258062433e+01,4.503801961018725137e+02,4.817351540999371764e+02,-1.375732249742457114e+01,9.647081558250957869e+02,5.277675285623248946e+00,-4.211614180676527930e+00,-4.277275204002873643e+00,4.252731367741438930e+02,-1.861182081427455159e+01,5.476079995256046686e+02,2.363731038170701595e+02,-4.627048660047371698e+01,-8.090066135893470900e+00,5.648557031901589198e+02,-2.012118214782472876e+02,5.368173230582478936e+02
1.094062174472849449e+02,-3.446109337103926151e+01,1.664965277995664792e+03,1.389636980221338369e+01,-1.886264068416575412e+02,1.351481503466211052e+03,1.698171997765783203e+02,1.482654203733129066e+02,1.395228527981947991e+03,1.303911752966917277e+02,-2.782875331561836560e+02,1.048505757999212847e+03,3.756926306818850776e+02,2.515459462161166471e+02,1.148924718801623612e+03,3.826139262559477174e+02,-2.601657251282284165e+02,1.019712594561359992e+03,5.761911006001417945e+02,1.096207186351083180e+02,1.088883451076909296e+03,1.074003639732797888e+00,-7.748100599256443566e+00,9.245060693395171256e+02,1.840734377133155988e+02,1.808206679747387113e+02,1.016107167605268501e+03,1.280717451107938132e+02,-6.725587967742349349e+01,4.497521722280393419e+02,4.814096079646521957e+02,-9.488371394407630888e+00,9.555488065066361969e+02,4.299959769637002438e+00,-5.472122634239586780e+00,-4.591588282779797581e+00,4.340984760666097486e+02,-1.636321285730477015e+01,5.389281911947419985e+02,2.365052315258528211e+02,-4.685995139495641837e+01,-8.321138427205967858e+00,5.716160015586685859e+02,-2.022800950303485763e+02,5.311574892556033092e+02
1.111629074187127060e+02,-3.134913079464554997e+01,1.660545211393078034e+03,1.631101117938392164e+01,-1.854182504835706879e+02,1.346481568783515513e+03,1.708702871258793152e+02,1.513850292311044825e+02,1.391962452418775001e+03,1.303297284028724903e+02,-2.715317229484761015e+02,1.040363088789998528e+03,3.752765358586333377e+02,2.583912577227164320e+02,1.147652223539960687e+03,3.826582049856966705e+02,-2.564215310481584993e+02,9.995659675175396615e+02,5.775572167224722762e+02,1.206046462772931847e+02,1.079748374330647039e+03,-5.345536787590519090e-01,-1.913577665760454849e+00,9.218957679835356203e+02,1.822409570339064828e+02,1.850292264924306096e+02,1.013386750266374179e+03,1.297939331518243762e+02,-6.470887558066583267e+01,4.491584048709376589e+02,4.811568618202370544e+02,-4.884179251556834522e+00,9.459047041505341440e+02,3.687269025006950862e+00,-6.349745026875132758e+00,-4.628497232922520688e+00,4.438557605174477771e+02,-1.316639746209838080e+01,5.301564299932297217e+02,2.367061890600557774e+02,-4.735197302628699845e+01,-8.578788356307466501e+00,5.792198833110046507e+02,-2.020068948184882629e+02,5.251755033385775278e+02
1.132234888723397717e+02,-2.814130200388300906e+01,1.656137928729956684e+03,1.889127884487326270e+01,-1.816322383508244513e+02,1.341066639323555819e+03,1.720211156396914305e+02,1.548932558193113493e+02,1.388525661083732075e+03,1.301105974843064246e+02,-2.645856203769919262e+02,1.031930272659014918e+03,3.750368245294204712e+02,2.659643051971811474e+02,1.146007606433191768e+03,3.812579877198502913e+02,-2.516158861984283988e+02,9.789889194669503922e+02,5.789184353526055702e+02,1.320342759458689557e+02,1.070727863515799072e+03,-2.093430054077035418e+00,4.366109327297342801e+00,9.192350951929560097e+02,1.802919158867375984e+02,1.899386845644987432e+02,1.010538691430959375e+03,1.315603748028976270e+02,-6.135554160666296042e+01,4.486364999808507150e+02,4.807076865166662856e+02,9.519677744979418432e-02,9.357375828526486430e+02,3.515287457097509005e+00,-6.793723528184916205e+00,-4.482612227345091682e+00,4.542873860123186205e+02,-9.314838099874641841e+00,5.210420603338410501e+02,2.369318740873839033e+02,-4.753794112305809705e+01,-8.827709476397856747e+00,5.874976147940190003e+02,-2.000044676677493385e+02,5.190036179565061047e+02
1.154054593388178347e+02,-2.498431097011805946e+01,1.651697209824245874e+03,2.162354714183433302e+01,-1.775545693905208680e+02,1.335201020757724791e+03,1.731633701158845895e+02,1.586912843309878554e+02,1.384875812836089835e+03,1.297384422713537901e+02,-2.578421532969999248e+02,1.023167318093396830e+03,3.750437183338022464e+02,2.741350177183448977e+02,1.144009537063417838e+03,3.783694968063912256e+02,-2.456624137938379420e+02,9.578520780739552265e+02,5.804236574158783242e+02,1.439536420035381070e+02,1.061637488978548163e+03,-3.639412325873997212e+00,1.082550864376471544e+01,9.163884135701749756e+02,1.782406281061070104e+02,1.955741386474160493e+02,1.007432289733253015e+03,1.333869477640815830e+02,-5.746383927882410347e+01,4.481947058950219116e+02,4.798771768277075580e+02,5.481373815575930841e+00,9.249831876121249934e+02,3.684675339905898461e+00,-6.816932788003057908e+00,-4.302726181159888696e+00,4.652018749041122874e+02,-5.336236690826179796e+00,5.113316632408186706e+02,2.371477408183665716e+02,-4.734488978769702072e+01,-9.025282417269263391e+00,5.962831518745272206e+02,-1.966102365117664590e+02,5.127319065145467221e+02
1.174633600450202522e+02,-2.193531888864685797e+01,1.647036167468217400e+03,2.441112996835158455e+01,-1.734954180397608638e+02,1.328848647404434587e+03,1.741362783368628584e+02,1.625926160589554854e+02,1.380965368486893794e+03,1.291928909207410641e+02,-2.514728110258980394e+02,1.014024224743843320e+03,3.752468280409790964e+02,2.826744535796366335e+02,1.141684517474230688e+03,3.741378862863697918e+02,-2.385538613942317170e+02,9.359382722706477580e+02,5.821589286163780343e+02,1.565171214568115374e+02,1.052306900251871184e+03,-5.250327275018797479e+00,1.733275826146982368e+01,9.132334907483613051e+02,1.760996636253396730e+02,2.018074016348496968e+02,1.003972085240313277e+03,1.352808220409862372e+02,-5.337275801292435773e+01,4.478036720982228758e+02,4.785785912799569815e+02,1.124816787664815010e+01,9.136530444472326735e+02,3.969255789151402425e+00,-6.440644804887705632e+00,-4.200628178240463306e+00,4.765159875092899711e+02,-1.844068659507463126e+00,5.009195045398985826e+02,2.373521111593069008e+02,-4.682280398540555666e+01,-9.152763992166033091e+00,6.054156891583876359e+02,-1.928071259423615800e+02,5.063537288852690494e+02
1.192221169405833479e+02,-1.894252959772361677e+01,1.641966049885531447e+03,2.712391595646148801e+01,-1.696301869196368841e+02,1.322018036565181092e+03,1.748015133446776019e+02,1.664173614559114753e+02,1.376773147530078631e+03,1.284478533337246802e+02,-2.453951736317479799e+02,1.004473890835447378e+03,3.754836559535881406e+02,2.913379264995280096e+02,1.139102211904742717e+03,3.688258717625006398e+02,-2.303799708120516527e+02,9.131457319926594209e+02,5.840795753877152947e+02,1.699101033559070686e+02,1.042668026355373740e+03,-6.990095890170242576e+00,2.393603267834959425e+01,9.097021307972572686e+02,1.738780057898572124e+02,2.084076576969417545e+02,1.000134109494717904e+03,1.372285392005588847e+02,-4.934973865662907855e+01,4.474002179432219464e+02,4.768099949814344427e+02,1.728075155452722456e+01,9.018743026214248175e+02,4.136153355005359522e+00,-5.682223784979920644e+00,-4.189783608312465546e+00,4.882321825172009540e+02,6.688556267087575335e-01,4.899231775634571591e+02,2.375696564146411447e+02,-4.606882856516434543e+01,-9.223609438104711344e+00,6.147001343147371699e+02,-1.897992497552382360e+02,4.997943368999965514e+02
1.206773879117369148e+02,-1.587866000820380563e+01,1.636458422195779349e+03,2.967617606590645707e+01,-1.659269402784167937e+02,1.314809274186432731e+03,1.751325966119387090e+02,1.700870638626259108e+02,1.372325806724854829e+03,1.275044604893553526e+02,-2.393430680685571303e+02,9.945896644570187846e+02,3.755668543104973196e+02,2.999187747319390382e+02,1.136437525872880315e+03,3.627118809159446187e+02,-2.213772911906248737e+02,8.896751506651228283e+02,5.860021498090688965e+02,1.842266420856206821e+02,1.032878184539530366e+03,-8.841129802410412353e+00,3.077453586816691811e+01,9.058048070492666284e+02,1.715974180760764227e+02,2.151358112201303641e+02,9.959767827822174695e+02,1.392145890476429884e+02,-4.550851702669594800e+01,4.469033780812576993e+02,4.746457753438563145e+02,2.340448048803057191e+01,8.898194432676549468e+02,4.071742048872838637e+00,-4.585769448048050201e+00,-4.196106777077864614e+00,5.003680802575123039e+02,2.027924418608685553e+00,4.786235600752648338e+02,2.378241377909615437e+02,-4.514849618945843446e+01,-9.263924559939901826e+00,6.238977700347887776e+02,-1.884449948767678791e+02,4.929993293370188781e+02
1.220004356809247099e+02,-1.261193516834540773e+01,1.630720111449691785e+03,3.208046404241130745e+01,-1.622040181305995930e+02,1.307417946794124191e+03,1.752562011395512798e+02,1.736598933032399259e+02,1.367700399106113537e+03,1.264020845578005918e+02,-2.329942093184683927e+02,9.845885264854426850e+02,3.753957503501554811e+02,3.082881867965957667e+02,1.133993134554067865e+03,3.559995670307617388e+02,-2.119394653910170234e+02,8.660664113976428098e+02,5.876579656628124440e+02,1.994082481186245275e+02,1.023365557680464576e+03,-1.067462410353329361e+01,3.792790167869492990e+01,9.016272868933320979e+02,1.693121270175782911e+02,2.218383086898355145e+02,9.916116909284004350e+02,1.412541044525370637e+02,-4.181694527291356422e+01,4.462359288433507913e+02,4.722382942379815063e+02,2.948193905324617958e+01,8.775720363096612573e+02,3.839510643747902296e+00,-3.252221783372605035e+00,-4.131144794505250850e+00,5.128819391610867342e+02,2.474289042904503688e+00,4.672967717283828506e+02,2.381162442605391902e+02,-4.407041748436424911e+01,-9.281636364576412390e+00,6.327892912684592375e+02,-1.888481291444403212e+02,4.860155356234818669e+02
1.234433944460691066e+02,-9.083507900598874585e+00,1.625116042949490975e+03,3.444213940643831506e+01,-1.582790882731127056e+02,1.300072675208582950e+03,1.754062856271118278e+02,1.772787119686623214e+02,1.363002440449259666e+03,1.251940142376925991e+02,-2.261145754593739241e+02,9.747718042467026862e+02,3.750114973516029409e+02,3.164364250429403000e+02,1.132127978054133564e+03,3.487768118895518228e+02,-2.025305617785309664e+02,8.430331505881134717e+02,5.887740092635524434e+02,2.153070973610585384e+02,1.014716235436026409e+03,-1.229255294362126882e+01,4.530955400754270102e+01,8.972950644352781637e+02,1.671090667432716259e+02,2.284848602165844511e+02,9.871405067490478586e+02,1.434065638991832543e+02,-3.817128082353428198e+01,4.453441399413899262e+02,4.698061771097892461e+02,3.552604800329586965e+01,8.650376231068441939e+02,3.635674626659594733e+00,-1.826878938396912400e+00,-3.971998316947547014e+00,5.256390742965641039e+02,2.594061965360577648e+00,4.560432220390855491e+02,2.384256912170970395e+02,-4.282479289361397434e+01,-9.249492649700869151e+00,6.412768768574874230e+02,-1.903356124823402240e+02,4.790042647389068406e+02
1.252024735835678371e+02,-5.354693823686139886e+00,1.619970777419963952e+03,3.690162379349824562e+01,-1.541136778873503204e+02,1.292928599044542580e+03,1.758070676931592402e+02,1.810639929085804454e+02,1.358320186457670388e+03,1.239087900017571542e+02,-2.186843895911910636e+02,9.653715727490603058e+02,3.745566478020938916e+02,3.244986028175440538e+02,1.131099312662126977e+03,3.410382072647175846e+02,-1.935264194279984622e+02,8.211665235886108576e+02,5.891462104933397086e+02,2.318310347207820712e+02,1.007437616623261306e+03,-1.352805430824222377e+01,5.266771046701281733e+01,8.929186216258766535e+02,1.650784402013870817e+02,2.351253007459513640e+02,9.825922744749108233e+02,1.457510538378228944e+02,-3.448417583231285022e+01,4.442121533282731889e+02,4.675873519410631616e+02,4.174493035659094886e+01,8.519840417012020453e+02,3.669263858598831529e+00,-4.443582527278144845e-01,-3.789477979885312653e+00,5.384357363559041687e+02,3.092406930110971786e+00,4.447272306996784437e+02,2.387342913520723471e+02,-4.144631236886642967e+01,-9.118117965808583136e+00,6.494406195859039599e+02,-1.918288230007036645e+02,4.721758803261906223e+02
1.273190378793862720e+02,-1.593876258993122796e+00,1.615361842922839969e+03,3.956567782546728296e+01,-1.498591348006303861e+02,1.285974930022851822e+03,1.765522219382822584e+02,1.850286183402927804e+02,1.353667154035377962e+03,1.225316493315384037e+02,-2.109564035159664570e+02,9.563921169788449106e+02,3.741727276821775945e+02,3.327293033702492266e+02,1.130895965201707895e+03,3.327449339177717320e+02,-1.850835952924754224e+02,8.006662044786492061e+02,5.886875063828207431e+02,2.490520582592259018e+02,1.001731432154478625e+03,-1.434604414369688463e+01,5.968766918535091293e+01,8.885450266746669286e+02,1.632678221008454784e+02,2.418019044383651135e+02,9.779027800252947600e+02,1.483368213644586433e+02,-3.073848988763505830e+01,4.428696288523000817e+02,4.657643364513492656e+02,4.847273434736548126e+01,8.381977330458207689e+02,4.036581417259574422e+00,8.281893698695461659e-01,-3.706713221420813387e+00,5.510609368322892578e+02,4.523805059960428920e+00,4.330708027864588985e+02,2.390490417014982256e+02,-4.004630220762724235e+01,-8.854348017870840692e+00,6.574867686103489177e+02,-1.923768258405612244e+02,4.656890083556678519e+02
1.296689282692300651e+02,2.002549079750542749e+00,1.611030279342990070e+03,4.247000333030755570e+01,-1.457710649691389051e+02,1.279013432190908134e+03,1.775573532039479687e+02,1.890810426603242433e+02,1.348937687500503898e+03,1.210214125151298106e+02,-2.033921845268026516e+02,9.475556419739259582e+02,3.739127978018049134e+02,3.414114476340226361e+02,1.131165377815270176e+03,3.238702166016653905e+02,-1.771333277798247821e+02,7.812468064070484388e+02,5.874443660344996943e+02,2.671790364717030002e+02,9.974053385034875419e+02,-1.487937577512434473e+01,6.613917458516968395e+01,8.841387729600095327e+02,1.616480193443466362e+02,2.484944431136478897e+02,9.729526360024023006e+02,1.511460598907371491e+02,-2.698680498976722220e+01,4.413910166537944519e+02,4.643971982747936522e+02,5.602516826472856337e+01,8.236486472645336789e+02,4.659826920488093549e+00,2.006621773057936320e+00,-3.819861173727399084e+00,5.633580563224429625e+02,7.126637223949557232e+00,4.208435191851517629e+02,2.394049394968088791e+02,-3.878395405639803073e+01,-8.479360143303928510e+00,6.656057671994810789e+02,-1.915314741273267032e+02,4.595805159113679110e+02
1.320341205022032511e+02,5.321912731111755335e+00,1.606467871943508499e+03,4.558763894106374437e+01,-1.420445529610957749e+02,1.271728090554052869e+03,1.786197572202371475e+02,1.931175593106322026e+02,1.343906110700723275e+03,1.193454653810788244e+02,-1.964689667812605478e+02,9.384026280364196282e+02,3.737276709488771189e+02,3.507314066052429666e+02,1.131296542240718281e+03,3.143951894929560353e+02,-1.695150993100708661e+02,7.622674728913999616e+02,5.855777276228892561e+02,2.863939070422056261e+02,9.939566328630116914e+02,-1.537482978411778589e+01,7.199704808260770506e+01,8.795998945853040141e+02,1.601143449714039946e+02,2.551515147205008418e+02,9.676404193903509849e+02,1.540986755541295850e+02,-2.330777246493435584e+01,4.398836712568171379e+02,4.634028550248533520e+02,6.457577114643790139e+01,8.085431139876380939e+02,5.319200393836116092e+00,3.156554202383866858e+00,-4.133964538244661036e+00,5.752531982792669396e+02,1.084492978825486631e+01,4.080272450614518220e+02,2.398427745024958426e+02,-3.778887691681188699e+01,-8.076003923158390663e+00,6.738310755750007957e+02,-1.893678321441638275e+02,4.537675134004741153e+02
1.342079980703827289e+02,8.417486654218180320e+00,1.601138403766191686e+03,4.886560664933242037e+01,-1.386756883066126704e+02,1.263817383829089522e+03,1.795499025855162927e+02,1.971351373720464437e+02,1.338288688534288212e+03,1.175002284265325727e+02,-1.904389208458867415e+02,9.285011929098743622e+02,3.735223468636084476e+02,3.606887413071635820e+02,1.130639137898079071e+03,3.042676050839902473e+02,-1.621605187078174310e+02,7.430108560779369782e+02,5.833097047491357898e+02,3.066579565877704567e+02,9.907602476339815212e+02,-1.607827189126441425e+01,7.747498851923479890e+01,8.748092117413233382e+02,1.585271522975368441e+02,2.617850258503562486e+02,9.619424961479454623e+02,1.570979259416832861e+02,-1.975020272207238037e+01,4.384620123395944802e+02,4.625969279058229517e+02,7.412945115751185199e+01,7.932234411413070347e+02,5.754794145662351923e+00,4.341874647571898116e+00,-4.550985112649707176e+00,5.867373406055072564e+02,1.549671833567221846e+01,3.948526233510420411e+02,2.403747831196627942e+02,-3.707894523623036775e+01,-7.752746036756057002e+00,6.819946850031603844e+02,-1.861947420636325319e+02,4.481071211288020777e+02
1.360790687632045035e+02,1.150684817430518869e+01,1.594714523415663507e+03,5.225826839588066974e+01,-1.354366774946653038e+02,1.255126300477423683e+03,1.802902435520495885e+02,2.012806608077875410e+02,1.331857062689102349e+03,1.155004506291806052e+02,-1.851817351978431532e+02,9.176519417018213289e+02,3.732247485699591607e+02,3.711044650188101173e+02,1.128763666181569079e+03,2.933713756460720674e+02,-1.551916768803319258e+02,7.229737668233547083e+02,5.808520460598169848e+02,3.276350631303284899e+02,9.872602963829723421e+02,-1.712053732714078436e+01,8.294775909215006493e+01,8.696774494045585016e+02,1.567728869956904418e+02,2.685405256479405693e+02,9.559207048484162215e+02,1.600866991335597334e+02,-1.629816966207588891e+01,4.372098277861499014e+02,4.617805514691390840e+02,8.459365755570482293e+01,7.779838687309351144e+02,5.781625603753854037e+00,5.592338186768883723e+00,-4.912119808765401885e+00,5.978139682657058529e+02,2.096168866654364393e+01,3.816897865299459909e+02,2.409600883575317027e+02,-3.652373265086859533e+01,-7.582995965615907608e+00,6.898079742475707690e+02,-1.821858265442323273e+02,4.424575968981869778e+02
1.376613869073956380e+02,1.487785719209490232e+01,1.587207792507052773e+03,5.573523487590431102e+01,-1.319754968093903642e+02,1.245714344112310755e+03,1.809440402591703787e+02,2.057992723594389304e+02,1.324556552018592811e+03,1.133512866946287687e+02,-1.802521721469886984e+02,9.059787785928716630e+02,3.728058394067913923e+02,3.817371726005274581e+02,1.125641453834514095e+03,2.815477830769215188e+02,-1.488508846892397059e+02,7.020523745403116891e+02,5.783460721382236898e+02,3.488149191094094590e+02,9.831066512747694333e+02,-1.845925199025273145e+01,8.879092407658622221e+01,8.641739003249060715e+02,1.548137677101831287e+02,2.756645463610668116e+02,9.496760083638962442e+02,1.630780814510404468e+02,-1.287595817134177523e+01,4.361435894349893942e+02,4.608277754427962236e+02,9.588006428960932226e+01,7.629306795910154051e+02,5.363576334546449331e+00,6.901804385584129342e+00,-5.067733119846532297e+00,6.084438044030750916e+02,2.727155095346780556e+01,3.688675015139020275e+02,2.415077831294921964e+02,-3.588332317377737013e+01,-7.559980671884574122e+00,6.970115643353673249e+02,-1.771756871473006640e+02,4.366920370565424037e+02
1.390712179108032274e+02,1.874995013964006318e+01,1.578936134598413219e+03,5.926416606925758401e+01,-1.279737435472377456e+02,1.235828981212813460e+03,1.816967885745254421e+02,2.109132928475103199e+02,1.316566995048351600e+03,1.110315838956456105e+02,-1.750993540817239875e+02,8.938660836820225768e+02,3.722386477000892455e+02,3.924389109156658719e+02,1.121662550166052370e+03,2.686654403928504280e+02,-1.432998312728355756e+02,6.805734130326942477e+02,5.758391418691936678e+02,3.697847906049582889e+02,9.782389613968383628e+02,-1.989941428065342066e+01,9.521746648529259005e+01,8.583226182427978301e+02,1.526987464488225896e+02,2.833703981005950254e+02,9.432829962833505988e+02,1.661428864701965438e+02,-9.386926911680477659e+00,4.351972457939743890e+02,4.597254612515189933e+02,1.079610769270583575e+02,7.479764932499167571e+02,4.621066140648659726e+00,8.240062496538291370e+00,-4.938857887475659680e+00,6.185229078897475574e+02,3.457413248343432599e+01,3.565306994134338652e+02,2.419104235057468770e+02,-3.491359396124807546e+01,-7.600054288273814684e+00,7.034985299602644773e+02,-1.707259400560992901e+02,4.306656459305129374e+02
1.404708081367624004e+02,2.316982878464525797e+01,1.570362940591344341e+03,6.278801076452957375e+01,-1.232702034333095327e+02,1.225801594140849829e+03,1.826852282112753869e+02,2.167058459029644837e+02,1.308262543991450912e+03,1.085008614999670016e+02,-1.693174781806011708e+02,8.817889264773718878e+02,3.714405313389114554e+02,4.032414414769301061e+02,1.117489038096895001e+03,2.546904348875291078e+02,-1.384268916232107358e+02,6.591852950585973758e+02,5.732974803002505269e+02,3.904863279944106011e+02,9.729371733831684423e+02,-2.117892186319916803e+01,1.022015704788394572e+02,8.521724011577664442e+02,1.505305115313330191e+02,2.916918362785492036e+02,9.367494164446570721e+02,1.693655309470625241e+02,-5.759783218738136590e+00,4.342414305110086730e+02,4.585436363257203993e+02,1.208522872374025923e+02,7.329557050687216133e+02,3.780857650353536936e+00,9.557346206679968148e+00,-4.543861868336640519e+00,6.279128215108343056e+02,4.303168824890015998e+01,3.446092344419743654e+02,2.420925612857925557e+02,-3.349062861054044049e+01,-7.594914994013821641e+00,7.093418909338614640e+02,-1.623838283581182793e+02,4.241829517381773940e+02
1.420055705897173084e+02,2.800518154768146317e+01,1.561899225711239524e+03,6.621953725467962215e+01,-1.178916330951578857e+02,1.215919052850867956e+03,1.839029739025670835e+02,2.230773798760413342e+02,1.300074777693751230e+03,1.057133083602616352e+02,-1.627745788341136119e+02,8.701300569624672789e+02,3.702602108388475131e+02,4.143036674697916624e+02,1.113812997979520105e+03,2.397014424335660863e+02,-1.338058182549762023e+02,6.386570921522538811e+02,5.706312414807078994e+02,4.112878441015821522e+02,9.678213030687401215e+02,-2.207936005679553659e+01,1.095321252465257942e+02,8.457609075355470623e+02,1.484101929348669557e+02,3.004344571664015575e+02,9.300222506106088076e+02,1.727978490262958360e+02,-1.974722408160411335e+00,4.331293443570118598e+02,4.573582181067536112e+02,1.345490854727808880e+02,7.177620245148093545e+02,3.095727568710420208e+00,1.078035574932058793e+01,-3.984216109546450557e+00,6.365075945638028543e+02,5.274241650652703584e+01,3.328963992062758166e+02,2.420480900955268737e+02,-3.169031810785197578e+01,-7.480152664695242315e+00,7.147212259645217500e+02,-1.519497065191667389e+02,4.170117631334262001e+02
1.437543528482642046e+02,3.304311145451669773e+01,1.553760534573394580e+03,6.946154796975503132e+01,-1.119935125045830517e+02,1.206331948676810043e+03,1.852030763683985128e+02,2.297974443861436384e+02,1.292318016961515923e+03,1.026114855703125954e+02,-1.555697059268117641e+02,8.590647117447707615e+02,3.685355059270425500e+02,4.257522865907766345e+02,1.111118834903341394e+03,2.238404884641066701e+02,-1.288561341117521977e+02,6.196507278990198984e+02,5.677073425404115596e+02,4.328085858075013448e+02,9.637485559744977763e+02,-2.251363777191860649e+01,1.169565237654282868e+02,8.390963106679669181e+02,1.463939958740300824e+02,3.092669788835212898e+02,9.230275391864853418e+02,1.764371369366587885e+02,1.939025128581302937e+00,4.317448751615194737e+02,4.561799084673555171e+02,1.489714003416314370e+02,7.024067662777447367e+02,2.762572301785948703e+00,1.181725899585199180e+01,-3.402035099197163515e+00,6.442925453449616953e+02,6.373367125386062781e+01,3.211747010089959531e+02,2.418441393205952750e+02,-2.977638487198495199e+01,-7.277754675469425116e+00,7.198006057154512973e+02,-1.395885043516275346e+02,4.089478056015656193e+02
1.457028798868940953e+02,3.813570016866258783e+01,1.545927859743776708e+03,7.243970062340180505e+01,-1.057577145739075490e+02,1.197037260400135210e+03,1.863885198189147445e+02,2.366191693873232964e+02,1.285064672922667796e+03,9.909411633891150473e+01,-1.479017043030488310e+02,8.485450899128875335e+02,3.661897754477676017e+02,4.375328965291839722e+02,1.109538108335143534e+03,2.072501958777683910e+02,-1.231290005753387078e+02,6.025425876917493042e+02,5.643473029965657588e+02,4.555802047909307930e+02,9.615843522317360339e+02,-2.255208761003565954e+01,1.243194855949077180e+02,8.321684118895524307e+02,1.444852531974133569e+02,3.178941270444871634e+02,9.157108021609224124e+02,1.802345493330669512e+02,5.921202145659521854e+00,4.300301674401027299e+02,4.549368086672598110e+02,1.639566185707811883e+02,6.869716127883320951e+02,2.859411898414879527e+00,1.258576259858524438e+01,-2.929416302385817517e+00,6.513469045448446195e+02,7.600833002869956090e+01,3.093082302166304203e+02,2.415881290787986018e+02,-2.809556620901206969e+01,-7.087545425641768482e+00,7.246299126764337188e+02,-1.257326752681700128e+02,3.998865992926608328e+02
1.477455737810243761e+02,4.330604529848010031e+01,1.538207368204504064e+03,7.512342208574008851e+01,-9.929987004788310401e+01,1.187930685419089741e+03,1.873248797885857186e+02,2.433932365021171620e+02,1.278137261754093061e+03,9.498635348813533597e+01,-1.399802357202404721e+02,8.383699697497478383e+02,3.633019210884716585e+02,4.493890362802062555e+02,1.108845690541173099e+03,1.900597255629610061e+02,-1.165589783976818410e+02,5.873608436114570850e+02,5.603305229161049965e+02,4.797322274229712775e+02,9.619117075415026648e+02,-2.237565816435084898e+01,1.316175267297253697e+02,8.249789384360955182e+02,1.426609292445500614e+02,3.262013244512645542e+02,9.080508584118205135e+02,1.841188860630986142e+02,9.896452571705701473e+00,4.279873098785918160e+02,4.535177449515647936e+02,1.793046629298498829e+02,6.715121146193765753e+02,3.316744692833667685e+00,1.305563984815479728e+01,-2.646137447137128174e+00,6.577760304706622492e+02,8.958669550001015125e+01,2.972490952119692906e+02,2.413782420590107165e+02,-2.693002374723410242e+01,-7.032585238177939679e+00,7.291167372899282100e+02,-1.108514324485885396e+02,3.898479695969020327e+02
1.497194113862655342e+02,4.875320262446236796e+01,1.530344767521601625e+03,7.751917409146089710e+01,-9.261970962340289759e+01,1.178888022106743620e+03,1.880049880725917149e+02,2.501251664724868817e+02,1.271218754416077218e+03,9.005200170673954574e+01,-1.320357301172321911e+02,8.283023163461399463e+02,3.600999884775655460e+02,4.609979302998834214e+02,1.108590118276476232e+03,1.724242341911861445e+02,-1.095316689460388346e+02,5.738574179423376336e+02,5.554278592202439313e+02,5.048839080086620470e+02,9.648143780103376912e+02,-2.217994087910872025e+01,1.389606317061110303e+02,8.175640963312514486e+02,1.409115912001543052e+02,3.342918785295276507e+02,9.000456942859365199e+02,1.880147053122994691e+02,1.378441262720807536e+01,4.256665855762619231e+02,4.518411858021682406e+02,1.948457151871822646e+02,6.559921545060608423e+02,3.937097468426383085e+00,1.327796901208582270e+01,-2.556279588769005517e+00,6.636107666333639372e+02,1.045024701769944784e+02,2.849623631421393952e+02,2.412688407594326634e+02,-2.638333313220497445e+01,-7.188213673685677207e+00,7.330675573287614952e+02,-9.522730502038433542e+01,3.789321401241733156e+02
1.514667168741124783e+02,5.475594830553218628e+01,1.522139793615527424e+03,7.964288919024725999e+01,-8.560746298333620530e+01,1.169829061564619678e+03,1.885383268893146180e+02,2.569533233762821283e+02,1.264015199153928506e+03,8.406153063077857723e+01,-1.243667906295783609e+02,8.181929005046578141e+02,3.568761661618218000e+02,4.721762776038182210e+02,1.108293989201019258e+03,1.545533242342784206e+02,-1.027197486891201663e+02,5.616673727682679100e+02,5.494694936458729444e+02,5.303111825649518778e+02,9.698514898549061627e+02,-2.207898101491640830e+01,1.464936525985128810e+02,8.099884063168066177e+02,1.392693954806540546e+02,3.424128481076864432e+02,8.916935756989699939e+02,1.918466100915598247e+02,1.751519494942953870e+01,4.231571887226118065e+02,4.499029815311892548e+02,2.104912274513593786e+02,6.402892095974516451e+02,4.466349827844270592e+00,1.337818564106287234e+01,-2.590242398939700319e+00,6.687428474732533914e+02,1.207662741997090308e+02,2.723254864805329589e+02,2.412697290527237897e+02,-2.635763599842875138e+01,-7.532074561618703257e+00,7.362633134124970411e+02,-7.885302087548873828e+01,3.672351817999050354e+02
1.529079779360422435e+02,6.153326266764783270e+01,1.513520246106349305e+03,8.149573109771419865e+01,-7.810543357560977995e+01,1.160741067456900055e+03,1.890885063913142403e+02,2.640647079449423131e+02,1.256380570285718704e+03,7.688899172732800480e+01,-1.173179204362272827e+02,8.080680585557187214e+02,3.538673888949624597e+02,4.830118806440873982e+02,1.107631134067810990e+03,1.366629585822850572e+02,-9.677794742867030209e+01,5.504721810187505753e+02,5.424192512271890791e+02,5.552946251996382898e+02,9.762423932131927131e+02,-2.205635754530825210e+01,1.543341554925433172e+02,8.023144599896985483e+02,1.378084514649806067e+02,3.508258537302966715e+02,8.829944296533514034e+02,1.955403600678323528e+02,2.105903346688170785e+01,4.205833718448754439e+02,4.477792607668378082e+02,2.262474546224073038e+02,6.242540954868852623e+02,4.695587104204026474e+00,1.351524186678427952e+01,-2.633028887834416576e+00,6.729461003146294615e+02,1.383540660295421958e+02,2.590729544423221000e+02,2.413695798381662030e+02,-2.662593766540667062e+01,-7.940838090651670456e+00,7.385372493528287805e+02,-6.146883685700000655e+01,3.547765380922052714e+02
1.540901402300671066e+02,6.914045132756372425e+01,1.504559688818712857e+03,8.306373487025300051e+01,-7.000514192432858351e+01,1.151669980343072666e+03,1.898045147307271066e+02,2.715952835169459831e+02,1.248348323890683560e+03,6.858795400072071402e+01,-1.111508155672516409e+02,7.981466211027211557e+02,3.511647635901620674e+02,4.938239608023462779e+02,1.106508302806882739e+03,1.188643814749469954e+02,-9.207083636262248660e+01,5.401029892344544123e+02,5.344123428812384873e+02,5.794433112118681493e+02,9.831714697894759638e+02,-2.198323861412449176e+01,1.625447876658944324e+02,7.945747220451378325e+02,1.366178901953439890e+02,3.596933131657038984e+02,8.739739633557269372e+02,1.990353884109452167e+02,2.445892867058954323e+01,4.180928326129845800e+02,4.455955517910026060e+02,2.421984928848008565e+02,6.077855252747459645e+02,4.548043169897986182e+00,1.383016853272572000e+01,-2.570006084299758520e+00,6.759732011104113099e+02,1.572636736410959202e+02,2.448307149679767747e+02,2.415547351714285185e+02,-2.695188940056693028e+01,-8.235573860663832235e+00,7.398439327520267170e+02,-4.267628330049682717e+01,3.414770653351210399e+02
1.551768220794182014e+02,7.745659604300455214e+01,1.495445994102020904e+03,8.433983779038992168e+01,-6.133352308910006201e+01,1.142703405904884676e+03,1.907790821981736542e+02,2.795698760947634014e+02,1.240078362024479020e+03,5.940492759628266128e+01,-1.058878448482499834e+02,7.887761762163413550e+02,3.486974159603063868e+02,5.049759241656657878e+02,1.105038356402542831e+03,1.010836054481516726e+02,-8.857363330575000759e+01,5.305690031464833964e+02,5.257302970038325611e+02,6.028086524784345102e+02,9.900693417790388366e+02,-2.168732128966635386e+01,1.711249663377960815e+02,7.867683527171468540e+02,1.357620038496636710e+02,3.690274524674462100e+02,8.647075357385027701e+02,2.023062339321381273e+02,2.783859466677080974e+01,4.158226684522846313e+02,4.434914543274204561e+02,2.584767667414025141e+02,5.908924935649628196e+02,4.106339383319692615e+00,1.440671740273866241e+01,-2.332202664162815520e+00,6.776631818849722322e+02,1.776130875157723210e+02,2.292382074946652324e+02,2.418042966170689567e+02,-2.719225046562076997e+01,-8.254423642289809848e+00,7.403132533765210610e+02,-2.204704694464994930e+01,3.271886055569058271e+02
1.563736208249147808e+02,8.626796090369101933e+01,1.486421371905089472e+03,8.534682174063476623e+01,-5.226764039337761147e+01,1.133962547187476048e+03,1.920404566790434444e+02,2.879162674590115785e+02,1.231773470181303082e+03,4.971881625831775864e+01,-1.012536437370733466e+02,7.803181275993274539e+02,3.462926361562977604e+02,5.166691828588462840e+02,1.103448359835374276e+03,8.309891388862750716e+01,-8.596070085726380228e+01,5.220281403786872261e+02,5.167219409282818106e+02,6.257430238720713760e+02,9.967501919300908639e+02,-2.103349428716270353e+01,1.800067446989789062e+02,7.788822024557105124e+02,1.352482992128869910e+02,3.787133303326350529e+02,8.553164802409036156e+02,2.053717670766639003e+02,3.136661084866103621e+01,4.138464898962414509e+02,4.416016519096178286e+02,2.752293004710413697e+02,5.737325751615665013e+02,3.566922579622775480e+00,1.525296210536377295e+01,-1.921538558178736089e+00,6.779900346694879545e+02,1.996930602794780896e+02,2.121117613030960740e+02,2.420715810422048833e+02,-2.733677024556616431e+01,-7.919196887929758510e+00,7.402649953084846857e+02,8.117882884020846124e-01,3.117464791826998862e+02
1.578237018113063641e+02,9.539871441312732259e+01,1.477715302696163008e+03,8.614102737006986388e+01,-4.304570406321451514e+01,1.125599194001084697e+03,1.935660354773096685e+02,2.965441651626065322e+02,1.223617168873341370e+03,3.992849883111057352e+01,-9.677661221712317285e+01,7.730379401234565648e+02,3.437728955884365973e+02,5.288562647021600469e+02,1.101983582094892881e+03,6.469093476415579858e+01,-8.378319365734719781e+01,5.147188458718862876e+02,5.077051221144860733e+02,6.486219949357019914e+02,1.003365097425059162e+03,-1.997665333751461603e+01,1.890601566953684198e+02,7.709146108523447083e+02,1.350201910623718220e+02,3.885868843725373836e+02,8.459307794997773726e+02,2.082757628919499382e+02,3.518954977225451586e+01,4.121297571890920608e+02,4.400514176183527297e+02,2.925797179178170495e+02,5.566100215580643180e+02,3.149739159847860570e+00,1.630440497888505291e+01,-1.404213463918321025e+00,6.770303034500083186e+02,2.239045860976749509e+02,1.935775469844477641e+02,2.422798632862322847e+02,-2.747565853748345077e+01,-7.266180261516645089e+00,7.401485436591582356e+02,2.622957937146390250e+01,2.950151225366049630e+02
1.595366654314595678e+02,1.048112843026639354e+02,1.469483515726878295e+03,8.679645048855923051e+01,-3.381287001297100403e+01,1.117777603189342244e+03,1.953051708663096520e+02,3.054360452023078665e+02,1.215747526919177744e+03,3.033273318818757502e+01,-9.199755998788867828e+01,7.670492714593352730e+02,3.410376759120459269e+02,5.413203000042373105e+02,1.100845239331217726e+03,4.580546471494307070e+01,-8.162602979159369454e+01,5.088696186679290463e+02,4.988857780104972335e+02,6.716203784852740455e+02,1.010225000802179238e+03,-1.856610051281325013e+01,1.981236894993014914e+02,7.628823245266705726e+02,1.349779326328005880e+02,3.985313003143849073e+02,8.366404787845144710e+02,2.110498827422080694e+02,3.937468090241559793e+01,4.105269277435256186e+02,4.389500265875799414e+02,3.105963605927793765e+02,5.399120111642388338e+02,3.011519888872931983e+00,1.744895258116191172e+01,-8.745205735474999020e-01,6.748848117477348296e+02,2.506096424831289937e+02,1.741054724685965027e+02,2.423478579609496251e+02,-2.771761670543476086e+01,-6.428475164901668037e+00,7.403985909284909894e+02,5.446818668462546498e+01,2.769158678363613717e+02
1.613992532380092939e+02,1.146138730382230619e+02,1.461758594397811294e+03,8.738520248214875608e+01,-2.450527458022222405e+01,1.110626239476942374e+03,1.972040704776427447e+02,3.146843543621342860e+02,1.208246872500783411e+03,2.104994372807776060e+01,-8.666420781058599232e+01,7.623256395843857263e+02,3.380949132110173991e+02,5.538476571575662319e+02,1.100164978053066989e+03,2.661736951618871316e+01,-7.921021055852830273e+01,5.046168247567713365e+02,4.903140570086164303e+02,6.946682541665979898e+02,1.017604649941915000e+03,-1.690699684769709066e+01,2.070618469091780582e+02,7.548093051333900121e+02,1.350166930355010209e+02,4.085497547964152432e+02,8.274685678375359430e+02,2.136921778690906137e+02,4.390006826466288459e+01,4.088330487681810723e+02,4.383708209101159810e+02,3.292931463832825330e+02,5.239837179710500550e+02,3.199564603356948034e+00,1.856986401004461484e+01,-4.058716678314229220e-01,6.716093417066210804e+02,2.800154233924865821e+02,1.544087937135566904e+02,2.422308944357197049e+02,-2.810376352457072358e+01,-5.579843724942810113e+00,7.412535267109464030e+02,8.574693141204652136e+01,2.574372479382359984e+02
1.632622647900666664e+02,1.249704720494012378e+02,1.454420425673160253e+03,8.796790249892200109e+01,-1.487083720901825679e+01,1.104171415615903697e+03,1.992269486071091649e+02,3.244434883708278790e+02,1.201124723977569374e+03,1.201099498914559760e+01,-8.081056598700041604e+01,7.587589140298628081e+02,3.350337128351649199e+02,5.663635721698680072e+02,1.100001522106299035e+03,7.460186935890062543e+00,-7.647006782807675052e+01,5.019732628785226325e+02,4.818764165256073966e+02,7.175729380209900228e+02,1.025628621945743134e+03,-1.510323144910219995e+01,2.158282702293084583e+02,7.467106323989175962e+02,1.350633287612964466e+02,4.187813732150297596e+02,8.183802542743922004e+02,2.161849441092335553e+02,4.869735102402882632e+01,4.068661031325859767e+02,4.383249305871689216e+02,3.486817514491600036e+02,5.089890336095033376e+02,3.655355411023130774e+00,1.959017694380174390e+01,-1.355126718484123832e-02,6.671855046690626523e+02,3.122003317318107065e+02,1.352288893819316797e+02,2.419470990286474148e+02,-2.856718933496634349e+01,-4.867937888358667031e+00,7.426260720508595341e+02,1.202968527343330578e+02,2.366250002460287192e+02
1.650433849601813847e+02,1.359767670793104344e+02,1.447205470695436134e+03,8.859254592607726408e+01,-4.632582278523185160e+00,1.098294587105167011e+03,2.013657306985811317e+02,3.348283423581873421e+02,1.194296973121324527e+03,3.030733850314305755e+00,-7.469646905300479034e+01,7.562313871423583578e+02,3.319528106855980809e+02,5.789473699590251954e+02,1.100347532427364058e+03,-1.131910283573550835e+01,-7.361528179639392988e+01,5.008689008702666001e+02,4.733134921620680871e+02,7.401842255260959291e+02,1.034271299952039044e+03,-1.320951673444462671e+01,2.245033654215076524e+02,7.385845260071093890e+02,1.350967095563318026e+02,4.294517251842904670e+02,8.093144168635109281e+02,2.185396044302323730e+02,5.371719382455065528e+01,4.045330527559011102e+02,4.387475789584402150e+02,3.688546886484195397e+02,4.948348592819339160e+02,4.256943401161853657e+00,2.049404883941190292e+01,3.515649583937973111e-01,6.615291690411337413e+02,3.472655655079988151e+02,1.170853481785436543e+02,2.415690742445730450e+02,-2.896503482620271797e+01,-4.368819817151895712e+00,7.441040359093042298e+02,1.584073508622770987e+02,2.145560400219744395e+02
1.667751744024983509e+02,1.475958015102729917e+02,1.439774613038760663e+03,8.929048121318690789e+01,6.319209810534914595e+00,1.092759039263607065e+03,2.036342277656293049e+02,3.458386726351690754e+02,1.187587455476364084e+03,-6.070705210807987307e+00,-6.865309963893808742e+01,7.546766214388518392e+02,3.288774332777028917e+02,5.917495476059006023e+02,1.101141736318108542e+03,-2.948425592254690386e+01,-7.112073342861977210e+01,5.012368164479511847e+02,4.642604773499593875e+02,7.624767750391449681e+02,1.043423792951648693e+03,-1.120972555904928747e+01,2.332876430972061712e+02,7.304176315251966116e+02,1.351465110259315168e+02,4.407818489643797193e+02,8.002100734377612525e+02,2.208252153885635494e+02,5.897628907627735373e+01,4.018437038452381103e+02,4.395091971566167786e+02,3.900409251754821298e+02,4.812174268443465621e+02,4.882560972038362479e+00,2.131065478655006373e+01,7.761308924921948016e-01,6.545170598451413753e+02,3.854641725425495338e+02,1.001112977963525736e+02,2.411881868383704273e+02,-2.916475446193432219e+01,-4.081681856231363703e+00,7.450880453308709548e+02,2.004031492415563207e+02,1.913288377657472097e+02
1.685703805544796978e+02,1.597105202871276504e+02,1.431833606416824750e+03,9.006411021567673458e+01,1.786427851867507144e+01,1.087314751201007084e+03,2.060530252372542179e+02,3.573769747183483219e+02,1.180771926575604084e+03,-1.535605346383318803e+01,-6.290937676655310895e+01,7.541179875012545608e+02,3.257071879470532849e+02,6.049062383050204517e+02,1.102282471426864504e+03,-4.695685377798589855e+01,-6.957347379900583917e+01,5.030857573775055585e+02,4.543147290752367553e+02,7.845162293676623904e+02,1.052947851793156133e+03,-9.022775038132072822e+00,2.424541303737694307e+02,7.222015074020285965e+02,1.352753745571227171e+02,4.529031643605904378e+02,7.910132522415682388e+02,2.231426892864059823e+02,6.456193348566362999e+01,3.988754154415641437e+02,4.404459325881263112e+02,4.125787689419998969e+02,4.677820591813192550e+02,5.474443465622234939e+00,2.207095591238726584e+01,1.340130469169410476e+00,6.460120868212982259e+02,4.271487567424994722e+02,8.407488611395297085e+01,2.408764261637582820e+02,-2.912738109359010252e+01,-3.959148422137618528e+00,7.449875737723194788e+02,2.465250996041042129e+02,1.671141611058376384e+02
1.705377746079660710e+02,1.722638224477964854e+02,1.423259393443750469e+03,9.087676945641086945e+01,2.979360928323925961e+01,1.081831781448958282e+03,2.086384578557609473e+02,3.693572362236887443e+02,1.173654580940654114e+03,-2.473007707549188439e+01,-5.746560747194200758e+01,7.546813843943269831e+02,3.222275826001930454e+02,6.185289676330515931e+02,1.103638881360874620e+03,-6.379637574692002033e+01,-6.939375906804482952e+01,5.065203280262759336e+02,4.431268845241452823e+02,8.063823930584904929e+02,1.062670265261265286e+03,-6.527666380772257249e+00,2.522801010302971747e+02,7.139525909450894687e+02,1.355545978073057256e+02,4.658236385709973888e+02,7.816721173077102094e+02,2.255508209310166023e+02,7.059818551352093152e+01,3.957261782407931037e+02,4.413938436794960012e+02,4.368014799377203303e+02,4.543168495891184762e+02,6.075300340984561842e+00,2.276770312803259344e+01,2.078446548756489154e+00,6.358737597299757454e+02,4.725176538062928557e+02,6.859676735026265249e+01,2.406671545986882848e+02,-2.893127837615904241e+01,-3.949113208422736054e+00,7.433619347052266448e+02,2.967709506744553210e+02,1.422657026634145154e+02
1.727125594298059355e+02,1.853827681336794058e+02,1.414166405443105532e+03,9.166237358228926269e+01,4.207042858010504460e+01,1.076380681267914952e+03,2.114034226352545716e+02,3.818254285594426278e+02,1.166143316983989507e+03,-3.399101784322216702e+01,-5.205587114497132717e+01,7.565831678944633722e+02,3.181860487142938041e+02,6.327626833636633137e+02,1.105063919854193045e+03,-8.015289896580451057e+01,-7.057064149639488448e+01,5.117228223339742499e+02,4.304932989111929942e+02,8.281512720753394206e+02,1.072341666737927198e+03,-3.598818104509906579e+00,2.629833612735629345e+02,7.057251539133949336e+02,1.360431526896101389e+02,4.794610035261392227e+02,7.721395413794369915e+02,2.279977327621527934e+02,7.719684521996727256e+01,3.924943282142514818e+02,4.422152492461407860e+02,4.628938678213240223e+02,4.408776358221103919e+02,6.812257330466423788e+00,2.334810714798662090e+01,2.965123839803562866e+00,6.239471862127256827e+02,5.213169871269552686e+02,5.345721260722739743e+01,2.405584494162907561e+02,-2.872355990799532677e+01,-4.021683245469305668e+00,7.399365572110153835e+02,3.508068041716965126e+02,1.174160733757576338e+02
1.750448896367580289e+02,1.993852283517827289e+02,1.404873894011208904e+03,9.235854866213037440e+01,5.501800394211959855e+01,1.071208070416466853e+03,2.143628737181882116e+02,3.949942913944358338e+02,1.158291836139629822e+03,-4.293456741630362217e+01,-4.621170799315522970e+01,7.601019162169122865e+02,3.133980522026647009e+02,6.478330453397109068e+02,1.106423919700950819e+03,-9.621253232471819672e+01,-7.258940051693102191e+01,5.189400483001188604e+02,4.164209991979287793e+02,8.499644911387816819e+02,1.081631253342901118e+03,-1.449270913762322199e-01,2.746821987817776289e+02,6.976108999086793574e+02,1.367754526623829747e+02,4.937179474487385846e+02,7.623940676992724548e+02,2.303180741071720377e+02,8.441900486042919738e+01,3.892900882060696972e+02,4.428146120992703914e+02,4.908039741127639104e+02,4.277827900075769776e+02,7.826988657422090157e+00,2.374647293657248426e+01,3.924535041086478770e+00,6.100329016322144753e+02,5.727168023956128309e+02,3.882599971029772945e+01,2.405284497092211495e+02,-2.863881230170435899e+01,-4.169759767730646161e+00,7.345097231952985339e+02,4.080228637256514617e+02,9.345642765650764261e+01
1.774396697042913047e+02,2.146522249651160905e+02,1.395792051859637240e+03,9.294300229684614578e+01,6.927478894379939334e+01,1.066628531561802902e+03,2.175278982213766312e+02,4.091554619159388153e+02,1.150296124921271257e+03,-5.143784285882438922e+01,-3.940771588759146482e+01,7.655472012730675715e+02,3.078317846711909738e+02,6.640096540179180238e+02,1.107652608389926627e+03,-1.121277874742972500e+02,-7.462176336827569401e+01,5.284907528294877466e+02,4.011476712581740003e+02,8.721095375066739734e+02,1.090208294360053742e+03,3.857599858468830245e+00,2.873860299577413571e+02,6.897272622377201969e+02,1.377576765992707521e+02,5.085493518446356802e+02,7.524692930292023902e+02,2.323119718495384234e+02,9.226182037161559890e+01,3.862472352359220054e+02,4.431441851292480578e+02,5.202617601394637177e+02,4.154907032843443631e+02,9.185455950365165378e+00,2.393599270255317535e+01,4.862604770819134004e+00,5.938519816165114662e+02,6.254659161463939654e+02,2.528942830780814077e+01,2.405512451081410177e+02,-2.874376088995190770e+01,-4.391203094076200131e+00,7.268288955164593972e+02,4.676997373539528553e+02,7.135945386033338877e+01
1.798043988371513251e+02,2.314532055847999459e+02,1.387286871124000072e+03,9.344368631552609372e+01,8.551369048156250585e+01,1.062908946236914971e+03,2.208812236437608476e+02,4.245269614910803284e+02,1.142449090958314855e+03,-5.947382030843875356e+01,-3.123811269076351493e+01,7.732293941063257989e+02,3.016296493787154986e+02,6.814891403609677809e+02,1.108805568219429233e+03,-1.279278406731294098e+02,-7.587457832232981048e+01,5.407577980364233099e+02,3.851146327636512865e+02,8.949985577693953473e+02,1.097885634794709858e+03,8.349660085630292272e+00,3.010129754989017101e+02,6.821995278452259299e+02,1.389689985988776186e+02,5.239808877909746343e+02,7.424653850085970817e+02,2.338625308007310366e+02,1.006698493397327070e+02,3.834965759655633519e+02,4.431973750334107081e+02,5.508915682262371547e+02,4.044313763370658990e+02,1.081800012689056345e+01,2.396471381468577277e+01,5.704812333747040221e+00,5.750355954117196688e+02,6.782379597635009532e+02,1.366503902066500586e+01,2.406093768515799809e+02,-2.903860111274015310e+01,-4.669980936816941153e+00,7.165248116772542062e+02,5.291716735148396538e+02,5.191380110725592800e+01
1.820671424297128738e+02,2.498461234085472142e+02,1.379580922954368361e+03,9.391085250371006055e+01,1.040855217674907749e+02,1.060211223359761334e+03,2.243485656172648817e+02,4.411452659750258931e+02,1.135062344669148843e+03,-6.706241757027206063e+01,-2.155375148785276807e+01,7.834182578665751180e+02,2.950567495795469313e+02,7.002787089975323624e+02,1.110063850325731210e+03,-1.434314217965928719e+02,-7.588714348234117324e+01,5.561185244228635156e+02,3.688999037894067214e+02,9.190049338755245572e+02,1.104735943039385347e+03,1.320319060286913881e+01,3.154248152303737243e+02,6.751367991926474588e+02,1.403649466227269613e+02,5.400729852334648058e+02,7.325213890310130864e+02,2.350219964482125476e+02,1.095616693449092907e+02,3.810946046280446353e+02,4.429875613018414811e+02,5.823541262616992071e+02,3.948755860701548386e+02,1.252425165447466249e+01,2.395064769378649672e+01,6.424750803539899913e+00,5.531731964103347536e+02,7.299670456915205250e+02,4.710106031029859253e+00,2.407029013663029673e+02,-2.949646242393620810e+01,-4.969126410683649020e+00,7.031498342350590747e+02,5.918956375599168496e+02,3.550747888558165499e+01
1.841625088766928684e+02,2.697075786320468183e+02,1.372711666709110432e+03,9.436952990151024778e+01,1.248013107464948348e+02,1.058599892596677819e+03,2.277941349401767468e+02,4.588730437598018170e+02,1.128369480479231925e+03,-7.420518222599498870e+01,-1.049200902817279690e+01,7.962789154246215730e+02,2.884059866419439118e+02,7.201649742336268218e+02,1.111655984117316166e+03,-1.582032021704567342e+02,-7.460906697003485988e+01,5.748174917106326802e+02,3.531241397742296044e+02,9.442372244578176606e+02,1.111096115305479543e+03,1.826137337400372118e+01,3.304682466871670954e+02,6.685989616456359954e+02,1.418836143428343064e+02,5.568579044315204101e+02,7.227542523237267460e+02,2.360184903460292389e+02,1.188645889371357782e+02,3.789451332993524488e+02,4.425140752915823441e+02,6.144477362850199142e+02,3.868918636999117666e+02,1.403931472080925680e+01,2.403715947679391363e+01,7.048338158777840867e+00,5.279315746179897815e+02,7.800099673805065095e+02,-1.126120585110756966e+00,2.408513147469367084e+02,-3.009474182823738531e+01,-5.236903970578078216e+00,6.863005763278184759e+02,6.554302993799354908e+02,2.207689068793843745e+01
1.860139207766551976e+02,2.908421784646888568e+02,1.366539163721964087e+03,9.478764798996782304e+01,1.469873153023315240e+02,1.058073124612161337e+03,2.310575894448089969e+02,4.775003604302950180e+02,1.122441414215906661e+03,-8.085135001629600993e+01,1.637223948626597592e+00,8.118035212619168988e+02,2.819118578222569909e+02,7.407857260786630604e+02,1.113736971114136168e+03,-1.715838219308120927e+02,-7.223835376790262330e+01,5.968496661731718405e+02,3.383481929094054408e+02,9.704010949769739227e+02,1.117444493757200235e+03,2.338957226889240815e+01,3.460143093279767754e+02,6.625615847372901044e+02,1.434574052030635016e+02,5.742922936921870587e+02,7.132003321831856510e+02,2.371833904300286520e+02,1.285557617196972444e+02,3.767711203023754933e+02,4.417217206233527804e+02,6.471351935908577389e+02,3.803882959147129554e+02,1.512550404970202500e+01,2.433347410854691972e+01,7.628270726226518583e+00,4.992099531765528582e+02,8.281056050645732967e+02,-3.804416210884445704e+00,2.410824500086639262e+02,-3.080891444800421652e+01,-5.419445432790793049e+00,6.657507147042059614e+02,7.193963066434907887e+02,1.124496885981525551e+01
1.875402655436865018e+02,3.130719438520577569e+02,1.360792027333633541e+03,9.508242013510844970e+01,1.697958437200754531e+02,1.058578303870207037e+03,2.340176906174729368e+02,4.968534577732827984e+02,1.117159892504280606e+03,-8.691553007423652843e+01,1.458545577501971735e+01,8.297886345549865155e+02,2.757115730343609243e+02,7.617542872707575725e+02,1.116320347268295109e+03,-1.827953391882541894e+02,-6.894339494905828758e+01,6.219320328672099549e+02,3.249840172629072867e+02,9.968657488905345190e+02,1.124211026335531869e+03,2.851852634713034362e+01,3.619946962789430245e+02,6.569013285014987105e+02,1.450314944419734786e+02,5.922618750786850796e+02,7.038011791916711672e+02,2.388396629349999500e+02,1.387065063557903670e+02,3.741693055634215739e+02,4.404640485334421669e+02,6.805142196978978291e+02,3.751951419093529125e+02,1.564716074337331619e+01,2.487314083662504061e+01,8.200731069494231917e+00,4.672566796121849393e+02,8.742173157729449713e+02,-3.648802185937738862e+00,2.414106858274008687e+02,-3.158200821393706192e+01,-5.473297005466553955e+00,6.415138922797657415e+02,7.834674877837528584e+02,2.566626501957443018e+00
1.886891943715887123e+02,3.362507145524036787e+02,1.355147876897648302e+03,9.515581631915993910e+01,1.926243392431913435e+02,1.060008052096702386e+03,2.366406609984422005e+02,5.168420854057314955e+02,1.112282265752308831e+03,-9.233574652760894708e+01,2.841897575899188766e+01,8.498965749386107973e+02,2.698515919487397241e+02,7.827767035326409086e+02,1.119334828977648158e+03,-1.910963183055975776e+02,-6.464247067749138864e+01,6.495819416001918398e+02,3.132358279298864545e+02,1.022933935033202374e+03,1.131605500418682141e+03,3.366991783239042491e+01,3.784355645120847953e+02,6.514257728197231927e+02,1.465866547083029445e+02,6.106511805708341853e+02,6.944479358640143118e+02,2.412034831115514919e+02,1.495165177693178578e+02,3.707269253270974332e+02,4.384853064538364151e+02,7.147764554891415401e+02,3.711360469141407634e+02,1.560393044938118834e+01,2.561436575548383487e+01,8.751428202411901225e+00,4.326787033248123748e+02,9.183741662690480325e+02,-1.227036558685532297e+00,2.418203119451673331e+02,-3.230847756196563836e+01,-5.376896007018124202e+00,6.138071035076357020e+02,8.473715925663036614e+02,-4.258870480375961165e+00
1.894727112344082229e+02,3.602304559894413387e+02,1.349336973911692894e+03,9.492695236874571663e+01,2.154421633330017016e+02,1.062197484143005568e+03,2.389746275707078382e+02,5.374449325504120907e+02,1.107578658446721420e+03,-9.713961950551711766e+01,4.364586282239131521e+01,8.717769421483098995e+02,2.643046102722730097e+02,8.037393086078785700e+02,1.122769653419137967e+03,-1.959419162391555460e+02,-5.895644318554582242e+01,6.792447666534912969e+02,3.030767463804493786e+02,1.048190707358199234e+03,1.139515274571208465e+03,3.896392749562998148e+01,3.954771853747749333e+02,6.459477970364932844e+02,1.481599454241344915e+02,6.294522727365913397e+02,6.850564374404007140e+02,2.443357627135819428e+02,1.613148093276043369e+02,3.661369459838564353e+02,4.354383108609063129e+02,7.501836900591007407e+02,3.680580080619888008e+02,1.512433500699454925e+01,2.648526926637518386e+01,9.217125356206382847e+00,3.963299747111335591e+02,9.605846493790609202e+02,2.755048206128087873e+00,2.422734455260638242e+02,-3.285674004643504986e+01,-5.143177149621783073e+00,5.829555178140495855e+02,9.108480536511118544e+02,-9.329821756913483810e+00
1.899746066824034472e+02,3.848472005184819409e+02,1.343236035353264697e+03,9.433508429510928295e+01,2.388643376888377645e+02,1.064940664059886103e+03,2.410865386428910995e+02,5.586825072434589856e+02,1.102964159803063694e+03,-1.014812050777166093e+02,6.111067084349586764e+01,8.951646352270377065e+02,2.589632008899739049e+02,8.247724151295415140e+02,1.126772736020814364e+03,-1.970984929515059321e+02,-5.134187063099888348e+01,7.103900534439222838e+02,2.942520885976598493e+02,1.072754598652759569e+03,1.147471965608928485e+03,4.461143309118072864e+01,4.133517373167168785e+02,6.403696279116777532e+02,1.498527513118814056e+02,6.488488280582511152e+02,6.756219932280031344e+02,2.481505924807949270e+02,1.745073471156019025e+02,3.602481784618909728e+02,4.309445268270423526e+02,7.870482892772027981e+02,3.658216226326661058e+02,1.443854030961260371e+01,2.745274093925252501e+01,9.529174184871484599e+00,3.591322173729041651e+02,1.000829079138908355e+03,7.508384230262583614e+00,2.427467834491206418e+02,-3.311781725816074839e+01,-4.831193849992915901e+00,5.493128771144656639e+02,9.735540209147575297e+02,-1.267150246160910854e+01
1.903168070443808801e+02,4.099642298050245017e+02,1.336910017762752886e+03,9.331532043735859361e+01,2.639254336128829550e+02,1.068026424966164313e+03,2.429783649400137051e+02,5.806170882437676255e+02,1.098538727056087509e+03,-1.056240468602925802e+02,8.167740720070922578e+01,9.198735527629748958e+02,2.536054451041185303e+02,8.462837558396624900e+02,1.131578997550218219e+03,-1.946740435233858193e+02,-4.132551472072325538e+01,7.425393179775105637e+02,2.862893943885837871e+02,1.097305191477423932e+03,1.154664574266917043e+03,5.089349480082232446e+01,4.322989115124835848e+02,6.347243649955826186e+02,1.518147234273145045e+02,6.692076895685282807e+02,6.662189747169525162e+02,2.524619555639785347e+02,1.894745461893215293e+02,3.530284449780382374e+02,4.246750617893339381e+02,8.256794836900810424e+02,3.642708352787312265e+02,1.384760789313239471e+01,2.857918200310648160e+01,9.680354786809356682e+00,3.219179404312156976e+02,1.039081912087752244e+03,1.218540219075788755e+01,2.432758755373966153e+02,-3.304407232601905520e+01,-4.546678805491111142e+00,5.132450172829894655e+02,1.034975072132634978e+03,-1.447708419712972905e+01
1.905989039835195911e+02,4.355451498670676642e+02,1.330582662717136373e+03,9.177459599892382869e+01,2.916475306293652920e+02,1.071279498745025421e+03,2.445354993287607783e+02,6.033718823631298847e+02,1.094509354719966041e+03,-1.098742742896147604e+02,1.058590192481094761e+02,9.456743734300260940e+02,2.478572984219163402e+02,8.689271027999345733e+02,1.137281947238573821e+03,-1.890510852101281500e+02,-2.872917696959729739e+01,7.752544086182355159e+02,2.784964143329491435e+02,1.122876639638150209e+03,1.159994439701220927e+03,5.813361022424781055e+01,4.524410933278622906e+02,6.291423527372828630e+02,1.541989536725255903e+02,6.909573576899716727e+02,6.569531541625291311e+02,2.570411128357148414e+02,2.064563935600231730e+02,3.444719656645991108e+02,4.164068113469990635e+02,8.662758883191582981e+02,3.632003025325332146e+02,1.369158296696780575e+01,3.003903390374652460e+01,9.782614679558026438e+00,2.853738897020824083e+02,1.075299721092383152e+03,1.591542085979837395e+01,2.439706585287414669e+02,-3.265031275439991987e+01,-4.420300257259060395e+00,4.751741425213404000e+02,1.094412193919485162e+03,-1.531565314949344803e+01
1.908426570981403643e+02,4.616945156965268779e+02,1.324558985846159658e+03,8.959627490738468225e+01,3.226002783067241921e+02,1.074588886410095029e+03,2.455424220363903487e+02,6.271329401638701029e+02,1.091059539350601881e+03,-1.144961406409121167e+02,1.336003960476427608e+02,9.721254212049719854e+02,2.411855038330369325e+02,8.934756516972641975e+02,1.143603355255473389e+03,-1.807360071442153924e+02,-1.378198548517049993e+01,8.081482939661811997e+02,2.699498365124179600e+02,1.150513998359954485e+03,1.162186059455327722e+03,6.667230071875532360e+01,4.736896184702237065e+02,6.237576853350799411e+02,1.570983571463942212e+02,7.144075368197646867e+02,6.479092030412085705e+02,2.616645380228205227e+02,2.254842354834024434e+02,3.345123290322102321e+02,4.060151344658081598e+02,9.087948169603409951e+02,3.623308888003197126e+02,1.430880891802544852e+01,3.209386955589042145e+01,1.008663066575167200e+01,2.501116547909972780e+02,1.109350645288792293e+03,1.786975580154171084e+01,2.449802897825749994e+02,-3.197830589613282726e+01,-4.564617081693969070e+00,4.356573672626503253e+02,1.151070062926952687e+03,-1.617636859202949751e+01
1.909682701440121946e+02,4.886335580618232370e+02,1.319147753483694487e+03,8.667766579326355725e+01,3.566643444434382673e+02,1.077906949181414348e+03,2.457610070708944647e+02,6.521210434646433214e+02,1.088270748628860019e+03,-1.196526523711989114e+02,1.643386686297349115e+02,9.984564431697193641e+02,2.329401521806258302e+02,9.206231555988701984e+02,1.149826288575168292e+03,-1.701632261886682613e+02,2.954659800112574342e+00,8.409604900841167137e+02,2.595099959138503323e+02,1.180929741139319276e+03,1.159943943720309335e+03,7.685235713067639551e+01,4.957650628717797190e+02,6.186126952743543370e+02,1.604880032105871805e+02,7.396106032017426060e+02,6.391342008702705471e+02,2.661443272455404099e+02,2.464045980208016715e+02,3.229944541512750220e+02,3.934067780583718559e+02,9.528674071112893671e+02,3.613011261312832971e+02,1.598911860784157035e+01,3.505180339994979022e+01,1.094803777560094460e+01,2.168227642586542459e+02,1.140937329217732668e+03,1.734074491675757201e+01,2.464251512327458897e+02,-3.104892519391435002e+01,-5.030423611148314045e+00,3.954785034812520621e+02,1.204208593472898201e+03,-1.830789835696630163e+01
1.908047877406915234e+02,5.166434120531520193e+02,1.314615088319281313e+03,8.297656519139812303e+01,3.931158288806103656e+02,1.081205262766025726e+03,2.450266614758710659e+02,6.785711714094945819e+02,1.086148615873244125e+03,-1.254007942354269005e+02,1.972977014442462860e+02,1.023566579390759784e+03,2.224345397876386414e+02,9.507993296332891759e+02,1.154919636786921046e+03,-1.575174100245729676e+02,2.087281644865374020e+01,8.736826045432746923e+02,2.459094022042035874e+02,1.214265353975344624e+03,1.152093074019617006e+03,8.901420017543956931e+01,5.183651151812837270e+02,6.136208635691375548e+02,1.642019830805638492e+02,7.663462960920986689e+02,6.306621893664860181e+02,2.703388368899965712e+02,2.689948901307836309e+02,3.097205644271423353e+02,3.784424213618315775e+02,9.978204430742381419e+02,3.596818835849442166e+02,1.894616138757121959e+01,3.924287998166488478e+01,1.274390941134809552e+01,1.864199498725477611e+02,1.169616720454706410e+03,1.380129316136839712e+01,2.483474852341246617e+02,-2.982627411142150464e+01,-5.794359320961851800e+00,3.557317771349125337e+02,1.253290404831241176e+03,-2.292405486051764285e+01
1.901138279289138495e+02,5.460386172185774285e+02,1.311159770011583078e+03,7.853559639250224222e+01,4.309866785264127884e+02,1.084382546592490144e+03,2.432983816856263672e+02,7.067733679785455934e+02,1.084706356432938037e+03,-1.317420847411635805e+02,2.318285282797574780e+02,1.046121885347215994e+03,2.090189128392494808e+02,9.840943731201429046e+02,1.157725997223807326e+03,-1.426569367074527861e+02,3.975096463060886265e+01,9.066590842939659751e+02,2.279328816343102915e+02,1.249995973215777667e+03,1.137626800916989623e+03,1.034881681609146824e+02,5.414261324229994443e+02,6.086066277914154625e+02,1.679597162014194112e+02,7.942374665206206146e+02,6.225442693695948719e+02,2.741416725233007128e+02,2.931200046158535315e+02,2.945416551785234560e+02,3.609080436646889893e+02,1.042814486385965893e+03,3.570140997960832578e+02,2.333993859089088829e+01,4.502114134959521863e+01,1.576601492774613789e+01,1.600563885655790557e+02,1.194987961032994235e+03,6.923373131118759183e+00,2.507240941175900559e+02,-2.820018260124304987e+01,-6.799262235677560717e+00,3.178519986346315704e+02,1.298076425672649520e+03,-3.090640417734658385e+01
1.886059020977342016e+02,5.771907869013687105e+02,1.308881427713446783e+03,7.347408954732627251e+01,4.695065427255357235e+02,1.087145988317315187e+03,2.406153795666341182e+02,7.371775176592028629e+02,1.084000688774737682e+03,-1.386906686462164657e+02,2.675753961041161233e+02,1.064682779090883287e+03,1.921019488863774143e+02,1.020311320481599410e+03,1.157055176370185109e+03,-1.252107176654250651e+02,6.016740743968533423e+01,9.405616682036768452e+02,2.046525118890796762e+02,1.286958335270432599e+03,1.115652424836957834e+03,1.205603431659969544e+02,5.653526353420528494e+02,6.033869992901092019e+02,1.714292887345934844e+02,8.229290452091478301e+02,6.148385965751936055e+02,2.774514561961726145e+02,3.188510892360802700e+02,2.774473490196239709e+02,3.405608258258567389e+02,1.087044700002271384e+03,3.528583189059910410e+02,2.934951214403423947e+01,5.277247952591635993e+01,2.013858805256809248e+01,1.389640314340665270e+02,1.217001779976519856e+03,-3.434417702629940283e+00,2.535334154940704536e+02,-2.597824092155821418e+01,-8.037606038278408249e+00,2.835253837793814000e+02,1.338660296318450492e+03,-4.260649587259614179e+01
1.859503761702102338e+02,6.105435509863424386e+02,1.307734305903880795e+03,6.796929540745949794e+01,5.083825532011833843e+02,1.088922432157338562e+03,2.369613930045497909e+02,7.704796438254990107e+02,1.084052318175262599e+03,-1.462800174505084954e+02,3.043497024539598215e+02,1.077800056021309956e+03,1.711169781361379592e+02,1.059053600525801357e+03,1.151641790632918173e+03,-1.048563575860575412e+02,8.366935518436176267e+01,9.761675015997348055e+02,1.756492428800542029e+02,1.323457906322139479e+03,1.085324218852576450e+03,1.403894655145028878e+02,5.910809874537754922e+02,5.978359949714267714e+02,1.742907655526705923e+02,8.522326665052827366e+02,6.075466962641555710e+02,2.801394574229885279e+02,3.464758450267023591e+02,2.586254804382376733e+02,3.172303676898242770e+02,1.129907171377094755e+03,3.468450088640958597e+02,3.724484608572771549e+01,6.289223039317111130e+01,2.581065655077508225e+01,1.241421907211950213e+02,1.236213050327713972e+03,-1.723208924715402901e+01,2.568155434762014693e+02,-2.288129289338523620e+01,-9.632119301505909448e+00,2.544393957641272550e+02,1.375443246203132503e+03,-5.776939668593217903e+01
1.817984741049972683e+02,6.465269737741434710e+02,1.307491076744151769e+03,6.226460648458015612e+01,5.477662819893387223e+02,1.088868530503413922e+03,2.320921798658066280e+02,8.075653986979613137e+02,1.084676976105308313e+03,-1.544108502991850571e+02,3.417743511595940049e+02,1.084085392336690575e+03,1.454968093589352520e+02,1.099707298072259391e+03,1.140071587079988603e+03,-8.169002599786624330e+01,1.125241115272483512e+02,1.013953481648513844e+03,1.411704448420717881e+02,1.357423426543543428e+03,1.045890758301457254e+03,1.628746285687678608e+02,6.199099930926057596e+02,5.918925081024988231e+02,1.762600819846820173e+02,8.821646992114625618e+02,6.005323762851312495e+02,2.820498573523346408e+02,3.763694310102329723e+02,2.384967531504890417e+02,2.909341558925495406e+02,1.171035106519923374e+03,3.387303589155369536e+02,4.738216661818640318e+01,7.571181470905258948e+01,3.264191883368375358e+01,1.160130302795065376e+02,1.253761829432237619e+03,-3.420629834686540960e+01,2.606549071196279215e+02,-1.855216245775422479e+01,-1.184983908978510669e+01,2.319038291920160475e+02,1.409028174392937672e+03,-7.554210949408604847e+01
1.758322996153273436e+02,6.853396294458236753e+02,1.307743027241232312e+03,5.672748514390884367e+01,5.879473195702242947e+02,1.086015619213797663e+03,2.254088435164572672e+02,8.492403322687258651e+02,1.085323172915125269e+03,-1.624840082413876701e+02,3.789202122830193957e+02,1.082340036815247004e+03,1.147542703007285354e+02,1.141253062739450797e+03,1.120829947033726967e+03,-5.652649243736352958e+01,1.490426648541362908e+02,1.053617158927182345e+03,1.022109985037051985e+02,1.386608392274951939e+03,9.969152911604970768e+02,1.875152373973594990e+02,6.531385832686365802e+02,5.855165503024563805e+02,1.770596092578295213e+02,9.128589613766080220e+02,5.934863525398604907e+02,2.830660672528883879e+02,4.087526982515059899e+02,2.177417675733381373e+02,2.619681839050871304e+02,1.210172776843244264e+03,3.284729194951105455e+02,6.008383846245196480e+01,9.138685838435084463e+01,4.054514301950473509e+01,1.141936531815427145e+02,1.270991916991336666e+03,-5.377471896220253456e+01,2.650639848612414653e+02,-1.259773644562002026e+01,-1.500685752979866017e+01,2.164607369456540766e+02,1.440006584855822211e+03,-9.454153480338165139e+01
1.678271080016031647e+02,7.266842278730531461e+02,1.307937370455928885e+03,5.194147447279555507e+01,6.289841861470295044e+02,1.079524400010372801e+03,2.159433634409559488e+02,8.958060868024890624e+02,1.085013493240014668e+03,-1.688791796779574099e+02,4.142135984601055156e+02,1.071849494196394289e+03,7.871952656970785256e+01,1.181999814101493030e+03,1.092551185066652124e+03,-3.097059173649602215e+01,1.946723395266199930e+02,1.093704017850182254e+03,6.051950004081147938e+01,1.408858560945142699e+03,9.386085782984388288e+02,2.133410438507883953e+02,6.916426976125574129e+02,5.786365454192133484e+02,1.763594546290497931e+02,9.443874627578226182e+02,5.859815908162152027e+02,2.832381526918142640e+02,4.434219215603795305e+02,1.973127986103481533e+02,2.309423327809427917e+02,1.246961026735280029e+03,3.163283498060727084e+02,7.544711840117062707e+01,1.097846972931687048e+02,4.960018451873104084e+01,1.174947007984980587e+02,1.288848089376633425e+03,-7.493690529623479790e+01,2.698209882371192521e+02,-4.674072437825978810e+00,-1.928298717691992792e+01,2.076464276595558545e+02,1.468675544622227335e+03,-1.130119610826749295e+02
1.576948593682954254e+02,7.696265785073637744e+02,1.307435014915323109e+03,4.877770697276098133e+01,6.705214571070897591e+02,1.068979154230360109e+03,2.024773452311376047e+02,9.466609314436764180e+02,1.082433442495105510e+03,-1.705009202393412977e+02,4.458199294191025501e+02,1.052877319045490367e+03,3.787377156397821665e+01,1.219454409416060571e+03,1.054417822572315572e+03,-7.174676079729231049e+00,2.492019411055739226e+02,1.131530316463995177e+03,1.851116228822573717e+01,1.422453446832643976e+03,8.721326485481655482e+02,2.389845649023600629e+02,7.355525009857361738e+02,5.711372861482932421e+02,1.737401758519050645e+02,9.765600537454209871e+02,5.776130315517926874e+02,2.829062037729981967e+02,4.795692483210391970e+02,1.783867121970702669e+02,1.987463016498735158e+02,1.280785953052305786e+03,3.029190854182921839e+02,9.319490963217720036e+01,1.304141239173453641e+02,6.005169795777854347e+01,1.241612740848316889e+02,1.307380320070844164e+03,-9.626572290236407525e+01,2.743638288284743112e+02,5.406360586589126882e+00,-2.453769506293447122e+01,2.040395345107408502e+02,1.494826006636685179e+03,-1.291273722072906480e+02
1.454857041609715509e+02,8.127205922860638339e+02,1.305579226885165781e+03,4.837625286529909374e+01,7.119203219475380138e+02,1.054638650491189082e+03,1.837735838517976958e+02,1.000122976192480792e+03,1.076148904154031698e+03,-1.627294622840565808e+02,4.725157612105260796e+02,1.027223763039903361e+03,-6.383848708210751788e+00,1.250526934539077274e+03,1.006559796295140814e+03,1.271100005532531441e+01,3.104280660390382991e+02,1.163528955271339782e+03,-2.095468496140778569e+01,1.426490183285157400e+03,7.997317643591549086e+02,2.629064683834162111e+02,7.841432098564688431e+02,5.629092727492246695e+02,1.687258330530665944e+02,1.008789036946138140e+03,5.681633927395035926e+02,2.827225654177716478e+02,5.158026692869062799e+02,1.622117069066894999e+02,1.664625342210484007e+02,1.310818921733227853e+03,2.892108992925981283e+02,1.126752702083662570e+02,1.524308897876040021e+02,7.215869786384911322e+01,1.322687990689012736e+02,1.325674692946709683e+03,-1.160711667362395474e+02,2.778307402366421002e+02,1.759693660234270141e+01,-3.024537694813218636e+01,2.036223129201259781e+02,1.517781520001778290e+03,-1.414318236497198882e+02
1.313570692024594564e+02,8.544024300779233272e+02,1.301778540928991333e+03,5.198973012724118803e+01,7.526324942275443846e+02,1.037564455194982884e+03,1.588822035059303914e+02,1.053574733739579642e+03,1.064893719842556720e+03,-1.400756380186658703e+02,4.947959642995710965e+02,9.985344190941668785e+02,-5.171379474447097380e+01,1.272113972812073371e+03,9.502821928543977492e+02,2.732427671317483231e+01,3.744845517085629467e+02,1.186027868416483216e+03,-5.496687622919596095e+01,1.421223454717140157e+03,7.246058994614965059e+02,2.836982046826544206e+02,8.359546468042966580e+02,5.539361495173236563e+02,1.609039311583277083e+02,1.040085134588854771e+03,5.577177458016625451e+02,2.835140815865850641e+02,5.504085597454853769e+02,1.498475683397056741e+02,1.352683359373537542e+02,1.336250572122988160e+03,2.763534340702332202e+02,1.330303225806987939e+02,1.747397990081202295e+02,8.595515877093706081e+01,1.401252362980141015e+02,1.342296067778870793e+03,-1.327356830265760550e+02,2.792663507222259227e+02,3.162433952790789249e+01,-3.561388698309544765e+01,2.043395236179654262e+02,1.536749944569977743e+03,-1.492830517595347146e+02
1.155498341770467761e+02,8.934896213810208110e+02,1.295605545722092074e+03,6.069423230723588603e+01,7.926063347142480779e+02,1.019555615874407295e+03,1.274763070649593573e+02,1.103876776387538257e+03,1.047864305414655064e+03,-9.759309990899218690e+01,5.157313508297864928e+02,9.719882051744825731e+02,-9.514154423567393337e+01,1.281896584230979443e+03,8.880147064385588465e+02,3.699759602480430942e+01,4.368261261945473279e+02,1.196329508790966202e+03,-8.110411036069493207e+01,1.408230945509761341e+03,6.505321586506574931e+02,3.003384445139515151e+02,8.890597498735496629e+02,5.443718692696186281e+02,1.501016123009828505e+02,1.069195970836052311e+03,5.466788625387682714e+02,2.860199224030487812e+02,5.817987957914615436e+02,1.418680673060852087e+02,1.063603004968237826e+02,1.356581472434314037e+03,2.654110901411542613e+02,1.534501772997641069e+02,1.961991537858379786e+02,1.010500152796338256e+02,1.465441703340259778e+02,1.356004431618919170e+03,-1.451095157067454409e+02,2.779225057410840805e+02,4.710344518532750868e+01,-3.984374920519015717e+01,2.046387775115368015e+02,1.551328141703408392e+03,-1.530744495687918914e+02
9.840900459259530919e+01,9.295438074389709300e+02,1.286898241335667080e+03,7.503206979648960839e+01,8.325109737619372936e+02,1.002848474121887079e+03,9.015132737030847920e+01,1.147900054516858745e+03,1.024975687962131133e+03,-3.272128357914346708e+01,5.410437904573836931e+02,9.531821114344186299e+02,-1.336228247903455326e+02,1.279060655989203269e+03,8.229960279722821497e+02,4.457550808758679750e+01,4.936947870701403076e+02,1.193828884910783927e+03,-9.801554525573652654e+01,1.390279668824281316e+03,5.813335670694360715e+02,3.123128732563591825e+02,9.413622267350323227e+02,5.345701063671758675e+02,1.365517272391855101e+02,1.094836079070719052e+03,5.356934212166128191e+02,2.906241496161750888e+02,6.089960321765980780e+02,1.381328830393261171e+02,8.089350238969251450e+01,1.371786314268810884e+03,2.570771171571993818e+02,1.733809893641816871e+02,2.159067089036291520e+02,1.165892150961360585e+02,1.509296975346429122e+02,1.366323411446623140e+03,-1.527964393833052270e+02,2.735332487592664847e+02,6.372601090507257737e+01,-4.240321965676596960e+01,2.037840768931930882e+02,1.561849928378017239e+03,-1.540683020076266700e+02
8.044874669967897773e+01,9.629304574800486307e+02,1.275835294845061526e+03,9.469051807138004051e+01,8.736773501065665641e+02,9.896109240165507117e+02,4.858689376969291374e+01,1.183037361782013704e+03,9.970419838701030812e+02,5.309199096609201973e+01,5.780950284937968036e+02,9.464481756859595407e+02,-1.646770914991880090e+02,1.264663773343562752e+03,7.588099225408554958e+02,5.575804215570818201e+01,5.437918606686479279e+02,1.180808276258232581e+03,-1.058465860096105331e+02,1.370850063983945120e+03,5.203483401424663271e+02,3.195961835787597352e+02,9.908359424016608727e+02,5.250597333178876625e+02,1.209758177045149239e+02,1.115928372519095774e+03,5.255402857738326929e+02,2.972113098683302610e+02,6.319814120673273692e+02,1.377196647311272670e+02,5.989373600560452360e+01,1.382254050625180753e+03,2.514802681138682487e+02,1.925991800611247697e+02,2.335034775008211909e+02,1.314189423575755598e+02,1.532006050016565837e+02,1.373637758470641302e+03,-1.562054091891386634e+02,2.664634425287016484e+02,8.144246085375624489e+01,-4.319268498719992522e+01,2.018472557102032852e+02,1.569337538110590913e+03,-1.538813208609202263e+02
6.241437695477372927e+01,9.945857333412678827e+02,1.262950587704543750e+03,1.183269501560256458e+02,9.177887563048012680e+02,9.813586686548237594e+02,5.454885586807781905e+00,1.207637007388762640e+03,9.658245499388972348e+02,1.537143707442193090e+02,6.339350466442915604e+02,9.532792666782994502e+02,-1.868678642318411107e+02,1.241511481676009225e+03,6.989079776355912372e+02,7.844386541794352752e+01,5.897351852157283929e+02,1.162506297047790213e+03,-1.063011678932606543e+02,1.353406039114584246e+03,4.700258029278271010e+02,3.225661191591942725e+02,1.035691644942399535e+03,5.164823037147734794e+02,1.045328953112718864e+02,1.131793259866615244e+03,5.170252724300047475e+02,3.052038870654447464e+02,6.517703878946301757e+02,1.390565542191120301e+02,4.410768158876169309e+01,1.388555135270903747e+03,2.481561248345109902e+02,2.111568200413715601e+02,2.493871508360539622e+02,1.443822342972148078e+02,1.536263611562983158e+02,1.378806886599087420e+03,-1.563609687742207655e+02,2.576962618941586243e+02,1.005451789154695916e+02,-4.254130995406010385e+01,1.994280513548519878e+02,1.575065895415817977e+03,-1.538811148544620551e+02
4.527215182644194158e+01,1.025653931489301613e+03,1.249063034046084340e+03,1.436252849150706368e+02,9.664243941782525553e+02,9.784984222431249918e+02,-3.599294750828514111e+01,1.221357695564963251e+03,9.338678951549013618e+02,2.590656014096226727e+02,7.130252595277569299e+02,9.716876324489693388e+02,-1.999840445256832027e+02,1.213581419960194580e+03,6.461967048554118946e+02,1.206913797798429044e+02,6.386792449404377976e+02,1.146138783737253107e+03,-1.022287648560518818e+02,1.340611883336362325e+03,4.316946146494268532e+02,3.219188744245612384e+02,1.074511459818239246e+03,5.095072918948719689e+02,8.862423825988909698e+01,1.142258853603701709e+03,5.108879833229937049e+02,3.137477521580620419e+02,6.701703344803321443e+02,1.402462993546774044e+02,3.380693935409824036e+01,1.391187724251042482e+03,2.461969745995126857e+02,2.292701589830145394e+02,2.647140975912054728e+02,1.546185372060223528e+02,1.526451973670741324e+02,1.382582025968475591e+03,-1.545707317275182788e+02,2.486796338575919378e+02,1.215964836417436317e+02,-4.106394412459116694e+01,1.972544296029670079e+02,1.579990675943512088e+03,-1.548031084260292403e+02
3.008189303753944799e+01,1.057187828479340396e+03,1.235128853815148886e+03,1.676165277441669446e+02,1.020563036030269359e+03,9.802016625456437851e+02,-7.260018373408684056e+01,1.225406499087834391e+03,9.040761813982379635e+02,3.572064731328557059e+02,8.155037048288799042e+02,9.969622298070511306e+02,-2.049086015359164605e+02,1.185166060245906010e+03,6.027195489666809181e+02,1.875030427522197556e+02,7.014124602065255658e+02,1.138830707642697234e+03,-9.681706003062704724e+01,1.333736090081532211e+03,4.055013838260905459e+02,3.186011180876459434e+02,1.106389904667764540e+03,5.047327145480055037e+02,7.459710692365796092e+01,1.147692819892548187e+03,5.077018557254220354e+02,3.219571915702543379e+02,6.892785258747503576e+02,1.395299758630759186e+02,2.862920094608440991e+01,1.390448598130980372e+03,2.445406486908406123e+02,2.472168751060855243e+02,2.811225217290751175e+02,1.617487110094998002e+02,1.507166494467209930e+02,1.385210225568459236e+03,-1.520837352023121980e+02,2.410650486257572140e+02,1.452131978778587040e+02,-3.945626608928736800e+01,1.958376053277438871e+02,1.584365975335938629e+03,-1.567345646939121764e+02
1.777003040354375685e+01,1.090007251969743038e+03,1.222065191765244663e+03,1.872191744230575807e+02,1.080146556293474077e+03,9.847017182453571422e+02,-1.020408827413886144e+02,1.222528668647742506e+03,8.790987583656780089e+02,4.371307031969233776e+02,9.367415038853271199e+02,1.023531690748988240e+03,-2.032736228737068984e+02,1.159966893241197113e+03,5.694784862200973521e+02,2.774771001849996424e+02,7.896098872519536371e+02,1.144903921350858354e+03,-9.266866618338477224e+01,1.332440518771181814e+03,3.905331919042744744e+02,3.137288125637156782e+02,1.131070862795985704e+03,5.025860387970035958e+02,6.343986293415874655e+01,1.148961567378450582e+03,5.077666452534648442e+02,3.291335899860612244e+02,7.108771274702622804e+02,1.357863415727520930e+02,2.757282653179727561e+01,1.386487946958459816e+03,2.423120110032019170e+02,2.652511803574970486e+02,3.002303384626239335e+02,1.658992380368959232e+02,1.482449676170786574e+02,1.386455360816628854e+03,-1.498429972870186759e+02,2.363704726428681511e+02,1.717931387150741216e+02,-3.830569510921404941e+01,1.953074808176833983e+02,1.587758002769802488e+03,-1.593679561079066502e+02
8.887808559644781781e+00,1.124675892912777726e+03,1.210615370038934316e+03,1.998709561789337670e+02,1.143823589425716818e+03,9.899161433930119074e+02,-1.233394112694763152e+02,1.216586988505323234e+03,8.607292490934449916e+02,4.912475559818016109e+02,1.068458813792994079e+03,1.046923815560260664e+03,-1.970409299767781306e+02,1.140378975664422342e+03,5.464570562922043564e+02,3.809355955240106937e+02,9.117602342200176508e+02,1.163470535277893759e+03,-9.112003819641554969e+01,1.335044070297637973e+03,3.851324579752945283e+02,3.084664624721065138e+02,1.149016819043918531e+03,5.032619494845531563e+02,5.558095384290965058e+01,1.147316029001280640e+03,5.110320909686068944e+02,3.349078165190537106e+02,7.359348010899699375e+02,1.289115946859891437e+02,2.921461879706825471e+01,1.379506694692237716e+03,2.390966071812421205e+02,2.835072633226668586e+02,3.230888577673330246e+02,1.675999417311743969e+02,1.455806251744305939e+02,1.385978025297399427e+03,-1.483786502487648988e+02,2.356260518255839713e+02,2.013053813661657614e+02,-3.796429091513905263e+01,1.954584620425972616e+02,1.589433464874451602e+03,-1.622907869196307331e+02
3.467347907193359724e+00,1.161486048347510632e+03,1.201299706125669900e+03,2.040768226003850430e+02,1.209010833461011771e+03,9.941232388146431731e+02,-1.369660273192161526e+02,1.211693052068187626e+03,8.495644895240783399e+02,5.166491299726573061e+02,1.201002521217927097e+03,1.064673212433355275e+03,-1.881176947920857856e+02,1.127161142730979464e+03,5.328439473876944703e+02,4.809137256660209232e+02,1.069200247382476164e+03,1.187477017229176454e+03,-9.205989762320976411e+01,1.339181607716690223e+03,3.873176651303068638e+02,3.038779460791449765e+02,1.161337575406811311e+03,5.067372880586275414e+02,5.087236568813165150e+01,1.144206788468063678e+03,5.171047946875717116e+02,3.392927927041012026e+02,7.643866321849550332e+02,1.199194728798647844e+02,3.210249696669515629e+01,1.369989309522984513e+03,2.350348995972157695e+02,3.018801111846657363e+02,3.498149269811178783e+02,1.676294663752898657e+02,1.430597805859894436e+02,1.383783999899659420e+03,-1.478366333260819374e+02,2.391099666295754673e+02,2.332351680599178678e+02,-3.849927140371643475e+01,1.959350677906554381e+02,1.588895861493284656e+03,-1.651337452947151405e+02
1.051620803721943664e+00,1.200377426263703228e+03,1.194436687213782079e+03,1.997252026338088911e+02,1.272351925707784176e+03,9.963854425263664325e+02,-1.444835594937802909e+02,1.211099774089656876e+03,8.450630632269160287e+02,5.148353910036062189e+02,1.325839932799858843e+03,1.075678585851781691e+03,-1.780629385131798301e+02,1.119578406357657968e+03,5.273450046692692013e+02,5.572866470279163877e+02,1.254027421792667155e+03,1.204972533307825415e+03,-9.427707775911160581e+01,1.342598051873741042e+03,3.951233923891916788e+02,3.007896166497484955e+02,1.169558550386743036e+03,5.128654747911886034e+02,4.876153912673491675e+01,1.141055491403469205e+03,5.253570089764724571e+02,3.426541527842950359e+02,7.952372154274949025e+02,1.106830983333678518e+02,3.516318100430427762e+01,1.358844639032574605e+03,2.307016751240014685e+02,3.199217369115912106e+02,3.795398427371517300e+02,1.668680757530922847e+02,1.410123780267121845e+02,1.380421650692234152e+03,-1.480988322350733597e+02,2.462904873772688461e+02,2.666904025771352735e+02,-3.971969051922170735e+01,1.964332556647780166e+02,1.586268851854835475e+03,-1.675636530156066044e+02
8.904250511384015354e-01,1.240816363995464144e+03,1.190179373734953288e+03,1.881051697053172518e+02,1.330496714723882178e+03,9.965579322231280912e+02,-1.479190215570769453e+02,1.216272648347226777e+03,8.459538395461598839e+02,4.902991892580969306e+02,1.437203903040110390e+03,1.078586629981212354e+03,-1.679085686881841752e+02,1.115935998744539802e+03,5.284406012310081451e+02,5.927834934868719756e+02,1.450045129096714163e+03,1.202480192606305309e+03,-9.614221160844169844e+01,1.343739400253178019e+03,4.067208687476956470e+02,2.997033038654894312e+02,1.175292620752564517e+03,5.214950310651098562e+02,4.857221144410370073e+01,1.139037241136086550e+03,5.351025529049530860e+02,3.456177522523675520e+02,8.268901049490049218e+02,1.033912355747293930e+02,3.794825320413522007e+01,1.347351280885792448e+03,2.268440091041528888e+02,3.368158940604496934e+02,4.106600576357809018e+02,1.661812321891220847e+02,1.396972452255600672e+02,1.376792506048241194e+03,-1.489239540291413277e+02,2.560174963518970799e+02,3.005964838571035216e+02,-4.126048884751040191e+01,1.968141009320402475e+02,1.582323712561800221e+03,-1.692375827221800932e+02
2.213872988880445813e+00,1.281742464065544482e+03,1.188523612900880835e+03,1.716312149189137699e+02,1.380946039553248966e+03,9.949579268593352026e+02,-1.491315480540231988e+02,1.226559573193082088e+03,8.507937868897361113e+02,4.487957207118324163e+02,1.532272330222531536e+03,1.070525878749775529e+03,-1.581126588195492388e+02,1.114268873826369600e+03,5.345506989004426259e+02,5.785172823664775024e+02,1.636574596778042860e+03,1.169334133962797068e+03,-9.631461214352448508e+01,1.341919371648274591e+03,4.203801773314906995e+02,3.007719232041786199e+02,1.179936460472008321e+03,5.325284335217112357e+02,4.976696502276386269e+01,1.138932180804208883e+03,5.457695760573378720e+02,3.489413436662323988e+02,8.575413303596317292e+02,9.993126637021730119e+01,4.063123362456804699e+01,1.336885063596843111e+03,2.241112890737462919e+02,3.514745771856182728e+02,4.412541998533698120e+02,1.663404828393518642e+02,1.391937207409057748e+02,1.373710605690248485e+03,-1.500405336753725578e+02,2.668896949054753804e+02,3.338800183769642445e+02,-4.267863477503650671e+01,1.970994661335178364e+02,1.578166422800383089e+03,-1.698416502542193030e+02
4.462427657255292779e+00,1.321688897688406996e+03,1.189289258784651338e+03,1.533182307447045787e+02,1.422636083966881415e+03,9.919362758866332115e+02,-1.494004752916395375e+02,1.239639018092054812e+03,8.584380456313771219e+02,3.960099653054334112e+02,1.610078070314731121e+03,1.047346866635711194e+03,-1.486522762014417651e+02,1.112903204772338768e+03,5.442044770926786441e+02,5.166614212706226681e+02,1.793677094174104241e+03,1.101283216776321296e+03,-9.420295429664777487e+01,1.337093015515563366e+03,4.344981676440811498e+02,3.038290361796849766e+02,1.184503505431901203e+03,5.458658950087908579e+02,5.207562353825365875e+01,1.141077706030748686e+03,5.569984018351470922e+02,3.533823271501266845e+02,8.855132925646056492e+02,1.014443756746196925e+02,4.378985814628754980e+01,1.328534596339048448e+03,2.228801245659497283e+02,3.627570000009459363e+02,4.695042157631727946e+02,1.679912465332945999e+02,1.393347024550192259e+02,1.371520903537385720e+03,-1.511677532579825822e+02,2.776454833676610292e+02,3.655752088847480081e+02,-4.350310073545210798e+01,1.973909888514905902e+02,1.574802930910916530e+03,-1.692357140059753533e+02
7.379059242829644205e+00,1.359093175358133749e+03,1.192113316634869534e+03,1.360755163484300851e+02,1.456030796379623098e+03,9.875910524470284599e+02,-1.493150530564081464e+02,1.252566195744313973e+03,8.682627111277234917e+02,3.368759396695912187e+02,1.670030322679538813e+03,1.005512937397922656e+03,-1.392254480864820039e+02,1.110704626404527971e+03,5.563195142186161775e+02,4.191631760180238189e+02,1.906772151789193231e+03,1.001934256079149691e+03,-9.006022975769722905e+01,1.329466014309875391e+03,4.478571688584404455e+02,3.084558141240174791e+02,1.189634283356428341e+03,5.612492986127809900e+02,5.544015691508643329e+01,1.145413954245031391e+03,5.686232152976658654e+02,3.595863201466838177e+02,9.094928963498331314e+02,1.081954997507102263e+02,4.808312969201646325e+01,1.322806639663299848e+03,2.231987269606247821e+02,3.697725851519091975e+02,4.940123318236337582e+02,1.716711335187341092e+02,1.397552714678122072e+02,1.370037781275534599e+03,-1.520031171915765640e+02,2.874364748080593586e+02,3.948462625057971422e+02,-4.320961029051499480e+01,1.977822571885207878e+02,1.572841972879012928e+03,-1.676044855832685698e+02
1.093845731058926951e+01,1.392691312307901853e+03,1.196498744791155559e+03,1.219511084525993425e+02,1.482701538052395790e+03,9.817282877610385867e+02,-1.489054076015466137e+02,1.262955745947688911e+03,8.801158690792101424e+02,2.753914585949579532e+02,1.711034883311463318e+03,9.446199873130179867e+02,-1.294867102148562310e+02,1.107012369206051972e+03,5.705472516413219637e+02,3.032680510811234171e+02,1.969070312737369250e+03,8.815982783711814363e+02,-8.477624129731349001e+01,1.319173948518751558e+03,4.600255311748891813e+02,3.140667036798763547e+02,1.195732409887785707e+03,5.780929118453984756e+02,5.981988353125795044e+01,1.151586985817045388e+03,5.805502471781417171e+02,3.680030661247783996e+02,9.286932157535752594e+02,1.197299339642949150e+02,5.394065685304386903e+01,1.319590050217094358e+03,2.248201600037919548e+02,3.721988179557597505e+02,5.139816925820608731e+02,1.778570210911681500e+02,1.400576664882302964e+02,1.368824572218821686e+03,-1.522482893086087756e+02,2.959237397709241577e+02,4.209648401024801387e+02,-4.115150027485429263e+01,1.983162349144443510e+02,1.572447681934234197e+03,-1.654790806501756038e+02
1.516973562963420363e+01,1.421820884173056584e+03,1.201927796624720941e+03,1.115487362424427431e+02,1.504599254623184606e+03,9.740199058594481585e+02,-1.478845900111493279e+02,1.269795150258110425e+03,8.940886597587799542e+02,2.146603305703467015e+02,1.731689260666524888e+03,8.690034490341220135e+02,-1.192312141390522555e+02,1.101422700168062192e+03,5.874721361757592604e+02,1.860595856243227217e+02,1.981373768155631979e+03,7.542427508359801323e+02,-7.954822443392589548e+01,1.306133271510939494e+03,4.715951105524821969e+02,3.199949520082024605e+02,1.203120406366113457e+03,5.954166418806574939e+02,6.497626461494428440e+01,1.159071408891527653e+03,5.926022440135257057e+02,3.788210672017962111e+02,9.429504570169553972e+02,1.351647161423549903e+02,6.134835185340646291e+01,1.318387296884103989e+03,2.272870444862946044e+02,3.705214432971977203e+02,5.292748778092885686e+02,1.869985428757316868e+02,1.400123675094045268e+02,1.367590953483009571e+03,-1.517114840010319767e+02,3.032276167698357199e+02,4.432945920483518876e+02,-3.652058470413119551e+01,1.990008344074753950e+02,1.573460370043013882e+03,-1.635723889217666454e+02
1.997975176207723891e+01,1.446505184093570051e+03,1.207992150327165291e+03,1.038746679804723101e+02,1.523362144775176375e+03,9.642283669212331461e+02,-1.458866239228585471e+02,1.273596781413102917e+03,9.102410947539756307e+02,1.570143498347669038e+02,1.731295731361570461e+03,7.873559908160314080e+02,-1.084790380977436826e+02,1.093642756400568942e+03,6.084370417673311522e+02,8.037455624368755025e+01,1.949993347370326319e+03,6.339105924332599216e+02,-7.559754509645846099e+01,1.290055661977708041e+03,4.839951018662673050e+02,3.255670263800720363e+02,1.212127400138046596e+03,6.119620356160177153e+02,7.037227072391003446e+01,1.167295026557958408e+03,6.044265133004364543e+02,3.919160341888284051e+02,9.527341674209726534e+02,1.534556995822446765e+02,6.977641752954188803e+01,1.318652652596666030e+03,2.300493614360357810e+02,3.661022779357090826e+02,5.403702131763448051e+02,1.995067696293816937e+02,1.396856364527432675e+02,1.366424462206713997e+03,-1.504417299398679972e+02,3.098122475855219591e+02,4.613218163907414464e+02,-2.839678408111163321e+01,1.998596656250313970e+02,1.575533056942111443e+03,-1.624997989527532809e+02
2.506910171111607966e+01,1.467317477982237506e+03,1.214458542749807066e+03,9.675891292560200441e+01,1.539967224596044161e+03,9.523835310051908891e+02,-1.426457827693951685e+02,1.275934019329484045e+03,9.283886835864011573e+02,1.041924054466357745e+02,1.710971976236356113e+03,7.103966613913371475e+02,-9.745860012960052643e+01,1.083555583841809721e+03,6.349561994789984283e+02,-6.654636827761965634e+00,1.884149337048056395e+03,5.318684655322451817e+02,-7.398082372636740445e+01,1.270603886125011059e+03,4.989102916797609168e+02,3.301687384446152578e+02,1.223084013960262382e+03,6.264813500149826950e+02,7.525982844388410342e+01,1.175767043324879978e+03,6.155341553522813456e+02,4.068304491285153404e+02,9.590416553053714779e+02,1.735664081953213724e+02,7.826995774391801319e+01,1.320023410999662019e+03,2.326070899362773332e+02,3.610183679475379108e+02,5.482282100762993196e+02,2.157049581022320126e+02,1.394194375034662698e+02,1.365722169574064765e+03,-1.487842287739108258e+02,3.163839377680664597e+02,4.747432420070736043e+02,-1.588035670066631688e+01,2.009712460924367008e+02,1.578208628478843366e+03,-1.625354577965107410e+02
2.996370306777288661e+01,1.485133013188275072e+03,1.221216473535875139e+03,8.774576595124770506e+01,1.554822519338976917e+03,9.388616936056648683e+02,-1.381114913207744621e+02,1.278670057779357194e+03,9.480010341161065526e+02,5.755428757538034290e+01,1.674173336139860794e+03,6.476695789860541481e+02,-8.651468855831232929e+01,1.071460958686019239e+03,6.679383426035527691e+02,-7.273003209995049190e+01,1.794006819859544521e+03,4.551069452146034564e+02,-7.543523939643947074e+01,1.247678870022965839e+03,5.176130399977338357e+02,3.333106689129722895e+02,1.236249108016764467e+03,6.380882480447195348e+02,7.891744566904522173e+01,1.184200775901723773e+03,6.254561862408312436e+02,4.228202834929539335e+02,9.631821813011885069e+02,1.945559560221752520e+02,8.569455100547726545e+01,1.322329678313450358e+03,2.346506080710097990e+02,3.576918060892349445e+02,5.540893802034006512e+02,2.357789553697433007e+02,1.396589369603237856e+02,1.365910605216005024e+03,-1.472714757620223054e+02,3.238435546351530547e+02,4.835819443741922328e+02,1.762694556037213811e+00,2.024428879973730488e+02,1.580968426304855257e+03,-1.635366690738063653e+02
3.411872704402974676e+01,1.500894665527715006e+03,1.228132675248552459e+03,7.510286332470018067e+01,1.568130106095773044e+03,9.243667084872580517e+02,-1.325022906422495907e+02,1.283250807513799600e+03,9.682224572967611493e+02,1.824132190585931923e+01,1.626348197453241937e+03,6.049070759347499688e+02,-7.597735902309844391e+01,1.058295050845566038e+03,7.070811222687960935e+02,-1.184915004641383405e+02,1.689714231001195685e+03,4.061237929350518243e+02,-8.020612794091229603e+01,1.221773386509551756e+03,5.405538378095445751e+02,3.346896071909707189e+02,1.251701605229352708e+03,6.465055850084053191e+02,8.090747278535071985e+01,1.192587989174864788e+03,6.339175500307193261e+02,4.389942356637097873e+02,9.665044371541282544e+02,2.156335353994839181e+02,9.107864237562458243e+01,1.325440187362191864e+03,2.361391582396306319e+02,3.584068138867811513e+02,5.592507216412758453e+02,2.597592944313423118e+02,1.406927532372095868e+02,1.367165815200475890e+03,-1.463847548855305831e+02,3.332795661902758866e+02,4.882645628446012438e+02,2.501992882445649613e+01,2.042920524771052726e+02,1.583302566428483033e+03,-1.650741483748705036e+02
3.703444390332246172e+01,1.515456081213824746e+03,1.234908373186128983e+03,5.851941410746471206e+01,1.580211459957886291e+03,9.098286802660170451e+02,-1.262875875508328107e+02,1.290309606549681575e+03,9.880019682732585125e+02,-1.281279342859448889e+01,1.573912737927029866e+03,5.829676602765933922e+02,-6.603528435504530592e+01,1.045603543207871780e+03,7.507205234066309458e+02,-1.458905850384420830e+02,1.581054378980159754e+03,3.835607482627901845e+02,-8.790348339549670698e+01,1.194226160678509586e+03,5.673491795317542028e+02,3.342292732746734032e+02,1.269223597434656995e+03,6.520863723479435521e+02,8.121411756160132711e+01,1.201168222882389500e+03,6.409098193143728395e+02,4.545273130607212693e+02,9.701455191805297318e+02,2.362013909365280142e+02,9.393764269863710581e+01,1.329113865220951766e+03,2.372577053278659207e+02,3.648491928191912166e+02,5.648844150222480494e+02,2.875338201365125315e+02,1.424237733808590463e+02,1.369301690015834311e+03,-1.463386065081322442e+02,3.459428280582007460e+02,4.895926693788922535e+02,5.414019905243606701e+01,2.062786602258984487e+02,1.584789773786868636e+03,-1.666896853057068029e+02
3.834808528234201930e+01,1.529493588983446898e+03,1.241044117747660721e+03,3.920524422151185462e+01,1.591571258484229929e+03,8.962390977577641706e+02,-1.200846712590006433e+02,1.299636924499247016e+03,1.006300186627073003e+03,-3.503424440670945472e+01,1.522985312974885574e+03,5.785188527152237157e+02,-5.665831406117693092e+01,1.035182334352321050e+03,7.961978611756159125e+02,-1.574098667552902100e+02,1.477049694983729751e+03,3.832736825270372378e+02,-9.750172337105937004e+01,1.167171273640663458e+03,5.970630400276069167e+02,3.320824988650487057e+02,1.288214623810006970e+03,6.556048217987714679e+02,8.020296033495934296e+01,1.210278720262851948e+03,6.466148191569845949e+02,4.688790668388356266e+02,9.748673814101005064e+02,2.558776502495785223e+02,9.444560158695490770e+01,1.332996388376949426e+03,2.382543349973154818e+02,3.777928083236756720e+02,5.719408190104293226e+02,3.188651927311749432e+02,1.442990743590282250e+02,1.371851719560471793e+03,-1.470420217241182286e+02,3.631315991080824688e+02,4.885957328689237329e+02,8.918177532109916683e+01,2.078081186541492684e+02,1.585128674031886021e+03,-1.681341795947171818e+02
3.789314745239551740e+01,1.543456356470395576e+03,1.245953397307577688e+03,1.937279026141743543e+01,1.602710878099140928e+03,8.844524722427457846e+02,-1.144891685321153716e+02,1.310425275124948939e+03,1.022317221186627307e+03,-4.842911344890901404e+01,1.478297432250663633e+03,5.858929466136729616e+02,-4.760385620557190123e+01,1.028520020590941158e+03,8.405900925279561307e+02,-1.559192995686908603e+02,1.385141390043042065e+03,3.995857951849712322e+02,-1.075635002165820708e+02,1.143082497724166615e+03,6.285772051672032603e+02,3.285867823630775888e+02,1.307710869011870727e+03,6.579371640654186422e+02,7.844524912063893396e+01,1.220151563310166694e+03,6.512452470976688801e+02,4.819213161517392905e+02,9.810102125372031878e+02,2.744877534175720939e+02,9.336521943683932534e+01,1.336759721399844693e+03,2.392496572164351392e+02,3.970182638507350816e+02,5.811199010266296909e+02,3.533943494985844609e+02,1.454675178502058372e+02,1.374255559790221241e+03,-1.482563960120124307e+02,3.859513857816311315e+02,4.863224193228299441e+02,1.300221760929238144e+02,2.080273047006470790e+02,1.584103797533241277e+03,-1.694616696173055175e+02
3.572421579023985316e+01,1.557552967257189266e+03,1.249173756556101807e+03,1.337213696031910093e+00,1.613902303497273124e+03,8.749983590325855403e+02,-1.099004679220059870e+02,1.321654310013869008e+03,1.035671536547692540e+03,-5.372637957253726171e+01,1.442515442586582139e+03,5.992324413359958726e+02,-3.851753356662153749e+01,1.026320378829615038e+03,8.815354421211412728e+02,-1.446187038958891549e+02,1.310072857872937448e+03,4.265893396181717776e+02,-1.166618183657053720e+02,1.124024110205529269e+03,6.608957990972813832e+02,3.241765739425987931e+02,1.326588291785893716e+03,6.597912256103561504e+02,7.650356056674088734e+01,1.230778449605815240e+03,6.549316085372972793e+02,4.939042970900905516e+02,9.885518055719501263e+02,2.920294780425113572e+02,9.174251440432705351e+01,1.340252284136677190e+03,2.401498848370449366e+02,4.214918615236725827e+02,5.928432410644632000e+02,3.906358263524409153e+02,1.451141402098953108e+02,1.376046477531733217e+03,-1.498085044126219145e+02,4.149872563677276958e+02,4.836484939015781492e+02,1.762866016646110552e+02,2.061271070440331243e+02,1.581554226492307180e+03,-1.709462884335381148e+02
3.210120511326350368e+01,1.571795037904325227e+03,1.250566107376779428e+03,-1.339712067514179950e+01,1.625139950083637359e+03,8.679504086277995611e+02,-1.064179049786801272e+02,1.332490441779929370e+03,1.046472799655722838e+03,-5.234283152995098476e+01,1.416022083957089535e+03,6.141696627033992399e+02,-2.909737688776593600e+01,1.028337078173639156e+03,9.178848338590861431e+02,-1.266974543416091166e+02,1.252953644071355939e+03,4.593416963483921336e+02,-1.238614753408086813e+02,1.110904237210510018e+03,6.933275794185764198e+02,3.192690362034126110e+02,1.343948986028731497e+03,6.615805394891949618e+02,7.476288999287321246e+01,1.241931067372632469e+03,6.577403918630404860e+02,5.052657063024049648e+02,9.972305845248100695e+02,3.086275009532927243e+02,9.048071689568419629e+01,1.343521504287904008e+03,2.407361683259963741e+02,4.497471671214697722e+02,6.071687922385103775e+02,4.299848867606844465e+02,1.428136258147256115e+02,1.376984343773782712e+03,-1.516732244735601967e+02,4.499959626228838374e+02,4.811452421830706498e+02,2.272267499556043902e+02,2.017156971470998315e+02,1.577430658506017835e+03,-1.728828616982730466e+02
2.743456490142241577e+01,1.586088061208979070e+03,1.250405267484670048e+03,-2.470760549805981299e+01,1.636299935368327397e+03,8.628886696389521376e+02,-1.038451473272892684e+02,1.342578808181740669e+03,1.055274205615017536e+03,-4.617592115089255600e+01,1.397094431119992123e+03,6.286319550610179476e+02,-1.924717375112669515e+01,1.033544488432549542e+03,9.499841654119579744e+02,-1.047800320949711050e+02,1.210957531318766996e+03,4.946990026665897631e+02,-1.290602126606760578e+02,1.103057968165582679e+03,7.255474169088397502e+02,3.141593034523921233e+02,1.359536366608066373e+03,6.634355915066607849e+02,7.334921512885448180e+01,1.253312870099234942e+03,6.597905320416525683e+02,5.163822772056535086e+02,1.006672778630390894e+03,3.244907655354207918e+02,8.998087338495631116e+01,1.346695407411150427e+03,2.408707024747324681e+02,4.803085928010097518e+02,6.236725575622901943e+02,4.707468008914489701e+02,1.387319634631942904e+02,1.377118423626155845e+03,-1.538697949898217416e+02,4.897496973301540493e+02,4.790156940799082008e+02,2.816373763945260862e+02,1.950626163154817334e+02,1.571933071389644056e+03,-1.753839746363444192e+02
2.221497838955812654e+01,1.600307018529532343e+03,1.249330720098510255e+03,-3.386145547776728648e+01,1.647326708393579565e+03,8.589729164579648568e+02,-1.017762339996233294e+02,1.352109591878977426e+03,1.062940074555747515e+03,-3.733343271118580731e+01,1.382371944283626135e+03,6.426976399345782056e+02,-9.134082651482124504e+00,1.040464687480637849e+03,9.795092438660689140e+02,-8.055374501649143326e+01,1.177820624730854661e+03,5.314762241724289424e+02,-1.330222468524691237e+02,1.098347984374608131e+03,7.575464016511746195e+02,3.089750412142357732e+02,1.373914773510081204e+03,6.652857881618031115e+02,7.214418435452677159e+01,1.264711730831802697e+03,6.613474936680199789e+02,5.274140778499880753e+02,1.016468465520210771e+03,3.398800351538341715e+02,9.002831430193013773e+01,1.349846949751213060e+03,2.406548396884110446e+02,5.119475002767182445e+02,6.414076257572968416e+02,5.121787301869617295e+02,1.335948110921787020e+02,1.376769503265845742e+03,-1.563043197595559093e+02,5.321268142514288684e+02,4.771066200148340499e+02,3.378913202165649636e+02,1.870873901184820909e+02,1.565603863457239413e+03,-1.782868905210281127e+02
