6.544416308441894614e+01,-4.286595015699732869e+01,1.683415191203185486e+03,-5.451607488139911695e+00,-1.427056613989697951e+02,1.381319466990387582e+03,1.548719434034855169e+02,1.540377688290141407e+02,1.405605734658807478e+03,1.803432464787900358e+01,-2.472805139605393379e+02,1.078167964193146418e+03,2.383302511078170483e+02,2.730061363083488573e+02,1.142706583713440295e+03,2.688620662710898159e+02,-1.994804673339811814e+02,1.154015666145701289e+03,3.490008695980982338e+02,1.297636259680273838e+02,1.180454971076383345e+03,7.726256323117581815e+01,-6.365749808349677608e+01,9.203270212745932213e+02,2.583663978040423217e+02,1.502476960798923074e+02,9.696237616271359911e+02,9.914240121712224152e+01,-7.106828682859621438e+01,4.281701704705433826e+02,5.262605584161700563e+02,-2.208998666699427815e+01,8.498638058456920135e+02,-2.423323134519659749e+00,-1.594118001584768241e+00,4.964511263112328265e+00,2.773909783503683570e+02,7.271276050942518943e+00,4.810896581533360745e+02,2.431518850004270860e+02,-3.004450414112767120e+01,-2.205789287638905360e+00,4.497519380161384106e+02,-1.672597171850400173e+02,4.291811785280142999e+02
6.571773978028041086e+01,-4.072813881970449046e+01,1.681724249567374272e+03,-5.155125768427137878e+00,-1.388149430169636105e+02,1.378326341237978568e+03,1.567756908399210261e+02,1.558092957037367228e+02,1.406620900715786092e+03,1.553570493146388287e+01,-2.411810361205021422e+02,1.074666050988047346e+03,2.388061789841583504e+02,2.760922461547860962e+02,1.143787349507668978e+03,2.666301773931642742e+02,-1.986990814369523548e+02,1.150814006817322479e+03,3.511910686484050643e+02,1.310208551764173421e+02,1.176872953702690211e+03,7.771837602579365978e+01,-5.712369614024898112e+01,9.208054888582141757e+02,2.585222696232003727e+02,1.540241642755722182e+02,9.698208786537251171e+02,9.955556983155328510e+01,-6.925428931129442844e+01,4.288615328602076602e+02,5.247269805196774541e+02,-1.995141687348304060e+01,8.452684357022540098e+02,-2.458712704405629168e+00,-3.555670904702670776e-03,5.224876269293072362e+00,2.717446145377376183e+02,9.257426287238894602e+00,4.783105660457081854e+02,2.434443767899995521e+02,-2.822909707360964404e+01,-2.423833655989676927e+00,4.422697701521779550e+02,-1.659461655497791810e+02,4.254496213046043067e+02
6.621414282915276317e+01,-3.928928752673384395e+01,1.680158333809833948e+03,-4.812590822438995275e+00,-1.355178247397573159e+02,1.375675713887728307e+03,1.584819206321585341e+02,1.573613163323746562e+02,1.407397835503212264e+03,1.256398619162891350e+01,-2.357274742282520776e+02,1.070771119322232380e+03,2.390466728111115344e+02,2.797614450905732042e+02,1.144857349728507870e+03,2.640059835748343176e+02,-1.982299721829942030e+02,1.146373534007310809e+03,3.534868660733851016e+02,1.325696184624857210e+02,1.173027455610100560e+03,7.791977189290422245e+01,-5.153826087329113648e+01,9.213198211631763570e+02,2.585135731206993341e+02,1.575696495041885612e+02,9.697439157474434523e+02,1.000349188756107139e+02,-6.750997207292783742e+01,4.293793082643667276e+02,5.232065223858990066e+02,-1.791937039787820396e+01,8.405346482322444217e+02,-2.531960714316603411e+00,1.321284395193174310e+00,5.339182192133779203e+00,2.659147534695482591e+02,1.166480310600093873e+01,4.757570180892363396e+02,2.437626854962550453e+02,-2.663238472097996379e+01,-2.702110664669228335e+00,4.348059681177809921e+02,-1.648006816581995224e+02,4.218041232517193748e+02
6.716064750848772746e+01,-3.891166571150872500e+01,1.678877750956762839e+03,-4.354772769519123621e+00,-1.332086308443635119e+02,1.373633563254419641e+03,1.599471555155440399e+02,1.586066981842263033e+02,1.407820183890025419e+03,8.819005412035123115e+00,-2.312256734283923834e+02,1.066371943891088449e+03,2.390377999793612673e+02,2.843481031198413689e+02,1.145931883621470888e+03,2.607022691803931025e+02,-1.980557112530102870e+02,1.139911013617218714e+03,3.560057299705631522e+02,1.346884735167787142e+02,1.168803630286037105e+03,7.771521160474294732e+01,-4.740435892608375923e+01,9.218649339131738998e+02,2.582559177221489222e+02,1.607633473099119499e+02,9.692810306377231200e+02,1.006204683251412320e+02,-6.582180224987381223e+01,4.296234378418987490e+02,5.217248355904462187e+02,-1.608131740265685039e+01,8.356385711915348793e+02,-2.611641632831642301e+00,2.263964080678057655e+00,5.234958285733003258e+00,2.598725459165704592e+02,1.478645264445001395e+01,4.735908793760541471e+02,2.441571954001368567e+02,-2.540442736824886794e+01,-3.064981176085825432e+00,4.274209827132589226e+02,-1.637236737532754773e+02,4.181866146420911718e+02
6.873633218626700625e+01,-3.947545267748660081e+01,1.678061168721312697e+03,-3.704008641701008298e+00,-1.319505992618206278e+02,1.372339245434148779e+03,1.613218474651726524e+02,1.596379188437933010e+02,1.407945512900464564e+03,4.263141236341311036e+00,-2.275493955612884065e+02,1.061739430150925955e+03,2.390164035862482876e+02,2.898163471785873639e+02,1.147045268364094682e+03,2.566048746766830391e+02,-1.977718020208395728e+02,1.131378569492445877e+03,3.588221737619024339e+02,1.376164261048518824e+02,1.164284080921109535e+03,7.710732946158027801e+01,-4.461796620642662958e+01,9.223728295974379989e+02,2.577848873292504663e+02,1.636096281541461224e+02,9.685329533487802109e+02,1.013097493692334439e+02,-6.408172934231015461e+01,4.295883573495689802e+02,5.203003081293135210e+02,-1.450126720230316835e+01,8.307229393851672512e+02,-2.587487477682663073e+00,2.910129107533010906e+00,4.939559289016589361e+00,2.538020129241876646e+02,1.866559324608037329e+01,4.718605781542245836e+02,2.446882647805819886e+02,-2.458323330284996544e+01,-3.489761319872981993e+00,4.202110657711868953e+02,-1.623335778531292988e+02,4.143962452218978569e+02
7.100593749237097541e+01,-4.049892181354299225e+01,1.677824572561339664e+03,-2.800857349742747360e+00,-1.314692726554351054e+02,1.371767520733482570e+03,1.628732186728987301e+02,1.606701679835456673e+02,1.407955577044278471e+03,-9.430421048217396685e-01,-2.243255734578752936e+02,1.057390744753834497e+03,2.393043481087470070e+02,2.958786991529007082e+02,1.148235489392115824e+03,2.516955668019884627e+02,-1.968620093586110045e+02,1.121325373777951427e+03,3.619275543622929945e+02,1.416125402279215848e+02,1.159615959961353155e+03,7.621090502107429643e+01,-4.261867258014783744e+01,9.227149629524758438e+02,2.572272846974206004e+02,1.662097613029777676e+02,9.677304679917441490e+02,1.020463551233887216e+02,-6.214565674737416145e+01,4.293349988115523956e+02,5.188930503140894643e+02,-1.320781421625665963e+01,8.259918614666721624e+02,-2.326735733941839079e+00,3.459315269680138361e+00,4.547404014574059516e+00,2.480543819265292882e+02,2.309154394037897973e+01,4.704315712467889057e+02,2.453713196400347556e+02,-2.409207969171456298e+01,-3.920911429132283743e+00,4.132466933520648809e+02,-1.601596893819992999e+02,4.101612713640033121e+02
7.387708155970098289e+01,-4.141132308182235988e+01,1.678129266830151209e+03,-1.630567048646133221e+00,-1.312806715859066173e+02,1.371728878175551699e+03,1.648420393708865959e+02,1.619240527253515722e+02,1.408050524425020512e+03,-6.568716757455659305e+00,-2.212316855611068718e+02,1.053831639022065474e+03,2.400871837379742999e+02,3.022291073405057205e+02,1.149532409749008139e+03,2.459786337323824057e+02,-1.950765553158949785e+02,1.110547708274976685e+03,3.652329104204210353e+02,1.469800449800104616e+02,1.154878199443227004e+03,7.517603945273211252e+01,-4.073032283914758267e+01,9.227512486208569271e+02,2.567307735589407685e+02,1.687040792871821679e+02,9.670878218906706252e+02,1.027358871741617889e+02,-5.992135038686243576e+01,4.289454459195506502e+02,5.173902615488593710e+02,-1.216304980464197527e+01,8.215565863651441987e+02,-1.759793540721378280e+00,4.079321073854854873e+00,4.151926512660097934e+00,2.430104121420561398e+02,2.770087160590129471e+01,4.689927603426867790e+02,2.461339700033686881e+02,-2.376783606194670995e+01,-4.299109190398280766e+00,4.065176947193655792e+02,-1.569304003357824797e+02,4.052542325182712375e+02
7.712110435222346894e+01,-4.180144092842328973e+01,1.678740507849216783e+03,-2.288181108862573088e-01,-1.309000984088294501e+02,1.371919264101083400e+03,1.673242880461102402e+02,1.635194563516954247e+02,1.408349546425762810e+03,-1.240652729920624608e+01,-2.181683897390295783e+02,1.051335898375726856e+03,2.413113110725714705e+02,3.087196235685021861e+02,1.150957942799126840e+03,2.395036297929067644e+02,-1.926362177312936410e+02,1.099753843687660719e+03,3.686287874248134244e+02,1.539888312226960920e+02,1.150072969561912259e+03,7.412881097503931471e+01,-3.846372013214443797e+01,9.224075458720607230e+02,2.563925834334130514e+02,1.712245558108029684e+02,9.666879374046087605e+02,1.032920643049217517e+02,-5.741998109172721598e+01,4.284966413577315620e+02,5.156590489623515623e+02,-1.122371474091593768e+01,8.173381780233723930e+02,-9.387888908412959088e-01,4.811860805007355246e+00,3.788069775499321334e+00,2.389132051337076632e+02,3.214491779873869604e+01,4.671619124302224009e+02,2.468314610137084628e+02,-2.341335837676725262e+01,-4.587418082871622893e+00,3.999341577091926183e+02,-1.527596996939503811e+02,3.995655295153068209e+02
8.045542523884768116e+01,-4.152132993466726418e+01,1.679264924745974895e+03,1.338696298175333199e+00,-1.300301503101557614e+02,1.372007616154809739e+03,1.702385737780494424e+02,1.654319944720591593e+02,1.408837542542238452e+03,-1.829133206138290291e+01,-2.152018094646182362e+02,1.049857286052270865e+03,2.427591365852881609e+02,3.153780099929564358e+02,1.152527040574589137e+03,2.324487547329042911e+02,-1.901435774015365894e+02,1.089378529239363388e+03,3.720606471314156920e+02,1.627301981227710144e+02,1.145214393645443806e+03,7.314481046099243144e+01,-3.563020865415606409e+01,9.217304833811241451e+02,2.562187867129341612e+02,1.738718372077018159e+02,9.664532604185914124e+02,1.036885767220108363e+02,-5.473831150931078326e+01,4.280605847753300850e+02,5.136292555477258475e+02,-1.013375055362833521e+01,8.130820601761431590e+02,-3.230495031526288419e-02,5.582457112150778222e+00,3.421618177383824122e+00,2.357553894948792674e+02,3.624995267642104579e+01,4.646298606987206199e+02,2.473190288477216541e+02,-2.286929319848557540e+01,-4.783412820685120970e+00,3.933854413708983770e+02,-1.481139929463527949e+02,3.930926530276919948e+02
8.364541505485806283e+01,-4.064170891385859363e+01,1.679253913563870356e+03,3.011085282159429166e+00,-1.286384359208663852e+02,1.371726583347081942e+03,1.733803621534574688e+02,1.675203900751329229e+02,1.409365771312134711e+03,-2.407523042592457330e+01,-2.123729379056373148e+02,1.049075882209495603e+03,2.442194475273275884e+02,3.222945751011027369e+02,1.154235347844356056e+03,2.251390484487801587e+02,-1.882893278217896977e+02,1.079548272380389790e+03,3.755630765783197376e+02,1.730155320064009175e+02,1.140387894836871510e+03,7.224150346319163418e+01,-3.227041526022495077e+01,9.208756081282984951e+02,2.561247098951729413e+02,1.767062242381877581e+02,9.661963322303708992e+02,1.039784021825006590e+02,-5.199414547496427019e+01,4.277117542961699428e+02,5.113392085937782667e+02,-8.582595984394675526e+00,8.084700685488716090e+02,7.421282435482503548e-01,6.281042269415062940e+00,2.988808721710408456e+00,2.332897791890061683e+02,4.009723493141681416e+01,4.612576916047508462e+02,2.475334195286979480e+02,-2.208781482825279596e+01,-4.916210444304551785e+00,3.868217705515116336e+02,-1.435824991556395105e+02,3.858764377380188648e+02
8.657474323149413920e+01,-3.934383756843600821e+01,1.678339038800833805e+03,4.761421148716161511e+00,-1.269053897599215759e+02,1.370929715868115636e+03,1.765183329854137355e+02,1.695949624194948626e+02,1.409698612032186020e+03,-2.961657619003763031e+01,-2.095689535859359296e+02,1.048528092203990354e+03,2.456160299707950116e+02,3.294895032977903497e+02,1.156038240267002493e+03,2.179217881954145923e+02,-1.875466510001888878e+02,1.070127385154238482e+03,3.792338414054821101e+02,1.844071147803936128e+02,1.135696956517570698e+03,7.137552199336690251e+01,-2.851037555370656307e+01,9.200296356175329038e+02,2.559699260874967592e+02,1.797438091235443096e+02,9.657106957669147960e+02,1.042589742271244830e+02,-4.926809296037190222e+01,4.275212711074235585e+02,5.089130353092361929e+02,-6.324337505471484100e+00,8.032658693128519189e+02,1.212875227884918417e+00,6.835499936332300130e+00,2.455937921293503745e+00,2.311719140690289862e+02,4.398952950609198354e+01,4.570872123087167438e+02,2.475285273409013485e+02,-2.117217361195798730e+01,-5.032847597567563724e+00,3.803142051156741559e+02,-1.395812083614823393e+02,3.779533525154786275e+02
8.925650352240218410e+01,-3.783857053087028532e+01,1.676360124598589209e+03,6.603470929817831347e+00,-1.250985823402129711e+02,1.369599693170456931e+03,1.794786699799618930e+02,1.714846147796862965e+02,1.409594832581311948e+03,-3.480972303783279642e+01,-2.065714573503328495e+02,1.047766268045379093e+03,2.470155506765718769e+02,3.368566771494022305e+02,1.157847215971381274e+03,2.109628020144884033e+02,-1.880113395822938855e+02,1.060786243563238486e+03,3.831781021978430317e+02,1.963699174407947510e+02,1.131139429177024567e+03,7.044675107325832641e+01,-2.445758230580430492e+01,9.193129730997095521e+02,2.556120255406018202e+02,1.829661681685122687e+02,9.648610792864852783e+02,1.045996032391068979e+02,-4.658957942824645926e+01,4.275369516885573944e+02,5.064948335884690778e+02,-3.304870847396063294e+00,7.974130434250773760e+02,1.328427012309686850e+00,7.225742874588538811e+00,1.857185919489029224e+00,2.291642779054981816e+02,4.832129066463053846e+01,4.522811418603381526e+02,2.474422930750312446e+02,-2.034785320805898579e+01,-5.178526922698671875e+00,3.740658718462739216e+02,-1.361469602759602253e+02,3.693631922056467829e+02
9.179367117845067980e+01,-3.634021715596782798e+01,1.673442107606090076e+03,8.571668238619546187e+00,-1.234557227657391820e+02,1.367817482448154806e+03,1.821834178707914305e+02,1.730756052325414487e+02,1.408904060984832540e+03,-3.963154824987669400e+01,-2.032281046877303652e+02,1.046503823733462241e+03,2.485399041513960583e+02,3.442051143455157671e+02,1.159567778345489160e+03,2.041203421871157104e+02,-1.894289367561331403e+02,1.051077449044838886e+03,3.874692108629685663e+02,2.084537537481625691e+02,1.126532970651767982e+03,6.931893122804727625e+01,-2.017444081815397183e+01,9.187204840815084026e+02,2.549586150864487877e+02,1.863554054526954928e+02,9.636424120886093760e+02,1.049777554042133971e+02,-4.396429383281039804e+01,4.277666180184614291e+02,5.041860119846783732e+02,2.792684017827098408e-01,7.910286524907846797e+02,1.174925704792260772e+00,7.447608920816181310e+00,1.286782028995941962e+00,2.272893053987547489e+02,5.340298612427179137e+01,4.470266950101652128e+02,2.474163394526339061e+02,-1.986597684083623960e+01,-5.374825340656320449e+00,3.683742233516725832e+02,-1.329297736983112372e+02,3.601887244158271528e+02
9.432096002961944237e+01,-3.505697106903708260e+01,1.669977349037803378e+03,1.068573098716828085e+01,-1.221249949494928586e+02,1.365713737728322030e+03,1.846389006299004620e+02,1.743217251496426741e+02,1.407644106338309484e+03,-4.415923660465480793e+01,-1.995905740054285218e+02,1.044700120919293340e+03,2.502705766136987791e+02,3.513542845833695196e+02,1.161172148925156534e+03,1.970067972794529112e+02,-1.913427498498500654e+02,1.040526079103612119e+03,3.921492945378633976e+02,2.204175216705016283e+02,1.121571406030902381e+03,6.785830880693612244e+01,-1.569300025034741530e+01,9.181315454313527198e+02,2.539965396296345261e+02,1.899440170523641598e+02,9.621862041550295999e+02,1.052692393001418196e+02,-4.140925502757077936e+01,4.281814738221783045e+02,5.020096118703895058e+02,4.043274493293602667e+00,7.842945987297314332e+02,9.312916428018032100e-01,7.478284180727125197e+00,8.541141085770804775e-01,2.258458699299704051e+02,5.930124936027339544e+01,4.414283669927936558e+02,2.475178316081475600e+02,-1.988648071100998393e+01,-5.602889299541094381e+00,3.635642354113397801e+02,-1.293950669375973348e+02,3.505701702025777990e+02
9.695744434794187327e+01,-3.415008473665931632e+01,1.666496957095472453e+03,1.292116213956431636e+01,-1.211577035639311077e+02,1.363421761135100041e+03,1.868931256088137616e+02,1.752389561708264978e+02,1.406018241442162662e+03,-4.853713237456263840e+01,-1.959019740318400977e+02,1.042543957658832142e+03,2.522151310350371602e+02,3.582204606420443156e+02,1.162764327146418282e+03,1.892071098733465817e+02,-1.932583175387106564e+02,1.028728952043147501e+03,3.972574906003969204e+02,2.322665716263136915e+02,1.115988263556055472e+03,6.597780574037685142e+01,-1.101860638602746612e+01,9.173766084922663140e+02,2.527853931144641706e+02,1.938419031783128048e+02,9.607046096351439246e+02,1.053042700815029065e+02,-3.896100851119508945e+01,4.287384783421605334e+02,4.998965924548625139e+02,7.584591254326655374e+00,7.773134416166280971e+02,7.886809867642677885e-01,7.287625556842868946e+00,6.328305266867874090e-01,2.252860615962276540e+02,6.575569168294801159e+01,4.354176379375344368e+02,2.477104277252395264e+02,-2.040795868065109531e+01,-5.802238007833592448e+00,3.599206796655471408e+02,-1.251405941214140398e+02,3.406606441214507299e+02
9.977970837713924368e+01,-3.366144075971634209e+01,1.663470604451483268e+03,1.520388614615653111e+01,-1.205200131407864603e+02,1.361045159935486936e+03,1.889908603097458979e+02,1.758935407548960370e+02,1.404350718493264822e+03,-5.291098920614782486e+01,-1.924498973408840641e+02,1.040333460377200481e+03,2.543405030666384334e+02,3.648493860471048720e+02,1.164588356041928819e+03,1.805095548864931914e+02,-1.947570930038481549e+02,1.015444392010291836e+03,4.028541379480844284e+02,2.442229205761712478e+02,1.109728269475455818e+03,6.366848768391573543e+01,-6.109618437789893441e+00,9.163165870624922036e+02,2.514194003824342758e+02,1.982045737986429117e+02,9.593864411259727376e+02,1.049594694994550252e+02,-3.664821283855455647e+01,4.294027436972897931e+02,4.976855225296995400e+02,1.067733876712518537e+01,7.700184877318471308e+02,8.757986084249260728e-01,6.893705573685783072e+00,6.335919437617839600e-01,2.260285808036492483e+02,7.221861835324685330e+01,4.287182236034614675e+02,2.478900708893586113e+02,-2.128230691886462367e+01,-5.892683413657729297e+00,3.576455917436560981e+02,-1.201652526641470473e+02,3.305407633953630580e+02
1.028102764408295968e+02,-3.346287683497446608e+01,1.661125509285357111e+03,1.743377775158629461e+01,-1.201024057229349324e+02,1.358645262624078896e+03,1.909512465906235548e+02,1.763841962488112927e+02,1.402960029526276230e+03,-5.736660694886709422e+01,-1.894067359221214133e+02,1.038310615745539963e+03,2.566261529585647168e+02,3.713819747277020156e+02,1.166962895003303856e+03,1.710044449934604529e+02,-1.955620418172961763e+02,1.000653129439302688e+03,4.090134780046673200e+02,2.566505395144076829e+02,1.103029051327591560e+03,6.100645799356093590e+01,-8.662085079466648185e-01,9.148917050498096160e+02,2.499788666838049096e+02,2.031474008020423980e+02,9.582904818152704820e+02,1.042332406902276460e+02,-3.445133832270341401e+01,4.301503440051138227e+02,4.951423310659388335e+02,1.338134814464393152e+01,7.621905741056618808e+02,1.221009460556499837e+00,6.413931496076368255e+00,8.109776899848228915e-01,2.283077709334729377e+02,7.802382939386728822e+01,4.208972799755358665e+02,2.479596962139668506e+02,-2.229639281702585052e+01,-5.813819389509152558e+00,3.568547475811664640e+02,-1.149405557479762621e+02,3.201473018573226454e+02
1.060163802686074348e+02,-3.328782887141907310e+01,1.659377211936518734e+03,1.952709886810129447e+01,-1.197355675456628319e+02,1.356242322094956535e+03,1.927778977480341212e+02,1.768181261559950315e+02,1.402026887712933103e+03,-6.189530859077191849e+01,-1.867722186856675535e+02,1.036540769202940965e+03,2.590892777914893941e+02,3.779685837197703790e+02,1.170170765734786528e+03,1.610059680763355061e+02,-1.955948727916599807e+02,9.845718322116903209e+02,4.157788430463545524e+02,2.699378120505678567e+02,1.096367143590477554e+03,5.813425794061934937e+01,4.835420328948392132e+00,9.131235355692554094e+02,2.484974730347085199e+02,2.086606536940272747e+02,9.572968820344043479e+02,1.032628995723690792e+02,-3.228578902134629658e+01,4.309499046621348270e+02,4.920127265163800416e+02,1.600373772875023093e+01,7.535652270281391338e+02,1.757950892845107083e+00,6.053430523225380888e+00,1.094278855284298801e+00,2.321164748383081360e+02,8.262995341928524340e+01,4.114953257598938876e+02,2.478917809839948632e+02,-2.326439488254412424e+01,-5.561479639978692546e+00,3.576073371894822230e+02,-1.102326005803440836e+02,3.092717711053894618e+02
1.093214410737161302e+02,-3.285521494619018767e+01,1.657905330187122217e+03,2.145915740846323416e+01,-1.192342368580952581e+02,1.353816574021558836e+03,1.944921707921907910e+02,1.772851475643202832e+02,1.401520323539354877e+03,-6.638428027760819816e+01,-1.844346736847274713e+02,1.034899740708727677e+03,2.617723232318131750e+02,3.846695775096403622e+02,1.174356813957173244e+03,1.508677418138217661e+02,-1.950336758771345842e+02,9.676020832544454606e+02,4.231015066603931700e+02,2.843451697569745988e+02,1.090283704621778043e+03,5.522404015102880237e+01,1.106838756457765882e+01,9.110849208968248831e+02,2.469607131270915943e+02,2.145917480877149330e+02,9.561544792482666253e+02,1.022776740536217375e+02,-3.002922458968605568e+01,4.317418429556495312e+02,4.881030562415083409e+02,1.894242024974144556e+01,7.439634587733162334e+02,2.362199820456541310e+00,6.013303371257203267e+00,1.421114883120075278e+00,2.372380834323875263e+02,8.583316900776203795e+01,4.001824052040172432e+02,2.477378837495638777e+02,-2.407990700645110493e+01,-5.197731725154194571e+00,3.599459147295214052e+02,-1.067555146273014799e+02,2.976513825903687689e+02
1.126322518798386483e+02,-3.202367510302610754e+01,1.656321870023267820e+03,2.328771936703115841e+01,-1.184690009374700992e+02,1.351298866586087570e+03,1.961657884832805223e+02,1.778385579894310240e+02,1.401214175962014224e+03,-7.062379796835635659e+01,-1.822761380336247896e+02,1.033163096752959063e+03,2.647175424038280198e+02,3.913941069745737877e+02,1.179478644458093413e+03,1.408117055480961426e+02,-1.943189722186936592e+02,9.502156225677839529e+02,4.308020106296864924e+02,2.998720199452694715e+02,1.085160728013167954e+03,5.243428408522959216e+01,1.778742999287812054e+01,9.088646015297431404e+02,2.453314386356776993e+02,2.207158497419718515e+02,9.546042764391662558e+02,1.015173653899347102e+02,-2.758028393772662668e+01,4.324388539985286570e+02,4.833589962375316418e+02,2.251182013504493540e+01,7.333748344562890225e+02,2.900360944633614046e+00,6.366811667284170362e+00,1.754851490365584521e+00,2.433266080028404588e+02,8.784179661623463176e+01,3.868672384874198542e+02,2.475836034021899081e+02,-2.471463205474151437e+01,-4.826022757156001930e+00,3.639187582727327595e+02,-1.048328493502851302e+02,2.851200034062433133e+02
1.158749467563714290e+02,-3.087721629660303435e+01,1.654326482880738013e+03,2.514425524227467790e+01,-1.174283964978529866e+02,1.348554919902674101e+03,1.979257799691837363e+02,1.784923630536309815e+02,1.400777422390576248e+03,-7.433684894592465753e+01,-1.802388344182448634e+02,1.031132520488990394e+03,2.679540570437443989e+02,3.979253903698041199e+02,1.185324745775611063e+03,1.308540109126423658e+02,-1.940431093279030108e+02,9.328131810114581413e+02,4.385868611888136570e+02,3.162349963253734018e+02,1.081057146591904257e+03,4.987333118148244182e+01,2.481739098665802246e+01,9.065430273353937309e+02,2.435833354114758720e+02,2.268475770272362695e+02,9.525056989026180645e+02,1.011593974732003147e+02,-2.491045420535743204e+01,4.329558664666523100e+02,4.778996794220683455e+02,2.685259307990396493e+01,7.219566269361296236e+02,3.275331916892687989e+00,6.990015905132650254e+00,2.078979706926761040e+00,2.499978096823620319e+02,8.916928647971180055e+01,3.717081343824025339e+02,2.474861771381998210e+02,-2.518670049712116565e+01,-4.545449858447606850e+00,3.695667860416646135e+02,-1.042400277308065313e+02,2.717411673305059026e+02
1.190214304684244127e+02,-2.967492862404895249e+01,1.651761856361182481e+03,2.719217627304452378e+01,-1.162192627557764268e+02,1.345381430817780711e+03,1.999162719934593611e+02,1.792400717970470225e+02,1.399887396497970030e+03,-7.724487408615776474e+01,-1.783297495661957441e+02,1.028721304762288810e+03,2.714981262731985225e+02,4.040450152559848220e+02,1.191584117875921720e+03,1.208385291551231830e+02,-1.947233052600570602e+02,9.156225454682993359e+02,4.461240572113152325e+02,3.330140569003026485e+02,1.077707899866483103e+03,4.758004555379442735e+01,3.190944780172010908e+01,9.041784152469099354e+02,2.417209856781146300e+02,2.329144848470879765e+02,9.498877548611561679e+02,1.012829088852087693e+02,-2.207302080599122718e+01,4.332540058540415657e+02,4.719811974633272484e+02,3.196267926870773834e+01,7.099629063155575750e+02,3.456554751472712628e+00,7.608588628045368729e+00,2.377265019963070269e+00,2.569159445437829845e+02,9.040638844620394821e+01,3.550301881075804431e+02,2.474407747499865025e+02,-2.553108292458055573e+01,-4.410566340927729811e+00,3.768771132290374339e+02,-1.042950408163785028e+02,2.578448494584071113e+02
1.220891047379483041e+02,-2.868359871985754594e+01,1.648561642538863680e+03,2.956527229403783252e+01,-1.149859053801040858e+02,1.341534240763370462e+03,2.022276308855864499e+02,1.800880184087644977e+02,1.398314921054483648e+03,-7.916650940103457401e+01,-1.765909195402944931e+02,1.025957706316306940e+03,2.753491294763078940e+02,4.097048797790945400e+02,1.197934491941542774e+03,1.105355340489249727e+02,-1.965527744621430486e+02,8.986904858745969022e+02,4.531451873514747604e+02,3.499130698942416302e+02,1.074715046847735493e+03,4.552492932535025005e+01,3.883458509896328792e+01,9.017943090389215968e+02,2.397763029447064582e+02,2.389465102952208042e+02,9.468993749771719877e+02,1.018728605006033092e+02,-1.916133918961388005e+01,4.333689857436126545e+02,4.659000538095539241e+02,3.780473875728015543e+01,6.976521555016050797e+02,3.489034262289136823e+00,7.946817539072586811e+00,2.618249081821974134e+00,2.638700130222675853e+02,9.200699364293276972e+01,3.372055987606719896e+02,2.473958770800334719e+02,-2.578753473599399015e+01,-4.417299361013448333e+00,3.857261182768638719e+02,-1.041275556825672055e+02,2.439409925763406193e+02
1.251152272013342071e+02,-2.799519999142390958e+01,1.644663145063539559e+03,3.231109621738410453e+01,-1.137897205489704930e+02,1.336793358003383219e+03,2.048324225791984077e+02,1.810819350623190473e+02,1.395957297383295327e+03,-8.011237973665484446e+01,-1.750638791987144884e+02,1.022921321570806640e+03,2.794717596997116402e+02,4.151411138539742751e+02,1.204114193707029017e+03,9.974709579689645977e+01,-1.992705771018810594e+02,8.819695028692100323e+02,4.595229606436799372e+02,3.669794733356145571e+02,1.071841760457754845e+03,4.362865126081135259e+01,4.546855345361908007e+01,8.993648732597147273e+02,2.377870088834078786e+02,2.450059903186974566e+02,9.437011099942776582e+02,1.028494917289349075e+02,-1.624411642454993654e+01,4.334013352465928506e+02,4.598807939057679164e+02,4.440279143122117489e+01,6.852207735397108763e+02,3.478505982125013052e+00,7.891750108143384068e+00,2.759498305924927841e+00,2.708267140192407396e+02,9.420271100663970287e+01,3.185635767638401035e+02,2.473007843614221599e+02,-2.599851417581161073e+01,-4.517742482192030451e+00,3.958487763015190239e+02,-1.029817626267636399e+02,2.305522110348608749e+02
1.281283228616588019e+02,-2.744854259733137525e+01,1.639974109343494092e+03,3.536734787313486805e+01,-1.125313476415538929e+02,1.331043323232638386e+03,2.075760586372984164e+02,1.823047806827092927e+02,1.392824725045315745e+03,-8.031784041730713852e+01,-1.737544466191527306e+02,1.019665065441452953e+03,2.837780364716416557e+02,4.208311844731289284e+02,1.209952401433743489e+03,8.837119016864016885e+01,-2.022504522049301272e+02,8.654380778616324505e+02,4.652850136485791950e+02,3.846251940181276723e+02,1.069232348186362287e+03,4.179251063610306716e+01,5.183575855372644270e+01,8.968039816419473027e+02,2.357722594257224102e+02,2.511298368490434711e+02,9.403724030811004013e+02,1.041062991736057484e+02,-1.332404622630359192e+01,4.334703909933494970e+02,4.540020907942019903e+02,5.186600201452935011e+01,6.727794547518619765e+02,3.553552968586213279e+00,7.568603896483352855e+00,2.771605966427023393e+00,2.779426178292734448e+02,9.706067460212223352e+01,2.993610319765831491e+02,2.471483809378298702e+02,-2.620147413952884463e+01,-4.650895129433309627e+00,4.068702619201150128e+02,-1.004275380238473332e+02,2.180516439585147737e+02
1.311402000254340976e+02,-2.670830076393840358e+01,1.634424896314808166e+03,3.858806801512704965e+01,-1.109793783588178826e+02,1.324328243906593571e+03,2.102415888080866466e+02,1.838432295521491540e+02,1.389000771661074850e+03,-8.017353382594072286e+01,-1.726018601057400588e+02,1.016173386114407663e+03,2.881330964594467332e+02,4.272811115593867157e+02,1.215352237440479712e+03,7.640592790034449422e+01,-2.047964673762172652e+02,8.491702808233258111e+02,4.705614395790398703e+02,4.034050486725898850e+02,1.067400918789983052e+03,3.993459825890602133e+01,5.810076775674995275e+01,8.939698530834913299e+02,2.337191374144620113e+02,2.573375405818578088e+02,9.368867550433211591e+02,1.055463437343124866e+02,-1.035283368533067794e+01,4.336582809827050369e+02,4.481979695956662226e+02,6.034294712486177303e+01,6.603608406819766969e+02,3.812685894648166318e+00,7.276483671181903645e+00,2.664529821051504488e+00,2.855273293312351370e+02,1.005994389752649170e+02,2.798026795463638337e+02,2.469853082640906337e+02,-2.641110213367489123e+01,-4.772574451144893537e+00,4.184110832127159370e+02,-9.642462026576421863e+01,2.065870440937435148e+02
1.341594650330971490e+02,-2.545069454167773060e+01,1.628054762055821357e+03,4.181075491318979687e+01,-1.088990368207535226e+02,1.316846322546096417e+03,2.126571503621063641e+02,1.857447534002278928e+02,1.384597483075497848e+03,-8.007017405783136610e+01,-1.714732969974355399e+02,1.012374247619395646e+03,2.923918279391786541e+02,4.347488586377592696e+02,1.220245361657458261e+03,6.391345237155367442e+01,-2.065029818813560780e+02,8.333101787364118991e+02,4.754998415287730040e+02,4.236676730072949226e+02,1.066968108707617830e+03,3.802265568513823268e+01,6.450928475920780159e+01,8.906935392128940521e+02,2.315859528210403084e+02,2.636890984887107265e+02,9.331544712194512385e+02,1.071120447114127927e+02,-7.295467457426811464e+00,4.339755220187800546e+02,4.423358320273322306e+02,6.995612804586181710e+01,6.479422796020863871e+02,4.275780451889632516e+00,7.320729381124026602e+00,2.493685012205038465e+00,2.939662053596275655e+02,1.048557686782127263e+02,2.600828214043942808e+02,2.468877987192773560e+02,-2.660384490377929012e+01,-4.873905698330418979e+00,4.302308582125315297e+02,-9.124887022064547182e+01,1.961238898238337640e+02
1.372036244495806443e+02,-2.353649781414071640e+01,1.621044721615997787e+03,4.492910575744836876e+01,-1.061985514886048918e+02,1.308879656206532900e+03,2.147804830869871182e+02,1.879957049432524059e+02,1.379718767877344135e+03,-8.023380981464083561e+01,-1.702038838700484575e+02,1.008184524255367705e+03,2.964450713368976835e+02,4.430771055182009945e+02,1.224552176245162400e+03,5.098506233682324762e+01,-2.074676789436132935e+02,8.179826317775036841e+02,4.801939636356014489e+02,4.452905852576639063e+02,1.068297587274027592e+03,3.609160509078701295e+01,7.129004545452551156e+01,8.868272390112963421e+02,2.293203077931264033e+02,2.703188236226650929e+02,9.290890841693255879e+02,1.088039625143196929e+02,-4.195724272124926379e+00,4.343628940896156223e+02,4.363353097670175202e+02,8.076077328374853437e+01,6.354780205562891524e+02,4.865993946125052538e+00,7.842007536850765348e+00,2.336908552993307797e+00,3.036229195916503727e+02,1.098589365755810690e+02,2.404263917759844844e+02,2.469232341363420176e+02,-2.672145112713011272e+01,-4.984986201319779653e+00,4.423362362535224293e+02,-8.532663390973104356e+01,1.865723691291468356e+02
1.402875414785685848e+02,-2.106534150787237536e+01,1.613650642505845781e+03,4.792971366290458235e+01,-1.029887630645806667e+02,1.300692259862209085e+03,2.167075528896355934e+02,1.905366836903160106e+02,1.374438379440426615e+03,-8.064266700808467192e+01,-1.686677685651168872e+02,1.003550683063788711e+03,3.002441003676099172e+02,4.517598371431481041e+02,1.228176596240187337e+03,3.773691534520057189e+01,-2.082072592631560894e+02,8.032231262577944335e+02,4.846572004156827234e+02,4.676731618436460849e+02,1.071266971902482283e+03,3.423624171408883399e+01,7.854752996971996026e+01,8.822939356560427768e+02,2.268841055157470521e+02,2.773846584803044379e+02,9.246467583755007809e+02,1.106828256854074510e+02,-1.185574705209320845e+00,4.347202465871607160e+02,4.302669397485902323e+02,9.273567013233143541e+01,6.229376484162038423e+02,5.438570952884963283e+00,8.741720748242379102e+00,2.256179714242724899e+00,3.147442290741798843e+02,1.155590780997698914e+02,2.211109547033371143e+02,2.471216777608287316e+02,-2.669687710312869910e+01,-5.163025674186068947e+00,4.549814577764482806e+02,-7.903990980370201669e+01,1.779114855326554618e+02
1.433919574727128179e+02,-1.828892702144718641e+01,1.606074105682033405e+03,5.087352580663818458e+01,-9.950811676906756986e+01,1.292447521547693896e+03,2.186035105728926453e+02,1.933052824670892278e+02,1.368793429986957108e+03,-8.106794845267423000e+01,-1.668293164861472349e+02,9.984576838728207804e+02,3.037905236004366998e+02,4.602170749638033840e+02,1.231040249668986462e+03,2.433241910811935327e+01,-2.093053055154917388e+02,7.889892036458332996e+02,4.888447209680275591e+02,4.900033538738450147e+02,1.075328820719836585e+03,3.257925938262610543e+01,8.619739665256817318e+01,8.771138514798277583e+02,2.242744768975013301e+02,2.849534484604490672e+02,9.198179141315774814e+02,1.128514903287209847e+02,1.583039316864047308e+00,4.349414692541552085e+02,4.243718665651268225e+02,1.057892088422186276e+02,6.103361811818009528e+02,5.846518102103779313e+00,9.740617893579731401e+00,2.270792548007647849e+00,3.273870336315263785e+02,1.217963806680258614e+02,2.024512363068002117e+02,2.474695863015084285e+02,-2.648734828399532759e+01,-5.465459401314239685e+00,4.685432934572793897e+02,-7.257077069303915096e+01,1.702245815505227426e+02
1.464413979509399724e+02,-1.545311108085736507e+01,1.598364096234895442e+03,5.383975409079330632e+01,-9.596284118692587128e+01,1.284183283174399776e+03,2.206044644052961132e+02,1.962768874022868886e+02,1.362791033088435825e+03,-8.120294809392029833e+01,-1.647269488085505316e+02,9.929080578449305676e+02,3.071056913087133466e+02,4.681015152841524696e+02,1.233132920032905986e+03,1.100295402201759387e+01,-2.110051179698198212e+02,7.752428151453493683e+02,4.927012391149588666e+02,5.116379908967717824e+02,1.079823453933402334e+03,3.122607117224549711e+01,9.399528826850742291e+01,8.713925118693483682e+02,2.215303263564285885e+02,2.929166606225153942e+02,9.145909991045018614e+02,1.154207616142151238e+02,4.046252182670240671e+00,4.349411892094530003e+02,4.189799436158118624e+02,1.197678990071399738e+02,5.977337005938494485e+02,6.007291319406332875e+00,1.052603591428661822e+01,2.360794721195505819e+00,3.413878916210484817e+02,1.283603868686726628e+02,1.847409115316519035e+02,2.479214959577669788e+02,-2.609342283809253615e+01,-5.914132443390256455e+00,4.833238808370043671e+02,-6.584446242319130249e+01,1.636236699886029839e+02
1.493193731652355325e+02,-1.267338042706076529e+01,1.590422934067364849e+03,5.687354678462958191e+01,-9.239340287228871773e+01,1.275847359893000430e+03,2.227511855418336779e+02,1.994769382125763002e+02,1.356424069239966229e+03,-8.079892144297832601e+01,-1.623901755412510397e+02,9.868973235677252660e+02,3.102039689657634085e+02,4.754308129619640226e+02,1.234542167968167178e+03,-1.964112648109874293e+00,-2.130057184789209259e+02,7.620335623203297928e+02,4.961958067872843117e+02,5.323661292807948939e+02,1.084335400545367975e+03,3.022416013600244966e+01,1.016652451971502700e+02,8.652757912225475820e+02,2.187201678034946895e+02,3.010239117775797695e+02,9.089277902187973268e+02,1.184704689009940353e+02,6.300502513108755309e+00,4.346707370273929882e+02,4.143608334064799124e+02,1.344733019748292406e+02,5.851972118154520786e+02,5.931538292770952125e+00,1.089769514643194981e+01,2.497160857509963083e+00,3.563941971762324670e+02,1.351159477270815046e+02,1.681767066426575070e+02,2.484175039751140162e+02,-2.555438416598920526e+01,-6.466394533602100481e+00,4.993796202662720134e+02,-5.859272494745839310e+01,1.581258793125490172e+02
1.519187658936117487e+02,-9.906538274796552912e+00,1.582111494674010828e+03,5.997084282735337268e+01,-8.865363394902779248e+01,1.267361881973153913e+03,2.249856288250368550e+02,2.029619797218185511e+02,1.349691274033504214e+03,-7.974529023050128274e+01,-1.597467218742787907e+02,9.804124671428131705e+02,3.130830936470426309e+02,4.824671278194064712e+02,1.235435331187307384e+03,-1.428832943564184710e+01,-2.145867661160374098e+02,7.495154406446442863e+02,4.993132818100237387e+02,5.524105230488742109e+02,1.088862603687043247e+03,2.954411837918685890e+01,1.090656750598251676e+02,8.588954717746537426e+02,2.159163898122722571e+02,3.090328245289530287e+02,9.027747493984558105e+02,1.220198761699667358e+02,8.579624006539194880e+00,4.341251260380269059e+02,4.105879722601881667e+02,1.497043257014455548e+02,5.727490917539531665e+02,5.700150544205484060e+00,1.083815040578227240e+01,2.675426494134935052e+00,3.719615995485391977e+02,1.421300326880290754e+02,1.528128049304322076e+02,2.488984725207907900e+02,-2.492805058112244865e+01,-7.013515739106932934e+00,5.164637650673892040e+02,-5.049167891091449434e+01,1.535860832183813613e+02
1.541927966281475051e+02,-7.005846380802171147e+00,1.573375389256582139e+03,6.310126255975551857e+01,-8.450201302182615848e+01,1.258673198402423850e+03,2.271953231502107826e+02,2.067915615388303650e+02,1.342615805508552285e+03,-7.808790106809004783e+01,-1.565972564380570873e+02,9.734578343417704218e+02,3.157271740332884065e+02,4.894569379400782623e+02,1.235996389083492886e+03,-2.580066082586506226e+01,-2.149777350505374045e+02,7.378837969641815562e+02,5.020076636744290113e+02,5.721979465644299125e+02,1.093704530598879501e+03,2.909338535191483999e+01,1.162918276409058222e+02,8.523317767971872172e+02,2.131686834523377172e+02,3.168778156370701709e+02,8.961011691277520868e+02,1.260186890671767515e+02,1.113992920865531033e+01,4.333393111843811880e+02,4.074952283539729478e+02,1.653310212853339181e+02,5.603461504845589616e+02,5.410386128058392252e+00,1.049068058575795348e+01,2.927713576448834232e+00,3.876908115180835352e+02,1.497411861744048451e+02,1.385811721492987374e+02,2.493187834421847526e+02,-2.427247707274940680e+01,-7.416260892698267604e+00,5.341105534017294758e+02,-4.127244119386423193e+01,1.497477445868279915e+02
1.561680580461266175e+02,-3.799527134994820976e+00,1.564301880268644936e+03,6.624003823490537002e+01,-7.972880979225656972e+01,1.249761230271115892e+03,2.292657770345513768e+02,2.110153350229213913e+02,1.335255515508176131e+03,-7.601357323063518834e+01,-1.526994473463565498e+02,9.660871212513360433e+02,3.181103438647742223e+02,4.964426276096124866e+02,1.236350436139285875e+03,-3.653799481033816221e+01,-2.137469435121970491e+02,7.272773358258554026e+02,5.041600358636511032e+02,5.920647738540318414e+02,1.099169273632938030e+03,2.876144659944019111e+01,1.236440846674907021e+02,8.456062299464647367e+02,2.104896411180189091e+02,3.247374934793876946e+02,8.889319163034036819e+02,1.303622479703171564e+02,1.412122661919811151e+01,4.323712002470877565e+02,4.047547809967601324e+02,1.813751917956467423e+02,5.479171348652815823e+02,5.128240589888085843e+00,1.007870356791380395e+01,3.305821881886660929e+00,4.033477207729885095e+02,1.585392788151154662e+02,1.253672015053414981e+02,2.496579822433469076e+02,-2.364182264149589230e+01,-7.564219512829637893e+00,5.518154447231854647e+02,-3.071875596095351568e+01,1.463819597489265902e+02
1.579123647646674442e+02,-1.412246563109715303e-01,1.555071560958067948e+03,6.937801486168731913e+01,-7.423443925961636580e+01,1.240614212765259026e+03,2.311124656556919774e+02,2.156776667617165231e+02,1.327698866240418738e+03,-7.381813662947163834e+01,-1.479261082708872550e+02,9.584118681371717230e+02,3.201952838768520451e+02,5.032824248419765922e+02,1.236519974321433438e+03,-4.675006241119425709e+01,-2.109952564668839443e+02,7.177098728879237797e+02,5.055855421902060129e+02,6.120721904378491445e+02,1.105313144000428565e+03,2.847744798115092024e+01,1.314764962999473425e+02,8.387004408788102410e+02,2.078579832947650061e+02,3.329480286794182575e+02,8.813492612467415483e+02,1.349228110117557264e+02,1.747256505447410646e+01,4.312763526310284306e+02,4.020332065256839655e+02,1.980455962913916892e+02,5.354421173058835848e+02,4.872244644802536051e+00,9.816666038409318062e+00,3.850251502951995697e+00,4.189088709337713681e+02,1.692458996729502303e+02,1.130850578483456559e+02,2.499276348261855105e+02,-2.309392117346775208e+01,-7.426660814474170813e+00,5.692202490025439374e+02,-1.856248027200673434e+01,1.434175310197983606e+02
1.594885473741655062e+02,4.077089697045075845e+00,1.545843722903671960e+03,7.250428954296947381e+01,-6.802853622090643171e+01,1.231198297191749816e+03,2.326931004515603831e+02,2.208201623216984046e+02,1.320044128885791906e+03,-7.184990152503775107e+01,-1.423934564824598965e+02,9.505716441640081484e+02,3.219314713550962210e+02,5.098364895792512925e+02,1.236440714577980543e+03,-5.677693998581686685e+01,-2.072698142430207326e+02,7.090673416238446407e+02,5.060941972439392202e+02,6.320040551715396759e+02,1.111884918615141714e+03,2.824798011737177816e+01,1.400187454027509375e+02,8.315865858371907962e+02,2.052348929954058292e+02,3.418157260657195025e+02,8.734663306468708015e+02,1.395798216445790842e+02,2.099268512234920436e+01,4.300882087748875620e+02,3.991386269323823512e+02,2.156840817414714593e+02,5.230195522055049651e+02,4.627726057737159948e+00,9.846653605937227383e+00,4.568263200431755600e+00,4.345064566818825824e+02,1.825220255841360881e+02,1.016939520630565568e+02,2.501666794547584232e+02,-2.269534609313336304e+01,-7.065157715777818481e+00,5.862146776359909381e+02,-4.384444520698366432e+00,1.409704633297606051e+02
1.609331113954635271e+02,8.927883181902473098e+00,1.536655675053048981e+03,7.558316434389926997e+01,-6.118286289932215993e+01,1.221451961450453382e+03,2.340155651072528258e+02,2.264662908528887044e+02,1.312366892351153183e+03,-7.042140244631811186e+01,-1.364543344797713473e+02,9.426787263427662538e+02,3.232625451610613254e+02,5.161482500225016565e+02,1.236028126317207807e+03,-6.684680691461427671e+01,-2.032745658041712318e+02,7.011550230808145443e+02,5.055678224896411166e+02,6.515016241717057710e+02,1.118489948890398864e+03,2.814941924781639671e+01,1.492786321506606271e+02,8.242559579168520258e+02,2.025832021583481719e+02,3.514490648226432654e+02,8.653966466095372425e+02,1.442355936003438899e+02,2.446160372053398646e+01,4.288165293593372098e+02,3.960844345172303633e+02,2.346309887655781665e+02,5.108677363109204066e+02,4.372657833396459637e+00,1.021047289031822380e+01,5.433924689089429272e+00,4.502960800525243599e+02,1.987831773897296443e+02,9.114346723886646373e+01,2.504231362225038708e+02,-2.251209721086546267e+01,-6.601910281910559952e+00,6.029120097055887300e+02,1.236922306120803938e+01,1.392446606885589233e+02
1.622685821244629949e+02,1.444659219869946476e+01,1.527401539854218981e+03,7.855066189372261931e+01,-5.379217416543784225e+01,1.211316474218045414e+03,2.351460911311091877e+02,2.325986055003681656e+02,1.304690404207644178e+03,-6.971153253589301357e+01,-1.305358529322558354e+02,9.347718661614595703e+02,3.241469845238416383e+02,5.224713561353505611e+02,1.235252910535299634e+03,-7.691787052874019537e+01,-1.995520915039125498e+02,6.937536658511583028e+02,5.040080878758868721e+02,6.702344905949187250e+02,1.124838112427037686e+03,2.827701903954664431e+01,1.590712535852190399e+02,8.167360773854060199e+02,1.998804210283049940e+02,3.617129163108652392e+02,8.572398395196106549e+02,1.488173860224253531e+02,2.778023361210451014e+01,4.274626408921905636e+02,3.930525410499415102e+02,2.550767698951945306e+02,4.992490318451810936e+02,4.096958928675963563e+00,1.085221157150866844e+01,6.405178212161975360e+00,4.663090158729918357e+02,2.181246446759244861e+02,8.129581309299838665e+01,2.507290881236279176e+02,-2.258900392628453346e+01,-6.164992494495780129e+00,6.195206823302231669e+02,3.224173488218765726e+01,1.383469893257317551e+02
1.635229948419517427e+02,2.062755248014435594e+01,1.517902639455377766e+03,8.133614719254548220e+01,-4.596681270986515244e+01,1.200790147651320012e+03,2.362046107000202824e+02,2.391571861177460221e+02,1.296978273647155220e+03,-6.970525616748906828e+01,-1.249159725057933485e+02,9.268128148522657739e+02,3.245838125945510342e+02,5.291315352274958741e+02,1.234177795062428686e+03,-8.667463717316924487e+01,-1.962964285267997582e+02,6.866604377491797777e+02,5.015358636478125618e+02,6.880307752518530151e+02,1.130901922674340540e+03,2.868267283446856197e+01,1.691321062988269261e+02,8.090893514930403398e+02,1.971227434423988996e+02,3.723214014175717921e+02,8.490803629495969744e+02,1.532775118608094829e+02,3.102956819997747573e+01,4.260342909715624273e+02,3.902965286574694801e+02,2.769816301707180060e+02,4.883576510429523978e+02,3.810008172099728530e+00,1.164489998475654353e+01,7.441020613120709726e+00,4.823578326092091970e+02,2.404025608345816352e+02,7.189474947658962378e+01,2.510819414338726858e+02,-2.293322477843810603e+01,-5.842907288654791920e+00,6.361819341860418717e+02,5.558495287424219100e+01,1.381034844171193754e+02
1.647259361853879511e+02,2.742998299759281267e+01,1.508026643629434830e+03,8.389279790441175066e+01,-3.783644758382907725e+01,1.189977614747543612e+03,2.373330211948709518e+02,2.460736778438256636e+02,1.289161037720707327e+03,-7.020952115927650539e+01,-1.195874438827782598e+02,9.187335054504656000e+02,3.246235869169991020e+02,5.363450750629269805e+02,1.232934033189904540e+03,-9.568948098728456841e+01,-1.933566803942190688e+02,6.797236113245725164e+02,4.983499574394657543e+02,7.049437401483045278e+02,1.136897737433328757e+03,2.934207224491943222e+01,1.792231300330782346e+02,8.013901151098204991e+02,1.943238161205196946e+02,3.829963648528935778e+02,8.409803078972472576e+02,1.576002370271936002e+02,3.441368226732614488e+01,4.245418567281872129e+02,3.880440349074366964e+02,3.001023004304655046e+02,4.782364200604172879e+02,3.542051699031433909e+00,1.243777373886199733e+01,8.503572853961733458e+00,4.980387130385279306e+02,2.654097277686216216e+02,6.261811100916747108e+01,2.514433749292360289e+02,-2.351298922753812803e+01,-5.669886755063166639e+00,6.528543932054865309e+02,8.246569326748411299e+01,1.379715647549808750e+02
1.658793361126507193e+02,3.479543129852294925e+01,1.497786750368316234e+03,8.621500090777546177e+01,-2.953155603377516059e+01,1.179101922445222044e+03,2.386403966978985522e+02,2.533195084756446533e+02,1.281186419865141943e+03,-7.094491786314095805e+01,-1.143021533478951426e+02,9.105089815102398916e+02,3.243481500335959140e+02,5.441358899588957456e+02,1.231654364954466246e+03,-1.036498367157266216e+02,-1.903849420672105452e+02,6.728879984502398202e+02,4.946649978379944059e+02,7.212587650663422210e+02,1.143131834524085207e+03,3.017309107132126655e+01,1.891684406553670499e+02,7.936862326305955548e+02,1.915148168485312397e+02,3.935905299995893643e+02,8.329561641281324000e+02,1.618136363433947338e+02,3.812660990500066305e+01,4.229759759618405610e+02,3.864384636224372684e+02,3.240997615786358779e+02,4.687680536451312605e+02,3.345131751281011034e+00,1.311675105874513392e+01,9.543606755023612109e+00,5.128297173253364463e+02,2.930216293356081678e+02,5.319289361396742066e+01,2.517586413693501868e+02,-2.426647496015641892e+01,-5.641091143821519438e+00,6.692994244473818526e+02,1.127188335160382309e+02,1.371147320164858172e+02
1.669317704335883263e+02,4.266263638398680058e+01,1.487364879246328883e+03,8.833207447734493201e+01,-2.113801134720679187e+01,1.168460132206603021e+03,2.401506609054808337e+02,2.609264036035746699e+02,1.273061823979501241e+03,-7.167206669164615107e+01,-1.087630595523202572e+02,9.022149413007030034e+02,3.238259469692927155e+02,5.523981765271466884e+02,1.230404160597368673e+03,-1.105110084109050774e+02,-1.870323432368393242e+02,6.662452358076201335e+02,4.906483021917599672e+02,7.374350984795948989e+02,1.149828719261939341e+03,3.109328248839742059e+01,1.988312056664863405e+02,7.859631395189412615e+02,1.887485499348720168e+02,4.041199642354245611e+02,8.249533761989066534e+02,1.659960082456722148e+02,4.223198553133959621e+01,4.212888054314561828e+02,3.855296480784183473e+02,3.486634984078530692e+02,4.597395719382108723e+02,3.290857200586080999e+00,1.365924395472452346e+01,1.048375282948479459e+01,5.262380705659358000e+02,3.232292228445730871e+02,4.351186369619288286e+01,2.519873475198253061e+02,-2.510712785316898277e+01,-5.739923592859359047e+00,6.851682720046856048e+02,1.461114543445133904e+02,1.346388093251782720e+02
1.677878599982444712e+02,5.096903939955631557e+01,1.477043889089829463e+03,9.028417401722597901e+01,-1.265790827385918504e+01,1.158330740942674993e+03,2.417841821729807066e+02,2.689569941021965178e+02,1.264857250245669093e+03,-7.229447132134684750e+01,-1.028295388263354795e+02,8.940377366917703057e+02,3.230756238145051498e+02,5.610327913927523014e+02,1.229151268128277025e+03,-1.164890153243060951e+02,-1.831101276349415343e+02,6.600566185787496352e+02,4.863745814918774499e+02,7.539730246169107204e+02,1.157044170535715011e+03,3.207749897699616071e+01,2.080973821951133687e+02,7.781332047473916873e+02,1.861019536228781703e+02,4.147218495069719211e+02,8.168470613641856062e+02,1.702632783242160315e+02,4.663417794825167562e+01,4.194039347116580529e+02,3.852998961325401979e+02,3.735975076488988407e+02,4.509389621915732960e+02,3.456618170869763418e+00,1.415644602907850746e+01,1.121872845327435542e+01,5.379213574260522819e+02,3.560798717020097115e+02,3.368896615713996567e+01,2.521283488856113877e+02,-2.592268562711583968e+01,-5.957385707435140176e+00,7.001349013480843269e+02,1.825192112595682090e+02,1.299009383286937975e+02
1.683570276921705329e+02,5.964792412151493295e+01,1.467081392900741321e+03,9.209540823864330150e+01,-4.015765847517807963e+00,1.148871854949728004e+03,2.433885373346323036e+02,2.774482315216479833e+02,1.256663312846285862e+03,-7.289094184134150112e+01,-9.660074786293355942e+01,8.862292545523429226e+02,3.220703939039722741e+02,5.700412122098019836e+02,1.227791651772227397e+03,-1.219117338493619656e+02,-1.786744234026066067e+02,6.547125707819233185e+02,4.818141515646219091e+02,7.712313719437927375e+02,1.164691284324689832e+03,3.317486624932816852e+01,2.169186690209273252e+02,7.700647612763789311e+02,1.836664141852784553e+02,4.255902334185387303e+02,8.084856582599092008e+02,1.747282350294122182e+02,5.115742038318299478e+01,4.172570097189970966e+02,3.856979725332118960e+02,3.988493737453113113e+02,4.422339089061843538e+02,3.897107305306731995e+00,1.478382175205289428e+01,1.164163922832255160e+01,5.477202396444191663e+02,3.916122367728829090e+02,2.402081881413868558e+01,2.522216183007167842e+02,-2.658304065742068190e+01,-6.293627488087762956e+00,7.139899914980833273e+02,2.220121893221212019e+02,1.227453084753828989e+02
1.686110924300184877e+02,6.864205756301734596e+01,1.457588066394607949e+03,9.375655939969604447e+01,4.886022152348412639e+00,1.140063456199780148e+03,2.448047117480296890e+02,2.863785374710941483e+02,1.248532551375061985e+03,-7.366381069878596577e+01,-9.033616727521410894e+01,8.790253654304041220e+02,3.207821901948067307e+02,5.795154085807516822e+02,1.226215564953210560e+03,-1.270264403537890274e+02,-1.740259249707395099e+02,6.506191645564360897e+02,4.768566216788220231e+02,7.892699698415111698e+02,1.172634059481755003e+03,3.447071105579203731e+01,2.253978694968642742e+02,7.616449799185342044e+02,1.815208410323498072e+02,4.369254166862669990e+02,7.997628449660754768e+02,1.794383201816550866e+02,5.567686015565516300e+01,4.148403985047493165e+02,3.866521427600661127e+02,4.244901898955912998e+02,4.336022766712887346e+02,4.611815890088916348e+00,1.572414445312933040e+01,1.168691614984207305e+01,5.555952194602358531e+02,4.298381072503460700e+02,1.486739954427658184e+01,2.523217986418282806e+02,-2.697263090697624577e+01,-6.745526102857472672e+00,7.266364934441864989e+02,2.647952436142846864e+02,1.135429989286543986e+02
1.686064803878352052e+02,7.794201544761429545e+01,1.448471838764804033e+03,9.522048012934682504e+01,1.410521309079847541e+01,1.131730683023687789e+03,2.459323909652789837e+02,2.956928903936293409e+02,1.240444957710172048e+03,-7.483070823259897963e+01,-8.428392866342318257e+01,8.725646839413420821e+02,3.192256955898161550e+02,5.895565971443425042e+02,1.224375189039555380e+03,-1.318720587694117796e+02,-1.696262322079006140e+02,6.480483962816763324e+02,4.713520041497149577e+02,8.078042728997438644e+02,1.180772408258827227e+03,3.601797315362692586e+01,2.338367815790553834e+02,7.528498865034573555e+02,1.796969790153505357e+02,4.488947984714302493e+02,7.906769297123822753e+02,1.843212218625171204e+02,6.021214470135447527e+01,4.122190876180893611e+02,3.880511343897699135e+02,4.506582697558908990e+02,4.251156709970059069e+02,5.529626774656425603e+00,1.707448127447465325e+01,1.136825850005738126e+01,5.615202921874583808e+02,4.707430428519916177e+02,6.509021717744317037e+00,2.524572875618096077e+02,-2.704023599548270695e+01,-7.291555220525348879e+00,7.379938568481098855e+02,3.110275008718246568e+02,1.030173967122511982e+02
1.684476774862378079e+02,8.762895737018168063e+01,1.439477989787901151e+03,9.640697936897986153e+01,2.364938867097682973e+01,1.123641154115219933e+03,2.467583065036773178e+02,3.053710607237829322e+02,1.232321932065045758e+03,-7.651724764790029099e+01,-7.853314122156112376e+01,8.668463307271366602e+02,3.174563870231825149e+02,6.002076408715782918e+02,1.222314829316436771e+03,-1.362735429330949444e+02,-1.659416331473202604e+02,6.470276874471164774e+02,4.651446876402458770e+02,8.263096219129888595e+02,1.189062291876847439e+03,3.778783298189644313e+01,2.426722279713841033e+02,7.437859301640638705e+02,1.781586786151980277e+02,4.615901152932052582e+02,7.813390995016591205e+02,1.891780847664605290e+02,6.492364650614699428e+01,4.095080087433598237e+02,3.897120041145446407e+02,4.774823964389731827e+02,4.169000724154971635e+02,6.527040494605283349e+00,1.878251740109856982e+01,1.079332737615108151e+01,5.654060622076069649e+02,5.142459866404124114e+02,-9.454537554504123253e-01,2.526024316042944804e+02,-2.683469258249718692e+01,-7.882983689832324004e+00,7.478820725932284859e+02,3.606251807794148476e+02,9.195777053367314124e+01
1.682111539702637515e+02,9.788311835559230190e+01,1.430309191911240987e+03,9.721589245116332734e+01,3.354216976934932859e+01,1.115623321997870789e+03,2.473363369500834494e+02,3.154846959816118783e+02,1.224081063655376511e+03,-7.870709090185755485e+01,-7.296626572244038300e+01,8.617479508086136093e+02,3.155153890252664155e+02,6.114553704806436372e+02,1.220149503539795887e+03,-1.399467870847664130e+02,-1.632566546540540742e+02,6.473404546731344453e+02,4.580929236596836063e+02,8.442302329319834371e+02,1.197465854248328469e+03,3.968066343866530588e+01,2.523070037861964749e+02,7.346762489953989643e+02,1.768143124598844906e+02,4.749894491834763244e+02,7.719223508313423281e+02,1.937458876915091253e+02,7.002265228061274627e+01,4.068297043463991258e+02,3.913722165592710667e+02,5.050171571192692568e+02,4.090983808271788575e+02,7.476450914342827048e+00,2.064870957688671282e+01,1.014994544426783385e+01,5.670918595281862054e+02,5.601142806376791441e+02,-7.552423217250145981e+00,2.526858569318524701e+02,-2.649576890282989083e+01,-8.445008193185811862e+00,7.559732415620188704e+02,4.131832747470783147e+02,8.097749748893390631e+01
1.678812583771937739e+02,1.089324397282149448e+02,1.420769352092863301e+03,9.755110368445025415e+01,4.393131548221203531e+01,1.107638237350260624e+03,2.477396618928731584e+02,3.261929098000539398e+02,1.215698584839973364e+03,-8.127311113851850166e+01,-6.730679867961735852e+01,8.570975709209893694e+02,3.133660053582254932e+02,6.232868330935159520e+02,1.218008466171560030e+03,-1.426505592765200561e+02,-1.615358353936270248e+02,6.486532800556046823e+02,4.500887099257333830e+02,8.611940847736470914e+02,1.205874724165996668e+03,4.159726182556806151e+01,2.629362693352166502e+02,7.257883600025484157e+02,1.755620832260122484e+02,4.889597413323064643e+02,7.625792035817140686e+02,1.978088635307086633e+02,7.566701169613429556e+01,4.042780239494829857e+02,3.927300973864256548e+02,5.332370381063275318e+02,4.018432689185326012e+02,8.299521148820170779e+00,2.240084361000166169e+01,9.667334301075827696e+00,5.663904110809197618e+02,6.079106633071695569e+02,-1.344445120516742698e+01,2.526345273488995531e+02,-2.619871715258438982e+01,-8.890514451464017753e+00,7.618517165196221868e+02,4.680955651904876618e+02,7.042474236919936459e+01
1.673442373867069364e+02,1.209588600746854468e+02,1.410860721059335219e+03,9.735368772212888189e+01,5.516099049218323103e+01,1.099768768741087342e+03,2.480192974881618682e+02,3.376714647293696885e+02,1.207242353664613574e+03,-8.406753306436483797e+01,-6.120166528867799371e+01,8.527711124436607406e+02,3.108818471426732799e+02,6.357394377976951318e+02,1.215976632108333433e+03,-1.442988632938614160e+02,-1.604050469312448683e+02,6.507086958227431523e+02,4.410919931710084256e+02,8.771448760812941146e+02,1.214063213712256811e+03,4.352305901898412088e+01,2.744921581445877337e+02,7.173302332261281435e+02,1.743449045032638764e+02,5.033265391116232763e+02,7.533741514369901324e+02,2.013023391305083862e+02,8.191686275136054007e+01,4.018970821198271892e+02,3.935211872055532467e+02,5.621131143626746507e+02,3.952340631106760611e+02,8.995883319014668089e+00,2.380957041876319380e+01,9.557437891651458628e+00,5.631339684104295884e+02,6.570526694579988316e+02,-1.872257183304751749e+01,2.524264152696017049e+02,-2.608545446115118693e+01,-9.149484363176213719e+00,7.651421058874541359e+02,5.248218766582299395e+02,6.044552379507173612e+01
1.664456591963688936e+02,1.340218826594609993e+02,1.400786785348814192e+03,9.662906541474117716e+01,6.773507180012740037e+01,1.092147439292453100e+03,2.481899181050363552e+02,3.500225224640021793e+02,1.198858187638482832e+03,-8.701706679738855144e+01,-5.428509184333519499e+01,8.487788020306331873e+02,3.079039683042070692e+02,6.489050157836107928e+02,1.214065221879435967e+03,-1.449609751576812755e+02,-1.592623881410778210e+02,6.534781439156780607e+02,4.311669247892356793e+02,8.923539910899462484e+02,1.221704023227378912e+03,4.556201806310331648e+01,2.867510298485732960e+02,7.093645646893398862e+02,1.731836744894935407e+02,5.179885769770874049e+02,7.442668365957199512e+02,2.043506354472871749e+02,8.876957363761459874e+01,3.996680761454805975e+02,3.935887426308627255e+02,5.917332174968686331e+02,3.893129452218769302e+02,9.632713494816290023e+00,2.478747753772134388e+01,9.946562136362498308e+00,5.571820866097430098e+02,7.069690562673963541e+02,-2.339305496077497182e+01,2.521158599705605070e+02,-2.622514026820505606e+01,-9.208640552981187000e+00,7.656093778373975738e+02,5.831294794969479653e+02,5.111324123905713179e+01
1.650721416101833086e+02,1.480608796378968748e+02,1.390865376079745829e+03,9.544644688726806692e+01,8.215344243633538213e+01,1.084884100816721229e+03,2.482370354955286587e+02,3.632301979229109179e+02,1.190722883500674243e+03,-9.016997701358405948e+01,-4.622248338196308026e+01,8.453052388905267662e+02,3.043204904930080374e+02,6.629000670340802799e+02,1.212230247153345772e+03,-1.447373909095893225e+02,-1.574601570636126553e+02,6.571894274818139365e+02,4.204861501445569161e+02,9.073226582927788968e+02,1.228445001209220891e+03,4.789029919926464629e+01,2.995271408069310723e+02,7.017892041314049720e+02,1.721716360813538813e+02,5.330063631128529096e+02,7.351516754661544155e+02,2.072183573005511903e+02,9.622673528962364742e+01,3.974980010925461329e+02,3.929087319940389875e+02,6.223713746078818758e+02,3.840481685113506387e+02,1.030357001113050863e+01,2.541916796223680564e+01,1.082153964737138985e+01,5.483955226048331042e+02,7.572325081000649334e+02,-2.736953746083627337e+01,2.518136478428289138e+02,-2.662203730659923195e+01,-9.139718631721594377e+00,7.631552219188229174e+02,6.431261293196915858e+02,4.252536218405305135e+01
1.632045685718816230e+02,1.629876022502323565e+02,1.381405999561096451e+03,9.390182189757172182e+01,9.868309856978460459e+01,1.078047683572188816e+03,2.481241607441965868e+02,3.771964058560065496e+02,1.182996480182956020e+03,-9.367368987540730529e+01,-3.676542688523280589e+01,8.426789568665049046e+02,3.000987143495212877e+02,6.778393284095917579e+02,1.210437495563248831e+03,-1.435861982259481806e+02,-1.544723039603481993e+02,6.622166663418245207e+02,4.092807048468014273e+02,9.226089422793304493e+02,1.234025148470978593e+03,5.065971361934088435e+01,3.128120275220798590e+02,6.943984825569135637e+02,1.714365704246106930e+02,5.485943986314146059e+02,7.259276325284552058e+02,2.102055363124114251e+02,1.043266367530398782e+02,3.952181413604328100e+02,3.915587361315559747e+02,6.544235107206525299e+02,3.793368701254293569e+02,1.108059146429849484e+01,2.590849178894052685e+01,1.202333310325674631e+01,5.366175723392638020e+02,8.075472785825660367e+02,-3.052186326910696579e+01,2.516355628040499255e+02,-2.724985682763230699e+01,-9.087631624448720302e+00,7.577148087927301958e+02,7.050365276282451532e+02,3.481626090071406310e+01
1.609136599143482158e+02,1.788114400790729235e+02,1.372618316463539031e+03,9.206096318394099853e+01,1.171858374192312340e+02,1.071708452822459321e+03,2.477866405213638643e+02,3.918333426360399017e+02,1.175800704382957974e+03,-9.770149631433407933e+01,-2.581899356255439315e+01,8.412724123858799885e+02,2.952424082000549674e+02,6.938243982810054149e+02,1.208747445671830292e+03,-1.412216704543263290e+02,-1.499810044450296687e+02,6.689015665991960304e+02,3.977543218592085168e+02,9.386285372203278712e+02,1.238395667022276712e+03,5.392011390638501211e+01,3.267633349744947964e+02,6.869928355221939000e+02,1.710942799964545884e+02,5.650057368631887584e+02,7.165576213428093979e+02,2.135462257296946404e+02,1.131182990341659860e+02,3.926068084632642012e+02,3.896521486696209990e+02,6.882132286438190931e+02,3.750283232853829531e+02,1.198549145852299880e+01,2.647853006602588621e+01,1.330597589534562530e+01,5.217002976678932100e+02,8.575910384781800531e+02,-3.274512960964771935e+01,2.516534129946157634e+02,-2.807404960691342310e+01,-9.207497688546661507e+00,7.491309530556819709e+02,7.688633099113768594e+02,2.809768190459586634e+01
1.583071300433496162e+02,1.957067025424302926e+02,1.364587618099737711e+03,8.991489320546055808e+01,1.371216184505140632e+02,1.065996514942766908e+03,2.471190116741208556e+02,4.071476596627754816e+02,1.169226038831302731e+03,-1.023703802894876418e+02,-1.346184321966600628e+01,8.413693885252403106e+02,2.897170550490143910e+02,7.109200880029716245e+02,1.207371935232631358e+03,-1.371674295189613133e+02,-1.438583756816634320e+02,6.774102647799230681e+02,3.860177622555506787e+02,9.554928940496179166e+02,1.241791749659546667e+03,5.761806119514046998e+01,3.415627671783832966e+02,6.794758832315674226e+02,1.712170661832573444e+02,5.823751875964366036e+02,7.070888071849435619e+02,2.173605887068808045e+02,1.226161380800600540e+02,3.894392237681666415e+02,3.872734547832700400e+02,7.237754688057507337e+02,3.709522750390372607e+02,1.299189873029450659e+01,2.728527269112758091e+01,1.444189980778611826e+01,5.035731436352783135e+02,9.068449931187888069e+02,-3.403370023192037763e+01,2.518767825904285473e+02,-2.904162974874947878e+01,-9.576636181055432573e+00,7.370941850069294787e+02,8.341673021470799085e+02,2.237632827797205337e+01
1.554623425043408815e+02,2.139639947438574836e+02,1.357305608910960473e+03,8.737394522941799835e+01,1.577681964912141837e+02,1.061119174129509929e+03,2.459730496864985980e+02,4.232590920851361034e+02,1.163346590578906671e+03,-1.076898903490070438e+02,1.524738115135950145e-01,8.430646460056701699e+02,2.834156383846569156e+02,7.290950019981899004e+02,1.206652045509285472e+03,-1.309453820349126545e+02,-1.360636699515255827e+02,6.876991355188184798e+02,3.740957834945867262e+02,9.729554521603582771e+02,1.244685145663395815e+03,6.167685351903499935e+01,3.572579941012978679e+02,6.718906622317408619e+02,1.718273614717582518e+02,6.006245727016555520e+02,6.976327552990443337e+02,2.216739360543492694e+02,1.327981233087399175e+02,3.855462050558073770e+02,3.844415861798098604e+02,7.607617544883929668e+02,3.669364131812889696e+02,1.405269360410069979e+01,2.838969689828701348e+01,1.532195598329083985e+01,4.823134446128102581e+02,9.545653746153932389e+02,-3.454502954340997434e+01,2.522706355070357347e+02,-3.005271766720216675e+01,-1.013633635326810811e+01,7.211892226727426305e+02,9.001123055974087492e+02,1.750282897153417139e+01
1.523779526959512225e+02,2.338456398162808227e+02,1.350717080669708139e+03,8.430429713339010789e+01,1.785765808674910318e+02,1.057313103620517950e+03,2.441748555224303914e+02,4.403464902033938415e+02,1.158217735166535022e+03,-1.135604682951489508e+02,1.500812665888186181e+01,8.462540224207882602e+02,2.761963430734563758e+02,7.481610984369087873e+02,1.206936374623160418e+03,-1.222936235282004844e+02,-1.265093259529577665e+02,6.995905514617079461e+02,3.620088109633049953e+02,9.905204273895109282e+02,1.247576796850433084e+03,6.610779827965787092e+01,3.737079384950787357e+02,6.643890363448592780e+02,1.729091650833844369e+02,6.194990229092333038e+02,6.883264458795399605e+02,2.264792032587446897e+02,1.436718360394027059e+02,3.808511220361411347e+02,3.811042402646119172e+02,7.985394247366682521e+02,3.628154512427192913e+02,1.513491821069257881e+01,2.978991096425505702e+01,1.599806448524122793e+01,4.581764034845620586e+02,9.999311168906939429e+02,-3.462251227150028399e+01,2.527936477660285846e+02,-3.094648226848804384e+01,-1.070989036598998467e+01,7.010225349744526966e+02,9.657123120788096458e+02,1.318609489515259625e+01
1.489603583932600372e+02,2.554329491518123518e+02,1.344749493799755101e+03,8.058873886087839367e+01,1.994884999333522444e+02,1.054757139425499872e+03,2.415520846607200554e+02,4.585680415075213432e+02,1.153849045689931700e+03,-1.198108381909489708e+02,3.143515318369455258e+01,8.507243485283242990e+02,2.679496143997677109e+02,7.678005645727990895e+02,1.208395980560411090e+03,-1.112898275760489639e+02,-1.149621212484267119e+02,7.128984471154183211e+02,3.498640817913776573e+02,1.007714620134476490e+03,1.250679493441454042e+03,7.108045982253858597e+01,3.906694666790907604e+02,6.571663278539300563e+02,1.744199473403946570e+02,6.387201776756988920e+02,6.792971044739333593e+02,2.318025413835487711e+02,1.553662587481857713e+02,3.753628377074674631e+02,3.771438918182650468e+02,8.364288543453549210e+02,3.584524706759146397e+02,1.624908280091908352e+01,3.147868488179810242e+01,1.665289234023155629e+01,4.315741790860361675e+02,1.042259166874847779e+03,-3.474296266871831307e+01,2.534363787618638071e+02,-3.152235401442562335e+01,-1.109641868959224631e+01,6.763635357740326981e+02,1.030071166033566215e+03,9.071685041468166233e+00
1.450409258338548852e+02,2.785644081809884938e+02,1.339320244180041982e+03,7.618265376973822356e+01,2.210417992752628322e+02,1.053497636691746493e+03,2.379538162654661164e+02,4.780191526455977282e+02,1.150170648387486153e+03,-1.262427414762672839e+02,5.014969152095333271e+01,8.562899779587287412e+02,2.586173066989480844e+02,7.877390645178414843e+02,1.210864890427033515e+03,-9.831592231316540165e+01,-1.010339584942108786e+02,7.275348986631734078e+02,3.378606423658812901e+02,1.024432153537546583e+03,1.253638904691141988e+03,7.690446088591725982e+01,4.079631572983004162e+02,6.504007508582348009e+02,1.762903480094003328e+02,6.581689723088358051e+02,6.706403260855011013e+02,2.377375136200831491e+02,1.681732470837006872e+02,3.691258036756358933e+02,3.723751321403116208e+02,8.739382170937208230e+02,3.537888583774595759e+02,1.747108499046195718e+01,3.348667479982998429e+01,1.752779239830650937e+01,4.030261119804520717e+02,1.081140979690294444e+03,-3.538457053334386160e+01,2.542436499465915460e+02,-3.158889366956200462e+01,-1.118677796146916670e+01,6.472313506276179851e+02,1.092446200248654804e+03,4.845892125560118835e+00
1.404095721790517644e+02,3.029102614962071698e+02,1.334341230243688642e+03,7.113950327201166601e+01,2.441921330529454792e+02,1.053425213737176819e+03,2.332523291911834917e+02,4.987573985441012496e+02,1.147024488917965300e+03,-1.326519130530887765e+02,7.204705705107137703e+01,8.628919827650285015e+02,2.481271457319105878e+02,8.080055235004683709e+02,1.213798716360147864e+03,-8.389351112345798356e+01,-8.428114967903402999e+01,7.435664860282345217e+02,3.261573518611256191e+02,1.041175173467309605e+03,1.255455754046882703e+03,8.393177902361577480e+01,4.256075296707379039e+02,6.442164810838436324e+02,1.784146469595615088e+02,6.779948642977974487e+02,6.624085325302404499e+02,2.444310792632318510e+02,1.824934214850091223e+02,3.621508235286830200e+02,3.665376196519528094e+02,9.108753001729370453e+02,3.489111388336507957e+02,1.895810335647200162e+01,3.589538072488240772e+01,1.886006280553533898e+01,3.731062534457784068e+02,1.116439154822075579e+03,-3.686043701399320582e+01,2.553125281223096010e+02,-3.101248641418161611e+01,-1.103030769291645363e+01,6.138943008610847301e+02,1.152151214452076374e+03,3.093990467318945559e-01
1.348521594080347938e+02,3.281429902541842125e+02,1.329743814045073577e+03,6.559551778281965539e+01,2.699252474086516145e+02,1.054305978770080856e+03,2.273313993306636007e+02,5.208654231852538032e+02,1.144200838055248823e+03,-1.388193981791542626e+02,9.783101872291258871e+01,8.705983272325825055e+02,2.362860653771715533e+02,8.291071113235707344e+02,1.216380648732452983e+03,-6.849016614902276956e+01,-6.437956882277259751e+01,7.612270756396421802e+02,3.146573205441891901e+02,1.059009830049498305e+03,1.254666953283439170e+03,9.243922088719101282e+01,4.438390979877813720e+02,6.386634821737636685e+02,1.806474307712404936e+02,6.985927951248502268e+02,6.546048743441897386e+02,2.520239213284627056e+02,1.987105505365036038e+02,3.543577053774916408e+02,3.593168802729508684e+02,9.473085904236427268e+02,3.440931951666272539e+02,2.095159886022566553e+01,3.883140544334069943e+01,2.085771899250384820e+01,3.423968868923444688e+02,1.148194513216604719e+03,-3.919410242276412504e+01,2.567632206327714357e+02,-2.974065592282309112e+01,-1.081448785619673814e+01,5.768002248245285273e+02,1.208460805324378953e+03,-4.620484193100852011e+00
1.281863383124991174e+02,3.541008786820383989e+02,1.325526471543333173e+03,5.972442178044888550e+01,2.988397157145813594e+02,1.055840224022681923e+03,2.200769157089581824e+02,5.444909217265269490e+02,1.141510532303837181e+03,-1.444993396093374827e+02,1.276774675954284390e+02,8.794977809732373544e+02,2.227224031676780100e+02,8.519619525984933261e+02,1.217709718630710995e+03,-5.240608001515480652e+01,-4.129608694248105394e+01,7.808972566196507614e+02,3.028516875378791156e+02,1.079188008549271899e+03,1.249690968770700238e+03,1.025613106848433063e+02,4.630123113732982461e+02,6.336991906581123430e+02,1.828180463542643963e+02,7.204590483572618496e+02,6.471818874447008056e+02,2.605649924558652515e+02,2.170680666391651528e+02,3.455533489106893512e+02,3.504213967654742987e+02,9.834317578749551103e+02,3.397669789514163767e+02,2.375548329729142338e+01,4.246125537112398973e+01,2.369685386282812090e+01,3.114486660655227865e+02,1.176531581875128268e+03,-4.210352494584996208e+01,2.586899614110968741e+02,-2.779515967209316685e+01,-1.077765073960850373e+01,5.364969149707891347e+02,1.260654236272239359e+03,-9.980274402455634686e+00
1.202931756884770920e+02,3.808506403174516208e+02,1.321795952958551425e+03,5.368826847691839532e+01,3.308939860259869761e+02,1.057711861469279256e+03,2.113833624049164541e+02,5.698307351884575382e+02,1.138854139242811925e+03,-1.494398690655172857e+02,1.611084277529628253e+02,8.895274434903527663e+02,2.069358802078608051e+02,8.775845964951053020e+02,1.216949043536701765e+03,-3.579940133230556398e+01,-1.536122813451659042e+01,8.030394166157013842e+02,2.898587137197123411e+02,1.102591585369002360e+03,1.239158040675333496e+03,1.143085885955992751e+02,4.834485794797552103e+02,6.291718496422973885e+02,1.847567972656424899e+02,7.439917408185551722e+02,6.400465186660795780e+02,2.699326140102219256e+02,2.376145311737049894e+02,3.354556731338805093e+02,3.396996605502696980e+02,1.019404147822953632e+03,3.364040846139597534e+02,2.768862300931145981e+01,4.699262446471522736e+01,2.750557193351919594e+01,2.807621453025646474e+02,1.201606670129749091e+03,-4.511399523843468984e+01,2.611135919333588049e+02,-2.524905295628864366e+01,-1.111313818407189302e+01,4.936106200451267227e+02,1.308181339443192655e+03,-1.586534702457004897e+01
1.111381287898398966e+02,4.086330001102642200e+02,1.318753743783521259e+03,4.760973988372804655e+01,3.654334667122213887e+02,1.059598514754535927e+03,2.011754084183986606e+02,5.970896333098284003e+02,1.136238755622502822e+03,-1.534479052376923107e+02,1.971156468948209408e+02,9.002920208758877152e+02,1.884312180368779650e+02,9.066906724260935562e+02,1.213336700141353276e+03,-1.882932530415219219e+01,1.281961606614723337e+01,8.280681173554153247e+02,2.746784000783617898e+02,1.129285118172253306e+03,1.222079901375023837e+03,1.276517482506421146e+02,5.053339279381498272e+02,6.248258380495742585e+02,1.863132796776402245e+02,7.693194336841946779e+02,6.330712180740217718e+02,2.797967539382602808e+02,2.602336297758290016e+02,3.237635549423952170e+02,3.272308469743359751e+02,1.055210370829665862e+03,3.343412254750642774e+02,3.303048225840706209e+01,5.267226292101769758e+01,3.232087233489609446e+01,2.508155815959069628e+02,1.223585543415919801e+03,-4.776166587485283088e+01,2.639655467016575585e+02,-2.220320315439364833e+01,-1.191749280909873399e+01,4.489166629040661860e+02,1.350803483038401737e+03,-2.251191626126393430e+01
1.007718555994432279e+02,4.377580225892586441e+02,1.316593588179972812e+03,4.157551600766976918e+01,4.014770031266624528e+02,1.061128429269021126e+03,1.894289394384115610e+02,6.264771839792489345e+02,1.133709349527068525e+03,-1.564603052853815370e+02,2.344251098260003232e+02,9.109321190694365669e+02,1.668456262816692686e+02,9.394335285477889101e+02,1.206054485859029910e+03,-1.829426400805254538e+00,4.260617777924787219e+01,8.561655123908006999e+02,2.565379945945817894e+02,1.158404251622780748e+03,1.197823446717020261e+03,1.426123478350558855e+02,5.287315531812566860e+02,6.203498661642934167e+02,1.873522713421168078e+02,7.962223553840125305e+02,6.261061073212730435e+02,2.896457317961625222e+02,2.847194690381355144e+02,3.102640858748176242e+02,3.133167680483469439e+02,1.090553375541001515e+03,3.336232520818315379e+02,3.998626747760948064e+01,5.976724303454464859e+01,3.804782871957630164e+01,2.221391146393310123e+02,1.242623832109121622e+03,-4.980435748752516645e+01,2.671209259531781868e+02,-1.876426311953478887e+01,-1.319858199308957225e+01,4.034706508948194141e+02,1.388574994374149583e+03,-3.030199381704787243e+01
8.930560837000822971e+01,4.685298934442270706e+02,1.315326654334078057e+03,3.566163225735811437e+01,4.381064485490367133e+02,1.061798455674355409e+03,1.761709925060776527e+02,6.582669998353701430e+02,1.131201147244983986e+03,-1.585461946495103120e+02,2.717305025663513334e+02,9.200989854353574628e+02,1.419857226766354756e+02,9.753725042227678159e+02,1.194050481277324252e+03,1.459621740991379113e+01,7.362407786607900562e+01,8.871094434794790686e+02,2.351387454440247495e+02,1.188401174631921549e+03,1.165962136828168923e+03,1.592946761161611562e+02,5.536958271998572627e+02,6.154608058533507347e+02,1.877312061506927705e+02,8.241686370626852067e+02,6.189829404678041556e+02,2.988786243865681058e+02,3.108346860917324079e+02,2.949557072958386357e+02,2.983542623643176626e+02,1.124798555337498101e+03,3.339375888281832090e+02,4.868414871554812606e+01,6.852442223533800814e+01,4.446888155004121046e+01,1.953878838933986799e+02,1.258848989562870202e+03,-5.134691720083363720e+01,2.704676665169363901e+02,-1.501728940650546384e+01,-1.492339621491588630e+01,3.587063164446851715e+02,1.421662698481404732e+03,-3.966112433141901761e+01
7.686698622988741647e+01,5.012172874704426704e+02,1.314614220585278190e+03,2.996394266648907134e+01,4.747459147225254128e+02,1.060905863980038248e+03,1.614444501064653537e+02,6.928647654697984990e+02,1.128367983738517978e+03,-1.597683343514092087e+02,3.077763212015541967e+02,9.260958702868891805e+02,1.137636025769431711e+02,1.013600731750166233e+03,1.175957768325059988e+03,2.961665926175057706e+01,1.059933565380375882e+02,9.202122229984780688e+02,2.106799801021796839e+02,1.217471079658881308e+03,1.126136372391224768e+03,1.778218393937567043e+02,5.804009697334823841e+02,6.099819757508929570e+02,1.872781542952949394e+02,8.524445114523731490e+02,6.115044687188192256e+02,3.069415598849265052e+02,3.383089265289529521e+02,2.781516738248717502e+02,2.826432355110104595e+02,1.157012814716014645e+03,3.346697292071090715e+02,5.919354067548513143e+01,7.911373566628148524e+01,5.132435987146895684e+01,1.713435266268654118e+02,1.272371569448228684e+03,-5.282346966003089506e+01,2.739669887870973639e+02,-1.099379365513924256e+01,-1.706931080397141187e+01,3.163917489761623756e+02,1.450140828810057201e+03,-5.086441894593389179e+01
6.355427857676437498e+01,5.360189229973470901e+02,1.313715643281228495e+03,2.462544644399741145e+01,5.111924168695139201e+02,1.057572112360867550e+03,1.452370559465743156e+02,7.307899569718731527e+02,1.124472138313247797e+03,-1.598845488009601183e+02,3.413036052213911944e+02,9.272288386575661434e+02,8.211140256788102931e+01,1.052870534211243239e+03,1.150215154641083245e+03,4.232941601363551598e+01,1.403707398906687160e+02,9.544174419733235482e+02,1.836881095660849610e+02,1.243929231019146982e+03,1.078042348626115427e+03,1.981903406873793188e+02,6.091865623922138866e+02,6.038687800588620576e+02,1.857888802488153317e+02,8.803309518284505657e+02,6.034275061329934715e+02,3.134714064171473069e+02,3.667840919782911442e+02,2.605233245288229682e+02,2.662365415501334951e+02,1.186147265406036468e+03,3.350500553408855922e+02,7.153909195663369758e+01,9.156934436594451654e+01,5.843627101892285935e+01,1.508026873992195078e+02,1.283354865672565893e+03,-5.484435485020198797e+01,2.776495289888879370e+02,-6.648978514125931660e+00,-1.964641728484117422e+01,2.783913333771298539e+02,1.473937581274855120e+03,-6.382768524402648325e+01
4.941483314770874102e+01,5.729780040713927747e+02,1.311613913840469422e+03,1.986921536197091243e+01,5.474336202798260729e+02,1.050914417864436928e+03,1.273934122582807760e+02,7.725104434402976494e+02,1.118406509915036395e+03,-1.579579835562387871e+02,3.710042047755994759e+02,9.223489287029378829e+02,4.699097955670542603e+01,1.091607980362978878e+03,1.115394007216156069e+03,5.193014350748290298e+01,1.777556718728368423e+02,9.884882884566216035e+02,1.548044728849627063e+02,1.266408540006926160e+03,1.021593687582332677e+03,2.201060263125155529e+02,6.404811103501324396e+02,5.971669340972489408e+02,1.830471156125260279e+02,9.072695341777915701e+02,5.944659863052995661e+02,3.184063619551921533e+02,3.957558934824628523e+02,2.430541947040015032e+02,2.489288092014198241e+02,1.211349889482372646e+03,3.343287275876114677e+02,8.569086513384522164e+01,1.057453178101179958e+02,6.581487783073077935e+01,1.343747591452271877e+02,1.292130305894002504e+03,-5.797668619319758676e+01,2.815180140425639479e+02,-1.861548591840075373e+00,-2.267479097068982341e+01,2.462814794260955296e+02,1.493005644187751159e+03,-7.799991693275778459e+01
3.446757864228443680e+01,6.118688133526461570e+02,1.307278890806231857e+03,1.605100830411782908e+01,5.834387402620477587e+02,1.040345963187399093e+03,1.075517247631502045e+02,8.181514835748307632e+02,1.108859509026290198e+03,-1.520336960643178372e+02,3.956810900227235379e+02,9.114684401058398180e+02,8.566551228846652322e+00,1.127848348907638183e+03,1.070624348668338143e+03,5.781953253702628359e+01,2.190884356498289378e+02,1.021142558476799422e+03,1.246914643444608259e+02,1.283901791277585062e+03,9.571935183729451637e+02,2.428813633215041818e+02,6.746419149967468911e+02,5.899350533730435018e+02,1.788549139686439275e+02,9.329574956929642440e+02,5.843426771884091977e+02,3.220275443002178690e+02,4.245667709187785590e+02,2.269007990488264284e+02,2.304108775051564351e+02,1.232283491707346457e+03,3.319263610135952263e+02,1.015348994488445555e+02,1.212977851161764278e+02,7.368971925547705837e+01,1.222705872518218371e+02,1.299281452495702069e+03,-6.255142126679494652e+01,2.853891086451892534e+02,3.545487602355562817e+00,-2.612464065159398174e+01,2.209595884134147354e+02,1.507603113087819793e+03,-9.244363653546224668e+01
1.876786171159562500e+01,6.521416503211484041e+02,1.299942902287191373e+03,1.372140588904758829e+01,6.191176757451178219e+02,1.025901622878300259e+03,8.516472872026676555e+01,8.671759502560893225e+02,1.094566696719354240e+03,-1.390902647184607019e+02,4.147394130252105811e+02,8.962388162851224251e+02,-3.249860023011293464e+01,1.159236172189993795e+03,1.015960217838400013e+03,5.967404643870153791e+01,2.647524279321445420e+02,1.051042317221749045e+03,9.410166935968088353e+01,1.295760881916509106e+03,8.859789072612436485e+02,2.654500036349862171e+02,7.117853420520452801e+02,5.821877133889271363e+02,1.730558060956161910e+02,9.573235800189592055e+02,5.728936899950075485e+02,3.249104172181930039e+02,4.524718791338829078e+02,2.131835907088023703e+02,2.105241978387419124e+02,1.249261789496591064e+03,3.275430006587906178e+02,1.188541254890003387e+02,1.376978669083782165e+02,8.243503877911807365e+01,1.141877600171935967e+02,1.305596834185905209e+03,-6.856891379262781072e+01,2.887722914163274481e+02,9.777057173376615395e+00,-2.985230198034523852e+01,2.024170006731502838e+02,1.518453638124171675e+03,-1.060922593695030685e+02
2.480825814251771178e+00,6.930078910713303912e+02,1.289262031680023028e+03,1.364080186195116617e+01,6.545062869254027191e+02,1.008448676301585920e+03,5.965508575226422039e+01,9.181675922361750963e+02,1.074568427281729328e+03,-1.154537872151874183e+02,4.289521283186334131e+02,8.800421870809559550e+02,-7.475816103282913616e+01,1.183236320260236425e+03,9.525596523636148731e+02,5.760067757384103970e+01,3.141813066415791695e+02,1.076720142809412437e+03,6.401521601811424489e+01,1.301741111908758285e+03,8.099095119075452658e+02,2.865078408148605718e+02,7.516672263374673548e+02,5.738987833634126901e+02,1.655491228250802180e+02,9.803834037800934311e+02,5.601892670018332865e+02,3.277918293172459130e+02,4.787590401370378572e+02,2.027522889329093232e+02,1.894930951843313949e+02,1.263089557048279858e+03,3.212272279804354866e+02,1.373539306228268515e+02,1.542777312400533276e+02,9.239915629480785242e+01,1.093674465614611648e+02,1.311861474843057294e+03,-7.572670849169115570e+01,2.909001561616482832e+02,1.704315615164092534e+01,-3.357740964682029983e+01,1.897928062316842102e+02,1.526626358882276918e+03,-1.180733268699954550e+02
-1.409128188421846239e+01,7.336755483222606244e+02,1.275314554747570355e+03,1.666436906217375125e+01,6.900639812578474448e+02,9.896683303924098709e+02,3.070224420144999300e+01,9.688369052184997372e+02,1.048416878716222755e+03,-7.774072338143153615e+01,4.412234053411236800e+02,8.675131968446607971e+02,-1.158824879023437830e+02,1.197596090915322975e+03,8.826419756614693597e+02,5.247412228735286277e+01,3.658265449326841576e+02,1.096684864246121151e+03,3.568858629724612541e+01,1.302089549677309833e+03,7.316570691256079044e+02,3.047472537617455828e+02,7.936427797333808485e+02,5.650610963401919662e+02,1.563147363227677431e+02,1.002047360613148840e+03,5.466068401749575969e+02,3.313902513974705926e+02,5.028874727445129906e+02,1.959785281234587728e+02,1.680227689172519092e+02,1.274673667214747866e+03,3.133953698809881985e+02,1.567384744587676266e+02,1.703175845510223780e+02,1.036889797209933874e+02,1.068159358511774997e+02,1.318580576947555301e+03,-8.354383418800054528e+01,2.909606288517064741e+02,2.554386218415326582e+01,-3.693409264573399753e+01,1.817012453760463018e+02,1.533195689497161538e+03,-1.279515026469907468e+02
-3.056745993106914838e+01,7.736520511088555168e+02,1.258481201741598170e+03,2.345627897630962977e+01,7.268858092496045629e+02,9.717643072171289305e+02,-1.425558642683438126e+00,1.016309044576725228e+03,1.016315522616520866e+03,-2.417467056282642446e+01,4.569179508712902589e+02,8.634794773778153285e+02,-1.528663504011667271e+02,1.200946039400133714e+03,8.092563898679040904e+02,4.639652496646762359e+01,4.176881738245376141e+02,1.109928340174169989e+03,1.050630312222286733e+01,1.297607152152199205e+03,6.543411219301084429e+02,3.191258262088991842e+02,8.367128065869674174e+02,5.557611365531925003e+02,1.454692235380602199e+02,1.021999002084458425e+03,5.328049823097965145e+02,3.362371826712598590e+02,5.246189423509996459e+02,1.926262765819336664e+02,1.472103759064868029e+02,1.284625909301992579e+03,3.047713526380824192e+02,1.768019954988511415e+02,1.851832040509241324e+02,1.159942601688342023e+02,1.055916769820306627e+02,1.325799423438716303e+03,-9.152590697620127003e+01,2.884632692199414237e+02,3.546304521017338374e+01,-3.959191910064763675e+01,1.766916830330360142e+02,1.538920216308768431e+03,-1.357916476383196027e+02
-4.661589673331017991e+01,8.129688620469662510e+02,1.239299865683438384e+03,3.410253564762586365e+01,7.666712326846878796e+02,9.569462259676873828e+02,-3.564498558010230767e+01,1.057653697089357820e+03,9.791941704675015217e+02,4.413685026423323166e+01,4.833498549252149132e+02,8.715541393094830482e+02,-1.825577828402806233e+02,1.193314469227643485e+03,7.359217495437173966e+02,4.301724749279429005e+01,4.684115843250187936e+02,1.116785222257824444e+03,-1.035329801750051359e+01,1.289612416998685831e+03,5.811931338271594996e+02,3.291001482991683247e+02,8.796405629724600885e+02,5.462233481209185584e+02,1.333480651643139652e+02,1.039723180722195139e+03,5.195988995660610499e+02,3.425725527258716170e+02,5.441208049623608076e+02,1.918399971024560386e+02,1.282869298400034381e+02,1.293081445156989730e+03,2.962253982777195915e+02,1.974795485709882712e+02,1.985062304246747829e+02,1.285420726965344898e+02,1.050179367638667429e+02,1.333129711346464092e+03,-9.931283555402166030e+01,2.835728175766134882e+02,4.697309201437464310e+01,-4.139676673177892496e+01,1.736361261454833596e+02,1.544156064767876160e+03,-1.420351484678936629e+02
-6.207260619981625638e+01,8.521955925485599437e+02,1.218370632728857345e+03,4.780018397697726584e+01,8.114057953616137411e+02,9.468275346009149871e+02,-7.008234724923897829e+01,1.090516861931066842e+03,9.387106343977367260e+02,1.225352814533862329e+02,5.282902965626843752e+02,8.928471177909015069e+02,-2.023843640309269745e+02,1.176324855793003280e+03,6.662003078393167925e+02,4.734585523201761248e+01,5.186535682090496948e+02,1.119706896100150288e+03,-2.630593605383014122e+01,1.279785622616119099e+03,5.152181881880366063e+02,3.347564846757813370e+02,9.210950130812771022e+02,5.368051544401657793e+02,1.205703890953274282e+02,1.054658685663448978e+03,5.077939829506843239e+02,3.503263465744679479e+02,5.620043186763394942e+02,1.922734720132918085e+02,1.122659104678821791e+02,1.299805054992613350e+03,2.885348796572617971e+02,2.188220733674799305e+02,2.103603632993910253e+02,1.402309575075348675e+02,1.047276535164338469e+02,1.339952873405075252e+03,-1.067654055325567271e+02,2.772315102369454962e+02,6.024451949763874836e+01,-4.245612449791398291e+01,1.718884130939275394e+02,1.549015643927406245e+03,-1.472682594687454127e+02
-7.695902649302060183e+01,8.922099290781123955e+02,1.196324735654936148e+03,6.281693976723906303e+01,8.628292409297989707e+02,9.419361630612944509e+02,-1.024036000248964342e+02,1.113671073619543677e+03,8.971386329155268413e+02,2.032207645954085535e+02,5.977907890620506350e+02,9.253510550513840371e+02,-2.110469239741329091e+02,1.152961964791099035e+03,6.032716280363682699e+02,6.478114678700752904e+01,5.721449301919197978e+02,1.123275411597090397e+03,-3.761554445069764085e+01,1.269929792902655208e+03,4.588924724971057572e+02,3.367895218054749193e+02,9.597654572688404642e+02,5.279532660409604432e+02,1.080237216298340286e+02,1.066368279786723633e+03,4.980500702949985339e+02,3.591719424821105804e+02,5.792445162811260388e+02,1.923564551599277479e+02,9.961752833340518976e+01,1.304469734025745083e+03,2.821499980411433057e+02,2.409060090702063235e+02,2.213479646916661636e+02,1.499114452036047567e+02,1.045552530771971504e+02,1.345663744712430343e+03,-1.139603779910331411e+02,2.709817167940124136e+02,7.543866947850052895e+01,-4.311307836486948730e+01,1.711936715329989909e+02,1.553588734946915338e+03,-1.519950975770511832e+02
-9.137340552824595363e+01,9.338252881244766286e+02,1.173811589409596081e+03,7.680669724388322095e+01,9.218416789518918222e+02,9.415220230495583564e+02,-1.303628680592894682e+02,1.127336296946057701e+03,8.570902811597713935e+02,2.768058304486285692e+02,6.940334000615681589e+02,9.643728903675885249e+02,-2.089304260382109533e+02,1.126973206963879193e+03,5.495705136422355963e+02,9.936539327313707304e+01,6.357802426711123189e+02,1.132956716499961203e+03,-4.537378196008943121e+01,1.261711390886492154e+03,4.139078731219427709e+02,3.363258181615625517e+02,9.944278487606879935e+02,5.201422465964524235e+02,9.673038850825250279e+01,1.074633580213085224e+03,4.908150779494040989e+02,3.686199753691024057e+02,5.969559527274643642e+02,1.906589554429538111e+02,9.010576029839769774e+01,1.306907815402586493e+03,2.770763746479990459e+02,2.637251377161319397e+02,2.325128939078343251e+02,1.567008876512813345e+02,1.043870530726230612e+02,1.349831885763392847e+03,-1.210775926522882173e+02,2.665436765390069809e+02,9.266270104651736972e+01,-4.381528186168224437e+01,1.714624969367995675e+02,1.558033315435115810e+03,-1.564972985605168958e+02
-1.053334627581146776e+02,9.774595314908310684e+02,1.151452172996322815e+03,8.739179839250223836e+01,9.880270873218299812e+02,9.437481961131996968e+02,-1.523670855736294243e+02,1.133200088516860205e+03,8.210740051795037289e+02,3.345498134145598215e+02,8.140811701252818011e+02,1.003916559532975498e+03,-1.980703894514971353e+02,1.102112006866328329e+03,5.065363705946558639e+02,1.516848569801961730e+02,7.182700530527138199e+02,1.152704477959726319e+03,-5.119206420712514216e+01,1.256435641155738722e+03,3.809660765858461673e+02,3.346493200495838778e+02,1.024006640168910508e+03,5.138121683540557569e+02,8.762026333615584406e+01,1.079472142640567426e+03,4.863167459345938255e+02,3.781308847281408134e+02,6.160833469136784970e+02,1.862691886229225418e+02,8.288771984224531764e+01,1.307201355989209560e+03,2.729477186298707352e+02,2.871167282290516027e+02,2.450620728311580763e+02,1.602047172444709418e+02,1.040956522008402771e+02,1.352267278969031850e+03,-1.282023432205840265e+02,2.653172965852087373e+02,1.118974260683723116e+02,-4.494809998432540965e+01,1.725759823553121350e+02,1.562508617605548352e+03,-1.607980078350022382e+02
-1.186954529015150683e+02,1.022994618401177377e+03,1.129758238454710408e+03,9.279046641490134562e+01,1.059454473821171860e+03,9.462063089088361494e+02,-1.678362687401348126e+02,1.134129248711250057e+03,7.909964132260781753e+02,3.704584814830979553e+02,9.501641273858784871e+02,1.038386836260410291e+03,-1.816756691601674447e+02,1.081455486053509503e+03,4.745036236108683738e+02,2.172329039638069048e+02,8.274109465476923333e+02,1.182289438276586679e+03,-5.673051961043047697e+01,1.254888656384339811e+03,3.596464612778980836e+02,3.329272549698094963e+02,1.047703143102771719e+03,5.093211540359947662e+02,8.129701679766661471e+01,1.081145272069369412e+03,4.845794855172435973e+02,3.872356665059261331e+02,6.371453196253588658e+02,1.790730352507407304e+02,7.686495692144249858e+01,1.305624624675848054e+03,2.692595358889743693e+02,3.107419501861862159e+02,2.599844743307472754e+02,1.605783605563520098e+02,1.035996026452310446e+02,1.353066234812607718e+03,-1.351352611517819753e+02,2.679995842447892755e+02,1.329465090713095776e+02,-4.671698210106774241e+01,1.743266537376468648e+02,1.567089253860762938e+03,-1.647023699379700190e+02
-1.312167955569791502e+02,1.069857419096669901e+03,1.109069181641317300e+03,9.225421393281905580e+01,1.132859697115717154e+03,9.465678148726499330e+02,-1.772360502426457458e+02,1.133609799356989015e+03,7.677963464076674427e+02,3.824915947671847221e+02,1.091541032714796984e+03,1.063744487904231391e+03,-1.633675527833783860e+02,1.066957726374148024e+03,4.527519613678563246e+02,2.861996854948947657e+02,9.667199830732987493e+02,1.215670616140562288e+03,-6.325221565098070187e+01,1.257266882845424334e+03,3.484141996677727775e+02,3.320233703307391693e+02,1.065208342299834612e+03,5.069324150399091309e+02,7.789929610442128194e+01,1.080209375246563695e+03,4.854492632543626769e+02,3.956440032352129492e+02,6.601565686681032048e+02,1.698374642453833019e+02,7.113991050496714763e+01,1.302552698681339280e+03,2.656356380608582981e+02,3.340953838903135988e+02,2.777272270464733310e+02,1.584528775401859093e+02,1.029729576486347895e+02,1.352686746475832706e+03,-1.413437652151273483e+02,2.744414918423917698e+02,1.554576296482200917e+02,-4.912370204232561832e+01,1.764793431289204761e+02,1.571800991810458981e+03,-1.678848355528032243e+02
-1.427126053717654486e+02,1.117234071183015658e+03,1.089555883247145630e+03,8.618130308609683254e+01,1.204219760746498650e+03,9.431387916323020590e+02,-1.818137093212663444e+02,1.135007126623381737e+03,7.513651764842719558e+02,3.725567108239092704e+02,1.227281441287370626e+03,1.077552617664547597e+03,-1.463795388679698988e+02,1.059303826701435810e+03,4.397152892993475461e+02,3.453150692353731870e+02,1.132735184258975323e+03,1.241494357906257392e+03,-7.135030324056685913e+01,1.263212844080830564e+03,3.448488831076177235e+02,3.324288262801965175e+02,1.076917586248304360e+03,5.068460385254818448e+02,7.711242307677788688e+01,1.077581594590881195e+03,4.886333138281289621e+02,4.033003681135724037e+02,6.847365727130093092e+02,1.600612139274799404e+02,6.536260442435578000e+01,1.298429743368797517e+03,2.619848785737867729e+02,3.564996843793932726e+02,2.980617079499171496e+02,1.547953422567183566e+02,1.024784669769759802e+02,1.351982351196202899e+03,-1.461342562152024129e+02,2.837640302773776853e+02,1.790172735703224305e+02,-5.201853848845087924e+01,1.788517408629020622e+02,1.576755481673371378e+03,-1.700109436622994963e+02
-1.531806732528415864e+02,1.164281199678923258e+03,1.071288674382877161e+03,7.591848757516257251e+01,1.269608002130490604e+03,9.351509303684233601e+02,-1.831868188086325517e+02,1.140806096503658864e+03,7.407679329652172555e+02,3.455036790425103277e+02,1.348874166759678474e+03,1.078088811791392118e+03,-1.329441664222623842e+02,1.058045337401130382e+03,4.333103771139805076e+02,3.815184669423235846e+02,1.314322427183734135e+03,1.245934985194018509e+03,-8.089245214962188868e+01,1.271954504575708370e+03,3.461141446156602228e+02,3.342843745065695771e+02,1.084000380002140901e+03,5.092535189188843674e+02,7.831533846157984158e+01,1.074520666668174727e+03,4.937622951462557808e+02,4.103595727281393692e+02,7.102819700453293308e+02,1.516343008378015611e+02,5.981274936736734560e+01,1.293783046016765411e+03,2.584911570634791360e+02,3.770723540932931996e+02,3.201621478587884440e+02,1.507616520191465668e+02,1.024566991965081684e+02,1.352046389625721531e+03,-1.489806930960689328e+02,2.946672233536100975e+02,2.032555182873098829e+02,-5.516892890809494787e+01,1.813260279647463733e+02,1.582206918483798290e+03,-1.708798527812140549e+02
-1.627939505646358782e+02,1.210230521309527376e+03,1.054318190776481742e+03,6.337103628621285623e+01,1.326090967130127183e+03,9.227512980457768208e+02,-1.829543204801438776e+02,1.152035553339768057e+03,7.346377913403872526e+02,3.076594960154984051e+02,1.451642242468140466e+03,1.063363778014320133e+03,-1.239962187494009243e+02,1.061924048221668045e+03,4.313154714651280415e+02,3.862028507410264524e+02,1.494644193990896156e+03,1.216983937021828751e+03,-9.113330325380906061e+01,1.282500307566414676e+03,3.495709421390211560e+02,3.374496166256366791e+02,1.088213971935209429e+03,5.143595109077608640e+02,8.079667290512750810e+01,1.072434336626529102e+03,5.004615518077189904e+02,4.170997740623034247e+02,7.360496121865542136e+02,1.464080272230399657e+02,5.521116613053880684e+01,1.289191327898104191e+03,2.554900661665748771e+02,3.947119261733250255e+02,3.428104766935398402e+02,1.475579561870528664e+02,1.031198494441041618e+02,1.353808334081145404e+03,-1.498171814191668147e+02,3.058184650591027207e+02,2.278732888738749978e+02,-5.828762662365033975e+01,1.837828600832878863e+02,1.588390025175486699e+03,-1.705488201100538106e+02
-1.717570018921430233e+02,1.254375453497895933e+03,1.038715324966133267e+03,5.056274074758444215e+01,1.372366885775333685e+03,9.067652193179771984e+02,-1.824338884191349166e+02,1.168069757814336072e+03,7.315702319711267592e+02,2.654243065621851088e+02,1.534527564951432851e+03,1.030974122815824558e+03,-1.192024153885706284e+02,1.069251686824511808e+03,4.317347027265640236e+02,3.582027015401661174e+02,1.655264912251533360e+03,1.148521895957526567e+03,-1.009078990777672260e+02,1.293819371452014821e+03,3.533377942263606428e+02,3.415918607439149923e+02,1.091480249599077524e+03,5.223188407872319203e+02,8.395916095976349425e+01,1.072526718258840447e+03,5.084013541412049904e+02,4.238294927125368758e+02,7.611013102862083315e+02,1.458002098592686764e+02,5.238450058985097968e+01,1.285155423437432091e+03,2.533298318881929561e+02,4.081864808406340899e+02,3.646139532670624135e+02,1.463020505996276768e+02,1.043797437005642195e+02,1.357541314186270711e+03,-1.491022832523088084e+02,3.161996681831278693e+02,2.525514015856334140e+02,-6.100405643760711882e+01,1.860204352788309734e+02,1.595213057279303030e+03,-1.693797789133078027e+02
-1.801133421158245085e+02,1.296023677084982637e+03,1.024557342688207882e+03,3.923744547367159896e+01,1.408914014452814627e+03,8.883487031061358721e+02,-1.825370082474191520e+02,1.186916654147632016e+03,7.304028765756788744e+02,2.242016086785157825e+02,1.598611851467682072e+03,9.791197490769706064e+02,-1.172445694328927459e+02,1.078239847144988062e+03,4.331146744295479039e+02,3.040779947982687190e+02,1.780819505266185388e+03,1.042510769793020017e+03,-1.088450439779963688e+02,1.304962355720859705e+03,3.565951086851462719e+02,3.462842110386133072e+02,1.095396371371750774e+03,5.330910774979930693e+02,8.744411903319665669e+01,1.075432993924571520e+03,5.173030408768437383e+02,4.308356656835549643e+02,7.842161376315091275e+02,1.505438032051829964e+02,5.194107539476790691e+01,1.281939647648565597e+03,2.522762089713824025e+02,4.163738752283117037e+02,3.841822626511274166e+02,1.478878166225146629e+02,1.058308007415076588e+02,1.362590609322068076e+03,-1.476052350048764197e+02,3.253190101293714065e+02,2.767892247527012728e+02,-6.280950675032459429e+01,1.877353806319289617e+02,1.602059369110764237e+03,-1.679574453079032992e+02
-1.876144021275014779e+02,1.334523605302871147e+03,1.011894430540448639e+03,3.053523037646439420e+01,1.437600129299168202e+03,8.686330964097321612e+02,-1.837361438658603845e+02,1.205947752897129249e+03,7.303614593066356520e+02,1.877084518078474389e+02,1.645322666965557346e+03,9.082473003334642954e+02,-1.162609265689186344e+02,1.087244399444001147e+03,4.347905106157156752e+02,2.355304985847766375e+02,1.862389726983008131e+03,9.084700040825002816e+02,-1.136039400137704689e+02,1.315116986103813588e+03,3.595315219815573755e+02,3.510988290103925351e+02,1.100914019881709009e+03,5.462844536915052913e+02,9.113883630388319546e+01,1.081049844842503262e+03,5.269042483731589073e+02,4.383753565137486135e+02,8.039458069692618665e+02,1.606370046487185732e+02,5.406393263374993552e+01,1.279524166035360395e+03,2.524621340903186990e+02,4.186086044289124857e+02,4.002892054538871776e+02,1.528892586116938617e+02,1.069215596363621046e+02,1.367557042085632702e+03,-1.460454355343086661e+02,3.332398596486524980e+02,2.997839030103905884e+02,-6.302265440141297148e+01,1.886013166352955466e+02,1.607908140523775501e+03,-1.668759413755042829e+02
-1.937212915407274636e+02,1.369396827048911291e+03,1.000742361462682425e+03,2.476697491805998652e+01,1.460917502257348133e+03,8.484382254412392967e+02,-1.860817569383866328e+02,1.222836052237046943e+03,7.311028080659029911e+02,1.576628254213590594e+02,1.675300026677040478e+03,8.222598263779890431e+02,-1.143644519511415467e+02,1.094939098689062803e+03,4.370076080077328697e+02,1.652403759458766501e+02,1.898410793261235767e+03,7.606281431860562634e+02,-1.141780939697786152e+02,1.323607511639057975e+03,3.629819345093771972e+02,3.556701676163613683e+02,1.108339428465323863e+03,5.610876280784042365e+02,9.507583420828689214e+01,1.088686629469702439e+03,5.369102446696368816e+02,4.466783489900834070e+02,8.189023681385044711e+02,1.754845854182527489e+02,5.845362008310213042e+01,1.277741986106528202e+03,2.538628493140857927e+02,4.149996096961208991e+02,4.120619664193601466e+02,1.615596351550233578e+02,1.072310565676700378e+02,1.370900930377202258e+03,-1.448022504016905714e+02,3.404325289968199399e+02,3.204494415790727544e+02,-6.079696411028256620e+01,1.884125815745906891e+02,1.611749122996493270e+03,-1.664677907832537187e+02
-1.977488946862082457e+02,1.400496991652133147e+03,9.911096175873324228e+02,2.134706506967034301e+01,1.481155622160444409e+03,8.281126961063205272e+02,-1.892655105960619437e+02,1.236344461560267973e+03,7.326733762959561318e+02,1.339071193274727989e+02,1.688381344804178752e+03,7.284189545705206683e+02,-1.101575409075101533e+02,1.100435256785577621e+03,4.408312097267833565e+02,1.030992846985897700e+02,1.893180504947905774e+03,6.140901153425593293e+02,-1.102630800019874471e+02,1.329852284408049400e+03,3.679238027913621636e+02,3.597113808453494244e+02,1.117618979079604969e+03,5.763483463271867322e+02,9.928013201270977106e+01,1.097471455097473608e+03,5.469637186091813419e+02,4.559243358449632524e+02,8.281891138321846029e+02,1.941578697497107839e+02,6.440392342011773508e+01,1.276513388971414088e+03,2.562930990728001461e+02,4.065698190603394551e+02,4.191833175653457602e+02,1.739563822625666205e+02,1.066851270543193522e+02,1.371661791791539827e+03,-1.438491037987595575e+02,3.475099772866362287e+02,3.375981080686560745e+02,-5.515437629786899976e+01,1.872031722088830747e+02,1.613042541759026108e+03,-1.666171953373641941e+02
-1.991069448924194489e+02,1.428069608179148418e+03,9.830169052071845499e+02,1.896360481802928888e+01,1.499836870609819243e+03,8.075433037169033241e+02,-1.927476380437790908e+02,1.246643009933568237e+03,7.353740522303650096e+02,1.150074385751493367e+02,1.684461024188647116e+03,6.358131366910474753e+02,-1.031297315950430118e+02,1.103342644169965979e+03,4.477848786876980398e+02,5.433846737678835837e+01,1.854138188794108146e+03,4.815468167057639448e+02,-1.025616830941068685e+02,1.333310962473950440e+03,3.750219331338490747e+02,3.629983896239033356e+02,1.128703906316862685e+03,5.907855299867605936e+02,1.036429827666586618e+02,1.106778990882776043e+03,5.566544020137649795e+02,4.661795473816475237e+02,8.317597928027672651e+02,2.156670650919161289e+02,7.096987855781291898e+01,1.275982253633643722e+03,2.594347394014183692e+02,3.951476253853857088e+02,4.220229733442127440e+02,1.901566399631875299e+02,1.055686911221494455e+02,1.369903177191935356e+03,-1.429132236568692349e+02,3.549614032005201807e+02,3.502205393501263870e+02,-4.501891182992606133e+01,1.852504780365584622e+02,1.611943390927640394e+03,-1.667922946166377756e+02
-1.975518956039364582e+02,1.452644150432606011e+03,9.764625711229793978e+02,1.600805101961300991e+01,1.517595214166715323e+03,7.863446658297947351e+02,-1.959425983209851552e+02,1.255034846442997150e+03,7.395370320270598086e+02,9.918627586427668064e+01,1.664539182332232258e+03,5.530635050431515083e+02,-9.379910506564138473e+01,1.103756651517110186e+03,4.592721330438732821e+02,1.983098163434399552e+01,1.789412666791376296e+03,3.714874472712087936e+02,-9.281419424272877450e+01,1.333474952976738678e+03,3.843517676164667591e+02,3.653610334495048733e+02,1.141745891568480829e+03,6.032650739775114062e+02,1.078819974943672122e+02,1.116429210337521681e+03,5.655722978964106460e+02,4.773115025363187556e+02,8.305151656743449848e+02,2.391450441175226160e+02,7.717518080721444562e+01,1.276417191168643740e+03,2.628926688339084308e+02,3.830540997647019026e+02,4.216128287896535767e+02,2.104590793690515511e+02,1.043228482841708740e+02,1.366645841934900773e+03,-1.417318066099539635e+02,3.630186111548644021e+02,3.577581618325153840e+02,-2.924905656646620855e+01,1.829471544634733107e+02,1.609176495116112847e+03,-1.663159368196022001e+02
-1.933481822666605865e+02,1.474796101612176699e+03,9.713477203568243112e+02,1.115687288296149760e+01,1.534435769349670863e+03,7.641895763143571685e+02,-1.984102444805749315e+02,1.263238615752284886e+03,7.452851238955778399e+02,8.522687562780470216e+01,1.631304010908528880e+03,4.862939799188253005e+02,-8.350473031857823969e+01,1.102168590375448275e+03,4.759787685835933075e+02,-2.256831003386826406e+00,1.706598662252899203e+03,2.880010492246147464e+02,-8.341136455965380492e+01,1.329953398328243793e+03,3.953510873439980742e+02,3.667096308635380524e+02,1.156994208833944413e+03,6.130498938134242053e+02,1.116007033516520011e+02,1.126559694726391854e+03,5.733878074369224578e+02,4.889368336617495743e+02,8.260941503943868156e+02,2.638851145969782124e+02,8.220573397953930339e+01,1.277934830732876662e+03,2.662591604348108376e+02,3.727003915300001040e+02,4.194612459979823029e+02,2.354463529607304508e+02,1.032722952186437197e+02,1.363342918966726984e+03,-1.402493603236206923e+02,3.717404001826388367e+02,3.602767339731000220e+02,-6.701463932748776386e+00,1.806233688432046165e+02,1.605667557778882610e+03,-1.647387711969347777e+02
-1.872653110979745463e+02,1.494891135722507897e+03,9.674434895461067754e+02,3.879380950936781147e+00,1.550118132378206610e+03,7.411796133138540199e+02,-1.999762505135501556e+02,1.272566185666388947e+03,7.523992092616517766e+02,7.294158649102408276e+01,1.588974767164586410e+03,4.381499083309921616e+02,-7.389141496701739698e+01,1.099315241749956158e+03,4.975287188511967429e+02,-1.466028371405543851e+01,1.612753880638221062e+03,2.315985089405214694e+02,-7.666608281788421664e+01,1.322658179077106524e+03,4.070011303488593626e+02,3.670837122641635801e+02,1.174469607311340042e+03,6.199451540547092918e+02,1.144151006445190575e+02,1.137292179516928627e+03,5.799231685970966055e+02,5.004702812078004968e+02,8.204774627516342207e+02,2.892455934197645888e+02,8.555202843622610942e+01,1.280273567803550350e+03,2.691590160777777214e+02,3.662095446546272797e+02,4.172976044688157344e+02,2.658358277173714441e+02,1.024809604399534066e+02,1.361192977097997982e+03,-1.386821151271169583e+02,3.812823521987281197e+02,3.585017811385137634e+02,2.363531221445746056e+01,1.784399846541994918e+02,1.602146961934702404e+03,-1.621079931087367356e+02
-1.804039774232028321e+02,1.512928215560124272e+03,9.644772238425092610e+02,-5.361377334731061595e+00,1.564394045182594709e+03,7.181095746338073695e+02,-2.007298130036904524e+02,1.283355455904528071e+03,7.603923922304312555e+02,6.301325192337544934e+01,1.542561716572543673e+03,4.080422014904601156e+02,-6.628053531671361043e+01,1.095994986190592954e+03,5.225918943991723609e+02,-1.987626405295308274e+01,1.514872372549675674e+03,2.003243910386548237e+02,-7.403937284825948950e+01,1.312003759018788742e+03,4.182033767381606708e+02,3.666763665395558860e+02,1.193643755965612172e+03,6.242932430524841720e+02,1.160903813370075852e+02,1.148438724274773449e+03,5.851771200759443445e+02,5.113004833643383336e+02,8.155880564900490981e+02,3.145055793376700990e+02,8.708317524487742389e+01,1.282839890910261147e+03,2.712574152593061854e+02,3.651333784800877424e+02,4.168623241288808572e+02,3.021545767734955348e+02,1.018323733444352968e+02,1.360641305013280316e+03,-1.374834577625339591e+02,3.921956072592775513e+02,3.537270677089875335e+02,6.243165687746501646e+01,1.764130381226022166e+02,1.598903374901345614e+03,-1.589963665427802368e+02
-1.739157137336931100e+02,1.528549923390590038e+03,9.623153530009000178e+02,-1.531329699026266944e+01,1.577008227824585674e+03,6.964796402401231035e+02,-2.009066387810883612e+02,1.294874742093769783e+03,7.687666185136232571e+02,5.637528745407821162e+01,1.496916498938749328e+03,3.932266272745491165e+02,-6.119273788181654794e+01,1.092885384946390332e+03,5.494188623283420156e+02,-1.983048675380943493e+01,1.419983780661175842e+03,1.906871095228487434e+02,-7.567715612657832480e+01,1.298975085346393598e+03,4.282462855011912097e+02,3.657961296138680609e+02,1.213355559710711304e+03,6.268247353235852870e+02,1.166291368057745359e+02,1.159440418151654285e+03,5.892895606258845191e+02,5.210271352666892426e+02,8.130147877870633693e+02,3.387917169197150997e+02,8.704186533401295378e+01,1.285049106433201587e+03,2.722391076695304832e+02,3.702902106473001709e+02,4.197804763321728956e+02,3.443837758416972861e+02,1.012567902717610480e+02,1.361279123397007425e+03,-1.372806163979638256e+02,4.055481227437094276e+02,3.476243355969937738e+02,1.097837438871236060e+02,1.745248335587889699e+02,1.595747244823492338e+03,-1.563010245425552682e+02
-1.687187641332174621e+02,1.541223152617362075e+03,9.611066586982603894e+02,-2.444425336171519092e+01,1.587598135820767993e+03,6.781754591782815851e+02,-2.007277812269369122e+02,1.305697317741693269e+03,7.772875457633240330e+02,5.354583251496261198e+01,1.455898699002877493e+03,3.900940302062786600e+02,-5.823053971720494815e+01,1.090409310499349431e+03,5.765233319414742255e+02,-1.601453884504148917e+01,1.334478971168430462e+03,1.983305236062155927e+02,-8.047825204156775669e+01,1.284955196273472666e+03,4.371530631630861876e+02,3.647733474540453926e+02,1.232057465403938522e+03,6.284221740281789153e+02,1.162698191268675032e+02,1.169557934222308404e+03,5.924703592813207251e+02,5.296229115802467504e+02,8.138664254506537645e+02,3.611647640658394494e+02,8.594799630078340158e+01,1.286730820124970705e+03,2.717990774105856531e+02,3.817268398619627305e+02,4.274441957859721697e+02,3.917676767780546925e+02,1.009164933981336816e+02,1.362126499979742221e+03,-1.387953891266670610e+02,4.227272777139274922e+02,3.419669820415410300e+02,1.650582295582500763e+02,1.728195503356290885e+02,1.592149679307199222e+03,-1.549286698154962494e+02
-1.653046895909614307e+02,1.550532038472278373e+03,9.612326502777063979e+02,-3.151758721715318856e+01,1.595719860910317948e+03,6.648636371849970601e+02,-2.002920294297611292e+02,1.314355992239097532e+03,7.860750516871262334e+02,5.430068290549833421e+01,1.421814812032555210e+03,3.951761205430336759e+02,-5.636855819965784775e+01,1.088695914472582672e+03,6.031322663243980742e+02,-9.677370994366210510e+00,1.262880749712840270e+03,2.186138145380559763e+02,-8.666691292183647022e+01,1.271338045238184804e+03,4.456691309087735817e+02,3.638599463852976896e+02,1.248306542862555943e+03,6.298754493044393712e+02,1.153900564743569959e+02,1.178177265104907747e+03,5.949345472734336226e+02,5.374074187584812989e+02,8.186865185139632786e+02,3.808622394676131080e+02,8.441694318000401154e+01,1.288272061605121962e+03,2.696925896955249300e+02,3.988028355008376593e+02,4.407925758426566745e+02,4.429296974714376347e+02,1.011924107792465861e+02,1.362116857814331297e+03,-1.426914197758601404e+02,4.449427602927337944e+02,3.382711670329256890e+02,2.269232718689721651e+02,1.714111269040638774e+02,1.587491125787787951e+03,-1.555020865159935113e+02
-1.636854562013754446e+02,1.556474701777944802e+03,9.630349544424494752e+02,-3.600039416956820304e+01,1.601104910845516542e+03,6.573001239773459474e+02,-1.995853180808142326e+02,1.319993876788746320e+03,7.954266198431924977e+02,5.780027341482567493e+01,1.395163545112869542e+03,4.056771973877564506e+02,-5.450894119821256822e+01,1.087643959500367146e+03,6.291793734951087345e+02,-1.854918496219821744e+00,1.206667340619614606e+03,2.472372547750276794e+02,-9.260856727647350795e+01,1.259082560813920054e+03,4.548016111172263436e+02,3.631739736760673622e+02,1.261297032638496603e+03,6.316935991609419716e+02,1.143549437385080267e+02,1.185056163684024114e+03,5.968708668063085270e+02,5.448389787453279496e+02,8.273795268142932855e+02,3.975904561076517894e+02,8.294472184838848250e+01,1.290337505805489400e+03,2.658548916161205966e+02,4.203798258491368642e+02,4.599739907409251032e+02,4.962812735673192606e+02,1.024604199745296995e+02,1.360558855365259205e+03,-1.493104857907538019e+02,4.726245797140391005e+02,3.373983973079032808e+02,2.936031013913063248e+02,1.704080955690897099e+02,1.581353434574320090e+03,-1.581773157592834878e+02
-1.634684153503137907e+02,1.559634692917836446e+03,9.664732347459275843e+02,-3.818703983409747593e+01,1.604012649857652832e+03,6.548483665162447096e+02,-1.985857641997251051e+02,1.322748774587582375e+03,8.054950837325544626e+02,6.298924241338837504e+01,1.374684339520597860e+03,4.195964671506520745e+02,-5.202206169069893349e+01,1.087036336497205639e+03,6.549389326582612512e+02,6.745146275148427684e+00,1.163733147547707176e+03,2.808351900862396633e+02,-9.748776562210004215e+01,1.248403572961277405e+03,4.651372034415785492e+02,3.627037119483289871e+02,1.271209974943642919e+03,6.340105576163459773e+02,1.133823027229786931e+02,1.190410143947882261e+03,5.984404108388115446e+02,5.522553259690926097e+02,8.391726433831871645e+02,4.117139170351248936e+02,8.174979473713247557e+01,1.293340058585410816e+03,2.605332359496334220e+02,4.450575311836566357e+02,4.840400692107336909e+02,5.505179738155499081e+02,1.048018697065987084e+02,1.357407110402779153e+03,-1.583849488093031255e+02,5.050012374251590472e+02,3.392470956907158666e+02,3.632546156922084037e+02,1.698179216425129425e+02,1.573765632823325177e+03,-1.626025333524723635e+02
-1.639955296264157312e+02,1.561137166520186156e+03,9.709594738577887938e+02,-3.905318725123238721e+01,1.605392888460775794e+03,6.554704349811077009e+02,-1.973665261236106119e+02,1.323728733241157215e+03,8.160688211602234787e+02,6.895887822374599807e+01,1.357689153426687199e+03,4.355869118175238555e+02,-4.898293599435605472e+01,1.086629680881180093e+03,6.806371409376307611e+02,1.585606119096495270e+01,1.128737535021386975e+03,3.172563458352456109e+02,-1.015229405989483524e+02,1.238739431263164533e+03,4.764058458611189053e+02,3.623471826661950672e+02,1.279219757510210684e+03,6.366045189659902235e+02,1.124924268266534426e+02,1.194839950482316453e+03,5.997856280896045291e+02,5.597289149489039346e+02,8.526819428495424518e+02,4.242337946085573890e+02,8.074630264439981886e+01,1.297070856322993905e+03,2.543309274875091148e+02,4.713600895497397687e+02,5.109087509358015495e+02,6.049046030063576609e+02,1.078534390285135487e+02,1.353261766786942417e+03,-1.689291334312242725e+02,5.400873338993030757e+02,3.427118052424272605e+02,4.342522505121195309e+02,1.695002833606339152e+02,1.565279643138124129e+03,-1.680088455483126779e+02
