5.729199530983022015e+01,6.700292611052071834e+01,1.821106618478549535e+03,-6.681581599666313487e+00,-7.693141007775008688e+01,1.520291477465564640e+03,1.109448413220785454e+02,3.184959642083538256e+02,1.515493335056842170e+03,2.018959851637058307e+02,-2.306995249950532241e+02,1.283158943518589012e+03,2.882724473719650291e+02,3.301463217538051822e+02,1.184799307565363051e+03,2.675227763272278594e+02,-4.229312750720582414e+01,1.451663767924413378e+03,3.953541592678536176e+02,1.739631390493911169e+02,1.365494265985904804e+03,-1.426858368339713579e+01,5.817712781595398752e+01,9.425704355569740756e+02,1.198302795698651266e+02,3.367591299301529375e+02,1.004549012265273859e+03,1.429907988902589580e+02,-1.885553245796104704e+01,4.885976320998717597e+02,5.718645491231875440e+02,1.482198230677139179e+02,1.120822208573891203e+03,-5.357019019802296000e+00,-8.427966595546230621e+00,-4.631680125502960266e+00,3.042231222797872761e+02,1.682025135992163598e+02,7.349024971918718165e+02,2.812466875536806015e+02,2.576484739628451948e+01,-2.685310324452580488e+01,4.712444708602068317e+02,1.914721234586156839e+01,6.116654825610809212e+02
5.924276873016181355e+01,6.905524614350332513e+01,1.825063240134526495e+03,-6.371669136682310608e+00,-7.593998433534068226e+01,1.523300641943135588e+03,1.146385033279062782e+02,3.212202943408815372e+02,1.520146846315719358e+03,2.014902196659089384e+02,-2.277155542156908439e+02,1.284753721288430597e+03,2.886220850490968246e+02,3.313644986475580367e+02,1.190685588775864744e+03,2.660477275116695068e+02,-3.962081876386261570e+01,1.451880371180789098e+03,3.954634061217973340e+02,1.777586493367097660e+02,1.368336053441340937e+03,-1.557281875551102424e+01,6.238497334677851569e+01,9.437917305561151124e+02,1.200496996466485911e+02,3.413601510516309645e+02,1.005764443646718519e+03,1.441936968902388969e+02,-2.004130655610822132e+01,4.906680750103967057e+02,5.755371407801078476e+02,1.462870428155995057e+02,1.120599469629887835e+03,-6.990537980972137966e+00,-8.666206955882159946e+00,-4.017823905023950815e+00,3.003702123322088937e+02,1.698594130035681076e+02,7.353526804627230149e+02,2.819456562343101496e+02,2.773306410387568377e+01,-2.606200503549927916e+01,4.676592421686546004e+02,1.940709035553983952e+01,6.086533737456005611e+02
6.068662883534660324e+01,7.143217381178440917e+01,1.828119217781912312e+03,-6.527205333373241380e+00,-7.438327867457181242e+01,1.525548947115056990e+03,1.177870716682688510e+02,3.242662175943231659e+02,1.524016849949727884e+03,2.004141936283604082e+02,-2.246480583622793290e+02,1.285774895746928451e+03,2.890492978996689430e+02,3.331075347446148953e+02,1.195796042050724282e+03,2.646897273009584524e+02,-3.698680109473646382e+01,1.451412572247812477e+03,3.950923594509691839e+02,1.808674477283876172e+02,1.370597891969885040e+03,-1.706127156852563331e+01,6.682111497430548752e+01,9.447967386016265436e+02,1.203596769640612223e+02,3.463774243417420280e+02,1.006495903076247487e+03,1.452231188207050536e+02,-2.059941792359631307e+01,4.924807049572762594e+02,5.786751237999546902e+02,1.445887875324778804e+02,1.119278161469114139e+03,-8.307812871980763347e+00,-9.077244750606293877e+00,-3.337148597137516326e+00,2.967175169146772191e+02,1.716284204481331699e+02,7.346121345959126074e+02,2.827226036839630865e+02,2.923946958600599899e+01,-2.535007978353945646e+01,4.643118700376708148e+02,1.912675769513080226e+01,6.044823058565538076e+02
6.142394371381280394e+01,7.413431652141164818e+01,1.829746818186139080e+03,-7.396573678863043178e+00,-7.206715241802329786e+01,1.526553636422037471e+03,1.201305377484526673e+02,3.276798130548926906e+02,1.526624594171870285e+03,1.982786733499202967e+02,-2.215098741163564853e+02,1.285798528858055079e+03,2.896125437920325680e+02,3.356018618770652893e+02,1.199666490172474823e+03,2.635989892550640548e+02,-3.449378968996809647e+01,1.449869452229474973e+03,3.940162378490662718e+02,1.828191861054389165e+02,1.371949382715009961e+03,-1.878648735543567838e+01,7.162527537352612228e+01,9.453639172966284150e+02,1.208458593252643425e+02,3.519217479525769932e+02,1.006475487075538013e+03,1.459645447174104049e+02,-2.013082900360262073e+01,4.938404206150338496e+02,5.808933901326510068e+02,1.432238327208278292e+02,1.116072569004140405e+03,-9.109148976176467016e+00,-9.707637161757277866e+00,-2.565460030166377248e+00,2.933987812485808035e+02,1.736358226888712863e+02,7.318541347705865974e+02,2.835830041681959415e+02,3.003679084201604255e+01,-2.475934296517666766e+01,4.613805618635355472e+02,1.820016982984039799e+01,5.984587961279873980e+02
6.165013319978509543e+01,7.675516322344731179e+01,1.829973531392228324e+03,-8.918298013228675103e+00,-6.927241011645229207e+01,1.526275396186533726e+03,1.218006539895852711e+02,3.311606170181081552e+02,1.527945971473626741e+03,1.951207268477604941e+02,-2.184487708770872416e+02,1.284664906482429387e+03,2.903400991837103220e+02,3.386420633948524141e+02,1.202255241379948075e+03,2.629100046498706433e+02,-3.228710143357296403e+01,1.447306699902975652e+03,3.923602836615789329e+02,1.834939286574120558e+02,1.372372510975980958e+03,-2.063086807697458269e+01,7.678031768101705268e+01,9.452966226669874459e+02,1.215614081192299949e+02,3.576873670915405796e+02,1.005735360758903312e+03,1.463939370168313303e+02,-1.857599326688296770e+01,4.946484655951467744e+02,5.820729588130194543e+02,1.421129816493631211e+02,1.110771632453562688e+03,-9.375441373632538600e+00,-1.043474524416468618e+01,-1.739146643431490169e+00,2.904630476571397253e+02,1.760165285641014066e+02,7.268908976576085479e+02,2.844446831602491557e+02,3.018736051253250707e+01,-2.428349825173478038e+01,4.589442551597755369e+02,1.708551852043027353e+01,5.906320279669826050e+02
6.180128055486515848e+01,7.873694074183346459e+01,1.829260144564590519e+03,-1.079782859545153606e+01,-6.648213928176234333e+01,1.525055198180512207e+03,1.232209243887056971e+02,3.342821035298863990e+02,1.528326133600027788e+03,1.913020086562130757e+02,-2.156299105249318302e+02,1.282460784564525511e+03,2.912163658712137817e+02,3.417656294589630761e+02,1.203814926159922607e+03,2.626460800439363652e+02,-3.039421591212597917e+01,1.444156464921344877e+03,3.904907699946122079e+02,1.831552788253355857e+02,1.372001822115633331e+03,-2.237501431538533581e+01,8.216081863806844865e+01,9.444878723834755192e+02,1.224979512274502582e+02,3.631680395405163040e+02,1.004517485933683133e+03,1.465671150650572372e+02,-1.614280396839485121e+01,4.949029357372628510e+02,5.823660277206358842e+02,1.410653981061295497e+02,1.103758717843822524e+03,-9.240391653440374498e+00,-1.103927249289369250e+01,-9.387819926789442437e-01,2.879052936250920425e+02,1.788917074364655662e+02,7.201499554170084139e+02,2.851825405197279224e+02,3.000684684700012639e+01,-2.389131525858948280e+01,4.569590814605321043e+02,1.652564971109686098e+01,5.816653980382189957e+02
6.227775217251573281e+01,7.977303516686473017e+01,1.828187422156019238e+03,-1.268947225863657557e+01,-6.398086285414432695e+01,1.523382230278349653e+03,1.248607750016854823e+02,3.368082985205569457e+02,1.528254003572127658e+03,1.872613519346165845e+02,-2.130638217041107225e+02,1.279424221754713017e+03,2.921821404219850820e+02,3.445851088824246062e+02,1.204664167925328456e+03,2.626532133108869402e+02,-2.857306455216460961e+01,1.440997683890872850e+03,3.887955141331831328e+02,1.823678176739309436e+02,1.370905587569614681e+03,-2.381430837791594968e+01,8.763553877971334316e+01,9.429921085151385114e+02,1.235752441572771545e+02,3.679982727005201468e+02,1.003092120793744243e+03,1.465783861819171250e+02,-1.314097905795617116e+01,4.946728395881020788e+02,5.821008343837298753e+02,1.399176588458123831e+02,1.095798784576668595e+03,-8.907959541550543037e+00,-1.133617797387451986e+01,-2.509808807993796353e-01,2.857099808500477138e+02,1.822895325456089211e+02,7.124110007377731790e+02,2.856977233331391517e+02,2.988101568148245235e+01,-2.356676672107152726e+01,4.552806170485752091e+02,1.703519313597814744e+01,5.724331603557357084e+02
6.323605031449368852e+01,8.006287812923280001e+01,1.827152784726900336e+03,-1.437049487169710993e+01,-6.163980614913108980e+01,1.521634742644132984e+03,1.269933757825640015e+02,3.388565219477355299e+02,1.528147082181906626e+03,1.832797743345902859e+02,-2.105000292859620856e+02,1.275839077625030541e+03,2.931516572387334918e+02,3.470511899549204031e+02,1.205046065022350149e+03,2.626332008586847451e+02,-2.632915459011950432e+01,1.438300598339315911e+03,3.874987086008373467e+02,1.818240846306257765e+02,1.369009553789063602e+03,-2.484783824663579210e+01,9.315687786166131445e+01,9.410490441863855722e+02,1.246695024279343613e+02,3.721716697065236872e+02,1.001610803977123510e+03,1.465168031902277903e+02,-9.834714608791191637e+00,4.940645635293182067e+02,5.816370258049630593e+02,1.386498055563549201e+02,1.087684614579939307e+03,-8.570309290880494757e+00,-1.127110220571101351e+01,2.703328787222983864e-01,2.838576765296283497e+02,1.860357546267634348e+02,7.044407452929964393e+02,2.859617072736207888e+02,3.005789699648104474e+01,-2.333502882542176238e+01,4.537195405920124358e+02,1.848075573650848469e+01,5.635767158425469461e+02
6.456300543901575395e+01,8.023189870885184405e+01,1.826239364804947172e+03,-1.581819974823586072e+01,-5.903507472957584667e+01,1.519942316763090957e+03,1.295922116342984793e+02,3.407899471729602965e+02,1.528247364066106684e+03,1.793836551589685371e+02,-2.074703909421297965e+02,1.271972207501448338e+03,2.940368602456766780e+02,3.494873914108239319e+02,1.205151638674385140e+03,2.622644057579933019e+02,-2.314331655890356032e+01,1.436270988123602137e+03,3.866054815313109430e+02,1.821402937701181770e+02,1.366232783308770877e+03,-2.550062956065668729e+01,9.878791060644651623e+01,9.390208494640378376e+02,1.256739296531498553e+02,3.760071117035378165e+02,1.000072298299459476e+03,1.464459197346768065e+02,-6.375328199016390585e+00,4.931960426453347281e+02,5.812409606123790127e+02,1.373995048921829323e+02,1.079909350910962758e+03,-8.361982470870692907e+00,-1.092158072206981423e+01,6.247990719259560732e-01,2.822828971787565706e+02,1.897152404293840107e+02,6.966994784682367481e+02,2.860131267505520896e+02,3.053503929495861513e+01,-2.325429894921712304e+01,4.520901698645062083e+02,2.003392682073738484e+01,5.552416056839452949e+02
6.601146560450760603e+01,8.096922134848762198e+01,1.825287235786151541e+03,-1.716755783723383644e+01,-5.578430593627844303e+01,1.518226519521813543e+03,1.324077547307468024e+02,3.429376568942861923e+02,1.528627256007861206e+03,1.754109526581576404e+02,-2.034799875095073958e+02,1.268060740017122725e+03,2.947668771842043043e+02,3.524042424123261412e+02,1.205227494094936901e+03,2.613323917767374951e+02,-1.877982970964891862e+01,1.434843448563136462e+03,3.859761446441938801e+02,1.836953342685835082e+02,1.362714081730275439e+03,-2.588666655436341202e+01,1.046576931591632729e+02,9.372584154604456899e+02,1.265576042374790262e+02,3.799232764718238968e+02,9.983921397976210983e+02,1.464107425065251391e+02,-2.809455575939658889e+00,4.921826850735604921e+02,5.810233252863890812e+02,1.363715497135455905e+02,1.072514925104114127e+03,-8.348030801679120927e+00,-1.041754357828190791e+01,8.600466741248624647e-01,2.808287715689792776e+02,1.927985213205253956e+02,6.892344697730441112e+02,2.859222524333151796e+02,3.110459672498254591e+01,-2.337909824422223082e+01,4.502262540420779828e+02,2.055682253810244120e+01,5.470885721534708637e+02
6.738332791860374016e+01,8.262940661631213857e+01,1.824072241641744768e+03,-1.859215132711737084e+01,-5.183968408433576514e+01,1.516353552435284200e+03,1.351552078090474822e+02,3.453618864013286043e+02,1.529238247625617987e+03,1.711680404967949585e+02,-1.982537263304903092e+02,1.264313416325629078e+03,2.952974125192743600e+02,3.562338819525164695e+02,1.205617615246603009e+03,2.598008273477427679e+02,-1.346678802198066016e+01,1.433786938376520311e+03,3.854560948617204303e+02,1.865616924193070361e+02,1.358922372157437621e+03,-2.614497788944517254e+01,1.108745071347973123e+02,9.359647990525110117e+02,1.273845375533918372e+02,3.841980098328820077e+02,9.965065546854721106e+02,1.464524671985829514e+02,8.734304623148465563e-01,4.911310892526029193e+02,5.809373911521915943e+02,1.357092807034310056e+02,1.065169228569771121e+03,-8.523314493679762904e+00,-9.852513555103991294e+00,1.044215149033916434e+00,2.792629095623313447e+02,1.949087217273435897e+02,6.817706341654844664e+02,2.857532466554755501e+02,3.151992340317437424e+01,-2.371993824483259061e+01,4.479782339766236987e+02,1.920958603765594930e+01,5.385287080424071746e+02
6.864198340748460225e+01,8.505809760081768900e+01,1.822460677403431418e+03,-2.018328518886217182e+01,-4.753211013700426690e+01,1.514269041555864760e+03,1.376866401968355262e+02,3.478403268055828903e+02,1.529946515877653837e+03,1.665681234377408657e+02,-1.919001439840067462e+02,1.260880981478364447e+03,2.956102598533842638e+02,3.611438682930303798e+02,1.206661522640052681e+03,2.578117463734433841e+02,-7.819069605980000226e+00,1.432840583419180348e+03,3.849724283378085374e+02,1.905279477712609548e+02,1.355532918427938739e+03,-2.638230787840173619e+01,1.174506510874501402e+02,9.351309819386457320e+02,1.282788706780316943e+02,3.888686479124747279e+02,9.944407166756461720e+02,1.466080057674795398e+02,4.686878364762211646e+00,4.901362662789268256e+02,5.808144536076259783e+02,1.354067533027873083e+02,1.057408453325242590e+03,-8.810785097270922961e+00,-9.252269182283768600e+00,1.232675158997256437e+00,2.773733589735201122e+02,1.960646024900950977e+02,6.739190617051212939e+02,2.855435809664977000e+02,3.167204937550081212e+01,-2.422475048922892782e+01,4.452270445937482464e+02,1.591688724889268514e+01,5.290446267635450113e+02
6.990315496168179266e+01,8.773894420244951675e+01,1.820461891969274120e+03,-2.189162380382567363e+01,-4.335236682218391735e+01,1.512023385187006625e+03,1.400466704476797304e+02,3.500619755893226284e+02,1.530556351611503487e+03,1.616747027016139384e+02,-1.848819562829479821e+02,1.257784440261874124e+03,2.957033119338464076e+02,3.670126019269695234e+02,1.208510096405590730e+03,2.556451892949573619e+02,-2.538411232770227066e+00,1.431804687755133273e+03,3.845490149734263241e+02,1.951857252675367249e+02,1.353127470145786219e+03,-2.664545430562544581e+01,1.242897521087685817e+02,9.345740903274410130e+02,1.293568177155433432e+02,3.938110348878814193e+02,9.923112013809731025e+02,1.468894390129340195e+02,8.605942585812279333e+00,4.892803199180582965e+02,5.804213931001260107e+02,1.353027108885692940e+02,1.048902589825858058e+03,-9.069711305712866434e+00,-8.611876584388204137e+00,1.448148586778125857e+00,2.750918368348011427e+02,1.967105495374746056e+02,6.653819029591396657e+02,2.853025051347502199e+02,3.166372467935427437e+01,-2.479299625967722775e+01,4.419317761745735993e+02,1.140782930208983181e+01,5.184412802621279752e+02
7.133484549596305158e+01,9.014396605013067187e+01,1.818187517693045947e+03,-2.355393289396624468e+01,-3.963111520601739102e+01,1.509697118160872606e+03,1.423951372910752298e+02,3.518811285404982527e+02,1.530858280473938521e+03,1.566417161566698155e+02,-1.777865176139038965e+02,1.254842653640198250e+03,2.955733334473025025e+02,3.735497937965276947e+02,1.211002320239972050e+03,2.536592162411178606e+02,1.944003501349291563e+00,1.430553432698278584e+03,3.842524988475780106e+02,2.000616169898935652e+02,1.351896904404788756e+03,-2.693181770778184259e+01,1.312526423015317221e+02,9.340453402328889752e+02,1.306658417360599458e+02,3.989101275948351031e+02,9.902745220912196373e+02,1.472609882781835893e+02,1.255143413071620806e+01,4.886295112996302805e+02,5.795385115231464397e+02,1.351487068354613541e+02,1.039600409991256129e+03,-9.131735879830259250e+00,-7.954535066457641079e+00,1.684863310618095911e+00,2.725582645625634086e+02,1.974792949605020453e+02,6.560501397321862669e+02,2.850227375243611618e+02,3.174106794769938844e+01,-2.531448842481684736e+01,4.381877717609417573e+02,6.811168205113723673e+00,5.069140620832899344e+02
7.304201453510771103e+01,9.204798022304349558e+01,1.815779924450245744e+03,-2.497942073894301274e+01,-3.633042776836249033e+01,1.507314723720636721e+03,1.448641337758412533e+02,3.534424323093357430e+02,1.530717995105196906e+03,1.516028669477637720e+02,-1.710225859906150561e+02,1.251669136962890889e+03,2.952020609500920614e+02,3.804781038721744721e+02,1.213708763464407411e+03,2.522038528871171934e+02,5.687436684738548465e+00,1.428986410469414295e+03,3.841204424978989209e+02,2.047805175399204813e+02,1.351518559911932925e+03,-2.722973383609933862e+01,1.382650439396970796e+02,9.333382824810405509e+02,1.321645284771401521e+02,4.041843127057336460e+02,9.884538396474096089e+02,1.476375074204403575e+02,1.640952624103184476e+01,4.882242716837641296e+02,5.780483895957155482e+02,1.347125704125746495e+02,1.029690708773162214e+03,-8.864397859177399752e+00,-7.352187350489699291e+00,1.931620529469896486e+00,2.700748710183889330e+02,1.988304186828647460e+02,6.459646328213170818e+02,2.846997397284459907e+02,3.213619766206738149e+01,-2.571193131479788008e+01,4.342423134795661781e+02,3.066642332919302660e+00,4.949137336755939600e+02
7.500189834033682246e+01,9.361264002760968594e+01,1.813365419324407867e+03,-2.604210351615485664e+01,-3.307237862409220952e+01,1.504830083607973165e+03,1.474484438922526124e+02,3.550925908846260768e+02,1.530166494690087802e+03,1.465855049838220339e+02,-1.646409153133386951e+02,1.247779635888208759e+03,2.945606500713009268e+02,3.876764826928933303e+02,1.216128723143035359e+03,2.515062880132073246e+02,9.201359306048832565e+00,1.426970592791357376e+03,3.841200376321836529e+02,2.092222799591853004e+02,1.351275242984328315e+03,-2.756460049471917984e+01,1.453948426140334504e+02,9.323387742231460606e+02,1.337499494067851344e+02,4.097747107391737700e+02,9.868754950645226245e+02,1.479131026305394130e+02,2.008264991276267608e+01,4.880597643003669077e+02,5.760021891772839808e+02,1.338714104540859182e+02,1.019433189527837158e+03,-8.235695319652622359e+00,-6.885721386156824941e+00,2.195398569995668403e+00,2.679710842855741362e+02,2.008106628061323704e+02,6.352010416497303140e+02,2.843509834532168270e+02,3.292506445300033135e+01,-2.596620837312102026e+01,4.304275381593385532e+02,5.144655184197852726e-01,4.828901628283527998e+02
7.707244509679736666e+01,9.521578522474469253e+01,1.811039579104715358e+03,-2.673100425987027506e+01,-2.937256189144432383e+01,1.502188101567427793e+03,1.499943120802508361e+02,3.571506985329673967e+02,1.529417858473803335e+03,1.414978396714261066e+02,-1.584045883561367702e+02,1.242776841346267474e+03,2.936342169855001885e+02,3.952213253227804444e+02,1.217922324997336545e+03,2.515657525034413879e+02,1.315774299114419499e+01,1.424324586279198684e+03,3.841538824000610930e+02,2.136026627236884678e+02,1.350354246700025897e+03,-2.802054273001057183e+01,1.528406342998887339e+02,9.310052423587437715e+02,1.353120077927166562e+02,4.158200726367137463e+02,9.854389540188760748e+02,1.480046814042644883e+02,2.354641883256038781e+01,4.880649485027573178e+02,5.736180103424080698e+02,1.326600337179631310e+02,1.008985952922977276e+03,-7.343632893734116429e+00,-6.578270695013528346e+00,2.506076585918077360e+00,2.664569165500039958e+02,2.031044842567820581e+02,6.237800588072012715e+02,2.840232282463127831e+02,3.398423380060921772e+01,-2.611571334719087289e+01,4.270256689736011140e+02,-1.113988483910699490e+00,4.710546948517286410e+02
7.905558560426621284e+01,9.717377812490605038e+01,1.808852504925558605e+03,-2.714079392643634137e+01,-2.491880407293924549e+01,1.499390254315460652e+03,1.522817400939097752e+02,3.597066202442494500e+02,1.528771349206385821e+03,1.361799389414190671e+02,-1.520467794819257676e+02,1.236512517919407401e+03,2.924445887103402697e+02,4.033268672669979651e+02,1.219043831641585257e+03,2.521267317183934722e+02,1.800245316134003914e+01,1.420863657403954903e+03,3.840976896229404929e+02,2.184201910130853719e+02,1.348182287390669444e+03,-2.871662597677564932e+01,1.608328399248402150e+02,9.293176988663445854e+02,1.367836042426272058e+02,4.223266546695373336e+02,9.839348511361878309e+02,1.478831297547861254e+02,2.687659098645506361e+01,4.880984482388568608e+02,5.711903680380239621e+02,1.312610071615188474e+02,9.983352075129879495e+02,-6.390786512272806696e+00,-6.362689406160335182e+00,2.896857096653229657e+00,2.655462948628775735e+02,2.053336325216932039e+02,6.116606665286860789e+02,2.837784119093757340e+02,3.505992432821877003e+01,-2.623554016226743713e+01,4.241415120349324752e+02,-2.358862743950639995e+00,4.592797893045125761e+02
8.077963231387711573e+01,9.955957305640788491e+01,1.806769394715590579e+03,-2.741848340324659006e+01,-1.971695101628110081e+01,1.496488751869023872e+03,1.541397708899586689e+02,3.625896572577047436e+02,1.528436429360192278e+03,1.304646437267003307e+02,-1.454980347254205242e+02,1.229129476645085106e+03,2.910431558878932492e+02,4.122387342245670538e+02,1.219720782475679016e+03,2.527691123531254505e+02,2.367577642599267662e+01,1.416477947177010719e+03,3.838445813679938965e+02,2.242735798385219539e+02,1.344647026224837873e+03,-2.974121490112300492e+01,1.695096811070197873e+02,9.272513891585516603e+02,1.381645914773056916e+02,4.291433047916641499e+02,9.821120815204787959e+02,1.475736649438126165e+02,3.022266203653680705e+01,4.879783852797696113e+02,5.689415925117219786e+02,1.299433406584111310e+02,9.873410344971308632e+02,-5.614250459069014099e+00,-6.121235476337433923e+00,3.374581513228430474e+00,2.650871629561187888e+02,2.073747956943186637e+02,5.987872689126188561e+02,2.836618370431593235e+02,3.589244139550273616e+01,-2.640923649818880392e+01,4.216705239403693213e+02,-3.624729595339317267e+00,4.471724296907149210e+02
8.216715691119239295e+01,1.022283321252643162e+02,1.804626873003153150e+03,-2.769782562280574822e+01,-1.402476404676078126e+01,1.493504774797185974e+03,1.555251122528835026e+02,3.655230404646003990e+02,1.528388111931667254e+03,1.242035242204448338e+02,-1.388879047906637254e+02,1.220960526059980566e+03,2.894711503299322999e+02,4.221398865769041322e+02,1.220325609282840105e+03,2.530750355223687507e+02,2.960776169914293376e+01,1.411187217660691658e+03,3.833395709371163775e+02,2.316273197141240416e+02,1.340115329469829021e+03,-3.107793282787162781e+01,1.788454418225173583e+02,9.248029840838784139e+02,1.395150350683195484e+02,4.360645116970687809e+02,9.797733630759297512e+02,1.471291750807187100e+02,3.373645501064795127e+01,4.875453266915443464e+02,5.668887305189884955e+02,1.289755856071189157e+02,9.758320547347282172e+02,-5.204146389168927911e+00,-5.777681815081923133e+00,3.902844153748259437e+00,2.648744321742069587e+02,2.094456499602650297e+02,5.851171506633230592e+02,2.836706663107773920e+02,3.631488111673255759e+01,-2.670434206931909316e+01,4.193974944516722303e+02,-4.991560563260709849e+00,4.342704052575274432e+02
8.326512913690304174e+01,1.050017332140084392e+02,1.802138480707341614e+03,-2.805040606068444120e+01,-8.140550891081668183e+00,1.490342882452149297e+03,1.565283087965218840e+02,3.683469333766252589e+02,1.528354422177710831e+03,1.172642515401174848e+02,-1.323208773127511222e+02,1.212351442057253507e+03,2.877203428211024061e+02,4.330935613795148242e+02,1.221234598643432491e+03,2.527740941058656006e+02,3.501391520276033020e+01,1.405124409541320802e+03,3.825991458211873919e+02,2.406310001854049574e+02,1.335249909904873448e+03,-3.257217573865548133e+01,1.886693175551979209e+02,9.220464940766941027e+02,1.409265719253193652e+02,4.429791616638815412e+02,9.768594622872387845e+02,1.465993107906863884e+02,3.749667133580929601e+01,4.867315890461475192e+02,5.648012983683637458e+02,1.285519532407635950e+02,9.636735515764415823e+02,-5.244818287471781915e+00,-5.372837991050904982e+00,4.410448482648361868e+00,2.647781062717768350e+02,2.118907155885589475e+02,5.705935208881510334e+02,2.837441606314253590e+02,3.627926658531625748e+01,-2.715850448521353400e+01,4.171716551652324370e+02,-6.329014473969900578e+00,4.202624164273752285e+02
8.422811501378029675e+01,1.078517856472094394e+02,1.798985511250215268e+03,-2.847050985799176814e+01,-2.203928876570383721e+00,1.486788169393712906e+03,1.573186995833439994e+02,3.711471599807867392e+02,1.527956515562605773e+03,1.095414441650751058e+02,-1.256297142293048097e+02,1.203514931414729290e+03,2.857369153900021388e+02,4.450148695865253217e+02,1.222743412231350931e+03,2.517870853138146003e+02,3.934040987355248831e+01,1.398445039765035517e+03,3.817150530734248832e+02,2.510638942797084212e+02,1.330714801305593255e+03,-3.397162606602699952e+01,1.987529282203213654e+02,9.191654754609435258e+02,1.424857527632820506e+02,4.499451986525133975e+02,9.734824260176320649e+02,1.460193559205144425e+02,4.147997864955148373e+01,4.855968005435049122e+02,5.622826099658351495e+02,1.287659163054460407e+02,9.507859091871517876e+02,-5.695401498452094202e+00,-5.055369318554851610e+00,4.818304600843084984e+00,2.648134338422596556e+02,2.148431896135375894e+02,5.551040130472971441e+02,2.837860308192929892e+02,3.582512907584306561e+01,-2.777869883680330432e+01,4.150443778733533122e+02,-7.549710637805677749e+00,4.051326198053111511e+02
8.526091936708570529e+01,1.109426895323346400e+02,1.794969797951258897e+03,-2.889656640713977964e+01,3.859418621374399283e+00,1.482612874819702483e+03,1.580686551548667467e+02,3.741997310603995857e+02,1.526923224318883740e+03,1.010006075441597062e+02,-1.183404017310579803e+02,1.194491181679903093e+03,2.834809651865191995e+02,4.576644592575685238e+02,1.225048560658704218e+03,2.501663911274862357e+02,4.259633113478764699e+01,1.391211265148282109e+03,3.808426014675974898e+02,2.624133970421348181e+02,1.326909450765220754e+03,-3.503151490673130297e+01,2.089080694471975050e+02,9.164228014423383684e+02,1.442421425098674206e+02,4.571306111882500431e+02,9.698920209128518763e+02,1.454246509686885531e+02,4.560336407743012188e+01,4.843038317701513051e+02,5.589435102569392484e+02,1.296412457697583704e+02,9.371396683494670015e+02,-6.406100597663610507e+00,-4.976292009375529624e+00,5.067741655393593447e+00,2.651204371926269232e+02,2.180471509685553997e+02,5.384921446768115629e+02,2.837103407930145522e+02,3.504342156489288840e+01,-2.855121154359427749e+01,4.132798701931534424e+02,-8.745200370786559319e+00,3.891679401171069799e+02
8.654133106193089020e+01,1.145140188350768398e+02,1.790145580692075328e+03,-2.925630614437118382e+01,1.023583813389436337e+01,1.477729572736515593e+03,1.588966676272830227e+02,3.777784488142534087e+02,1.525251730155561745e+03,9.171834482671953026e+01,-1.099079522349070004e+02,1.185215059095399056e+03,2.810051607138220220e+02,4.706830831250453002e+02,1.228262594402428022e+03,2.479973668404520595e+02,4.535581636601801137e+01,1.383318546782812746e+03,3.801768536987549965e+02,2.740495388813841373e+02,1.323852337508711798e+03,-3.563161155847208050e+01,2.190461833058100183e+02,9.140734509390613312e+02,1.461895891450761553e+02,4.646712796464875623e+02,9.663909630558790695e+02,1.448730388592050531e+02,4.981418435293629443e+01,4.830440691492035512e+02,5.545854058768164805e+02,1.311999754978565136e+02,9.227541774401547627e+02,-7.156700660687601356e+00,-5.148116101793920762e+00,5.138654299116764967e+00,2.658871982225374495e+02,2.210017953293284450e+02,5.206373316883797315e+02,2.834873025418593215e+02,3.407406004898547991e+01,-2.945512608303566182e+01,4.122464900967472090e+02,-1.008061633256049916e+01,3.728294025621704009e+02
8.815402387846485510e+01,1.187125333089034314e+02,1.784834847800968873e+03,-2.950949580401453787e+01,1.706601550049654392e+01,1.472276716794003733e+03,1.598471841527280901e+02,3.819691184455944040e+02,1.523214879621879390e+03,8.185786576831073091e+01,-1.000528339455854194e+02,1.175621742616433266e+03,2.784891390596118868e+02,4.836907761606660188e+02,1.232430268840735380e+03,2.453294558587807899e+02,4.840766487636051352e+01,1.374501332194675342e+03,3.799225416788619896e+02,2.854391966761601225e+02,1.321253287541549980e+03,-3.583805064987070210e+01,2.291893491771279230e+02,9.122612940153833279e+02,1.482648959419092876e+02,4.725659277792611874e+02,9.632331483624784596e+02,1.444499334619156627e+02,5.416476855436466309e+01,4.819515387649884133e+02,5.492986100573341446e+02,1.335282819793090994e+02,9.076914019027457243e+02,-7.706720195696405540e+00,-5.365384561345568848e+00,5.055103389451036655e+00,2.672928396136323954e+02,2.233310986268041631e+02,5.015363923365962933e+02,2.831637954057534898e+02,3.312530280413293582e+01,-3.047102914763049242e+01,4.122848348618468322e+02,-1.155439539563361961e+01,3.565527152606431969e+02
9.006688833245559067e+01,1.234992200259018489e+02,1.779486630867214217e+03,-2.966185267363501765e+01,2.434952627040413731e+01,1.466555948320573179e+03,1.609012808522383295e+02,3.866138147558413038e+02,1.521206135379022726e+03,7.156273175220466953e+01,-8.894707436609367335e+01,1.165708870437668566e+03,2.761883262769932799e+02,4.964336903374486951e+02,1.237538660283393483e+03,2.421615365664522130e+02,5.224849253881623667e+01,1.364399854503353254e+03,3.802622370461193668e+02,2.963345669590891021e+02,1.318715011466113992e+03,-3.587232926009495060e+01,2.394471685825152747e+02,9.109461243559064769e+02,1.503656086786753008e+02,4.806955514620954091e+02,9.605397392560266780e+02,1.442458805690438908e+02,5.880672102339198659e+01,4.810499994956524006e+02,5.434233143482580317e+02,1.368017907225445811e+02,8.920152507970043416e+02,-7.852495510473647577e+00,-5.255840117461865191e+00,4.876889177019106292e+00,2.695189243718142507e+02,2.250973734508954180e+02,4.812919044787151961e+02,2.828467510506010854e+02,3.246407968466693461e+01,-3.158206250636531109e+01,4.136493235154388799e+02,-1.285464849125520104e+01,3.405753958980030802e+02
9.216257866059270043e+01,1.286706872675264037e+02,1.774440371842711556e+03,-2.974294388000563671e+01,3.194856651281243032e+01,1.460845513535498640e+03,1.619997221541825638e+02,3.913961718294977459e+02,1.519511695282573783e+03,6.082996633735518799e+01,-7.712881303405178812e+01,1.155524466193332955e+03,2.743142473172636642e+02,5.089075733648523965e+02,1.243533020703129523e+03,2.384626810248036008e+02,5.671517517616683079e+01,1.352644583976456033e+03,3.813244105165978795e+02,3.068685892353782947e+02,1.315945734064834141e+03,-3.600460813177242869e+01,2.499659240913702263e+02,9.098907468642656795e+02,1.523848169340533047e+02,4.889422429335309630e+02,9.582586234583541227e+02,1.443215117749719241e+02,6.388676856413346172e+01,4.802545144159605002e+02,5.373938968610367510e+02,1.412507203138965792e+02,8.757128367382476881e+02,-7.483483490423924245e+00,-4.454495817364022336e+00,4.673214133865720932e+00,2.728016454498468306e+02,2.268150163484501718e+02,4.599828232612745182e+02,2.826574972780434223e+02,3.233771914910759904e+01,-3.277207109932786011e+01,4.165366647051525320e+02,-1.346035791946068727e+01,3.248712028934172622e+02
9.430608303365842460e+01,1.339373137350451941e+02,1.769729136255063395e+03,-2.976862631985319041e+01,3.964172214492437263e+01,1.455213839137383729e+03,1.630621872035297599e+02,3.959776375888120583e+02,1.518144204319797609e+03,4.946292543806925579e+01,-6.523245596234932009e+01,1.145119729772623032e+03,2.729135545927227327e+02,5.213793605511272062e+02,1.250342577819314329e+03,2.341965063799133588e+02,6.097799072958081723e+01,1.338935053631229721e+03,3.831530768299537613e+02,3.175182493095829273e+02,1.312875046110808398e+03,-3.643098454336362124e+01,2.608451067595472068e+02,9.087167986429699340e+02,1.542532730035114241e+02,4.972895362306485367e+02,9.561796826663023694e+02,1.446870217176811479e+02,6.940033598528829373e+01,4.794168207740872276e+02,5.315481991809074316e+02,1.470759959384997444e+02,8.586272598163507155e+02,-6.619022535123496809e+00,-2.811017013624800942e+00,4.482339397512185464e+00,2.774441631737702778e+02,2.291461314026465743e+02,4.375095758805487094e+02,2.826805826673448792e+02,3.284752505209142015e+01,-3.402690550715855977e+01,4.211285410816627746e+02,-1.292657082261665202e+01,3.092197810612522062e+02
9.640693442653763157e+01,1.389855181818438155e+02,1.765047884174066667e+03,-2.972220247084899825e+01,4.716972860477432761e+01,1.449467539398777717e+03,1.639988254374347321e+02,4.000880863062940875e+02,1.516833889920985939e+03,3.715948166398662522e+01,-5.372596088470260867e+01,1.134526606549190774e+03,2.718179321298614468e+02,5.342854341348282787e+02,1.257900504791534104e+03,2.293265136890088911e+02,6.391539698444751139e+01,1.323116626510604647e+03,3.856853247792713546e+02,3.289584791564963666e+02,1.309631852374424170e+03,-3.719746234232319182e+01,2.720401775163486491e+02,9.070160913484248795e+02,1.559717633127016256e+02,5.058038367600393599e+02,9.540012491180267489e+02,1.453115328469390306e+02,7.510966210475388039e+01,4.783842087591896757e+02,5.259947979458512464e+02,1.543545588962206239e+02,8.404747953946528014e+02,-5.403290980840775859e+00,-5.067685411589936129e-01,4.278190326193808346e+00,2.837329441728261941e+02,2.324893540942966013e+02,4.135602011690018003e+02,2.829335986872357580e+02,3.385395075573514845e+01,-3.533707390033789153e+01,4.275650243794009953e+02,-1.114407702967079672e+01,2.933769370648685140e+02
9.844092796783306198e+01,1.435125889177808176e+02,1.759913296958322690e+03,-2.957474305759901156e+01,5.426992293329170280e+01,1.443272972497656156e+03,1.647220833550052248e+02,4.035475685774878798e+02,1.515176278019850088e+03,2.369119204836382764e+01,-4.278608209343178714e+01,1.123776716489777073e+03,2.706965640194766820e+02,5.480585901630058743e+02,1.266140343850073350e+03,2.237941906944998323e+02,6.467688374699609710e+01,1.305251007880136513e+03,3.887481810334070929e+02,3.418832494316415591e+02,1.306426444728560000e+03,-3.820120287273138615e+01,2.833166760070645296e+02,9.044799888734941078e+02,1.576173094248653115e+02,5.145137568029754220e+02,9.514243684161974670e+02,1.461525662968518020e+02,8.061010190500525141e+01,4.770452416313199819e+02,5.205917049004582395e+02,1.629802391192305038e+02,8.209747259299494999e+02,-4.052199624265684363e+00,1.999714457456807759e+00,3.971972303827826956e+00,2.917879794777904294e+02,2.367395787091046770e+02,3.877705504611891456e+02,2.833726016883603052e+02,3.499387865588715130e+01,-3.669220760234398426e+01,4.358387515355594815e+02,-8.390718453654095299e+00,2.772636194022997529e+02
1.004253650805744940e+02,1.472776836786782440e+02,1.753920898283347924e+03,-2.933306256860334216e+01,6.073539738294397239e+01,1.436364154591098441e+03,1.651670490445309554e+02,4.062644984298607937e+02,1.512844097164789446e+03,9.056831289856411615e+00,-3.230568518228771779e+01,1.112927568591279851e+03,2.691859174480186994e+02,5.629645646950723403e+02,1.274974565505016017e+03,2.174788851855127518e+02,6.313447421591315845e+01,1.285647420004941523e+03,3.920842128441548766e+02,3.568692146634686537e+02,1.303429766043029076e+03,-3.925730605975090270e+01,2.943270743859877143e+02,9.009936628882870764e+02,1.593184957518548401e+02,5.233099991030289857e+02,9.482403265648915749e+02,1.471808228664235685e+02,8.553068295192063886e+01,4.753539286595350291e+02,5.150298347680784445e+02,1.726737252399457532e+02,8.000317778109650817e+02,-2.772928976231056719e+00,4.181268026099441038e+00,3.459171936105802203e+00,3.014502596948115638e+02,2.413751844472804748e+02,3.599997137524314894e+02,2.839263107811014493e+02,3.582268257190914795e+01,-3.806285891279433287e+01,4.456922099716305183e+02,-5.147189947709743585e+00,2.610784078182076087e+02
1.023714432009533795e+02,1.501981727313581700e+02,1.746946526700309960e+03,-2.907826714241672761e+01,6.651106281810525900e+01,1.428693425468951546e+03,1.653161280655270104e+02,4.082562626051085317e+02,1.509741082305444934e+03,-6.489764484192154903e+00,-2.194503475028248829e+01,1.102061598918321806e+03,2.670307717203149878e+02,5.790028844333171492e+02,1.284283152744002109e+03,2.101688683499503156e+02,5.999058495796155199e+01,1.264816452224699788e+03,3.954024737243667005e+02,3.743024834704385739e+02,1.300727681064864328e+03,-4.018972576915960104e+01,3.048088467057866069e+02,8.966526396486301564e+02,1.612120485778781926e+02,5.319780920333355425e+02,9.443806411807239556e+02,1.483845744974607896e+02,8.974880907316553191e+01,4.733371073890133971e+02,5.089696935220012506e+02,1.830695898560251464e+02,7.778520409962104623e+02,-1.692978006640479816e+00,5.692983581182883057e+00,2.689322877545826884e+00,3.122988098578188101e+02,2.458249743059648154e+02,3.305376673947010886e+02,2.845350795182019965e+02,3.600856991666982054e+01,-3.938186559106964779e+01,4.566224730565315895e+02,-1.796267784068312112e+00,2.452678742362291473e+02
1.042481317454221852e+02,1.524538390724944179e+02,1.739180641804467541e+03,-2.895976641159162313e+01,7.178152830808589613e+01,1.420433708779083645e+03,1.652109143932039501e+02,4.096854048944700253e+02,1.506020590501810602e+03,-2.254705202745820714e+01,-1.116771594693864067e+01,1.091263527311298049e+03,2.641668106796188908e+02,5.958858796214271933e+02,1.293934189762485175e+03,2.015815684679603521e+02,5.650648876389873010e+01,1.243340537802507697e+03,3.984362967172391450e+02,3.943350128727912534e+02,1.298357406816631055e+03,-4.089929879000600721e+01,3.147941524414343917e+02,8.916962321500739108e+02,1.634034038579021910e+02,5.403567396787345842e+02,9.399145567493418412e+02,1.497604617411070649e+02,9.347153647853158986e+01,4.710872008332075893e+02,5.021687080413419153e+02,1.938569643311984692e+02,7.549017568420541693e+02,-8.282501337474760250e-01,6.526441539772635636e+00,1.714106760626063819e+00,3.237929944197863392e+02,2.499091329678997226e+02,3.000951309228209425e+02,2.851706362057901742e+02,3.547057835131944614e+01,-4.054815394093115799e+01,4.680194356222489205e+02,1.636007386760462756e+00,2.303538553444445824e+02
1.059804659694449782e+02,1.545147770570869454e+02,1.730992156881204892e+03,-2.913935141880861224e+01,7.697835349571646191e+01,1.411851624603057871e+03,1.649362242030096013e+02,4.108622847145518335e+02,1.501977073701126074e+03,-3.872619246801961168e+01,7.066596241147579116e-01,1.080607520096109738e+03,2.607116515755710680e+02,6.130911716783164138e+02,1.303827987216397105e+03,1.914492377841395694e+02,5.401327824685476742e+01,1.221695692595253604e+03,4.009872230006018867e+02,4.168386823681333908e+02,1.296366633406593792e+03,-4.138043628839513133e+01,3.246759536833251332e+02,8.863930534962562433e+02,1.659497505464137532e+02,5.484961733837276370e+02,9.349983989849395130e+02,1.513092456126609591e+02,9.711901833957136887e+01,4.687348063232477671e+02,4.945559864091010809e+02,2.049203420126408162e+02,7.317221720454515435e+02,-9.686225158744520003e-02,6.986503378310250589e+00,6.783272918191652900e-01,3.354383216248917279e+02,2.541135641278033859e+02,2.695713615111530430e+02,2.858293027899371737e+02,3.438870595446785927e+01,-4.146458751127642728e+01,4.793547243380785403e+02,5.596427912271090932e+00,2.166912261644060891e+02
1.074829655193025815e+02,1.570343123324500425e+02,1.722718031869395872e+03,-2.971576366387521873e+01,8.266788206459887078e+01,1.403150457540506295e+03,1.645800000614731857e+02,4.121786628028887662e+02,1.497886348606054298e+03,-5.475749318040073632e+01,1.434911442516787261e+01,1.070170094775708549e+03,2.568860691904422993e+02,6.299835246260984150e+02,1.313928498566254348e+03,1.796397603868337001e+02,5.344618032478670955e+01,1.200083821683533642e+03,4.029486687384111292e+02,4.413804575593846380e+02,1.294829591793630470e+03,-4.168944793593485798e+01,3.350509420886712633e+02,8.809312136640081690e+02,1.688664525371936236e+02,5.566810563450229665e+02,9.297969727625705900e+02,1.530454570725520966e+02,1.010815271454904973e+02,4.664005472104329897e+02,4.862432484109227744e+02,2.164145439223722178e+02,7.087138168481574212e+02,6.345304566822999037e-01,7.514559333921148720e+00,-2.454105572500049071e-01,3.468664897161656313e+02,2.595531351298246818e+02,2.397400387700261888e+02,2.865107577382685804e+02,3.309227737153364757e+01,-4.209351848712409350e+01,4.903018429517820209e+02,1.096306704988228198e+01,2.042740854341550119e+02
1.087092839678874725e+02,1.606312745240424817e+02,1.714503678553309555e+03,-3.067598380205541631e+01,8.935212620899821445e+01,1.394379584767031474e+03,1.641916635079821845e+02,4.139914288784940481e+02,1.493882336923548110e+03,-7.048951321748016596e+01,3.014290260041423508e+01,1.060050913586823526e+03,2.529223008940608395e+02,6.459911212581823747e+02,1.324245335835647438e+03,1.662440248636959552e+02,5.508156698531789885e+01,1.178340633047256006e+03,4.043179853931315506e+02,4.672873231277625337e+02,1.293804362186629533e+03,-4.189271152500440110e+01,3.464132049385634105e+02,8.753526355441124451e+02,1.721407137585672729e+02,5.652888123225845902e+02,9.244058690018141533e+02,1.550115591966693387e+02,1.055077668972549532e+02,4.641437559364929371e+02,4.774865201143219906e+02,2.287309396805704580e+02,6.860201323360812466e+02,1.491624149657008402e+00,8.464840869264397938e+00,-9.385501919948636695e-01,3.578033725372494018e+02,2.676551303534477029e+02,2.110310818315544168e+02,2.872013579820942368e+02,3.189441592683092708e+01,-4.249288025990307460e+01,5.007301804373097411e+02,1.889314125372228048e+01,1.926867125466635855e+02
1.096893138907270639e+02,1.656620564489131766e+02,1.706268756273296731e+03,-3.190345512089030322e+01,9.727193405267362891e+01,1.385441336262576897e+03,1.637633535993493865e+02,4.165171808123118353e+02,1.489917187502721845e+03,-8.580937134518923415e+01,4.789636389768591584e+01,1.050368953136878190e+03,2.490094253120456926e+02,6.607841000199080099e+02,1.334760710315618553e+03,1.515661778304458664e+02,5.853237915037508543e+01,1.155968321285263301e+03,4.052043579533274169e+02,4.938391128557641423e+02,1.293267524341240005e+03,-4.202733867433205717e+01,3.588857668482206122e+02,8.695431107497013272e+02,1.757360752870736178e+02,5.745819392900503999e+02,9.188035022851036047e+02,1.572790945347584000e+02,1.102554080905411809e+02,4.619377091191534532e+02,4.686246833915993761e+02,2.423653018668153720e+02,6.635621555627876660e+02,2.537794086895940104e+00,9.952530914587409683e+00,-1.382422322592574027e+00,3.679875112076587129e+02,2.797473865859881812e+02,1.835047032348126095e+02,2.878718129609488869e+02,3.095194136903605298e+01,-4.280239561212928123e+01,5.106073741126800201e+02,3.062997180731671065e+01,1.812160605653466519e+02
1.105286488022250353e+02,1.720965141298183312e+02,1.697787453844510537e+03,-3.323595616542160514e+01,1.063066606874811129e+02,1.376159516778762054e+03,1.632433749989367300e+02,4.197907434892820788e+02,1.485795617768525972e+03,-1.005565578282325276e+02,6.675984403267231926e+01,1.041218606629877968e+03,2.452906315053956234e+02,6.743687569950308216e+02,1.345338499883928080e+03,1.360071822672645396e+02,6.296310887057229877e+01,1.132298220201485947e+03,4.058253565413765500e+02,5.205274490339432987e+02,1.293074945789744334e+03,-4.209111055665058387e+01,3.721559166877949565e+02,8.632691578277074314e+02,1.795882132661690207e+02,5.845748568632179740e+02,9.128517856556645711e+02,1.599276511666337797e+02,1.150180048775836212e+02,4.596904350631445482e+02,4.600201751458964736e+02,2.577486632742559323e+02,6.411689255483921670e+02,3.739500730447025134e+00,1.183630438449701749e+01,-1.640030994164408451e+00,3.771230201518973217e+02,2.967633856553145506e+02,1.569899369931081878e+02,2.884840538390494089e+02,3.019929466522958705e+01,-4.318134853702636633e+01,5.198879659706780103e+02,4.732254328910425301e+01,1.690626459683450662e+02
1.113642659972028497e+02,1.795595501277075243e+02,1.688811938477270360e+03,-3.453428106888996751e+01,1.160214313985625836e+02,1.366353802367282924e+03,1.625726393488025678e+02,4.237004021127298188e+02,1.481242240134893109e+03,-1.144864384961811368e+02,8.549373401219668267e+01,1.032603696195798420e+03,2.418931022690475743e+02,6.870317865896422518e+02,1.355677307008531898e+03,1.199008282932989289e+02,6.744433016897264110e+01,1.106730206036003437e+03,4.064746580952779027e+02,5.472366008673417355e+02,1.292979286280958831e+03,-4.205648821174545304e+01,3.856419318223144046e+02,8.562457109604293919e+02,1.836076490256821216e+02,5.950502083719676421e+02,9.063442369152346600e+02,1.630095847588426352e+02,1.195249753459770119e+02,4.573004063523976583e+02,4.520178257622534375e+02,2.751204671528058725e+02,6.186960287832832819e+02,4.968741607846033581e+00,1.381807521781569470e+01,-1.791054998069428583e+00,3.849055586355921150e+02,3.191661090043654667e+02,1.312820938987432271e+02,2.889970473803022060e+02,2.936595721045816632e+01,-4.373295585149877951e+01,5.284471855032265921e+02,6.987647588004412569e+01,1.555589761868449159e+02
1.122966400538416565e+02,1.875197753290453875e+02,1.679164831891714357e+03,-3.572211679857818467e+01,1.258515626206372815e+02,1.355888522222790243e+03,1.617244336221509116e+02,4.280781641808068798e+02,1.475966498996943983e+03,-1.272970224644593458e+02,1.030172546428401006e+02,1.024391276704733400e+03,2.389545541887881370e+02,6.991573316033009178e+02,1.365356794599225168e+03,1.033911928482886680e+02,7.134543224484622215e+01,1.078957226240106365e+03,4.074507608653768216e+02,5.742249058943945101e+02,1.292712000838532276e+03,-4.189108386741384038e+01,3.987758911926495671e+02,8.482154205299274281e+02,1.877014611679681195e+02,6.056964890664366976e+02,8.990764748884676010e+02,1.665215228014010904e+02,1.236774962826001172e+02,4.547104408406202651e+02,4.449232557839190463e+02,2.945011446721944139e+02,5.960591068830626682e+02,6.053457011578077029e+00,1.558916636771528452e+01,-1.870307836403215518e+00,3.910978292872672455e+02,3.470436088216869734e+02,1.062965577693124430e+02,2.893699584721703104e+02,2.806364989960067646e+01,-4.446104399203848345e+01,5.360747915216244337e+02,9.884135203367085865e+01,1.403272976879388807e+02
1.133349784362790587e+02,1.955374688758971331e+02,1.668768851472549841e+03,-3.678606839129462003e+01,1.353565328465543303e+02,1.344695377184837298e+03,1.607285645419152331e+02,4.328072010616378975e+02,1.469715970505651512e+03,-1.387040814276724063e+02,1.189500480819872053e+02,1.016322590119842744e+03,2.366144577277835879e+02,7.110310120999351966e+02,1.373978488939936369e+03,8.640657734431810866e+01,7.463778741454079579e+01,1.049088246313339141e+03,4.089608777953614549e+02,6.019115846104084540e+02,1.292113400519660900e+03,-4.156941313403427785e+01,4.112393937226560183e+02,8.390154421986404714e+02,1.918080844029909429e+02,6.162781135704987037e+02,8.909023009421944153e+02,1.704028248643657832e+02,1.275472083020252825e+02,4.519242827403164711e+02,4.389906005290049507e+02,3.157687987453749088e+02,5.731916901409641696e+02,6.863116222133254674e+00,1.694790240343791154e+01,-1.855044719019741883e+00,3.955946209354177654e+02,3.802561267284787618e+02,8.213456726771984506e+01,2.895696942415522130e+02,2.591981910550455837e+01,-4.528496022776389651e+01,5.425124963494504300e+02,1.343577133613048602e+02,1.233446789289507421e+02
1.143871037944087448e+02,2.034523576757211458e+02,1.657628853811025692e+03,-3.775426531822598974e+01,1.444346630041811466e+02,1.332778501306257112e+03,1.596705912164665335e+02,4.378999454474006825e+02,1.462324183806397969e+03,-1.485407925652095571e+02,1.338139659527707011e+02,1.008086920878229989e+03,2.349630854736313665e+02,7.227529113607718045e+02,1.381339308576380290e+03,6.871859630339044145e+01,7.797101199142620942e+01,1.017625706977821437e+03,4.110412112529622846e+02,6.306064723016497737e+02,1.291260089450368469e+03,-4.107199401077149048e+01,4.230440489708930727e+02,8.286097682079039259e+02,1.959242353522282940e+02,6.267515726392301758e+02,8.817517211517052829e+02,1.745646992298106852e+02,1.312671849817490681e+02,4.489811129258923756e+02,4.344102435316514743e+02,3.387842008475798821e+02,5.499989600419891076e+02,7.384735571136935128e+00,1.784744344168982622e+01,-1.706599595110153800e+00,3.984208170081023468e+02,4.185418192779719107e+02,5.907872438352286082e+01,2.895847529952526429e+02,2.272238539458730244e+01,-4.610162790289700041e+01,5.475096586748589971e+02,1.761969111513592452e+02,1.049110757252096420e+02
1.153024999442003349e+02,2.114166699935903750e+02,1.645800383461903266e+03,-3.867593519363435917e+01,1.533859760329899586e+02,1.320201442001052328e+03,1.586700216500883016e+02,4.435030287664686739e+02,1.453750136696890195e+03,-1.568485887933525191e+02,1.487444973040005607e+02,9.994272264602277573e+02,2.339790571176669403e+02,7.342912976261158065e+02,1.387535578149160983e+03,5.003466222366323990e+01,8.243874804108710919e+01,9.853131182669412738e+02,4.135409147371349832e+02,6.603523600840737799e+02,1.290512228696803049e+03,-4.037856425089135115e+01,4.344472874418964921e+02,8.170820916258943498e+02,2.001020144511416277e+02,6.372825514501381576e+02,8.716183103370851768e+02,1.789317759231402647e+02,1.349096565940704693e+02,4.459189080156819500e+02,4.312987111621954455e+02,3.634804191639012174e+02,5.263785593527893525e+02,7.734221179700442761e+00,1.837505934028383692e+01,-1.427786333871832847e+00,3.996453024253895023e+02,4.615602889022910631e+02,3.756087780487543171e+01,2.894345430845655187e+02,1.852512592654234069e+01,-4.685387356582418050e+01,5.508777897723265369e+02,2.238927502942054844e+02,8.553928143930878036e+01
1.159494277811712095e+02,2.197620351226175046e+02,1.633367301254917038e+03,-3.960562714270126605e+01,1.627704192863059518e+02,1.307052623310474473e+03,1.578502322439578336e+02,4.498190339170851644e+02,1.444090501224531181e+03,-1.639105493855351199e+02,1.648593143275218722e+02,9.902279887710133153e+02,2.335100422622581675e+02,7.456000522518339722e+02,1.392914825078908734e+03,3.008375754323533968e+01,8.908520420448681421e+01,9.529215998854667760e+02,4.161871772900960309e+02,6.909547250693595970e+02,1.290420699071419904e+03,-3.946635457955990489e+01,4.457769759666354048e+02,8.046057835395312168e+02,2.044066257023482081e+02,6.481719342539962554e+02,8.605456743803757718e+02,1.834682168859797855e+02,1.384381884463394385e+02,4.427656359945473241e+02,4.297006671449451574e+02,3.898702782462299865e+02,5.023239636452746026e+02,8.081586744956876345e+00,1.869108808133865196e+01,-1.084644932168211895e+00,3.992541390526752707e+02,5.089091187149089706e+02,1.812466512964052612e+01,2.891610548525295599e+02,1.366101369310779212e+01,-4.756185483704882699e+01,5.525361572828074941e+02,2.769108480466397850e+02,6.580828502982269868e+01
1.162876218243227271e+02,2.287893215872757082e+02,1.620430894442771432e+03,-4.058133639406748472e+01,1.731192725370649441e+02,1.293399902329458428e+03,1.573122777903522262e+02,4.569926693582482926e+02,1.433548197915939681e+03,-1.701829798343393918e+02,1.826450194760270165e+02,9.805434664858804581e+02,2.333345351007345982e+02,7.566902417257077786e+02,1.397875548887613604e+03,8.690702616860111362e+00,9.836535921198024823e+01,9.210684221613297495e+02,4.186980155550837708e+02,7.221264808893731697e+02,1.291506029030480022e+03,-3.832011321258578107e+01,4.572717046977433029e+02,7.914135277361688168e+02,2.088452008676144089e+02,6.597414361944493066e+02,8.486337826374067390e+02,1.881727477218964850e+02,1.417622509108681470e+02,4.395677311540765118e+02,4.296070387640413628e+02,4.179997329830805484e+02,4.780573034056778283e+02,8.530802470089501099e+00,1.896197271059585177e+01,-7.705292761907295285e-01,3.970729324409226706e+02,5.601574002377267334e+02,1.366955048782827475e+00,2.888036895190218729e+02,8.641272827078918084e+00,-4.830143281126042609e+01,5.525494939697061909e+02,3.347802845731247317e+02,4.623178323445551285e+01
1.163962310565663358e+02,2.386156051595630174e+02,1.607103218825671547e+03,-4.159489735523968790e+01,1.846515623455285038e+02,1.279261812712290293e+03,1.571172683980539091e+02,4.650412200646661063e+02,1.422365214808832661e+03,-1.761283567400145103e+02,2.017051463990728166e+02,9.705514638080040868e+02,2.332862240417225621e+02,7.676101252644992883e+02,1.402613446639818221e+03,-1.415218399409212857e+01,1.098476226904090112e+02,8.901408625695224828e+02,4.208768211257273038e+02,7.535955650400901504e+02,1.294006336131522175e+03,-3.695007509081371921e+01,4.690144194917905338e+02,7.777731274485068980e+02,2.132971590622952931e+02,6.722376139048895993e+02,8.360526130400339753e+02,1.930514142836284179e+02,1.448535075649942598e+02,4.364229393677901498e+02,4.309792652758802660e+02,4.479116346324693154e+02,4.541025544826150622e+02,9.037175587873168325e+00,1.931356592022642005e+01,-5.394542003495891302e-01,3.928155134395727828e+02,6.148998407219288538e+02,-1.217167860402225976e+01,2.883746568768472116e+02,3.975207440113320612e+00,-4.915027831910295930e+01,5.511525823141848832e+02,3.971332032032270831e+02,2.718129029015951659e+01
1.164364479173586204e+02,2.491605800236570474e+02,1.593499068747142701e+03,-4.257463224031828730e+01,1.971535803605692934e+02,1.264620080267751973e+03,1.572756378623537614e+02,4.738758133331340900e+02,1.410750407138480114e+03,-1.820241149197468076e+02,2.209809363785021219e+02,9.604516966447336017e+02,2.333656836239773611e+02,7.783819257455911611e+02,1.406957187222062885e+03,-3.822735871916589900e+01,1.223521153518605473e+02,8.603401056344785047e+02,4.226365842922771208e+02,7.850805206684327686e+02,1.297727139049760353e+03,-3.540441688591755565e+01,4.809627390294241422e+02,7.639558645320678352e+02,2.174852709408814064e+02,6.857805699491378846e+02,8.230272504660466666e+02,1.980918090284573339e+02,1.478447378481692454e+02,4.334694492239882493e+02,4.337611140196945598e+02,4.796435827367014895e+02,4.312294060428852163e+02,9.427045573449177596e+00,1.981499413705329005e+01,-3.644282294361846364e-01,3.862520843351871349e+02,6.727809352675626542e+02,-2.216819403422404022e+01,2.878553447142970754e+02,-5.526736375571605908e-03,-5.014241303483205314e+01,5.487362829368837538e+02,4.636385987166656264e+02,8.875496020304211697e+00
1.165634236887282356e+02,2.602479527160957105e+02,1.579724193467075338e+03,-4.340532034451572940e+01,2.100910369045187736e+02,1.249469768134272044e+03,1.577419472626894787e+02,4.833859709953220545e+02,1.398833771706428251e+03,-1.878609301111437730e+02,2.392801193110939550e+02,9.503547969182227462e+02,2.337574682072830967e+02,7.889829198683876257e+02,1.410392447725019792e+03,-6.308571618260265979e+01,1.344800901567622304e+02,8.317921549437850217e+02,4.239528785231789811e+02,8.161868592414531349e+02,1.302076006327099094e+03,-3.376213527779536605e+01,4.930132721205677058e+02,7.501841117649190664e+02,2.210141461749310849e+02,7.003436410524114990e+02,8.097733555462363029e+02,2.032568634243028782e+02,1.510439062787054638e+02,4.308136281703298778e+02,4.378631404981554169e+02,5.132213079794858004e+02,4.102616538208821453e+02,9.513129938586130763e+00,2.048623597492060000e+01,-1.595953803779539548e-01,3.773903165441564624e+02,7.334328415324727075e+02,-2.868075273913375511e+01,2.872205705548204264e+02,-3.232993867012212696e+00,-5.126067865135278367e+01,5.457620149523265809e+02,5.338638690235767399e+02,-8.579542498363242231e+00
1.168335951516245785e+02,2.717279110605921915e+02,1.565858233988333950e+03,-4.398616837475119468e+01,2.229008211469663081e+02,1.233871690977466415e+03,1.584188778436949008e+02,4.935153358753840394e+02,1.386659551557712348e+03,-1.934088141624856974e+02,2.558106786048450658e+02,9.402160051513326380e+02,2.347306340944311387e+02,7.994136294174347768e+02,1.412266878131842532e+03,-8.812467341028629164e+01,1.452557645518007803e+02,8.046395396123131150e+02,4.247951031810146674e+02,8.463792655804833203e+02,1.306256327872921020e+03,-3.210182052182793200e+01,5.050325882097824888e+02,7.365700029341245454e+02,2.234709235284033184e+02,7.157447664921427304e+02,7.964061098996206738e+02,2.084997736650055913e+02,1.548519802671414709e+02,4.284314725783441418e+02,4.431170835835363278e+02,5.486121300988938856e+02,3.918178700224594877e+02,9.226333336924399831e+00,2.131450403791231096e+01,1.463839468570506952e-01,3.665342607763571436e+02,7.963388589969249551e+02,-3.223642104282696152e+01,2.864782303686445175e+02,-5.864399711307235030e+00,-5.246430703840889009e+01,5.426033526199240669e+02,6.071453948928534601e+02,-2.512754414928548030e+01
1.171585162235100483e+02,2.835449697448174788e+02,1.551934414218675556e+03,-4.429397536758077791e+01,2.353237405152835322e+02,1.217966734042317739e+03,1.591763129049909935e+02,5.042794032368673243e+02,1.374209558424822262e+03,-1.984313077003828312e+02,2.704765265767514961e+02,9.298542763334520487e+02,2.364867096767029579e+02,8.098101390701582432e+02,1.412068487820439259e+03,-1.127373216297005172e+02,1.545331838759570928e+02,7.790576561050937698e+02,4.250976205895714202e+02,8.751358741481878951e+02,1.309502457741465378e+03,-3.045464804529619229e+01,5.168445884433317588e+02,7.230839615274650214e+02,2.245484583347881085e+02,7.316600696022343300e+02,7.828805558360198802e+02,2.137905611481242261e+02,1.596389813139289799e+02,4.261085732068994503e+02,4.492139152411367036e+02,5.856756946692489691e+02,3.760996970695645132e+02,8.668296335115028839e+00,2.227062948797115638e+01,5.420262760965830484e-01,3.541631532112061791e+02,8.607193944459074828e+02,-3.377879427701807913e+01,2.856994837398332834e+02,-8.151529681753844514e+00,-5.372239913471261730e+01,5.393716262108589490e+02,6.825659344686267787e+02,-4.069812917972907940e+01
1.173276336892650988e+02,2.957460674984723141e+02,1.537926436331792047e+03,-4.440952804724069125e+01,2.476228194916621135e+02,1.201941681256038692e+03,1.598854486682494951e+02,5.157350343625923870e+02,1.361439093676230186e+03,-2.029293842711903721e+02,2.838643009134717090e+02,9.190681754888886417e+02,2.390611877630365996e+02,8.205036292493657584e+02,1.409634694639462850e+03,-1.364595688167612479e+02,1.629702932370330757e+02,7.552135020505336342e+02,4.247972626927595456e+02,9.022200130945499268e+02,1.311229398416104232e+03,-2.876000655721042776e+01,5.282250002794040711e+02,7.095906446379696035e+02,2.241355829300962625e+02,7.476912973935890250e+02,7.690136856298845487e+02,2.191428295099881041e+02,1.656582194966585462e+02,4.234641687995920165e+02,4.556573204755186453e+02,6.241975088945921470e+02,3.628361392164083554e+02,8.044480081432180185e+00,2.332535888251550205e+01,9.247264457301910268e-01,3.406998934894362492e+02,9.255468365860715494e+02,-3.446238407163443895e+01,2.850158831964411092e+02,-1.029471263646036938e+01,-5.502538341180652282e+01,5.358182745633703234e+02,7.590848340274915245e+02,-5.514872249003879290e+01
1.170809367537612076e+02,3.084744766494007990e+02,1.523758644983972090e+03,-4.449138730492973792e+01,2.605781862087907825e+02,1.185976857760026633e+03,1.604568623131463028e+02,5.279500298467244193e+02,1.348311639679982136e+03,-2.072673486524979580e+02,2.969977223985584374e+02,9.078186398605328122e+02,2.423421466114198211e+02,8.319562263317241104e+02,1.405194789916280570e+03,-1.590235549395956411e+02,1.716354962414560248e+02,7.332408274381305091e+02,4.239075226521594573e+02,9.278620968869054195e+02,1.311048935998412389e+03,-2.684712498999063968e+01,5.389578741796924533e+02,6.959508413777436999e+02,2.223326748669013284e+02,7.634943936944101779e+02,7.545899462267946092e+02,2.246285369405979679e+02,1.730393579084804117e+02,4.200522851937762994e+02,4.617740725717505939e+02,6.640359701652707827e+02,3.514238154794708748e+02,7.525534453753761177e+00,2.446135636416047987e+01,1.161867768643042087e+00,3.263205393157622893e+02,9.897054556580158078e+02,-3.534729640819018925e+01,2.845751978689380621e+02,-1.235902746595489177e+01,-5.637156259380325452e+01,5.313820246037397510e+02,8.357639136960317501e+02,-6.821708147361326269e+01
1.161896462796424885e+02,3.219891345010001942e+02,1.509350121831701927e+03,-4.471963776828453518e+01,2.752418332268213135e+02,1.170222253998959332e+03,1.608645040551565160e+02,5.410159902856772760e+02,1.334828119961048742e+03,-2.120990753238895934e+02,3.109893709410418410e+02,8.964014527278825426e+02,2.461707329044998573e+02,8.445973970733548413e+02,1.399242045194284856e+03,-1.802799190679534433e+02,1.815101609778779732e+02,7.132925847662677370e+02,4.225633362246588263e+02,9.526712517326235456e+02,1.308707014209492854e+03,-2.446081750889735673e+01,5.489532134939418029e+02,6.821351363424545298e+02,2.193872117696064379e+02,7.789234314369304002e+02,7.394953825944460277e+02,2.303668533488184096e+02,1.818322953966213618e+02,4.154867620933539456e+02,4.668075361577888884e+02,7.052951092544406038e+02,3.412036289067906978e+02,7.140021851825752108e+00,2.566703423173564147e+01,1.178686271158925658e+00,3.109329063736788044e+02,1.052199177570684924e+03,-3.710299155348298683e+01,2.844728631518263455e+02,-1.429185695898156006e+01,-5.774919972255964495e+01,5.253727607203795742e+02,9.119563876703135747e+02,-7.950594280468007469e+01
1.145105395605854284e+02,3.367046176993168274e+02,1.494686660231659289e+03,-4.524949819317563282e+01,2.925484052706764828e+02,1.154824833616431988e+03,1.611404776240400452e+02,5.551129068639862680e+02,1.321052868126479325e+03,-2.181312033594583397e+02,3.267113881700576030e+02,8.855005637188310175e+02,2.504148919695619213e+02,8.586763918647876608e+02,1.392314289362620912e+03,-2.000440529425972898e+02,1.931684696151114338e+02,6.956528751594862570e+02,4.209804374715989184e+02,9.772909298731805166e+02,1.304037773110449507e+03,-2.132894584947759853e+01,5.583636743365700568e+02,6.682729344907054383e+02,2.155828641940925365e+02,7.941150737730256424e+02,7.238017168159589119e+02,2.364803196937764369e+02,1.920435402481521407e+02,4.095284589818497807e+02,4.700754096957496699e+02,7.483738168199546408e+02,3.317406745201413969e+02,6.783572898129936135e+00,2.690798449969037520e+01,1.012842514037791908e+00,2.943415475867958548e+02,1.112273573065123173e+03,-3.984402483255343697e+01,2.846981920463337019e+02,-1.601857206557862767e+01,-5.913491745421486456e+01,5.172028445278972413e+02,9.873461176589049728e+02,-8.853387349256470884e+01
1.120019188491476996e+02,3.532062334334132174e+02,1.479892580129516318e+03,-4.619889688534568251e+01,3.129636488659882048e+02,1.139981691810135317e+03,1.613368114635620998e+02,5.705917265494498452e+02,1.307135102281041327e+03,-2.258484651015953091e+02,3.445898921609081071e+02,8.760340219682046836e+02,2.549298086296650467e+02,8.742476703859705367e+02,1.384789707914758765e+03,-2.179736700673658447e+02,2.067666772867312091e+02,6.808098119102462533e+02,4.193269787195460481e+02,1.002018871937052040e+03,1.296976028723943500e+03,-1.724174327985134880e+01,5.676259383611479734e+02,6.545973230488397121e+02,2.111343257010715035e+02,8.094647476712067373e+02,7.077498318818370535e+02,2.430334161814911909e+02,2.036413271819048703e+02,4.021051561805068673e+02,4.711194565572650390e+02,7.938094058815449898e+02,3.229708453178914738e+02,6.348975778961910343e+00,2.810291957488604098e+01,8.045311208922395485e-01,2.764950619650311410e+02,1.169383741677369926e+03,-4.317805446791341240e+01,2.851341146894047824e+02,-1.754021336542076526e+01,-6.050904675827557355e+01,5.065420149599588058e+02,1.061825147049172529e+03,-9.486747257593492577e+01
1.087065215124135591e+02,3.721896582758429872e+02,1.465260175437451380e+03,-4.766347867218492951e+01,3.363512090912486201e+02,1.125962109669381334e+03,1.614647258041913744e+02,5.880123737627761784e+02,1.293315743080434004e+03,-2.353333045974001152e+02,3.645993477368305662e+02,8.688015397404719806e+02,2.594242813693152243e+02,8.913042232331331434e+02,1.376777122693617912e+03,-2.335532825488598121e+02,2.222671496048625102e+02,6.693900339932039287e+02,4.175701720006017581e+02,1.026654832239994448e+03,1.287582688761986674e+03,-1.210036388844942934e+01,5.773945543908548643e+02,6.413233931407568207e+02,2.061294574409228915e+02,8.255080731535499581e+02,6.916470249907800962e+02,2.499906131248512224e+02,2.165605126455894549e+02,3.932819544951206581e+02,4.697555587301301330e+02,8.419802607437395636e+02,3.151478739446653208e+02,5.891852734896800392e+00,2.914867167833617856e+01,7.400336481893929896e-01,2.576653681153111393e+02,1.223047026084194613e+03,-4.646018881456939198e+01,2.856183447403014952e+02,-1.895353778549577228e+01,-6.186904445831424226e+01,4.933138684548538890e+02,1.135295659871640510e+03,-9.829992656385050509e+01
1.047127824126146294e+02,3.943137652895887300e+02,1.451205648590366081e+03,-4.973520584422671931e+01,3.621322900547377799e+02,1.113060598106952739e+03,1.614330383063158365e+02,6.080814656269060379e+02,1.279907258325512885e+03,-2.462509775610763256e+02,3.864600217730007330e+02,8.640846111548291901e+02,2.633488323572867671e+02,9.099554556493563950e+02,1.368128226170904327e+03,-2.461791258994057898e+02,2.396922335222228355e+02,6.619572917280568163e+02,4.153936258193355684e+02,1.050682632489788148e+03,1.276012312966314312e+03,-5.908071274951598895e+00,5.883948681548970399e+02,6.285554244817133167e+02,2.005319757589235223e+02,8.427732880575255194e+02,6.757503840086308173e+02,2.572287854614741036e+02,2.307500966872801769e+02,3.832253909220413561e+02,4.659791084359724209e+02,8.928420498021318963e+02,3.086315223471573859e+02,5.711838467705406153e+00,3.001261578182209888e+01,9.951606323466761772e-01,2.384683854959014013e+02,1.272691561669278826e+03,-4.915460387691378230e+01,2.860318426158346483e+02,-2.036978477265412835e+01,-6.322185595644865685e+01,4.775572801275716870e+02,1.207507305689433451e+03,-9.899407527801190554e+01
1.001074105913537835e+02,4.200195959515724553e+02,1.438158212536924111e+03,-5.250624292414200767e+01,3.896559376808208413e+02,1.101502668220647365e+03,1.610109635528663716e+02,6.314849577632326145e+02,1.267243452206707843e+03,-2.579889006227653567e+02,4.099378111993044627e+02,8.614369736978128458e+02,2.659202354892366884e+02,9.305163392067998984e+02,1.358551807771765198e+03,-2.552748073013248415e+02,2.592262785687904056e+02,6.587981445995652621e+02,4.122551227712718287e+02,1.073661632645289274e+03,1.262416287314019883e+03,1.287436143988181403e+00,6.012543995584430832e+02,6.163042879276257509e+02,1.942321944835137515e+02,8.616760702103626954e+02,6.602156849030593548e+02,2.646074768520524003e+02,2.462608135071255901e+02,3.721886496294640096e+02,4.597776388127844029e+02,9.458612760775939705e+02,3.036410730778748075e+02,6.281606431122043865e+00,3.085557551409841182e+01,1.713516009875110102e+00,2.197473839574270755e+02,1.317613060219804993e+03,-5.114964389022888724e+01,2.863600858762500820e+02,-2.178474074764108792e+01,-6.455572478142420323e+01,4.592782610065332278e+02,1.277993246713794633e+03,-9.750929071923006575e+01
9.493486545529923148e+01,4.494121159660183480e+02,1.426427785058657037e+03,-5.605415696822463190e+01,4.185835302185319620e+02,1.091370689152813384e+03,1.598353477705238106e+02,6.586804330390639279e+02,1.255607376219070602e+03,-2.698718944254017629e+02,4.350777921582586600e+02,8.598362847721205071e+02,2.662967287036251491e+02,9.534497685839004362e+02,1.347772854146182226e+03,-2.603660037866254129e+02,2.811257617154668651e+02,6.598423351766291489e+02,4.075774594890293088e+02,1.095569590755230593e+03,1.246853952681695773e+03,9.464436022590575703e+00,6.163638884763180386e+02,6.046134829805852178e+02,1.871210311794908705e+02,8.824852804428209083e+02,6.451377627103888699e+02,2.720623226008171400e+02,2.633108331207665174e+02,3.605047408320967861e+02,4.509818234733709232e+02,1.000187035011158173e+03,3.001063465576652902e+02,8.062585544633952495e+00,3.210844495352833405e+01,3.019335551150673869e+00,2.024096117149747442e+02,1.357092233259215391e+03,-5.289056689195208349e+01,2.866899617993707921e+02,-2.299184481338743069e+01,-6.581460837278817166e+01,4.384338646875267500e+02,1.346103484482035128e+03,-9.469591999012786232e+01
8.917864611726079715e+01,4.822783836299619225e+02,1.416107681982666691e+03,-6.041277760953683185e+01,4.490833426665411139e+02,1.082603031246885394e+03,1.574684123535749336e+02,6.897507842721145153e+02,1.245150647694248391e+03,-2.813478593493201743e+02,4.622275046397722349e+02,8.581554683593388972e+02,2.638007488665924143e+02,9.792099167880243158e+02,1.335649226933517866e+03,-2.610974813147444706e+02,3.055359199727225246e+02,6.647720542863743276e+02,4.009800150327232586e+02,1.116890088866684664e+03,1.229280720957783615e+03,1.867358294220380444e+01,6.337898027003374182e+02,5.937011298176811351e+02,1.791603954632633133e+02,9.053312984479223360e+02,6.306329508372331247e+02,2.796687632245566419e+02,2.822519088755947223e+02,3.485491893903238179e+02,4.392785376026942004e+02,1.054952901778270643e+03,2.976785220069950810e+02,1.132607970531797115e+01,3.443389780197087191e+01,5.037768598998742853e+00,1.872898430604527107e+02,1.390633645397291730e+03,-5.527994288698911873e+01,2.871475245221373598e+02,-2.360489321430953069e+01,-6.690394185265934368e+01,4.150963853261597478e+02,1.411096187092788796e+03,-9.152714276266824811e+01
8.276795790957862664e+01,5.182283019200655190e+02,1.407049386398883598e+03,-6.553619908811923267e+01,4.817306067585407732e+02,1.075057584734224974e+03,1.534912051558365249e+02,7.243931871887823490e+02,1.235820588164510127e+03,-2.920662666044878506e+02,4.918211088506054125e+02,8.556921621543721130e+02,2.580464223826011221e+02,1.008090740583867046e+03,1.322152485180838539e+03,-2.572426469654091647e+02,3.323459971500830079e+02,6.732483688709606895e+02,3.924252275543435644e+02,1.138421729649262033e+03,1.209593152358370844e+03,2.904591318467147332e+01,6.532421727915431120e+02,5.839974550904369153e+02,1.704255827135624202e+02,9.302047638726260175e+02,6.168774168712841401e+02,2.876337269018495704e+02,3.034116802547425777e+02,3.366509177452409176e+02,4.244081542015067612e+02,1.109527654818760539e+03,2.958704714597007523e+02,1.609118803334773773e+01,3.856108821010999321e+01,7.894630347578657670e+00,1.750545170654080209e+02,1.418203839048887630e+03,-5.939715026238162210e+01,2.878215023685769438e+02,-2.318731841867604615e+01,-6.773787886682887915e+01,3.897083272626526878e+02,1.472239066425689771e+03,-8.897009951477730283e+01
7.559583436166583681e+01,5.568585438886860857e+02,1.398914196674804771e+03,-7.126779457190251321e+01,5.171636774800309695e+02,1.068576396084915132e+03,1.475989582247430292e+02,7.620435703724550649e+02,1.227318233269217444e+03,-3.018386644466392568e+02,5.240390392435697322e+02,8.524305762065687304e+02,2.489006746269911332e+02,1.040168563563390080e+03,1.307170987698245426e+03,-2.487715393781458602e+02,3.611497680228443983e+02,6.851174759914873675e+02,3.822004384878291603e+02,1.160964275089118473e+03,1.187637465741245705e+03,4.077184869009985135e+01,6.741085325675672948e+02,5.760190331432800122e+02,1.611036065560436157e+02,9.569217490080075095e+02,6.040501047272985033e+02,2.962050898117896054e+02,3.268814067956670897e+02,3.249785745798135395e+02,4.064390895352870530e+02,1.163581384181502926e+03,2.942454988606061193e+02,2.220864767343969248e+01,4.505736540797053635e+01,1.168793499456824314e+01,1.661266262725087586e+02,1.440322087587041324e+03,-6.614583051025043403e+01,2.887288327725738100e+02,-2.141908747294873550e+01,-6.830721336508007369e+01,3.632540638316434070e+02,1.528881461089466029e+03,-8.793908841078558680e+01
6.752837957068291530e+01,5.978319851153130458e+02,1.391276114154436982e+03,-7.732876366025082859e+01,5.556784442535771404e+02,1.062986568167779524e+03,1.396612638664952897e+02,8.020706918267152332e+02,1.219112891177039046e+03,-3.105289211284840576e+02,5.585397473663854271e+02,8.488595478945378545e+02,2.363322761488418564e+02,1.075364061357454148e+03,1.290201707689860541e+03,-2.359810216513189403e+02,3.913032042019211190e+02,7.004813398562494058e+02,3.707461498198811114e+02,1.185084455908335030e+03,1.163118107114788017e+03,5.406768709035235787e+01,6.955759183487342625e+02,5.701325631486747625e+02,1.514479437093698948e+02,9.850826896519496358e+02,5.922107126996498891e+02,3.055309455704523884e+02,3.523820233325524782e+02,3.134689532982855553e+02,3.859461445039897285e+02,1.216958611272464850e+03,2.925789688892058962e+02,2.952970745586065959e+01,5.415034908706834926e+01,1.644878859243775793e+01,1.606235695074581997e+02,1.457923282417361634e+03,-7.593797284436469397e+01,2.898509755598456650e+02,-1.821152853487366485e+01,-6.872637836924062071e+01,3.371970829183573528e+02,1.580481077810049328e+03,-8.927460751240417380e+01
5.839879263521188335e+01,6.408451335783269087e+02,1.383729592381646398e+03,-8.333422282739186926e+01,5.969771123018065282e+02,1.058023255781427906e+03,1.297262639358918364e+02,8.439562704255268955e+02,1.210522880119182901e+03,-3.179349424272380702e+02,5.944176923626588405e+02,8.454435319575712811e+02,2.202766447821863665e+02,1.113570750933374256e+03,1.270096174959601967e+03,-2.196046148868750265e+02,4.220541604468213563e+02,7.195980486904097688e+02,3.584107948746026295e+02,1.211059098356589629e+03,1.135449077439251596e+03,6.913662782282663954e+01,7.168457089865158878e+02,5.663450317999408981e+02,1.417091792909415915e+02,1.014076635719825617e+03,5.812060507961216445e+02,3.155371247542067863e+02,3.793142955619373993e+02,3.018587931570040155e+02,3.639614561183532260e+02,1.269457614519580602e+03,2.909441452853725423e+02,3.806034570098850622e+01,6.569827451126238316e+01,2.212368365878034382e+01,1.583250401144310615e+02,1.472042011090237338e+03,-8.849936021112257833e+01,2.912159064317762045e+02,-1.371266210729090140e+01,-6.922355171558309905e+01,3.131478535052518168e+02,1.626598666399998592e+03,-9.365148894013638881e+01
4.799932550050412061e+01,6.855592494659284739e+02,1.375952877930891191e+03,-8.883204693638171534e+01,6.402008650937162884e+02,1.053225509189046306e+03,1.179697099883223075e+02,8.874094918258966800e+02,1.200836072680096549e+03,-3.236989273260127788e+02,6.303941616040525560e+02,8.420679831560494222e+02,2.006081155364826145e+02,1.154742387250463253e+03,1.245033995529923914e+03,-2.007991111837156950e+02,4.527366218421932444e+02,7.426698955218435003e+02,3.452310621502368804e+02,1.238931061192772631e+03,1.103670686244635363e+03,8.612039625955019062e+01,7.373954226518930000e+02,5.642539971136884560e+02,1.320712397721360389e+02,1.043157593794795503e+03,5.706884998633602208e+02,3.258982712464966767e+02,4.069877624021845577e+02,2.898296488157678823e+02,3.416896824813200055e+02,1.320639769415503906e+03,2.896892880574288824e+02,4.802382443081189223e+01,7.932894656875176054e+01,2.860448346895780958e+01,1.586943497169631883e+02,1.483477289804763359e+03,-1.028636835221153660e+02,2.929548479364658533e+02,-8.203739014232498405e+00,-7.006766557102940851e+01,2.923760907544329939e+02,1.666888950216212834e+03,-1.013880440061299311e+02
3.608682766402115760e+01,7.316080687084428291e+02,1.367698896640887369e+03,-9.335158992185532156e+01,6.842191444704096739e+02,1.047891201654349516e+03,1.046014333568431312e+02,9.324115938364057001e+02,1.189410385850039120e+03,-3.272486888768293056e+02,6.650979839364566715e+02,8.378176958576455036e+02,1.772140797327342341e+02,1.198836478735402807e+03,1.212797364020650093e+03,-1.809796278746014764e+02,4.830081513804503857e+02,7.696360408912501043e+02,3.308296178369181462e+02,1.268530911823617544e+03,1.066548725858572197e+03,1.050390669070136624e+02,7.571915790511588966e+02,5.632009820781560165e+02,1.226185137263428828e+02,1.071569214651239918e+03,5.602522548153036723e+02,3.361376711906401056e+02,4.349064307883722336e+02,2.772105367082076555e+02,3.201076551525808327e+02,1.369745018623264741e+03,2.892870064319164385e+02,5.980983440419216635e+01,9.467463865960951352e+01,3.580783468734858843e+01,1.609642799953068959e+02,1.492613683294832981e+03,-1.175978858024770233e+02,2.952615976854128803e+02,-1.935074095660944238e+00,-7.146083324533445591e+01,2.753896764235819319e+02,1.701110188096615047e+03,-1.122526784837256457e+02
2.240442322541851183e+01,7.787218185598599121e+02,1.358725362415113523e+03,-9.644847962896015758e+01,7.280116411636280418e+02,1.041162302647480374e+03,8.974671657924557167e+01,9.792038006687505458e+02,1.175694086540732542e+03,-3.277478071737364189e+02,6.972522075928669665e+02,8.312760596443831673e+02,1.501046296048794488e+02,1.245579297306298258e+03,1.171275836509108103e+03,-1.615791304873037006e+02,5.130475934379230694e+02,8.000754574076099743e+02,3.145090493589433436e+02,1.299378796526062615e+03,1.022899036665137828e+03,1.257321365889049503e+02,7.767493820165383340e+02,5.625508455603904849e+02,1.133446258102406716e+02,1.098656716215955839e+03,5.496076278661739707e+02,3.458183352539683142e+02,4.629500817571188236e+02,2.641464587576971326e+02,2.996339564673164091e+02,1.415727123813295066e+03,2.900816767526251851e+02,7.383958312623686027e+01,1.115771085380688561e+02,4.377444473739176800e+01,1.642806275014160349e+02,1.499487245692678698e+03,-1.312303522867716765e+02,2.982360548975968300e+02,5.032285871160679491e+00,-7.344277722347150927e+01,2.618092334154212040e+02,1.729162619159218366e+03,-1.254246069482557289e+02
6.715914409483227487e+00,8.268708735561378944e+02,1.348712669364945441e+03,-9.773082042733093999e+01,7.709362885117265023e+02,1.032254414375402803e+03,7.333106218730199544e+01,1.028203335541944625e+03,1.159148812890559157e+03,-3.240253139482792903e+02,7.256784766920353604e+02,8.212616210644479224e+02,1.195071304368690477e+02,1.294111783149147413e+03,1.119029429207361773e+03,-1.438528878110360552e+02,5.435815757896920104e+02,8.332386493583287574e+02,2.955745885821933143e+02,1.330529139427990458e+03,9.720753196197161969e+02,1.478315189977459738e+02,7.969805467225140774e+02,5.619472733101819131e+02,1.041975687148768657e+02,1.123902586512554308e+03,5.386886781344060182e+02,3.547297215051938792e+02,4.913487127607425577e+02,2.511540855523435312e+02,2.800269295764150570e+02,1.457386183069825393e+03,2.920367986114705445e+02,9.040117355102384522e+01,1.301505724516800910e+02,5.273675799233338068e+01,1.678750887162829599e+02,1.504050888110456981e+03,-1.427367077446574513e+02,3.016731571646082557e+02,1.291875532092542223e+01,-7.584608978567283089e+01,2.506436193616663957e+02,1.751158921700749943e+03,-1.396858887010875492e+02
-1.114057727512155438e+01,8.762556563994472754e+02,1.337227717516308985e+03,-9.685286203252850612e+01,8.127527561302122194e+02,1.020771160552153447e+03,5.501285908533645852e+01,1.079799057995432577e+03,1.139124229479206178e+03,-3.144767736253257340e+02,7.491945638296068637e+02,8.077026059425221547e+02,8.594345244219758229e+01,1.342652478894443448e+03,1.055729650525211810e+03,-1.287997311165966892e+02,5.756498914162162919e+02,8.681199919625369148e+02,2.738065192028273032e+02,1.360529307417298241e+03,9.144563913003624975e+02,1.707982748408619216e+02,8.188542858333667027e+02,5.614133855778659381e+02,9.514386618656263295e+01,1.146857917229720670e+03,5.276424613560473063e+02,3.629732465180025542e+02,5.204599988274371754e+02,2.390376003274772643e+02,2.605682331094205324e+02,1.493565327039136037e+03,2.946324517329107380e+02,1.095095467270291749e+02,1.506621565210123492e+02,6.310436259949851490e+01,1.712133553430223003e+02,1.506492368084527016e+03,-1.518513697201190666e+02,3.049147583468961216e+02,2.221305685057809143e+01,-7.831527758578549481e+01,2.408549330267966866e+02,1.767519704040484157e+03,-1.537598443360523390e+02
-3.116748197303197188e+01,9.270468102850162495e+02,1.323768256688451402e+03,-9.347743265467914853e+01,8.534292890959955002e+02,1.006987349223413958e+03,3.421380583663464847e+01,1.134006105930939611e+03,1.114787499028911498e+03,-2.969882534282983784e+02,7.666059166917962102e+02,7.922888996372159909e+02,5.030798452356111028e+01,1.388354377556139525e+03,9.823740028267130810e+02,-1.171697727041668884e+02,6.101580700951535619e+02,9.034616858892327400e+02,2.498673307061575599e+02,1.387638540229392675e+03,8.517264991634488069e+02,1.940267656602546253e+02,8.429895901258718141e+02,5.612595915704010849e+02,8.622902378828858616e+01,1.167004610692734559e+03,5.167333957721767774e+02,3.709055508966054049e+02,5.504628099662933209e+02,2.286940481500006399e+02,2.404616165341097371e+02,1.523374552601747382e+03,2.970135258239665177e+02,1.308363485822392249e+02,1.732848256313563695e+02,7.534429630846091186e+01,1.740540104467667391e+02,1.507438851301221575e+03,-1.590172771918918215e+02,3.068798336668064053e+02,3.354657734244585043e+01,-8.037582083754077189e+01,2.319128301565019683e+02,1.779061228659621747e+03,-1.666101954574041883e+02
-5.309924832098468528e+01,9.789748152605958467e+02,1.307881773944496217e+03,-8.724044877425271238e+01,8.929067329315206507e+02,9.919714792252410689e+02,1.027926814873873873e+01,1.190060621161821246e+03,1.085218008030421515e+03,-2.690163771216775217e+02,7.770012550536704339e+02,7.786208573955782413e+02,1.393995086693699825e+01,1.427525868702263324e+03,9.012687930759894925e+02,-1.094461029974745117e+02,6.474132879321497285e+02,9.376993232743143381e+02,2.253793127245936034e+02,1.410304042421859322e+03,7.868003171532326405e+02,2.169736754021115530e+02,8.693567465711372506e+02,5.618634801709783915e+02,7.761476067688487035e+01,1.183646416127606926e+03,5.062446026562427051e+02,3.789732591332946186e+02,5.811265011937998679e+02,2.208673258997758353e+02,2.192777135491889169e+02,1.546396110616861506e+03,2.983447135532285870e+02,1.537460771173192029e+02,1.978501962591438144e+02,8.977875268328055824e+01,1.763883845114058602e+02,1.507941451948006261e+03,-1.649806508792824218e+02,3.063233766054850662e+02,4.748798476513010769e+01,-8.152645669912948279e+01,2.240201050586678377e+02,1.787007355059545034e+03,-1.775641690384563844e+02
-7.631777391698078361e+01,1.031032360110044010e+03,1.289314799422904798e+03,-7.777756631958003197e+01,9.310266570208160601e+02,9.774565974493492604e+02,-1.724152618344855270e+01,1.246140889596452325e+03,1.049712813913852415e+03,-2.279977486016627495e+02,7.804358786328033375e+02,7.717185643410365401e+02,-2.136185881956086874e+01,1.456300689770264853e+03,8.158246670649959924e+02,-1.056837987140640962e+02,6.868912819499171292e+02,9.690306645353364274e+02,2.025246447457260501e+02,1.427715746863324284e+03,7.233686435832404413e+02,2.392414128107241993e+02,8.972430935091915671e+02,5.634363310642811484e+02,6.958363522090610331e+01,1.195942285916985384e+03,4.964360984718750842e+02,3.875236651623178545e+02,6.117861298815029159e+02,2.159081671186936831e+02,1.972477923380805578e+02,1.562814401744715269e+03,2.981854956456696186e+02,1.774533323020868067e+02,2.237384344004300374e+02,1.063657489254634498e+02,1.783036895873051435e+02,1.509231643692019816e+03,-1.702673466351343734e+02,3.022704451842018329e+02,6.432875505632277680e+01,-8.133149885716228766e+01,2.178843320315635879e+02,1.792847991250872383e+03,-1.862682733271276732e+02
-9.986247167406762060e+01,1.081547150853853736e+03,1.268127503279236407e+03,-6.486332007633413355e+01,9.677196486569332592e+02,9.654503604715991969e+02,-4.826444890627211493e+01,1.299412714611169122e+03,1.008225227821042722e+03,-1.721759961175959575e+02,7.788574966960096617e+02,7.769200884423446496e+02,-5.345974628176583821e+01,1.471654938413731088e+03,7.301945415056213733e+02,-1.051711215302140658e+02,7.274024452969524646e+02,9.958378402206983537e+02,1.832640293527705637e+02,1.440168542649015080e+03,6.651607810618669419e+02,2.605665157087929629e+02,9.255185303692888965e+02,5.658727667203139617e+02,6.251122025260723802e+01,1.203133074380215930e+03,4.875559403695835385e+02,3.966804777330332854e+02,6.415605421079308144e+02,2.135859533627367739e+02,1.752706435106976812e+02,1.573412400217803452e+03,2.966726225520356479e+02,2.012673778086153504e+02,2.499819698907475072e+02,1.245496608457967795e+02,1.798632338708962948e+02,1.512336954914346506e+03,-1.748660669702576058e+02,2.944756753406564371e+02,8.394929384847399945e+01,-7.950101579776396932e+01,2.141891853264394570e+02,1.798022330488655598e+03,-1.925935932746407673e+02
-1.225808407213826854e+02,1.128686569574230134e+03,1.244719558772295159e+03,-4.865436994661340719e+01,1.003363517468912619e+03,9.576819132948317019e+02,-8.191071692261543546e+01,1.346476614484606671e+03,9.617473596061751095e+02,-1.017029351363606224e+02,7.768781305047988326e+02,7.983929087402766527e+02,-8.017937594941216162e+01,1.472437260673296350e+03,6.487643740487881132e+02,-1.060077656320635242e+02,7.676653510844065522e+02,1.017516285579129203e+03,1.685055409337735739e+02,1.449007986355709363e+03,6.151123083619340832e+02,2.807257578952390986e+02,9.530767391512575841e+02,5.687265489201012088e+02,5.681039747776799942e+01,1.204893692564744924e+03,4.798553535626562052e+02,4.063364850225279952e+02,6.697339861159153998e+02,2.129996385957807661e+02,1.546278633783258556e+02,1.579406974916251556e+03,2.944177351350032268e+02,2.248292102918227897e+02,2.755597452978047386e+02,1.432551691958646529e+02,1.810759110416844635e+02,1.517706730557399851e+03,-1.783059960036632106e+02,2.837229752726274228e+02,1.058371162459573185e+02,-7.595254290008197984e+01,2.130904562502920783e+02,1.803521411370000578e+03,-1.965941233291379717e+02
-1.433954600152376884e+02,1.171186307782511676e+03,1.219757427112700043e+03,-2.994464767835815167e+01,1.039083720743324193e+03,9.550767033873182754e+02,-1.164520676358052782e+02,1.384103952520383473e+03,9.124269043384391580e+02,-1.959888045848008531e+01,7.818576221465405069e+02,8.376898743189503875e+02,-9.974445686936685718e+01,1.459952256379590153e+03,5.755404691401793116e+02,-1.048246766130032341e+02,8.071424135938079871e+02,1.035432293873798244e+03,1.576390890084757643e+02,1.456123429512533676e+03,5.746991157139855204e+02,2.994333481424230854e+02,9.792261745789359111e+02,5.713078463912736424e+02,5.285654810377170065e+01,1.201637110550825355e+03,4.735675371743616324e+02,4.162571082582016402e+02,6.961347154027106399e+02,2.126440435072131265e+02,1.365438089336149403e+02,1.582163299418715951e+03,2.922059663543777788e+02,2.482185451522788355e+02,2.997681690346507821e+02,1.610478192668037423e+02,1.819481074299610270e+02,1.525010195821939760e+03,-1.800466862942662658e+02,2.718298559112922703e+02,1.292684975344560883e+02,-7.084532188182353707e+01,2.140233544866915167e+02,1.809605596529730292e+03,-1.985211225522098175e+02
-1.615903967760969806e+02,1.208933751354269361e+03,1.194040957712844147e+03,-1.028419638525996049e+01,1.076772483437845949e+03,9.574691897782503247e+02,-1.495379527618761415e+02,1.410009767707013452e+03,8.633015405693365665e+02,6.795918843408939836e+01,8.028872519467511211e+02,8.928873990657109516e+02,-1.111891242653689318e+02,1.437756041492020586e+03,5.135479209665734288e+02,-9.694875175964611458e+01,8.469042379803349831e+02,1.053444239478789768e+03,1.487124483753040352e+02,1.463209401058250478e+03,5.437050826178598300e+02,3.163178523136177205e+02,1.003828635328096198e+03,5.728703312841570323e+02,5.091072839781359249e+01,1.194579245742178273e+03,4.688541483733112614e+02,4.262364030242232502e+02,7.213293813284192311e+02,2.106718697661154920e+02,1.218001397106733492e+02,1.582899884063555646e+03,2.906860187428203517e+02,2.718548324141308967e+02,3.225145325806147980e+02,1.764140188553476492e+02,1.825442797289281600e+02,1.533216893580248097e+03,-1.798975618555261349e+02,2.613310832213229560e+02,1.535874895789943650e+02,-6.457597792605176323e+01,2.159078854166350538e+02,1.815820354759667225e+03,-1.988158635625051716e+02
-1.769941512138277346e+02,1.243098771381814458e+03,1.168361698689453760e+03,8.166780393052068376e+00,1.118740659756575496e+03,9.636656802469113927e+02,-1.786695607005275122e+02,1.423409720009322200e+03,8.176937339056319161e+02,1.523780440206414539e+02,8.486814648339881160e+02,9.587133557850779653e+02,-1.145664297857211977e+02,1.410671155432471323e+03,4.644010796218569794e+02,-7.727092127143684763e+01,8.902558379056855529e+02,1.077384163093708139e+03,1.392090739664413945e+02,1.471178926249789129e+03,5.205541013649474280e+02,3.310193110354131250e+02,1.027125808374375083e+03,5.728367223324870565e+02,5.106269853400838343e+01,1.185477526795547419e+03,4.657566077374127076e+02,4.362214679247279605e+02,7.465242654032058454e+02,2.053285492796777305e+02,1.105721640869407310e+02,1.582509676996355893e+03,2.902065754977601841e+02,2.962305599920620125e+02,3.444057409014083646e+02,1.880590305848189132e+02,1.829835455970691669e+02,1.540957625066044784e+03,-1.781925957212158380e+02,2.549315995747799661e+02,1.784633759051384629e+02,-5.773315260124285686e+01,2.176124842124307293e+02,1.821338344793587339e+03,-1.980177552770859108e+02
-1.899756156176678985e+02,1.275751191036885530e+03,1.143383669440147514e+03,2.307504962648818747e+01,1.167092738354883295e+03,9.717950718355169784e+02,-2.017727949717628064e+02,1.425230353013754666e+03,7.784569927464390275e+02,2.243568566313182941e+02,9.249395384120383596e+02,1.027694705243657381e+03,-1.108664925631545657e+02,1.383412683709752855e+03,4.281837754922289037e+02,-4.183591675776673213e+01,9.428349905165758855e+02,1.113210284550117194e+03,1.270634331883652663e+02,1.480029733046400224e+03,5.030714361651455988e+02,3.433585997586945382e+02,1.049378248620154409e+03,5.709891433614276366e+02,5.320661764773032587e+01,1.176137099208816380e+03,4.641837883163491369e+02,4.463349950376115771e+02,7.731974418923380199e+02,1.954478459703376814e+02,1.025161951350720813e+02,1.581550770244539081e+03,2.908248161951509587e+02,3.216272357173700698e+02,3.665904282709761901e+02,1.951191195301771870e+02,1.833655009862941938e+02,1.547027737007466385e+03,-1.756354763013946183e+02,2.548920560886367070e+02,2.040106001704747314e+02,-5.102483754041499964e+01,2.184096693180790112e+02,1.825447963064453688e+03,-1.966122756090400117e+02
-2.012490300822306608e+02,1.309171856085943318e+03,1.119553326693209328e+03,3.254794537188920600e+01,1.223034371637838149e+03,9.797525372932498158e+02,-2.176735994021002227e+02,1.417983589596714864e+03,7.473364639595006338e+02,2.760601924260292890e+02,1.032138275720102683e+03,1.091904970773750620e+03,-1.017166559171959079e+02,1.359404726847885513e+03,4.036824429788198927e+02,1.023759839401771643e+01,1.011902084346402830e+03,1.164154877751599543e+03,1.114213804456573342e+02,1.489172867229698113e+03,4.893024121766584926e+02,3.534633740355004079e+02,1.070555657667354581e+03,5.675484531868480644e+02,5.704426349705043719e+01,1.167923820902331954e+03,4.639393739355769526e+02,4.567774054679401274e+02,8.026214394355190507e+02,1.808370142492545938e+02,9.699578137309602255e+01,1.580350791380909641e+03,2.924007263062386528e+02,3.479856865032361384e+02,3.904226746239194767e+02,1.972402320225742756e+02,1.836917787118060801e+02,1.550808841043875191e+03,-1.729503040999304062e+02,2.625226898318693998e+02,2.307194403569497467e+02,-4.520040521446289716e+01,2.181903088328069202e+02,1.827908140350012445e+03,-1.949136193229524849e+02
-2.115611623027427868e+02,1.345185302141054990e+03,1.097048954401226410e+03,3.569955102819664461e+01,1.286345800963543297e+03,9.855499550337418668e+02,-2.263212417375134464e+02,1.405383238124042691e+03,7.246724404933964934e+02,3.030153858542255989e+02,1.164715561430747584e+03,1.144623868501241759e+03,-8.903576060283032234e+01,1.340248341537933129e+03,3.888836344116830901e+02,7.528393733772219321e+01,1.104689445165590541e+03,1.227879539634959201e+03,9.281575160161798976e+01,1.497956497844974820e+03,4.779912634820572066e+02,3.617478527320475337e+02,1.090279743702611540e+03,5.631140537468738785e+02,6.210267339240289886e+01,1.161523379053197232e+03,4.647759182968835034e+02,4.676570974668622966e+02,8.355017697019221714e+02,1.623984753958100384e+02,9.329146008458539541e+01,1.579111997204305680e+03,2.946723006482893652e+02,3.750012013339404007e+02,4.170986255070927200e+02,1.945527597442236356e+02,1.838643153169043103e+02,1.552421776300405099e+03,-1.705751885733507436e+02,2.779165837953993332e+02,2.592452397846622034e+02,-4.097941791422672964e+01,2.173633751712211790e+02,1.828987766874175350e+03,-1.930635878436155792e+02
-2.213810849986703886e+02,1.384760922082947218e+03,1.075800956222924015e+03,3.293070797408672234e+01,1.355193790165873907e+03,9.875187963289255322e+02,-2.287107731227681597e+02,1.391763743189746265e+03,7.095467308245182494e+02,3.050789217225678840e+02,1.312134685182986459e+03,1.181296167262735253e+03,-7.477791451750535145e+01,1.325953645934027008e+03,3.815434598041846357e+02,1.449229654580898909e+02,1.226027894110074385e+03,1.295043876147125729e+03,7.277525577522023070e+01,1.506046168121410119e+03,4.685492425042439777e+02,3.687391924163012504e+02,1.108044720962855536e+03,5.585129872369899431e+02,6.776577438785909635e+01,1.157031178611541918e+03,4.664666089030330340e+02,4.788419215330862926e+02,8.718948012268418779e+02,1.419322198559122512e+02,9.071542462180002531e+01,1.577943191762998822e+03,2.972712765663229106e+02,4.023547543940616720e+02,4.474170250561497824e+02,1.876105468219021475e+02,1.837805348170298032e+02,1.552571050308124541e+03,-1.685759929337208973e+02,2.999727197078104268e+02,2.901765946866447052e+02,-3.898143419386400410e+01,2.165517040845853387e+02,1.829228493285617787e+03,-1.911438927720680283e+02
-2.307181064745569188e+02,1.427931576209295599e+03,1.055613277256930132e+03,2.578569761548970618e+01,1.426341942975938764e+03,9.844424213936187016e+02,-2.265656518036713578e+02,1.381332674721969624e+03,7.002968220084248969e+02,2.861735264180505851e+02,1.461545362545881062e+03,1.199557659189511924e+03,-6.077344468344509920e+01,1.315666377553708799e+03,3.796275070431901781e+02,2.076643724951541969e+02,1.375908306615343236e+03,1.350432640404204221e+03,5.317752377712711365e+01,1.513459438440982012e+03,4.606669764632841293e+02,3.748509286105886531e+02,1.123545043424452160e+03,5.546479121057246857e+02,7.333860148182608896e+01,1.154255484805487413e+03,4.688860703937560288e+02,4.899185153095411920e+02,9.113893394240063799e+02,1.216920862825276544e+02,8.866465173828632373e+01,1.576834822813744267e+03,2.997182402542692898e+02,4.298911873484931334e+02,4.817129832741166524e+02,1.773362976389075527e+02,1.834609325642502142e+02,1.552192709141312207e+03,-1.667985745429317035e+02,3.266772443316365298e+02,3.238860681817661771e+02,-3.964550087469194750e+01,2.162863027634326727e+02,1.829129020059500363e+03,-1.893146178985062420e+02
-2.391464365021656988e+02,1.473918895321862237e+03,1.036366916384256456e+03,1.643280687556904240e+01,1.495706802862859377e+03,9.757117494760914269e+02,-2.219047249734936997e+02,1.377330700781487394e+03,6.951742101064272674e+02,2.529609687797507718e+02,1.601043936496868810e+03,1.198571364823330441e+03,-4.858270440068663021e+01,1.308415444732569540e+03,3.815181333277133717e+02,2.519854954451394065e+02,1.547925307562609078e+03,1.376783246574172608e+03,3.570444452277645553e+01,1.520280037156329627e+03,4.539226337267453459e+02,3.802387366623863727e+02,1.136872025268979769e+03,5.523990350534445497e+02,7.816078590862565534e+01,1.153008894968431377e+03,4.720740506276636665e+02,5.002917874944857886e+02,9.533575439769565492e+02,1.038609107946542736e+02,8.668433526731139693e+01,1.575652676849232421e+03,3.014664004750612776e+02,4.575951170593108941e+02,5.198793297875506596e+02,1.649612910121520599e+02,1.831078111737977281e+02,1.552079197110122550e+03,-1.651312483609364961e+02,3.555591830048957718e+02,3.604721557495529396e+02,-4.314073576221289841e+01,2.168529742681665198e+02,1.828941958888058934e+03,-1.878748430327119934e+02
-2.460201582633628732e+02,1.521337230981848052e+03,1.018213486197243924e+03,6.997110613436923643e+00,1.559142700533955576e+03,9.614974531339935311e+02,-2.166210129665748525e+02,1.381290790817712832e+03,6.928746722777882496e+02,2.129809083187995498e+02,1.722276362702895085e+03,1.178222630949029963e+03,-3.930224175632146455e+01,1.303497236061728699e+03,3.860250879349678144e+02,2.698076787334613869e+02,1.729464874705621696e+03,1.360102724547633898e+03,2.157302278965565634e+01,1.526274868227591696e+03,4.476776630383668589e+02,3.848133144128028675e+02,1.148456206747884153e+03,5.525636345007761747e+02,8.175371477055284686e+01,1.153218489476030527e+03,4.762425113716636247e+02,5.093865132952531098e+02,9.970581116376507680e+02,9.011812518240559200e+01,8.455477750079599275e+01,1.574213551615482629e+03,3.020271625662825272e+02,4.853745541596813950e+02,5.613462568492117271e+02,1.519225426692248959e+02,1.830370188927621200e+02,1.552629829575387248e+03,-1.636999084883669866e+02,3.842195448259438422e+02,3.997250497276921806e+02,-4.928772611772765799e+01,2.183090392880798447e+02,1.828661395405044686e+03,-1.872057828955640559e+02
-2.507623086926459735e+02,1.568442489927526367e+03,1.001632227461055322e+03,-9.550622981457927985e-01,1.613314591757148264e+03,9.428132386380875687e+02,-2.121647148336107591e+02,1.392682759068384939e+03,6.927502550681181219e+02,1.729013752533365107e+02,1.821483565624030462e+03,1.138696858291727494e+03,-3.336278911381724299e+01,1.300422951092059293e+03,3.923198072075376217e+02,2.589478843588045152e+02,1.903951741557744299e+03,1.294318402028516630e+03,1.148867194886932808e+01,1.530710443548721059e+03,4.413010863450631973e+02,3.883851303954377272e+02,1.158837406829749852e+03,5.557817005672993673e+02,8.394683652538603269e+01,1.154847155374652630e+03,4.817062555034240177e+02,5.168631997318403819e+02,1.041544319923158127e+03,8.140636621758130786e+01,8.233820435020764705e+01,1.572442105538531223e+03,3.011398943266735841e+02,5.128236201030694019e+02,6.049928869735744001e+02,1.397031552734970603e+02,1.835172121661214248e+02,1.553810837783214311e+03,-1.628802372711227804e+02,4.108306458722074126e+02,4.410715962953953522e+02,-5.752175953153967924e+01,2.205764090765399601e+02,1.828172978314309375e+03,-1.876453180423451670e+02
-2.530731001730121079e+02,1.613464206632713513e+03,9.872762523694998436e+02,-6.580022460729889389e+00,1.656479588325559007e+03,9.213222613521267021e+02,-2.093781002215317528e+02,1.409170953263716456e+03,6.946825961294018725e+02,1.373677829710788103e+02,1.898849236256300401e+03,1.080646556988019256e+03,-3.043317799972732018e+01,1.298659603655085675e+03,3.998962477923019492e+02,2.234827863628166540e+02,2.054608058172513665e+03,1.183230565533911658e+03,5.677889618456998022e+00,1.532552291506863639e+03,4.345114472359612705e+02,3.908493881979443927e+02,1.168468483427600631e+03,5.624266691098838464e+02,8.491981661497015921e+01,1.157756205738851804e+03,4.887628389595452632e+02,5.227522287323347427e+02,1.085539314507701874e+03,7.791277592550400755e+01,8.031608240230721663e+01,1.570533224315683810e+03,2.988995235305038705e+02,5.391704144391702584e+02,6.491140300059033734e+02,1.296427257697552875e+02,1.846220738679512579e+02,1.555315277424106171e+03,-1.631293225933378608e+02,4.345008279746344328e+02,4.835422559211251041e+02,-6.692943095689851418e+01,2.235043245205867777e+02,1.827469242236964647e+03,-1.893724676431517366e+02
-2.529586203175714161e+02,1.655009164469689495e+03,9.756590034982169755e+02,-9.589828398614070437e+00,1.688933554935837265e+03,8.988521334973419243e+02,-2.084891067499247868e+02,1.427471575228369829e+03,6.987608052852917808e+02,1.086244434866899837e+02,1.956741658293552518e+03,1.005754164285158936e+03,-2.953244460019168827e+01,1.297479812468663340e+03,4.085781238619821352e+02,1.719275017759793798e+02,2.168392829028196957e+03,1.038980729389836370e+03,3.914772430938396219e+00,1.530971296970787762e+03,4.275445406738587053e+02,3.923158446882400199e+02,1.177705070358052353e+03,5.724984296561430028e+02,8.513272752737816518e+01,1.161655464096980040e+03,4.975805543146689729e+02,5.274464127645692315e+02,1.127487714633119140e+03,7.921738905898889982e+01,7.882082304953200946e+01,1.569002825004933811e+03,2.957669102246417197e+02,5.634893946614606648e+02,6.915961510184542931e+02,1.227695483428993981e+02,1.861901402538088632e+02,1.556805346268397898e+03,-1.647342514462037002e+02,4.554108372505331204e+02,5.258451106986235573e+02,-7.637542147463652498e+01,2.268629038787064189e+02,1.826787062824262193e+03,-1.923311487358157876e+02
-2.506003072646911392e+02,1.692397907202791203e+03,9.668500073663842613e+02,-9.971593747254283713e+00,1.712880304661445962e+03,8.767710193683279840e+02,-2.092353631944714323e+02,1.444498818475845383e+03,7.049787683867201622e+02,8.679713735166349409e+01,1.997787675592125879e+03,9.172571025127091389e+02,-2.936391190765155557e+01,1.296069999723673845e+03,4.185269232017435570e+02,1.141746069848087473e+02,2.238588590414050486e+03,8.779310849377552586e+02,5.543812193139912914e+00,1.525838696359281130e+03,4.209961064701253122e+02,3.931283513805046823e+02,1.186963496888585723e+03,5.855839911435634804e+02,8.517351508183546116e+01,1.166192837764881233e+03,5.081451553641954888e+02,5.315590684112372628e+02,1.165834554966910218e+03,8.453937799616113580e+01,7.804976717785457652e+01,1.568543099734918314e+03,2.924471517457623690e+02,5.850660146312505958e+02,7.303197304243429926e+02,1.197029340251692417e+02,1.879029217234737246e+02,1.558074386081534840e+03,-1.676042306618198836e+02,4.746760842147265862e+02,5.665744519566243298e+02,-8.470131672455893579e+01,2.303037882891744346e+02,1.826539674453883435e+03,-1.961708305303072848e+02
-2.461859351064189525e+02,1.725741734038668028e+03,9.603677764990036394e+02,-7.842623259641162470e+00,1.731652655836682925e+03,8.555115052661819846e+02,-2.110633324178799626e+02,1.458333831649617196e+03,7.131154896330724569e+02,7.058345676055120066e+01,2.023587829899165627e+03,8.200453838436952765e+02,-2.877087898731146254e+01,1.293799137712196398e+03,4.302043991408983743e+02,5.862608865289799809e+01,2.265110089768405032e+03,7.159794806946169956e+02,9.528390647868810959e+00,1.517853202138639972e+03,4.154484175208401666e+02,3.937714934183416631e+02,1.196891813679495954e+03,6.009266156677720119e+02,8.559168158612935429e+01,1.171121753737023482e+03,5.202747696378730780e+02,5.357205558674415897e+02,1.199379351013820269e+03,9.301240902459974791e+01,7.797006767538485406e+01,1.569707708096495935e+03,2.896833424300090201e+02,6.036964092210033641e+02,7.636243845832364059e+02,1.206492150924334652e+02,1.894113495844417230e+02,1.559043358152695646e+03,-1.712041019833926896e+02,4.939744811880871680e+02,6.044802444042309162e+02,-9.093569802074111408e+01,2.333512888554524523e+02,1.827037761443887121e+03,-2.002069555520126016e+02
-2.398341446107896786e+02,1.755681878760393602e+03,9.553487351510663075e+02,-3.539088582938640482e+00,1.748524550361477850e+03,8.345033053179612352e+02,-2.133355698177371096e+02,1.468645639947874315e+03,7.228234860103609662e+02,5.808932286443862836e+01,2.034432234195214050e+03,7.202032678591652939e+02,-2.713731339059914660e+01,1.290432072674107985e+03,4.442771499698340563e+02,1.061716301540814555e+01,2.252737683837827262e+03,5.652944106211647295e+02,1.453422984529116491e+01,1.508165080434447873e+03,4.111630416445389073e+02,3.947060500211620706e+02,1.208390279919342674e+03,6.175893381817699037e+02,8.678512306499241902e+01,1.176432988787807972e+03,5.336721280251944108e+02,5.404088515716030088e+02,1.227490293235845002e+03,1.039227561995806468e+02,7.836137597702190760e+01,1.572571176527054149e+03,2.880422400568107832e+02,6.197635536244581544e+02,7.906110735199106330e+02,1.254827942269178038e+02,1.904301055650099102e+02,1.559644795058892214e+03,-1.746673260172907760e+02,5.150644147038794927e+02,6.386736256707266648e+02,-9.443467075087184526e+01,2.354608057245313262e+02,1.828162280716268697e+03,-2.034750527986715554e+02
-2.316643024655337513e+02,1.782924483224832102e+03,9.509024453895931401e+02,2.182816323218075727e+00,1.765608110250893560e+03,8.125837805704742323e+02,-2.154909021563182421e+02,1.476471837981015142e+03,7.338098767266816367e+02,4.759346522873814678e+01,2.029876396693426386e+03,6.241533017530076677e+02,-2.456814233065512454e+01,1.286153149292257012e+03,4.614663959375843660e+02,-2.762540461684871573e+01,2.208450537284581515e+03,4.333884144786411525e+02,1.905105743318657829e+01,1.497701920874522784e+03,4.080592550927939328e+02,3.962022541030178218e+02,1.222419188764768933e+03,6.346528589397229325e+02,8.896764857154552431e+01,1.182365481162877131e+03,5.479737968145093419e+02,5.458716136410668014e+02,1.250076730192993182e+03,1.168489247170842731e+02,7.894639940102400999e+01,1.576545514570701243e+03,2.877635048617804614e+02,6.340910616538744762e+02,8.111594279949104020e+02,1.338797751047550832e+02,1.907708170117660416e+02,1.559718589066434333e+03,-1.770538949378758673e+02,5.393493546498722253e+02,6.686810942726744997e+02,-9.489307644913823481e+01,2.361304478916009089e+02,1.829224503100381526e+03,-2.049582169720377749e+02
-2.219585280887610850e+02,1.807842230906908753e+03,9.464520082838395183e+02,8.071947514972592330e+00,1.783328239228305392e+03,7.887045926155740290e+02,-2.171359932101143784e+02,1.483551896928496717e+03,7.459436012742099820e+02,3.806413210718832829e+01,2.009723742116118729e+03,5.377058904240939228e+02,-2.178103943360406092e+01,1.281434315061285588e+03,4.823442730902526705e+02,-5.603462631242044267e+01,2.139269322121059304e+03,3.240969318320651382e+02,2.157769295840894941e+01,1.486615472254419274e+03,4.059552480083679598e+02,3.982445228842875622e+02,1.239660459990039953e+03,6.513760740289002342e+02,9.219536675383810120e+01,1.189284771256005342e+03,5.627787526969825649e+02,5.521328811679803721e+02,1.267391928958526023e+03,1.316629513961254929e+02,7.950512331467521676e+01,1.580471247097853166e+03,2.887180782011006954e+02,6.476981029298502790e+02,8.257180178443926479e+02,1.454679433002127382e+02,1.903407328973407289e+02,1.559006499255203380e+03,-1.776582357115204331e+02,5.676026254271625930e+02,6.943508742781739329e+02,-9.221636757971631937e+01,2.350186326511093853e+02,1.829152842616397947e+03,-2.039610917641785761e+02
-2.113066491088252121e+02,1.830364298312853180e+03,9.418797631700566626e+02,1.259979966712187149e+01,1.800679327656711166e+03,7.625960158954306962e+02,-2.180815546956015964e+02,1.491548627184294673e+03,7.591947243496100555e+02,2.931366804818209459e+01,1.974930496187828112e+03,4.652868475752126756e+02,-1.976593519792635334e+01,1.276872331930586370e+03,5.071035416374222109e+02,-7.558228246608642564e+01,2.051438829788458406e+03,2.392072577270783711e+02,2.089538907492579511e+01,1.474200687325360377e+03,4.048518417282678001e+02,4.005582703938024451e+02,1.260182533156792942e+03,6.672703427961262150e+02,9.640457244198968567e+01,1.197489345427274429e+03,5.776659226483770908e+02,5.590443423960819018e+02,1.279833892452851615e+03,1.483970209795583060e+02,7.990074678907467387e+01,1.582983820974157425e+03,2.904783462551162643e+02,6.615793228132204149e+02,8.350480676078288980e+02,1.599696720833257473e+02,1.891501603260360014e+02,1.557255229381251866e+03,-1.762579220688846533e+02,5.998794513607189174e+02,7.156927502310261389e+02,-8.629517082017460439e+01,2.320285284673599904e+02,1.826950667468978736e+03,-2.004659726394766039e+02
-2.006384031210925798e+02,1.850181905150079956e+03,9.374320801358575181e+02,1.443090732629886830e+01,1.816063664335001022e+03,7.350812503207375812e+02,-2.183453130023265487e+02,1.501459434554176596e+03,7.734538330226639573e+02,2.179466458485514835e+01,1.928115752223282925e+03,4.094925988641350045e+02,-1.935264332018618205e+01,1.273074785152008417e+03,5.353882221253487614e+02,-8.753599715437690065e+01,1.950829406034579051e+03,1.795609970338857977e+02,1.638805729391813415e+01,1.459338634979982999e+03,4.050554646865884365e+02,4.027586911017219791e+02,1.283265385231828986e+03,6.820791109325442676e+02,1.014286370172454923e+02,1.207038762741718074e+03,5.922154092656555804e+02,5.663561987286885824e+02,1.287876505733115437e+03,1.670317944217123625e+02,8.003263811538373318e+01,1.583050188271992056e+03,2.924554851560944826e+02,6.765504094552137531e+02,8.400896563579640315e+02,1.773238189811521863e+02,1.873445771230744299e+02,1.554387229626804810e+03,-1.732311138124555043e+02,6.355751615401525214e+02,7.327514223493016061e+02,-7.676409905326690364e+01,2.273482221267625221e+02,1.822207785516057811e+03,-1.952614886689508751e+02
-1.911030652057952182e+02,1.867101980134317955e+03,9.334860245395437914e+02,1.291881224247634208e+01,1.828235133398171001e+03,7.079226748762652051e+02,-2.181248087991344278e+02,1.513375556114243636e+03,7.883821436615398852e+02,1.618740731848871306e+01,1.873556457756442114e+03,3.710041033472247705e+02,-2.084845137223520339e+01,1.270576910444556461e+03,5.663035687319276121e+02,-9.316822041383244368e+01,1.843722376031161048e+03,1.451898626796602230e+02,8.272390198271615702e+00,1.441195719308032267e+03,4.071142295706201821e+02,4.045583278316760243e+02,1.307480743219985698e+03,6.956927463860275793e+02,1.070004291223883115e+02,1.217682882806023144e+03,6.060341111657354531e+02,5.738069478866236750e+02,1.292143185346071505e+03,1.872999554475326534e+02,7.979362035509694806e+01,1.580492341307598281e+03,2.940379550324629463e+02,6.931360209540551978e+02,8.419926759687183448e+02,1.977617172627222999e+02,1.852318325366431679e+02,1.550670021580693628e+03,-1.695224065556288622e+02,6.735761267293264609e+02,7.455735797593342795e+02,-6.285011791561043992e+01,2.214438237348466600e+02,1.815408059682474914e+03,-1.897315221728972574e+02
-1.838231918530231610e+02,1.881314425655974901e+03,9.303413279036774384e+02,8.358985644548486249e+00,1.836879978752198667e+03,6.833032432554786055e+02,-2.177272838450604127e+02,1.526592450705128158e+03,8.034243128865223298e+02,1.300486216303186993e+01,1.816667983228309595e+03,3.488123754183162077e+02,-2.388062927293012550e+01,1.269739947965877263e+03,5.986551437321265894e+02,-9.369349636715872975e+01,1.737049796650811459e+03,1.348376031964290576e+02,-2.423356226424163484e+00,1.419776201458299965e+03,4.116765011292815188e+02,4.059281457478746802e+02,1.331021572510825536e+03,7.080511004718568984e+02,1.127729437958259666e+02,1.228922523846147897e+03,6.187785744247023558e+02,5.812229333571815459e+02,1.293519967261855300e+03,2.085996444729642292e+02,7.909145366411696898e+01,1.576271630140993011e+03,2.946874810730752188e+02,7.114866055339105060e+02,8.422032820965099518e+02,2.217896790305547370e+02,1.832535895719236123e+02,1.546792136414305105e+03,-1.664672868897349360e+02,7.124757060009850420e+02,7.542658158541305511e+02,-4.341416829409121192e+01,2.149908863568762740e+02,1.807867366463524149e+03,-1.853764833419982665e+02
-1.796078984544847401e+02,1.893423671975478328e+03,9.281388582837026888e+02,1.852142104454887583e+00,1.842628134773890906e+03,6.631736854568378021e+02,-2.174599206439327759e+02,1.539969974818649689e+03,8.179896122190268670e+02,1.238311727040195365e+01,1.763038154304086447e+03,3.406632629778969203e+02,-2.751397763516229844e+01,1.270643851174153724e+03,6.313217978386912819e+02,-9.022829955344636232e+01,1.637647139797528325e+03,1.455714657471423550e+02,-1.418722577777897342e+01,1.396030277735859954e+03,4.193566553250341826e+02,4.071201777310165539e+02,1.352175469685724693e+03,7.190877448338977729e+02,1.183808605008451309e+02,1.240171992333657727e+03,6.301786226053923201e+02,5.885859917080831565e+02,1.293164102244301603e+03,2.300738521521931546e+02,7.791852590739161144e+01,1.572334186610484039e+03,2.939947679842658204e+02,7.313592580864051342e+02,8.424222504751743372e+02,2.500297526998191415e+02,1.818792360798100560e+02,1.543759786299566485e+03,-1.654960562855294199e+02,7.508452576847931823e+02,7.590916181258780853e+02,-1.724188726938017169e+01,2.087342715155699011e+02,1.801309631582371367e+03,-1.832949752836993866e+02
-1.787400810209875317e+02,1.904253981590806234e+03,9.268851264599720707e+02,-5.168546662427032423e+00,1.846619558746408302e+03,6.486935924048572133e+02,-2.175209747264393911e+02,1.552394647901762255e+03,8.316769368460305714e+02,1.408163795467176982e+01,1.717179287329734962e+03,3.436098648831343212e+02,-3.061477342798346157e+01,1.273055118960757227e+03,6.635654268906622519e+02,-8.373940239486532278e+01,1.550776357286518532e+03,1.729957198740248714e+02,-2.554181122496443734e+01,1.371471211578363182e+03,4.305864659470394713e+02,4.085332772088689239e+02,1.369781914504394535e+03,7.287476897590854605e+02,1.235312568136753697e+02,1.250948461633682200e+03,6.400775771112498660e+02,5.960189444924128566e+02,1.292320279721904626e+03,2.508442243379015508e+02,7.639369478617720688e+01,1.570956569440431849e+03,2.917262368191474025e+02,7.522160145611114785e+02,8.443097311648459709e+02,2.829201682643449658e+02,1.814584837379301803e+02,1.542592818591044534e+03,-1.677547523233613447e+02,7.875366439839572195e+02,7.605392832005835544e+02,1.646340355041591152e+01,2.033010299583150697e+02,1.797254173055365754e+03,-1.838767479590964626e+02
-1.809236727780086085e+02,1.914559913110057778e+03,9.264912672017023851e+02,-1.152966073979723127e+01,1.849947111401030270e+03,6.399117037386420179e+02,-2.179486023698315478e+02,1.563190402648074951e+03,8.443940301755983455e+02,1.760578172965657728e+01,1.681316175107518802e+03,3.545615831287983042e+02,-3.232545540935475259e+01,1.276528718985559408e+03,6.951218622637886710e+02,-7.503804522317619785e+01,1.478642879618200141e+03,2.120970442900775197e+02,-3.553217438941423723e+01,1.347506422868181517e+03,4.454027625902276100e+02,4.104957647047864384e+02,1.383530799429459421e+03,7.370671612880775001e+02,1.280849891025493719e+02,1.261007443632531249e+03,6.484940006720627252e+02,6.036821376135281980e+02,1.291982225884440595e+03,2.703119745930558793e+02,7.471556343044173332e+01,1.573775960137678339e+03,2.878820180130556992e+02,7.734442292655260189e+02,8.489800123984368838e+02,3.203646501270898739e+02,1.821031374255339870e+02,1.543910031172757726e+03,-1.737210219374737221e+02,8.219580642848344496e+02,7.593110203868405961e+02,5.755443512798643724e+01,1.990243367922346067e+02,1.796463850147453059e+03,-1.868244374594989097e+02
-1.853924277085153562e+02,1.924795550915643844e+03,9.267701787918832679e+02,-1.676123941310881094e+01,1.853273637023176207e+03,6.357358982680568715e+02,-2.186501621547606931e+02,1.572346798020837468e+03,8.563180278664571006e+02,2.234817348286251715e+01,1.654648777924570140e+03,3.707208184261397719e+02,-3.244603002587264484e+01,1.280598438294805646e+03,7.260752075266844940e+02,-6.482364381163040434e+01,1.419627858637534246e+03,2.583132848942528312e+02,-4.399113388511065637e+01,1.324829319117681052e+03,4.632243579452240851e+02,4.130867650231875814e+02,1.394031527015001529e+03,7.442588957980105988e+02,1.320925395965764721e+02,1.270381811783495550e+03,6.556770765511818126e+02,6.116407614638692394e+02,1.292560420372607950e+03,2.883885819550579299e+02,7.304788358077396992e+01,1.580934563589192067e+03,2.827464385129305242e+02,7.946091935975023262e+02,8.565158638896817820e+02,3.614885250811683477e+02,1.836497966942644950e+02,1.547592341973421753e+03,-1.829446683563045326e+02,8.542337841816802211e+02,7.562302793540324046e+02,1.046164526320223302e+02,1.958415929066354408e+02,1.798665220554112921e+03,-1.914177958492838343e+02
-1.910956255810120581e+02,1.935036711722363407e+03,9.274231230161977919e+02,-2.119568994394228412e+01,1.856746852741936664e+03,6.341700074509174101e+02,-2.194739199510244703e+02,1.580487373292040957e+03,8.677704932972494589e+02,2.769265268738526586e+01,1.633471246593847582e+03,3.897924057392313557e+02,-3.153181795289508571e+01,1.284923910971168198e+03,7.566583453780135642e+02,-5.370941911869547170e+01,1.368578782176395862e+03,3.082390282382256714e+02,-5.150201944010471777e+01,1.303192930720720597e+03,4.827876084606452878e+02,4.160897620561668759e+02,1.402655371150209930e+03,7.507349696325213699e+02,1.357723070232500788e+02,1.279331779161159602e+03,6.621062577671600593e+02,6.197926152601909280e+02,1.293753713928135994e+03,3.055332408451843662e+02,7.143022949934662336e+01,1.590826438616732958e+03,2.768827710805862239e+02,8.155850274481417728e+02,8.658076310045652235e+02,4.046482787129099279e+02,1.857065560970156923e+02,1.552717554544193717e+03,-1.940567724592523291e+02,8.851612829642779161e+02,7.521198647442242873e+02,1.550332563191356883e+02,1.933105200618425101e+02,1.802630920802563423e+03,-1.968042442050080467e+02
