1.174662949763731490e+02,2.427507866903036060e+01,1.746891514276781436e+03,2.743863266660447309e+01,-1.569400528629179234e+02,1.471647933577850154e+03,1.443470432927644822e+02,1.919627869479044762e+02,1.450448206533818620e+03,1.863498457307107117e+02,-3.405497204668894256e+02,1.316719431059335193e+03,3.778451286736846555e+02,1.325436051312231882e+02,1.239344037784856937e+03,2.730737704038798483e+02,-2.062675996137230925e+02,1.504733290789587954e+03,3.903984021603899919e+02,-1.716311433777265094e+01,1.439993303489741720e+03,1.079399583093764363e+02,-1.283399431837470672e+02,9.672830114802351318e+02,2.303656965737833104e+02,1.133630498394397392e+02,1.007660817956698679e+03,1.285839144499822737e+02,-1.155262110102165707e+02,4.702178948726332806e+02,5.373451369109016014e+02,-2.282998368530946287e+00,9.436580714002433297e+02,-2.655477309664337593e+00,-4.389737437629795735e+00,1.107535570434435623e+00,3.305423733369190700e+02,-5.358909971609181611e+01,5.244946218803784177e+02,2.389366797802403539e+02,-4.126293639546151581e+01,3.291932935327201193e+01,5.104472141957019744e+02,-2.116810245320313584e+02,5.009986661902597689e+02
1.174494919135409816e+02,2.518136965753543066e+01,1.747635227716199552e+03,2.756375217614620610e+01,-1.555677296834341803e+02,1.471016606429836202e+03,1.458589530748964762e+02,1.933991406559034658e+02,1.452120139800933430e+03,1.863820778444443249e+02,-3.361095629883383822e+02,1.314734064234022981e+03,3.801056950770569642e+02,1.347052155002114660e+02,1.240466532291523890e+03,2.762129455566534944e+02,-2.038391547246576465e+02,1.504552286640702505e+03,3.918883996705069990e+02,-1.590117219910443147e+01,1.439594124809306550e+03,1.084638585964025026e+02,-1.240681579362022688e+02,9.686882742575057819e+02,2.308868837550556634e+02,1.172009737966936171e+02,1.007863061631242658e+03,1.283226206456154728e+02,-1.170039786444885124e+02,4.725557696056272334e+02,5.382584540694027737e+02,-1.921426439854502899e+00,9.462142476528773614e+02,-2.849956543417204280e+00,-6.121799133473620813e+00,1.541014567510611277e+00,3.303066122421467412e+02,-5.813507863604700532e+01,5.261007696777381852e+02,2.390950822498888328e+02,-4.198779210488736879e+01,3.318582748668357851e+01,5.090109731772614055e+02,-2.179804975510539862e+02,5.038631466748327057e+02
1.175728661863642515e+02,2.635969940901264863e+01,1.748128428560468137e+03,2.763307670948516659e+01,-1.540940596413957167e+02,1.470280392708812769e+03,1.473385895178723786e+02,1.951492219788674447e+02,1.453493784526778654e+03,1.862049833421954190e+02,-3.320409598718450752e+02,1.312224995259353136e+03,3.823202729134111451e+02,1.365670505703175479e+02,1.241443791080399706e+03,2.793681024092015832e+02,-2.015460315146215748e+02,1.503458403962839384e+03,3.936403126629147096e+02,-1.490683708071953539e+01,1.439364229372097270e+03,1.087631850795048933e+02,-1.201910364529079658e+02,9.699087192196707292e+02,2.315397728317687154e+02,1.208092345916198695e+02,1.007969582728030218e+03,1.278926101149076544e+02,-1.181223091829359220e+02,4.745601313107686678e+02,5.389093232274138927e+02,-2.180578652323623245e+00,9.480670446291893541e+02,-3.205682533333720219e+00,-7.724491944453980352e+00,1.964010389331367845e+00,3.298324675450076029e+02,-6.207866002458083443e+01,5.271829817951124824e+02,2.392361621589697052e+02,-4.274012783413922278e+01,3.339581862904780252e+01,5.068398905175788514e+02,-2.244027878080260621e+02,5.061657121008676086e+02
1.179624146143711698e+02,2.806725485840156509e+01,1.748214549490910258e+03,2.762263834067487167e+01,-1.523533892434320194e+02,1.469335471323505317e+03,1.487926084876401944e+02,1.975290746018318089e+02,1.454388611254892339e+03,1.856385870142730425e+02,-3.282288962481126759e+02,1.308835235183959867e+03,3.844429452754520753e+02,1.381508114149951894e+02,1.242169482283255547e+03,2.824617925279916335e+02,-1.991331384485940816e+02,1.500864895664936512e+03,3.959068495755156505e+02,-1.420561744802200366e+01,1.439239304241272748e+03,1.086907805830172862e+02,-1.167534510110982211e+02,9.708239982258372720e+02,2.324013775001093620e+02,1.241275627381995434e+02,1.007949932728417480e+03,1.272201246727276356e+02,-1.184992181888329839e+02,4.759662748525031475e+02,5.391060209498130007e+02,-3.278628752229021615e+00,9.488596264285414463e+02,-3.774310264816831406e+00,-9.011984324840227600e+00,2.353203347409837054e+00,3.288396715849040106e+02,-6.480193986191913780e+01,5.275790763130336245e+02,2.393471724704574228e+02,-4.346282458750659572e+01,3.351606317878268726e+01,5.033553263639304873e+02,-2.306462780786979465e+02,5.076491722800460025e+02
1.187052222088659903e+02,3.046385010618983458e+01,1.747878752494343871e+03,2.754669597846621087e+01,-1.501512643059754168e+02,1.468112739082530197e+03,1.502670261674661845e+02,2.007709476709086687e+02,1.454801087525864659e+03,1.845575949787191234e+02,-3.240618563811696617e+02,1.304497617771663727e+03,3.864074359469694286e+02,1.398542303750134863e+02,1.242614185873327642e+03,2.853000590145147157e+02,-1.959679940324406004e+02,1.496726857571853088e+03,3.988605035466241020e+02,-1.351227762453608960e+01,1.438902583325385649e+03,1.082144498745541341e+02,-1.134127860724369867e+02,9.713919838016734047e+02,2.334692394390499715e+02,1.272849564910230953e+02,1.007848773670314245e+03,1.263644563917472539e+02,-1.178074030897389974e+02,4.766276804613098648e+02,5.387780828988607027e+02,-4.879758271781177825e+00,9.487312103208538474e+02,-4.461256943048308443e+00,-9.770188928662445704e+00,2.669335822646365486e+00,3.270612690286004636e+02,-6.576678106698284410e+01,5.275880578662450944e+02,2.394211797329050739e+02,-4.401212390943078390e+01,3.354823570296679947e+01,4.982857079183489759e+02,-2.359121562655155344e+02,5.084770918043518009e+02
1.198362528444343837e+02,3.350841666131167784e+01,1.747253207045514955e+03,2.745294984443157205e+01,-1.473719214579571428e+02,1.466614275757198584e+03,1.518248668802342252e+02,2.049054502190116125e+02,1.454896029959324096e+03,1.829101368470964815e+02,-3.188270833523499732e+02,1.299378889315115657e+03,3.880897317653720506e+02,1.422707158521002100e+02,1.242791543549034714e+03,2.877016100240074366e+02,-1.913994519972631565e+02,1.491420043341430983e+03,4.025341915794350598e+02,-1.231695889693400758e+01,1.437856273635286925e+03,1.073793396194181327e+02,-1.096684743501318309e+02,9.716169829385797811e+02,2.346830930005593245e+02,1.305275898635103715e+02,1.007748846906508334e+03,1.254610437350297047e+02,-1.158963493046715456e+02,4.765474873293722453e+02,5.379697613407973904e+02,-6.289326646193996950e+00,9.481986341482930811e+02,-5.076108164847194182e+00,-9.857717155516120044e+00,2.861300241254421284e+00,3.243362463655363968e+02,-6.464098198984012811e+01,5.277591704662689835e+02,2.394445597224103608e+02,-4.423324252621991093e+01,3.352614863655622202e+01,4.916662823843272463e+02,-2.391968965739432917e+02,5.090653994213895999e+02
1.213263975574348024e+02,3.692056493888872382e+01,1.746561155790439443e+03,2.739684451378548857e+01,-1.440896578585009422e+02,1.464920706358312827e+03,1.535145139505019358e+02,2.096973920505886326e+02,1.454928400028735041e+03,1.807243632443218644e+02,-3.122409397323529561e+02,1.293742486855881680e+03,3.893081123123033649e+02,1.458688233913678118e+02,1.242719266565914950e+03,2.896474331630662391e+02,-1.852415051578626901e+02,1.485450430897383740e+03,4.067957203669386672e+02,-1.011865319214843240e+01,1.435616652773053147e+03,1.062512806118365205e+02,-1.051891584638026842e+02,9.715068142528673434e+02,2.359660067199096432e+02,1.340866621429039185e+02,1.007708246339216089e+03,1.246265725678532448e+02,-1.129014426698193319e+02,4.758808113473493790e+02,5.367995986196955300e+02,-6.843934460203481507e+00,9.478289185974085740e+02,-5.431698261983798126e+00,-9.312584669282037098e+00,2.876441888469059460e+00,3.206965925131299855e+02,-6.140098827738721354e+01,5.285231365488776873e+02,2.393904651797079168e+02,-4.406797925953567585e+01,3.349699578849918424e+01,4.837511115232748011e+02,-2.397739108392285061e+02,5.097539953124954764e+02
1.230835198289750565e+02,4.028263593020155753e+01,1.746010392302500122e+03,2.741086465441349063e+01,-1.405828917670007456e+02,1.463149959643155398e+03,1.553540026644954253e+02,2.147135224775957454e+02,1.455122332115371819e+03,1.781047332162523844e+02,-3.046931634703455529e+02,1.287820207037852242e+03,3.898960259110336892e+02,1.507370212100049400e+02,1.242403399541261706e+03,2.913415698031271290e+02,-1.780184952894607875e+02,1.479181940784092149e+03,4.113949351118030791e+02,-6.679317515458173204e+00,1.431929340109147915e+03,1.048869892527358587e+02,-9.999601744497107347e+01,9.710622945378969462e+02,2.372544664933000718e+02,1.380614333426335065e+02,1.007712914202335014e+03,1.238891992563076911e+02,-1.092544713527695563e+02,4.749019557657567248e+02,5.354090371979651763e+02,-6.251637213257835057e+00,9.478906786499665031e+02,-5.431233346626397562e+00,-8.379220594803177491e+00,2.677373174335444972e+00,3.163717606897713495e+02,-5.635586811203387470e+01,5.299223597285514415e+02,2.392295596462851108e+02,-4.362714415659235101e+01,3.349723579883507796e+01,4.748799047571838514e+02,-2.375882252381783815e+02,5.105453434838856879e+02
1.249841774318948069e+02,4.325477178436774750e+01,1.745679479284015088e+03,2.749554760167353962e+01,-1.372128046352095225e+02,1.461390079068232126e+03,1.573402234192091953e+02,2.195030239335426359e+02,1.455555229534154023e+03,1.752232333041369543e+02,-2.970185568346223022e+02,1.281737930429630524e+03,3.898194353429859120e+02,1.565446950470331160e+02,1.241830979795013945e+03,2.931605023413222284e+02,-1.707786834221889762e+02,1.472700459163616415e+03,4.160819070171093017e+02,-2.144215972374094115e+00,1.426870254377107585e+03,1.033364805680719485e+02,-9.440465423858630345e+01,9.703111801550918472e+02,2.385027934082765739e+02,1.423651673375758264e+02,1.007673226698429858e+03,1.231747466962273592e+02,-1.055643414148463819e+02,4.739366335878054315e+02,5.339164340476456800e+02,-4.704802145377472655e+00,9.481869502409167580e+02,-5.103004185992952912e+00,-7.425523670221836348e+00,2.264455601101742488e+00,3.116862193473997422e+02,-5.008865080023289806e+01,5.316067138364529683e+02,2.389534143129396284e+02,-4.318532242757310513e+01,3.353759296777907650e+01,4.653337836319599319e+02,-2.333728868700622172e+02,5.110826371547307758e+02
1.269322698978342174e+02,4.577157429998964489e+01,1.745461875951748425e+03,2.764501340807980156e+01,-1.342323221937368203e+02,1.459652637075549364e+03,1.594678869812142068e+02,2.237832360337213231e+02,1.456105208742595323e+03,1.723039019978004376e+02,-2.899781032712227784e+02,1.275488164237897081e+03,3.892536662127549221e+02,1.627303893403613131e+02,1.240946431481588206e+03,2.955436604661072693e+02,-1.645880653788500467e+02,1.465817099518945952e+03,4.207397770344441028e+02,3.050537085220317746e+00,1.420758249797562257e+03,1.016514028720979184e+02,-8.880883931078662386e+01,9.693562973102049227e+02,2.396695309598164840e+02,1.467507693482443472e+02,1.007467214282396526e+03,1.223417320096530432e+02,-1.024123545086432188e+02,4.732730380023438670e+02,5.323865389746815708e+02,-2.744151923059058529e+00,9.481638772067889249e+02,-4.577411816229723485e+00,-6.793412401087359775e+00,1.694417432753202890e+00,3.069064240259247640e+02,-4.333265327618391893e+01,5.330664931430776505e+02,2.385938713485801941e+02,-4.309245817735542516e+01,3.360424676924429832e+01,4.552222119604099930e+02,-2.284361736221889316e+02,5.108642466274679919e+02
1.289098665673159587e+02,4.807894044249990628e+01,1.745117025568173858e+03,2.788948253537266808e+01,-1.316511903817544180e+02,1.457878670284942473e+03,1.617350469013704242e+02,2.275192623006074086e+02,1.456502668866360409e+03,1.695914739292765034e+02,-2.838238531376462106e+02,1.268932362055013755e+03,3.885442288577449403e+02,1.687975774552750750e+02,1.239620471152035634e+03,2.988846481614878599e+02,-1.600187022388096523e+02,1.458154636129802157e+03,4.254505205768742826e+02,8.426872587446567309e+00,1.413926393914708342e+03,9.987665440550347284e+01,-8.346556221148459542e+01,9.683899911161914815e+02,2.407067652674606109e+02,1.509131583132407286e+02,1.007008958274979136e+03,1.212402124966080663e+02,-1.001501750347356250e+02,4.730818855486478469e+02,5.308228226048451006e+02,-9.882672417864644121e-01,9.472288150631911776e+02,-4.027025339047417773e+00,-6.663158504574604457e+00,1.078634135192933829e+00,3.021337550057091903e+02,-3.679728495227961105e+01,5.339267808854665418e+02,2.382212334210431948e+02,-4.363073015721219150e+01,3.367251036679176934e+01,4.444590973055649101e+02,-2.241961473498022883e+02,5.095344630206693637e+02
1.309802045117448586e+02,5.057438789510917587e+01,1.744418130611270271e+03,2.831820045114857010e+01,-1.292468798062599546e+02,1.455990644055182884e+03,1.641274477259162552e+02,2.308654969074794394e+02,1.456475223195236822e+03,1.673012588037633179e+02,-2.782084122975123819e+02,1.261839091450161050e+03,3.880534376539105779e+02,1.745488423497973827e+02,1.237650997331506233e+03,3.034467582348314636e+02,-1.569111755959750099e+02,1.449272683042059043e+03,4.304435423859177376e+02,1.371466713831194539e+01,1.406493117684238541e+03,9.802840708602610675e+01,-7.839297505935923027e+01,9.676479731709292764e+02,2.415689999345025853e+02,1.546400757494251934e+02,1.006308523772910462e+03,1.197689468227887346e+02,-9.878173117814056070e+01,4.733798844190142177e+02,5.291840325521484374e+02,1.134542226814705956e-01,9.450970693347309179e+02,-3.598676682604227572e+00,-6.994497905766261958e+00,5.509517879563471388e-01,2.973065928391803254e+02,-3.097598817000515226e+01,5.341223710063650287e+02,2.379150748778561137e+02,-4.487468509791418825e+01,3.372387496181592326e+01,4.328662958252239150e+02,-2.216427967447397691e+02,5.070662435540280626e+02
1.332341849423944211e+02,5.355589936207680779e+01,1.743314647351101485e+03,2.905755391067574323e+01,-1.267069825741030229e+02,1.453951016400856133e+03,1.665953836004719051e+02,2.340309179782724414e+02,1.455912706285918830e+03,1.655647919102935930e+02,-2.724214403989424795e+02,1.253970639816329140e+03,3.879786110059264388e+02,1.801391686302776520e+02,1.234822485526714445e+03,3.093024946417950218e+02,-1.544856855968657783e+02,1.438807206191609112e+03,4.359498662223743395e+02,1.895556640122334002e+01,1.398270270016520726e+03,9.608055188474253328e+01,-7.339521783377382746e+01,9.673176038464670228e+02,2.422391279009673326e+02,1.579491749281664568e+02,1.005490794536394901e+03,1.179115986001766316e+02,-9.796995743788623656e+01,4.740532592268303915e+02,5.274148178980682360e+02,3.993719634968737053e-01,9.419788122935884758e+02,-3.361031633635938931e+00,-7.558955890310253167e+00,2.143480717907285116e-01,2.922962125768870578e+02,-2.601040046316396115e+01,5.338825754611162893e+02,2.377198307449481831e+02,-4.662605337558433405e+01,3.375780355313104764e+01,4.203711275356942565e+02,-2.209629361238120282e+02,5.037530095867921318e+02
1.357140028732415544e+02,5.705014744433421470e+01,1.741997539029833206e+03,3.021252122194680823e+01,-1.237999087749389275e+02,1.451782989172734688e+03,1.690429962412246994e+02,2.371651988500258597e+02,1.454951006795736930e+03,1.643950702848287904e+02,-2.657401670424816871e+02,1.245197184465613873e+03,3.882507789420310473e+02,1.859400026493023006e+02,1.231005607293159301e+03,3.163064787745526587e+02,-1.516834074051064079e+02,1.426587005794303650e+03,4.420481429731098046e+02,2.441749755324332583e+01,1.388852919725751235e+03,9.397752750792194831e+01,-6.815968272970114583e+01,9.674466307097316076e+02,2.427509772532067700e+02,1.611347305144809354e+02,1.004754037493023930e+03,1.157426100301615008e+02,-9.716200111007941587e+01,4.749258727097566748e+02,5.254722268588395764e+02,-2.278749594293325714e-02,9.385104756561513568e+02,-3.280373984364582718e+00,-8.033514619286476588e+00,9.448666663026107637e-02,2.870213430185286256e+02,-2.169444732303614387e+01,5.335782495557554057e+02,2.376136747361189805e+02,-4.847130307774857982e+01,3.379274938814606344e+01,4.071876183160011919e+02,-2.215165033587263110e+02,5.000548329317057323e+02
1.383653650002683833e+02,6.082783551068420991e+01,1.740803947917292362e+03,3.180791359575544774e+01,-1.204642830145477319e+02,1.449536710943783191e+03,1.713390402177894600e+02,2.403212904713437581e+02,1.453912111196117166e+03,1.636857104051303793e+02,-2.576924949046518805e+02,1.235577407596021885e+03,3.885699120197860452e+02,1.923082343481939063e+02,1.226245564143996944e+03,3.241278037526640219e+02,-1.475609588741911011e+02,1.412672675539074135e+03,4.485966796999534836e+02,3.039603231419722817e+01,1.377833177427611417e+03,9.166969646523355664e+01,-6.236433138184275293e+01,9.678995520972273425e+02,2.431866522924338199e+02,1.646775224439694227e+02,1.004275407195442313e+03,1.134053265304930846e+02,-9.578824003830187905e+01,4.758329708590981113e+02,5.233347559663565107e+02,-8.713290252077889875e-01,9.354708625857609832e+02,-3.228798133730549136e+00,-8.108690442661183440e+00,1.296261516488806109e-01,2.815091881831934870e+02,-1.764101492157073281e+01,5.335369621634328041e+02,2.375183868320662839e+02,-4.994891810006117083e+01,3.385544722733209966e+01,3.938604187525400562e+02,-2.221922707169588591e+02,4.964078041022735874e+02
1.410499599016758907e+02,6.457380017202686417e+01,1.740004376673159186e+03,3.376837032820527895e+01,-1.167810595911845581e+02,1.447226667227190546e+03,1.733442852107805834e+02,2.434786728160045470e+02,1.453125667076292302e+03,1.632419679727404684e+02,-2.481717789859792163e+02,1.225347392394853841e+03,3.885472043466800187e+02,1.993910602977993847e+02,1.220789620924081191e+03,3.323554408718267155e+02,-1.416119566055661210e+02,1.397289202138945257e+03,4.552917706093717811e+02,3.703364063668241357e+01,1.365030878245091571e+03,8.914671078694357220e+01,-5.576765730180644454e+01,9.683863169261235271e+02,2.436434990657584194e+02,1.690375394514671257e+02,1.004104681283506125e+03,1.110728820807628807e+02,-9.346765305601101659e+01,4.766650368562233666e+02,5.209955760044827002e+02,-1.801008271762817081e+00,9.334282420386199419e+02,-3.023896849633545436e+00,-7.575614778592453469e+00,2.057005723662718999e-01,2.758829824437333968e+02,-1.353571702590268799e+01,5.339097855410092279e+02,2.373518132337632665e+02,-5.074846752877675016e+01,3.396356646962976100e+01,3.811263013082327689e+02,-2.219729863716380294e+02,4.930853504210289202e+02
1.436095331813097573e+02,6.807530965787043442e+01,1.739606281242015484e+03,3.595284296344349428e+01,-1.128804301783249144e+02,1.444791577028212259e+03,1.749456826220452399e+02,2.465749338855655139e+02,1.452735178524342700e+03,1.628355843081710361e+02,-2.374479987091924329e+02,1.214816025049575956e+03,3.878692030372889121e+02,2.070575783708763140e+02,1.215031406604975246e+03,3.406463263204240093e+02,-1.339509387200687911e+02,1.380689350152116049e+03,4.618141612044977933e+02,4.425395258364029871e+01,1.350638515928526203e+03,8.644328431895722531e+01,-4.828711934267867179e+01,9.685599009563494519e+02,2.441867758254415719e+02,1.744163175143690694e+02,1.004110268954764479e+03,1.089032528378092906e+02,-9.014818153839814840e+01,4.773729508844396037e+02,5.184529868187455577e+02,-2.508233079510518770e+00,9.324906406789571065e+02,-2.493034693147997416e+00,-6.379499621794858299e+00,2.167257783214504574e-01,2.703054374646751512e+02,-9.343592109676595925e+00,5.346229221185940332e+02,2.370881013079740569e+02,-5.083910206577560587e+01,3.411205169782769531e+01,3.696574710998100386e+02,-2.204282848095224949e+02,4.901435522439383590e+02
1.459416241327182036e+02,7.129930929843641252e+01,1.739312479540117465e+03,3.822657382845169138e+01,-1.088690754752621359e+02,1.442115513337809034e+03,1.760900541735271645e+02,2.495145090200645370e+02,1.452605999609103492e+03,1.622790667379615570e+02,-2.261125001225138078e+02,1.204233490023595778e+03,3.864044749986527449e+02,2.149664556044953088e+02,1.209384391211903903e+03,3.488472563310592705e+02,-1.253144775479861721e+02,1.363037497509865034e+03,4.679758649454967099e+02,5.182247838573884025e+01,1.335207944935814794e+03,8.361374111857919900e+01,-4.006712189795075574e+01,9.681545073470693978e+02,2.448147322057798192e+02,1.806085935327159007e+02,1.004027581179867752e+03,1.069986442590346343e+02,-8.612769881498958568e+01,4.779520614017297362e+02,5.157084491597536271e+02,-2.836547419099607836e+00,9.322724146106924081e+02,-1.544954558641881137e+00,-4.639405711091688644e+00,1.155114465221989684e-01,2.649193288249787770e+02,-5.360600716375203412e+00,5.354118330328839193e+02,2.367770124217665284e+02,-5.045976426388383373e+01,3.427360943331736820e+01,3.598205773000553904e+02,-2.179005698803212852e+02,4.874439056660890515e+02
1.480432065530665113e+02,7.432734384531870830e+01,1.738678627863482234e+03,4.053104029802732811e+01,-1.048266783884297979e+02,1.439105365708230011e+03,1.768115795293574308e+02,2.521682462057335670e+02,1.452393739537205192e+03,1.615105509210787602e+02,-2.149378513972926612e+02,1.193722631977351057e+03,3.842227778358666797e+02,2.227120611622777631e+02,1.204132030569327299e+03,3.570276146422125976e+02,-1.168479927891299752e+02,1.344390402735313728e+03,4.737883828558133246e+02,5.947337592105174764e+01,1.319457050163074882e+03,8.069914434805991732e+01,-3.150230702447668918e+01,9.671136150267537914e+02,2.454560513725516557e+02,1.870382394417219984e+02,1.003601246755584270e+03,1.053805806695880136e+02,-8.193899195514981670e+01,4.784268995360686176e+02,5.127697430059730550e+02,-2.862249031674831024e+00,9.320782232519422905e+02,-2.206498098224846660e-01,-2.630593590420232442e+00,-7.234559587323170782e-02,2.598117979801324395e+02,-2.090314173360809047e+00,5.359151659530767802e+02,2.365021397021865255e+02,-4.997814339704616060e+01,3.441578965988367145e+01,3.515809341931408198e+02,-2.153188290207591820e+02,4.847351033508318778e+02
1.500003239373292274e+02,7.722062497356907329e+01,1.737379627752156466e+03,4.291279966648772870e+01,-1.008541528309233541e+02,1.435775521929609340e+03,1.772432615681424295e+02,2.543975742713084855e+02,1.451736402735675028e+03,1.606592280631525398e+02,-2.046400670753060069e+02,1.183316657194062827e+03,3.815455587581060968e+02,2.299763919997757000e+02,1.199325652579066627e+03,3.654091955824636671e+02,-1.097088167197379107e+02,1.324774041576895570e+03,4.794266335082448336e+02,6.703001641561722579e+01,1.303955802123377225e+03,7.771874408062484463e+01,-2.316445537858960080e+01,9.656434754793156117e+02,2.460004712655833998e+02,1.929887618805383340e+02,1.002739611152408315e+03,1.039921387914596806e+02,-7.813505647484043948e+01,4.788407136180648536e+02,5.096489078459513848e+02,-2.895780264141310845e+00,9.311930638192026208e+02,1.304873041176762394e+00,-7.205576083232648754e-01,-2.754891104836497684e-01,2.550144875056057288e+02,-1.822501576587400030e-02,5.357823801914704518e+02,2.363097303103384661e+02,-4.969748177089340402e+01,3.452388017034927259e+01,3.446106776372485569e+02,-2.137625547467211220e+02,4.817608621510631792e+02
1.519340334504577754e+02,7.992541769280525443e+01,1.735413928624930577e+03,4.549541951261465300e+01,-9.711379527206578643e+01,1.432278397955172750e+03,1.775984769535536145e+02,2.561160593321712895e+02,1.450457959532823679e+03,1.600434961672484349e+02,-1.956162969186970031e+02,1.173063715810544181e+03,3.786663119469101275e+02,2.366408613229174023e+02,1.194789435982961095e+03,3.742326941490888430e+02,-1.046164928684240749e+02,1.304276655637061367e+03,4.851204353430221659e+02,7.448451792717817455e+01,1.288837721742040458e+03,7.469642175987357291e+01,-1.562118040665340679e+01,9.641442647861189243e+02,2.463445232813070334e+02,1.979277225671868621e+02,1.001571498359590578e+03,1.027307041099638667e+02,-7.506109410423405848e+01,4.792377116215784554e+02,5.063510045142994045e+02,-3.343974953065114608e+00,9.291149105063219622e+02,2.779458300063305298e+00,7.389685360686851778e-01,-4.272461069779681653e-01,2.505428066919343166e+02,5.950351467791460403e-01,5.347320623428687441e+02,2.361687803486533426e+02,-4.971711120669267814e+01,3.461090569493947555e+01,3.385514896800669931e+02,-2.140069022384790856e+02,4.783373479967730759e+02
1.539373821557908570e+02,8.228775362675702354e+01,1.733110784399659451e+03,4.841116534406448579e+01,-9.381079190553667502e+01,1.428851640087630358e+03,1.781153443358449806e+02,2.573609889808235494e+02,1.448662393075266436e+03,1.600713751224103589e+02,-1.878038736319505233e+02,1.163106567532259760e+03,3.758720885952561162e+02,2.428379086369743618e+02,1.190236008068659885e+03,3.836229285460875076e+02,-1.015476868669897925e+02,1.283068886015005319e+03,4.910348962352096009e+02,8.203272796142664447e+01,1.273708001452635926e+03,7.169955027589698204e+01,-9.213968515446069318e+00,9.630295503266120249e+02,2.464273433837153959e+02,2.017546481872905133e+02,1.000350587785356083e+03,1.014990458549780925e+02,-7.271808957166949483e+01,4.796322364020491591e+02,5.028632860975448011e+02,-4.467220367540956083e+00,9.256146228524667094e+02,3.966893325103189039e+00,1.533802539458241965e+00,-5.107128529388216265e-01,2.464631066086382418e+02,-2.056394360431975099e-01,5.325218255028962631e+02,2.359990765142238445e+02,-4.991732065247599337e+01,3.470378461581446317e+01,3.332877925405798010e+02,-2.162669590388866538e+02,4.743484468468654995e+02
1.560412382789087644e+02,8.416674357311291033e+01,1.730937028947253566e+03,5.173137686316955097e+01,-9.111277860769826020e+01,1.425708593508579042e+03,1.789776854334775180e+02,2.583251149100881889e+02,1.446663791317638697e+03,1.610687730211384405e+02,-1.807666477814600796e+02,1.153667224089959745e+03,3.733817208278666726e+02,2.489245722884103600e+02,1.185427555728105744e+03,3.935044233432768124e+02,-9.973963447319154341e+01,1.261331557459543546e+03,4.971943756438431592e+02,9.005276232017709503e+01,1.257833818819899307e+03,6.885117700810778274e+01,-3.913702170236811551e+00,9.625176815908099570e+02,2.462397013613853858e+02,2.048326567899374595e+02,9.992627622628815516e+02,1.002505725967020140e+02,-7.078760487421037340e+01,4.799830641668374369e+02,4.991590300399170701e+02,-6.167111245379739870e+00,9.206313061499703281e+02,4.730454739135109499e+00,1.669049107882984551e+00,-5.716735040669175261e-01,2.429569670026391464e+02,-2.148614155558389527e+00,5.288598920368316385e+02,2.357456509285824211e+02,-5.006448752655181522e+01,3.481559723948652874e+01,3.290687485746912557e+02,-2.202364369010644793e+02,4.696638503579273447e+02
1.582259759378607384e+02,8.557464794752333148e+01,1.729229725195065157e+03,5.543294734241262489e+01,-8.905042902374491121e+01,1.422935138964571934e+03,1.802492894871020894e+02,2.593174708903015357e+02,1.444796592446748491e+03,1.631170901319669895e+02,-1.739672292929074899e+02,1.144941771068283742e+03,3.713058081494521616e+02,2.553633513726569220e+02,1.180285966445866507e+03,4.035925335703090013e+02,-9.802843134238568723e+01,1.239153992278798114e+03,5.034721790216524369e+02,9.900032996851827249e+01,1.240533109345542471e+03,6.629201378489409535e+01,6.622242892942401538e-01,9.625101194114547525e+02,2.458066112851613241e+02,2.077911351293279267e+02,9.982704658191653380e+02,9.900787889593659941e+01,-6.880620191514870498e+01,4.802034091802187277e+02,4.952187821203401654e+02,-7.952551535124344539e+00,9.141218998437411756e+02,5.065901789501324970e+00,1.363377590455193911e+00,-6.872789372829897214e-01,2.403449127028329144e+02,-4.909239947741913745e+00,5.233510328958176387e+02,2.354381967279943808e+02,-4.996566989012323035e+01,3.492999711226028836e+01,3.264037465594146852e+02,-2.253516566573443356e+02,4.640564101912047477e+02
1.604631723681115716e+02,8.676173713266122434e+01,1.728015739158136057e+03,5.941438528738112268e+01,-8.745649316126869621e+01,1.420445091965449137e+03,1.818602907734278631e+02,2.606716813150445091e+02,1.443215470632008419e+03,1.659901169889034804e+02,-1.670460966645450469e+02,1.136976162772359430e+03,3.696302979381520117e+02,2.625340977598202130e+02,1.174886225305314611e+03,4.134561765368513306e+02,-9.537091755435567109e+01,1.216485231323780226e+03,5.096304310214379143e+02,1.092271986104991299e+02,1.221532023754677311e+03,6.410609992748196362e+01,5.087924091534618221e+00,9.626270515665967196e+02,2.451590729557923112e+02,2.112289722306588544e+02,9.971065187000273227e+02,9.785147262596348128e+01,-6.639459370541375449e+01,4.802153503194442123e+02,4.910545836648228146e+02,-9.124428255629297269e+00,9.059973804599686673e+02,5.073629261038084870e+00,9.499459890088315372e-01,-9.033272950017555702e-01,2.390500262296328344e+02,-8.258585443709918650e+00,5.155611528050224024e+02,2.351874596660115628e+02,-4.958194063187569611e+01,3.501683564573848173e+01,3.257971141762412799e+02,-2.311008356890983180e+02,4.572136226072169620e+02
1.627494934992683966e+02,8.819532113602946310e+01,1.727005983698463979e+03,6.354502576247516288e+01,-8.598253311975599900e+01,1.418002546997522131e+03,1.836558377430427527e+02,2.626575162254189308e+02,1.441790912241251135e+03,1.692295682685439431e+02,-1.599254540416836505e+02,1.129602387536342349e+03,3.682261389165648211e+02,2.705605655236782354e+02,1.169343424165799661e+03,4.226239333900188058e+02,-9.128509869592785719e+01,1.193167135160885209e+03,5.153754300909630501e+02,1.208027347530536986e+02,1.201060771071587169e+03,6.225615622418931139e+01,9.922979504623116398e+00,9.623758770326695640e+02,2.443142255709604456e+02,2.155001768435458871e+02,9.954208618113018474e+02,9.689433590655796991e+01,-6.341732612128989643e+01,4.800144395732887119e+02,4.867177675727654105e+02,-9.069514246178400185e+00,8.961872472467758826e+02,4.893101760772721853e+00,7.291245281275084977e-01,-1.177435289373038430e+00,2.395150945079603844e+02,-1.210199870094172780e+01,5.051953405625807250e+02,2.351219428476811402e+02,-4.904333962407571335e+01,3.506972105176344456e+01,3.274902330664665442e+02,-2.372049263982007687e+02,4.488741081551706316e+02
1.651031179081211064e+02,9.042763429494694094e+01,1.725737925935994781e+03,6.771555021870733526e+01,-8.419879057853324866e+01,1.415284284785098180e+03,1.854766793336602859e+02,2.654400976960471326e+02,1.440148542238316622e+03,1.723221621651945270e+02,-1.527001417488075106e+02,1.122470021241331551e+03,3.668876029876356029e+02,2.792577360580412460e+02,1.163680121058655459e+03,4.306925361592095101e+02,-8.597851176811383311e+01,1.169010071748532482e+03,5.204048153016502738e+02,1.334579124773521528e+02,1.179636171346931633e+03,6.057687267523025554e+01,1.556195064210303869e+01,9.613523663237592700e+02,2.432738346111905514e+02,2.206849616871040496e+02,9.929735647344427889e+02,9.626297523693224889e+01,-5.999825617230141006e+01,4.796887953059722918e+02,4.822836946187317153e+02,-7.483416622110281580e+00,8.847563095776768023e+02,4.636364014360212948e+00,8.433973176514192316e-01,-1.370574955684797036e+00,2.421101283552044094e+02,-1.642004277356730668e+01,4.922787773976917265e+02,2.353109692761801170e+02,-4.856959327088009104e+01,3.513108323793622390e+01,3.313745832422418403e+02,-2.436043925150872553e+02,4.390159031500968467e+02
1.675275189340193549e+02,9.389262160505475663e+01,1.723766160034081395e+03,7.186545102844729627e+01,-8.174548983789792089e+01,1.411953156748845913e+03,1.872215523390187570e+02,2.690834717919941568e+02,1.437827353470083608e+03,1.748888164222032060e+02,-1.454485830445708814e+02,1.115150419632801913e+03,3.653956712660665858e+02,2.882513589286082265e+02,1.157783761851318559e+03,4.373995744721701158e+02,-8.011393209150959649e+01,1.143851355302270349e+03,5.244493632332680590e+02,1.467187167804715386e+02,1.157717261902467271e+03,5.884230720475220267e+01,2.216921505623780320e+01,9.593700339671632946e+02,2.420366773516371950e+02,2.267046345019258808e+02,9.897421358535461877e+02,9.609335682281042068e+01,-5.641113130615766380e+01,4.793660688086245045e+02,4.778244813541401186e+02,-4.403948044111264615e+00,8.719515018100977386e+02,4.348689388113450960e+00,1.230009381606815166e+00,-1.303722255165384869e+00,2.470643980903527392e+02,-2.119719872441572406e+01,4.772009373815344588e+02,2.357233800265149455e+02,-4.835041011191513149e+01,3.527428668259387479e+01,3.371283877040866628e+02,-2.503148799630470478e+02,4.279636466827857930e+02
1.699786110933277712e+02,9.871264632231554970e+01,1.720802512473739398e+03,7.598357240709853500e+01,-7.847259949044087080e+01,1.407730596151970531e+03,1.888582698703410188e+02,2.735620006102236630e+02,1.434478408302190928e+03,1.767981338766464319e+02,-1.381438223988814116e+02,1.107257470350770973e+03,3.635890101172132063e+02,2.972141788128579947e+02,1.151503078339274452e+03,4.426380503687722694e+02,-7.437659063507567225e+01,1.117572609737021821e+03,5.273237323479943370e+02,1.601753287216606907e+02,1.135516771004661678e+03,5.687774743924774867e+01,2.966954959605902786e+01,9.564735098368317949e+02,2.406120826073825469e+02,2.334471217853732696e+02,9.858847024962476553e+02,9.653169422023385948e+01,-5.293289392316776798e+01,4.791214591486372001e+02,4.733865219086330853e+02,-7.307790635440009064e-02,8.581174248572721126e+02,4.006824599507395668e+00,1.666173904098791070e+00,-8.525499788367674192e-01,2.544391602100640739e+02,-2.640952967499216086e+01,4.605677760416478463e+02,2.362418868305731223e+02,-4.845090112514520797e+01,3.554605854892243855e+01,3.444848934511230709e+02,-2.572791952424435067e+02,4.163234799734437956e+02
1.723703165709507346e+02,1.046136109080373160e+02,1.716762534417925963e+03,8.009402690541266168e+01,-7.449785741228517111e+01,1.402463879721681678e+03,1.903900509645227146e+02,2.787561730898110000e+02,1.430010325042989734e+03,1.781646048907892634e+02,-1.307293839767202144e+02,1.098533872232473186e+03,3.614145005122725252e+02,3.060756961608225879e+02,1.144819744044429171e+03,4.464117609294350473e+02,-6.910874237203975667e+01,1.090101498298259912e+03,5.289825805876376990e+02,1.737303136457325650e+02,1.113108392790388280e+03,5.465678876020701438e+01,3.776830579670436805e+01,9.528630807864393546e+02,2.390235484969453239e+02,2.408001890015292190e+02,9.816073450349384757e+02,9.772280635335471288e+01,-4.974445602743639228e+01,4.789170302916280662e+02,4.689802949052971712e+02,5.252797131363078798e+00,8.435306136998660804e+02,3.550930571219295118e+00,1.879208614163299540e+00,-2.324234538798235217e-02,2.641475342852012318e+02,-3.206635384037274861e+01,4.429430872547944205e+02,2.367192725828551545e+02,-4.878355045557054837e+01,3.590839944271114348e+01,3.534616949556376539e+02,-2.643159297224966053e+02,4.047725929394124478e+02
1.746211343598502879e+02,1.110120519270339230e+02,1.711735461900738073e+03,8.424198255661718804e+01,-7.014630565505852644e+01,1.396172329641687611e+03,1.918148538941969719e+02,2.844489024064648106e+02,1.424616002580549093e+03,1.792530735831674349e+02,-1.232584501653194877e+02,1.088883446821033431e+03,3.589367974304455515e+02,3.150625241187015035e+02,1.137957064616942716e+03,4.487519271014746778e+02,-6.420060639546464643e+01,1.061438596330779319e+03,5.295510623754479411e+02,1.876636320788270496e+02,1.090706047118154856e+03,5.232923357736195413e+01,4.601566214308483893e+01,9.487909456941042663e+02,2.372989969842534492e+02,2.486015633690563789e+02,9.770391598366953758e+02,9.978081500000332937e+01,-4.690659657805541372e+01,4.786217683446506612e+02,4.645777670896138147e+02,1.142502170332450184e+01,8.282677816790815086e+02,2.937055364301646598e+00,1.668461517563996299e+00,1.039184573246121346e+00,2.760287039985632873e+02,-3.824231790869249892e+01,4.246400075237344254e+02,2.370450952125704589e+02,-4.914986157220175045e+01,3.622617551419401849e+01,3.644183394803192186e+02,-2.711843592055417389e+02,3.938326792558586931e+02
1.767082554322030887e+02,1.172490957282641375e+02,1.705922552276766055e+03,8.848488823639834777e+01,-6.579840775908478179e+01,1.389045159379656297e+03,1.931150288204164553e+02,2.903581731659769503e+02,1.418675313899908133e+03,1.803493007012991427e+02,-1.159353766187278865e+02,1.078360252431579511e+03,3.563110156573624749e+02,3.245314167483969072e+02,1.131323774742663090e+03,4.496341210542474869e+02,-5.924437551205872410e+01,1.031719645824887948e+03,5.292971368655222477e+02,2.024620844315703039e+02,1.068840312530055371e+03,5.016234258764946219e+01,5.394140807832468454e+01,9.444771333205762858e+02,2.354529902866458997e+02,2.566023930322004958e+02,9.721897576309843316e+02,1.027579905264003486e+02,-4.438303992572308942e+01,4.780990597122907388e+02,4.601105935457644023e+02,1.841832960481001180e+01,8.121941209637889187e+02,2.190308516457287080e+00,9.869538158410257056e-01,2.116854995860423916e+00,2.899700471306500731e+02,-4.504766715567671298e+01,4.056872735128306431e+02,2.371932512645180111e+02,-4.932327562238211982e+01,3.631739749389683425e+01,3.779233044617855626e+02,-2.777122698928844784e+02,3.837644222296034400e+02
1.786852066258187222e+02,1.228531351796910798e+02,1.699578337980319247e+03,9.288442145790044435e+01,-6.172767720335343711e+01,1.381374127670996586e+03,1.942847133994130786e+02,2.962187201487541870e+02,1.412590508235485458e+03,1.816544320764587610e+02,-1.089994796764108003e+02,1.067132247101580788e+03,3.537439120959617753e+02,3.347045884676314245e+02,1.125314722151876140e+03,4.489410228710851243e+02,-5.381164008207422711e+01,1.001273462131460406e+03,5.285486786495619072e+02,2.185189350721572907e+02,1.048246200177508399e+03,4.842682322983771570e+01,6.123997375689498313e+01,9.400605476692318234e+02,2.334726444350751535e+02,2.645262561524361900e+02,9.669878512124704457e+02,1.066372134577350295e+02,-4.206966722901336198e+01,4.772949367035499222e+02,4.554702969564966679e+02,2.628344442338741160e+01,7.950691874593343300e+02,1.435148467317556298e+00,-4.421525047266149089e-02,3.020260902337080555e+00,3.060307596459030037e+02,-5.254715931607437085e+01,3.859770940256584595e+02,2.372338076967745053e+02,-4.913146814538470863e+01,3.603939952292031279e+01,3.945135695402533997e+02,-2.839039970425691877e+02,3.746328417212224053e+02
1.806425518750195351e+02,1.276876217038085883e+02,1.692960703671767078e+03,9.749131644356683069e+01,-5.801199011256288429e+01,1.373435898914194695e+03,1.953678775760947701e+02,3.018797311999230715e+02,1.406637891306009124e+03,1.832287318639134526e+02,-1.025518514856264432e+02,1.055425900325767770e+03,3.514662124801152459e+02,3.454959353592998355e+02,1.120096574773913062e+03,4.464980276924908367e+02,-4.768858784465054867e+01,9.706123687485593337e+02,5.276003671067296636e+02,2.359018620906203125e+02,1.029517191130524907e+03,4.729040721212734155e+01,6.791972520279524872e+01,9.355764172384330095e+02,2.313184284298266675e+02,2.722093571129016709e+02,9.613420015490020205e+02,1.113603070825491272e+02,-3.981443633952061845e+01,4.762593611674438989e+02,4.505194421639185975e+02,3.510319691277582876e+01,7.766952739631055920e+02,8.818193282106052688e-01,-1.182676132211534448e+00,3.667147709200187400e+00,3.244849159003155137e+02,-6.068443459519723859e+01,3.654893474909419524e+02,2.373082259159494924e+02,-4.850394498663597176e+01,3.535853818817380301e+01,4.144640009414338238e+02,-2.899559126399915954e+02,3.664774601893688555e+02
1.826327426839523014e+02,1.319126786446271922e+02,1.686276672990238467e+03,1.023213710325019150e+02,-5.455173367758153091e+01,1.365369969686809100e+03,1.964672797288228310e+02,3.073598859306559916e+02,1.400895885722365165e+03,1.849784251493774434e+02,-9.649060779528845444e+01,1.043453778994520007e+03,3.497132255711778726e+02,3.565572857836596654e+02,1.115510896114242541e+03,4.421688578771533571e+02,-4.097303936327507046e+01,9.403262770939106758e+02,5.266608898474164562e+02,2.543402737337046915e+02,1.012768614467240582e+03,4.677427727182990935e+01,7.431726178514647074e+01,9.309469702184009066e+02,2.289413889698217304e+02,2.797209319216099743e+02,9.551657001530898015e+02,1.168773545121038069e+02,-3.744058681150625034e+01,4.750848895513323669e+02,4.451227800016314973e+02,4.498228674436034424e+01,7.570252177368109869e+02,7.610546801001217831e-01,-2.144766764497785250e+00,4.100250035363120382e+00,3.457192292935432079e+02,-6.925081199588423431e+01,3.444502268099124649e+02,2.375798795680163664e+02,-4.747390577469540318e+01,3.436227771254631591e+01,4.376542325505711233e+02,-2.961387700091106581e+02,3.594562482505936032e+02
1.846100938915150493e+02,1.358102243434885281e+02,1.679617845965159177e+03,1.073320838476911092e+02,-5.116303109192630671e+01,1.357106045468428647e+03,1.977029436387364569e+02,3.128198844661739031e+02,1.395257257655774538e+03,1.866749821873259805e+02,-9.062602881277491917e+01,1.031341769993221533e+03,3.486879123215610434e+02,3.675162741155909316e+02,1.111139202236077608e+03,4.359603510206581518e+02,-3.402734917238954893e+01,9.109222616895830242e+02,5.258535977611899170e+02,2.734320395916606117e+02,9.975502012403770777e+02,4.678591389892007868e+01,8.094700822478844771e+01,9.259833512955035530e+02,2.263059384066089592e+02,2.873641529933926222e+02,9.483581737299266479e+02,1.231842733469483733e+02,-3.478539157999400544e+01,4.738114689442814438e+02,4.391995147576806744e+02,5.605273710114416730e+01,7.361954973430983955e+02,1.223317318339629534e+00,-2.686846151796684179e+00,4.444717852183097229e+00,3.700023741295289597e+02,-7.787862101601210441e+01,3.233381028873238847e+02,2.381784504490463235e+02,-4.614651570551684756e+01,3.321091757152798607e+01,4.635648937595814232e+02,-3.025577675495671883e+02,3.538610049338051340e+02
1.864324482095877329e+02,1.396009021493069895e+02,1.672904079151256838e+03,1.124173861324652108e+02,-4.768323005824211691e+01,1.348374056403917621e+03,1.991361643567750264e+02,3.184635147892215628e+02,1.389490832166549581e+03,1.880108288677962776e+02,-8.488153147581483893e+01,1.019087736869624905e+03,3.484878046795279829e+02,3.782435148255253239e+02,1.106473669429824440e+03,4.280716369380283481e+02,-2.734221751785095833e+01,8.826959728314693621e+02,5.252419260509520882e+02,2.929323419798502073e+02,9.830738446627824487e+02,4.719722318583838927e+01,8.826210939647471321e+01,9.204099928254827319e+02,2.234027384723251828e+02,2.955420134975862538e+02,9.407818359160338559e+02,1.303243980929729275e+02,-3.174274918770279896e+01,4.723722033873780788e+02,4.327863736394962189e+02,6.846344148839469312e+01,7.145084690535228447e+02,2.245422676251390026e+00,-2.665065427854696800e+00,4.838698588508397513e+00,3.972385138536558316e+02,-8.600792154325576178e+01,3.027538244627633617e+02,2.391565101709871044e+02,-4.465577595578832160e+01,3.206224928098396276e+01,4.913863924863348984e+02,-3.088682379069857689e+02,3.499994867046797822e+02
1.879333075456552535e+02,1.433641619240584646e+02,1.665869552214533769e+03,1.174338280825230072e+02,-4.403993179587875773e+01,1.338792518988679603e+03,2.007065530202161483e+02,3.244255269800722772e+02,1.383308893611775147e+03,1.886961682413049175e+02,-7.940194082723520808e+01,1.006574825710218079e+03,3.490178190557047628e+02,3.889746212417967968e+02,1.101091509797517347e+03,4.188429838126622258e+02,-2.138780291809276335e+01,8.556996623950157073e+02,5.248459449990708663e+02,3.129550885221938188e+02,9.686166575002454238e+02,4.791920338840161264e+01,9.645958369950389510e+01,9.139224596141770007e+02,2.202429685260388794e+02,3.045658036525279613e+02,9.322823457815769643e+02,1.383575621323479652e+02,-2.828220152506499474e+01,4.706221163038359805e+02,4.260911920163716786e+02,8.234747590075647850e+01,6.924074141323613958e+02,3.598311155760334223e+00,-2.063059016220095021e+00,5.377455022304857835e+00,4.268495899198671850e+02,-9.281165562002050251e+01,2.832525638337434088e+02,2.404712973845305726e+02,-4.312829704065183023e+01,3.101162130951236762e+01,5.201961771409459061e+02,-3.140786668822470347e+02,3.480263839256013512e+02
1.890261751513080526e+02,1.470847158262398011e+02,1.658113470842385141e+03,1.222529676980383471e+02,-4.026703360018649391e+01,1.327997707699311832e+03,2.022316661051695235e+02,3.307150282264228736e+02,1.376416358627705677e+03,1.885729282654669134e+02,-7.446627629087055311e+01,9.936334652686603022e+02,3.499550128673738527e+02,4.002177029770530794e+02,1.094756483974257208e+03,4.086122551927537643e+02,-1.651327339483161438e+01,8.298065458864821267e+02,5.246482359976165526e+02,3.339843449596155551e+02,9.538647783758145806e+02,4.893777222591443632e+01,1.054251956330149227e+02,9.062715749569829313e+02,2.168374615592986743e+02,3.145150800967938380e+02,9.227540704796366526e+02,1.473212687648760948e+02,-2.443178284287186486e+01,4.684263023232346654e+02,4.195127737912229691e+02,9.778933978292174345e+01,6.704592039081060193e+02,4.909446689986967094e+00,-9.866475212037528753e-01,6.092947558238753558e+00,4.578600787859405727e+02,-9.714098684654993576e+01,2.652338739480707659e+02,2.419972026957916285e+02,-4.166293600737691349e+01,3.007142625894105947e+01,5.491495950882690522e+02,-3.165740275420616854e+02,3.478154715738634764e+02
1.897778947668350327e+02,1.507601215830351578e+02,1.649206763925649284e+03,1.268130647668619417e+02,-3.647298745966048017e+01,1.315764587687655421e+03,2.034851719587867649e+02,3.372469621787269602e+02,1.368546077337704446e+03,1.876886160604605038e+02,-7.027320542944812587e+01,9.801227642686515082e+02,3.508323287054918183e+02,4.125109492609621498e+02,1.087439106667517763e+03,3.975499142465702676e+02,-1.291453622290213943e+01,8.048190174947070545e+02,5.246144289010181865e+02,3.566937538904488179e+02,9.390321197402387270e+02,5.030200939572776520e+01,1.148153058483667337e+02,8.973435212457591206e+02,2.131740472996220035e+02,3.252149102303173436e+02,9.122038689224182235e+02,1.572050018687424142e+02,-2.024509804810401903e+01,4.657376402178151125e+02,4.136063813583383535e+02,1.148106922089137782e+02,6.493145147232030467e+02,5.805376167138011745e+00,3.695750871786787628e-01,6.963089734172402956e+00,4.891294318838151867e+02,-9.759974028078538311e+01,2.489148670780458588e+02,2.435659973584207876e+02,-4.032724611737529585e+01,2.918703736169324969e+01,5.776260066264533179e+02,-3.144225358402298411e+02,3.489097079876396492e+02
1.904024028288922636e+02,1.544743756349787418e+02,1.638819992483568285e+03,1.311372887749507754e+02,-3.277524330515635143e+01,1.302082370962854839e+03,2.043180897830235097e+02,3.439338606172173058e+02,1.359500095707329365e+03,1.862742194632703558e+02,-6.678179311640204219e+01,9.660008286319256285e+02,3.512424323908997508e+02,4.261702525532901404e+02,1.079305777899754958e+03,3.855726766261046805e+02,-1.064658913993368117e+01,7.805656920350891141e+02,5.247386267377745526e+02,3.816558681984570285e+02,9.247525808570053414e+02,5.207892308762383493e+01,1.241945110955937679e+02,8.871985054552451402e+02,2.092094664080320854e+02,3.363215350500536829e+02,9.007583463695989394e+02,1.679395233075632632e+02,-1.578928909232608824e+01,4.626045620680315551e+02,4.089857491533041980e+02,1.333646147864992599e+02,6.296024302023680548e+02,6.070720066728702236e+00,1.775633418524524609e+00,7.928664452099683402e+00,5.195934040595135457e+02,-9.281358340755667768e+01,2.343356970709344864e+02,2.450227095230996497e+02,-3.916546789013180074e+01,2.827060489078443695e+01,6.052826889979122598e+02,-3.059008161505620933e+02,3.505332575667122228e+02
1.911719981554559524e+02,1.583821584322443243e+02,1.626829527790390557e+03,1.353038023848484670e+02,-2.922496387135106488e+01,1.287167593077394713e+03,2.047514029309505190e+02,3.507680883124255047e+02,1.349206876886657028e+03,1.846190068693442186e+02,-6.374721115893323997e+01,9.513641406391737974e+02,3.510648958074700090e+02,4.411550149727775647e+02,1.070727128948198697e+03,3.723986000182087537e+02,-9.642915568104562851e+00,7.569662487978063155e+02,5.250803678293243593e+02,4.090738333943770044e+02,9.118708993363346735e+02,5.430127569639784468e+01,1.331454947697025375e+02,8.760483041031109224e+02,2.048862373649683946e+02,3.474574747069271439e+02,8.886033500590261838e+02,1.793922399475442830e+02,-1.116831328169277704e+01,4.591081804121920982e+02,4.061739802659501493e+02,1.533182382788475309e+02,6.117575144157320892e+02,5.741653618810999227e+00,3.029829604404599586e+00,8.902040649987311483e+00,5.484041040546079557e+02,-8.182691415683572700e+01,2.213341367109488829e+02,2.462769477603617929e+02,-3.820729630521674380e+01,2.723508850580230600e+01,6.320092105214677076e+02,-2.900341164198961224e+02,3.516477943055929813e+02
1.922915258780969054e+02,1.626220134063754017e+02,1.613364371673121013e+03,1.393840713023772366e+02,-2.576044817750416271e+01,1.271410953014353709e+03,2.049766496911269655e+02,3.578332402174658569e+02,1.337774166632870674e+03,1.829020862524674271e+02,-6.093081007439756291e+01,9.364417449136908544e+02,3.505721583192897697e+02,4.571057168265889459e+02,1.062294539259533622e+03,3.577190945354258815e+02,-9.733964784380022550e+00,7.340674683907587905e+02,5.257438473694753611e+02,4.386695551547931586e+02,9.012581409554948095e+02,5.693510544223747871e+01,1.413280569733672394e+02,8.641835243663045958e+02,2.001706034332784157e+02,3.583370509024806552e+02,8.758999117897728866e+02,1.913677567954643166e+02,-6.551713413577513911e+00,4.552870258256363059e+02,4.054448562956852697e+02,1.744349277501225401e+02,5.958475233135262670e+02,5.080095083848125803e+00,4.021837446369005420e+00,9.771904057227414953e+00,5.749636636383520454e+02,-6.442298943675929479e+01,2.094853918433836668e+02,2.473268387977928171e+02,-3.746484366912510211e+01,2.601965604337160798e+01,6.578305059676987412e+02,-2.668819586644199262e+02,3.510652636760809742e+02
1.938025305174725474e+02,1.672316181050460102e+02,1.598769271217040568e+03,1.433874505372229180e+02,-2.222640631623864493e+01,1.255264874342004759e+03,2.052570149062644305e+02,3.652379314258222962e+02,1.325493028144422397e+03,1.810750102932263417e+02,-5.832367179300983651e+01,9.215341696412999681e+02,3.503288211000102592e+02,4.735158290882013716e+02,1.054774240873660119e+03,3.413848549568180033e+02,-1.070139340878164447e+01,7.120465396301202645e+02,5.267932831398878761e+02,4.697953350888558361e+02,8.936869533671556383e+02,5.988089875761426129e+01,1.485232368703191241e+02,8.518840275319425928e+02,1.950920319897313675e+02,3.688539778807801781e+02,8.627384437843059004e+02,2.036244667457556830e+02,-2.156121599080211393e+00,4.511171003843953144e+02,4.067181792641093239e+02,1.964055612159389455e+02,5.815105922066995845e+02,4.437581651014649076e+00,4.780675546425604772e+00,1.042124830969230409e+01,5.989224569342245559e+02,-4.114088387690722470e+01,1.980762797055758710e+02,2.482416271482274794e+02,-3.691243091729464965e+01,2.460443799255273589e+01,6.828311527458686214e+02,-2.373811843513694271e+02,3.476349099997365784e+02
1.955672561080642140e+02,1.721401745073017082e+02,1.583485609513968029e+03,1.472462395761949381e+02,-1.845999652388076129e+01,1.239100964983822678e+03,2.057897767661939952e+02,3.730266426642533020e+02,1.312760995274702964e+03,1.788609586441328645e+02,-5.621066942099604802e+01,9.069082047830687543e+02,3.509314950483881148e+02,4.899394053989666986e+02,1.048944283371030906e+03,3.234884665365024148e+02,-1.240275890721332530e+01,6.911684198718221523e+02,5.281628477084124142e+02,5.017122992757192605e+02,8.897303398076918484e+02,6.300234774475999444e+01,1.547012235751715821e+02,8.393491380428189359e+02,1.897588588432673475e+02,3.791249061996495584e+02,8.491592580144817930e+02,2.159121395778924750e+02,1.845294246129641103e+00,4.465667988847523020e+02,4.095660830634507761e+02,2.189667644326472384e+02,5.680777406162590069e+02,4.081784154148908605e+00,5.486406899178295937e+00,1.076770743253438134e+01,6.201947201335432283e+02,-1.291163751389533232e+01,1.861975427788891864e+02,2.491101501613699440e+02,-3.646022122865471005e+01,2.301588691551540222e+01,7.071383334446471736e+02,-2.027814194802251677e+02,3.404822227377922559e+02
1.973380331991656647e+02,1.772619140786390517e+02,1.567890433418226621e+03,1.508478422269923840e+02,-1.438924864838347517e+01,1.223095722874074227e+03,2.066190398960943639e+02,3.811425492677826696e+02,1.299942175860619045e+03,1.758635519596825532e+02,-5.501733185374609292e+01,8.926966315440016615e+02,3.527393359102923114e+02,5.061318270902148129e+02,1.045351003687970660e+03,3.042889050635754984e+02,-1.492635833969458403e+01,6.717065220029309103e+02,5.296373887696573775e+02,5.338677849901906711e+02,8.896601790477690201e+02,6.616193945449136038e+01,1.600996812494227868e+02,8.266704047243773630e+02,1.843355061750679624e+02,3.894783149044336596e+02,8.352132811958344973e+02,2.280129664734213861e+02,5.446380989860329258e+00,4.416819030920922842e+02,4.133432230085041965e+02,2.420713441287376497e+02,5.548580796360569138e+02,4.083727925747304255e+00,6.423522631755982815e+00,1.081154723524559813e+01,6.389684549567290333e+02,1.951855870224966338e+01,1.729738555837191143e+02,2.499841608017181898e+02,-3.594788738729928923e+01,2.132507955123778842e+01,7.309355202624695949e+02,-1.639540219371268961e+02,3.292268651587588693e+02
1.988734819958120852e+02,1.826402022661925173e+02,1.552165819441472422e+03,1.540886645489933073e+02,-1.006404733976283872e+01,1.207208617096883700e+03,2.076515196841081945e+02,3.894756915997080569e+02,1.287232313904267585e+03,1.717152121175364812e+02,-5.503443388518645918e+01,8.788727300179024269e+02,3.557397827582571495e+02,5.220701324496202460e+02,1.044108013936522639e+03,2.840241394915743740e+02,-1.865425032791683435e+01,6.538728950834149600e+02,5.309284373932392782e+02,5.659957073867730060e+02,8.933797615980943192e+02,6.924425042321830404e+01,1.652434787438363344e+02,8.138481625936215096e+02,1.789897615158169515e+02,4.003670402257852743e+02,8.210065622073926761e+02,2.397559579524755691e+02,8.877105507881033475e+00,4.366296525590421993e+02,4.173914107901377406e+02,2.660004483510039677e+02,5.414583943608996606e+02,4.327786090254216234e+00,7.871725830389530998e+00,1.065810834815840558e+01,6.556416318880616245e+02,5.603595567958920043e+01,1.578545614644324360e+02,2.508497138052902358e+02,-3.518269843461202839e+01,1.963925855197600256e+01,7.544409795596418462e+02,-1.209594520238697442e+02,3.140933256741590753e+02
2.000431581096881644e+02,1.885400257232342085e+02,1.536266775491185172e+03,1.569107987139606735e+02,-5.577269536611082934e+00,1.191275351469205589e+03,2.087563000961010573e+02,3.979559742085531298e+02,1.274605171353292235e+03,1.661806976443409951e+02,-5.619785071623117290e+01,8.653373985849518704e+02,3.595953618371026437e+02,5.378700743844152612e+02,1.044862741360504970e+03,2.627323105538278583e+02,-2.412996889498043984e+01,6.378081647066290998e+02,5.317950779678870958e+02,5.979915698573423697e+02,9.004505367126807869e+02,7.216384452980339859e+01,1.708366663388363804e+02,8.008341874392310729e+02,1.738392139161159946e+02,4.122017748792137013e+02,8.066877493339899274e+02,2.509937478010330949e+02,1.254577116147668825e+01,4.316626085800797910e+02,4.212268665582546987e+02,2.913089456551955436e+02,5.279669277695599021e+02,4.627869096512907454e+00,9.967465597406242495e+00,1.048783900908688160e+01,6.706513761993289791e+02,9.718200097447231656e+01,1.408296708525942051e+02,2.516401843634302793e+02,-3.402094196525427350e+01,1.808344498823782232e+01,7.778070817393484049e+02,-7.312210290110489552e+01,2.958628995977214231e+02
2.008731511050748963e+02,1.954003988375330607e+02,1.520008250196246991e+03,1.592971335661036107e+02,-9.113074467569644010e-01,1.175168944294779294e+03,2.098765189866677758e+02,4.066071085246503003e+02,1.261874042828608481e+03,1.591669242682865786e+02,-5.805795894431724236e+01,8.520819753180808220e+02,3.638105851913995252e+02,5.536700530912296472e+02,1.046967477957221035e+03,2.402011103080674559e+02,-3.176483835978617876e+01,6.236389528101636870e+02,5.321273983154923144e+02,6.296950722198851054e+02,9.102342288011333267e+02,7.486978626417753446e+01,1.775319475597494545e+02,7.875752331237689532e+02,1.689289248312095424e+02,4.251607754215985437e+02,7.923848531977648690e+02,2.615686709339418599e+02,1.686300389064129845e+01,4.270237957418305541e+02,4.246260506518951274e+02,3.185999965242593248e+02,5.148906369956466733e+02,4.865540659342303620e+00,1.260524977368798183e+01,1.047949130622934177e+01,6.842440927823513448e+02,1.437286202805743471e+02,1.224560703764504552e+02,2.522758349862479008e+02,-3.245593394647738705e+01,1.677058632634103219e+01,8.009608952916895532e+02,-1.954470441343701026e+01,2.756734016843188328e+02
2.015165867074922517e+02,2.036429892508090802e+02,1.503226350460365893e+03,1.612324486051320491e+02,4.195222907932028455e+00,1.158935049078012071e+03,2.110809731343529450e+02,4.155062689443109889e+02,1.248836926643794641e+03,1.506503280243403253e+02,-5.993941191626269216e+01,8.393300722385001791e+02,3.679151675286214527e+02,5.695566157712008817e+02,1.049775811942347445e+03,2.160917419904906467e+02,-4.155967624414319772e+01,6.115574299839844343e+02,5.319438791994853091e+02,6.607937082183376560e+02,9.220996622014820332e+02,7.735748791755395359e+01,1.856837679294524150e+02,7.740402985974124022e+02,1.642539119423835530e+02,4.390823313885484254e+02,7.781387525227924016e+02,2.713127191889071241e+02,2.204771091297633490e+01,4.228553929527075184e+02,4.275825093237288002e+02,3.482566409740678068e+02,5.028691290846132915e+02,5.057649721373842056e+00,1.544741950561751764e+01,1.072790134263359896e+01,6.962889394112817172e+02,1.960954736375530842e+02,1.036685959712948488e+02,2.527006599535086480e+02,-3.065791502669182833e+01,1.576736443629837581e+01,8.234641544915855320e+02,4.028869560350864987e+01,2.547255992059285461e+02
2.021683642747152874e+02,2.134377816299625579e+02,1.485927351649797629e+03,1.626636210514732568e+02,1.026492348788610620e+01,1.142825761486949887e+03,2.125295763532390083e+02,4.246739062917786782e+02,1.235426970176230498e+03,1.405856590807899522e+02,-6.117512285292087881e+01,8.275696237678691887e+02,3.715884720332512643e+02,5.855603179481764755e+02,1.052916561469626913e+03,1.901862677440566074e+02,-5.303189842153730638e+01,6.018603052670041507e+02,5.313183956457263548e+02,6.909530745911151826e+02,9.356004491727030654e+02,7.968187377557384821e+01,1.952300086164788979e+02,7.602324293015975627e+02,1.598117877609148252e+02,4.535264717998948072e+02,7.638844813701549583e+02,2.801006616259913926e+02,2.803917557969547758e+01,4.191657217813866509e+02,4.301779212471182063e+02,3.802977509242932683e+02,4.923162760676050880e+02,5.316282454971497096e+00,1.805809922005499502e+01,1.120661819940187165e+01,7.062220928802120170e+02,2.539948772422769423e+02,8.545911819226455464e+01,2.528968966529595264e+02,-2.893129687857917176e+01,1.507085407244833064e+01,8.444777302184871814e+02,1.061960079207709242e+02,2.339893920135884002e+02
2.029676406605780699e+02,2.245736289810466815e+02,1.468347183575014469e+03,1.634930662459684925e+02,1.794388852358218855e+01,1.127225876381055969e+03,2.143831997475984394e+02,4.339828980119139601e+02,1.221788822740271144e+03,1.288748774032998767e+02,-6.128484186860951866e+01,8.174572475952038531e+02,3.747068698642340223e+02,6.016922644718213178e+02,1.056415329602635893e+03,1.626402221915928976e+02,-6.540121220998420881e+01,5.949177212034635431e+02,5.302966955568406320e+02,7.200666529427297746e+02,9.505513504272533964e+02,8.195322989356753851e+01,2.057761232668443370e+02,7.461990616170481871e+02,1.556519646928068994e+02,4.679916848946241998e+02,7.494964701031035474e+02,2.879266006901071364e+02,3.456559799524939081e+01,4.158647152465704266e+02,4.324507321613557451e+02,4.144305651921981735e+02,4.831810965079877178e+02,5.740004345599769131e+00,2.009650684513108487e+01,1.179711777205860912e+01,7.131431362111204635e+02,3.164861109361210652e+02,6.857065165659071226e+01,2.528784584947972292e+02,-2.760471309734035472e+01,1.460975869249986658e+01,8.628657816488156413e+02,1.773851676168697509e+02,2.140099468240959482e+02
2.039354163877171402e+02,2.365315165496392638e+02,1.450895873414550579e+03,1.636161284477112474e+02,2.775371238362609816e+01,1.112531818668108144e+03,2.167190324069997303e+02,4.431728213934261476e+02,1.208245363308135893e+03,1.154355863629462533e+02,-6.004373092160134462e+01,8.096536569654272171e+02,3.773339178873077913e+02,6.179704632632709718e+02,1.060621247444519668e+03,1.341140343639335697e+02,-7.790645209937736126e+01,5.911004642803643492e+02,5.288624893128081794e+02,7.483891923394301102e+02,9.669951715951684719e+02,8.430593697863488956e+01,2.168244273623369907e+02,7.320505669738840879e+02,1.518904329600009078e+02,4.821641303143339883e+02,7.348698274245888342e+02,2.949448200824937771e+02,4.130526594933519391e+01,4.128332778617653389e+02,4.343320244052857220e+02,4.502282767906434628e+02,4.749495272590211812e+02,6.319369854937180619e+00,2.145550940027496267e+01,1.236108310828176826e+01,7.160173612284461342e+02,3.823043399884124938e+02,5.333581877689599082e+01,2.526774000014866317e+02,-2.691359441631669114e+01,1.427193895816459701e+01,8.774013841857886291e+02,2.527625994795560587e+02,1.948834333855000125e+02
2.049771660014393717e+02,2.487415100674362236e+02,1.434021122841306806e+03,1.629816172289332314e+02,3.985038359459272783e+01,1.099056876909863604e+03,2.195009739743736645e+02,4.519848395255037303e+02,1.195179473181470485e+03,1.003318707103247505e+02,-5.745847166367303060e+01,8.046746907038660765e+02,3.796769054733950384e+02,6.344131085943166681e+02,1.065994871299175657e+03,1.057040269761980653e+02,-9.003798003401234951e+01,5.907291606247147229e+02,5.269783760862418376e+02,7.763931034406791696e+02,9.851016520431819572e+02,8.685350887702136902e+01,2.280070658546173377e+02,7.179770348776097535e+02,1.486809220780443752e+02,4.960515516891640004e+02,7.199897819386536639e+02,3.014322655446016483e+02,4.802155084667382567e+01,4.099778793929498875e+02,4.356655359091592459e+02,4.872949911285530220e+02,4.668762156602770688e+02,6.925302953533115868e+00,2.226042613497952161e+01,1.280428384774097417e+01,7.139047564755325084e+02,4.501805506538609052e+02,3.970558151175262651e+01,2.523358910204755716e+02,-2.693869640602613202e+01,1.394541273392498049e+01,8.869857506166960093e+02,3.311942388883891795e+02,1.764038906224090226e+02
2.059484092035957019e+02,2.608935513960267940e+02,1.418058429909556935e+03,1.616358269762486941e+02,5.392628750733224052e+01,1.086995338943991328e+03,2.226123952692113903e+02,4.603461717237500466e+02,1.182895388690458958e+03,8.386904184977514376e+01,-5.367956939725535648e+01,8.028080479424399982e+02,3.820175086863268348e+02,6.510164354998954650e+02,1.072867052076636810e+03,7.867802326206525265e+01,-1.015401446760465944e+02,5.940864884123129741e+02,5.246797108461875041e+02,8.044074107933798814e+02,1.005044106246086358e+03,8.965681080515102508e+01,2.392064443736288410e+02,7.042371300255077813e+02,1.461604644381722267e+02,5.099343711756141602e+02,7.049554959199285804e+02,3.076807002093082133e+02,5.460181781935499856e+01,4.072417847235991530e+02,4.362754222688404866e+02,5.253334491182356487e+02,4.583201802658859378e+02,7.389444259564180939e+00,2.273805314517535692e+01,1.309047369566645536e+01,7.061423010502383022e+02,5.189837134280957116e+02,2.741919997334518300e+01,2.519072430296995435e+02,-2.762347144786602016e+01,1.355379851158087412e+01,8.907947452753860489e+02,4.116185439815468499e+02,1.583051583950508814e+02
2.067478184896333175e+02,2.731331215724918025e+02,1.403130804431144270e+03,1.597174523727343285e+02,6.933492487081414879e+01,1.076425583303546546e+03,2.259162370853526625e+02,4.684913462551215275e+02,1.171524254859743451e+03,6.656304287706437606e+01,-4.885911251042012537e+01,8.040913057482313206e+02,3.846137092882197521e+02,6.677469749986479428e+02,1.081271501140254259e+03,5.411507773543446831e+01,-1.122131034737457185e+02,6.014671900255593755e+02,5.221621864499135199e+02,8.322832328167012292e+02,1.026879517666859329e+03,9.272309703628374677e+01,2.505476868310740599e+02,6.910996065976815999e+02,1.444029524554273962e+02,5.241904122043700909e+02,6.899551839507628301e+02,3.138742568946029792e+02,6.102952288920160839e+01,4.045780721491201462e+02,4.360228909910372295e+02,5.641349314961919390e+02,4.490188541088713237e+02,7.621625476550815570e+00,2.305608445818929653e+01,1.320422047809734067e+01,6.924358670193088301e+02,5.877341198949503678e+02,1.621141647712911649e+01,2.514618578481889983e+02,-2.883977906334679631e+01,1.307340048537888499e+01,8.883131687256847044e+02,4.931125444174667791e+02,1.404812256540108706e+02
2.073857149498691967e+02,2.860297821736406263e+02,1.389131953116594786e+03,1.574007439025589008e+02,8.540668788238275511e+01,1.067313644142160683e+03,2.292934444655737707e+02,4.769397172572092245e+02,1.161007358690570754e+03,4.898128278663954660e+01,-4.297243400733871255e+01,8.083223792781534485e+02,3.875785528943887925e+02,6.845593348904643562e+02,1.090906418298090102e+03,3.261335777315775886e+01,-1.216829543780470431e+02,6.131955253142562015e+02,5.197933871304574041e+02,8.593311212880324774e+02,1.050450301168745000e+03,9.603210923864413928e+01,2.623341567597507265e+02,6.787488677625826767e+02,1.434073780958333089e+02,5.391270602949871318e+02,6.752122366602259262e+02,3.200191836414404065e+02,6.737298006000477812e+01,4.019124346026927697e+02,4.348098497132098146e+02,6.035679288345817213e+02,4.391832658855427667e+02,7.683905479248513082e+00,2.324867630720432388e+01,1.310219966835834526e+01,6.728555928219535645e+02,6.556309080397639946e+02,5.958074166824225415e+00,2.510908666705999224e+02,-3.044546303935492304e+01,1.253113773831080735e+01,8.792794256598538141e+02,5.750286156835943530e+02,1.230930909724425106e+02
2.079873343041697353e+02,3.003297835612652307e+02,1.375792384072226014e+03,1.548179459170330290e+02,1.018174594657068184e+02,1.059502878832224042e+03,2.326330956706062238e+02,4.863331376092207847e+02,1.151152170318621302e+03,3.155293508694941096e+01,-3.566624747177922927e+01,8.150900766105565936e+02,3.907656190355929198e+02,7.014291056405545532e+02,1.101224228720604742e+03,1.421861477181673905e+01,-1.293044436706598503e+02,6.295639025687914909e+02,5.180071477530200355e+02,8.845969021559943712e+02,1.075336825711772235e+03,9.957072848524933306e+01,2.750025791260385404e+02,6.671996360057004267e+02,1.431225967989319088e+02,5.549330636318471761e+02,6.609269077734578559e+02,3.259611400972021329e+02,7.383789721931891847e+01,3.991236582815553788e+02,4.325317357931776314e+02,6.436121832787265475e+02,4.293989651771309468e+02,7.769587989291337315e+00,2.327445764285090490e+01,1.270134861618815059e+01,6.477627782312745239e+02,7.221435320965899791e+02,-3.286579637128748566e+00,2.509012597094785235e+02,-3.229596607732104019e+01,1.199036204423559049e+01,8.636054207627034884e+02,6.571539013133565277e+02,1.065418276303717562e+02
2.087243004595868285e+02,3.166196564593313383e+02,1.362799977634508878e+03,1.520073079777976659e+02,1.188284356799941008e+02,1.052712164781379670e+03,2.357884711413090599e+02,4.972158504565998669e+02,1.141730095665144290e+03,1.448034600990507137e+01,-2.622569329799915749e+01,8.238356555476709673e+02,3.937139553219648747e+02,7.183862636982497634e+02,1.111605451085835512e+03,-1.379749287536160107e+00,-1.342354800353768951e+02,6.507093902020936866e+02,5.171043339222030681e+02,9.073269395763736611e+02,1.100891351794475895e+03,1.033578736930230662e+02,2.891047514484768612e+02,6.562746965984995313e+02,1.434870739399046897e+02,5.717596435816375333e+02,6.472321078091457593e+02,3.314756177106418136e+02,8.084238870412600875e+01,3.960513685246556292e+02,4.290254782916330782e+02,6.844052903614635852e+02,4.204105394538037785e+02,8.097658397777145467e+00,2.315224402720686925e+01,1.192259259818931127e+01,6.177163829699292137e+02,7.870693790505363268e+02,-1.134410371479284763e+01,2.509993817110184580e+02,-3.421813753550200232e+01,1.153210598168615064e+01,8.413352896328266297e+02,7.396978327752516407e+02,9.135207373100527661e+01
2.097054466132516666e+02,3.350644455564965369e+02,1.349930712398173455e+03,1.489200598127138164e+02,1.372594347531591268e+02,1.046577834868538957e+03,2.385416630172417740e+02,5.098600658276477020e+02,1.132577284208162837e+03,-2.182432973502245410e+00,-1.372132763348158946e+01,8.339526049683646534e+02,3.957011355964945665e+02,7.355423357876710497e+02,1.121551844857177912e+03,-1.449150440546349827e+01,-1.356027189042606551e+02,6.764807975606024684e+02,5.170499165430700259e+02,9.273785243818135768e+02,1.126352752188035083e+03,1.074517911961074361e+02,3.052494953474525801e+02,6.456711725316400816e+02,1.444577715668423252e+02,5.898347848199698547e+02,6.341746142668432640e+02,3.363818417045416140e+02,8.901569128001293052e+01,3.925190217595955460e+02,4.240710789763922435e+02,7.262172054661757556e+02,4.128980828597699997e+02,8.785560848673142686e+00,2.306083625919437452e+01,1.076479501632277369e+01,5.834040854403760932e+02,8.504263875700028166e+02,-1.800448210401178173e+01,2.514633836707836565e+02,-3.599040511456502145e+01,1.123640527000729250e+01,8.126643716655244134e+02,8.229671879417977607e+02,7.802484255424040782e+01
2.108820388744143202e+02,3.553284945402655808e+02,1.337146807202079344e+03,1.454867683028243164e+02,1.581746503980359648e+02,1.040750847969420420e+03,2.406138699005631167e+02,5.242026191554900834e+02,1.123668018307140983e+03,-1.833460029111878598e+01,2.694663113771738061e+00,8.449039200645157734e+02,3.959075998675103847e+02,7.531107101462007449e+02,1.130832319420909698e+03,-2.511657353588608999e+01,-1.326572203169580746e+02,7.063450097701485220e+02,5.173709864374542349e+02,9.453992660932509580e+02,1.150987173862561121e+03,1.119441591393852491e+02,3.239403260855493158e+02,6.350889598716204318e+02,1.460161681940054734e+02,6.094896950224485863e+02,6.217261803647444367e+02,3.406263990215993545e+02,9.905362474181396237e+01,3.883496785290138291e+02,4.174713826725732133e+02,7.693009178823516550e+02,4.073171884710088761e+02,9.774480848311721815e+00,2.331593545552938807e+01,9.358628505094351624e+00,5.456179847866899308e+02,9.121699742771048705e+02,-2.311184527082005857e+01,2.523104212313623407e+02,-3.736978940546654826e+01,1.116628510371421079e+01,7.779881058276469048e+02,9.068244250469771259e+02,6.689179375207947942e+01
2.120219831709652567e+02,3.766903790650299584e+02,1.324637867488079792e+03,1.417097472903780613e+02,1.824041717860756364e+02,1.035018280756595914e+03,2.417250586366002949e+02,5.399007988034360324e+02,1.115145292701948847e+03,-3.364871877295646385e+01,2.347317283640799701e+01,8.563107577172931997e+02,3.936298509824752045e+02,7.714195342898548233e+02,1.139524545877269247e+03,-3.286376855448109779e+01,-1.248803891430568598e+02,7.393729695944246032e+02,5.172020672432821584e+02,9.627435910748954484e+02,1.174161216499144984e+03,1.169533387124699715e+02,3.453358502626595055e+02,6.243545299841199494e+02,1.481555105985590330e+02,6.310534783843202149e+02,6.098203206961950400e+02,3.443037023432758588e+02,1.114706735963112152e+02,3.833591327357444243e+02,4.091719349385867872e+02,8.136728173651237057e+02,4.038164828122410199e+02,1.084929752998233710e+01,2.423260646937962193e+01,7.960818217465565283e+00,5.052631107882849619e+02,9.718907428600632556e+02,-2.663088942717704199e+01,2.534711687168243657e+02,-3.816505484934629777e+01,1.135672546815820816e+01,7.379304273908411460e+02,9.902486211708712744e+02,5.798169658610622434e+01
2.127780139231565215e+02,3.982895636812360749e+02,1.312802015711049762e+03,1.377326109261584008e+02,2.101262764175902760e+02,1.029389153725072219e+03,2.416732567104820930e+02,5.564781186913576221e+02,1.107305236374520064e+03,-4.752844463249711282e+01,4.849683394762295308e+01,8.679658198534899611e+02,3.884432319390465977e+02,7.909153804754797648e+02,1.147917395674350018e+03,-3.712708592367412308e+01,-1.120572278920378722e+02,7.743410427367690545e+02,5.154329928867884973e+02,9.811985899121318653e+02,1.195272457670563654e+03,1.226284868040429359e+02,3.690671633099348696e+02,6.134756945567135062e+02,1.508594200070320142e+02,6.546849061408734087e+02,5.984015107844076056e+02,3.476096580751294596e+02,1.263883496992581286e+02,3.773308238139388777e+02,3.993367203925531612e+02,8.589663545637687321e+02,4.022171332954547438e+02,1.174430598160235029e+01,2.597566309072292867e+01,6.886419189343630620e+00,4.633668699060307858e+02,1.028714343043141980e+03,-2.870255298463706595e+01,2.547893188514342171e+02,-3.831216663216618912e+01,1.181128388084394665e+01,6.933287119387417761e+02,1.071329323064815071e+03,5.092206322026169119e+01
2.128243648173188944e+02,4.194127970752174406e+02,1.302174102408703448e+03,1.338486167882773543e+02,2.407258458973739152e+02,1.024091441351196636e+03,2.403949296063312602e+02,5.735198558021195367e+02,1.100539067337783763e+03,-5.924083167801565253e+01,7.714006664367705923e+01,8.797539226788085216e+02,3.802373519216142768e+02,8.121572507877179987e+02,1.156287605130536576e+03,-3.738764405505904165e+01,-9.433246540272693892e+01,8.099495030649931095e+02,5.108628851132817772e+02,1.002614051817215795e+03,1.213548607180889576e+03,1.291668579456668056e+02,3.942675732625064597e+02,6.026087988137207958e+02,1.540795782973424082e+02,6.802634025338160200e+02,5.874683482317770995e+02,3.507492643397039842e+02,1.435053148845614999e+02,3.699959096621501544e+02,3.883061897472424562e+02,9.044820670129666951e+02,4.020440966409036037e+02,1.228681661988942153e+01,2.851811546058790725e+01,6.414329622276024878e+00,4.210597256020421355e+02,1.081516926286232547e+03,-2.968746025839812219e+01,2.560625261288357706e+02,-3.790095670140039630e+01,1.250787348029577295e+01,6.451993648982180503e+02,1.147780895464739615e+03,4.492309844370077343e+01
2.119916419960637199e+02,4.397308972447324891e+02,1.293310501128499482e+03,1.304390381633529046e+02,2.730106538309242410e+02,1.019467598908548212e+03,2.379831589829579741e+02,5.908768898668542988e+02,1.095244938606848791e+03,-6.816027844280630177e+01,1.085031269829709970e+02,8.915061205781628360e+02,3.691099962169677724e+02,8.358012559880644403e+02,1.164632208251901375e+03,-3.344943108774032936e+01,-7.222291636027040340e+01,8.450915089096197335e+02,5.022910068752465804e+02,1.028510411617291311e+03,1.227834504163835618e+03,1.368350626827874805e+02,4.198694953287979956e+02,5.919747835964496971e+02,1.577179960708943440e+02,7.074169764840366952e+02,5.770927571706555455e+02,3.538332597329268765e+02,1.622915008785551265e+02,3.610452496185943687e+02,3.764316124103149832e+02,9.494219055408293571e+02,4.026107357873397063e+02,1.252026667425793072e+01,3.175308186993301263e+01,6.714573554086567420e+00,3.795177741416068216e+02,1.129356450209926834e+03,-3.017174499794970899e+01,2.571291677768105615e+02,-3.713334736296562966e+01,1.341016864947541087e+01,5.947281381240036353e+02,1.217727722343597634e+03,3.888604181666315895e+01
2.103216286975872720e+02,4.594186905669739645e+02,1.286650285107073159e+03,1.278652385779071352e+02,3.056803793912489482e+02,1.015806608308170667e+03,2.346593172055702610e+02,6.088326840353353191e+02,1.091733750769521066e+03,-7.400510610074411488e+01,1.416543429809686643e+02,9.028444459261568227e+02,3.551622665535266492e+02,8.625696816078544771e+02,1.172476998878369614e+03,-2.548507264363347602e+01,-4.652917312492058954e+01,8.790584852198799126e+02,4.885519131431578899e+02,1.059723296606392523e+03,1.236525386737675717e+03,1.459796603446397683e+02,4.450643283561265093e+02,5.817837960642353892e+02,1.616197549677624750e+02,7.356682640815665764e+02,5.674033379303932634e+02,3.568035265405274572e+02,1.823093415885466300e+02,3.501838607520256232e+02,3.638617124382176371e+02,9.931571154416293439e+02,4.031489095594634477e+02,1.276211062845111144e+01,3.569625015512560395e+01,7.829066958362896678e+00,3.398816918253324388e+02,1.171865062057590421e+03,-3.090750464187275526e+01,2.579804790899796672e+02,-3.623132734186160775e+01,1.447343172598888827e+01,5.433021645126569865e+02,1.280327886058314562e+03,3.163048535306805675e+01
2.080034846348879967e+02,4.791277637917065135e+02,1.282392097087501270e+03,1.263590867692368818e+02,3.378137472524880991e+02,1.013183145593289510e+03,2.307009329596916132e+02,6.281848491479465793e+02,1.090155916765855181e+03,-7.695221222313934106e+01,1.757259647674355847e+02,9.130729966106241591e+02,3.382630671811515413e+02,8.931844030525807057e+02,1.178841291707682103e+03,-1.389718459410898532e+01,-1.811263028886038740e+01,9.115942776240424337e+02,4.685600478806062483e+02,1.096148961344102418e+03,1.237723244935845287e+03,1.570141989816829664e+02,4.697100432514235990e+02,5.722069053538011758e+02,1.655797744313957196e+02,7.646091246425230565e+02,5.585323075670028174e+02,3.594214875016551218e+02,2.034873465457293378e+02,3.372144934072266551e+02,3.503994635442427352e+02,1.035361163131168496e+03,4.029447925064955598e+02,1.357643803456109133e+01,4.065467939218485327e+01,9.706565973640429945e+00,3.031776780082860228e+02,1.209376967011166016e+03,-3.269411104986738081e+01,2.588489836208186148e+02,-3.532788658502013135e+01,1.563068219031726258e+01,4.925475304090192594e+02,1.335914966524840338e+03,2.217152059184494561e+01
2.052200728434165455e+02,4.998252174145810045e+02,1.280432822885863743e+03,1.259595759829105077e+02,3.691424150821854369e+02,1.011370898606292599e+03,2.263280966500437614e+02,6.501981075216122008e+02,1.090459019289571870e+03,-7.755768619602253011e+01,2.098265593724727012e+02,9.211489094451075061e+02,3.178584435990159136e+02,9.282336194236222582e+02,1.182340977017607429e+03,8.987976904932588607e-01,1.241682080644983444e+01,9.427921128346026762e+02,4.414249423724888288e+02,1.136662014304476315e+03,1.229548416112199220e+03,1.703730164782114684e+02,4.944821176297444367e+02,5.633894563712035506e+02,1.693600777616167932e+02,7.940140553048883021e+02,5.505407887805619112e+02,3.613361555271670227e+02,2.261987609148623335e+02,3.221231785794007010e+02,3.355212839798861069e+02,1.075954182092410065e+03,4.014178656856713587e+02,1.566708490741796744e+01,4.725729102102121004e+01,1.227098055040974423e+01,2.702588462705490429e+02,1.242751427371066256e+03,-3.624906802415997475e+01,2.602122591543742374e+02,-3.436906430952053171e+01,1.675569812023724481e+01,4.442973037144826094e+02,1.385649994366493274e+03,9.942612830055349349e+00
2.019882409078157650e+02,5.225493155398681893e+02,1.280388838741466543e+03,1.265295069578182279e+02,4.000112463954281452e+02,1.009859434271308146e+03,2.215593095870224829e+02,6.764055270019960062e+02,1.092358654760543232e+03,-7.646378371226532522e+01,2.428693144017904331e+02,9.257545310914046013e+02,2.929116561561743310e+02,9.679471965251593701e+02,1.181340806983372886e+03,1.864015869415114679e+01,4.496605110179012854e+01,9.728940490690051774e+02,4.066436490931330354e+02,1.179254687396587315e+03,1.210455719849850311e+03,1.864245828318796896e+02,5.206939183129039748e+02,5.554667551761198183e+02,1.727086258239002063e+02,8.238576884201178245e+02,5.433518046513181616e+02,3.622197440930315793e+02,2.511036945199272452e+02,3.051427759868452654e+02,3.185729418424472215e+02,1.114945414632201846e+03,3.981077003178665450e+02,1.971820185407200299e+01,5.631624771597572021e+01,1.550100382715049996e+01,2.417699728518003326e+02,1.273036338470594728e+03,-4.212084428095471367e+01,2.626724889140074310e+02,-3.305132075279203008e+01,1.762206816321585734e+01,4.004248370001571402e+02,1.430943189721480849e+03,-5.113440395803328542e+00
1.980862992052455809e+02,5.481552827269290447e+02,1.281675472724748033e+03,1.278597292092807010e+02,4.311038996921707849e+02,1.007957336678814386e+03,2.160711570295456454e+02,7.082713454910339124e+02,1.095293953016276873e+03,-7.392886083197312530e+01,2.734902912508497934e+02,9.255030253836424663e+02,2.620613556807013538e+02,1.011894369257780681e+03,1.174087408949097835e+03,3.924235631661458967e+01,8.000630798509840247e+01,1.002057491994864222e+03,3.643158838839885334e+02,1.221380873137431763e+03,1.179450841623927772e+03,2.053446529211366283e+02,5.498819827180788025e+02,5.485409270980061365e+02,1.753710935387836400e+02,8.542570335309974325e+02,5.367262109472873135e+02,3.619270731803271701e+02,2.788319791607908655e+02,2.867807051939194594e+02,2.990695634993109593e+02,1.152310583258450606e+03,3.926112276245803514e+02,2.622317808414715046e+01,6.856830032117217399e+01,1.950716551857398429e+01,2.181287551167364711e+02,1.301169841259677014e+03,-5.064843080127563724e+01,2.667236305345232381e+02,-3.082235973883926405e+01,1.789701340604837654e+01,3.625450286607565999e+02,1.472954403711337136e+03,-2.258764415423515715e+01
1.931196798800481247e+02,5.771255887061313388e+02,1.283592801431396992e+03,1.298382486054323692e+02,4.631312446717664102e+02,1.004941097919126832e+03,2.091199271121645040e+02,7.467755411515546484e+02,1.098363492452933315e+03,-6.928423482525784038e+01,3.002169208685876924e+02,9.193138725138500149e+02,2.240391979595353860e+02,1.058687714593746250e+03,1.158840751828929569e+03,6.267144664487017280e+01,1.182975520652611578e+02,1.030122160224155550e+03,3.153015272897948762e+02,1.260402788536973731e+03,1.136221911708795915e+03,2.269685373767977126e+02,5.833503941042735050e+02,5.426092857248532937e+02,1.770879606208374071e+02,8.853716098620628827e+02,5.303055783498690516e+02,3.606144599954127443e+02,3.096561979616349731e+02,2.677997928924212374e+02,2.769734351842916453e+02,1.187979170870743246e+03,3.845760291879691408e+02,3.534876323527494435e+01,8.439803800009924828e+01,2.459058503019953434e+01,1.995148511159980842e+02,1.327830278614564349e+03,-6.192160278880825075e+01,2.724766833903691463e+02,-2.696811142806536310e+01,1.720579877341294051e+01,3.316780528018771861e+02,1.512339493465616442e+03,-4.172036882958472859e+01
1.867035038029918894e+02,6.094963368791857192e+02,1.285382277586596729e+03,1.326357826594943106e+02,4.966667617312112384e+02,1.000220896389879272e+03,1.995842124223590872e+02,7.920210766471612942e+02,1.100283397490558627e+03,-6.049666492468238488e+01,3.219617764367118298e+02,9.069390918740883762e+02,1.782766606067949340e+02,1.105842729329973281e+03,1.134079716315040514e+03,8.873945801487420226e+01,1.603399123869801883e+02,1.056403682079067039e+03,2.612630888592660767e+02,1.293991477241650955e+03,1.081269394445270336e+03,2.506681313866964160e+02,6.218415181680704791e+02,5.374806634928914946e+02,1.775697593238234333e+02,9.172732809479845173e+02,5.237172843333578385e+02,3.587588193163986148e+02,3.433026349937191526e+02,2.491361003151598084e+02,2.528259209083520886e+02,1.221897925428297867e+03,3.738239246387039429e+02,4.687560966756890224e+01,1.036585347799975523e+02,3.125184461497775601e+01,1.858563262283160213e+02,1.353414533281047852e+03,-7.570560077741633620e+01,2.794498020117659394e+02,-2.077540426598191203e+01,1.526995665868400920e+01,3.080183089794409739e+02,1.549230513338014134e+03,-6.152937288915471470e+01
1.786734181078656434e+02,6.449101247372119587e+02,1.286267715628953283e+03,1.368402502208938358e+02,5.321853417164019220e+02,9.935173191601354574e+02,1.861557633420588047e+02,8.429791720783156279e+02,1.099442595416896893e+03,-4.406948320677658160e+01,3.387868576520589841e+02,8.894888513624374582e+02,1.254942279576525408e+02,1.149944765211498407e+03,1.098818105960309822e+03,1.169826033763725661e+02,2.057947030909868147e+02,1.079581937670961679e+03,2.045843011683897714e+02,1.320373196141961216e+03,1.016062961906127498e+03,2.753143841389641011e+02,6.653907624424590495e+02,5.327459799598253767e+02,1.764550382705103857e+02,9.497893004236983643e+02,5.167054936821625688e+02,3.570541203618197414e+02,3.789827433931985183e+02,2.317419203416434925e+02,2.276706811473897289e+02,1.254068555482819647e+03,3.605585982845618105e+02,6.023530345036975575e+01,1.256764312025384243e+02,4.010885247253696662e+01,1.768033207562129974e+02,1.378051799754786543e+03,-9.136431272571532247e+01,2.865228851063539537e+02,-1.170830426931328638e+01,1.207258251468608812e+01,2.909115266514202744e+02,1.583343929984526312e+03,-8.094159033055511543e+01
1.692102643859273314e+02,6.827599350097698334e+02,1.285531851843106551e+03,1.434613348550727210e+02,5.702159257229457126e+02,9.850379352031985718e+02,1.676547259419112379e+02,8.974627778133419724e+02,1.094121814803793768e+03,-1.550209718352086874e+01,3.527285631761311606e+02,8.696667789562118287e+02,6.799648492492772789e+01,1.187183472620164594e+03,1.052961299489896192e+03,1.468150559782586413e+02,2.532456604768907766e+02,1.097799681075226090e+03,1.481918930013265481e+02,1.338426905619006902e+03,9.431320772543743942e+02,2.993704340758172293e+02,7.133262590819351772e+02,5.278560662413267437e+02,1.732839325766315426e+02,9.823528416325395938e+02,5.092382198373686606e+02,3.562177031529838018e+02,4.156329014190377507e+02,2.163701611780881819e+02,2.028021143554813079e+02,1.284478503175562082e+03,3.455058454358111248e+02,7.463424487931922613e+01,1.494620053224485048e+02,5.170545766315524361e+01,1.716956409781934951e+02,1.401582587458176931e+03,-1.078727597372534035e+02,2.921051015852734167e+02,4.940334338170354056e-01,7.965239773407021495e+00,2.790464063126106566e+02,1.614123074980641377e+03,-9.895092851894968078e+01
1.588040528383817218e+02,7.223562954100215165e+02,1.282662563494223832e+03,1.537376968245280011e+02,6.114557971950854380e+02,9.755964540185725582e+02,1.434004446292611306e+02,9.523569800796426534e+02,1.082885193525430850e+03,2.960303412255396438e+01,3.683249390989765288e+02,8.514177334558669372e+02,9.476805046141333122e+00,1.214157774850897113e+03,9.975623427024997909e+02,1.780675783568646011e+02,3.006240027801429733e+02,1.109069684227359403e+03,9.531020805857033906e+01,1.347735106061417355e+03,8.659409642927405457e+02,3.211158060487114199e+02,7.643509160497720814e+02,5.223013186202631459e+02,1.675418359834695252e+02,1.013937934888438804e+03,5.015522154571627880e+02,3.567845373202160886e+02,4.522669662218727353e+02,2.033560465348138848e+02,1.794563764873471996e+02,1.312938997694340969e+03,3.298478735097256731e+02,8.923202219265797908e+01,1.740603924815509913e+02,6.624982871186664113e+01,1.695657532651294446e+02,1.423517743976290831e+03,-1.239845248996062708e+02,2.944884480983580488e+02,1.586264140392481536e+01,3.634698814879789630e+00,2.707918041932122151e+02,1.640885562326766603e+03,-1.147946449455228191e+02
1.480748749261776140e+02,7.630481783047979434e+02,1.277531972586329175e+03,1.687386703690634135e+02,6.567434945093062879e+02,9.665714675808785614e+02,1.135458204876283901e+02,1.004064102480984388e+03,1.065062103220151585e+03,9.395764370078812533e+01,3.924234508184990773e+02,8.389120636228560670e+02,-4.564715793897180163e+01,1.228710546098285249e+03,9.348628050445507824e+02,2.117921324801511958e+02,3.463594445822063790e+02,1.111982296057340818e+03,4.915826926679762465e+01,1.348681962687256828e+03,7.884844271355747196e+02,3.389520752630326115e+02,8.166773051066422795e+02,5.158186633524646822e+02,1.588077148644469503e+02,1.043158352155023522e+03,4.941227318530474122e+02,3.589752278530431226e+02,4.883084216084674267e+02,1.924731044383237304e+02,1.585783038753128267e+02,1.338942121789260227e+03,3.149411792735518247e+02,1.033324223076750883e+02,1.989148680440582382e+02,8.337968943433023128e+01,1.692373980898415198e+02,1.443060045687032698e+03,-1.385222425328693419e+02,2.922916095024244214e+02,3.437265903490965258e+01,-9.509222173632565778e-02,2.645909323969904108e+02,1.662992584295086544e+03,-1.280838283195606095e+02
1.375555998755248197e+02,8.042636213364106652e+02,1.270505258026043293e+03,1.888579883670099093e+02,7.068891406638267654e+02,9.596251097229853713e+02,7.927838153237533447e+01,1.049078467359601291e+03,1.041152150688876873e+03,1.770125962583367141e+02,4.329799376994135400e+02,8.351801935481605597e+02,-9.312386114728083442e+01,1.230508946913120553e+03,8.680914089683925567e+02,2.509083247255954916e+02,3.909309921148597482e+02,1.106546596722127788e+03,1.258601321803006989e+01,1.342581520927103838e+03,7.147074527438497853e+02,3.517114098625532392e+02,8.682171654715936029e+02,5.085241756940959021e+02,1.469770313346232626e+02,1.068547033451081688e+03,4.875705352278974942e+02,3.626851821137809679e+02,5.237855484831131889e+02,1.829262521222555620e+02,1.407318149438920898e+02,1.361665274121744005e+03,3.019492495572815756e+02,1.165440334787566599e+02,2.241006522144794531e+02,1.020644291825266805e+02,1.695431885846081457e+02,1.459252511507161216e+03,-1.506640425457821379e+02,2.848654284630391658e+02,5.614975806302100381e+01,-2.565668736538124772e+00,2.593231799750603841e+02,1.680039130558230681e+03,-1.388060216383973113e+02
1.275613358657255390e+02,8.454935913081317267e+02,1.262380785354638419e+03,2.133947517566044496e+02,7.624319883219912981e+02,9.562161324145387198e+02,4.279925777497329165e+01,1.084603419856385244e+03,1.012960045703955643e+03,2.740586921375826819e+02,4.969403960458735696e+02,8.410335253958908197e+02,-1.296679962599125133e+02,1.221176374040919427e+03,8.010646958010825074e+02,3.000660955814078648e+02,4.381544690642292608e+02,1.094840885031719154e+03,-1.233563033677209120e+01,1.331702319663087110e+03,6.479620728345164480e+02,3.588895678101635554e+02,9.168252120152301359e+02,5.009071508108318653e+02,1.324623114944434690e+02,1.088932628644630086e+03,4.825367775227286415e+02,3.675776497552301407e+02,5.593266944271659895e+02,1.735045458379240131e+02,1.261237805656417663e+02,1.380165567634846184e+03,2.915693200665562017e+02,1.288744034790167916e+02,2.503355124204799438e+02,1.207035018678709548e+02,1.696011960686892621e+02,1.471225280834263003e+03,-1.600821782209232822e+02,2.725457273207285880e+02,8.158318006737540884e+01,-3.570371884976581978e+00,2.545284307184785462e+02,1.692002072736087030e+03,-1.471760736186373038e+02
1.182077550243775903e+02,8.862869007685394536e+02,1.254147695175917306e+03,2.404308493561421756e+02,8.234039877333940467e+02,9.570812913715063814e+02,7.023620733002813310e+00,1.109129349256512342e+03,9.833309093044363181e+02,3.765528561205596816e+02,5.878207965274878006e+02,8.548926347323409800e+02,-1.534615332540451789e+02,1.203947688365806926e+03,7.376615200649637245e+02,3.642285529525377683e+02,4.954447037996007452e+02,1.081052395606521713e+03,-2.470894186083808464e+01,1.319037224908140615e+03,5.906827338299366374e+02,3.607464246492631332e+02,9.605785618980389700e+02,4.936910481302076050e+02,1.162577448618707763e+02,1.103761457925123295e+03,4.795614159523322542e+02,3.732097202427461866e+02,5.959611627405697618e+02,1.628674946116034050e+02,1.146608377576868492e+02,1.393686224852908026e+03,2.839604245483969294e+02,1.407396155657145869e+02,2.787592799231416052e+02,1.373953205551119083e+02,1.690239394658864569e+02,1.478442278081642598e+03,-1.668714540509485857e+02,2.566829196199793728e+02,1.112618825287387807e+02,-3.504373300881124198e+00,2.503905015314531681e+02,1.699260279936264396e+03,-1.534133630920336486e+02
1.095392733803011396e+02,9.263206069529258002e+02,1.246653029420973326e+03,2.671137845856281956e+02,8.891586946302065826e+02,9.619220791813407914e+02,-2.497812460832426140e+01,1.122866558018967226e+03,9.555002115563693224e+02,4.737673320449429184e+02,7.039877659176423776e+02,8.737073278790064705e+02,-1.643178057136223629e+02,1.182963689984994062e+03,6.812587569880973888e+02,4.460443846937460535e+02,5.725460126131333709e+02,1.070560691535803471e+03,-2.507466876994199367e+01,1.307775984775259531e+03,5.443177897263644809e+02,3.582502963707043477e+02,9.980612088619013775e+02,4.876197757626046609e+02,9.980620367583887287e+01,1.113233261901591277e+03,4.789906616306594742e+02,3.791092244664318969e+02,6.347960267474236389e+02,1.498963259059236748e+02,1.059906132980212448e+02,1.401935453345194219e+03,2.788548709179711409e+02,1.528890632702806442e+02,3.105596158903301216e+02,1.502859386087015707e+02,1.679450030636735960e+02,1.480869160450505433e+03,-1.713299850607636472e+02,2.394226821709377759e+02,1.457401425493338252e+02,-3.314692695272057676e+00,2.474493192124663210e+02,1.702473343042991701e+03,-1.575848830420111426e+02
1.016627595022723511e+02,9.655521760839619674e+02,1.240327934792391034e+03,2.902838021842620719e+02,9.583187979979194324e+02,9.694679831651484392e+02,-5.066587606783368614e+01,1.127882030492310378e+03,9.322471604518227650e+02,5.552535449437756370e+02,8.385765946635594901e+02,8.945060636120307436e+02,-1.635701754097128173e+02,1.162395997533222499e+03,6.342464219153004024e+02,5.428937644118338994e+02,6.788096297472321794e+02,1.068078391360016894e+03,-1.541772615706977412e+01,1.300604991738227454e+03,5.094174588001878874e+02,3.528806473350451824e+02,1.028609854097819834e+03,4.832499602045768938e+02,8.469929982983396144e+01,1.118218296264662968e+03,4.809240087134443797e+02,3.847596803220276911e+02,6.766756868968960816e+02,1.340190525149892267e+02,9.954986512188631309e+01,1.405227704800937772e+03,2.757482288738536340e+02,1.662491876882974964e+02,3.465694032122937642e+02,1.578991273590708602e+02,1.668423379373242312e+02,1.479049086921129856e+03,-1.737388665416882816e+02,2.232582620262305113e+02,1.852263491411512177e+02,-4.258944873811392640e+00,2.461487259054777610e+02,1.702413351248003210e+03,-1.596117489631233184e+02
9.479888928462946751e+01,1.004378620841838824e+03,1.235100060526846846e+03,3.072344178343759609e+02,1.028898796768239208e+03,9.779161094398273235e+02,-6.861272726642175712e+01,1.127792292713007100e+03,9.151682207774726976e+02,6.131811210496716740e+02,9.813412612299759985e+02,9.156536398162670594e+02,-1.537493000429962535e+02,1.145617879968504440e+03,5.977591403238319572e+02,6.450905335557038143e+02,8.197964456370655171e+02,1.075438091944061171e+03,1.163759490292897603e+00,1.299074031290493622e+03,4.857491658831885388e+02,3.463384726388904369e+02,1.052453550250520038e+03,4.808298565805296221e+02,7.232093774194848379e+01,1.120028570938741950e+03,4.852059618614191550e+02,3.895197023635047913e+02,7.219182621946907830e+02,1.154232590439769695e+02,9.467393137055341867e+01,1.404455084688995157e+03,2.740561088610515981e+02,1.816895122985802686e+02,3.869556020879857670e+02,1.593894006561970116e+02,1.662512326825307980e+02,1.474091724664016965e+03,-1.742801952652714874e+02,2.104427265285751218e+02,2.293290997765247994e+02,-7.539844821577379008e+00,2.464434215069119318e+02,1.699868317491100925e+03,-1.594227809149134885e+02
8.923734131323946883e+01,1.043676696938599889e+03,1.230529221337140370e+03,3.163454702177933768e+02,1.098628114783266483e+03,9.855511771078024594e+02,-7.875666916264277972e+01,1.126973912475444877e+03,9.043795358793472587e+02,6.436602152203482774e+02,1.121767029065649922e+03,9.369694514356625632e+02,-1.380919956378216682e+02,1.134628991299270865e+03,5.717097327391894623e+02,7.366256502167226472e+02,9.944508905179550311e+02,1.090053281227719026e+03,2.107670552766811056e+01,1.303265919851284480e+03,4.723870234649204463e+02,3.402337232170989409e+02,1.070671309476907027e+03,4.803162705474764493e+02,6.356932510300156025e+01,1.120152825017550867e+03,4.914700501190054638e+02,3.925609992284565237e+02,7.701724683352279044e+02,9.509666736228770390e+01,9.077964614169427193e+01,1.400920233707039870e+03,2.731865821380264947e+02,1.997338330647237967e+02,4.310740748712232744e+02,1.547024601463183160e+02,1.665113179441545981e+02,1.467544717541609998e+03,-1.731384517857587468e+02,2.024223596506757588e+02,2.769715094916671774e+02,-1.392204835838994903e+01,2.476818407460092715e+02,1.695642213389462768e+03,-1.571489353005614191e+02
8.524166652615950568e+01,1.084617233198977829e+03,1.226090582667084163e+03,3.173961588579828117e+02,1.165410717361390653e+03,9.912434103438140482e+02,-8.222787083362038629e+01,1.129447518353046917e+03,8.987760670272542711e+02,6.467120369661060977e+02,1.252046439915746760e+03,9.585202152865314247e+02,-1.199457278004582577e+02,1.129878030618224102e+03,5.550836088266016759e+02,7.988817880976973811e+02,1.194035248296412874e+03,1.104979203329803795e+03,4.095212450048911990e+01,1.311893596735234496e+03,4.678104194255877246e+02,3.358196554833635332e+02,1.084935372733548093e+03,4.815145493290012837e+02,5.875140548287122044e+01,1.120022312048469757e+03,4.992376458641062982e+02,3.929168803986942748e+02,8.203934953909227943e+02,7.467204416073363404e+01,8.755739374039703193e+01,1.396082294114263959e+03,2.725617796525562540e+02,2.202813856496955793e+02,4.775119536711382011e+02,1.446372433177877213e+02,1.676473324452682618e+02,1.461101298736527269e+03,-1.706970757527595595e+02,1.994724131174551189e+02,3.265142893420714927e+02,-2.345675829737161777e+01,2.488260083577131638e+02,1.690561025564667489e+03,-1.532463061371793458e+02
8.295059269685621928e+01,1.128244021701781548e+03,1.221457462144736382e+03,3.114976650482659011e+02,1.227756957050913570e+03,9.945903707745734437e+02,-8.085884831977297438e+01,1.137775344844758138e+03,8.967039449848319919e+02,6.252625685489003899e+02,1.368532224907990894e+03,9.788101950749497746e+02,-1.021849554097041874e+02,1.130488734266391930e+03,5.463378695551211877e+02,8.162824696947499206e+02,1.403392887727865855e+03,1.110789010840328274e+03,5.822538391451705309e+01,1.322787444880781777e+03,4.700654879133431905e+02,3.338290208849973055e+02,1.097098777233641158e+03,4.842554136089369194e+02,5.766199497196141976e+01,1.120814064663051568e+03,5.080528167473103167e+02,3.896848564524588028e+02,8.709291609870770117e+02,5.609943810318446111e+01,8.506972936769238913e+01,1.391264816873431755e+03,2.716675006631448355e+02,2.424382264207496860e+02,5.242997722370769225e+02,1.307867864536293609e+02,1.693909310810013551e+02,1.456163851254900464e+03,-1.676551530900428872e+02,2.006535634353389526e+02,3.760459047436908122e+02,-3.542051436089845140e+01,2.488654245235776159e+02,1.685380763176899336e+03,-1.484914365808099603e+02
8.229186247725073144e+01,1.174951914744671058e+03,1.216648212127843635e+03,3.007015026989777198e+02,1.285002236378671114e+03,9.956820272583441920e+02,-7.661387130439430848e+01,1.152381998000991871e+03,8.967091722617662981e+02,5.839001761567614039e+02,1.471100429750339799e+03,9.936440243939180164e+02,-8.677892184743245707e+01,1.134741725799239475e+03,5.437508274339372747e+02,7.816278647461007267e+02,1.604186325917376280e+03,1.098558061342311703e+03,7.141112644035221990e+01,1.333589555879982527e+03,4.769987454765857251e+02,3.344427145791951261e+02,1.108773046088766705e+03,4.885000270019576760e+02,5.978069986418810799e+01,1.123290556538814371e+03,5.176057581384243349e+02,3.823478354664488279e+02,9.197246161856611479e+02,4.122526697126914286e+01,8.368990365351191940e+01,1.387387958709302893e+03,2.701684104975170158e+02,2.645552456160551742e+02,5.692452812664075736e+02,1.153292943704397402e+02,1.712891506978495215e+02,1.453408458341407368e+03,-1.649262601274982387e+02,2.040995197645744952e+02,4.237360487781011216e+02,-4.850479157328853574e+01,2.471836139632960396e+02,1.680607393812701503e+03,-1.438550187555069328e+02
8.291813337270571083e+01,1.224110815196715976e+03,1.211985081814387513e+03,2.874029854795246024e+02,1.337225351712408155e+03,9.946807539142009773e+02,-7.115051135572780083e+01,1.171601777927198100e+03,8.980295272495312702e+02,5.279498832952367593e+02,1.561009675370485184e+03,9.966709853974871294e+02,-7.460965571782594452e+01,1.140605427547883892e+03,5.456830090677519820e+02,6.987102971528710214e+02,1.778969899923518824e+03,1.062697919106733480e+03,8.004957845641128245e+01,1.342403531264731100e+03,4.865297065151223137e+02,3.373896597056904625e+02,1.121062137951704926e+03,4.943098578032006571e+02,6.448125031296774523e+01,1.127719012679746356e+03,5.277819288159020061e+02,3.711030585509226967e+02,9.646480017142223460e+02,3.140345622568563400e+01,8.389601770135071490e+01,1.384821175113778054e+03,2.680300794937977571e+02,2.845151077231641921e+02,6.103088968076169749e+02,1.006724334734836361e+02,1.728432202830821041e+02,1.452581906878391237e+03,-1.633336906514876148e+02,2.075510035662546500e+02,4.681258044711066759e+02,-6.119201343034648488e+01,2.437070336192689126e+02,1.676375107817820663e+03,-1.402965386852530969e+02
8.420155059721787438e+01,1.274066063477275748e+03,1.207910519049274853e+03,2.736869625294269213e+02,1.384933565727236100e+03,9.914803952699630827e+02,-6.559710873702694300e+01,1.192482234126830917e+03,9.006732668792894856e+02,4.629288370291044998e+02,1.638621683670495713e+03,9.816212748488409261e+02,-6.555671815010099124e+01,1.146175697727255510e+03,5.508163108609917344e+02,5.809656335185055696e+02,1.914688629919320647e+03,1.002525073951758031e+03,8.441646513988835920e+01,1.348186291429805351e+03,4.969236524532183807e+02,3.421374800948940447e+02,1.134542568673257847e+03,5.016991389040393869e+02,7.116552310737135656e+01,1.133936022465301903e+03,5.385934435057334895e+02,3.570494405133226792e+02,1.003885029854147092e+03,2.726278126478981889e+01,8.600891591734834662e+01,1.383453250194550947e+03,2.655378934119160022e+02,3.002197182269501354e+02,6.459181963660737438e+02,8.901226281536798979e+01,1.736463468121689289e+02,1.452705762505410348e+03,-1.632714498785873332e+02,2.089898865978718447e+02,5.082543457283676958e+02,-7.217166049782608184e+01,2.388282037386418324e+02,1.672542328216024998e+03,-1.385341309356046224e+02
8.533497257308972905e+01,1.322572744628945884e+03,1.204766384028383527e+03,2.607832293868759166e+02,1.428682548311486926e+03,9.856193878487381426e+02,-6.051108640727459687e+01,1.212034577524291763e+03,9.051476056626659101e+02,3.941195537230859145e+02,1.702291150282297394e+03,9.451497142104242357e+02,-5.878841681375086381e+01,1.149985241952365641e+03,5.584168684662716942e+02,4.468348631790842092e+02,2.004556879548446204e+03,9.221269500451109025e+02,8.512994995175186830e+01,1.350778564732876248e+03,5.070282936495655690e+02,3.480971839876789318e+02,1.149444156690007503e+03,5.104576668912856690e+02,7.929370857986216947e+01,1.141564991311485983e+03,5.500108110798813641e+02,3.421115003175738707e+02,1.036282797605091218e+03,2.869262074172599952e+01,8.998688095467953474e+01,1.382984486313024718e+03,2.631625009401363400e+02,3.101385229975996367e+02,6.751340467959686293e+02,8.191830278893554862e+01,1.735006634653093727e+02,1.452648566134329030e+03,-1.645372143561486098e+02,2.071952772937726479e+02,5.435962767863635463e+02,-8.063643639840601907e+01,2.332159937760923469e+02,1.669010144664883910e+03,-1.388470725041791241e+02
8.553994805463904072e+01,1.367484885645880240e+03,1.202643122033846112e+03,2.488025326880213015e+02,1.468794281947746867e+03,9.764591030949144397e+02,-5.594803491856059452e+01,1.228392156676652348e+03,9.120350839888816381e+02,3.260744091810248051e+02,1.748919934042547993e+03,8.887474489842147705e+02,-5.315433394560078284e+01,1.151176579398473223e+03,5.685390804832294407e+02,3.140704560908898770e+02,2.048045422672753375e+03,8.288447373570242007e+02,8.278064222219718715e+01,1.350593217698963826e+03,5.164213431599906698e+02,3.547577810406259005e+02,1.165879306384860456e+03,5.200561581213274849e+02,8.834650529435828048e+01,1.150287274290445794e+03,5.617900578154988125e+02,3.286766709002533275e+02,1.061509842621380812e+03,3.501658501798294054e+01,9.536213518723411653e+01,1.383287369398185774e+03,2.613455789552949682e+02,3.137362242487219532e+02,6.976420041634269182e+02,8.006626342509076721e+01,1.724863604764568379e+02,1.451782604690084327e+03,-1.664380922147529986e+02,2.020534506996606581e+02,5.738777004807242292e+02,-8.636434888209288374e+01,2.276358852827873989e+02,1.666064520746075459e+03,-1.409730491212216066e+02
8.429935588845097527e+01,1.407378696364056395e+03,1.201355509216666860e+03,2.368685160396572087e+02,1.505257962438172854e+03,9.635072924424013081e+02,-5.160344954157874753e+01,1.241370519447400511e+03,9.216225413883297506e+02,2.621745776268843429e+02,1.775652755529626120e+03,8.186734642431620159e+02,-4.756486795739677831e+01,1.149509918108557486e+03,5.819986085914637215e+02,1.955018368891525995e+02,2.049476631011900281e+03,7.311540469742659525e+02,7.769125355030300284e+01,1.348093438428214768e+03,5.254096784968377278e+02,3.617091507971280748e+02,1.183963501776467638e+03,5.297112477904923935e+02,9.778754620260012587e+01,1.160010615441377468e+03,5.734222029137954451e+02,3.190513936351367761e+02,1.079972071441497974e+03,4.525365404733170038e+01,1.013388091391940833e+02,1.384589626123866310e+03,2.603515094126452141e+02,3.116386446893500874e+02,7.136177397232324893e+02,8.319985446011409636e+01,1.709537555065971333e+02,1.450353782190624088e+03,-1.681056938292883558e+02,1.945309905960034484e+02,5.989002239759973918e+02,-8.959833797011120282e+01,2.228301612010870087e+02,1.664477503403368928e+03,-1.441558211496648880e+02
8.149187828971342640e+01,1.441838396918286890e+03,1.200529055685930189e+03,2.236258913897188165e+02,1.537811013486988713e+03,9.467238197837666576e+02,-4.701977619905260752e+01,1.252227236406360362e+03,9.337057276780905113e+02,2.045263088914076093e+02,1.781608600821153232e+03,7.439605722771741512e+02,-4.126663992687184646e+01,1.145199756254753311e+03,6.000114268638238855e+02,9.767458725467285774e+01,2.016116227770372689e+03,6.367727198879415482e+02,6.987932959688083656e+01,1.343300691331500502e+03,5.348623971325478124e+02,3.685847690617995340e+02,1.203765358542207878e+03,5.386036070380296223e+02,1.070778692919446229e+02,1.170838008457166097e+03,5.842705355179907656e+02,3.149273318767831711e+02,1.092545500269008471e+03,5.835502355525790108e+01,1.070017776905798002e+02,1.387327791411499220e+03,2.602780608529517394e+02,3.054977254968962939e+02,7.235598814102514780e+02,9.032906181045520100e+01,1.694317501326115973e+02,1.449350057851545444e+03,-1.688464074058747428e+02,1.863519005571988885e+02,6.184872302955045598e+02,-9.081475796499961461e+01,2.194332100633604057e+02,1.665248453872810614e+03,-1.473575393843621839e+02
7.735407930842372082e+01,1.471329392046741077e+03,1.199732040582803847e+03,2.079386563727064754e+02,1.566132149559321078e+03,9.266855152640066535e+02,-4.183381962362373940e+01,1.262826634871330725e+03,9.475947449638025546e+02,1.542985148849304551e+02,1.768693294009342026e+03,6.735470383443897617e+02,-3.396778328833187999e+01,1.138670399846735108e+03,6.235903550094870980e+02,2.208551277733838702e+01,1.956528511662192159e+03,5.515379501710509658e+02,5.923042582903917008e+01,1.335624766811764630e+03,5.459247699219056358e+02,3.750044803969930740e+02,1.225148231626521238e+03,5.461528594662275964e+02,1.157438636861417791e+02,1.182877788717742533e+03,5.938317957525902102e+02,3.170395492290807056e+02,1.100276730539197388e+03,7.334736972137812927e+01,1.115496836046386591e+02,1.391758380071624515e+03,2.611855559548247925e+02,2.976207786613753115e+02,7.281774842540979762e+02,1.000969791430154174e+02,1.684840440762437197e+02,1.449954422123913218e+03,-1.683567745263171673e+02,1.795334891244299058e+02,6.325792891314398503e+02,-9.048362238732205753e+01,2.178802725414765860e+02,1.669109774825709337e+03,-1.495775983978418822e+02
7.230322195896988546e+01,1.496786233960343907e+03,1.198593156496481924e+03,1.894904996391796033e+02,1.590040787015758724e+03,9.045690370057860719e+02,-3.598970711887818652e+01,1.274677171661277271e+03,9.622798602704374389e+02,1.122693035640504320e+02,1.741213014566011225e+03,6.138934386299445123e+02,-2.581549142672302466e+01,1.130387601438309275e+03,6.529562183839734644e+02,-3.245900272582112933e+01,1.879507970484034786e+03,4.791542615899391535e+02,4.579857643634094444e+01,1.324198861396417669e+03,5.596922159132900561e+02,3.805808231055947317e+02,1.247628040152932044e+03,5.522142949723647689e+02,1.234540434078840576e+02,1.196036383672866350e+03,6.019593368915990368e+02,3.251035585126226692e+02,1.104194622761245682e+03,8.937734971257489747e+01,1.144798908721401887e+02,1.397605824057538257e+03,2.632081405102298959e+02,2.904855443108766622e+02,7.283710675814456863e+02,1.111987530850774135e+02,1.685658276913154054e+02,1.452903560218097027e+03,-1.667315793015489760e+02,1.759595271151394229e+02,6.414003693975299711e+02,-8.888283358763378317e+01,2.183067334192166697e+02,1.676070629625932952e+03,-1.501577167296086373e+02
6.673731092126149633e+01,1.519139226354504899e+03,1.196886608526094506e+03,1.690334189748534754e+02,1.609601457300880156e+03,8.819868474804289917e+02,-2.982030719285009823e+01,1.288289801267692837e+03,9.766875318772474657e+02,7.918596460840259965e+01,1.704689350910165103e+03,5.679865804117542893e+02,-1.726283099812314958e+01,1.120858872606579098e+03,6.872317043365495692e+02,-6.791947220580340172e+01,1.793451832246655158e+03,4.215426543899930607e+02,3.008034114120474456e+01,1.308609650750373248e+03,5.769143087208082079e+02,3.849891230431835538e+02,1.270342664020169650e+03,5.571044614965877599e+02,1.300534766585307693e+02,1.209922162825617306e+03,6.089051310887505224e+02,3.380026676472309646e+02,1.105274818522218084e+03,1.057019968291615299e+02,1.156927676989865006e+02,1.404011778397573153e+03,2.665370337851403519e+02,2.862658320985124192e+02,7.252792744716720108e+02,1.227248145585202650e+02,1.699223341007814838e+02,1.458097095160745084e+03,-1.643099865956195345e+02,1.770977001159976112e+02,6.455656588598279768e+02,-8.598931177819440563e+01,2.204837519003299349e+02,1.685235703471093075e+03,-1.489444173304019330e+02
6.092498478077877877e+01,1.538980990436201637e+03,1.194591828992279034e+03,1.481883634256006985e+02,1.625095016827048084e+03,8.607397037464697860e+02,-2.394666676688007811e+01,1.303070533531011733e+03,9.899435836081554498e+02,5.570073474328118124e+01,1.664546213149014193e+03,5.357927868403331786e+02,-8.878296143344067914e+00,1.110739320303365048e+03,7.245480680342982396e+02,-8.627785525364208752e+01,1.705856368528395024e+03,3.793755931666768788e+02,1.310503858502464425e+01,1.289600634942251190e+03,5.977871029650639230e+02,3.880498669971908612e+02,1.292156018013783296e+03,5.614561557068374213e+02,1.355399188978202289e+02,1.223896988790242631e+03,6.151606658682212583e+02,3.541275553791653579e+02,1.104482351461423832e+03,1.216822443783289600e+02,1.155061038853281872e+02,1.409842676525510342e+03,2.712866146901919819e+02,2.864675483947573866e+02,7.203070578547127525e+02,1.343258732786065934e+02,1.725459503757824677e+02,1.464628017376119033e+03,-1.614741355066036590e+02,1.838664939579073803e+02,6.460412960460816976e+02,-8.146515519610274225e+01,2.238503916918997447e+02,1.694978584405140055e+03,-1.462402182545746427e+02
5.501543673517515032e+01,1.556483618337298822e+03,1.191914827349304687e+03,1.288966767464337977e+02,1.636912383931482964e+03,8.425217101240199327e+02,-1.903928154868364331e+01,1.317691290951577230e+03,1.001558770008153829e+03,4.198257579413057528e+01,1.625151375610239938e+03,5.155240632877929556e+02,-1.155956481354891263e+00,1.100875204392875958e+03,7.625188664980233852e+02,-8.972068266564819794e+01,1.622736537433864669e+03,3.524630356583851380e+02,-3.740989619943872135e+00,1.269241668136741282e+03,6.218974318269796413e+02,3.897691372115081094e+02,1.311872852403115530e+03,5.659818800639920937e+02,1.400083979242294845e+02,1.237232853467725363e+03,6.212074733235818940e+02,3.717647573550798938e+02,1.102776114951873751e+03,1.368116961350716565e+02,1.145668569582384038e+02,1.414167257506680244e+03,2.773597805796512716e+02,2.917422664774398982e+02,7.150346109552150438e+02,1.461553906627942752e+02,1.761967490061592230e+02,1.471168534306161519e+03,-1.585079432658648955e+02,1.965960573973814007e+02,6.439637093558013703e+02,-7.476632027855521301e+01,2.276660810881970747e+02,1.703393596226913360e+03,-1.425813953581996145e+02
4.910740354430796373e+01,1.571565580657493683e+03,1.189227983929640232e+03,1.127525243224608005e+02,1.645479309083086946e+03,8.285799817461260091e+02,-1.555978963046126395e+01,1.330717797912790502e+03,1.011476206146228265e+03,3.734641330724944197e+01,1.589325515252423429e+03,5.048680271453166029e+02,5.620676573925169173e+00,1.092156431120982234e+03,7.989177582681978720e+02,-8.098700952888738414e+01,1.548014014542175801e+03,3.398496738927447609e+02,-1.911464651969036410e+01,1.250309287531322980e+03,6.483693453935803745e+02,3.903174786872025948e+02,1.328530767831557796e+03,5.712443184826319111e+02,1.436035683621293231e+02,1.249310817294249318e+03,6.273318846647358669e+02,3.894588020842207357e+02,1.101012639372047033e+03,1.507731444601844828e+02,1.136494038123659323e+02,1.416606403772825161e+03,2.844307647155796417e+02,3.019044650282972384e+02,7.109485161316981703e+02,1.586237684667117378e+02,1.804891006685521972e+02,1.476493313672941667e+03,-1.555586410994637276e+02,2.150312524639404899e+02,6.404054837532537476e+02,-6.538021455962345385e+01,2.312397564368851306e+02,1.708867093025510258e+03,-1.384738239508116919e+02
4.328815884137879522e+01,1.584202753130169413e+03,1.186906216129047834e+03,1.004647635028245531e+02,1.651282585039999731e+03,8.193567708539006844e+02,-1.360298033850911104e+01,1.341232445191272745e+03,1.019977258361264717e+03,4.020376684164767767e+01,1.558193429684711873e+03,5.016259534872340851e+02,1.142844499128365321e+01,1.085200099221391838e+03,8.323464121780655205e+02,-6.328228549496296296e+01,1.483079391991215289e+03,3.396847068660321156e+02,-3.218265565884616564e+01,1.235089635451511867e+03,6.761838782331543598e+02,3.899651854704799234e+02,1.341719752809963211e+03,5.775018535952456205e+02,1.464973395718903362e+02,1.259811623064091918e+03,6.335931839073627998e+02,4.062941652678654236e+02,1.099780219580753737e+03,1.634902355530349212e+02,1.133730785474377711e+02,1.417362359621125734e+03,2.920688543652354952e+02,3.161208536919315861e+02,7.090377831659342291e+02,1.720722939605844601e+02,1.850305621981286208e+02,1.479912830298178278e+03,-1.526699750595569185e+02,2.383630371077552752e+02,6.361838088987485662e+02,-5.313261114240540905e+01,2.341424811593540767e+02,1.710595020863078389e+03,-1.342297793531665491e+02
3.760639258467153923e+01,1.594708423677992641e+03,1.185120514766556880e+03,9.162205171215590838e+01,1.654963795749901465e+03,8.142293908551764616e+02,-1.288926698937675042e+01,1.349225728929722663e+03,1.027510650948756165e+03,4.836941912863041182e+01,1.531248674199527386e+03,5.037304293826091453e+02,1.647145195861018507e+01,1.080036386645236462e+03,8.626639326122625562e+02,-3.972936207722539592e+01,1.426712614691204635e+03,3.490680825841294563e+02,-4.294514829018908841e+01,1.224221766300166109e+03,7.045252451795008710e+02,3.890103926278176232e+02,1.351826407629877849e+03,5.846551574450235194e+02,1.488820489787366625e+02,1.268846655987252007e+03,6.399167199471482945e+02,4.220443471043312229e+02,1.099255214168405473e+03,1.751430582341484410e+02,1.139451639467065007e+02,1.416975647770546630e+03,2.999181922599329368e+02,3.331763353464786519e+02,7.094201321512917957e+02,1.865137400125301781e+02,1.895628688518803813e+02,1.481477743485113933e+03,-1.498280995140390246e+02,2.653001418363170387e+02,6.317622588508148738e+02,-3.843138015580704803e+01,2.363179464684707227e+02,1.708889189299447708e+03,-1.299610616132547420e+02
3.202507126563824613e+01,1.603816332638767335e+03,1.183724049763900666e+03,8.481974129260574102e+01,1.657366106687364891e+03,8.115215837099328837e+02,-1.287141128286377345e+01,1.355611296093008150e+03,1.034546605210286771e+03,5.948362682156539449e+01,1.506614831741805801e+03,5.089957204404991558e+02,2.109962698222605937e+01,1.076006121253098627e+03,8.909898103387993160e+02,-1.282454250464120271e+01,1.375415429799850472e+03,3.640988672944285440e+02,-5.225720324013788343e+01,1.216271354565349384e+03,7.329559663313580131e+02,3.877327707954360108e+02,1.360055317983343230e+03,5.922940668766087811e+02,1.509641154975518020e+02,1.276965022059333933e+03,6.462058869015885421e+02,4.371343421987832016e+02,1.099167648363649505e+03,1.861356108565768750e+02,1.150731956653845600e+02,1.416042365721683154e+03,3.078084468896902308e+02,3.516916441166313803e+02,7.112255946945516598e+02,2.015640857115234894e+02,1.940288833210014161e+02,1.481918634539508730e+03,-1.469899661229703440e+02,2.941867790406751055e+02,6.272531828536872354e+02,-2.230073923050779072e+01,2.380578357868973001e+02,1.705146010795936036e+03,-1.256693584593062241e+02
