1.120735073306804281e+02,2.616675609121178692e+00,1.722172241701818166e+03,5.883661867112591182e+01,-1.556440239773484677e+02,1.427352810921009450e+03,8.551528498289181357e+01,2.177330784736458895e+02,1.401708294830404839e+03,3.241141787890434784e+02,-2.618990378532128602e+02,1.255782872207162427e+03,3.102614732236926898e+02,2.399081981954471416e+02,1.155755443174461334e+03,4.042377111845382274e+02,-6.374092476622806203e+01,1.430522005686472767e+03,4.565996382957362698e+02,1.123752867570804881e+02,1.312115012062324922e+03,4.865443527257549050e+01,-7.309037243177770904e+01,9.054618321566757686e+02,1.357306741609327787e+02,1.801765716454479787e+02,1.015164768704685457e+03,9.430731729037670164e+01,-6.274226481002045119e+01,4.355331218420768664e+02,4.772398467649314853e+02,1.340786421855613639e+02,9.832377161671931844e+02,-3.146870785736723519e+00,-7.103727697806308861e+00,-2.739312684035053014e+00,3.288647095524599422e+02,1.207032992125149349e+02,5.727452820199715688e+02,2.561638066465939119e+02,1.908235953136421514e+01,6.492513367903849364e-01,5.658086361915303542e+02,1.778350887803566494e+01,5.351985132549868922e+02
1.144604707516891864e+02,4.654436315315050976e+00,1.721725891725083329e+03,5.984092807221401245e+01,-1.524744526230057886e+02,1.426481348422961219e+03,8.845626896190609045e+01,2.190347007656013716e+02,1.403401079540010187e+03,3.268099629331785536e+02,-2.541844695633593574e+02,1.255539625279609254e+03,3.131035572146565187e+02,2.381042221931895995e+02,1.160391728919399839e+03,4.064224194803466617e+02,-5.684865076001573669e+01,1.433110656029461779e+03,4.593146239607879693e+02,1.106703842867149348e+02,1.314854437784440051e+03,4.864395916765621308e+01,-6.984459141211182498e+01,9.060848939165051661e+02,1.363724505215551517e+02,1.829230046157605614e+02,1.016209747971728575e+03,9.472119979774977594e+01,-6.198433940899945327e+01,4.347421397241840282e+02,4.776806696404225931e+02,1.341467877262020920e+02,9.845926396248580659e+02,-2.748524166732992491e+00,-5.892882265364390193e+00,-2.109201893808854589e+00,3.244252504408164555e+02,1.192135667472236520e+02,5.761841143610712379e+02,2.565167622285039215e+02,2.171511349509087196e+01,2.367448131691583246e-01,5.596222880317557156e+02,1.565008082147399726e+01,5.361169880689186584e+02
1.164845827433382084e+02,6.554125821745829583e+00,1.721135058731329082e+03,6.065163610615698531e+01,-1.495287782819727909e+02,1.425517958681667324e+03,9.106763514968940854e+01,2.205550305934565642e+02,1.404597203970977034e+03,3.290643103397219420e+02,-2.477391003197560622e+02,1.254660313654040920e+03,3.158381937685912249e+02,2.371139692805641062e+02,1.164226197388814853e+03,4.088369321737091013e+02,-5.113463201872808384e+01,1.434072728467025627e+03,4.620175099358475563e+02,1.097768648563176299e+02,1.317067317667045018e+03,4.837945497530891714e+01,-6.671485444470685877e+01,9.063281419636011833e+02,1.368937711563052062e+02,1.857381071519792783e+02,1.016871984976003887e+03,9.496639138201039998e+01,-6.129999397773789838e+01,4.340551398372859921e+02,4.778470590380495651e+02,1.337558597177087165e+02,9.854284469549801315e+02,-2.487756980845082122e+00,-5.190199601435805832e+00,-1.605646020753278558e+00,3.200517473398894026e+02,1.178286626108336037e+02,5.789958256132279075e+02,2.569502696244857702e+02,2.385165044688475433e+01,-1.154062382955615834e-01,5.534565932163160369e+02,1.270751695617108368e+01,5.369380742085052134e+02
1.179515326686082091e+02,8.323422517735524551e+00,1.720276258205249860e+03,6.117250652409289557e+01,-1.468927379107041133e+02,1.424390120423413464e+03,9.316226882511168128e+01,2.225049924620751369e+02,1.404995132209875010e+03,3.305471811061700578e+02,-2.432400668940536548e+02,1.252833739296439717e+03,3.183655777191459038e+02,2.375085055002007550e+02,1.166760831295904609e+03,4.115634141573595457e+02,-4.728067830618823564e+01,1.432482134752793172e+03,4.647154168120311510e+02,1.102117319505394590e+02,1.318446780185273155e+03,4.773271055215567316e+01,-6.364761605245487885e+01,9.059984967076777593e+02,1.372312346017148457e+02,1.886966454609676020e+02,1.016911917200768016e+03,9.498789730750937110e+01,-6.065452195859185736e+01,4.335320319143638699e+02,4.775725927323800875e+02,1.327801644384003339e+02,9.854183062998006335e+02,-2.405416712227583798e+00,-5.241107439763560194e+00,-1.310775388856402435e+00,3.157093820506523798e+02,1.167958185134154689e+02,5.808421220541335970e+02,2.574937688877161008e+02,2.518795915041398104e+01,-3.836700483079376611e-01,5.472417265545377631e+02,8.757976414406753563e+00,5.375751612835210835e+02
1.188995098734778821e+02,1.011300590236108832e+01,1.719079077360007659e+03,6.144329417962237017e+01,-1.444816083746130460e+02,1.423076567761434717e+03,9.475397011095471100e+01,2.250257006613354065e+02,1.404579762131549160e+03,3.311142618958614889e+02,-2.405497276437287155e+02,1.250194861104314441e+03,3.205962342199205182e+02,2.394387680614403564e+02,1.167933943713425379e+03,4.144539735400495601e+02,-4.524105975388244616e+01,1.428445297593503938e+03,4.674174135977037849e+02,1.120185393397669031e+02,1.318969785545498326e+03,4.673918927124807965e+01,-6.041776961316719508e+01,9.051524562769031945e+02,1.374028893848050359e+02,1.918566097518515221e+02,1.016299367363534429e+03,9.487623377390892188e+01,-5.989208668313570882e+01,4.331661249644247960e+02,4.768436979711264030e+02,1.315367526862995646e+02,9.845504348440978220e+02,-2.421573029637142938e+00,-5.925933080883951654e+00,-1.238208289017003194e+00,3.112968028633305835e+02,1.164966624295697812e+02,5.817686303781806600e+02,2.581031594521626289e+02,2.570871661836126165e+01,-5.930472002772094742e-01,5.408525535523045846e+02,4.390246432949737709e+00,5.379944513109023774e+02
1.195417226375379443e+02,1.207602455901612792e+01,1.717563157438701410e+03,6.161114543252136144e+01,-1.421147145144329329e+02,1.421620047480738776e+03,9.602280841224090580e+01,2.281269848516715513e+02,1.403580500722649958e+03,3.308289003903063303e+02,-2.389393827602928866e+02,1.247140230649757314e+03,3.224423944495522392e+02,2.426597434815418239e+02,1.168006057454272195e+03,4.172409342651516795e+02,-4.439136856874128512e+01,1.422839403430420134e+03,4.701349675723628820e+02,1.148327992280816687e+02,1.318712880328890151e+03,4.551723325700346834e+01,-5.674521730493261629e+01,9.040177383281685479e+02,1.374794667649212272e+02,1.952775747344568913e+02,1.015182775791484346e+03,9.479526068168391362e+01,-5.879969498252028615e+01,4.329060013243486083e+02,4.757504900857527446e+02,1.305845418844903918e+02,9.831149593997273541e+02,-2.393107849976067847e+00,-6.872972592899942335e+00,-1.339362674465534475e+00,3.067325349354230752e+02,1.173070490977735858e+02,5.820836726515055943e+02,2.586705875482840042e+02,2.566500529502188854e+01,-7.936796673046473405e-01,5.341420023613389958e+02,6.383985397191958011e-01,5.382167186399423144e+02
1.201245659952653853e+02,1.422793115646268625e+01,1.715856095196109209e+03,6.185044874620262334e+01,-1.396306890208654465e+02,1.420119145727354862e+03,9.720683464066605950e+01,2.316741896975390205e+02,1.402341277096888234e+03,3.299157161456196263e+02,-2.375680864616654162e+02,1.244032486063420265e+03,3.238158355124255081e+02,2.467189483087293240e+02,1.167337712841431994e+03,4.197227144229750593e+02,-4.391919439419957882e+01,1.416742241545748811e+03,4.728799682370142818e+02,1.181427150014433636e+02,1.317654784721462647e+03,4.416114700448699892e+01,-5.244791655179635370e+01,9.028505063557687436e+02,1.375280982561435792e+02,1.990309662407571523e+02,1.013784606467695198e+03,9.487095890440046730e+01,-5.720853392428324469e+01,4.327006140232688836e+02,4.744089824772129305e+02,1.303726077375633565e+02,9.815378005941710171e+02,-2.203930290574057871e+00,-7.680595447399489295e+00,-1.534295293600894006e+00,3.020411333690329343e+02,1.193730087238645297e+02,5.821141908429531213e+02,2.590702472448787148e+02,2.545622403960158664e+01,-1.022303694233720694e+00,5.269958504659880418e+02,-1.656670599861003623e+00,5.382723706832895232e+02
1.207890130365613288e+02,1.644694062104619192e+01,1.714164415382900643e+03,6.227462189910062307e+01,-1.369572572199712397e+02,1.418699955482066343e+03,9.848388780520278374e+01,2.354531631382253636e+02,1.401178547881279883e+03,3.286618401850217310e+02,-2.358759995737577526e+02,1.241011983200180566e+03,3.246456713434453718e+02,2.512059116650904116e+02,1.166220640903048889e+03,4.219033914281337729e+02,-4.320470288654425417e+01,1.410934442222088364e+03,4.756601297778360617e+02,1.216077038044930703e+02,1.315660813382347669e+03,4.270112031032893185e+01,-4.752880044416223626e+01,9.018312079964767918e+02,1.375689701280548718e+02,2.031687751659704588e+02,1.012282835859881970e+03,9.512788466079639704e+01,-5.507195272903071270e+01,4.325379952684070304e+02,4.729268102437256971e+02,1.309878040932683518e+02,9.801394823957323297e+02,-1.822849097503319138e+00,-8.099312685593544003e+00,-1.748129662169401799e+00,2.973566012318264598e+02,1.224522958912005919e+02,5.820147018689618790e+02,2.592209368240586400e+02,2.546597292907623711e+01,-1.276239615387072313e+00,5.193751761890973739e+02,-2.367999906712177083e+00,5.381328896234751937e+02
1.215144605411689867e+02,1.862082801826340628e+01,1.712693561283976351e+03,6.288402591224866711e+01,-1.341030626668631953e+02,1.417477226853868387e+03,9.990599227721114062e+01,2.392776963436515132e+02,1.400283896346332767e+03,3.273101966373815230e+02,-2.336756417340504015e+02,1.238003509207698698e+03,3.249121875206971595e+02,2.559332505932635513e+02,1.164834134832438849e+03,4.240164237968393195e+02,-4.199602950462506357e+01,1.405703157558486964e+03,4.784810706444590096e+02,1.252672927404844501e+02,1.312649713730196481e+03,4.114850239169036428e+01,-4.216766581516403534e+01,9.010446815841089574e+02,1.375720133502830436e+02,2.076535706980359919e+02,1.010738253636494619e+03,9.551189732319528503e+01,-5.248951380158807467e+01,4.324553178936641871e+02,4.714303769271867850e+02,1.321674453944352479e+02,9.789604738916438009e+02,-1.299439915386489952e+00,-8.090023147890855526e+00,-1.933695575683777701e+00,2.928296017497615367e+02,1.259658218324352106e+02,5.817488636909753268e+02,2.591324119470141341e+02,2.590573641747528555e+01,-1.516947193427587770e+00,5.113121966724125400e+02,-2.158094937320723883e+00,5.376727466482602722e+02
1.221705016493122855e+02,2.080782207432567077e+01,1.711551257856353232e+03,6.357399187848750444e+01,-1.311047554477240737e+02,1.416516276406220641e+03,1.014116328875212218e+02,2.430657011681738311e+02,1.399691939006294433e+03,3.259936352824250321e+02,-2.309874510162176762e+02,1.234846898920326112e+03,3.246727260053659165e+02,2.609721291935578051e+02,1.163288786853453075e+03,4.264400415120603043e+02,-4.035034576623497315e+01,1.400926521391644656e+03,4.813637656607380677e+02,1.295332087313083775e+02,1.308768049940217225e+03,3.956533598604764990e+01,-3.665052288902641919e+01,9.005165051283031517e+02,1.374885275944874081e+02,2.123044914672686048e+02,1.009099024911506149e+03,9.596274791095369494e+01,-4.967871239481016232e+01,4.325175978804227839e+02,4.701032505174588323e+02,1.335433758516661555e+02,9.777602774467803783e+02,-7.161387065725172141e-01,-7.774662541771891533e+00,-2.073261777867787981e+00,2.885042064704418294e+02,1.292802110088102552e+02,5.812265544012352620e+02,2.589074791373697053e+02,2.672445996411445179e+01,-1.699421498919283513e+00,5.028498576414459649e+02,-2.068068341837300039e+00,5.366950747225598661e+02
1.226360779095124371e+02,2.326059975390086976e+01,1.710691723590757420e+03,6.419630283822026229e+01,-1.279869895995788056e+02,1.415804672442869560e+03,1.028949079555785175e+02,2.468352191923955559e+02,1.399308431704397435e+03,3.247347397176795312e+02,-2.278389043552037947e+02,1.231419080318379656e+03,3.240532100903416222e+02,2.665522537903366356e+02,1.161675959313223757e+03,4.295617659143687206e+02,-3.845803840329355694e+01,1.396270057275217596e+03,4.843687763702448592e+02,1.349701504154255076e+02,1.304395028790771448e+03,3.807999849965250405e+01,-3.127651614985516915e+01,9.002503628011209003e+02,1.372886143241927357e+02,2.168278507077963013e+02,1.007275121923198867e+03,9.646347127430094304e+01,-4.690773192014171400e+01,4.327816056882326734e+02,4.691681138364991739e+02,1.349157789380902841e+02,9.761871686500633132e+02,-1.380532846125231694e-01,-7.348028776975592535e+00,-2.166537004494817342e+00,2.842527899000970706e+02,1.320702260608559584e+02,5.804729497336475106e+02,2.586949758976987823e+02,2.763419723643494663e+01,-1.806229203877796952e+00,4.939580910778971656e+02,-2.882819954101661253e+00,5.350065175655447547e+02
1.229062296135127212e+02,2.627473508193406815e+01,1.709942018811478420e+03,6.464078497660888445e+01,-1.247667541334411396e+02,1.415242863656433656e+03,1.042838257903117807e+02,2.506350122204522108e+02,1.398979999531580233e+03,3.235012578572393522e+02,-2.242049404814067657e+02,1.227669311609063925e+03,3.232018417982394567e+02,2.728965770078273181e+02,1.160071517519587360e+03,4.336585476257850473e+02,-3.650098305037499102e+01,1.391345145419078108e+03,4.876015257913348364e+02,1.419744498406444109e+02,1.299951522450679931e+03,3.682410356368402660e+01,-2.626491410174156016e+01,9.002368015107283554e+02,1.369771619268717586e+02,2.209492821096392845e+02,1.005240494410106862e+03,9.702483986902592505e+01,-4.440471726110060757e+01,4.332684902058373950e+02,4.687939157322864503e+02,1.363461696841951891e+02,9.740121620693687419e+02,4.087278943808633769e-01,-7.004615015777940989e+00,-2.217810193594534240e+00,2.798129517367767107e+02,1.345231594188569488e+02,5.797036205790093391e+02,2.586165620638733458e+02,2.825711609840435656e+01,-1.861510844494088435e+00,4.844933854745302142e+02,-4.664499449593616731e+00,5.324986991830004399e+02
1.231176746736663432e+02,2.996904664047099942e+01,1.709100396412282180e+03,6.489380124220564028e+01,-1.214861632564443568e+02,1.414663970701015160e+03,1.055834160455382857e+02,2.544715954423012079e+02,1.398576664196532192e+03,3.222794563530152345e+02,-2.200887794663037482e+02,1.223584669738610273e+03,3.222310819363601126e+02,2.800694763263889513e+02,1.158498633161482076e+03,4.388351424716904603e+02,-3.461580939319491534e+01,1.385789695112154504e+03,4.911782363371228257e+02,1.505091963759424232e+02,1.295644819806957230e+03,3.583954750014805768e+01,-2.168152628209454846e+01,9.004421588059724399e+02,1.365826723375059544e+02,2.245796260593594127e+02,1.003101615281857562e+03,9.762957098960600888e+01,-4.226965304795717060e+01,4.339585045839339159e+02,4.689816170204704235e+02,1.380163713257115887e+02,9.712882931758909990e+02,9.273277902654060156e-01,-6.891885377174947536e+00,-2.230760476699666928e+00,2.749002547543868786e+02,1.372332935676644752e+02,5.792610579483759921e+02,2.587062675481234351e+02,2.832681484219402535e+01,-1.914022663508673228e+00,4.742592822486573709e+02,-6.721971595965960944e+00,5.291966285508206056e+02
1.234787017806322638e+02,3.416677943463211164e+01,1.708044543049601543e+03,6.504300341329324908e+01,-1.182283599122420981e+02,1.413886405836433369e+03,1.068649394490739439e+02,2.582884627199372858e+02,1.398050864566780774e+03,3.211168604030339679e+02,-2.156061704934625141e+02,1.219153489653870338e+03,3.211809785180361700e+02,2.878956259342893418e+02,1.156889775373761495e+03,4.450228971569292185e+02,-3.291990888098386137e+01,1.379313371607953059e+03,4.951592249457240200e+02,1.600338293762389128e+02,1.291320768654366475e+03,3.503490683247972015e+01,-1.741422601864326225e+01,9.008007091589546462e+02,1.361337680814087321e+02,2.278999929784001210e+02,1.001080934031465290e+03,9.819865830692349107e+01,-4.042868277807228594e+01,4.348028338248404339e+02,4.695140008485408885e+02,1.399954021438504697e+02,9.683435985121749354e+02,1.426251662780200213e+00,-7.077941718425038609e+00,-2.211040050744953689e+00,2.693283866560151978e+02,1.408440645909957993e+02,5.794580234259583449e+02,2.588970332624412549e+02,2.782966563962805040e+01,-2.001124371843860050e+00,4.631642666367879428e+02,-7.994977471804764591e+00,5.252508716454849491e+02
1.241511418832106841e+02,3.847773548112375863e+01,1.706777061403097150e+03,6.522754333925637127e+01,-1.150813423040364540e+02,1.412784981134480631e+03,1.082144450775425497e+02,2.620056158273488904e+02,1.397443272204713367e+03,3.201000353529625500e+02,-2.109532904666452282e+02,1.214371951859990759e+03,3.200152036752891718e+02,2.959810196294365028e+02,1.155088238138014503e+03,4.520094714445046975e+02,-3.150911593149704970e+01,1.371747200790818852e+03,4.994828995186078373e+02,1.696818304926028134e+02,1.286512278388990353e+03,3.423205832320378050e+01,-1.322018353682116043e+01,9.012208217086657669e+02,1.356429444588625586e+02,2.312906339783994838e+02,9.994095513220703424e+02,9.861787069174427245e+01,-3.866249883662048603e+01,4.357372222093991923e+02,4.700206919173207325e+02,1.421272555937767095e+02,9.656123014504555613e+02,1.900485588866302145e+00,-7.527519015251171730e+00,-2.170762230482056410e+00,2.630778475665187557e+02,1.456724780136180470e+02,5.804182028572776062e+02,2.590644105799709109e+02,2.699973226807749782e+01,-2.120777717253454320e+00,4.513940766708932983e+02,-7.581526733126497497e+00,5.208731034707535628e+02
1.251611724179252292e+02,4.253713400000052758e+01,1.705380725009041726e+03,6.556414584551245639e+01,-1.120575945182460771e+02,1.411347371940074936e+03,1.096758115306658254e+02,2.655829287091245874e+02,1.396832830616707952e+03,3.192745031088877568e+02,-2.062691605655103899e+02,1.209280450192170520e+03,3.186366106355102374e+02,3.038383497866518610e+02,1.152904109160048165e+03,4.594716084083196392e+02,-3.038918496274461845e+01,1.363084580667838964e+03,5.039416503857680141e+02,1.786180723622729261e+02,1.280650001948445606e+03,3.327056348399879226e+01,-8.830474355926055452e+00,9.015990676717281076e+02,1.351067162101059580e+02,2.351328559869545245e+02,9.981856117013008998e+02,9.880346391005997475e+01,-3.670144470253288915e+01,4.366879887727988034e+02,4.701345152025852485e+02,1.441405316238710270e+02,9.634021203422927329e+02,2.325484204089838247e+00,-8.096497075859515391e+00,-2.128710814425792464e+00,2.562965167347940110e+02,1.515558134745349719e+02,5.819986274814260696e+02,2.591049824715472596e+02,2.617594404966074961e+01,-2.232790731250515304e+00,4.394761638131181485e+02,-5.095744887564117143e+00,5.162433800273438465e+02
1.263928785409469100e+02,4.624388372190712460e+01,1.703925793344106978e+03,6.609266937949830378e+01,-1.090226100351414829e+02,1.409682651637004710e+03,1.112242817585847661e+02,2.690624186602997270e+02,1.396263182142575488e+03,3.185621313367088874e+02,-2.015136035883493832e+02,1.203981543253958080e+03,3.169091707222715968e+02,3.110767216706335603e+02,1.150202930869044167e+03,4.670152287357429941e+02,-2.940077820266708741e+01,1.353469261986499077e+03,5.082261354746343613e+02,1.864016482215886015e+02,1.273315000491273395e+03,3.209124073676518663e+01,-4.058073340852296873e+00,9.018326767708521174e+02,1.345166574548015035e+02,2.396066508169465692e+02,9.972896831543872622e+02,9.875007411399994339e+01,-3.433739442470243830e+01,4.375749067867309350e+02,4.696540108975169687e+02,1.458814026980502945e+02,9.617312360187371496e+02,2.661299136517399688e+00,-8.561302489534472926e+00,-2.104523289021637655e+00,2.492521457386833106e+02,1.579914672559142446e+02,5.838353363107188443e+02,2.590035585963996141e+02,2.562271211091957568e+01,-2.286784376388339091e+00,4.281574244339341817e+02,-7.150878368160219489e-01,5.114359566477882026e+02
1.276614004635421935e+02,4.983813959222776191e+01,1.702409481765742612e+03,6.677081923409133424e+01,-1.056970054351612305e+02,1.407974179897448721e+03,1.127873370238579440e+02,2.725673985814160005e+02,1.395694645871775492e+03,3.177473313786640574e+02,-1.964702722748134249e+02,1.198609723921767227e+03,3.146934042246218723e+02,3.175727771489088127e+02,1.146976598963316292e+03,4.742519092152863891e+02,-2.823553760322370820e+01,1.343108942868801705e+03,5.120316663497617355e+02,1.931588837040671365e+02,1.264395964867011116e+03,3.073816873762392277e+01,1.149870903686490253e+00,9.018291507878911943e+02,1.338683255132937688e+02,2.446168892708505496e+02,9.964217580232891578e+02,9.852184830733865795e+01,-3.149297430827191846e+01,4.383218434906265770e+02,4.686217543535741470e+02,1.474575810599239958e+02,9.603211040217273649e+02,2.860233356252710468e+00,-8.688313716984891855e+00,-2.110588987939077565e+00,2.422695391692482474e+02,1.644341723918206526e+02,5.854898196476174235e+02,2.588458398502013438e+02,2.543114746539004400e+01,-2.252452720494438232e+00,4.181329917771780629e+02,4.998322533597711725e+00,5.064003119316887478e+02
1.288120144936921747e+02,5.376415549241771430e+01,1.700778574613693763e+03,6.751567316681958175e+01,-1.017600477405683392e+02,1.406402021825924976e+03,1.143019359998751838e+02,2.762637798734317016e+02,1.395014537989384280e+03,3.165633628610697201e+02,-1.908711565671609947e+02,1.193270590886896798e+03,3.119093919263093539e+02,3.235329581146601754e+02,1.143348196434601959e+03,4.809198688952886869e+02,-2.657114179517677144e+01,1.332142900657212977e+03,5.151808812667071606e+02,1.994695267116583466e+02,1.254066045326022504e+03,2.928312604782016138e+01,6.737718033885158775e+00,9.015179829175740451e+02,1.331595896779868440e+02,2.498967602322965433e+02,9.952466758684147408e+02,9.819904489805267644e+01,-2.821950965672407463e+01,4.388777641568553918e+02,4.672803871770712476e+02,1.491552238791735476e+02,9.587319845202764554e+02,2.874104578250918252e+00,-8.324394185369502708e+00,-2.148224168049811755e+00,2.356832097856160715e+02,1.705284121247688063e+02,5.866147797116899483e+02,2.587656934476617039e+02,2.554638096610585762e+01,-2.127624572751956489e+00,4.097818266814387016e+02,1.131230292621117428e+01,5.010021246194850164e+02
1.297821235757273257e+02,5.840390013168628514e+01,1.699011558140757415e+03,6.826122351443733294e+01,-9.701696341091216880e+01,1.405072902331605064e+03,1.157742112321259071e+02,2.803026235003662805e+02,1.394098353545372447e+03,3.148359179170423658e+02,-1.845383082050733492e+02,1.187992319227139888e+03,3.086124381124927254e+02,3.294087911705088345e+02,1.139501194908885509e+03,4.869999934695142656e+02,-2.423802665969932946e+01,1.320522405043336676e+03,5.176923588519279065e+02,2.060434859268807486e+02,1.242594446863374969e+03,2.773582930601608254e+01,1.261599084385303193e+01,9.008642176846267375e+02,1.323816958976357228e+02,2.552162498722503869e+02,9.935586318404790518e+02,9.782834046111338466e+01,-2.464008148258179531e+01,4.392354486779046283e+02,4.659394011575218428e+02,1.511898128444062479e+02,9.565443395363261061e+02,2.662441806636318020e+00,-7.467944690662239537e+00,-2.212821602032954527e+00,2.298264183463932397e+02,1.761354509654422600e+02,5.870393599357621497e+02,2.588599095910877281e+02,2.586890288295984774e+01,-1.921639225298271691e+00,4.030866146945089667e+02,1.744608842596480613e+01,4.950981913423229344e+02
1.305973121246620678e+02,6.384652776019091647e+01,1.697180928878014129e+03,6.899469985799055394e+01,-9.154105564947585094e+01,1.403981799948658590e+03,1.173010112081051801e+02,2.847653102845519584e+02,1.392879118254243394e+03,3.125906299016714911e+02,-1.774417633600561715e+02,1.182713690826093170e+03,3.050251170418064248e+02,3.357136203435782136e+02,1.135572963510392583e+03,4.927413784115985322e+02,-2.128343977955123734e+01,1.307957089699245671e+03,5.197396657220353973e+02,2.134014933982637672e+02,1.230104984567966994e+03,2.601260846883315736e+01,1.872691736081587166e+01,8.998739842915867939e+02,1.315143554316684060e+02,2.605499465917331463e+02,9.913586042240181087e+02,9.741630073784655508e+01,-2.088139186831562455e+01,4.394291561764904941e+02,4.648285353352662241e+02,1.535000968956184408e+02,9.534737899266531258e+02,2.204881915897747735e+00,-6.279330543439170853e+00,-2.306202565587569531e+00,2.250522131755278110e+02,1.811818128934671392e+02,5.867176471917831577e+02,2.591269139576048701e+02,2.633355729585381866e+01,-1.634506143489317331e+00,3.978006715560291582e+02,2.260551803673160975e+01,4.886032827674593477e+02
1.313207440813171729e+02,6.983177158848131683e+01,1.695430069667988619e+03,6.975290684976384625e+01,-8.570084451956361704e+01,1.403008001159567812e+03,1.190300602935122356e+02,2.896314225575016508e+02,1.391377906665365572e+03,3.100492096432840299e+02,-1.696627575184579371e+02,1.177299162363172172e+03,3.014698952067254822e+02,3.428450916030438975e+02,1.131575867539708725e+03,4.985466040838476829e+02,-1.787490978532855834e+01,1.293953293905930195e+03,5.215060898704748524e+02,2.217596916812447034e+02,1.216429473580192280e+03,2.399051519779383312e+01,2.505446032069289330e+01,8.985827097382585862e+02,1.305327576605316153e+02,2.660845488706756896e+02,9.887985231479033246e+02,9.696424383718333218e+01,-1.703402331404359416e+01,4.395053715773885301e+02,4.640076682593175406e+02,1.557624984505641237e+02,9.493643530656217990e+02,1.516694469372897869e+00,-5.017715465952332643e+00,-2.446699382070746775e+00,2.217485023197255884e+02,1.854805682835730920e+02,5.855726087142124925e+02,2.594700249103090641e+02,2.690828364282771545e+01,-1.254730602730628863e+00,3.937475288775385138e+02,2.602620888503379604e+01,4.815104661245149487e+02
1.320020945021571208e+02,7.589614120350937299e+01,1.693870719255121458e+03,7.058967883387438746e+01,-8.003804812126296042e+01,1.401939353911797753e+03,1.210740113369070201e+02,2.947848290280471701e+02,1.389676754571560195e+03,3.075155184426018309e+02,-1.613325820572615612e+02,1.171562199219892364e+03,2.982117440482185771e+02,3.509962888225761617e+02,1.127390920119261864e+03,5.047593871235379765e+02,-1.412711945744132080e+01,1.277938594654188591e+03,5.230167043999305179e+02,2.311501791008563771e+02,1.201152586644550411e+03,2.160859964398760269e+01,3.157687128494679385e+01,8.970309102127921506e+02,1.294228920833929806e+02,2.720575091841376434e+02,9.860417706395683126e+02,9.650797990506877966e+01,-1.315293117795093103e+01,4.394848303586288694e+02,4.633630109380162025e+02,1.576238346335522351e+02,9.440937689396993164e+02,6.593334441358412734e-01,-3.933089730389788485e+00,-2.665047065202396315e+00,2.203017316566696024e+02,1.886787477070645878e+02,5.833466649343265544e+02,2.597612059404896172e+02,2.753572236525857164e+01,-7.794554139232315881e-01,3.910404185812859055e+02,2.709843413685886659e+01,4.738540699024678133e+02
1.326632785188266155e+02,8.163112393063241257e+01,1.692473936401195260e+03,7.154567694266357591e+01,-7.504482324511343450e+01,1.400519416303497110e+03,1.234313537279536632e+02,3.000610854377338228e+02,1.387853363678962069e+03,3.052289326433074166e+02,-1.526162071985885120e+02,1.165295298354160195e+03,2.953028765667046969e+02,3.601617023124759953e+02,1.122833565929411407e+03,5.114726052061013775e+02,-1.001860070417998649e+01,1.259437233327028707e+03,5.240612850724941154e+02,2.416197169386648511e+02,1.183831699881399345e+03,1.894105863716322702e+01,3.820768115048226576e+01,8.952462070886609808e+02,1.281920959886889477e+02,2.785404704596612646e+02,9.831475959218269054e+02,9.612713129945548474e+01,-9.279430995764782253e+00,4.393471056745509031e+02,4.626747145273670299e+02,1.589780305756692371e+02,9.374855862499739487e+02,-2.646687407607921649e-01,-3.168691626477621703e+00,-2.981694712310054118e+00,2.210061895012958644e+02,1.903758224454721528e+02,5.795797133143856854e+02,2.599211313826123728e+02,2.809335068524589829e+01,-2.381638970940673228e-01,3.900730683632210685e+02,2.554910388984479752e+01,4.656474468220858967e+02
1.333243081768380307e+02,8.690230203281737431e+01,1.691035157891848030e+03,7.264668346725943593e+01,-7.095074069443150222e+01,1.398508657111540742e+03,1.259723757303854939e+02,3.053202346987906708e+02,1.385918735368821444e+03,3.032779284521604950e+02,-1.437401555036083494e+02,1.158316158061933265e+03,2.925422774126540162e+02,3.701836675632193305e+02,1.117748650536480909e+03,5.184661484134235252e+02,-5.502575015678825565e+00,1.238237528694164439e+03,5.242671159145078263e+02,2.533012852635513639e+02,1.164264040829498072e+03,1.618477014706556005e+01,4.478570156295267424e+01,8.932466728898674546e+02,1.268627581440280352e+02,2.853271913272718621e+02,9.800598512130339941e+02,9.592113120476219024e+01,-5.454935101191289881e+00,4.390546264038147228e+02,4.617135248157761680e+02,1.600851422176737913e+02,9.293094987835700067e+02,-1.136984712569842459e+00,-2.721612853375538155e+00,-3.375719603353202203e+00,2.239807372369979817e+02,1.903251040675369836e+02,5.737526226590516671e+02,2.599641272159176992e+02,2.842879718167503356e+01,3.044732078123821850e-01,3.913116710643679426e+02,2.156720108292428151e+01,4.568520350417225586e+02
1.340394987485505851e+02,9.190572069877482875e+01,1.689241320539644903e+03,7.392895668063871994e+01,-6.763370993244321028e+01,1.395739916407585270e+03,1.285080387079832462e+02,3.105118197847946249e+02,1.383793131842852745e+03,3.016096063404109486e+02,-1.350041736804123502e+02,1.150521747243235723e+03,2.895903091479546561e+02,3.807896341155027926e+02,1.112077885074546884e+03,5.252928240055692868e+02,-7.457684131750961232e-01,1.214481252262961789e+03,5.232707496803857339e+02,2.662854468731335942e+02,1.142636435592984753e+03,1.356330908817368375e+01,5.113786421657598424e+01,8.910594884368396151e+02,1.254495798259041521e+02,2.920164893951624094e+02,9.766909536572914021e+02,9.598026077096145059e+01,-1.714158986615153646e+00,4.385994053743631298e+02,4.603208822272090401e+02,1.614571363803885049e+02,9.193710835371789472e+02,-1.861507361712112063e+00,-2.475226370394785658e+00,-3.766611276051967216e+00,2.291758375479833205e+02,1.885692177929549587e+02,5.655058106431753231e+02,2.599835061161244880e+02,2.845452854270855525e+01,7.751109113966463404e-01,3.950673920571247208e+02,1.575931780329682930e+01,4.474093075180848018e+02
1.349063162045634385e+02,9.703083181391231449e+01,1.686799548479269561e+03,7.546189090381793108e+01,-6.470751376810942190e+01,1.392143387818961173e+03,1.308988367575196321e+02,3.156940643707520167e+02,1.381329940412305405e+03,3.000895563588128994e+02,-1.267269009155257464e+02,1.141913025424297302e+03,2.861680577356534627e+02,3.916211651545131645e+02,1.105865030164841073e+03,5.314286282262495433e+02,3.711915542447121741e+00,1.188618181547722770e+03,5.208650993463412533e+02,2.804062937983879920e+02,1.119463210987958291e+03,1.120754981397393912e+01,5.717512482091575521e+01,8.887291185355579728e+02,1.239362959260504908e+02,2.982422484227784025e+02,9.730163621551956794e+02,9.638144543945357157e+01,1.925427374426640359e+00,4.380321746830144889e+02,4.584429180266722597e+02,1.636024767289964359e+02,9.076118892909247506e+02,-2.398703460206113913e+00,-2.279495250957720209e+00,-4.027492847414051447e+00,2.364920980243055340e+02,1.854124171180442033e+02,5.547698179966296266e+02,2.600912143276707980e+02,2.822497905197970880e+01,1.131605413015402073e+00,4.014272248112182524e+02,8.921457816183847811e+00,4.373102471098458182e+02
1.360317852386123718e+02,1.026052795164476521e+02,1.683551802756589495e+03,7.733421365901713784e+01,-6.174131538551267084e+01,1.387729134562106310e+03,1.331276174724987698e+02,3.209856908667985635e+02,1.378369288353202592e+03,2.985351177145931842e+02,-1.191421213952378935e+02,1.132552855469649330e+03,2.822134184973946276e+02,4.022904588710977691e+02,1.099205099003544774e+03,5.363751670867418397e+02,7.066563280891274168e+00,1.161219063460561983e+03,5.170301033021798958e+02,2.951395644624874990e+02,1.095353028921712621e+03,9.088825204277551251e+00,6.294624006185757281e+01,8.862923933265525420e+02,1.222727530889257963e+02,3.038964661698183249e+02,9.690951468635089441e+02,9.721079141428003823e+01,5.452774686881006971e+00,4.374433233431285544e+02,4.561125031330511774e+02,1.668022230779665165e+02,8.941332452375175990e+02,-2.780443123570383257e+00,-2.034124599913804676e+00,-4.030910771255410197e+00,2.459301684088399895e+02,1.812514216779664196e+02,5.417016557842655402e+02,2.603502124621290363e+02,2.792569823640180715e+01,1.387292849812670203e+00,4.103738151708968758e+02,1.736950769034877773e+00,4.266443368959000964e+02
1.374760469175365358e+02,1.086631863341565634e+02,1.679516036070998325e+03,7.959755983901598597e+01,-5.848771400376984531e+01,1.382539972206560606e+03,1.352850218504845543e+02,3.264678494645270348e+02,1.374790274967342157e+03,2.966947302070281012e+02,-1.123137287947348142e+02,1.122464898065984244e+03,2.779054756084119617e+02,4.124817715851119146e+02,1.092176498624083479e+03,5.396685669397386391e+02,8.632457379159481192e+00,1.132719308579897870e+03,5.118606362684620308e+02,3.097329648826043353e+02,1.070752685260039470e+03,7.046094629910442109e+00,6.860306078768209659e+01,8.837266886498779286e+02,1.204007681830020573e+02,3.091964170591466541e+02,9.650022200079436061e+02,9.858516293334537295e+01,8.832174078389806837e+00,4.369025624775145502e+02,4.533934712801505498e+02,1.710424768429992071e+02,8.791264079438726640e+02,-3.097474985560274785e+00,-1.732336696816917376e+00,-3.706690961269948570e+00,2.576476722121124112e+02,1.763827766843324412e+02,5.264712633930505490e+02,2.607375164633054396e+02,2.777336653424938362e+01,1.600519250661714521e+00,4.219649479177423927e+02,-5.438210554058383828e+00,4.155926256021479617e+02
1.392123574821199270e+02,1.148746827315364811e+02,1.674841011610267742e+03,8.220179079971258318e+01,-5.498557411417136365e+01,1.376605146047292919e+03,1.374820876308892252e+02,3.320973017840804005e+02,1.370535933990219974e+03,2.942261942781823336e+02,-1.061222244757310591e+02,1.111540133843101330e+03,2.735667026031184719e+02,4.220637607091888981e+02,1.084800348915732457e+03,5.408474948160984468e+02,8.277874704830317398e+00,1.103229607709480661e+03,5.054839924188808595e+02,3.235247173870419601e+02,1.045824576001124342e+03,4.889352198657654469e+00,7.430431750583194628e+01,8.809083974305193578e+02,1.182951176817479535e+02,3.145587088251261321e+02,9.607330462650807021e+02,1.006408520751347311e+02,1.198837038734209059e+01,4.363990190437429533e+02,4.503121475877520652e+02,1.761130316075235100e+02,8.627687862123466402e+02,-3.461514082967430017e+00,-1.446233994344586327e+00,-3.080679088227886275e+00,2.718666811842853122e+02,1.709167946330876475e+02,5.090622200189334876e+02,2.611546829443162210e+02,2.789561601562016335e+01,1.835186263046583166e+00,4.364088447920973977e+02,-1.259403069934492514e+01,4.043782926689643773e+02
1.411331680910742534e+02,1.206969996629372730e+02,1.669704172874377036e+03,8.497665268355346768e+01,-5.147517772246694534e+01,1.369920221307236943e+03,1.397596911137792404e+02,3.377033834691209790e+02,1.365600463996098142e+03,2.907511772385049085e+02,-1.003122425190291978e+02,1.099533703922676750e+03,2.695271630787121921e+02,4.311457271513066871e+02,1.077049352282273276e+03,5.394722118636992718e+02,6.612637733690016617e+00,1.072539098910195207e+03,4.980425454688760283e+02,3.362766128136772181e+02,1.020524339245951296e+03,2.515958316650916959e+00,8.013991450983736797e+01,8.776218319141613620e+02,1.159916052332289098e+02,3.203776842925274764e+02,9.561601376429545098e+02,1.034839545865250301e+02,1.484591215852922019e+01,4.358262654609487754e+02,4.468046627216064053e+02,1.817909127222717416e+02,8.451622291602368477e+02,-3.953062099199630808e+00,-1.266239084580875751e+00,-2.271798617720687474e+00,2.887053792833295347e+02,1.648557194342062928e+02,4.892435576189978406e+02,2.614746922919289887e+02,2.827197526920270221e+01,2.117671573918128658e+00,4.539778147660887839e+02,-1.989385768264061483e+01,3.932169247229188045e+02
1.431001503096362626e+02,1.256832675098895891e+02,1.664202002504822076e+03,8.769148890584649791e+01,-4.817922301687684694e+01,1.362454782188279296e+03,1.420641506003537984e+02,3.430931678595228504e+02,1.359987205225521166e+03,2.859991272971927856e+02,-9.454803488404478173e+01,1.086179225774813858e+03,2.660344118509918303e+02,4.400284840798841515e+02,1.068894931911297363e+03,5.352321712821503752e+02,4.767815294943466675e+00,1.040331773860783187e+03,4.897321180653487431e+02,3.483286137718299074e+02,9.948156014595793977e+02,-2.809950355455578808e-02,8.614098703921844447e+01,8.736267672892663541e+02,1.135803489855996844e+02,3.268616203307760202e+02,9.510742687629190186e+02,1.071347378591326134e+02,1.741439654127069403e+01,4.350252744087494534e+02,4.427061524835287400e+02,1.880018231106267876e+02,8.263424642418560779e+02,-4.573870847440159260e+00,-1.230562904713400130e+00,-1.447090619642091625e+00,3.080833976982935383e+02,1.582793072949425550e+02,4.667498563340562896e+02,2.615965286440033424e+02,2.876825885962610840e+01,2.415332809909023659e+00,4.748388621823924609e+02,-2.742427060650352644e+01,3.823051924873624330e+02
1.450052510191369777e+02,1.297761538977943587e+02,1.658282315736139935e+03,9.016848962956780156e+01,-4.509257119063873631e+01,1.354167639973630230e+03,1.443031482889531674e+02,3.482036621165964334e+02,1.353664438524957859e+03,2.799552982763025852e+02,-8.844759211751771488e+01,1.071354735214644052e+03,2.632341896625213167e+02,4.490601812056700055e+02,1.060357309366146410e+03,5.280795646144767943e+02,3.879413797443115541e+00,1.006494155980543951e+03,4.808218855899376081e+02,3.604751702968206359e+02,9.688707898597032226e+02,-2.572864196747278509e+00,9.236079261674888130e+01,8.687500331285941684e+02,1.111668801559905404e+02,3.340171362816360556e+02,9.452763328499988802e+02,1.115151106405871531e+02,1.985344332126520683e+01,4.338579335123608871e+02,4.377968095213556694e+02,1.948787578007643333e+02,8.063317411680562827e+02,-5.225957312294915447e+00,-1.283828816575420362e+00,-7.556027029315118826e-01,3.297925533073981228e+02,1.514922295849691238e+02,4.415680734042128961e+02,2.614808615060552484e+02,2.923092866004538948e+01,2.645403836881370818e+00,4.989236166583878571e+02,-3.503045213632925936e+01,3.718628358353175258e+02
1.468035636381378026e+02,1.333975594974785395e+02,1.651750318937587508e+03,9.237706127400130640e+01,-4.192308898838904696e+01,1.345007693465706780e+03,1.464320302574664368e+02,3.531860914936555673e+02,1.346552591582124478e+03,2.728872392644878460e+02,-8.162662931558919865e+01,1.055182134090416639e+03,2.611909697350278634e+02,4.584698094357996752e+02,1.051524433228919179e+03,5.182672364538746024e+02,4.584594706337400183e+00,9.713173542360543706e+02,4.715998901930375382e+02,3.736168923137491902e+02,9.431217028361253369e+02,-4.912948350112920082e+00,9.894068941671987716e+01,8.629453935050222526e+02,1.088278069399922288e+02,3.417486004832537674e+02,9.386515588327490605e+02,1.165031506426776389e+02,2.244218282153994792e+01,4.322647425633050489e+02,4.318957679224787398e+02,2.026902627328227311e+02,7.851866479332185236e+02,-5.733035760887156940e+00,-1.286071640493538615e+00,-2.713017499193537962e-01,3.536720988746458829e+02,1.449991957926795862e+02,4.141577288268272241e+02,2.611565526102570516e+02,2.957412084658306028e+01,2.704902889410141231e+00,5.258925048957545414e+02,-4.234614150053288739e+01,3.622042126587650728e+02
1.485024265013399827e+02,1.372563548981205486e+02,1.644345033559420017e+03,9.443962750666158001e+01,-3.822811619300338748e+01,1.334897091008260077e+03,1.484989250523236137e+02,3.583417688696574146e+02,1.338557305069451331e+03,2.651903507078895927e+02,-7.380366952342934894e+01,1.037983818366836886e+03,2.599085040495215253e+02,4.682729301961598480e+02,1.042530074556024601e+03,5.062093269321172215e+02,6.818088224754606408e+00,9.354584964617521337e+02,4.622706461472861861e+02,3.883740223323179634e+02,9.181377325815982431e+02,-6.904818340669714338e+00,1.060845781024150085e+02,8.562823655016063640e+02,1.065906659748458765e+02,3.499622872338735533e+02,9.311779241039001818e+02,1.220242781094963789e+02,2.544297833199819081e+01,4.302740735463008832e+02,4.249639648322031462e+02,2.116751664898737317e+02,7.630146392016458776e+02,-5.904184893859227401e+00,-1.065203493663385625e+00,2.924739378328006234e-02,3.797141360672122801e+02,1.393038671695615278e+02,3.854607243162466261e+02,2.607037742109315559e+02,2.980745070228222815e+01,2.503655929474081887e+00,5.551554591957030880e+02,-4.898330402138765294e+01,3.537751293543033739e+02
1.501250619287033032e+02,1.419747625634186363e+02,1.635844383515645859e+03,9.653644361913305261e+01,-3.365925125528082873e+01,1.323715394100644289e+03,1.506124482880226481e+02,3.639356752163950546e+02,1.329625959229543923e+03,2.571241119340903651e+02,-6.495560575210977561e+01,1.020127330895096520e+03,2.593408270668353452e+02,4.783054936144401950e+02,1.033508841111273341e+03,4.922046635328121056e+02,9.987494593049012437e+00,8.996893019689952098e+02,4.528984875868109725e+02,4.048773242607135217e+02,8.944388184492346454e+02,-8.522462145925935317e+00,1.139485463321583865e+02,8.488694865600051571e+02,1.044464306289012967e+02,3.585916958632208207e+02,9.228739523311292032e+02,1.281100607216955325e+02,2.894219460675617484e+01,4.279647029742118889e+02,4.171627106300785499e+02,2.218741936298261521e+02,7.399689983472080712e+02,-5.617833073716646197e+00,-4.840021366909758593e-01,2.445320848152530147e-01,4.079608584516567475e+02,1.346846637210752817e+02,3.566718944180192352e+02,2.602261840421033412e+02,2.999814260589196735e+01,1.986291305880170333e+00,5.858864948318462211e+02,-5.471462623120213209e+01,3.470883520219819047e+02
1.516826037059723262e+02,1.477603089017132447e+02,1.626142924057396613e+03,9.876765310514714713e+01,-2.815402943724859242e+01,1.311311057652284262e+03,1.528575457475883184e+02,3.700126268567078682e+02,1.319782249934351739e+03,2.486038477986665498e+02,-5.541921701248868004e+01,1.001871133422987782e+03,2.594110060690504156e+02,4.883636493140575681e+02,1.024555681242364926e+03,4.761799464517193883e+02,1.337210032475878485e+01,8.646022822729086101e+02,4.434744357430029709e+02,4.228458508826440720e+02,8.723856619405436277e+02,-9.852449294065142027e+00,1.225323974214568921e+02,8.407622243551272732e+02,1.023779459558763136e+02,3.675517148356517509e+02,9.137344691943595762e+02,1.348715543865801578e+02,3.278841550736633081e+01,4.254136137198742063e+02,4.088335077647500952e+02,2.330595224404699763e+02,7.162502399522392125e+02,-4.887947797806945438e+00,5.112013884936907893e-01,4.934880385970135119e-01,4.382209534180232708e+02,1.311420194814194815e+02,3.288794545524651767e+02,2.598231025286703471e+02,3.020186258117051636e+01,1.140102179230403578e+00,6.170228193840516724e+02,-5.948185085137060213e+01,3.425520440923199317e+02
1.531742497058284016e+02,1.543322328894969928e+02,1.615268162651958619e+03,1.010627592604512444e+02,-2.194903173532997798e+01,1.297552731817781932e+03,1.552248307765918014e+02,3.763539553481824669e+02,1.309108647619330668e+03,2.391917666219476928e+02,-4.581213942989137422e+01,9.833140967342000067e+02,2.600487653392220295e+02,4.983614871095733747e+02,1.015706878080346087e+03,4.576289205615796050e+02,1.649115676676379039e+01,8.304621784215232765e+02,4.340898790185439111e+02,4.418805658416085294e+02,8.522004839492707333e+02,-1.104158762988795495e+01,1.316638226231194722e+02,8.319183233378171280e+02,1.003801850681991681e+02,3.766974616399662068e+02,9.037049889482069602e+02,1.423962090580953657e+02,3.668763739718681194e+01,4.226664222878436590e+02,4.004090866679292731e+02,2.448141979941623561e+02,6.921263210059080393e+02,-3.877450942666434752e+00,1.878127754408857486e+00,8.584602793896933814e-01,4.697908219906004206e+02,1.285847575458827521e+02,3.027602677534517284e+02,2.595686395598198146e+02,3.040879039253734462e+01,-5.285978727311693715e-03,6.473016119885314765e+02,-6.320796143936430411e+01,3.402679825031306677e+02
1.546065978073768008e+02,1.611527208284657888e+02,1.603342627547575376e+03,1.031982169573395112e+02,-1.540979084875104022e+01,1.282405592230496723e+03,1.576066109666518571e+02,3.826242043794319443e+02,1.297690216143330417e+03,2.283091065366482439e+02,-3.675173516406479024e+01,9.644638969693111221e+02,2.612308530206898354e+02,5.084076584818795368e+02,1.006943509640732145e+03,4.358191743917585086e+02,1.926633796680513200e+01,7.972783271127835860e+02,4.251023686181646895e+02,4.617672618814128782e+02,8.340435110716198324e+02,-1.222643958969533529e+01,1.410908906703187142e+02,8.222322605571594067e+02,9.846074871861225120e+01,3.858532095778302846e+02,8.927101468077231630e+02,1.506351893968530078e+02,4.039702892705685144e+01,4.197449460943863642e+02,3.923041838057140467e+02,2.567262196314153471e+02,6.679481584511496521e+02,-2.848828707133097105e+00,3.497509137032017712e+00,1.354818687826499168e+00,5.013856301183175788e+02,1.271291357945349745e+02,2.784757774677622137e+02,2.595016104135144133e+02,3.053272238387712179e+01,-1.380753983233844240e+00,6.753880814134266757e+02,-6.555979299352920009e+01,3.399056088918506475e+02
1.560059903779747970e+02,1.678142001366557281e+02,1.590528967972005148e+03,1.049133550867245361e+02,-8.794283215723840641e+00,1.265995127799746570e+03,1.598591775485666631e+02,3.886246089654473508e+02,1.285568728679191508e+03,2.155549705491114878e+02,-2.851693941446064784e+01,9.453524037806727165e+02,2.629939059533770660e+02,5.187508628330294869e+02,9.982121396733468828e+02,4.101745789750942208e+02,2.196905316537880992e+01,7.650227272843998207e+02,4.171604130778888475e+02,4.825818290500718604e+02,8.180262973279938024e+02,-1.347347475364205671e+01,1.506076542287685527e+02,8.116268240285691036e+02,9.662589599300000032e+01,3.949045337016577832e+02,8.807117445857219309e+02,1.593560774861929872e+02,4.387675678581319261e+01,4.166740316395910213e+02,3.848390560069846060e+02,2.685903424672897017e+02,6.441164267404558359e+02,-2.073132086378332239e+00,5.203216363636306241e+00,1.936525630269476883e+00,5.313542909167991866e+02,1.272892707488473150e+02,2.557879032925074227e+02,2.596272327172081873e+02,3.043848103171962194e+01,-2.885047071695331589e+00,7.000856289287627305e+02,-6.585189803123466845e+01,3.407079751135064498e+02
1.574065949435496066e+02,1.743274125890769710e+02,1.576995875137833536e+03,1.060512041003326118e+02,-2.105879070846514267e+00,1.248618952306327401e+03,1.618794851020371652e+02,3.944853313007377551e+02,1.272752218551279384e+03,2.009532911437570704e+02,-2.088281058061082263e+01,9.261040096077099406e+02,2.654041505156570793e+02,5.296243582944687205e+02,9.894607188177852777e+02,3.806273072236785424e+02,2.506042345528921444e+01,7.338314130432754610e+02,4.110363988251771161e+02,5.045290326546158894e+02,8.041226824622098093e+02,-1.474916319580856339e+01,1.601085513008690953e+02,8.001420888138982264e+02,9.486430699051977911e+01,4.038807091683623298e+02,8.677578220031574574e+02,1.681923753685887277e+02,4.728302424430118833e+01,4.134952213967219450e+02,3.782196127609678911e+02,2.805047848019466983e+02,6.209780101375314416e+02,-1.736610729448975432e+00,6.807412248768689444e+00,2.523844466564598932e+00,5.580799607789801939e+02,1.299239569165059720e+02,2.342904438103328459e+02,2.599275149892049512e+02,2.998245277340969750e+01,-4.403617179129358128e+00,7.205559976043052757e+02,-6.316215264332523560e+01,3.416051935706791483e+02
1.588234007628827840e+02,1.811184796260321264e+02,1.562917226735416989e+03,1.066371051197428272e+02,4.874849906622265472e+00,1.230689466637298437e+03,1.636367349252778354e+02,4.006564826084314745e+02,1.259282614227182648e+03,1.849888537494883280e+02,-1.326634810736318926e+01,9.069102823206450239e+02,2.684964851097603287e+02,5.410867587765693543e+02,9.806868850982722279e+02,3.477450391798410578e+02,2.902990966408519924e+01,7.040513855554129350e+02,4.073425879906715181e+02,5.276383209538252004e+02,7.920621602029369797e+02,-1.592697521172874708e+01,1.695296190089632944e+02,7.879652060693233580e+02,9.313709440131006545e+01,4.129551496734850389e+02,8.539987374239589144e+02,1.767620153543010417e+02,5.080511971303720031e+01,4.102503367058416188e+02,3.725612609828106656e+02,2.928190577509859054e+02,5.986885224669588297e+02,-1.882684216423797352e+00,8.124015358955448463e+00,3.031316605377674112e+00,5.803760597056361803e+02,1.359989078852304374e+02,2.136127474633230747e+02,2.603734968420973814e+02,2.904715024290924319e+01,-5.840269591111965752e+00,7.364680004517483667e+02,-5.654969617881853594e+01,3.413683022210635727e+02
1.602381635285670427e+02,1.887395513460670600e+02,1.548485401467594556e+03,1.068523694701432731e+02,1.241219760893258872e+01,1.212624262780561821e+03,1.651406821896686949e+02,4.076872755161124928e+02,1.245314485679140489e+03,1.684083446337835142e+02,-5.106191464906063793e+00,8.879376147279974703e+02,2.722162364706221638e+02,5.529669449809512116e+02,9.719832166103077498e+02,3.125681131286934260e+02,3.426061999396956281e+01,6.761074774411139288e+02,4.062868787228418910e+02,5.515559904823318220e+02,7.813390549683670088e+02,-1.682665258923577056e+01,1.787403583690895630e+02,7.753831687104384400e+02,9.137681679516988709e+01,4.223589580884519137e+02,8.396701597883258046e+02,1.847915877782930636e+02,5.447637808018646410e+01,4.069485739495851249e+02,3.679242979944075387e+02,3.059857128203477146e+02,5.771283612066799833e+02,-2.410459717585724082e+00,9.007683640478992615e+00,3.384561109312963278e+00,5.977166677808817212e+02,1.463610417064959108e+02,1.935094982245041706e+02,2.609326960231145449e+02,2.757109962743889753e+01,-7.150637582454301366e+00,7.480317456381724242e+02,-4.518718896548206487e+01,3.387553871386260766e+02
1.616185053223736361e+02,1.974938471808093539e+02,1.533904904751192134e+03,1.069301399787827478e+02,2.061722411863043192e+01,1.194728443922464749e+03,1.663842910562448481e+02,4.159267420442226353e+02,1.231139440178344330e+03,1.518904619813024510e+02,3.777488005184872044e+00,8.692421504943613400e+02,2.764020169048447428e+02,5.649579854187375076e+02,9.635503022338660912e+02,2.762513631623623951e+02,4.089759994444683855e+01,6.502853449883014036e+02,4.076089988198851302e+02,5.756171454029584993e+02,7.713967171248299337e+02,-1.727322986882836631e+01,1.875068219220823380e+02,7.626870540000571737e+02,8.949596629971448181e+01,4.322742061119213872e+02,8.250561162879215544e+02,1.921867237271696922e+02,5.812014139190323192e+01,4.035478635794243019e+02,3.643339929070138510e+02,3.204213450409658321e+02,5.559547169462809961e+02,-3.125225393856975398e+00,9.414620824575008484e+00,3.529588020794423908e+00,6.102419157127440030e+02,1.616884053018847283e+02,1.738430143122918707e+02,2.615701085338347980e+02,2.558313709546021641e+01,-8.359648897510801646e+00,7.559216988273010429e+02,-2.831485988441930246e+01,3.326486125088636072e+02
1.629612507293455792e+02,2.072333030836782655e+02,1.519347017073941061e+03,1.070468082020897214e+02,2.935941398123899049e+01,1.177120618433724530e+03,1.673231636156657771e+02,4.253352935660389562e+02,1.217120630339359423e+03,1.357631934333341519e+02,1.308836840507589550e+01,8.507600223420389511e+02,2.808359269158869438e+02,5.768034642123634512e+02,9.556548226153487349e+02,2.396955969725462978e+02,4.872559443555434200e+01,6.265763364533676167e+02,4.107368251991982788e+02,5.991783066504659701e+02,7.619128939736576740e+02,-1.715974871962728443e+01,1.955963312889913368e+02,7.500804019406898533e+02,8.740470317553062785e+01,4.427838185065518815e+02,8.104425556713330252e+02,1.990221401679102087e+02,6.149349693488556312e+01,3.999704551872846992e+02,3.617794816452106943e+02,3.364528334913500771e+02,5.347979681121827298e+02,-3.810334569467388022e+00,9.460181624276751577e+00,3.442278497548618255e+00,6.185791716969862364e+02,1.826064162567176652e+02,1.545211404364715690e+02,2.622469633766619950e+02,2.323398245621187286e+01,-9.551158860944692464e+00,7.611204091222368788e+02,-5.109463455407181165e+00,3.222023222017342619e+02
1.643258164991398189e+02,2.174636253519650211e+02,1.504882304480989433e+03,1.072745500204818683e+02,3.833654913534505937e+01,1.159738465151084483e+03,1.679260393791167871e+02,4.355217635284485596e+02,1.203562768843477897e+03,1.199232269695300062e+02,2.227521860572421275e+01,8.323876565976423763e+02,2.853557386106920717e+02,5.884526752926710742e+02,9.485433875250943174e+02,2.033342218003438120e+02,5.712796673578771589e+01,6.046809806578897906e+02,4.150814348192130296e+02,6.219877112708562663e+02,7.530299922809874715e+02,-1.649587587660511545e+01,2.029713104672538577e+02,7.376347005812269799e+02,8.503473907372432450e+01,4.538975920598226139e+02,7.960639569235962654e+02,2.054658540835351630e+02,6.453446848673628722e+01,3.961461228413142521e+02,3.602044570566628749e+02,3.543419071697106233e+02,5.135125883700741269e+02,-4.280575922453162541e+00,9.424884159798059713e+00,3.136995408504989591e+00,6.235725845531342202e+02,2.097954250356290231e+02,1.354508894493862954e+02,2.629230808552908911e+02,2.079592435985431820e+01,-1.083270691761785365e+01,7.647211430909070486e+02,2.533055595470686683e+01,3.069985284337507778e+02
1.658251184034639323e+02,2.276771536669639886e+02,1.490437091927510892e+03,1.076086600950152530e+02,4.724778956795175588e+01,1.142424292650144253e+03,1.682686796199619153e+02,4.459700499675260517e+02,1.190591594264301193e+03,1.039974581408494885e+02,3.088840917922022911e+01,8.141040128931169875e+02,2.899800550715838199e+02,6.000842574467861823e+02,9.423608617948750634e+02,1.671469292995932392e+02,6.520416386264655273e+01,5.841668871257451201e+02,4.203190943486418973e+02,6.443265834450886587e+02,7.453981449685055622e+02,-1.542378842535293160e+01,2.099268232591505807e+02,7.253033827019742148e+02,8.236121863333671911e+01,4.656058851004042936e+02,7.820468867769482131e+02,2.116802134614929400e+02,6.752581303153384340e+01,3.920579327878359095e+02,3.595027436407943355e+02,3.743172529942248161e+02,4.923422269143771928e+02,-4.396310235864517857e+00,9.673527880515230493e+00,2.664773535449571185e+00,6.260151458431365654e+02,2.439003387422223739e+02,1.165317500923043497e+02,2.635650478728239818e+02,1.860310327829165189e+01,-1.229124581985562159e+01,7.677200494818089282e+02,6.375770327390588932e+01,2.871665348888360541e+02
1.675712667175080242e+02,2.376820769720674207e+02,1.475814689196944755e+03,1.080294062885054700e+02,5.596275581389648579e+01,1.125050401171788735e+03,1.685957539114821202e+02,4.563024336115181541e+02,1.178115104262978775e+03,8.764203295562445817e+01,3.880700361220848293e+01,7.960603609847773896e+02,2.949684966676010163e+02,6.119972482010927024e+02,9.371281030487342605e+02,1.308663631082258973e+02,7.203411388422020423e+01,5.646962542637718343e+02,4.265222431611168759e+02,6.668176231901423989e+02,7.399997729674553284e+02,-1.418726679577070904e+01,2.170465461085930201e+02,7.129755756651838965e+02,7.941127297958192344e+01,4.778976184281721089e+02,7.683673095111175826e+02,2.177453464598904134e+02,7.103687480199469917e+01,3.877666072778215494e+02,3.595152883382417031e+02,3.965532618911998384e+02,4.718966818178997755e+02,-4.053757853532903077e+00,1.050314345212704126e+01,2.094668825995632311e+00,6.264525097144498886e+02,2.852161171151266217e+02,9.768067318855220549e+01,2.641566412746007018e+02,1.693940110042191094e+01,-1.395847721895451699e+01,7.708220109990751325e+02,1.103907317793441081e+02,2.634116560285211790e+02
1.696081987337371118e+02,2.477088092136332023e+02,1.460782828625622642e+03,1.085423025387093503e+02,6.460442669277527727e+01,1.107622440959959249e+03,1.692829186057365121e+02,4.664202679139119709e+02,1.165887428813969336e+03,7.079192835867257827e+01,4.619776770492985918e+01,7.785926804930423941e+02,3.007570885698826260e+02,6.244638763761877271e+02,9.327971157485299045e+02,9.426869035479494130e+01,7.696330054875048177e+01,5.462160031639543831e+02,4.340844836267851861e+02,6.900453769968015649e+02,7.378325656838668465e+02,-1.305508901249052478e+01,2.249756148733771113e+02,7.005384829174280412e+02,7.625200101187500934e+01,4.907278518864562784e+02,7.548491415653292052e+02,2.236309830542666361e+02,7.565982551110325005e+01,3.834035498403035831e+02,3.600152343810386242e+02,4.211045883208232112e+02,4.529423760062097699e+02,-3.188884697953851433e+00,1.199219207897281692e+01,1.484798985032234286e+00,6.250947411623923244e+02,3.333411225232226798e+02,7.887212267321537240e+01,2.647035218307210584e+02,1.592418606911920520e+01,-1.579691881649820928e+01,7.742886244805647493e+02,1.646336546496749236e+02,2.369263623713752338e+02
1.718747227667585094e+02,2.582346572497262400e+02,1.445185042167142683e+03,1.091690396340400611e+02,7.353110821840107292e+01,1.090312791634397854e+03,1.706943764841034579e+02,4.764593063756460083e+02,1.153633477293988108e+03,5.371281717883124429e+01,5.329256663034232133e+01,7.621688774156438058e+02,3.077780444222158849e+02,6.376499175419429548e+02,9.293485622663827144e+02,5.741569175901491917e+01,7.975316329092008516e+01,5.290304939702077718e+02,4.434890103342861494e+02,7.142637999475247170e+02,7.395900163503538352e+02,-1.222254177130047914e+01,2.341423061163164050e+02,6.879234699470955547e+02,7.296284517308282602e+01,5.039823100153761288e+02,7.412234714490309671e+02,2.292160790193564992e+02,8.170229900792591593e+01,3.791375971611986984e+02,3.606821318476598321e+02,4.478676963667862765e+02,4.361108829357763170e+02,-1.817160057921842542e+00,1.394155592263085808e+01,8.607743642550190755e-01,6.218369432040182119e+02,3.870802811704229498e+02,6.018494352182490559e+01,2.652240826585984905e+02,1.546082853139735569e+01,-1.770739347471042890e+01,7.778645608004364931e+02,2.251445563267790533e+02,2.092013710034212295e+02
1.742205866375263668e+02,2.696627356101959094e+02,1.429017549388165889e+03,1.099048631253165809e+02,8.325469327243409623e+01,1.073416694075111081e+03,1.730067916749123071e+02,4.866222452179762286e+02,1.141162297546460650e+03,3.684357356618706802e+01,6.020510827931408215e+01,7.473174959629495788e+02,3.162504175803859994e+02,6.516330446560430119e+02,9.268660344793962622e+02,2.074896385937381993e+01,8.053878104313804442e+01,5.137263760351136170e+02,4.550411614671681946e+02,7.393716103588989199e+02,7.454722560203912280e+02,-1.173247213606296135e+01,2.446019427195774938e+02,6.751257767077388507e+02,6.960909391213516528e+01,5.175001897803274460e+02,7.272382305258790893e+02,2.343379070433054494e+02,8.903001579219186112e+01,3.751291487305228429e+02,3.610927046657378696e+02,4.766357100073767583e+02,4.216692572187851056e+02,-8.755708945531458232e-02,1.595549446110205771e+01,2.181260864802624655e-01,6.163583023299637489e+02,4.447463008651699852e+02,4.185024350641734969e+01,2.657255047818225080e+02,1.528286031949473234e+01,-1.955302697000441725e+01,7.808151732254898434e+02,2.902838765884179679e+02,1.817838181146103125e+02
1.764634183604330531e+02,2.820864727767173008e+02,1.412434965963188915e+03,1.106820557390329611e+02,9.433741104478816908e+01,1.057264116376076117e+03,1.761034237107469096e+02,4.970222778217149084e+02,1.128416294401758478e+03,2.055661490818228287e+01,6.694628694576991279e+01,7.345729452951886742e+02,3.260538450575833735e+02,6.664639845870942736e+02,9.255342248101986797e+02,-1.499032999042789882e+01,7.967757412024410257e+01,5.009749354547595317e+02,4.686888582913299501e+02,7.651080533866992255e+02,7.551905587204391850e+02,-1.145571286918243992e+01,2.560944666007880528e+02,6.622011887978945879e+02,6.623290043696771079e+01,5.311667283393463777e+02,7.127738427511417285e+02,2.388478487717101473e+02,9.715269506801718080e+01,3.714855603481389039e+02,3.607642068382464799e+02,5.072406304776235970e+02,4.094529502592924359e+02,1.705823652684957503e+00,1.762868646383847704e+01,-4.498337866528190898e-01,6.082510330067599398e+02,5.047315514432726218e+02,2.427675224977644675e+01,2.661773418562618758e+02,1.507768003045990035e+01,-2.119458993094814048e+01,7.820849572489016737e+02,3.587049666344358343e+02,1.560356015383215720e+02
1.784526383832559304e+02,2.953028013387370265e+02,1.395691342830162966e+03,1.113701041967367615e+02,1.072834322000005329e+02,1.042136552790894712e+03,1.796068410683541288e+02,5.076487831708409999e+02,1.115453031118633817e+03,5.004126900114777676e+00,7.360631320676809253e+01,7.244365895402233946e+02,3.367483909893416012e+02,6.821963888999636083e+02,9.255570354800588575e+02,-4.896653650069384156e+01,7.762872989181390437e+01,4.912903635660404120e+02,4.839937606438861621e+02,7.912640405803340400e+02,7.681311473724084635e+02,-1.114513125112454972e+01,2.682644645180473049e+02,6.492501911991791985e+02,6.286486230688976917e+01,5.450178842000320856e+02,6.979078121626683924e+02,2.426556407957928911e+02,1.054910405334055383e+02,3.682267368565264292e+02,3.592611193529343723e+02,5.396938627522132492e+02,3.989695338098989623e+02,3.199901920794435917e+00,1.873762858206308834e+01,-1.117488065732825886e+00,5.971318047672951934e+02,5.660133231684026214e+02,8.010370325754159637e+00,2.665039427201252806e+02,1.462616768751173346e+01,-2.253132048361277029e+01,7.805442771111285083e+02,4.297332691827211875e+02,1.329361004831412174e+02
1.801097792599140348e+02,3.090571821557977614e+02,1.379056517636151739e+03,1.118134524794983804e+02,1.224270022821306156e+02,1.028224851759523517e+03,1.830374151599405650e+02,5.184722755510929346e+02,1.102396906196576765e+03,-9.866013796058773266e+00,8.052470049703202903e+01,7.173328600089542988e+02,3.477152302218239015e+02,6.988619914704652274e+02,9.270444666398818754e+02,-8.048549924971338498e+01,7.492818543104982609e+01,4.848538213391965996e+02,5.002339099878749948e+02,8.177377139710141591e+02,7.835703584495254290e+02,-1.053888685301621031e+01,2.808951245655807725e+02,6.364004921494325799e+02,5.954478037820988590e+01,5.592738596585254527e+02,6.828941687489323158e+02,2.457516721074393331e+02,1.136626931418439170e+02,3.652662533153573463e+02,3.563290587293149656e+02,5.742138656845569358e+02,3.895974272950354020e+02,4.112173489208402977e+00,1.933044459879386778e+01,-1.714046883698835400e+00,5.827070944820536624e+02,6.282822917625003356e+02,-6.400274318193728718e+00,2.666096747788413381e+02,1.389358549134809806e+01,-2.353644420708937091e+01,7.752466127867733121e+02,5.033132343062395648e+02,1.129589087052907672e+02
1.814340108872084443e+02,3.233414335190533961e+02,1.362749895580393286e+03,1.118808006295110999e+02,1.398375711528113641e+02,1.015633780050633618e+03,1.860118068600972094e+02,5.296060188509513864e+02,1.089401297532052240e+03,-2.417805883720945914e+01,8.828764830378298711e+01,7.135517474043646189e+02,3.583308164358033423e+02,7.164274691385153346e+02,9.299363404160128539e+02,-1.091664542370070592e+02,7.220288524830826304e+01,4.814953209972950958e+02,5.165687167640942334e+02,8.444313470547385805e+02,8.008258259254569111e+02,-9.460389570617067534e+00,2.940203448358657852e+02,6.237935323744223979e+02,5.633621130610467986e+01,5.742603693019286766e+02,6.680688729063502933e+02,2.482047898054877919e+02,1.216412991281963940e+02,3.624141053127299301e+02,3.519840544920492675e+02,6.110968312238404678e+02,3.807768807032918517e+02,4.383778365064059379e+00,1.967347442869356300e+01,-2.149131777569700752e+00,5.647916136029310792e+02,6.916361907325322136e+02,-1.859897121144739174e+01,2.664292957195243616e+02,1.303742001798246442e+01,-2.427160375018977589e+01,7.656012087633811234e+02,5.795940144670669270e+02,9.604003739827840036e+01
1.824796002063202991e+02,3.385321955157641582e+02,1.346911838864171614e+03,1.114925566777599357e+02,1.592933950024959131e+02,1.004412464897312589e+03,1.883759475189155808e+02,5.414014347104530316e+02,1.076635058909058216e+03,-3.801164248990126282e+01,9.754514669185509490e+01,7.131974539873239110e+02,3.680897380023577625e+02,7.347860694603912179e+02,9.340061114601497820e+02,-1.349860229975794255e+02,7.012267587570555349e+01,4.808512527866603818e+02,5.321999988329760072e+02,8.711299320555929171e+02,8.192911390389750750e+02,-7.865419482521077477e+00,3.078798121493688313e+02,6.115730492566517569e+02,5.332668901684471763e+01,5.902557986836347936e+02,6.537292804407909443e+02,2.501394767652964788e+02,1.297436401174347793e+02,3.594073512839485716e+02,3.464926880504208953e+02,6.504972404034583633e+02,3.721301253170184964e+02,4.221625166397436679e+00,2.010029193058542063e+01,-2.366814101176801355e+00,5.432989763046221015e+02,7.560665949578376512e+02,-2.857586490210229613e+01,2.659773811407019934e+02,1.233719516137072247e+01,-2.486789029680302221e+01,7.513982380451222980e+02,6.584561631486316173e+02,8.165346858813715869e+01
1.833184210609903175e+02,3.552695860036138811e+02,1.331612677227674567e+03,1.106073956040664115e+02,1.803743757787075026e+02,9.945846320899206603e+02,1.902084195171040335e+02,5.543974519512316874e+02,1.064283225203348820e+03,-5.139667109748705087e+01,1.087855984992750962e+02,7.161788835021826571e+02,3.766409320965579468e+02,7.538084237375219345e+02,9.389426931327338934e+02,-1.581779629759616341e+02,6.925707866542654756e+01,4.826209675005177360e+02,5.464919990492995794e+02,8.975075409432828337e+02,8.383908805517290830e+02,-5.819926053524540066e+00,3.227877634160267917e+02,5.998699937970042129e+02,5.061664790160003236e+01,6.073617127378587384e+02,6.400428698690659530e+02,2.517004379357762218e+02,1.384986982362970309e+02,3.559670634099181257e+02,3.402346055423601570e+02,6.922561901933777335e+02,3.635129373321257162e+02,4.000840263726499479e+00,2.085949930145470432e+01,-2.395666071073753400e+00,5.182228148602966940e+02,8.210771953953111506e+02,-3.666772887212698606e+01,2.653698507252915419e+02,1.208029575532417965e+01,-2.547632467238905463e+01,7.326927175293848222e+02,7.392818151969732980e+02,6.900813616927602823e+01
1.839977915931820007e+02,3.741478581415499889e+02,1.316892684190179352e+03,1.091755600594423612e+02,2.026697863566294302e+02,9.861671594997062584e+02,1.917039950468338532e+02,5.691384456721232254e+02,1.052550143821458505e+03,-6.440838373784529836e+01,1.222243443731156560e+02,7.222629901810028059e+02,3.837515828965282481e+02,7.734324985460167454e+02,9.444713769100604850e+02,-1.790232246343276756e+02,6.991516620072002297e+01,4.867890010927377489e+02,5.590324118726241522e+02,9.232862665290816722e+02,8.575428888820748625e+02,-3.432330943762306852e+00,3.390209958051223680e+02,5.887818117036840704e+02,4.830670698533368324e+01,6.254891244291749217e+02,6.270182376833280387e+02,2.530143700242789180e+02,1.484856057838009065e+02,3.518641632722266195e+02,3.335117033058049856e+02,7.358922888329584566e+02,3.550292366576495624e+02,4.076033787177319567e+00,2.204290098809389420e+01,-2.361733153938351482e+00,4.896131625860172676e+02,8.856479466357575348e+02,-4.337215352693917225e+01,2.648050434509289630e+02,1.245069410520363107e+01,-2.620958944155610126e+01,7.096194737191246986e+02,8.210606970661025343e+02,5.734517300959929997e+01
1.845005564029285097e+02,3.954047521714015829e+02,1.302820114435332016e+03,1.070907870027023421e+02,2.260143352267530759e+02,9.791792418738680226e+02,1.930094493485515557e+02,5.859573761869155533e+02,1.041660963019276551e+03,-7.726152420571375501e+01,1.378556840380648509e+02,7.311710302540747080e+02,3.892366394509510883e+02,7.937418261501684356e+02,9.504579157815359167e+02,-1.976078602202777859e+02,7.209512209930758786e+01,4.936957201066209677e+02,5.696212871309016919e+02,9.484360557080452736e+02,8.761892971295987991e+02,-7.859491259604269864e-01,3.567812652771493163e+02,5.783509936450377609e+02,4.649058529083807656e+01,6.444800140981707273e+02,6.145365305545468573e+02,2.541585947972713200e+02,1.601969498127556051e+02,3.469635965715002612e+02,3.264070531563652935e+02,7.807661021590363362e+02,3.470121960033621917e+02,4.605547136510111272e+00,2.361337205033323627e+01,-2.452405242031089116e+00,4.575525973456408906e+02,9.485170821876007494e+02,-4.907233971011361717e+01,2.645091648346494253e+02,1.346447220351426566e+01,-2.710534486147349753e+01,6.822380782554480447e+02,9.026830321424832846e+02,4.623718046030333539e+01
1.847157756987259347e+02,4.187869331881510107e+02,1.289539913214572607e+03,1.041781443129322611e+02,2.506215258013402547e+02,9.736429391997243101e+02,1.941004132447447716e+02,6.048398267999829159e+02,1.031854989932975741e+03,-9.029814599176050649e+01,1.555945238587253812e+02,7.426592741823983488e+02,3.928945751957849666e+02,8.149829631103485781e+02,9.569428967308290339e+02,-2.136493359921405499e+02,7.561403254361651705e+01,5.039202757636433603e+02,5.781872587415824682e+02,9.732680526896115225e+02,8.938816152256104033e+02,2.090983941030674753e+00,3.762067695376752567e+02,5.685508222566625136e+02,4.525197119233493481e+01,6.642898708877698937e+02,6.024152235913602453e+02,2.551446362737234779e+02,1.739393879635004225e+02,3.412201936519067544e+02,3.187698970057437577e+02,8.263151104843152552e+02,3.399350803908242256e+02,5.481324564206699890e+00,2.548875426255599663e+01,-2.844664514363944186e+00,4.221558181342417129e+02,1.008570459434527379e+03,-5.385121491426052387e+01,2.646624162410962526e+02,1.497745593015905463e+01,-2.813016686559194213e+01,6.504817908514310147e+02,9.831774590762232719e+02,3.573059893149890343e+01
1.844317177269076069e+02,4.436569308257603552e+02,1.277280604686773586e+03,1.002328040587744624e+02,2.770253046382181878e+02,9.695694556175292291e+02,1.947538496292668526e+02,6.254363746184227466e+02,1.023358694130925528e+03,-1.038469867546226055e+02,1.754008778912482853e+02,7.565264836236193560e+02,3.944804250895332416e+02,8.375102584128399030e+02,9.640792880190905407e+02,-2.264785612835046607e+02,8.037286933067898076e+01,5.180404012510391567e+02,5.846588345591305824e+02,9.983608297406715337e+02,9.103384781026609289e+02,5.211830656480881174e+00,3.973712206628802051e+02,5.592849885129537597e+02,4.465702155648087768e+01,6.851121290349969968e+02,5.904728965044042752e+02,2.559212561488094195e+02,1.897695478133544782e+02,3.346246219827818891e+02,3.103253632420105532e+02,8.722134487100049682e+02,3.342266075329613955e+02,6.391707237515602991e+00,2.761572183063237418e+01,-3.623682941715591355e+00,3.836243780973561570e+02,1.065110357916051498e+03,-5.753166656951451330e+01,2.653271699582151655e+02,1.675934785433327434e+01,-2.921706630996621357e+01,6.142228643794118170e+02,1.061752623386361392e+03,2.621186768104701770e+01
1.833612972741922249e+02,4.692726757680318315e+02,1.266309456582009489e+03,9.508741535661755506e+01,3.058517197888077703e+02,9.669304871311220495e+02,1.946133321453041845e+02,6.472125952891874476e+02,1.016337757333251602e+03,-1.180394571412939371e+02,1.973426799247752399e+02,7.725374505734228023e+02,3.937243304036133509e+02,8.616962652694523968e+02,9.719934954411538683e+02,-2.352020161785661116e+02,8.661679363031615253e+01,5.363937200986680409e+02,5.888390098293064057e+02,1.024384074377492425e+03,9.253910675093850386e+02,8.604222851421502227e+00,4.202435642249475904e+02,5.504052915687085488e+02,4.473760984455591228e+01,7.073640143583917279e+02,5.785792717513677417e+02,2.563963417085498122e+02,2.074820625417808060e+02,3.271293500600903599e+02,3.008312117012373506e+02,9.183711721424649568e+02,3.300378084202015430e+02,6.972235199766608993e+00,2.999405837904595984e+01,-4.715984372690819271e+00,3.423553020098267439e+02,1.117897865175498964e+03,-5.992841305768164517e+01,2.664022979894337482e+02,1.859648076818453433e+01,-3.030770317633943378e+01,5.734041129068506280e+02,1.137688711621454786e+03,1.803100489323354338e+01
1.812004309645670901e+02,4.950926753243954295e+02,1.256861580351545854e+03,8.866363421145065615e+01,3.375439713072089489e+02,9.656256633496033146e+02,1.933026084539546332e+02,6.696667428187846554e+02,1.010853196094036662e+03,-1.327105898214702790e+02,2.216193561244304533e+02,7.903066569140529509e+02,3.903736533782727065e+02,8.878713320565387903e+02,9.806372923414933211e+02,-2.389740641187759707e+02,9.503516452377941448e+01,5.589513135283237943e+02,5.903194502186406680e+02,1.051940712897801404e+03,9.388028966256647436e+02,1.231341252485759163e+01,4.446459845042589336e+02,5.417465929198115191e+02,4.547122472366897483e+01,7.315430172743087951e+02,5.666890218556219452e+02,2.564720135479435612e+02,2.266826963408157383e+02,3.185983533889502723e+02,2.901797001862360617e+02,9.648023708846234285e+02,3.270793309449022104e+02,6.966862196670047247e+00,3.266107946341583101e+01,-5.856982647729305214e+00,2.990481182986382009e+02,1.167012013475653930e+03,-6.114454277793433334e+01,2.676294654849378958e+02,2.036927037774384175e+01,-3.137080278873523653e+01,5.281648456436305423e+02,1.210239090067512279e+03,1.108522846749836432e+01
1.777038148548249978e+02,5.209694902804437788e+02,1.249083304591978958e+03,8.097645360458065511e+01,3.721825663402631221e+02,9.654590066729002729e+02,1.905352292601917554e+02,6.925318982213633490e+02,1.006856514597397222e+03,-1.474564824997764276e+02,2.485618629212299595e+02,8.092036426450358704e+02,3.842183898193189862e+02,9.163332871630029786e+02,9.897071506051347569e+02,-2.372477112720401351e+02,1.066218289615451909e+02,5.853474647476094788e+02,5.884388279862484978e+02,1.081498354607611191e+03,9.500522526179724991e+02,1.646051355805717620e+01,4.702776497853739102e+02,5.331695598278729449e+02,4.676985200647307295e+01,7.580343398765400025e+02,5.548570850958782330e+02,2.560825716655996303e+02,2.469561852911031394e+02,3.088098856851532901e+02,2.783828791369383566e+02,1.011467994106785682e+03,3.246467412387632407e+02,6.341378770689348521e+00,3.567988045039192002e+01,-6.611885333688521271e+00,2.547370694305863879e+02,1.212645483277492076e+03,-6.171032923931839065e+01,2.686705515248525558e+02,2.206481337664735420e+01,-3.239059869278954551e+01,4.789237398033135378e+02,1.278661493588407893e+03,4.617259944105701841e+00
1.727463433779725790e+02,5.471695270721960469e+02,1.243012480006410442e+03,7.209622400049184421e+01,4.094683310173313657e+02,9.661285988649190131e+02,1.861826175241717181e+02,7.159061083574440545e+02,1.004234678514096117e+03,-1.618121983744899239e+02,2.785652040247345553e+02,8.283174653680935080e+02,3.750660505868606833e+02,9.474142678065076097e+02,9.986611954023642284e+02,-2.299009302598536522e+02,1.223500534814863983e+02,6.150375240789667259e+02,5.822785228393572652e+02,1.113381789276329300e+03,9.582159590307969665e+02,2.133286675514694153e+01,4.968372895342808988e+02,5.245960644703803837e+02,4.848524446678652566e+01,7.869584086812398027e+02,5.432260389204438980e+02,2.552193210520335640e+02,2.680765212417439898e+02,2.975129118927924878e+02,2.654539731586981475e+02,1.058183788235833163e+03,3.218575681958979544e+02,5.333792012278691708e+00,3.917016175735702177e+01,-6.463539398105710099e+00,2.107219692461834484e+02,1.254942170085601219e+03,-6.247282721319510301e+01,2.692501608206281958e+02,2.372680911228473377e+01,-3.334488169994054374e+01,4.264384907735250749e+02,1.342361985726274497e+03,-2.632745241699183669e+00
1.663336879712018401e+02,5.742491357619707060e+02,1.238588841973342369e+03,6.210219887847330256e+01,4.488330658098296340e+02,9.672281951472459696e+02,1.802794294039823058e+02,7.402956519185192974e+02,1.002873656334053521e+03,-1.754405065474079777e+02,3.118908396229144842e+02,8.464817969565403928e+02,3.626562894506568568e+02,9.815478147947852676e+02,1.006789072156771113e+03,-2.172346704648446689e+02,1.428382819107600596e+02,6.475057022099251753e+02,5.707111990391593963e+02,1.147744773618716181e+03,9.620405337136207891e+02,2.744174708777550009e+01,5.242070765340662319e+02,5.160253464038172524e+02,5.042696800257649414e+01,8.181087966353009051e+02,5.319788046581966228e+02,2.539241754876620405e+02,2.901541847639163052e+02,2.845158661125509525e+02,2.512595909283473645e+02,1.104608646948147452e+03,3.179912122422555285e+02,4.453244527575360046e+00,4.338250039505891920e+01,-4.959274972395967929e+00,1.684400314903382139e+02,1.293926911666485012e+03,-6.431734990754421233e+01,2.693166366073562585e+02,2.538955898547559542e+01,-3.420202900297684323e+01,3.718799330609833760e+02,1.401036945885246723e+03,-1.198999108463367591e+01
1.585449029457912218e+02,6.028768604757880212e+02,1.235670497904219019e+03,5.106443266834807559e+01,4.895903790429234164e+02,9.682615841866236224e+02,1.729573038581585251e+02,7.665864562798623183e+02,1.002683759357876284e+03,-1.882243808609140387e+02,3.483563012022370913e+02,8.623408383767311989e+02,3.465334804298936433e+02,1.019270443473078558e+03,1.013243546341948331e+03,-1.999175814596028999e+02,1.682161855152731960e+02,6.824220228106379409e+02,5.525388606343497031e+02,1.184475296447726578e+03,9.601658824180638021e+02,3.548032013866831846e+01,5.526092314908092931e+02,5.075260453417531039e+02,5.238212916651465179e+01,8.509898959662939433e+02,5.212640858017826986e+02,2.522465569261085534e+02,3.136273115177201589e+02,2.697769919141489936e+02,2.354358404869877290e+02,1.150275317294719116e+03,3.127427570130503796e+02,4.434984611422326140e+00,4.877521682672422543e+01,-1.873224873005213009e+00,1.293416866632353219e+02,1.329537696248916291e+03,-6.790569796162105831e+01,2.691428807849198961e+02,2.705882578517184456e+01,-3.495440695447285151e+01,3.169066829568100729e+02,1.454718586893924794e+03,-2.434952320768161016e+01
1.494297113372321348e+02,6.336878013761908051e+02,1.234034433602514127e+03,3.907293582763379192e+01,5.310620017226684695e+02,9.686694293333903261e+02,1.643142214504385947e+02,7.959575891465093491e+02,1.003543833234458589e+03,-2.002086568296750215e+02,3.870527785298493200e+02,8.744367744362152735e+02,3.259244923097232345e+02,1.061109400166775458e+03,1.016971456069888632e+03,-1.789460060168669031e+02,1.983000155744236395e+02,7.196608687471191388e+02,5.267369557521818706e+02,1.223073390824504486e+03,9.513789661682964152e+02,4.616174995337099318e+01,5.826499796874607000e+02,4.992021641784551775e+02,5.412561835419791123e+01,8.849413029655373748e+02,5.111163744867718606e+02,2.501888478082849190e+02,3.390879477126808297e+02,2.534637051531339011e+02,2.174327823474668548e+02,1.194635340320778369e+03,3.062414096027601431e+02,6.140421650280953436e+00,5.603450020781154706e+01,2.688991604879246378e+00,9.478875507288199742e+01,1.361750802178549520e+03,-7.357663149205416175e+01,2.692930912114180728e+02,2.877369804800710895e+01,-3.567934609768024501e+01,2.636498522909583357e+02,1.503723022199178104e+03,-3.986043154391897758e+01
1.389175827405387338e+02,6.671945432583366937e+02,1.233353414642331018e+03,2.631201764630185025e+01,5.726668360706694330e+02,9.678608039277638682e+02,1.542517411010196327e+02,8.297213334522673449e+02,1.005168901481490934e+03,-2.113820467016581688e+02,4.262780712308054945e+02,8.813219348176961603e+02,2.997002472342654187e+02,1.107334771113164379e+03,1.016579499463970933e+03,-1.556200586903200076e+02,2.329816573698693958e+02,7.591459949738192563e+02,4.927635393547497529e+02,1.262594329940537818e+03,9.347939811980454579e+02,5.998620383068637807e+01,6.152134093350438206e+02,4.911349397327525708e+02,5.541492591219356711e+01,9.193141661961535647e+02,5.014008673220874925e+02,2.476935152524318369e+02,3.670264682643456240e+02,2.359587361092365256e+02,1.966933035253891262e+02,1.237123949597483715e+03,2.988328972833639909e+02,1.038746990521457292e+01,6.599015635934331669e+01,8.314408479269046026e+00,6.593985338536147367e+01,1.390754245583043485e+03,-8.141167933127653100e+01,2.704314785911782906e+02,3.072249104611985260e+01,-3.659157451144788098e+01,2.145031298056235869e+02,1.548555953417008595e+03,-5.790168247549172520e+01
1.267977711523234774e+02,7.037130881267178211e+02,1.233161175018135964e+03,1.316659097918496890e+01,6.139846456849261358e+02,9.652424717856239340e+02,1.423366379280070930e+02,8.690530159479231997e+02,1.006956922570245524e+03,-2.213056555387811670e+02,4.637852539198638055e+02,8.817355172090545921e+02,2.665143893486123829e+02,1.157593170090369540e+03,1.010266980218813842e+03,-1.314844491302837923e+02,2.725491555408194699e+02,8.005587610598231549e+02,4.508389804658515345e+02,1.301723083988324333e+03,9.099513013606350569e+02,7.703049811912644884e+01,6.512259963699583523e+02,4.833183766617904098e+02,5.597098173050920167e+01,9.536290945984214886e+02,4.918158471033285650e+02,2.447155801519244278e+02,3.976053607141175235e+02,2.178199905517998900e+02,1.729092774992238617e+02,1.277247229438248269e+03,2.907867383653616002e+02,1.772613312413905362e+01,7.941677080744803163e+01,1.446128595710256981e+01,4.358895701453689497e+01,1.417068033841168244e+03,-9.134437183434722840e+01,2.730235863463509531e+02,3.333149534092468969e+01,-3.803717992967590789e+01,1.717048107854761838e+02,1.589803186328430002e+03,-7.730184881052952051e+01
1.127960246428300479e+02,7.432544999393173839e+02,1.232834223233793182e+03,3.408440272718059605e-01,6.547967575176377295e+02,9.602594730372402410e+02,1.277501314911923629e+02,9.146059592767420554e+02,1.007893550537431793e+03,-2.286210027940442728e+02,4.972995222692322272e+02,8.749053757744387667e+02,2.251713211347067158e+02,1.210509853731762632e+03,9.959688629601549792e+02,-1.081923816071172126e+02,3.176366183393287770e+02,8.430074017932531660e+02,4.020898572219196012e+02,1.338960741853056788e+03,8.768987422506055509e+02,9.684610434219936792e+01,6.913564613471440907e+02,4.756260472753153294e+02,5.545436660467157708e+01,9.876232021285762812e+02,4.819742396730961218e+02,2.413660846687986634e+02,4.305342609209117199e+02,1.997297010562005255e+02,1.462559302774468222e+02,1.314654476732283456e+03,2.821445391372205904e+02,2.822827186194995264e+01,9.676717031450371564e+01,2.074030417910085333e+01,2.797932292968512868e+01,1.441491444063515701e+03,-1.031806909784860267e+02,2.770442687777965602e+02,3.724322103196199407e+01,-4.039354926103262500e+01,1.368412795059997791e+02,1.627988246839603107e+03,-9.666841648306491663e+01
9.672444416862626326e+01,7.853954214916025194e+02,1.231622854492979741e+03,-1.104870420811200127e+01,6.950959357330240209e+02,9.524851558867618451e+02,1.093701336314114769e+02,9.660953263230834409e+02,1.006580879628970592e+03,-2.305739503134493589e+02,5.251683907714703992e+02,8.609940645022026047e+02,1.751630152579129174e+02,1.263437519758538429e+03,9.717575969527815687e+02,-8.729548405660553101e+01,3.686966225634612329e+02,8.847918204995435190e+02,3.484870371813213978e+02,1.372840693580121751e+03,8.363000217202330759e+02,1.184978004898092649e+02,7.357406740837296866e+02,4.678443298470963896e+02,5.345349628846462053e+01,1.021132187574798309e+03,4.715539604971189078e+02,2.380418650480586109e+02,4.650661170711074419e+02,1.824607581553356965e+02,1.175043633420919065e+02,1.349143061377106733e+03,2.728249034795575199e+02,4.139855898572827897e+01,1.179410888561203450e+02,2.717233521479571934e+01,1.867274121252063068e+01,1.464839828524882932e+03,-1.165000783924798640e+02,2.818274778563632026e+02,4.316319512113733481e+01,-4.388743825626809070e+01,1.104845471003360444e+02,1.663400889658260667e+03,-1.147035917539716507e+02
7.863998174512222761e+01,8.292169074757040335e+02,1.228751268572353638e+03,-1.947448526473233343e+01,7.350681758397150816e+02,9.417937828238146949e+02,8.599793947305030883e+01,1.022018294028963965e+03,1.001420715470743176e+03,-2.228524520554706498e+02,5.470193936386143605e+02,8.415858503589159909e+02,1.171821384142977109e+02,1.312578092489499113e+03,9.364139578047571604e+02,-6.997591295841556303e+01,4.251948824505593620e+02,9.234124019158135752e+02,2.925736011973139625e+02,1.402114412749106577e+03,7.895361720016904883e+02,1.407125874013424038e+02,7.838250914385246233e+02,4.597727591571055541e+02,4.950542733905708559e+01,1.053854615686334000e+03,4.604644996465146960e+02,2.354369463792523334e+02,5.001090745483710407e+02,1.668427116050632719e+02,8.795278359301215687e+01,1.380584197987131574e+03,2.629101807281515448e+02,5.629102824795017312e+01,1.422075057741790829e+02,3.427381941863856696e+01,1.456469249860994708e+01,1.487580371993911058e+03,-1.305329502523266854e+02,2.861557393005379595e+02,5.164221430401973834e+01,-4.840493222780518323e+01,9.212892704511071429e+01,1.695969938964708490e+03,-1.304385583718428734e+02
5.893455220579895837e+01,8.734143191030453863e+02,1.223579507683299198e+03,-2.317250850506850313e+01,7.750680601822155040e+02,9.285947806098986348e+02,5.670231079897475723e+01,1.079676577949192279e+03,9.909384891863016946e+02,-2.001106100008474016e+02,5.643281816683248735e+02,8.199577790907816279e+02,5.336823391359786228e+01,1.353620578990196464e+03,8.899793330445504580e+02,-5.669585147529760150e+01,4.849794513084779624e+02,9.559500041395237986e+02,2.370477741530548315e+02,1.425921048402498855e+03,7.387083705743503970e+02,1.620745000238615319e+02,8.343925076879563676e+02,4.513504195043780669e+02,4.316564150117422116e+01,1.085142214421704921e+03,4.489550036941558346e+02,2.343930015165444161e+02,5.344395410231302321e+02,1.536738128581993976e+02,5.917991796617958045e+01,1.408817963862459692e+03,2.528959003746803091e+02,7.182413289000933787e+01,1.683490104569191601e+02,4.288336767653153458e+01,1.408885944524079825e+01,1.509565473425167966e+03,-1.441648984957566597e+02,2.885953145025234221e+02,6.291199516551406390e+01,-5.340114096184364456e+01,8.044355651452467271e+01,1.725272132222272376e+03,-1.433584619314886481e+02
3.830869333881160799e+01,9.166033936804561790e+02,1.215784726703450133e+03,-2.052164109649192980e+01,8.156153194042666428e+02,9.140244072950092686e+02,2.121533714670669113e+01,1.135556780877265965e+03,9.741833536585299953e+02,-1.573740173644955860e+02,5.807650297868434563e+02,8.008117277461468575e+02,-1.286655347008210981e+01,1.382805367159928664e+03,8.340808545349202632e+02,-4.671549821490897614e+01,5.443530811906404097e+02,9.798512646856271431e+02,1.843160069566994821e+02,1.443977820367105323e+03,6.864647996758640147e+02,1.812091783744787676e+02,8.857674838032430671e+02,4.427486428478380276e+02,3.412541685465462393e+01,1.113968090179166666e+03,4.376067128323759334e+02,2.356508725179963619e+02,5.669829116964799596e+02,1.435426461617550444e+02,3.268614871369560149e+01,1.433588234176336982e+03,2.436905512337748405e+02,8.717350959296763335e+01,1.950010017425927629e+02,5.377431001916879438e+01,1.556871976025132653e+01,1.530015425863118708e+03,-1.561544081584178230e+02,2.879682736958311011e+02,7.686975450306147195e+01,-5.799090429599173291e+01,7.370695149462888196e+01,1.750692550995882812e+03,-1.534078379226642141e+02
1.764082703826864318e+01,9.577283392323374756e+02,1.205487582108813513e+03,-1.055804699033160610e+01,8.574266281529348817e+02,8.999349721274487592e+02,-1.972382752123611027e+01,1.185970704052333303e+03,9.510901602255701164e+02,-9.207960563147213406e+01,6.021057479003076196e+02,7.892863253704705357e+02,-7.740141234300665474e+01,1.398056874662229802e+03,7.718680187997687199e+02,-3.752843688067034833e+01,5.992034755153018750e+02,9.939704350501053796e+02,1.361399829211105441e+02,1.456750165359923130e+03,6.356406296035087280e+02,1.969351890062168593e+02,9.361261397059794263e+02,4.343805391247371404e+02,2.234719020796871902e+01,1.139128255970509372e+03,4.272010447381817357e+02,2.396281971551153163e+02,5.970998884756032794e+02,1.365874352653883932e+02,9.531990108911013948e+00,1.454563468445956460e+03,2.363107450401211054e+02,1.020617550741274755e+02,2.210705892655863067e+02,6.722146716775235120e+01,1.759011108280094504e+01,1.547766814840618963e+03,-1.655065715482171811e+02,2.837749766033813899e+02,9.322503522189221314e+01,-6.122100711968919740e+01,7.022564913776362516e+01,1.771658909432615019e+03,-1.608862037615355405e+02
-2.184028487013721431e+00,9.964012152969028193e+02,1.193244444197536041e+03,6.543233234850212021e+00,9.014620481565307273e+02,8.885554179711934921e+02,-6.420968469316646576e+01,1.227764429208954652e+03,9.226667443982532859e+02,-6.006216807888121956e+00,6.354739231077212480e+02,7.894253215355079192e+02,-1.361701575408667679e+02,1.399706477081422463e+03,7.075067258251483509e+02,-2.449539790306302223e+01,6.470899250379487739e+02,9.994970219389790600e+02,9.345733901489330719e+01,1.465463835196341506e+03,5.887740848909467104e+02,2.083869691433641833e+02,9.838028140678118234e+02,4.268076636685664198e+02,8.165720273278409991e+00,1.159598645480606820e+03,4.185090521823413496e+02,2.463187102290170287e+02,6.248009080905241035e+02,1.322880812555817727e+02,-9.905525159799225321e+00,1.471443349441271039e+03,2.314209607390455119e+02,1.168092681031116484e+02,2.460853585759858504e+02,8.272173418327813010e+01,1.924219986194915322e+01,1.561682424016427376e+03,-1.718205312510393981e+02,2.763951642836660199e+02,1.117316979293436106e+02,-6.243323936341742098e+01,6.858555343634918700e+01,1.787851188193029429e+03,-1.662764352576095916e+02
-2.041565920359508013e+01,1.033016864510854703e+03,1.179873052830020470e+03,2.921950286470416458e+01,9.489111781696576600e+02,8.818399309834610449e+02,-1.093192886863697595e+02,1.258915392871789663e+03,8.909075222472297355e+02,9.387314582013398478e+01,6.878330333074433156e+02,8.026786728602054382e+02,-1.858903253361853842e+02,1.390461180079391397e+03,6.453405251311938855e+02,-1.178925797573427303e+00,6.895547397538371115e+02,1.000258905639413001e+03,5.638068030977803602e+01,1.471836991109364817e+03,5.476279972829121334e+02,2.151192630221939623e+02,1.027508462339912739e+03,4.205668537428331888e+02,-7.694668642268831960e+00,1.174882504633056669e+03,4.120857278820759007e+02,2.553169051681444159e+02,6.508195297716025607e+02,1.294120772785568647e+02,-2.597077263336069919e+01,1.484099001655813481e+03,2.289836527511166366e+02,1.321392260226683391e+02,2.703497036719928701e+02,9.898603057503943603e+01,2.013904294097163827e+01,1.571059688084568961e+03,-1.754147191897380083e+02,2.670018998530105705e+02,1.323818455940066201e+02,-6.157450262274846864e+01,6.769884909199232936e+01,1.799325041925960704e+03,-1.700732139571528023e+02
-3.651423601654192908e+01,1.068584607972364665e+03,1.166170711871146978e+03,5.464310289642419605e+01,1.001007110778197216e+03,8.807199152331455707e+02,-1.516158268604158650e+02,1.278907004514561777e+03,8.584305300394163396e+02,1.963024172921106469e+02,7.639836809902401455e+02,8.271790672665289321e+02,-2.245871444520721525e+02,1.374599563225020574e+03,5.890004723315032606e+02,3.914827372856169063e+01,7.334548864099099319e+02,1.001969612305658302e+03,2.432757851409023786e+01,1.477571350915998210e+03,5.129023406587743921e+02,2.171894498014784745e+02,1.066424359867872226e+03,4.159856135608363275e+02,-2.420504131263286851e+01,1.185180934575798801e+03,4.081551732223769591e+02,2.658992686290801544e+02,6.764970883213004527e+02,1.262029912339346822e+02,-3.954383417281929525e+01,1.492652332004443451e+03,2.282368918129705833e+02,1.488566494472404997e+02,2.948511907903970268e+02,1.141883833262651109e+02,2.025755916141480029e+01,1.575874022869259534e+03,-1.771437423209633835e+02,2.572508504147451163e+02,1.554561746320840427e+02,-5.931905567682878200e+01,6.671706034273182695e+01,1.806515125833664115e+03,-1.726704003382854182e+02
-5.016244039271164468e+01,1.104351676443732913e+03,1.152662155587266170e+03,7.922408011908697745e+01,1.058610305966235501e+03,8.846110674290166571e+02,-1.879098715337795511e+02,1.288833923990220683e+03,8.279412516994656244e+02,2.883508673977298145e+02,8.647172778577585177e+02,8.582805294491890891e+02,-2.518277382258625323e+02,1.356718949454038921e+03,5.408124377524590045e+02,1.008040546616002615e+02,7.901989663694971568e+02,1.010348533850103195e+03,-3.758380749067771198e+00,1.483832765864008934e+03,4.843143136643310527e+02,2.151969051825269332e+02,1.100181063425340426e+03,4.130767755665117420e+02,-4.019587471229798581e+01,1.191302070597508646e+03,4.066291370221262014e+02,2.770974352556519875e+02,7.034644682879835500e+02,1.208154683333165735e+02,-5.169533548219858687e+01,1.497419006485089767e+03,2.280263426684086028e+02,1.675600006298788287e+02,3.209328153650800459e+02,1.263672471857020696e+02,1.972407916920505144e+01,1.576758124743200142e+03,-1.779898433309713823e+02,2.488769779409913099e+02,1.813918287000340399e+02,-5.693356587401056856e+01,6.492763534535120584e+01,1.810103498198221132e+03,-1.743287939081869240e+02
-6.123391665672769335e+01,1.141397044766343470e+03,1.139513178942818058e+03,9.935837381513923106e+01,1.121669561144931777e+03,8.914796096830867782e+02,-2.160349167579582002e+02,1.291223176693789128e+03,8.016883096766779317e+02,3.587979684396908056e+02,9.859766217793434180e+02,8.902156328226611777e+02,-2.686381667767667523e+02,1.340538266280397920e+03,5.017240539504230696e+02,1.825837592327972629e+02,8.725783602176821887e+02,1.028593830489879565e+03,-2.910469150372538039e+01,1.491003228857100794e+03,4.610716327669508132e+02,2.102472545432041500e+02,1.128769778664125624e+03,4.115751844629268135e+02,-5.455113068532393328e+01,1.194360506623578431e+03,4.072279215675982300e+02,2.877603977382978542e+02,7.331705980705868342e+02,1.118881638843073034e+02,-6.330844082357112512e+01,1.498748344317918281e+03,2.273010774734341908e+02,1.884807843926732005e+02,3.498180201111436531e+02,1.338622115384422671e+02,1.868200350394973341e+01,1.574746867273748194e+03,-1.786460703543721991e+02,2.433185512472076937e+02,2.105137074363920533e+02,-5.591220398284532678e+01,6.173058147099287396e+01,1.810796280645384968e+03,-1.752082562611003596e+02
-6.974199365251253369e+01,1.180378304898537635e+03,1.126656583130193894e+03,1.121924880045676503e+02,1.188835744642104828e+03,8.985142013893012063e+02,-2.353397040343768936e+02,1.289574971518590019e+03,7.810769649224383784e+02,4.009182989105184447e+02,1.119621751302960320e+03,9.180466975149569180e+02,-2.771265328935886600e+02,1.328191281670122180e+03,4.717014007205162329e+02,2.757130992217832386e+02,9.900882365597092303e+02,1.055183040684466050e+03,-5.275193114110525272e+01,1.498825036192030893e+03,4.425123834927155713e+02,2.038103373728289966e+02,1.152454081510624746e+03,4.111036338764884590e+02,-6.638190393603957773e+01,1.195436123885742973e+03,4.096185031646826928e+02,2.966522105892849481e+02,7.663932961154978329e+02,9.905284785338976405e+01,-7.480701584403603022e+01,1.496911067460852792e+03,2.254871231651182768e+02,2.114478039421599362e+02,3.821339736693254849e+02,1.356994863974257157e+02,1.728496435489827121e+01,1.570940976199487295e+03,-1.793205953943382269e+02,2.414384861099325690e+02,2.427435437024506086e+02,-5.750077298741333465e+01,5.672680102759650822e+01,1.809130755718291539e+03,-1.754296237014874293e+02
-7.579489181324818503e+01,1.221503505721609372e+03,1.114054302787296365e+03,1.161740425629375295e+02,1.257515393419487509e+03,9.031155936631205350e+02,-2.466939553555252758e+02,1.287663218884961907e+03,7.665555427406444551e+02,4.135525563928536599e+02,1.255685923648522703e+03,9.388244010290782171e+02,-2.799102350317430705e+02,1.320173709888391386e+03,4.503070367420236266e+02,3.643798998299514551e+02,1.144592699638751355e+03,1.083109901772959120e+03,-7.524033476425219646e+01,1.506790645160489930e+03,4.285312279789280865e+02,1.974642391255196685e+02,1.171734757889307502e+03,4.113788279562705839e+02,-7.514301850282632245e+01,1.195376346360682192e+03,4.134950989304919062e+02,3.026226852776530336e+02,8.029173764533022677e+02,8.316394800014535349e+01,-8.607787840214623998e+01,1.492175692123228146e+03,2.225545339626761177e+02,2.359163491159867760e+02,4.175976743235527806e+02,1.318576432699233294e+02,1.575731008105287323e+01,1.566264799432600967e+03,-1.798524260722126655e+02,2.433789171697633549e+02,2.774221671349502572e+02,-6.228084730719394457e+01,4.986782715297123048e+01,1.805444768035647712e+03,-1.751296297570554827e+02
-7.957813982304486444e+01,1.264649012872471076e+03,1.101938075666613031e+03,1.112531888579086541e+02,1.324451134368477142e+03,9.037271331144111173e+02,-2.520147929405142975e+02,1.288707588544487635e+03,7.577931081740852051e+02,4.002180868980555601e+02,1.385192310646447368e+03,9.513156710910685661e+02,-2.795141068184843789e+02,1.315796832292213821e+03,4.371221347481561565e+02,4.294246618928286807e+02,1.328287823777076028e+03,1.101235226893972367e+03,-9.648480435484792395e+01,1.514470100838278313e+03,4.195272101536391460e+02,1.925680005356515494e+02,1.187365219343462968e+03,4.123482896528719834e+02,-8.067436771350479319e+01,1.194815466079981206e+03,4.185929058855756466e+02,3.048378762459011000e+02,8.415215732028116236e+02,6.612708347462914560e+01,-9.658510585343641708e+01,1.485050900223869576e+03,2.188137469198715053e+02,2.610149349540946560e+02,4.549847108642220519e+02,1.233431692230394532e+02,1.442211481612804747e+01,1.561396085716421339e+03,-1.800214044879235473e+02,2.485739304287673974e+02,3.133422276280866754e+02,-6.997319090158063659e+01,4.155303971761411930e+01,1.800034825224538054e+03,-1.744837314951791996e+02
-8.136757228906137129e+01,1.309466829205411386e+03,1.090878993211252009e+03,9.873958840287453143e+01,1.386621232269986876e+03,9.001231997907083269e+02,-2.535383734336527937e+02,1.294620743461776556e+03,7.540460116584691832e+02,3.669698184057239700e+02,1.502229055640989145e+03,9.546142027429083328e+02,-2.779095984731894191e+02,1.313820372338773950e+03,4.318245055824708629e+02,4.541942525489812397e+02,1.524995495003612632e+03,1.097519126727975618e+03,-1.159193115565287542e+02,1.521546625189370616e+03,4.159262256083590614e+02,1.899621321282170641e+02,1.200357428458503819e+03,4.141990936574367765e+02,-8.316725357482850711e+01,1.194327157631624686e+03,4.246840953660507694e+02,3.030091824181085371e+02,8.802914701262370727e+02,5.037139551859181807e+01,-1.056002181113457254e+02,1.476497500198096532e+03,2.146384569153424877e+02,2.856105314133807838e+02,4.924001125579373479e+02,1.120230857926177634e+02,1.363579538410741243e+01,1.556816593052050848e+03,-1.798190645174854012e+02,2.559263868807380788e+02,3.490024355906326718e+02,-7.953917583222765586e+01,3.256538109562328742e+01,1.793382358901483485e+03,-1.736985047896630761e+02
-8.155729524571270872e+01,1.355380071524951973e+03,1.081631358292846926e+03,8.092033788239419323e+01,1.442060950812072633e+03,8.930855805568638743e+02,-2.531581140222310751e+02,1.305588236393843772e+03,7.545290792392102048e+02,3.201884052048213789e+02,1.604366595397703804e+03,9.467540067828037991e+02,-2.762930023903564916e+02,1.312958881616693134e+03,4.339694630287766586e+02,4.302136033654147695e+02,1.714330172102970892e+03,1.062952961631222706e+03,-1.328476639734724927e+02,1.527589743979776131e+03,4.176050230300504040e+02,1.898173855753856856e+02,1.211912209035500837e+03,4.172542172774969345e+02,-8.307209075002307941e+01,1.194544158114452785e+03,4.316021351831222432e+02,2.975417309114071713e+02,9.171394645509174097e+02,3.816539463651934483e+01,-1.124526924819030569e+02,1.467898073410647385e+03,2.103035164493218758e+02,3.084237600593958177e+02,5.277546260677788723e+02,1.002295664658489329e+02,1.364958674518128490e+01,1.552876009538774497e+03,-1.795121415282373505e+02,2.641096301581920898e+02,3.829904110042942875e+02,-8.953379145386659843e+01,2.383076701982072265e+01,1.786265786850139875e+03,-1.729989967185123305e+02
-8.067436892874292198e+01,1.401505556161794857e+03,1.074823221010028647e+03,6.055948317473382758e+01,1.490249139939178804e+03,8.837193968560823123e+02,-2.520695820461976382e+02,1.320183150067751740e+03,7.586263177521924490e+02,2.652123834157329725e+02,1.691452030093260419e+03,9.244972679263242981e+02,-2.751027498841949637e+02,1.312123287041322783e+03,4.427077749896773184e+02,3.601079283232151056e+02,1.877027042232763961e+03,9.945977253041270387e+02,-1.468241544780632921e+02,1.531825508790662525e+03,4.235881584627344409e+02,1.917058874401246271e+02,1.223262648922698418e+03,4.218169704218263973e+02,-8.097558054106437453e+01,1.196131724318195666e+03,4.392840973583790287e+02,2.895378643465671757e+02,9.503346969890905029e+02,3.104001786966804843e+01,-1.167310265760494445e+02,1.460735467064010891e+03,2.059898044957820105e+02,3.282086741768411571e+02,5.592700924047667286e+02,9.024470183273098201e+01,1.448252556518854206e+01,1.549800319956718567e+03,-1.795040379474159806e+02,2.719055067375627459e+02,4.143293368923421554e+02,-9.855236220355459409e+01,1.611129239232637289e+01,1.779650255369387423e+03,-1.726262247279014161e+02
-7.934877913885217993e+01,1.446644106320002720e+03,1.070650972108998531e+03,4.035856282522845362e+01,1.531935727511326832e+03,8.727996010917513559e+02,-2.507650386445687047e+02,1.336029495132242573e+03,7.658907334589562197e+02,2.060216371455243802e+02,1.763721135548201573e+03,8.846755774295455694e+02,-2.742058911630531384e+02,1.310448177640676931e+03,4.567137675210832413e+02,2.564107501126022726e+02,1.999354508996975710e+03,8.965400628085790231e+02,-1.578906564399010222e+02,1.533174984256280140e+03,4.322079189666956722e+02,1.948646331747206091e+02,1.235485037399316752e+03,4.280240650231044697e+02,-7.748114081554616916e+01,1.199634529157676525e+03,4.477719071708396541e+02,2.806328242106604307e+02,9.788586964886002306e+02,2.952249817720577951e+01,-1.183977179614758768e+02,1.456136152198590253e+03,2.018756735796253565e+02,3.439653108296991491e+02,5.858357024863538527e+02,8.383061489138873412e+01,1.589466790801936469e+01,1.547650427176156654e+03,-1.801254441858148141e+02,2.784751291289020401e+02,4.426342497202243749e+02,-1.055804238253006986e+02,9.796634526813747357e+00,1.774392993183650105e+03,-1.728191857042605193e+02
-7.822472606479817614e+01,1.489448810083253193e+03,1.068735123913291545e+03,2.243045285545345635e+01,1.568555517134952652e+03,8.604496795561389035e+02,-2.492465621036849655e+02,1.350779448143999844e+03,7.759134508244760582e+02,1.455664454700859096e+02,1.820446252243303434e+03,8.263611666541603427e+02,-2.731571751729488255e+02,1.307254465031829568e+03,4.744528353963170275e+02,1.369122328387045684e+02,2.075174939537846967e+03,7.785504877080495589e+02,-1.665963582528048619e+02,1.530610861224103473e+03,4.416407340277640969e+02,1.985196760962563474e+02,1.249353071027975147e+03,4.357480557517955049e+02,-7.312228771688204176e+01,1.205317738028981012e+03,4.571267855338639947e+02,2.726932733355986329e+02,1.002494077887120852e+03,3.323290763316699525e+01,-1.178012869716116313e+02,1.454526745627465971e+03,1.982014591126434766e+02,3.551226236025225944e+02,6.071164849763355278e+02,8.195082368791820215e+01,1.748797210850768735e+01,1.546287668766361321e+03,-1.814852242174246157e+02,2.834937955542431496e+02,4.680229151241527461e+02,-1.101228035727323515e+02,4.894541338629412763e+00,1.770921067145215829e+03,-1.737377635936937850e+02
-7.784035628506555327e+01,1.528743456358947924e+03,1.068213616290804566e+03,7.866575152901811308e+00,1.601535586995522863e+03,8.462317276529308856e+02,-2.472794080609693310e+02,1.363002126046556441e+03,7.881976337038419160e+02,8.618852263617353060e+01,1.859855977743291305e+03,7.525063560066878381e+02,-2.714403292180993503e+02,1.302068647649047080e+03,4.946690457516236847e+02,1.884399177121976621e+01,2.105436511067287483e+03,6.531996167747984146e+02,-1.738321171218838970e+02,1.523608957085281190e+03,4.505231357986536977e+02,2.021134216655185867e+02,1.265279957845082663e+03,4.445741883142338224e+02,-6.832253651137672534e+01,1.213120441134038401e+03,4.672822869775089316e+02,2.674553096460073789e+02,1.021672784333720074e+03,4.123541960216417834e+01,-1.155850512738752514e+02,1.455581177451577560e+03,1.952529719531547414e+02,3.616402380913260686e+02,6.234301707010396285e+02,8.474773100807227877e+01,1.887571072114678117e+01,1.545413271617003602e+03,-1.834338770472959936e+02,2.871446138394531431e+02,4.908561642271046139e+02,-1.121075534965797971e+02,1.189926882736450198e+00,1.769073349340814957e+03,-1.753315851469553763e+02
-7.853765724359973888e+01,1.563834779091216205e+03,1.068028118462563725e+03,-3.470417252997842095e+00,1.631798549695442034e+03,8.295165903209550606e+02,-2.445801115036794044e+02,1.372610239698864007e+03,8.021250002989858103e+02,2.983847604254118124e+01,1.880196889158376280e+03,6.699560804818493125e+02,-2.686333594407779515e+02,1.294712646348927365e+03,5.167948306945933155e+02,-8.551148892360133402e+01,2.095981348102344327e+03,5.326705560138665305e+02,-1.805635235690057243e+02,1.512374698564784467e+03,4.583284627277711252e+02,2.053506716025392222e+02,1.283342386776306512e+03,4.538647629247425925e+02,-6.339505833188315620e+01,1.222750356401589670e+03,4.779303650672190429e+02,2.661980271006649446e+02,1.037193573023572299e+03,5.245267135713068285e+01,-1.125208153721750932e+02,1.458462995260192884e+03,1.932885525365050796e+02,3.640146125631918039e+02,6.354918679612294454e+02,9.174628025111134377e+01,1.981419896971490147e+01,1.544714762920816611e+03,-1.856204492639747912e+02,2.900175466199287371e+02,5.114612409319298081e+02,-1.116580633636840503e+02,-1.557777566568266048e+00,1.768229509163908688e+03,-1.772408056071047326e+02
-8.045259870509121924e+01,1.594645933321253779e+03,1.067260831367833134e+03,-1.279838721661248790e+01,1.659620082794838709e+03,8.099079920907367978e+02,-2.409354763902339869e+02,1.380672654245680860e+03,8.170080476456715814e+02,-2.187989508602171185e+01,1.881134621353280863e+03,5.877024986273926288e+02,-2.644899527582302312e+02,1.285384712143717252e+03,5.410154428581083721e+02,-1.703161907168766618e+02,2.054991378751961292e+03,4.263633856859761408e+02,-1.875561867858070286e+02,1.497686020563349530e+03,4.653583510480625591e+02,2.080983183256885809e+02,1.303344700352555719e+03,4.629035654192040852e+02,-5.856502898034187155e+01,1.233849011868833713e+03,4.885378021278762617e+02,2.695327037228543077e+02,1.049933940600971482e+03,6.597339060754242723e+01,-1.093270517386145002e+02,1.462204476138938162e+03,1.924697072506719167e+02,3.632082685855936006e+02,6.441453496164018588e+02,1.021842660080633038e+02,2.022470086021629498e+01,1.544069948632032265e+03,-1.875990326261789107e+02,2.929761414477323456e+02,5.299741476503312470e+02,-1.088574378524021569e+02,-3.508609595526790859e+00,1.767684656705262796e+03,-1.788386622353771145e+02
-8.357961852588911711e+01,1.621606275475796792e+03,1.065366724908544938e+03,-2.189017162387924742e+01,1.684804694905126325e+03,7.875379030982915083e+02,-2.362930536845807126e+02,1.388755478968960915e+03,8.321656783874300345e+02,-6.768437889681759145e+01,1.864596556255474070e+03,5.142499251529532103e+02,-2.589711164780596846e+02,1.274641992797260400e+03,5.679357151049373442e+02,-2.349885889596341428e+02,1.991078801646952115e+03,3.398331478692794008e+02,-1.951825631238889116e+02,1.480482833305673012e+03,4.724358948708072035e+02,2.102531606495176106e+02,1.324874864781308133e+03,4.710843147538074049e+02,-5.400070892287942570e+01,1.246116749618278163e+03,4.985149675935134610e+02,2.773455621507458773e+02,1.060647328615001697e+03,8.117296999977948246e+01,-1.065363211449432299e+02,1.466012801181413352e+03,1.928372969893901541e+02,3.605328262702907409e+02,6.501756296505898263e+02,1.153400504695152051e+02,2.012454225716099288e+01,1.543672739503540470e+03,-1.889498960454905898e+02,2.970341408069755857e+02,5.463466151085191314e+02,-1.035998280540371184e+02,-4.765543078302233226e+00,1.767050652561438255e+03,-1.794468096329191837e+02
-8.785338493992364306e+01,1.645383784955817418e+03,1.062231893440155091e+03,-3.232872473816431125e+01,1.707005441699952826e+03,7.631741678503071853e+02,-2.308370281404695845e+02,1.398142647775429850e+03,8.469804872843782277e+02,-1.065431030604477058e+02,1.834616740136186991e+03,4.553753691457187642e+02,-2.522650163061058208e+02,1.263266214425719227e+03,5.980337133304794861e+02,-2.817264068184940697e+02,1.912332065770717918e+03,2.749911457691732153e+02,-2.033793472198549921e+02,1.461516462037587644e+03,4.805148889327504662e+02,2.116841488752042437e+02,1.347321931460889346e+03,4.780878134023477060e+02,-4.984424521825612686e+01,1.259324430356369021e+03,5.074571608737784914e+02,2.888876543586515027e+02,1.069886219090435588e+03,9.766094364039597053e+01,-1.044409752064420331e+02,1.469384565101300041e+03,1.943315868737533663e+02,3.575063878270385658e+02,6.542590919379637171e+02,1.307414546301440339e+02,1.955682012524102831e+01,1.543948225693723316e+03,-1.893931350345600322e+02,3.032484143344448171e+02,5.604685069693571222e+02,-9.556918713171313584e+01,-5.460201743526009288e+00,1.766414754595858540e+03,-1.786258041130983258e+02
-9.318922109850753088e+01,1.666628900553045014e+03,1.058104531429911731e+03,-4.484154745692167410e+01,1.725995720161714871e+03,7.381818527154074445e+02,-2.250159559326647525e+02,1.409302920476024383e+03,8.609497478636035339e+02,-1.376245761536713133e+02,1.796376917096360103e+03,4.132214704321200429e+02,-2.447974904972612933e+02,1.252074234677189679e+03,6.311932732155257781e+02,-3.132770197407023716e+02,1.826039042444735060e+03,2.310958546104967013e+02,-2.117722568163947869e+02,1.441300527739883364e+03,4.903879982132814348e+02,2.122788377722418147e+02,1.369858767817849412e+03,4.839939950973502505e+02,-4.623183666659384272e+01,1.273219327287769602e+03,5.153244985555668336e+02,3.029771430487014641e+02,1.078039480215356889e+03,1.151296865870339587e+02,-1.030966162139860813e+02,1.472067431593955916e+03,1.968213320703392526e+02,3.556843567035921865e+02,6.570510967249214218e+02,1.481950442007271818e+02,1.859507338831173229e+01,1.545255976810221682e+03,-1.888731382368169989e+02,3.126079394754730743e+02,5.723126637689363179e+02,-8.433671497919476678e+01,-5.794564350191850899e+00,1.766135145951416007e+03,-1.763694194715681931e+02
-9.946788124506159079e+01,1.685854599784701350e+03,1.053490744658115318e+03,-5.901141593298348909e+01,1.741788070962176789e+03,7.143803759104810069e+02,-2.194768320712939271e+02,1.421801224294103804e+03,8.737571982232346954e+02,-1.603630298585386527e+02,1.755007238993982355e+03,3.868427147317560184e+02,-2.371964219270026319e+02,1.241753348941811055e+03,6.665464078399752452e+02,-3.318129920613304762e+02,1.738595879994948973e+03,2.059439447996716979e+02,-2.199115421130200048e+02,1.420334209489325758e+03,5.025577830559520862e+02,2.120401965929600863e+02,1.391436625314416233e+03,4.892885176043641877e+02,-4.329209332906170005e+01,1.287405262783822309e+03,5.224574259876309270e+02,3.182656656937536468e+02,1.085424117412221449e+03,1.332016421302146512e+02,-1.023469201406652331e+02,1.473996164298088161e+03,2.001097977441248759e+02,3.564540677458626305e+02,6.593297878563677159e+02,1.676584113178306268e+02,1.741527461963280743e+01,1.547552700199888477e+03,-1.875873807070486237e+02,3.258989786530057131e+02,5.820238883142561690e+02,-6.953309587392848812e+01,-5.983161867545293333e+00,1.766410469633605089e+03,-1.730801957877340556e+02
-1.064998939026513227e+02,1.703455782699542624e+03,1.049052276519543739e+03,-7.350066778838771597e+01,1.754612402495817605e+03,6.937661013562481003e+02,-2.148990252071251348e+02,1.434613729496001952e+03,8.853477590306641787e+02,-1.746423195035355036e+02,1.714646053037457250e+03,3.735803632066865703e+02,-2.301725575590874087e+02,1.232758373746799407e+03,7.026900117240124928e+02,-3.388964162636760875e+02,1.655247367976525538e+03,1.967956208306800931e+02,-2.275048768241545076e+02,1.399328421456437582e+03,5.172292859493593369e+02,2.111446877582223465e+02,1.410872850835932468e+03,4.947395072065817772e+02,-4.112025139496331860e+01,1.301303698758993050e+03,5.294193674636663900e+02,3.335134797268034390e+02,1.092351894405471285e+03,1.513653123238658509e+02,-1.018648633131109307e+02,1.475278383787000166e+03,2.039238418182923738e+02,3.608077728895322593e+02,6.620515935361081574e+02,1.890524412734217208e+02,1.634833929645259687e+01,1.550254446890387726e+03,-1.859385812779209175e+02,3.435554588255493513e+02,5.899206418127371307e+02,-5.102837593341611466e+01,-6.136854181814286768e+00,1.766939011896987722e+03,-1.693468058476375688e+02
-1.140226036468274344e+02,1.719779580166288042e+03,1.045464466961438347e+03,-8.668867667993822579e+01,1.764840363902556874e+03,6.780444244101498725e+02,-2.117824652181751333e+02,1.446638510407199419e+03,8.959362349879515932e+02,-1.809896404325402841e+02,1.677940476132650247e+03,3.703934830918668695e+02,-2.243262506438466346e+02,1.225265422393873905e+03,7.381646853293660797e+02,-3.359768571840828031e+02,1.579602334983894707e+03,2.008348234115662478e+02,-2.345316306797186883e+02,1.379166084422465929e+03,5.343440300483553074e+02,2.099025086403744638e+02,1.427102002270070898e+03,5.011494700093996926e+02,-3.974108767699586053e+01,1.314266577680064529e+03,5.367527794715308573e+02,3.478191465878763893e+02,1.099123326685552229e+03,1.690502822902585365e+02,-1.012414214025017429e+02,1.476184421281349159e+03,2.079313942227082066e+02,3.691518291172450859e+02,6.662006239676975383e+02,2.121315665871726992e+02,1.582238701433857031e+01,1.552435318010810988e+03,-1.844082959888732489e+02,3.655390251262573429e+02,5.964263008380665951e+02,-2.904733846942890452e+01,-6.195324205548367935e+00,1.766944924224256738e+03,-1.656716861196263721e+02
-1.217580576945550916e+02,1.735159541388776915e+03,1.043195898231271713e+03,-9.742831922157948554e+01,1.772939047682640648e+03,6.680262183393516580e+02,-2.102794886514524819e+02,1.457162611109365344e+03,9.058962485674857135e+02,-1.806387813767037187e+02,1.645905741442240242e+03,3.745779670153630150e+02,-2.199477484667850433e+02,1.219173537153071038e+03,7.719727389945884397e+02,-3.248257387505198039e+02,1.513119370277172948e+03,2.152455456236955627e+02,-2.411866290955395868e+02,1.360567050629470486e+03,5.535992780604511836e+02,2.086306959966587158e+02,1.439569781362986532e+03,5.090432641237503049e+02,-3.908267633582764233e+01,1.325821723176799196e+03,5.447698505451882056e+02,3.607624335909913498e+02,1.105965258835424720e+03,1.858169723787026157e+02,-1.001383050577985614e+02,1.477050789214975794e+03,2.118251970548470240e+02,3.812256498229396584e+02,6.724476432887873898e+02,2.364788823396280293e+02,1.618233823921449854e+01,1.553285222059804937e+03,-1.833786423840943769e+02,3.913013532289145928e+02,6.019745761550587986e+02,-4.176204830250821232e+00,-5.991595264387919784e+00,1.765603814406645370e+03,-1.623082693148737121e+02
-1.295068998105685409e+02,1.749890408047475148e+03,1.042272595337405392e+03,-1.055734926547738155e+02,1.779471002955777294e+03,6.631306317827497878e+02,-2.101397476123868842e+02,1.466117374150830983e+03,9.155674023447701302e+02,-1.754007543882790969e+02,1.618007775382682439e+03,3.838454153632859516e+02,-2.169001985449306744e+02,1.214153418663568800e+03,8.039064261660556667e+02,-3.076112011039435856e+02,1.454837653259295848e+03,2.371402932639653045e+02,-2.477070046229014224e+02,1.343690427636478944e+03,5.744487652909979261e+02,2.075119059702009849e+02,1.448605414998250353e+03,5.184148193576158974e+02,-3.897751057912585537e+01,1.335929374590734824e+03,5.534599105740717278e+02,3.724388882595506516e+02,1.112967507598310931e+03,2.015567778399101257e+02,-9.845396299282853647e+01,1.478100110350249224e+03,2.154468741141349426e+02,3.961611301810982582e+02,6.807935027681083966e+02,2.616019268564347726e+02,1.747910724869868915e+01,1.552568347539080605e+03,-1.829663322525680087e+02,4.198468516410277971e+02,6.069320908824922753e+02,2.272735221729485389e+01,-5.421209382243908692e+00,1.762605827826277391e+03,-1.592621564440237876e+02
-1.372105504768528590e+02,1.764179267341140076e+03,1.042185666247676409e+03,-1.120421407718167188e+02,1.785089888979796115e+03,6.613165435874199147e+02,-2.107781553359465363e+02,1.474056799524685403e+03,9.251099796932372783e+02,-1.674097612198843024e+02,1.592424011570617267e+03,3.960916606593783627e+02,-2.146428254695744045e+02,1.209727581914145276e+03,8.345529145046446047e+02,-2.866906249476144239e+02,1.401542526005040372e+03,2.635307123219000687e+02,-2.542157880204862010e+02,1.327971484114986424e+03,5.961218221294744808e+02,2.065266640885539573e+02,1.455522975219553018e+03,5.286699544097517673e+02,-3.918946362126615668e+01,1.345082437162265478e+03,5.625236493275699559e+02,3.833830387441191760e+02,1.120059992133087235e+03,2.165714527206159801e+02,-9.639655709400038575e+01,1.479310679179377075e+03,2.188617787100788803e+02,4.126429852169893024e+02,6.904339833548683600e+02,2.870416466757130252e+02,1.937338331121795676e+01,1.550801756875740239e+03,-1.829603619951248561e+02,4.498634771280518407e+02,6.115606735695894258e+02,5.066214137299922271e+01,-4.577555411505485061e+00,1.758462213436672300e+03,-1.563904482581347395e+02
