1.168457024787990548e+02,4.906706352561381834e+01,1.757805271147686881e+03,1.066615622155260823e+01,-1.423425409700851390e+02,1.482033199714222746e+03,1.491301424512954839e+02,2.045230601944041382e+02,1.464123522179409065e+03,1.734753055632154144e+02,-3.406728746771130432e+02,1.317663516331727806e+03,3.904335326945507632e+02,1.518578605992088910e+02,1.236502524471651668e+03,2.976388511920974906e+02,-2.222954626393047306e+02,1.512108942655236206e+03,4.057225350704263178e+02,-2.282928323646400059e+01,1.403698860867865278e+03,8.342022060190529942e+01,-9.970086331968292370e+01,9.813603819027410964e+02,2.344756287004813942e+02,1.144506797221503973e+02,1.021837511211335823e+03,1.233703092830964323e+02,-1.038862984935203144e+02,4.775292463380891377e+02,5.258449591938737058e+02,-1.385148715305681222e+01,9.616654579111183239e+02,1.287894176630997478e+00,2.596754314726964274e+00,1.273920444006839681e+00,3.365697048961757218e+02,-5.245951168349952809e+01,5.375666496103616510e+02,2.483054907925154566e+02,-4.506226682959123053e+01,2.918516283200889561e+01,5.086941546935869383e+02,-2.121194750323221569e+02,5.343598544681157136e+02
1.162255126565774219e+02,4.941501052572964170e+01,1.759551449726010105e+03,1.131101398418847737e+01,-1.401135513695460304e+02,1.481625238096863541e+03,1.513192396665089063e+02,2.069717226317840755e+02,1.466592243983974186e+03,1.726652667792492366e+02,-3.338477639414427358e+02,1.314532298067808824e+03,3.937977854091004701e+02,1.539593928179394027e+02,1.238069086060336758e+03,2.964430249335285907e+02,-2.150092037690812674e+02,1.507200435205992335e+03,4.079283496341013233e+02,-2.093079352663943737e+01,1.403818726040451111e+03,8.302233020361542515e+01,-9.606799070514033190e+01,9.826549975624948274e+02,2.350067613860081508e+02,1.193563170385752841e+02,1.022155725400133065e+03,1.231351338325384575e+02,-1.031721760359375111e+02,4.779133840817216878e+02,5.275933419121856787e+02,-1.199305248952475722e+01,9.620018360312843697e+02,8.185939943366932203e-01,1.689483401363484960e+00,1.249232094953364181e+00,3.334485666871287890e+02,-5.325489839234140987e+01,5.363320631864189636e+02,2.493103829718467921e+02,-4.565985730491586025e+01,2.898981891827943258e+01,5.043693244341206992e+02,-2.133580775886899517e+02,5.320220949240948585e+02
1.160359003987861968e+02,4.994164234431524818e+01,1.760785018750747213e+03,1.192254411020775606e+01,-1.381617064306932718e+02,1.480943430330170486e+03,1.533181919654026615e+02,2.094314375664833960e+02,1.468507061590130661e+03,1.717913364841101043e+02,-3.279484093265498927e+02,1.310555459690030830e+03,3.965203582960457993e+02,1.564890707090156070e+02,1.238869548705774378e+03,2.968428026848134778e+02,-2.093837711991652952e+02,1.501652546766490786e+03,4.104515065437134922e+02,-1.911949999246702347e+01,1.403064082463693012e+03,8.238923250727988545e+01,-9.247654146866632630e+01,9.837949911180535310e+02,2.355921782448223496e+02,1.239371473702944968e+02,1.022402045130991155e+03,1.227323430344316222e+02,-1.023579452476928680e+02,4.783692739390601218e+02,5.289035023522358188e+02,-1.102121307464480537e+01,9.621685533147744991e+02,3.361871795316049294e-01,8.545025786124944567e-01,1.219171777988864891e+00,3.304233771524651502e+02,-5.409894137333476749e+01,5.354447378650410201e+02,2.502022483372855390e+02,-4.622429894560180941e+01,2.890399828428557427e+01,4.996354506776235098e+02,-2.154202072434095783e+02,5.299781105344306980e+02
1.165753067796609486e+02,5.083438747212787234e+01,1.761166573204938231e+03,1.251516810249738754e+01,-1.365973050807280629e+02,1.479795429138253212e+03,1.550293963816970688e+02,2.120280579803601597e+02,1.469519395216681232e+03,1.708249342260835419e+02,-3.233100082258128509e+02,1.305235269871219089e+03,3.981700849346590303e+02,1.598265739584184075e+02,1.238432747611823515e+03,2.997399140946450302e+02,-2.061022265457622780e+02,1.495099671221013523e+03,4.134845933436058658e+02,-1.741528244592976549e+01,1.400878758308525903e+03,8.137825724399371552e+01,-8.884423281757972291e+01,9.846956375380415238e+02,2.362532287753874414e+02,1.280467450657697270e+02,1.022558984458013242e+03,1.220760296218986838e+02,-1.013351281894058076e+02,4.789144715478176977e+02,5.294744782385104145e+02,-1.134064581270232708e+01,9.620286247424959356e+02,-1.407642445004128606e-01,1.706206534269522068e-01,1.173459491227147877e+00,3.275333853456012321e+02,-5.480375788622618671e+01,5.351868457892562674e+02,2.509287058252655243e+02,-4.669231549068255305e+01,2.898705618685722030e+01,4.942482627910301858e+02,-2.185171469718800381e+02,5.284323074550100046e+02
1.179231584745284209e+02,5.224589037534641278e+01,1.760634678796802064e+03,1.315166352772476088e+01,-1.353070209255100451e+02,1.478141603892936246e+03,1.564800351801990530e+02,2.149862209405294493e+02,1.469594624406565117e+03,1.697759851172745869e+02,-3.195481931688252644e+02,1.298607396686197490e+03,3.986579313104264202e+02,1.641849106903792404e+02,1.236733357728448937e+03,3.049765494722338417e+02,-2.045582834462221342e+02,1.487579518783237745e+03,4.170339944376877384e+02,-1.577159680090416316e+01,1.397209258344626051e+03,7.997915388991459906e+01,-8.500663597695580620e+01,9.853571486834954385e+02,2.369675004256609157e+02,1.317414900236549897e+02,1.022670906425121757e+03,1.211931405313089272e+02,-1.000198190996449767e+02,4.794918076977775172e+02,5.292140304976178413e+02,-1.268694900031691475e+01,9.615298149907380321e+02,-5.589948364668312353e-01,-2.915255435722581834e-01,1.097547908200974032e+00,3.247289553065358518e+02,-5.492262824812551969e+01,5.356946710854228968e+02,2.515090130585507495e+02,-4.698756718364839458e+01,2.923109896252529794e+01,4.881961926043991298e+02,-2.220484355194436148e+02,5.274450495714980889e+02
1.199443394316744218e+02,5.423485998210114900e+01,1.759400276162836235e+03,1.392177760010537924e+01,-1.340273823290143866e+02,1.476092835479431415e+03,1.577965847903007557e+02,2.185104552206916537e+02,1.468972454352371415e+03,1.686839070699534773e+02,-3.158846457618716386e+02,1.291094078666686073e+03,3.982145897319211940e+02,1.695515906557555752e+02,1.234081948999738870e+03,3.115441673955492661e+02,-2.033259507896252103e+02,1.479293886593279012e+03,4.210081785666617407e+02,-1.405600654782752912e+01,1.392310781835061107e+03,7.826640923077957268e+01,-8.085039269331103640e+01,9.858058153666065664e+02,2.376815471683466967e+02,1.352001707119632385e+02,1.022806177533953473e+03,1.201723567526701686e+02,-9.838220037867955625e+01,4.800013320234724574e+02,5.281908130030161601e+02,-1.434685154941093366e+01,9.607214050667683978e+02,-8.507887615829099470e-01,-5.033018828208770667e-01,9.748175268569087004e-01,3.218634637131261229e+02,-5.393720735164812652e+01,5.368873986416481330e+02,2.519827772440864635e+02,-4.707120244523563457e+01,2.958749715403435587e+01,4.815637354638295733e+02,-2.248889131973661790e+02,5.268857217513882460e+02
1.223657503007179059e+02,5.672742221391597184e+01,1.757839870390675514e+03,1.489884827808190515e+01,-1.325044294671551199e+02,1.473848891701479033e+03,1.591322264358891800e+02,2.226325766840974438e+02,1.468022985514842730e+03,1.675963034117297354e+02,-3.116636406107533048e+02,1.283198235644120814e+03,3.972392272010021088e+02,1.756891347947881457e+02,1.230880510439285672e+03,3.181901444439917555e+02,-2.010502135507952062e+02,1.470319295129133707e+03,4.253488661014000627e+02,-1.206756489368595275e+01,1.386420159806168840e+03,7.632880473731164273e+01,-7.642953339442659910e+01,9.860262316903965711e+02,2.383391355681870607e+02,1.385916969697165939e+02,1.023001444161648465e+03,1.190865732311901581e+02,-9.646775324002811658e+01,4.803581656552342452e+02,5.265386179925318402e+02,-1.560440359340433680e+01,9.597285833335486132e+02,-9.714897059471988561e-01,-5.011431510217638774e-01,7.844878791940387286e-01,3.187344866294103554e+02,-5.153993923106790476e+01,5.384790432013147665e+02,2.523409058586844367e+02,-4.698643403653313300e+01,3.000689447595080139e+01,4.743590193152846837e+02,-2.259936088058637438e+02,5.264625425088597694e+02
1.248848966033609713e+02,5.954613547046350419e+01,1.756334647893363353e+03,1.610118934224556142e+01,-1.306307746681994502e+02,1.471608758889078445e+03,1.605907893105091375e+02,2.271452185240158883e+02,1.467078397002151632e+03,1.665538161625801763e+02,-3.066570680057911318e+02,1.275237372074817586e+03,3.961047125578010082e+02,1.822132880725499149e+02,1.227406768830311876e+03,3.240690414928438940e+02,-1.971417863917650379e+02,1.460510751625825606e+03,4.300922028193291453e+02,-9.595381985674757530e+00,1.379545396076422094e+03,7.423514945173931778e+01,-7.194626228587134165e+01,9.859494913701062160e+02,2.389077780990534166e+02,1.419869671613531068e+02,1.023223688397214119e+03,1.179491788322984291e+02,-9.439151217564932494e+01,4.805363090445626995e+02,5.243900697136631379e+02,-1.611573446336421966e+01,9.586730773843528368e+02,-9.292444619922359816e-01,-3.750725610329502246e-01,4.974213005775139917e-01,3.151603321681684520e+02,-4.782871996769488021e+01,5.400893786804161891e+02,2.524966225238825928e+02,-4.686333476852863811e+01,3.045880269829867260e+01,4.664468919685541550e+02,-2.249677851286660371e+02,5.258308834805599190e+02
1.272690082203501731e+02,6.250917979032795557e+01,1.755118990802039434e+03,1.748689080305691590e+01,-1.284684746867468164e+02,1.469495422109522451e+03,1.621909767731452519e+02,2.316849427167875604e+02,1.466309838891847903e+03,1.655937726491191313e+02,-3.009755448315858644e+02,1.267234523394220560e+03,3.950192658914488675e+02,1.887358497121658161e+02,1.223731668962852837e+03,3.290975910138130871e+02,-1.918731610210427334e+02,1.449620291468043206e+03,4.353175154109971459e+02,-6.481940871176032459e+00,1.371494969942409625e+03,7.204629532094500632e+01,-6.759841452557660091e+01,9.855091803765645864e+02,2.393887654109934715e+02,1.453624474505518265e+02,1.023367549953961202e+03,1.167275596745887896e+02,-9.230094890615012559e+01,4.805740135852403796e+02,5.218691581724746129e+02,-1.600157542773478880e+01,9.575595877329438963e+02,-7.833931782399013999e-01,-2.276275965554649949e-01,8.027309821343328600e-02,3.110492638366973779e+02,-4.329604386128704618e+01,5.413825597781718670e+02,2.523238182217608880e+02,-4.688238230618383540e+01,3.091959422216880071e+01,4.576110071584861316e+02,-2.222891014730585937e+02,5.247078992022024977e+02
1.294166775559540383e+02,6.554024679798801856e+01,1.754195780113311002e+03,1.899121308749467119e+01,-1.261551758645059067e+02,1.467523505868834491e+03,1.638870579837118839e+02,2.359185419359150728e+02,1.465685452268582594e+03,1.647656559885251113e+02,-2.947453572463459182e+02,1.258968859276224748e+03,3.939973423308065890e+02,1.950250270557233421e+02,1.219772540264648342e+03,3.338701240870591391e+02,-1.859365479365402223e+02,1.437468451474676613e+03,4.410399203582169889e+02,-2.639567682522338199e+00,1.362082667513475144e+03,6.983739026059301125e+01,-6.341052046416616150e+01,9.847171250979147317e+02,2.398060265901312107e+02,1.486738771252787785e+02,1.023286953018755298e+03,1.153904241794555787e+02,-9.032164813555819194e+01,4.805470886470471328e+02,5.191127385782317560e+02,-1.565664913631318278e+01,9.561905111771576458e+02,-6.081750003829774487e-01,-1.317183388216741913e-01,-4.860612364926464313e-01,3.064265965410556873e+02,-3.861937369705530898e+01,5.421410494971233902e+02,2.517394551175447930e+02,-4.721481208371768901e+01,3.134704370943611806e+01,4.476676161729747605e+02,-2.190695723066109792e+02,5.229093564852814779e+02
1.313688799583458717e+02,6.870524068879596769e+01,1.753353689288154783e+03,2.058467327158527027e+01,-1.237817652609291770e+02,1.465612028474216686e+03,1.656258054474429855e+02,2.397088828044664410e+02,1.465013175346009348e+03,1.641390242930876582e+02,-2.878787626264332289e+02,1.250123458602905430e+03,3.929246539384330958e+02,2.011147817784357414e+02,1.215412459646243860e+03,3.392412809021431599e+02,-1.798759319978029794e+02,1.424011545685083092e+03,4.471447309287765961e+02,1.993946480931950260e+00,1.351329275436260559e+03,6.769124064947732222e+01,-5.917953564625811680e+01,9.836942033134613439e+02,2.401814286355629804e+02,1.519374784371746330e+02,1.022851916097788035e+03,1.139449421208508682e+02,-8.850951412392971918e+01,4.805357030221092600e+02,5.162730209028688932e+02,-1.545350784954574763e+01,9.541860077178125721e+02,-4.434064693389482836e-01,-1.137346314498626637e-01,-1.182636386292727604e+00,3.014198235962509784e+02,-3.436829141189639358e+01,5.422505405203324926e+02,2.507740510605069630e+02,-4.795740567856262970e+01,3.167169652332667340e+01,4.365525828923498466e+02,-2.164968059668989895e+02,5.202993681586088996e+02
1.332676992969761898e+02,7.213913509981476579e+01,1.752284760783099273e+03,2.231045161735394444e+01,-1.213422806850957727e+02,1.463624810649642768e+03,1.673966933065893556e+02,2.431550687584071113e+02,1.464046624125321387e+03,1.637932945535904992e+02,-2.801334974099941633e+02,1.240455153320644285e+03,3.916602279587178828e+02,2.073016074228882246e+02,1.210601806779984372e+03,3.458408208177197025e+02,-1.738027742549842571e+02,1.409284149681155441e+03,4.534180421580721827e+02,7.512947676617034887e+00,1.339501426505038580e+03,6.565964048153753652e+01,-5.457694134103848427e+01,9.826263019322345826e+02,2.405121900923676037e+02,1.552640358941835927e+02,1.022013649363973173e+03,1.124356256113750305e+02,-8.682802800918308606e+01,4.806047287280674141e+02,5.134823606326558547e+02,-1.554794141429672116e+01,9.511369875689955506e+02,-2.644956802053607392e-01,-1.650114866468736508e-01,-1.942131147251380918e+00,2.962286295103327234e+02,-3.078547655991706833e+01,5.416515650209872774e+02,2.495823183249279964e+02,-4.907919677270203351e+01,3.182130390465502501e+01,4.243691270660364694e+02,-2.152644584791903242e+02,5.167325913192474900e+02
1.352744332057182817e+02,7.591343563874065126e+01,1.750752722910914372e+03,2.427007359529519448e+01,-1.187822853553133342e+02,1.461416397073265216e+03,1.692362457358137817e+02,2.464972768382180277e+02,1.462611412944266476e+03,1.637977893112619086e+02,-2.713696176875046149e+02,1.229919959786404434e+03,3.901160989523591525e+02,2.140132527499672790e+02,1.205391771003181702e+03,3.537803461196198214e+02,-1.675007809172356588e+02,1.393310111416049722e+03,4.596445498528066764e+02,1.404533904351370666e+01,1.326956130951055911e+03,6.372663107888654821e+01,-4.933116648565489726e+01,9.816704235436523049e+02,2.407652052999820569e+02,1.588342625779678485e+02,1.020848175897453416e+03,1.109116234937075660e+02,-8.515517384075138807e+01,4.807978093463855771e+02,5.108030418109603374e+02,-1.587467967594301754e+01,9.468237411397884671e+02,7.589772446682526742e-03,-2.632178880949515576e-01,-2.664539193112699600e+00,2.911031443107580685e+02,-2.775461335078598069e+01,5.403233446817000640e+02,2.483864976066870156e+02,-5.040671296395363044e+01,3.176595423006201813e+01,4.114270685680029942e+02,-2.152949117577203992e+02,5.120775557060220535e+02
1.374779896117747455e+02,7.994429994673694750e+01,1.748724926494298188e+03,2.656170120779446009e+01,-1.160828659845071797e+02,1.458867825285786694e+03,1.711779732869779309e+02,2.499658792780029728e+02,1.460697009516808521e+03,1.641962861380570473e+02,-2.617361535193938380e+02,1.218706585612187837e+03,3.882804491290321494e+02,2.216029723035282188e+02,1.199903169969689543e+03,3.626696704373417219e+02,-1.607040337042776628e+02,1.376074372007930606e+03,4.656923312363652485e+02,2.167594921922882278e+01,1.313908794584288444e+03,6.181103483636299245e+01,-4.335915862924696285e+01,9.808704217573899768e+02,2.408933460492806375e+02,1.628431212824486067e+02,1.019544759736563833e+03,1.093942073210861565e+02,-8.331410992257814030e+01,4.811323186990912859e+02,5.082009927867192118e+02,-1.626632642685417451e+01,9.413651776705205521e+02,4.615155278432783170e-01,-3.826231019119540888e-01,-3.253480408057700668e+00,2.863300087079025502e+02,-2.496129111509598530e+01,5.383045108128935681e+02,2.473873510038000916e+02,-5.167282384586523136e+01,3.155110418212310108e+01,3.982798089736019733e+02,-2.158799998139358536e+02,5.063242517844333292e+02
1.398396327240809569e+02,8.400844831020091874e+01,1.746386922612038234e+03,2.921007905928024684e+01,-1.132940916327848697e+02,1.455905459496760614e+03,1.731804903097969373e+02,2.536700774702483443e+02,1.458466882281014250e+03,1.649971556228160523e+02,-2.516038101693287956e+02,1.207166389018960217e+03,3.861855513307241381e+02,2.301702130047684420e+02,1.194271285425643555e+03,3.718745096198745728e+02,-1.532574270226495514e+02,1.357563135071073475e+03,4.715221181890285038e+02,3.034479835324038532e+01,1.300305608245160784e+03,5.981380260116287673e+01,-3.676330467590934603e+01,9.801346613145553874e+02,2.408649311498657539e+02,1.674458023152060377e+02,1.018327047010048773e+03,1.078737273981423215e+02,-8.112038345825916963e+01,4.815880158665489148e+02,5.055650940326669911e+02,-1.655951749290455766e+01,9.351875979686817573e+02,1.142185379030172365e+00,-4.867639071913365534e-01,-3.652830062756545537e+00,2.822085539843831157e+02,-2.214379862970642066e+01,5.356946443928785584e+02,2.466938170226793261e+02,-5.262245855850655119e+01,3.129001298016904897e+01,3.857136619963985709e+02,-2.161313187674415985e+02,4.996795614156294505e+02
1.422119359126419909e+02,8.785055688913385552e+01,1.744022888490255355e+03,3.213581762487516613e+01,-1.104884896214353631e+02,1.452503049870316090e+03,1.750894777688333761e+02,2.575688945120080575e+02,1.456174455137153018e+03,1.661597114357163889e+02,-2.413072966515550775e+02,1.195674095131548711e+03,3.838513601064894942e+02,2.394965677024004549e+02,1.188605195703929212e+03,3.808278899476937909e+02,-1.450607156799412110e+02,1.337808242392529792e+03,4.771245332688558278e+02,3.980409772656275180e+01,1.285903136803494363e+03,5.767799532069616930e+01,-2.971939316881962867e+01,9.792880400190846331e+02,2.406866924502300833e+02,1.727153206540088490e+02,1.017337053373523645e+03,1.063384363845763261e+02,-7.844053707529886310e+01,4.820988633691708856e+02,5.027618302790733082e+02,-1.661005188674252153e+01,9.288128083881568955e+02,2.017182456412568214e+00,-5.147742756587426749e-01,-3.862474244526883371e+00,2.790048206957326897e+02,-1.928780383524797770e+01,5.325874013825193742e+02,2.463040976749475135e+02,-5.312299491544930419e+01,3.111396946408755326e+01,3.746357650515902833e+02,-2.154801345473582614e+02,4.925392015998500597e+02
1.444310977001557319e+02,9.130395649328026764e+01,1.741834055711050269e+03,3.518846685282219511e+01,-1.076838216380674567e+02,1.448672782823432954e+03,1.766733555733766821e+02,2.615059869200684943e+02,1.454023330438632001e+03,1.675800472425377450e+02,-2.309337273363286442e+02,1.184485005990851960e+03,3.812449730113231681e+02,2.491208440224402523e+02,1.182968775413537514e+03,3.892202481902992304e+02,-1.359430953823522259e+02,1.316876796782252541e+03,4.824463270483524298e+02,4.967721466312767831e+01,1.270492364730970166e+03,5.541770958404684677e+01,-2.236342957485372551e+01,9.781666284476737019e+02,2.404009873351891997e+02,1.786053926318384981e+02,1.016545823857527921e+03,1.048091591236686924e+02,-7.525141107594279788e+01,4.825652362356233311e+02,4.996934955329502372e+02,-1.625406188655329487e+01,9.225855942072190601e+02,2.976607715731915071e+00,-3.806914685977348389e-01,-3.925394263705968001e+00,2.768926962887954915e+02,-1.666502563356218403e+01,5.289578271264199429e+02,2.461343633965848312e+02,-5.321066471236004247e+01,3.110840142834426558e+01,3.658629465947129802e+02,-2.139700630884981649e+02,4.853166335696540727e+02
1.464318788592629517e+02,9.434943984821777008e+01,1.739814277894886800e+03,3.822769452318350858e+01,-1.048121523633869430e+02,1.444453619163095937e+03,1.777253954420243929e+02,2.652690511058286802e+02,1.452047182590816192e+03,1.691021339651746587e+02,-2.203378658528408778e+02,1.173652344803638243e+03,3.782818542212568786e+02,2.585064022860590853e+02,1.177366876368683506e+03,3.970095820511631359e+02,-1.256774733506001951e+02,1.294810837385614605e+03,4.873702174808143468e+02,5.959118331478203601e+01,1.254085928193915151e+03,5.309616543190684013e+01,-1.477251496417178878e+01,9.767003246434272796e+02,2.400536178406895260e+02,1.849256535948960334e+02,1.015748460686581893e+03,1.033499180701220297e+02,-7.167534960089102469e+01,4.828901962888897401e+02,4.963299131042952581e+02,-1.531027139565342488e+01,9.164984909637712462e+02,3.862790464564147097e+00,1.701290587050703889e-03,-3.896762265948674919e+00,2.759117927871061511e+02,-1.470977135249735568e+01,5.245902540475527758e+02,2.460649577662777290e+02,-5.304000189441312330e+01,3.127291779177016551e+01,3.598935232983297965e+02,-2.122169007405449292e+02,4.782290839218007932e+02
1.483095584032081433e+02,9.708935025032505450e+01,1.737763569110086337e+03,4.120427328439944148e+01,-1.017685847654554578e+02,1.439900603816717876e+03,1.781782839940277370e+02,2.686534672654012752e+02,1.450078991174217435e+03,1.705783169538464676e+02,-2.093514063918793511e+02,1.163035656809230204e+03,3.748680907219572873e+02,2.672232779738594672e+02,1.171729313430952516e+03,4.043145747348035570e+02,-1.141823418694265939e+02,1.271575886134383836e+03,4.917646624909793900e+02,6.931435473237431211e+01,1.236916883816634709e+03,5.077311614542513496e+01,-7.040921796873071514e+00,9.749370095925119131e+02,2.396506064962056257e+02,1.913620290723621054e+02,1.014650915110263668e+03,1.020490462380562349e+02,-6.796024506286630640e+01,4.830189469490327951e+02,4.927037310789152684e+02,-1.366368904066127321e+01,9.101983062348742806e+02,4.517618270669418123e+00,6.743980743767101771e-01,-3.816421267342820833e+00,2.759773304782613081e+02,-1.380688592873204712e+01,5.191166586256140363e+02,2.459767152927586551e+02,-5.276843930135860461e+01,3.152667891849550941e+01,3.567863414276266667e+02,-2.110852624650188147e+02,4.711811951475306728e+02
1.502793095043430753e+02,9.966816498476153185e+01,1.735422193375071629e+03,4.418879277929641347e+01,-9.850368557144558679e+01,1.435070789308698977e+03,1.781627498140775572e+02,2.715296453069979066e+02,1.447829583380146914e+03,1.719663825393628827e+02,-1.979930859284146720e+02,1.152388079207055625e+03,3.709615904860294222e+02,2.750826138507771930e+02,1.165912167413001953e+03,4.112956300227113502e+02,-1.017473143259448847e+02,1.247074360874070408e+03,4.955644541941139209e+02,7.884304341209643496e+01,1.219250044077552047e+03,4.846563019854916377e+01,6.375097338575999029e-01,9.729950904617649030e+02,2.391330115626102213e+02,1.975703388213505320e+02,1.012994965078022915e+03,1.009928919422780496e+02,-6.439304355203027797e+01,4.829501938867352919e+02,4.888813939739728767e+02,-1.136352484717927602e+01,9.031358317489638239e+02,4.832434275496079401e+00,1.596766459351645073e+00,-3.701010081191587808e+00,2.769587091073041734e+02,-1.409751351868332137e+01,5.121462437395492771e+02,2.457724796138575982e+02,-5.245280333995057021e+01,3.175151238024078992e+01,3.562346797864844348e+02,-2.112645024810192922e+02,4.638142457046468508e+02
1.525505779614898358e+02,1.021912228006229100e+02,1.732626621920323487e+03,4.732692083546350403e+01,-9.508987766137961728e+01,1.430002278123608221e+03,1.779705660930800377e+02,2.739056735003818517e+02,1.445032320487424158e+03,1.734062940343996502e+02,-1.865144108461767871e+02,1.141478977078197886e+03,3.666233431000312066e+02,2.821914983664865986e+02,1.159742304728886438e+03,4.180858574936478362e+02,-8.905879824408087586e+01,1.221231638965991579e+03,4.988232835713034774e+02,8.841316105339809894e+01,1.201156963049279511e+03,4.615449835632489339e+01,7.974628826149549710e+00,9.709732179937044521e+02,2.383890627309536683e+02,2.033197305397910952e+02,1.010644348916987269e+03,1.002571483724162391e+02,-6.117676106544739412e+01,4.827065593497625287e+02,4.849318085246532064e+02,-8.624985444412743618e+00,8.947466528611530521e+02,4.783640674130957393e+00,2.644871123853193673e+00,-3.555134236254151148e+00,2.787998790663295949e+02,-1.539505180164877984e+01,5.033904965131232530e+02,2.453937240939229412e+02,-5.202424014081827863e+01,3.184552488760615319e+01,3.578106792696907519e+02,-2.129602740165397563e+02,4.556720717716535205e+02
1.551968395593025605e+02,1.046785771736596047e+02,1.729385919847828518e+03,5.074830687234079107e+01,-9.171555702578869784e+01,1.424696260568096704e+03,1.779375104983965059e+02,2.759530072793133968e+02,1.441574438565426362e+03,1.752096448278803393e+02,-1.752760321174087323e+02,1.130199716417318996e+03,3.620350964936043283e+02,2.889164452511843137e+02,1.153100060798677305e+03,4.247670416414323995e+02,-7.694531251149366824e+01,1.194112066508657335e+03,5.017016107944077703e+02,9.843151742614452360e+01,1.182435345511818696e+03,4.382965455034918278e+01,1.469422618564970762e+01,9.688730530060199726e+02,2.373000560440451636e+02,2.086048473050321661e+02,1.007589492476232181e+03,9.991803482725296703e+01,-5.833566552954911799e+01,4.822861976936330848e+02,4.809090884369348942e+02,-5.699023615346969329e+00,8.845740543913698275e+02,4.439362673531091374e+00,3.661227466676351572e+00,-3.386539377247788085e+00,2.816123125339793205e+02,-1.725530415698997899e+01,4.926987071962867049e+02,2.448358875970938868e+02,-5.135241389024826475e+01,3.175976470692851805e+01,3.612370747032668419e+02,-2.158455611609766720e+02,4.463738742090006326e+02
1.581099703304621471e+02,1.070648704117916452e+02,1.725845535010148978e+03,5.448914215710912146e+01,-8.861236517767204646e+01,1.419120963988466428e+03,1.783093410822185376e+02,2.779606785743150112e+02,1.437546258804560011e+03,1.777363655030041230e+02,-1.645790353945468780e+02,1.118610964290798847e+03,3.574716442664308147e+02,2.957577472592791423e+02,1.145992446667485183e+03,4.313544866020927770e+02,-6.598299370886167026e+01,1.165998300467229910e+03,5.043932412976246269e+02,1.093348786659615115e+02,1.162742160198345573e+03,4.153364384034900780e+01,2.066418900275723658e+01,9.665843251323651657e+02,2.357956404486641304e+02,2.136445075902935287e+02,1.003891181040721108e+03,1.000620741027987606e+02,-5.570999259109146351e+01,4.816386382385925344e+02,4.768500443794076205e+02,-2.696393937106503547e+00,8.723241080541789643e+02,3.933351010655175450e+00,4.531497688232827059e+00,-3.209883150717108613e+00,2.856746207087985567e+02,-1.917734930136033711e+01,4.800052994628259739e+02,2.441529571162276966e+02,-5.035183806763782854e+01,3.150426412705864365e+01,3.665154690798649426e+02,-2.192788246490536892e+02,4.357166592114088530e+02
1.610714261856909957e+02,1.092415447875371370e+02,1.722181097826826772e+03,5.848100518634654321e+01,-8.595581189055776861e+01,1.413242049674261352e+03,1.791624679193755583e+02,2.802234512176706289e+02,1.433185442331821150e+03,1.812056230490805149e+02,-1.545701239742243160e+02,1.106912045450418873e+03,3.532325240162601290e+02,3.031640385589855100e+02,1.138558384385368981e+03,4.377708387406241854e+02,-5.621959735981453576e+01,1.137375525907733845e+03,5.070257424271676427e+02,1.214180497465514890e+02,1.141844485517714020e+03,3.936199430863234028e+01,2.596286521065998087e+01,9.639410642395296236e+02,2.338872364396624164e+02,2.187575833214296779e+02,9.996205565210598252e+02,1.007738320797590887e+02,-5.305203813069599050e+01,4.806918874458491473e+02,4.727737291240282502e+02,4.989667655205386465e-01,8.578969145803075662e+02,3.417564076833398801e+00,5.239355580605788987e+00,-3.035903953876751160e+00,2.913346749593137019e+02,-2.084627916941196446e+01,4.652698970328923451e+02,2.434419608053995034e+02,-4.906180268532613553e+01,3.112675813252317170e+01,3.738415769801193846e+02,-2.226649874818506873e+02,4.237056974310407895e+02
1.638893692363725165e+02,1.111332145605128545e+02,1.718492070287978095e+03,6.261371092789507742e+01,-8.378067751485367864e+01,1.407054620857723421e+03,1.804150097007792795e+02,2.829252852311938113e+02,1.428745972856668459e+03,1.855445378039940465e+02,-1.452391171174136275e+02,1.095343222129076366e+03,3.495569910670526497e+02,3.113563121592503649e+02,1.130987000837212463e+03,4.438227993739035924e+02,-4.719741987662294491e+01,1.108802082671504422e+03,5.095825750716384732e+02,1.347137906651333310e+02,1.119802927373022612e+03,3.741459287196774852e+01,3.084826613094019265e+01,9.608092858822209337e+02,2.316602537639460877e+02,2.241984906572994589e+02,9.948365164409099179e+02,1.021058321426601054e+02,-5.016796246577995078e+01,4.794142335024997692e+02,4.686738404634527910e+02,4.164087376406607532e+00,8.414232670626613526e+02,3.014289189481003106e+00,5.861301788655417511e+00,-2.855968246803363808e+00,2.988838937915312499e+02,-2.229781848488950757e+01,4.484922111067790524e+02,2.428118225849683256e+02,-4.765290410116603681e+01,3.067983067415546117e+01,3.833942356364058242e+02,-2.257690849317103812e+02,4.105524555116494980e+02
1.665049262536973060e+02,1.127865603156772210e+02,1.714743058611668403e+03,6.682779122358144264e+01,-8.193894614224140582e+01,1.400581254842418730e+03,1.819086037431288787e+02,2.860966420252859734e+02,1.424357212392223801e+03,1.903745378068836089e+02,-1.364512010664913362e+02,1.084065737528719410e+03,3.465592391298978328e+02,3.202515092400112735e+02,1.123395796700315714e+03,4.492102210905601964e+02,-3.824803291848159859e+01,1.080712391485428952e+03,5.118897948783834977e+02,1.490070890146548948e+02,1.096961861279272171e+03,3.573343042494084898e+01,3.566900379565857548e+01,9.571464289318375904e+02,2.292311486735837889e+02,2.300646054817442518e+02,9.895958400097628100e+02,1.040589567238953066e+02,-4.701592113300051778e+01,4.778610200118939133e+02,4.645142643224239691e+02,8.577471534722024060e+00,8.232829642963896504e+02,2.786132685347958660e+00,6.504210615228395831e+00,-2.635966992019266542e+00,3.084915631820516637e+02,-2.391671145781216268e+01,4.298093452361039226e+02,2.423525824834997593e+02,-4.635670743090653900e+01,3.019543126166670888e+01,3.951697941950775430e+02,-2.288236931453963621e+02,3.966616538663598135e+02
1.689980980121138430e+02,1.144257819871935311e+02,1.710764646736469558e+03,7.117041463202937734e+01,-8.011759061191881415e+01,1.393827634421511448e+03,1.835042832722846526e+02,2.896753185519957015e+02,1.419944371591666140e+03,1.951598845372279527e+02,-1.279733530194414044e+02,1.073083668543123395e+03,3.442164032307807133e+02,3.295426230113615134e+02,1.115758089528780602e+03,4.535805965354254568e+02,-2.885969769686114006e+01,1.053253172076037345e+03,5.136876195967214471e+02,1.639957276833784761e+02,1.073782292967493049e+03,3.427564673553795416e+01,4.077293738181425198e+01,9.529979321579560292e+02,2.266975724452954637e+02,2.363275298082627671e+02,9.839620984082422410e+02,1.065988835729385329e+02,-4.370299518140188155e+01,4.761655282062130823e+02,4.602493126549593967e+02,1.388908351152044673e+01,8.040555467431784109e+02,2.731089426643687812e+00,7.226955885961875659e+00,-2.326500718412633173e+00,3.202285634162034853e+02,-2.626719832141622035e+01,4.096008292818490872e+02,2.421188025148994711e+02,-4.535504405405787764e+01,2.967805727014901152e+01,4.089779275615306346e+02,-2.323818758119533356e+02,3.825945622879764869e+02
1.715023430370359847e+02,1.164234244368085598e+02,1.706300948918831409e+03,7.577409193622243322e+01,-7.792015363184518151e+01,1.386729487159125028e+03,1.851379728706645267e+02,2.936212526921840436e+02,1.415252241918318532e+03,1.994379998288877687e+02,-1.195181993574600341e+02,1.062251648131215688e+03,3.424159513434152018e+02,3.389083021661529074e+02,1.107948031291793086e+03,4.566097039222168519e+02,-1.890407782216179200e+01,1.026251750072206278e+03,5.147665807566253307e+02,1.795091302152577271e+02,1.050681166466234799e+03,3.294653824962152555e+01,4.643625695834889200e+01,9.484445154111771217e+02,2.241116719682346456e+02,2.429415191575310473e+02,9.779883268335272533e+02,1.097034714804812694e+02,-4.039691232704900870e+01,4.744769546757065655e+02,4.558716288365546916e+02,2.010601489276496068e+01,7.843873206242858487e+02,2.798982427797446437e+00,7.995024911040123250e+00,-1.884010081913140455e+00,3.341269059643308879e+02,-2.984161991067413311e+01,3.885048126726388773e+02,2.421285823696393322e+02,-4.468512083200891993e+01,2.911456962009084037e+01,4.245709789351436712e+02,-2.369965122946188671e+02,3.689920424532141396e+02
1.741023434844297242e+02,1.191764599319192968e+02,1.701079692272734292e+03,8.077204323305221578e+01,-7.498976167784670110e+01,1.379138439429240407e+03,1.868141638495858103e+02,2.979949048639706461e+02,1.409958299219173568e+03,2.029921337490663120e+02,-1.108460926712930217e+02,1.051355177826267663e+03,3.410335018410483485e+02,3.482399957151465628e+02,1.099888173826276216e+03,4.580704780134882412e+02,-8.637045908118219373e+00,9.993426598213900434e+02,5.151035274802426329e+02,1.956484367567555580e+02,1.028020737380065384e+03,3.167396075189041937e+01,5.280496061666432439e+01,9.435444319969012668e+02,2.214863986984262851e+02,2.499292602803051011e+02,9.716799900802718639e+02,1.134042791067748794e+02,-3.722219349984172254e+01,4.728884745220008767e+02,4.514547765515833362e+02,2.718485024035099684e+01,7.648191191880813449e+02,2.919920370514543784e+00,8.693537413886680554e+00,-1.289077347069548463e+00,3.501942389059560696e+02,-3.484679392080779792e+01,3.673009519948758452e+02,2.423690607302718263e+02,-4.420908087607399040e+01,2.848948952445353200e+01,4.417750260380098553e+02,-2.428886932791946265e+02,3.564684666232961376e+02
1.767902285953104240e+02,1.229449355559035268e+02,1.694878566803983631e+03,8.620684909013876052e+01,-7.112503043887245724e+01,1.370863694209892856e+03,1.885548715073937274e+02,3.029411787054075944e+02,1.403810709398909694e+03,2.058643773327539463e+02,-1.019081045466235338e+02,1.040198537811815186e+03,3.399911095727254065e+02,3.577495898494194648e+02,1.091694626754813044e+03,4.578598771101103466e+02,1.459325507219550122e+00,9.721823890148957616e+02,5.149158915217317372e+02,2.127569803970480393e+02,1.006235022987772254e+03,3.047519815814663957e+01,5.984965754253025239e+01,9.383064100665267233e+02,2.188196528729627630e+02,2.573778329421419926e+02,9.649683677441993268e+02,1.177833205330636730e+02,-3.420420939702420782e+01,4.714016733588018155e+02,4.471430856007256693e+02,3.514672550671031814e+01,7.456527466268909166e+02,3.033536196413884944e+00,9.189930419326909572e+00,-5.503255153150464762e-01,3.683586558724517204e+02,-4.111373825886212785e+01,3.467000218999310732e+02,2.427993620049372794e+02,-4.366559223488786756e+01,2.779511735970599418e+01,4.605125461564018110e+02,-2.497667144154789014e+02,3.455115868129959722e+02
1.794975496019013121e+02,1.277453042177453995e+02,1.687568008597453627e+03,9.199031548947226611e+01,-6.633958198257360550e+01,1.361739657804856506e+03,1.903441890661748062e+02,3.085946040344879293e+02,1.396716319123637277e+03,2.082180972785379254e+02,-9.294037572983067719e+01,1.028637250611972604e+03,3.392605198491502847e+02,3.678805141425267493e+02,1.083695067649820658e+03,4.559764818199034835e+02,1.086106072839556802e+01,9.446296481984331876e+02,5.145869713586540684e+02,2.312403539970987083e+02,9.859258150521828838e+02,2.947117513499501840e+01,6.736499380869916820e+01,9.326952622813925018e+02,2.161117259696786448e+02,2.653611110778875286e+02,9.577212102071171103e+02,1.229201111706000518e+02,-3.127606997762764607e+01,4.699416001454359275e+02,4.430729279038367281e+02,4.412770209120712650e+01,7.269148238390301913e+02,3.108526527279664275e+00,9.411682680804320356e+00,3.061437851766373730e-01,3.884027681671186656e+02,-4.814348018903531568e+01,3.271407062294700268e+02,2.433517289457068671e+02,-4.278130048038931932e+01,2.703237083905843718e+01,4.807193801700587983e+02,-2.568770743340021454e+02,3.364198691473865779e+02
1.821585805412853745e+02,1.333560607426727529e+02,1.679123350220237626e+03,9.793637923386987154e+01,-6.084556777574341879e+01,1.351671194480248460e+03,1.921081909750621151e+02,3.149745185080233796e+02,1.388741289901290884e+03,2.101605964085905214e+02,-8.441501898547164728e+01,1.016548576605105154e+03,3.388216248160439363e+02,3.790600962874385118e+02,1.076276518693926164e+03,4.524654907400126831e+02,1.912456593186702847e+01,9.167937848622606225e+02,5.144886466690162479e+02,2.513496520152665141e+02,9.677560640379219876e+02,2.883715938334394835e+01,7.504703574214633477e+01,9.266472632757396468e+02,2.133634262418246408e+02,2.738648985273237031e+02,9.497919225073021607e+02,1.288276131588466740e+02,-2.832172700791774744e+01,4.683995662580695694e+02,4.392684052356639768e+02,5.433783947310426043e+01,7.084238107845026207e+02,3.147626275979892529e+00,9.396862638088174791e+00,1.250824872495486240e+00,4.099732229515686299e+02,-5.523589801066876248e+01,3.086974367215929078e+02,2.439413994506356573e+02,-4.139099161595301268e+01,2.620433544232618672e+01,5.022520916223015206e+02,-2.632496382110864488e+02,3.292872015577356137e+02
1.847459459438242106e+02,1.394183736069563224e+02,1.669612626284723547e+03,1.038442178693469060e+02,-5.497771004193717204e+01,1.340634043497192124e+03,1.937463782299570880e+02,3.219388148570120052e+02,1.380044720989778170e+03,2.116549375315212274e+02,-7.683646868588368761e+01,1.003793125442215228e+03,3.386267355171989379e+02,3.914336295581653076e+02,1.069649957650773786e+03,4.473680825596269415e+02,2.594578008128970481e+01,8.889395340927590041e+02,5.147960724588577932e+02,2.730571849835958460e+02,9.521378741035938447e+02,2.872041682891322978e+01,8.263453908362551203e+01,9.200776304161403232e+02,2.105627723921051881e+02,2.827816985493047355e+02,9.410821198950022790e+02,1.354303494135969004e+02,-2.522292792292547503e+01,4.666687835720900352e+02,4.355903124961703838e+02,6.597432569018580750e+01,6.899194857051496683e+02,3.181946434690637648e+00,9.289917991945925380e+00,2.256765168868374971e+00,4.326915499847000888e+02,-6.162467891325883329e+01,2.911509278376090606e+02,2.444945168889062472e+02,-3.951053939648066660e+01,2.530739470587405293e+01,5.248765178373989784e+02,-2.680001286828768343e+02,3.240286051113264421e+02
1.872555789323133695e+02,1.455642118682566206e+02,1.659172579608878550e+03,1.095830413081861394e+02,-4.909024198761058955e+01,1.328649807795486822e+03,1.951946793704045149e+02,3.292254470236772477e+02,1.370800917559608934e+03,2.125762606417171696e+02,-7.048769271526184355e+01,9.902279082154149137e+02,3.386157878403323593e+02,4.047474725058750096e+02,1.063694624681081677e+03,4.407197614690066416e+02,3.119773507888404041e+01,8.613272323231250311e+02,5.154047228893759893e+02,2.960904842507101762e+02,9.389220264109244454e+02,2.917755867962319272e+01,9.004048414519273535e+01,9.128859820215690206e+02,2.076785420701975795e+02,2.919803277136334145e+02,9.315843822755268775e+02,1.426080471447964726e+02,-2.189455422727719380e+01,4.646561761933079424e+02,4.317929035340301311e+02,7.916303058009620486e+01,6.711996545561563607e+02,3.262772403220172812e+00,9.286531520209749146e+00,3.295465340200900428e+00,4.562936107329737183e+02,-6.656238163213321002e+01,2.741911974915389578e+02,2.449887350913645037e+02,-3.732752166161495211e+01,2.432506114837700650e+01,5.483395783200030564e+02,-2.705238606541577724e+02,3.204356557552922027e+02
1.896658126218276834e+02,1.515130289116651454e+02,1.647980348068933608e+03,1.151331952802700442e+02,-4.345324569261482139e+01,1.315770047832601449e+03,1.964731564637666565e+02,3.365621043428435542e+02,1.361155384794501060e+03,2.128581796031910471e+02,-6.528387568860063084e+01,9.757785313882880018e+02,3.387760895749146357e+02,4.184731960949739573e+02,1.057998132191327613e+03,4.326158587328387171e+02,3.496014479180417567e+01,8.341011430065583454e+02,5.160071109532804030e+02,3.200993040418828173e+02,9.273552020480639158e+02,3.017272014888939324e+01,9.738941897790002145e+01,9.049766831247372920e+02,2.046710504054444471e+02,3.013975320449007995e+02,9.213845792168160642e+02,1.502769133589666239e+02,-1.830386579940613956e+01,4.622811823681768715e+02,4.276707507598467828e+02,9.397051841058494404e+01,6.522210799276961097e+02,3.453943908758398962e+00,9.561065982175959377e+00,4.331290090544434257e+00,4.806779326074939149e+02,-6.934092249551653708e+01,2.576505582512249362e+02,2.454841769506008973e+02,-3.511155439399197320e+01,2.322801448579129158e+01,5.724422822084973177e+02,-2.704741841699018892e+02,3.182449163644075725e+02
1.919144021130232716e+02,1.571203170641334737e+02,1.636218916663522123e+03,1.205640358225792994e+02,-3.816809782485614022e+01,1.302080926657072496e+03,1.976765678525787848e+02,3.437866617523580999e+02,1.351218596032724008e+03,2.126045708192376082e+02,-6.082783526953799225e+01,9.605143618408077373e+02,3.391894092389346724e+02,4.321181666713523555e+02,1.052069875355912927e+03,4.232985054276639403e+02,3.750694496389591848e+01,8.072904779900992480e+02,5.162922105751808886e+02,3.448642787935486353e+02,9.164037114558026360e+02,3.163718623936527052e+01,1.049342800455126081e+02,8.962952679252622374e+02,2.015131859744645055e+02,3.110873339593682090e+02,9.106247452812567644e+02,1.584495106465419667e+02,-1.446702141892700055e+01,4.594831549834214002e+02,4.232120397992726453e+02,1.104628818094443830e+02,6.331412608589489537e+02,3.819331131167392979e+00,1.021645577516900083e+01,5.324692123338864214e+00,5.058010422035087004e+02,-6.926921599798096452e+01,2.416422879945265834e+02,2.461186170058092273e+02,-3.308558893096581244e+01,2.198081440270090425e+01,5.970319189402066513e+02,-2.675463144604681816e+02,3.171945339935228958e+02
1.939179789592619727e+02,1.623900295260233406e+02,1.624033958596051207e+03,1.259634005001763768e+02,-3.312795031149155989e+01,1.287708534078818047e+03,1.989052416966024168e+02,3.509096346939897444e+02,1.341069769871793824e+03,2.120615563176666285e+02,-5.662350391571264652e+01,9.446563259962604207e+02,3.400083795213347457e+02,4.455359644944896331e+02,1.045585868170894855e+03,4.131667145674996959e+02,3.921350386434932744e+01,7.808993445346395674e+02,5.161537587911626588e+02,3.704359764080809327e+02,9.052740287711520750e+02,3.354724333551350668e+01,1.129083573741851154e+02,8.868580168544685876e+02,1.982043672749879590e+02,3.211988725909854452e+02,8.994457164279059498e+02,1.672266489031002834e+02,-1.041804717895251464e+01,4.562456282231553359e+02,4.186650725125016947e+02,1.287449487194627977e+02,6.142954515073173525e+02,4.398101587976419147e+00,1.127384494989539476e+01,6.246013917930949511e+00,5.314798238070893603e+02,-6.564729887822497290e+01,2.265292558927210393e+02,2.470563461301517236e+02,-3.132372963308312563e+01,2.055248520439451809e+01,6.219117708247190421e+02,-2.612140840004896063e+02,3.170460816503324963e+02
1.956223009244174023e+02,1.674606659768355144e+02,1.611490531056144391e+03,1.313592768241327633e+02,-2.805448496433139738e+01,1.272800628806595569e+03,2.001812370570628445e+02,3.580785659856613847e+02,1.330745853190363732e+03,2.114459741887714017e+02,-5.230223254803676269e+01,9.284980875465046211e+02,3.413581647257673239e+02,4.590302581811709501e+02,1.038518504478831801e+03,4.026390189785417419e+02,4.039503808786945882e+01,7.550050606932019264e+02,5.157858301753478827e+02,3.971203890490915569e+02,8.938141085140333644e+02,3.596096215619564163e+01,1.214054264812276926e+02,8.767480587228325248e+02,1.947645982713318347e+02,3.319012171656360124e+02,8.879362667943219094e+02,1.767196682947592876e+02,-6.163685877834256033e+00,4.526230822872149702e+02,4.144778377132065543e+02,1.489318393571217030e+02,5.961194115894770675e+02,5.170594966357415778e+00,1.268721072561257124e+01,7.089786879456390523e+00,5.572418497122944245e+02,-5.777054250342185071e+01,2.127404377478023889e+02,2.484071190734071877e+02,-2.973348311853723658e+01,1.892648576904651136e+01,6.467472121529290234e+02,-2.506070920105369169e+02,3.175627559816572330e+02
1.970476267619339978e+02,1.725626046654969628e+02,1.598548735263359731e+03,1.366772479594152117e+02,-2.261992417557101120e+01,1.257486620131561949e+03,2.014128723609994154e+02,3.654655611883397910e+02,1.320219110673384421e+03,2.107395355026547463e+02,-4.773242398568981315e+01,9.122930791991774413e+02,3.432251082292316937e+02,4.731704166690910256e+02,1.031108475307937624e+03,3.919119000628306253e+02,4.114800712709458708e+01,7.297959569924421430e+02,5.156119378839159708e+02,4.252983685071981199e+02,8.825722103061964390e+02,3.897978032783115054e+01,1.303463943447081590e+02,8.660750537177276556e+02,1.912095913084421284e+02,3.432991288353454138e+02,8.761098105917006933e+02,1.869470895609972843e+02,-1.659317644030260164e+00,4.487444708211100419e+02,4.111469950387534027e+02,1.710658681077284200e+02,5.790398077284368128e+02,6.033659113557478193e+00,1.435543232788482904e+01,7.874634013198059002e+00,5.823356543227400834e+02,-4.497764806411375815e+01,2.005319142051829147e+02,2.501539098537498944e+02,-2.813622390353616964e+01,1.710659951892439778e+01,6.710561924103594720e+02,-2.346342091288784673e+02,3.184481627095951808e+02
1.982965026782870268e+02,1.779463644321044171e+02,1.585077675446920921e+03,1.417558586735162578e+02,-1.661126896513645690e+01,1.241846982897058979e+03,2.024410504358651508e+02,3.731526914959991927e+02,1.309390934995624320e+03,2.095954480323982807e+02,-4.299334033566083235e+01,8.961903264659049455e+02,3.454180172683301180e+02,4.884285890279094247e+02,1.023751296420844824e+03,3.807675818952962459e+02,4.128293760111451149e+01,7.055364673049479052e+02,5.160931062088565113e+02,4.551611121721637119e+02,8.725329843131911502e+02,4.265292010994680538e+01,1.395200823438065356e+02,8.549256403128391639e+02,1.875207139782960439e+02,3.553771809382513993e+02,8.639142678112400517e+02,1.977682115183432074e+02,3.160284216561267900e+00,4.447768941052071909e+02,4.090592620684795975e+02,1.950375650736014848e+02,5.633584342274153869e+02,6.811403977764118878e+00,1.612124399713307810e+01,8.622424519194057169e+00,6.059032792119052147e+02,-2.674045201390801196e+01,1.898071738688070695e+02,2.521307540819055077e+02,-2.640054447771938229e+01,1.511812206152025695e+01,6.943114171757465556e+02,-2.123112134885616058e+02,3.192622998135051375e+02
1.995162810165343217e+02,1.837989278403786955e+02,1.570915215494469521e+03,1.464099944665411215e+02,-1.004905985021979831e+01,1.225925733745597199e+03,2.031429314888796966e+02,3.810912758625211154e+02,1.298128070544787761e+03,2.074355875377119105e+02,-3.829730690819648942e+01,8.802668382090365640e+02,3.476475624809827991e+02,5.048692862278533084e+02,1.016904746249833011e+03,3.685866664476442907e+02,4.038921782493743962e+01,6.824983965943916928e+02,5.175259081846818390e+02,4.865115449953322013e+02,8.647431807666960140e+02,4.688788030173552812e+01,1.486417003280823508e+02,8.433410753064262053e+02,1.836288363954662373e+02,3.679873762322502557e+02,8.512650082274442411e+02,2.088984023953586870e+02,8.297393605442399789e+00,4.408573015878854449e+02,4.083975530758424384e+02,2.205636164149147191e+02,5.491601095508196977e+02,7.312728989911972732e+00,1.777488787815762805e+01,9.327827112806776455e+00,6.272167935607974414e+02,-2.785738188363985568e+00,1.800739692585858904e+02,2.540691007209654231e+02,-2.454729574248963075e+01,1.300568447841777164e+01,7.161079507215678177e+02,-1.831322381005134901e+02,3.193564631260837814e+02
2.008384159970993892e+02,1.901826053109163297e+02,1.555958989797796221e+03,1.505085137900792631e+02,-3.181808460659921067e+00,1.209787695332108569e+03,2.035264433277964145e+02,3.891565978197023128e+02,1.286339410506281183e+03,2.036923188456096625e+02,-3.395377851769872279e+01,8.646324206000148251e+02,3.496896993362075818e+02,5.220880677647139692e+02,1.011064181671203869e+03,3.545983452457641647e+02,3.799117045346017818e+01,6.609109406183808915e+02,5.199327201782258498e+02,5.187700660085554318e+02,8.600481849303133686e+02,5.143447873739860654e+01,1.573884146024403776e+02,8.313379561970023133e+02,1.794267696875486138e+02,3.808792681803272444e+02,8.380847279964400514e+02,2.200052961272156438e+02,1.360660823993902824e+01,4.370260072907432800e+02,4.091328382625146105e+02,2.472344648068260540e+02,5.362803674512330190e+02,7.414274587340448086e+00,1.909109443055713839e+01,9.941647641047385520e+00,6.458568774888121879e+02,2.678039082287296324e+01,1.705555059878558666e+02,2.556939313792878465e+02,-2.275849693583425193e+01,1.082844669664543424e+01,7.363149200589830343e+02,-1.472978319033111632e+02,3.178929454390286082e+02
2.023318950765048498e+02,1.970326372862872972e+02,1.540248845239986395e+03,1.540280187869084898e+02,3.651842846192441705e+00,1.193579607489148202e+03,2.037547928909957022e+02,3.972529393326705645e+02,1.274055145011538116e+03,1.980576697451845973e+02,-3.038449688965466322e+01,8.495269198491706675e+02,3.515349132704174053e+02,5.394340465161437805e+02,1.006764247689309286e+03,3.382404503222129506e+02,3.370305314259601914e+01,6.409577941243788928e+02,5.230774712889622151e+02,5.512188869659988768e+02,8.590163438439308266e+02,5.596440642146297506e+01,1.654246287166643015e+02,8.189542550731266601e+02,1.748118512600345298e+02,3.937673475145418820e+02,8.243394034663684806e+02,2.308353595382025958e+02,1.878360571907755983e+01,4.332052794801601863e+02,4.110726709416967424e+02,2.746127763643700632e+02,5.243632563091491647e+02,7.120875794520417301e+00,1.990814074180235238e+01,1.038602906807985349e+01,6.617632284727756087e+02,6.141644744886072971e+01,1.604164545466950074e+02,2.568232379855930958e+02,-2.127897833875071498e+01,8.652387044680891037e+00,7.551406532486093965e+02,-1.056737728742913305e+02,3.139939327446049901e+02
2.039980074923152813e+02,2.042273752625089287e+02,1.523990202357004364e+03,1.570595112435337626e+02,1.021358206959224901e+01,1.177539084048085215e+03,2.040872011286934367e+02,4.053949647844386845e+02,1.261453010027741357e+03,1.906009832396499064e+02,-2.810627706310503982e+01,8.353272832925711100e+02,3.534244875996071755e+02,5.563714465477467002e+02,1.004526268523639374e+03,3.194173305494438750e+02,2.730886055836809234e+01,6.228055201520653554e+02,5.265681312791045912e+02,5.833675748241794281e+02,8.619726970112517392e+02,6.020247667745603337e+01,1.724637991527154668e+02,8.062834997289852481e+02,1.697437183981560338e+02,4.064260743358317427e+02,8.100670993379801530e+02,2.412977995245742875e+02,2.346978678062394508e+01,4.292463405192965524e+02,4.139210447343048145e+02,3.023571889433396791e+02,5.130059637036564482e+02,6.562366898664018677e+00,2.021951877855276791e+01,1.059845145955321044e+01,6.751589043078057557e+02,1.002545528862274580e+02,1.490204678434373875e+02,2.574245449468708671e+02,-2.026645900056942295e+01,6.541237164321702657e+00,7.730718866733886898e+02,-5.946738791772015986e+01,3.069839438864274825e+02
2.058035803469236953e+02,2.117037594546595756e+02,1.507489719263975076e+03,1.597688280978666455e+02,1.649123097769131618e+01,1.161927479698311572e+03,2.047739508083451767e+02,4.137158529507033222e+02,1.248798081238468058e+03,1.816979000200311987e+02,-2.759290764296248355e+01,8.224347204523139681e+02,3.557426916780253237e+02,5.727528871636616259e+02,1.004713386755003512e+03,2.984953814028421561e+02,1.876114820177388154e+01,6.066142242215861415e+02,5.299815017718869967e+02,6.152164999999824886e+02,8.690185490175410905e+02,6.402868238793170974e+01,1.783892290897607609e+02,7.934691522428705639e+02,1.642906430657141073e+02,4.187873260179246699e+02,7.953947601734630553e+02,2.514575585670668261e+02,2.743913304625521477e+01,4.250249286451378339e+02,4.173239076231115519e+02,3.303433627364038898e+02,5.019370784117199946e+02,5.927418017496455249e+00,2.022053399836121557e+01,1.057954309735957743e+01,6.863954515831870822e+02,1.424160569627990185e+02,1.361209085289210350e+02,2.576076189534042555e+02,-1.968167797667928554e+01,4.550524068928764265e+00,7.906844617777586564e+02,-9.736198393812665941e+00,2.966103645010367131e+02
2.077220778709780689e+02,2.195550729695834775e+02,1.491025303988967153e+03,1.623308718688494423e+02,2.268752804727305517e+01,1.146921001923036329e+03,2.059655182864549943e+02,4.224055195108069256e+02,1.236316439850376128e+03,1.718223444949520911e+02,-2.903071801864144064e+01,8.110915771017816951e+02,3.588231886151913272e+02,5.888428659055003891e+02,1.007346284446042091e+03,2.760373240646435988e+02,8.151332969675658902e+00,5.924951923562908860e+02,5.329670316881471308e+02,6.472224828278777977e+02,8.799877507128140905e+02,6.749014058186901366e+01,1.833886000688509910e+02,7.806596585540152091e+02,1.586376415979196111e+02,4.309957865487554614e+02,7.805281025664532990e+02,2.614472453606151703e+02,3.076481942547506421e+01,4.205284887735458597e+02,4.209053661892017999e+02,3.587386937348130118e+02,4.911448622929063959e+02,5.380328768830709762e+00,2.026024052221049132e+01,1.041309353600100529e+01,6.957774795228306175e+02,1.874265671344337534e+02,1.219136327221462608e+02,2.575648145004302023e+02,-1.929000230589941367e+01,2.727545298358321713e+00,8.083715267253598995e+02,4.305286677726302713e+01,2.831245966200407906e+02
2.097492449713330132e+02,2.280476164372082337e+02,1.474721690277430753e+03,1.648625430945877781e+02,2.909641106646904873e+01,1.132533710486524114e+03,2.076791889217684570e+02,4.316240166039231667e+02,1.224075570712284161e+03,1.613224650099042492e+02,-3.210936464782002986e+01,8.012385164580930450e+02,3.627766254634522056e+02,6.050981753228919615e+02,1.011997866345026296e+03,2.524470117851437010e+02,-4.294059164250302985e+00,5.804451119778989323e+02,5.353172165122122124e+02,6.799418348519266146e+02,8.943955165406985088e+02,7.072320929621497498e+01,1.880073671656955128e+02,7.679504530961861519e+02,1.530440790068613524e+02,4.433783478438423344e+02,7.656995515098650458e+02,2.713554629058068031e+02,3.385658968743717168e+01,4.158788056784285345e+02,4.243104140832113558e+02,3.879763385147568329e+02,4.808878352826210971e+02,5.016957931450741093e+00,2.069849041217871743e+01,1.024033891684793041e+01,7.034202571075112473e+02,2.354813358657123388e+02,1.069408882652145110e+02,2.574917257142598714e+02,-1.877985040502258940e+01,1.113225441857244258e+00,8.260872589494616705e+02,9.917957649165654743e+01,2.671914757500790074e+02
2.118839482459018200e+02,2.375363774161769470e+02,1.458513591009862239e+03,1.673728263990448966e+02,3.596991406716528417e+01,1.118634517462183339e+03,2.098300947669885659e+02,4.414406393773246577e+02,1.211955131204218105e+03,1.502924887838694303e+02,-3.601631539133344262e+01,7.925233808813968608e+02,3.674258597614571613e+02,6.218652330515764106e+02,1.017869522758055723e+03,2.277586100991850344e+02,-1.818554284760526940e+01,5.703464777399103696e+02,5.370012248060501179e+02,7.135442685053673131e+02,9.114733991404807512e+02,7.384402803887734024e+01,1.930492288557896359e+02,7.553466971520243760e+02,1.477651951390746490e+02,4.563209466280836750e+02,7.510837582284354994e+02,2.811518191287761397e+02,3.732947858452016021e+01,4.112758839740085932e+02,4.272524901114195472e+02,4.186045163859848230e+02,4.715753063871196105e+02,4.881536706305416473e+00,2.173232346435149154e+01,1.019630718250106227e+01,7.091770605068720670e+02,2.873306010163643123e+02,9.189697133465946877e+01,2.575237127167962967e+02,-1.793287433616523074e+01,-2.624992638549247248e-01,8.432195807648313348e+02,1.594309490294279215e+02,2.496936714498360743e+02
2.140932060961363277e+02,2.483206714486868520e+02,1.442232738266694241e+03,1.697406019686044090e+02,4.348190630287533764e+01,1.105061197599384059e+03,2.123002178465073086e+02,4.518220535046505688e+02,1.199742672886022547e+03,1.385775855589633352e+02,-3.968285676000296291e+01,7.844971197975413588e+02,3.723678496327968332e+02,6.391886388531398779e+02,1.024057410429475567e+03,2.017066857734990037e+02,-3.295703977615077918e+01,5.621009262148915013e+02,5.381471106003137947e+02,7.475097995966422104e+02,9.303294570360875468e+02,7.688230814860401097e+01,1.993428848887691061e+02,7.427679335281537760e+02,1.429775826464505712e+02,4.701069172612329794e+02,7.367248157323303985e+02,2.906755781866160078e+02,4.176768957341504063e+01,4.069007689506253769e+02,4.295416781211541775e+02,4.510613944721001758e+02,4.635673953187266534e+02,5.015173841557545309e+00,2.329026215424066137e+01,1.033953211885442514e+01,7.126443878409451145e+02,3.437808669862591273e+02,7.741812280767651089e+01,2.577109491978149549e+02,-1.674893982199851195e+01,-1.394465134518389160e+00,8.586555524036723455e+02,2.245791086323127388e+02,2.315303093633763183e+02
2.162890103351988103e+02,2.605175465008268247e+02,1.425772299799142047e+03,1.717268908485418990e+02,5.181740510832356250e+01,1.091764336934601261e+03,2.150028621290079229e+02,4.626578854777268930e+02,1.187304449184920941e+03,1.258677696095343919e+02,-4.214960852275375913e+01,7.769138633526135891e+02,3.771160447739568440e+02,6.568297351644772561e+02,1.029903111325469354e+03,1.740255512540575467e+02,-4.791895351157942429e+01,5.558486230703275623e+02,5.389554762045806910e+02,7.807419773866977266e+02,9.501795624812966707e+02,7.979936723624177830e+01,2.074862128682876516e+02,7.300926233192005839e+02,1.387521499225184414e+02,4.848092227191041843e+02,7.225270984887649774e+02,2.996807122546582036e+02,4.751347359067550258e+01,4.028378929605710255e+02,4.310712944764331382e+02,4.854908248649978759e+02,4.569820758277253958e+02,5.482032087791774089e+00,2.506512604122875842e+01,1.061481307575778210e+01,7.132256776065880786e+02,4.050906903310330449e+02,6.393256234763126855e+01,2.580341119565344457e+02,-1.545315100390548047e+01,-2.316514652124386675e+00,8.710130100578057863e+02,2.948670568611859153e+02,2.134677620612548878e+02
2.183316332853774213e+02,2.740200152323745897e+02,1.409219858624922381e+03,1.730254784409042657e+02,6.130933149382686054e+01,1.078885182776268493e+03,2.179073749647728278e+02,4.737963887655047301e+02,1.174721258344000717e+03,1.118131125020307479e+02,-4.283408600728873239e+01,7.699719146653226289e+02,3.812521141056396914e+02,6.744515757256125426e+02,1.035261641371567293e+03,1.447878699754461422e+02,-6.238596351355744929e+01,5.521179286386748117e+02,5.395596717047257016e+02,8.120816305533712693e+02,9.705405220114985241e+02,8.257030073815320748e+01,2.176986870550373396e+02,7.172215271958282301e+02,1.350898327973640960e+02,5.003033347376562574e+02,7.083253957544295645e+02,3.079140756137201720e+02,5.459190319730890195e+01,3.990575891914420481e+02,4.317696862348763034e+02,5.217036629911793852e+02,4.515984337084717026e+02,6.342003132893510475e+00,2.667581172319564686e+01,1.087447278180965782e+01,7.102255333157316954e+02,4.706376551372370045e+02,5.161478873800101042e+01,2.584447701816979475e+02,-1.437957658408949868e+01,-3.102949451310743623e+00,8.789407245510254825e+02,3.697798785821304364e+02,1.960479825313548474e+02
2.200575480299247886e+02,2.885585160653840262e+02,1.392865748978470947e+03,1.733478605566011765e+02,7.248594168484481770e+01,1.066713646717964593e+03,2.210161560278628770e+02,4.850748995613404304e+02,1.162295827532708699e+03,9.613191327349228743e+01,-4.156731231674469740e+01,7.643535926269468064e+02,3.845314713796540218e+02,6.918390089591133574e+02,1.040550828598202315e+03,1.145971008166077354e+02,-7.582968692396181609e+01,5.517593588651646996e+02,5.398989260681306632e+02,8.409361193333825213e+02,9.912957091948472907e+02,8.526450948691778819e+01,2.298452797416854594e+02,7.041347298014469516e+02,1.319926293713307928e+02,5.163876698517658497e+02,6.939958410385393108e+02,3.151984263024020834e+02,6.279116859917791515e+01,3.954560003268851460e+02,4.315538507596618274e+02,5.592966632507815348e+02,4.469098658421534083e+02,7.589846351302118599e+00,2.786738103429625824e+01,1.095117930517792182e+01,7.029577025964098311e+02,5.390461635714211752e+02,4.044726842771280673e+01,2.589063892377357661e+02,-1.379948834450942208e+01,-3.851441180387102037e+00,8.813763012596460840e+02,4.481761712421693460e+02,1.795490467736120763e+02
2.213229004427275868e+02,3.038285931984276544e+02,1.377084430422112973e+03,1.725222837631952757e+02,8.593385970265853757e+01,1.055558939706056208e+03,2.243162335832056158e+02,4.963528364093023697e+02,1.150426517518170613e+03,7.872338672827440575e+01,-3.844401874820924547e+01,7.610306393719291691e+02,3.869142839307756390e+02,7.090303876048566281e+02,1.046553006923909834e+03,8.456318842262113833e+01,-8.798024367290155112e+01,5.556610152406743737e+02,5.396867102781369567e+02,8.676325100013453948e+02,1.012615404231104435e+03,8.806226437601419832e+01,2.435924671627516034e+02,6.909250179066243618e+02,1.295186554766840743e+02,5.329249098340767432e+02,6.795416595661290557e+02,3.214903207845614475e+02,7.182070852797919258e+01,3.919160096139714824e+02,4.303231476340695849e+02,5.978358336120155627e+02,4.423141652561793080e+02,9.115480529252872444e+00,2.863298014843597983e+01,1.074370017694881163e+01,6.908624715090578547e+02,6.086423628550954845e+02,3.034937189271519031e+01,2.594160358267150173e+02,-1.379528952531830477e+01,-4.652507066938897928e+00,8.776910173817517489e+02,5.286258678303242959e+02,1.640091568700985363e+02
2.220515021534287712e+02,3.196172921282380912e+02,1.362178432535440606e+03,1.705692481416687940e+02,1.020085210212265849e+02,1.045625773163906160e+03,2.277397803626814436e+02,5.075605911769310978e+02,1.139434066260409509e+03,5.977843263798501994e+01,-3.364334921932436373e+01,7.609242541880610133e+02,3.885127751679491439e+02,7.263072906130070123e+02,1.054061551218444492e+03,5.610485942601226839e+01,-9.881959100763377535e+01,5.644101993121487340e+02,5.385054326935836571e+02,8.932472485777733482e+02,1.034781274854830826e+03,9.119353633180986662e+01,2.585908929117953790e+02,6.777984273073062695e+02,1.277839067413216583e+02,5.499078238760966997e+02,6.651067241039428382e+02,3.268896294774256717e+02,8.143730467139660334e+01,3.883488327816614856e+02,4.279997711793737949e+02,6.369789921554731791e+02,4.373530477620004149e+02,1.072875339089041624e+01,2.918979629480111626e+01,1.026733568723627599e+01,6.736247228562907594e+02,6.779078180221583807e+02,2.129784937925260380e+01,2.600007427572526808e+02,-1.425031176644021258e+01,-5.556158057764107205e+00,8.677105634078648109e+02,6.097249889075914098e+02,1.493188340868117905e+02
2.222715586950125726e+02,3.358710292473779191e+02,1.348288150881048523e+03,1.677135967014563391e+02,1.205568007592634387e+02,1.036974732515308688e+03,2.311557691740342477e+02,5.187567354719050172e+02,1.129450285431963039e+03,3.982772596242703855e+01,-2.733323012765369597e+01,7.645757221440587728e+02,3.894669147745214559e+02,7.440640413592170717e+02,1.063535234510614146e+03,3.066389237999647577e+01,-1.084538785124741906e+02,5.781175466746847178e+02,5.359773679690352992e+02,9.189841198550564059e+02,1.057993102837958759e+03,9.483966455532852535e+01,2.745894568369653825e+02,6.650362077188483454e+02,1.269131808455366155e+02,5.674149174297958780e+02,6.509165777393510552e+02,3.315971096022501001e+02,9.148271636450388655e+01,3.846966022628940891e+02,4.245797610871706524e+02,6.764794293044108144e+02,4.318772242566930686e+02,1.224473821296493448e+01,2.983324513800380373e+01,9.640326111232765172e+00,6.512650582597165112e+02,7.456772122421176618e+02,1.336065431571350715e+01,2.606982981183361403e+02,-1.494777555069880748e+01,-6.547685850277110475e+00,8.516436929594726735e+02,6.902663717236114280e+02,1.353466051289728966e+02
2.221212779749362767e+02,3.526902925796788395e+02,1.335401464597144013e+03,1.643175017619853975e+02,1.408616296044185106e+02,1.029572610010976632e+03,2.343912720968819769e+02,5.301623731138953417e+02,1.120419108871792105e+03,1.965506620601297527e+01,-1.963179745327943237e+01,7.719687879876815941e+02,3.897949550687772557e+02,7.626303708472905782e+02,1.074911684273573428e+03,9.408178797269206584e+00,-1.168983967415088330e+02,5.965066381465214818e+02,5.319177460293450395e+02,9.454674491424718781e+02,1.082229754626580871e+03,9.906043183168824839e+01,2.914596564109635892e+02,6.529195249409823418e+02,1.269775806365077813e+02,5.855115160191492123e+02,6.371861176992878200e+02,3.358402855356023906e+02,1.018662584086185348e+02,3.809033371300914155e+02,4.201371134090878741e+02,7.161253191025400611e+02,4.260519006129854347e+02,1.357952563928684953e+01,3.076855146397623741e+01,9.014941339863330683e+00,6.241627341872646184e+02,8.110739036209059805e+02,6.617117623299110463e+00,2.615393908765330480e+02,-1.570303592893480094e+01,-7.544640429734867482e+00,8.299569613982287137e+02,7.693102063396211179e+02,1.220375021198811112e+02
2.218106247663303918e+02,3.702803895887725503e+02,1.323416681607724513e+03,1.607595653359490768e+02,1.619258173657260329e+02,1.023370310973579763e+03,2.372631004456161179e+02,5.421450614725503101e+02,1.112178883119661350e+03,7.656416305699886848e-02,-1.051489481104021984e+01,7.825633976206947864e+02,3.892911255714709569e+02,7.821421624906039369e+02,1.087649599077634775e+03,-7.006458000080860060e+00,-1.238436695778499086e+02,6.191793430173106572e+02,5.263945729311528794e+02,9.723898407590119177e+02,1.107207389657286967e+03,1.037917331822809643e+02,3.091881215225117785e+02,6.416359440270038021e+02,1.279629246947322514e+02,6.042050309631536038e+02,6.240431826528415513e+02,3.398008342456473656e+02,1.125712443449896512e+02,3.768791639918130727e+02,4.147469745279703943e+02,7.557335263290704006e+02,4.202165314325136478e+02,1.479453303934282182e+01,3.202711446309280063e+01,8.495740300506932741e+00,5.929802209580711860e+02,8.733797972098899436e+02,1.020764899657436775e+00,2.625412728655455226e+02,-1.644130935416729145e+01,-8.422267257933244267e+00,8.032173334433148284e+02,8.462656095090057988e+02,1.094469589241620326e+02
2.215466654812605896e+02,3.888973830264898197e+02,1.312194000913519403e+03,1.573160200472427732e+02,1.830122478809918221e+02,1.018335550723415849e+03,2.395981167340475508e+02,5.551533585566324973e+02,1.104557311062305189e+03,-1.830657632825380787e+01,3.737440934126970982e-01,7.954965510921684881e+02,3.875264650663488624e+02,8.025332354490726630e+02,1.100958707477157077e+03,-1.854358313960545956e+01,-1.284876599446640171e+02,6.458437635656824796e+02,5.196720653741070919e+02,9.987389658531818668e+02,1.132429895581075471e+03,1.089199419292134223e+02,3.279081820925507600e+02,6.312059534258985423e+02,1.297901938268662150e+02,6.235279399757632746e+02,6.114993879573489721e+02,3.435730634643092571e+02,1.237232013558940764e+02,3.724826682631118615e+02,4.083567169340233249e+02,7.952654854287119406e+02,4.147017685742722506e+02,1.605729455455589516e+01,3.351170857044922258e+01,8.097024611397426241e+00,5.585014461620747852e+02,9.320364632149448880e+02,-3.686598844509044515e+00,2.637090788724346453e+02,-1.718261419478382024e+01,-9.061988080720833949e+00,7.719245135838060605e+02,9.210145671096478281e+02,9.771851031274985644e+01
2.214506790940821475e+02,4.087979226841216018e+02,1.301578774011710948e+03,1.540986933112703525e+02,2.041596651675517933e+02,1.014417170761919806e+03,2.412323484663570525e+02,5.696260098988302616e+02,1.097434123660189925e+03,-3.522609736632441013e+01,1.388929873635338730e+01,8.098359562861320455e+02,3.839515566516571994e+02,8.236467527375351665e+02,1.114091340317271943e+03,-2.570983226892024121e+01,-1.295159672631247076e+02,6.763298482553184385e+02,5.120625044013634124e+02,1.023457387554007596e+03,1.157276306324130019e+03,1.143980066742475685e+02,3.479667616627884286e+02,6.214698555807269713e+02,1.323718088943992655e+02,6.437074580094953262e+02,5.994721345280305513e+02,3.471676210736570738e+02,1.356677080357186753e+02,3.675302997257949187e+02,4.006953777311360909e+02,8.349916381457958323e+02,4.097180457095224710e+02,1.753898033959479008e+01,3.512494818075755632e+01,7.768505175792718376e+00,5.214535334053259703e+02,9.867943360563523356e+02,-7.929514043000024159e+00,2.650335942725496921e+02,-1.796345768331438464e+01,-9.402567331095234238e+00,7.363867092008366626e+02,9.939642516926916187e+02,8.703013953637334055e+01
2.215006109129978142e+02,4.301688561070034211e+02,1.291434146009579990e+03,1.510720227142989245e+02,2.263388173629774371e+02,1.011482747747097051e+03,2.419956467547839054e+02,5.858997815366379882e+02,1.090773886766196938e+03,-5.064540998750965883e+01,3.131555741843271434e+01,8.247718623999290912e+02,3.780430581816983135e+02,8.453797865171567310e+02,1.126554840510620124e+03,-2.929859579241779599e+01,-1.252911060749927827e+02,7.103849117263598600e+02,5.037408946240531122e+02,1.046118045707833289e+03,1.181051739602140060e+03,1.203408833315238553e+02,3.699287744858183373e+02,6.121512140102311150e+02,1.356599904986738068e+02,6.652733524484559666e+02,5.878425461759020436e+02,3.505519880423624954e+02,1.489546947590070829e+02,3.618215370682212892e+02,3.913171290307287791e+02,8.755222452355934593e+02,4.053593769988209488e+02,1.930981433470799047e+01,3.688391296080718007e+01,7.474392314228279766e+00,4.824146517446746998e+02,1.037836648572050308e+03,-1.213643022729272403e+01,2.664809717730095713e+02,-1.876086022975398038e+01,-9.467065826131529249e+00,6.967193046950159214e+02,1.065853569331925200e+03,7.751402605021711167e+01
2.215190806754835648e+02,4.530247295624540129e+02,1.281721556584975815e+03,1.481298351375016296e+02,2.510795741429516852e+02,1.009297061967791592e+03,2.417001082150396201e+02,6.041328487399651976e+02,1.084652877122657856e+03,-6.449607987870673753e+01,5.394456619131479158e+01,8.396895569977256173e+02,3.694193899342748182e+02,8.677570307165832446e+02,1.138159876711805737e+03,-3.003573600169371360e+01,-1.142617532145683015e+02,7.474088719870129580e+02,4.945894662181556782e+02,1.067219184452065747e+03,1.202958228578803528e+03,1.270410658451218353e+02,3.944151301186940373e+02,6.029722181408424149e+02,1.396458152458562836e+02,6.889593392818375150e+02,5.765263598938257701e+02,3.536957041625180409e+02,1.641738451257448048e+02,3.551593775069006824e+02,3.797992941523243644e+02,9.175735005370232784e+02,4.016720711466190323e+02,2.129667239060966821e+01,3.894665643809801026e+01,7.273911631488727991e+00,4.418775943236838657e+02,1.085682492818518313e+03,-1.656362740877694506e+01,2.679835668986350470e+02,-1.947088012285426117e+01,-9.347209799351418269e+00,6.530131935066036704e+02,1.137264613658831195e+03,6.914035395828787500e+01
2.212070438320432118e+02,4.771169834480058398e+02,1.272611766598305394e+03,1.451869136016481718e+02,2.797133420201362242e+02,1.007574424455935741e+03,2.401520697498858681e+02,6.242662439754669776e+02,1.079283527280415001e+03,-7.643779617762037049e+01,8.244615864736030630e+01,8.541315344412494142e+02,3.578790407775781546e+02,8.909069101614712736e+02,1.148900425297353422e+03,-2.827538477586200472e+01,-9.550678932283408074e+01,7.863346341521096292e+02,4.841303845789727802e+02,1.087987834519501348e+03,1.221996815933536254e+03,1.348876530208875977e+02,4.217903317000182710e+02,5.937620975084068959e+02,1.443022264669468200e+02,7.153911656231526877e+02,5.655313493237248395e+02,3.565808677647453351e+02,1.817054245282477041e+02,3.473535255123501315e+02,3.660005463662954526e+02,9.615435778416900803e+02,3.986927073675117867e+02,2.333093275150606871e+01,4.155310597784169602e+01,7.346693705938937669e+00,4.004425208558520239e+02,1.130850935956107605e+03,-2.122694326561159173e+01,2.694476847517801730e+02,-1.994896287294405468e+01,-9.147782845830453979e+00,6.056249215912582713e+02,1.208038969473516545e+03,6.158061682103020473e+01
2.202095010989673369e+02,5.019391742136075436e+02,1.264547863385287428e+03,1.422425910854371409e+02,3.126368371803054629e+02,1.006071368427231278e+03,2.371969022639094362e+02,6.460565780399294908e+02,1.075005181576213090e+03,-8.583277685854366723e+01,1.163779651079839681e+02,8.676956481932560337e+02,3.433587013216094874e+02,9.150164687824450311e+02,1.158723839553905464e+03,-2.389720860638745847e+01,-6.921280351724436741e+01,8.257600321049311560e+02,4.715664091734070666e+02,1.109901174354482009e+03,1.236859564663209767e+03,1.442349507071497499e+02,4.518743403957747091e+02,5.844976203374507122e+02,1.495082923320176747e+02,7.447286972437478880e+02,5.549743079049246717e+02,3.591642380393268468e+02,2.015453711924997435e+02,3.382101766951801665e+02,3.502144798021457177e+02,1.007167374076905844e+03,3.963940442760422229e+02,2.526387878190216796e+01,4.495116871921993607e+01,7.940486603253896547e+00,3.590147545744887907e+02,1.173496168425534279e+03,-2.599761979961245828e+01,2.707875610314760593e+02,-2.007572582449505205e+01,-8.916680083418039970e+00,5.554458649000475816e+02,1.276968039462732577e+03,5.411210424325761181e+01
2.181935948722953356e+02,5.268841179387685543e+02,1.258173896924017072e+03,1.393976783114740385e+02,3.490250138343865842e+02,1.004643103530466533e+03,2.327826962869171439e+02,6.692048346633238225e+02,1.072203001925508261e+03,-9.198084001137834775e+01,1.541660024321644187e+02,8.799186240805418038e+02,3.258355874208673981e+02,9.403687062294899306e+02,1.167283801976999712e+03,-1.645983554224014966e+01,-3.683141422198453085e+01,8.642759001321852566e+02,4.558929231766828138e+02,1.134253165196519603e+03,1.245893712491734959e+03,1.553034378174129984e+02,4.839053563382734637e+02,5.752551162815865382e+02,1.550106962367970027e+02,7.764975741379188321e+02,5.450415735527528796e+02,3.613246262126797888e+02,2.233443936174099633e+02,3.275258522859456320e+02,3.330906861471673324e+02,1.053515319779459560e+03,3.945623528816531120e+02,2.709526240457297419e+01,4.938393411344875972e+01,9.270653577766397646e+00,3.188633605919702063e+02,1.213296268493177649e+03,-3.081603178986220115e+01,2.719814515927156435e+02,-1.979507766240079292e+01,-8.599646998013241728e+00,5.039925638756988633e+02,1.342035513578373866e+03,4.564537694256168976e+01
2.149164347134703235e+02,5.515211964334810091e+02,1.254106890795074833e+03,1.368339237485153319e+02,3.871723138878718942e+02,1.003203892423829984e+03,2.270036361163322738e+02,6.935685977459968399e+02,1.071153392865181786e+03,-9.446011380137522906e+01,1.936157555793068354e+02,8.901797961910430104e+02,3.052025547504511565e+02,9.674805035327539144e+02,1.173774133458135339e+03,-5.507881167133245270e+00,-7.509660138146039277e-01,9.008205661392751153e+02,4.360136420243605926e+02,1.161953680062998501e+03,1.247208407222980895e+03,1.681723600679771096e+02,5.168537112152898771e+02,5.661150563132916886e+02,1.604548520505703095e+02,8.097414183552091345e+02,5.359033225725449938e+02,3.628558777835403362e+02,2.466658633134249214e+02,3.151081109833656910e+02,3.153289069910732110e+02,1.099373999808871758e+03,3.926965542606916415e+02,2.906419584466482320e+01,5.515369496346329470e+01,1.143700200531527678e+01,2.814777407502787696e+02,1.249713295746893891e+03,-3.590521764871586186e+01,2.731329310383608231e+02,-1.908921888601307160e+01,-8.054201699604764286e+00,4.532525282767930435e+02,1.401159427938122008e+03,3.491862074714472186e+01
2.102616391755814504e+02,5.758766967862513866e+02,1.252629119101036849e+03,1.347798792822600831e+02,4.252776867296947216e+02,1.001598663956112091e+03,2.200769723697721076e+02,7.193923705830575273e+02,1.071846905820554639e+03,-9.331442717313544222e+01,2.326771469688053742e+02,8.976500656379979546e+02,2.811449846949863627e+02,9.972230336404516038e+02,1.176909191751859453e+03,9.166538529545491087e+00,3.646850406763575592e+01,9.348846026543678818e+02,4.108221787204692532e+02,1.193501575356376179e+03,1.238937499283135821e+03,1.828513629584518299e+02,5.499574436648044866e+02,5.570961128895189631e+02,1.654696230707542668e+02,8.434178040499740518e+02,5.276198954933433924e+02,3.635391435305460845e+02,2.713120586792528570e+02,3.008397221375198001e+02,2.973008165823417812e+02,1.143765236659137599e+03,3.900152746353431894e+02,3.167485476951667422e+01,6.270478653262657076e+01,1.441911927810237870e+01,2.482809139217989980e+02,1.282463746919568393e+03,-4.186586931572011139e+01,2.745084330306772813e+02,-1.789328155356380634e+01,-7.131751950594010125e+00,4.053560992919107662e+02,1.453044852786368438e+03,2.081964576675557765e+01
2.042341605331210701e+02,6.005728446691828140e+02,1.253445253417491358e+03,1.334846365954893770e+02,4.622401816747243402e+02,9.994653675081383426e+02,2.122306827575704062e+02,7.474488145510484856e+02,1.073862428098969303e+03,-8.890518773349560888e+01,2.700275148837502570e+02,9.013208065636036963e+02,2.530624496217178319e+02,1.030731885638623453e+03,1.175054562363784953e+03,2.744983872821770987e+01,7.301847278000002461e+01,9.664724912809688249e+02,3.792831414583816922e+02,1.228940800238797692e+03,1.219590232882859027e+03,1.993531655811031555e+02,5.831828562074804267e+02,5.481715187952088399e+02,1.697525012593968938e+02,8.768024512792343330e+02,5.200872541263291851e+02,3.632650045383364841e+02,2.975122425875109684e+02,2.847795555937721019e+02,2.788214624492130724e+02,1.186252498612362388e+03,3.855912539490625477e+02,3.564386050841126519e+01,7.264007317050676704e+01,1.816667070664650652e+01,2.203252500311575375e+02,1.311874629157050094e+03,-4.959294958972555634e+01,2.765104550489085113e+02,-1.598648152747827567e+01,-5.797384862065302791e+00,3.622182350226117933e+02,1.497675463965455492e+03,2.721731697314683451e+00
1.969196808621589128e+02,6.267278048102988350e+02,1.255637346142352953e+03,1.332115791368121904e+02,4.980465959948838872e+02,9.961956088988706597e+02,2.035221274196606487e+02,7.789824650646775126e+02,1.076339994826247903e+03,-8.144189320521496711e+01,3.051656361526311230e+02,9.001640261116521060e+02,2.201000722485365202e+02,1.068979445206434320e+03,1.166454715587307419e+03,4.900166518130806992e+01,1.085319318107547275e+02,9.958322812568713971e+02,3.405939380783099750e+02,1.267687132060086697e+03,1.188365508446566082e+03,2.176842108430322753e+02,6.173323753958245561e+02,5.393517018870960555e+02,1.731006065752858945e+02,9.096696298430695151e+02,5.130507676702063691e+02,3.621311867310047319e+02,3.258506674748417140e+02,2.672590194410429945e+02,2.592286003726851504e+02,1.226838120304825907e+03,3.785638446817389990e+02,4.175721370480794548e+01,8.562379773039089059e+01,2.274096944814227328e+01,1.980749963650629866e+02,1.338880467924888990e+03,-6.002704974381811098e+01,2.795483202396652018e+02,-1.291057700371176153e+01,-4.223519459221772188e+00,3.252580541376262317e+02,1.536200145238867890e+03,-1.929194304340722255e+01
1.884300158130151317e+02,6.556196869371163984e+02,1.257862955626755593e+03,1.342589347428738336e+02,5.335890473924702064e+02,9.910620755057993847e+02,1.936506357945725938e+02,8.154076899589956611e+02,1.078050433981001333e+03,-7.038312973103283809e+01,3.380353606917871616e+02,8.934562238188560741e+02,1.813554336137007965e+02,1.112076204737137232e+03,1.149485955619776405e+03,7.339079883474973087e+01,1.442255497568141323e+02,1.023040767612535319e+03,2.944794559431718426e+02,1.308306594365061983e+03,1.145313634495231554e+03,2.377316275369587117e+02,6.537204815987868187e+02,5.307590350117704929e+02,1.753653960414998494e+02,9.421725461683744243e+02,5.061840589258321756e+02,3.604550293769777909e+02,3.569698959127041462e+02,2.489140826548199357e+02,2.377642913462948684e+02,1.265551239266438870e+03,3.683612089144786523e+02,5.064014671478710028e+01,1.021942151355478785e+02,2.842500488557998040e+01,1.813209474076791707e+02,1.364663166947963418e+03,-7.380813116538769236e+01,2.838069145564877545e+02,-7.962129040844908801e+00,-2.791083127030806299e+00,2.952208836137235721e+02,1.570326598142251669e+03,-4.438301921839875064e+01
1.788637564337270192e+02,6.882284232033562148e+02,1.258726779555548319e+03,1.370098195944184170e+02,5.700807854002390513e+02,9.834926293395511721e+02,1.818540182896997521e+02,8.578190815727660947e+02,1.077533619585271936e+03,-5.397379595545167774e+01,3.685121245741037228e+02,8.812146965490511548e+02,1.362766654248690372e+02,1.158589308992236511e+03,1.122887918883184057e+03,1.001862924251700804e+02,1.824169635193109116e+02,1.047585211599798185e+03,2.415728523201954943e+02,1.348448454027580965e+03,1.091304330493858743e+03,2.591038606222383578e+02,6.935875335560447184e+02,5.226202326757831997e+02,1.763556619588833598e+02,9.745369943027783393e+02,4.992018903321610424e+02,3.586977309160861864e+02,3.912047669578935825e+02,2.306138883479362960e+02,2.140838029141950472e+02,1.302040296232389892e+03,3.548897820610621352e+02,6.249357759936747669e+01,1.225634666337794414e+02,3.572549752746700591e+01,1.692390429883710681e+02,1.390157324121932334e+03,-9.093022308534779086e+01,2.889879638195405960e+02,-2.898336642579563138e-01,-1.971309127792515659e+00,2.720930167284377035e+02,1.601575143278048245e+03,-7.108048395842583034e+01
1.683071593132715122e+02,7.248328684549878744e+02,1.257177365152159609e+03,1.419977876323130488e+02,6.084381518150071315e+02,9.733837306643927150e+02,1.669800106544598748e+02,9.064661970310721699e+02,1.073290879044008079e+03,-2.916583382481578823e+01,3.962022263619225555e+02,8.645796071798097273e+02,8.516891869483328037e+01,1.205273135134802715e+03,1.085969784783235809e+03,1.290503204816680523e+02,2.256170425390980085e+02,1.068130309090573746e+03,1.837320946981464544e+02,1.385081047291996128e+03,1.027862720987490547e+03,2.810192354231778609e+02,7.375560479083244445e+02,5.151609493785786071e+02,1.757491367386934940e+02,1.006771294427429552e+03,4.919653448342672846e+02,3.573483335537784455e+02,4.283234403112802511e+02,2.132962081040295175e+02,1.886398250479112733e+02,1.335466659107557916e+03,3.386705159464403323e+02,7.690967703623975638e+01,1.464915456323990952e+02,4.523652836923985632e+01,1.605962102571105561e+02,1.415698568640441408e+03,-1.105119954831497893e+02,2.941643740400200500e+02,1.090276450981479961e+01,-2.128770870693516226e+00,2.551314394062443967e+02,1.630756804203505453e+03,-9.751381946196474360e+01
1.568807297592856571e+02,7.648217151245003151e+02,1.252779214476040124e+03,1.499397300340063737e+02,6.489593018501932420e+02,9.613136575892388009e+02,1.477838976644713682e+02,9.603691985570367251e+02,1.064041803811398495e+03,7.902986542169820439e+00,4.208528452942201739e+02,8.459161149545301441e+02,2.962961346285741371e+01,1.247498788426378269e+03,1.038809045310246802e+03,1.599598631023476116e+02,2.755719390420078412e+02,1.082671240830263059e+03,1.241122671107169850e+02,1.415004606877284232e+03,9.569951873801556985e+02,3.023129225729671816e+02,7.853713220587592332e+02,5.084626307013072051e+02,1.730778228843072384e+02,1.038540184747710327e+03,4.845449608304041931e+02,3.568229850413333679e+02,4.674896726205076334e+02,1.977576788631607485e+02,1.627449995037885913e+02,1.364778589730781732e+03,3.208814649750486865e+02,9.288857517115255291e+01,1.732919149992155212e+02,5.739257451864527582e+01,1.540761599009173892e+02,1.440979302443438655e+03,-1.308019430693534559e+02,2.978838249193827892e+02,2.610422106691471100e+01,-3.344334982590029259e+00,2.430567690747062670e+02,1.657869042769070120e+03,-1.217049577943492409e+02
1.448085069319736533e+02,8.067972766015108164e+02,1.245778200995767293e+03,1.616587604485091276e+02,6.914193294053152385e+02,9.485544315033957901e+02,1.234142859477285157e+02,1.017206577327487594e+03,1.049042483369610181e+03,6.083109553001429504e+01,4.433225760734366077e+02,8.284811971783148010e+02,-2.729786844484837616e+01,1.280367853455484237e+03,9.824351001115536519e+02,1.936170990040421600e+02,3.326381957149537243e+02,1.089186924657536565e+03,6.688436684773013496e+01,1.435470562037658510e+03,8.810925133753862610e+02,3.215769628278213190e+02,8.359753720322079289e+02,5.023776527327735835e+02,1.678215913251927418e+02,1.069220510637730968e+03,4.772260742609193471e+02,3.574073428526318139e+02,5.074677044882024006e+02,1.844499819038042006e+02,1.382667987458922312e+02,1.389196517542940910e+03,3.032274680036427412e+02,1.091037845794989352e+02,2.019820910579163069e+02,7.218856564459413505e+01,1.486289474174777183e+02,1.465295885420999184e+03,-1.495036005760600517e+02,2.985580817042743433e+02,4.530790022110438997e+01,-5.362639433695925106e+00,2.344065723589631318e+02,1.682383188688419523e+03,-1.418954247521783429e+02
1.324679360647644444e+02,8.489609121211015008e+02,1.236964980160363893e+03,1.778373932130603805e+02,7.354779423374064891e+02,9.368593774108780963e+02,9.393485666911925591e+01,1.073533444496156790e+03,1.028396398116444743e+03,1.314580041781078990e+02,4.666817717861929964e+02,8.156886399101572351e+02,-8.139741052962921231e+01,1.300147335376425872e+03,9.189322747193081113e+02,2.319025397020216985e+02,3.957519803839904853e+02,1.086694956710014594e+03,1.661474779274549363e+01,1.444727989394279120e+03,8.028991032829960659e+02,3.373989550085542533e+02,8.877933111418899443e+02,4.965677719414358080e+02,1.595936409651065162e+02,1.098059113738746873e+03,4.704610828352510339e+02,3.592385863662517522e+02,5.470066549937047284e+02,1.733199957566655200e+02,1.170753302756190379e+02,1.408622875924490927e+03,2.875747274173362484e+02,1.243327040275146373e+02,2.315502551020968269e+02,8.897756698134591602e+01,1.436951549780419271e+02,1.487932088332080866e+03,-1.643967913378701837e+02,2.950228671780541276e+02,6.801882685526911132e+01,-7.706987581684235700e+00,2.279367428188419069e+02,1.703738729833568641e+03,-1.568851042949780492e+02
1.203834680409843685e+02,8.896860779334936069e+02,1.227403232510368525e+03,1.986272981019305917e+02,7.811726330105387888e+02,9.280783877848245993e+02,6.065430336113568188e+01,1.125317673429937940e+03,1.003220550033213158e+03,2.184111464171468526e+02,4.967769974632764729e+02,8.102139426585299589e+02,-1.279868907762017756e+02,1.305459171931808214e+03,8.513605534468053975e+02,2.779960882992596112e+02,4.630717003080126801e+02,1.076329230853619947e+03,-2.257066625214060096e+01,1.442423704128194231e+03,7.254638999250463485e+02,3.486394371307303572e+02,9.390611311690291814e+02,4.906565620915762338e+02,1.483540490542394537e+02,1.124331143847311751e+03,4.647884359525146465e+02,3.623075283377913252e+02,5.852769598188056079e+02,1.637322639292583801e+02,1.004693195144747904e+02,1.423743032002815880e+03,2.754064639863215120e+02,1.378618980559375302e+02,2.612711930980277089e+02,1.064555985168669565e+02,1.391948287404408404e+02,1.508471697879769408e+03,-1.740592499808007858e+02,2.870378089984926646e+02,9.350318194417694428e+01,-9.909114015422396449e+00,2.228909162378729150e+02,1.721790776560506174e+03,-1.663098398706219143e+02
1.091537593467018610e+02,9.281005065823480891e+02,1.218118461945481386e+03,2.232588168019159127e+02,8.292542367775552066e+02,9.237032811805629535e+02,2.606275403854337469e+01,1.168707072400095740e+03,9.755350658529482644e+02,3.163363596585306823e+02,5.416480023463766429e+02,8.132854209783905617e+02,-1.629038634706666357e+02,1.297719899885029918e+03,7.834249327180764340e+02,3.357281071969232471e+02,5.331696283626114337e+02,1.061854933531966935e+03,-4.783963710253208035e+01,1.429869870926767817e+03,6.519968607835521652e+02,3.546814697522657411e+02,9.880738767265870592e+02,4.844229439675892195e+02,1.345635691947238683e+02,1.147423951423835433e+03,4.607438144416135515e+02,3.664606228893161983e+02,6.221967594315134420e+02,1.545248259839744094e+02,8.880794084231739305e+01,1.435744646583838858e+03,2.673140669916410843e+02,1.496764534255152341e+02,2.909744342813209528e+02,1.228829049428572802e+02,1.353080336070039209e+02,1.526865246172303159e+03,-1.783674721664310425e+02,2.754897465359183002e+02,1.211861282112661087e+02,-1.173753726904974393e+01,2.190142528194521958e+02,1.736969553103427415e+03,-1.707345958714436165e+02
9.933359623810099492e+01,9.644417472093098240e+02,1.209847024009342022e+03,2.498587411881298124e+02,8.811795821901348518e+02,9.244669975077929394e+02,-6.685650390886921812e+00,1.200864449165142105e+03,9.478523809032427607e+02,4.163523442703599358e+02,6.095912168856103790e+02,8.244452080261486344e+02,-1.834874051994781325e+02,1.280634353321231856e+03,7.189232980877696946e+02,4.079758553901080518e+02,6.064268724910374431e+02,1.049082366763375376e+03,-5.828375463518577959e+01,1.410144304048716094e+03,5.856201137088163478e+02,3.555910337772401704e+02,1.033316128674488482e+03,4.779476501234886427e+02,1.192012968446856860e+02,1.166822073473913861e+03,4.587841987706895566e+02,3.713912745611158925e+02,6.585042228287193211e+02,1.442423956521077457e+02,8.148416397096092112e+01,1.445769743397375578e+03,2.627981729213506128e+02,1.603600787952853750e+02,3.211597251334996486e+02,1.364810622235100652e+02,1.322067858371840430e+02,1.543187571808714665e+03,-1.785006175776903774e+02,2.621771588088028011e+02,1.509949384667848733e+02,-1.331989635735204835e+01,2.163387740587236294e+02,1.750023691662884630e+03,-1.714668784721763757e+02
9.131255182519072378e+01,9.999959126905947642e+02,1.202923365526070256e+03,2.756367498109500502e+02,9.386958896968415047e+02,9.301122408495704121e+02,-3.459963642416975205e+01,1.220661470814206496e+03,9.225940629434626317e+02,5.078152963233994797e+02,7.063216530023404403e+02,8.418655268149619815e+02,-1.892298923392729648e+02,1.258958528838814800e+03,6.611159162851778319e+02,4.944492638598460985e+02,6.860758991647703624e+02,1.044044340387578359e+03,-5.509721787979395913e+01,1.387851828685661530e+03,5.290629076104828528e+02,3.521435960176941080e+02,1.073509814218944712e+03,4.716533102091666478e+02,1.036186083369817368e+02,1.182040121634989418e+03,4.592331161259488681e+02,3.766255333351839454e+02,6.955172640983653309e+02,1.315382528703113962e+02,7.723423457030365569e+01,1.454361563209432688e+03,2.605274464627497082e+02,1.707886828570910325e+02,3.528869696337040409e+02,1.458494617455333184e+02,1.299078459408781612e+02,1.557204453397983571e+03,-1.764007959462971940e+02,2.492386144354278770e+02,1.834523548332748248e+02,-1.512556253486105895e+01,2.148925717079698074e+02,1.761449476793949998e+03,-1.701214297789204863e+02
8.523758366152675592e+01,1.036610001692170044e+03,1.197329059617819667e+03,2.974515097319957704e+02,1.003121487840370833e+03,9.394058181290852190e+02,-5.567201959337275952e+01,1.229040411800491029e+03,9.015571567638863826e+02,5.808463602675270749e+02,8.322992166757990162e+02,8.630613493755133732e+02,-1.818520646566678352e+02,1.237066698231992859e+03,6.122220117706443716e+02,5.897427769311386783e+02,7.782410155350316927e+02,1.050450906980544914e+03,-4.119353849366559217e+01,1.368350171154068221e+03,4.843685274383830119e+02,3.457032942398674891e+02,1.107655229516974032e+03,4.662246019489681430e+02,8.927014681745518487e+01,1.192614272581304022e+03,4.622425377249480221e+02,3.815206101921455684e+02,7.346515805104055516e+02,1.156487252849667726e+02,7.464548105039989423e+01,1.461207925090116532e+03,2.589457592539969255e+02,1.817901318090417249e+02,3.874394778016657597e+02,1.502329510930485412e+02,1.282964235983061485e+02,1.568044506149004746e+03,-1.739344695560182288e+02,2.384588433336226103e+02,2.194473492356206350e+02,-1.784665716710168937e+01,2.144963668251886872e+02,1.770963858277966892e+03,-1.681117969602712492e+02
8.101414216194329754e+01,1.075994253021661962e+03,1.192851079385467301e+03,3.125930259359142838e+02,1.074588218831235508e+03,9.504048798271928717e+02,-6.934595611915611357e+01,1.228928752036639935e+03,8.856234502829121311e+02,6.286294784140604861e+02,9.814759026333586007e+02,8.856472619004230182e+02,-1.647520586584644207e+02,1.217923703148878758e+03,5.732170911704141645e+02,6.827229018217616385e+02,8.905064116256596662e+02,1.067486969129088493e+03,-2.036741222979060595e+01,1.356465109961930921e+03,4.526656334393583734e+02,3.379808599144585060e+02,1.135128008012678038e+03,4.624386731360095268e+02,7.741612624272829635e+01,1.198252177520258783e+03,4.677641469190364774e+02,3.852951690678881391e+02,7.768791269750930724e+02,9.676984355643078572e+01,7.265070476030696511e+01,1.465358309426309916e+03,2.569069996115052845e+02,1.939189658560477483e+02,4.258476548974703633e+02,1.495567670903512578e+02,1.272405876504728326e+02,1.574299725844729892e+03,-1.721746285961896206e+02,2.307531375132247433e+02,2.597705827846131115e+02,-2.224038724563417446e+01,2.147300329360612352e+02,1.777447383837985399e+03,-1.662904658199747701e+02
7.838847370907055279e+01,1.119140982514514690e+03,1.189242040335592719e+03,3.195070356840253680e+02,1.151568628118896186e+03,9.608957505133755603e+02,-7.642841384499990909e+01,1.224688640193917990e+03,8.747781752023335002e+02,6.485582597449782725e+02,1.142259788528005402e+03,9.077343570718835508e+02,-1.420246708513556086e+02,1.202826404609837709e+03,5.439792913769871348e+02,7.579847559021784491e+02,1.029079987510695673e+03,1.089086411491004355e+03,3.678998735240185169e+00,1.355076071115068544e+03,4.340255056991251195e+02,3.307283553718853000e+02,1.155828010820416694e+03,4.609697302190405139e+02,6.889940282830025353e+01,1.199125828551199675e+03,4.755352477144733143e+02,3.870974020547434975e+02,8.223337752451326423e+02,7.616418077727632863e+01,7.081446647626033553e+01,1.465834305959242329e+03,2.540140361583169692e+02,2.073884712170804505e+02,4.684248981170968591e+02,1.442716147891899539e+02,1.266847040520832905e+02,1.574652661597218412e+03,-1.711586393710769016e+02,2.260445046427114448e+02,3.046110120939668491e+02,-2.897005251545145654e+01,2.150577720498384622e+02,1.779521414396980617e+03,-1.648625659739143146e+02
7.707277635390906312e+01,1.166091313788989964e+03,1.186289464483283382e+03,3.181957284369598256e+02,1.230913360259888350e+03,9.688639480873016510e+02,-7.852857770587466746e+01,1.221181149427061428e+03,8.683654720719983970e+02,6.419104075350503535e+02,1.300512918696765155e+03,9.277260895912395426e+02,-1.174251310524794008e+02,1.191858818847962311e+03,5.236729505297797687e+02,7.993234001482531994e+02,1.195381094825310811e+03,1.105254218677834615e+03,2.806148991523720326e+01,1.364171468412816239e+03,4.274018817992911181e+02,3.254397209492771026e+02,1.170300108553392874e+03,4.622409474994184961e+02,6.406088891556466081e+01,1.196146148039010541e+03,4.850995666330087488e+02,3.861054693296617302e+02,8.701873354440551793e+02,5.592060310968967940e+01,6.932212367454387447e+01,1.462312920356808263e+03,2.505476823419187156e+02,2.220930868928017503e+02,5.144707166792271664e+02,1.351433326673336808e+02,1.266677321890590662e+02,1.568751032618734598e+03,-1.701991158560743145e+02,2.235424698198900444e+02,3.532190575025416592e+02,-3.844414336382392605e+01,2.150359476615202823e+02,1.776472839631197985e+03,-1.635391501422240879e+02
7.684905808163642860e+01,1.216057485644562803e+03,1.183783737308245463e+03,3.101539666031498541e+02,1.308421534225668438e+03,9.728569229746469773e+02,-7.733522289267051519e+01,1.222632102300569386e+03,8.654342623820011795e+02,6.124839149891346324e+02,1.443398446448026561e+03,9.436385593163507792e+02,-9.365763015928563107e+01,1.184649522278100676e+03,5.111598113031715229e+02,7.942363985980432517e+02,1.383464435769518786e+03,1.105066691372657715e+03,5.094655562489218426e+01,1.380861458606915221e+03,4.306596161103476561e+02,3.231177046021794013e+02,1.179724464656345390e+03,4.663666707285232746e+02,6.279081394558914297e+01,1.191008137889625459e+03,4.958770118087185210e+02,3.816586661766746147e+02,9.187841720119455431e+02,3.843555737367656633e+01,6.872210404721747068e+01,1.455511688039072169e+03,2.471218382785980907e+02,2.376193345323517576e+02,5.622338072187656053e+02,1.231232753174423493e+02,1.272719567628055160e+02,1.557804143629077998e+03,-1.685167498186260389e+02,2.222232822600538213e+02,4.038603446135583681e+02,-5.064887699229576157e+01,2.144893241160714297e+02,1.768957199109623389e+03,-1.618071347778366089e+02
7.759674568056256305e+01,1.267730060493332985e+03,1.181462632102192629e+03,2.978758938339410065e+02,1.379772140331891478e+03,9.721682719030947055e+02,-7.409074647562037796e+01,1.231592787519586409e+03,8.650433718241788483e+02,5.650424238082905504e+02,1.562454027477035652e+03,9.524599978644067733e+02,-7.218521583990049351e+01,1.180939333044670320e+03,5.052625042276225145e+02,7.378371723227505754e+02,1.579651277920706434e+03,1.080183500108354337e+03,7.131041720113829285e+01,1.400426343394221703e+03,4.407469401080181797e+02,3.241502031506528851e+02,1.185732386151990795e+03,4.731718301197306573e+02,6.465937070106762974e+01,1.185898357158804174e+03,5.072672326663976605e+02,3.734238091970621554e+02,9.659325801581798032e+02,2.579772937848476388e+01,6.956690834010881019e+01,1.447081397636015026e+03,2.443089289518291025e+02,2.532052009319951935e+02,6.091397583419933426e+02,1.093478027762488693e+02,1.285262533433912608e+02,1.544480082622281998e+03,-1.658230383106904924e+02,2.212275291216814708e+02,4.540652395103800814e+02,-6.500976151084294941e+01,2.135409443294509515e+02,1.759035394084332893e+03,-1.592184007916999349e+02
7.923136375432281397e+01,1.319578144028746920e+03,1.179028062562698324e+03,2.841036248497160841e+02,1.441531930808799871e+03,9.668483961573058423e+02,-6.945366693363591537e+01,1.248331842413557524e+03,8.664661468815223770e+02,5.042659882067285935e+02,1.654677498533708786e+03,9.501828944050749897e+02,-5.348937216667452077e+01,1.180682438009143198e+03,5.048518270911020522e+02,6.346074357225257927e+02,1.764924023630001557e+03,1.027499551142497921e+03,8.846994589878842419e+01,1.417983138276538739e+03,4.541025704432049110e+02,3.283174608046372782e+02,1.190103423149462742e+03,4.822378471960028605e+02,6.905859261808681993e+01,1.182943746159823149e+03,5.187493200126689317e+02,3.615805151489328750e+02,1.009254046322106319e+03,1.928412828916981070e+01,7.210909842207544784e+01,1.439082135866414546e+03,2.424130093021614130e+02,2.677107484880747847e+02,6.522233719400074961e+02,9.519860381734689270e+01,1.302982390219646902e+02,1.532082811830277251e+03,-1.625629588082917962e+02,2.199860932342471926e+02,5.010807473182733247e+02,-8.036171057822332386e+01,2.124532404519027864e+02,1.749518084037970084e+03,-1.556551327187838751e+02
8.159474918785662112e+01,1.370055248521457543e+03,1.176256348492396228e+03,2.710424311860608668e+02,1.491930596649163817e+03,9.575766703104744693e+02,-6.369569017951589274e+01,1.270901090142582007e+03,8.692989523005253432e+02,4.344001724397738826e+02,1.721441635434485761e+03,9.328182318517006024e+02,-3.752014754298517829e+01,1.183741285110045283e+03,5.088779383563907572e+02,4.972510371529784265e+02,1.919406063134831584e+03,9.500158414948209611e+02,1.016920378732213663e+02,1.430041500164973513e+03,4.673382186301958541e+02,3.349250075178248380e+02,1.194463889087061943e+03,4.929356614566198118e+02,7.531706514071153435e+01,1.183625162328380384e+03,5.299464836195721773e+02,3.469613194503868954e+02,1.046545909116788152e+03,1.911956148213430140e+01,7.615739581732451313e+01,1.433306613994955114e+03,2.414316949341006762e+02,2.797175285504567341e+02,6.886763736163160274e+02,8.229117384154264414e+01,1.322392104158496977e+02,1.523405201766174741e+03,-1.597376432543268834e+02,2.180941984105556060e+02,5.423828952642895729e+02,-9.510178278016779529e+01,2.113717457325419673e+02,1.742980604091722398e+03,-1.515176292614293061e+02
8.436913725513524298e+01,1.417739709536087048e+03,1.173119844845766920e+03,2.597571704083847521e+02,1.531152245970596368e+03,9.454217548291959474e+02,-5.701589784598224497e+01,1.295890841038192093e+03,8.734899851740444774e+02,3.593536540193787800e+02,1.766117546724527983e+03,8.980817565443794592e+02,-2.407011790718558331e+01,1.189475682440957144e+03,5.164900753600786629e+02,3.431600131956684550e+02,2.027278306998892958e+03,8.558018054747968790e+02,1.100728660967561297e+02,1.435287648335249514e+03,4.780747540225974603e+02,3.430271845577834142e+02,1.200093441748851319e+03,5.044488455430793579e+02,8.278790346001922273e+01,1.188402848167673255e+03,5.406453479556820412e+02,3.310534562937916121e+02,1.076139438376447970e+03,2.455102242834231774e+01,8.112638402344222754e+01,1.430747914397629756e+03,2.411529645464408986e+02,2.878281298713916385e+02,7.164011544168092769e+02,7.229180788830856841e+01,1.338552502767755925e+02,1.519823556686067377e+03,-1.584322020929134283e+02,2.151308597475704971e+02,5.761085310714095158e+02,-1.075293688043779241e+02,2.101604294016393055e+02,1.740937056637084197e+03,-1.477269535819286261e+02
8.707412088535146211e+01,1.461476915438379592e+03,1.169806898838215830e+03,2.499257632894703534e+02,1.561042968671918743e+03,9.315237489649261988e+02,-4.975012697463797195e+01,1.319625047111344884e+03,8.792815552751667383e+02,2.828686441879872291e+02,1.791796453822031481e+03,8.469261564648637659e+02,-1.293908751558097237e+01,1.196552006657674610e+03,5.272638171255548514e+02,1.899875644090610933e+02,2.080325784619445130e+03,7.556291597597996770e+02,1.126909737037903625e+02,1.434360365886592263e+03,4.856180727614970465e+02,3.516799001167335632e+02,1.207878021327841225e+03,5.158215236705021880e+02,9.092278223782716395e+01,1.196711428384714964e+03,5.507719892861528024e+02,3.158039747100503973e+02,1.097203649305176441e+03,3.418344650843693699e+01,8.624163923875936177e+01,1.431416794617395681e+03,2.413111975729681262e+02,2.911088698767915730e+02,7.344342311123681384e+02,6.657690180805633418e+01,1.347154654362139183e+02,1.521044454744894210e+03,-1.592899285262662374e+02,2.106395585313474328e+02,6.013037634804460367e+02,-1.162796607105170779e+02,2.084754743723178478e+02,1.743517634165345726e+03,-1.454475626211885810e+02
8.915460343863728099e+01,1.500541875609279487e+03,1.166605510010373791e+03,2.400493950439764603e+02,1.584351555344150029e+03,9.167756582864747088e+02,-4.237407255842477838e+01,1.339368110409529891e+03,8.870554885291362552e+02,2.085408320682322199e+02,1.800214737286115906e+03,7.840415270600998383e+02,-3.913797558842714519e+00,1.203132267579280779e+03,5.413947130685390903e+02,5.201465381010307709e+01,2.079007384317274500e+03,6.602084791341937944e+02,1.088995427204328763e+02,1.428903717610598278e+03,4.911072974168065457e+02,3.601484834005037783e+02,1.218376311636063747e+03,5.260652748825517619e+02,9.932588947810148738e+01,1.207327090796921993e+03,5.603344476120678337e+02,3.032610753874567422e+02,1.109901508257864407e+03,4.644421861857227896e+01,9.080147728431957432e+01,1.434551581379563913e+03,2.417453579772908370e+02,2.894918663063500048e+02,7.431002118568862898e+02,6.587336225514793853e+01,1.346997622243151227e+02,1.525553676788045550e+03,-1.621758796005228191e+02,2.043345007486524878e+02,6.179535197166915168e+02,-1.206851345772320343e+02,2.060520307754881344e+02,1.749711912217676627e+03,-1.455722702925704084e+02
9.011669323101081375e+01,1.534766911183640332e+03,1.163727071553077622e+03,2.280831437350940973e+02,1.603811388633108209e+03,9.016163080091681650e+02,-3.534995370752994148e+01,1.354107609823525763e+03,8.971101745155997378e+02,1.396896951655233465e+02,1.792134703168244869e+03,7.169179696897588201e+02,3.319485564951649259e+00,1.207364758615586652e+03,5.596757786989606984e+02,-6.162463110654799436e+01,2.031056647620473086e+03,5.779100748131006640e+02,9.858469426314933060e+01,1.420475683561956657e+03,4.969752813864797076e+02,3.680060445711201282e+02,1.231926101084508446e+03,5.343289314140761235e+02,1.077613850334155785e+02,1.218945285561038418e+03,5.693548766602491469e+02,2.951720695232958747e+02,1.115317380829173317e+03,6.001187336985830001e+01,9.437164885425904970e+01,1.439085671668916348e+03,2.425154906964553732e+02,2.839292841487669534e+02,7.438254566738723952e+02,7.007035336480548438e+01,1.341299782916040613e+02,1.531464545900498479e+03,-1.661761025697559262e+02,1.964022971432265763e+02,6.268354303525593423e+02,-1.209053882759101270e+02,2.030086485882598311e+02,1.757976282754591011e+03,-1.481994823554885556e+02
8.964834833188410812e+01,1.564556330964175231e+03,1.161183498178224909e+03,2.122813906109255129e+02,1.621428205272717832e+03,8.860183755810112416e+02,-2.895846629582911547e+01,1.364652720529472390e+03,9.094448469469591601e+02,7.919803808889410845e+01,1.768567079575047273e+03,6.537820451098789363e+02,9.205081647480525930e+00,1.207930722157136188e+03,5.831928468020523724e+02,-1.467900618101990347e+02,1.948557348265121846e+03,5.135118143568270170e+02,8.226515274362412811e+01,1.409830834305580083e+03,5.059417169852902703e+02,3.750955680608433340e+02,1.248715263416808057e+03,5.400889179263792812e+02,1.160975287069949218e+02,1.230704921733090487e+03,5.778236639215648438e+02,2.926793883829928404e+02,1.115161419760443550e+03,7.406986882528867966e+01,9.682553779640240066e+01,1.444118262573277434e+03,2.439296352712165969e+02,2.762102973491207649e+02,7.386782429746626804e+02,7.832564101559957237e+01,1.336835458967332784e+02,1.537305929220800635e+03,-1.699280384410910472e+02,1.876911905872115369e+02,6.292939358277159272e+02,-1.177557287223477971e+02,1.999423422657812353e+02,1.766870307132862990e+03,-1.524191370745751044e+02
8.767436188770381023e+01,1.590759137776032958e+03,1.158775140072262275e+03,1.919368770359928362e+02,1.638219579884142377e+03,8.696709760951750923e+02,-2.324601668144970290e+01,1.373074635246334083e+03,9.236379122641719732e+02,2.940390092003172384e+01,1.731863835357231210e+03,6.012729579436021368e+02,1.423401857650371483e+01,1.204394346127798372e+03,6.128396217892966433e+02,-2.029946237155886024e+02,1.844797293543189880e+03,4.680832015789899287e+02,6.100892276987387675e+01,1.396805395082899395e+03,5.200304502930151784e+02,3.813893312359627430e+02,1.268776078238423679e+03,5.432835063719551272e+02,1.242085415474014667e+02,1.242424223898941136e+03,5.856971326975302645e+02,2.961968646608756899e+02,1.111369267691899267e+03,8.832206373720391923e+01,9.823300742127565854e+01,1.449150806220525965e+03,2.464419497322596158e+02,2.685340532412288326e+02,7.298358410943134231e+02,8.944102992361901272e+01,1.341198071615509946e+02,1.542394641688694719e+03,-1.721354746185431281e+02,1.796669933398711407e+02,6.270240731041548088e+02,-1.122943082493322180e+02,1.977174295869311891e+02,1.775434904213152777e+03,-1.566053156528835757e+02
8.432703193078876325e+01,1.614444193070143683e+03,1.156169631524774331e+03,1.677167881969939742e+02,1.654418140488211293e+03,8.522742412371674163e+02,-1.812196184212763583e+01,1.381778689579103684e+03,9.388721888166924145e+02,-7.986841088857969062e+00,1.686002163184965184e+03,5.628279420285841752e+02,1.879069819072846670e+01,1.197243019727362025e+03,6.488426085818198317e+02,-2.318871890003993315e+02,1.731931997621298251e+03,4.397766689085887037e+02,3.624269207013718841e+01,1.380738492798319157e+03,5.400415101184228206e+02,3.868344945107957642e+02,1.291913329680941160e+03,5.443249819616075911e+02,1.318896122205642598e+02,1.254474876480649755e+03,5.929340020197847707e+02,3.054553336959166359e+02,1.105772845762243605e+03,1.028040217710996558e+02,9.869613684713023360e+01,1.454016680469511357e+03,2.504339099230925001e+02,2.630462916750935278e+02,7.192144620531720420e+02,1.023453118228114533e+02,1.359570608270563810e+02,1.546721921265894025e+03,-1.720502037389412067e+02,1.741716755383351654e+02,6.218972467010580658e+02,-1.053283303824360502e+02,1.970502199168010407e+02,1.783215390457504554e+03,-1.591281132892635526e+02
7.985105483797627812e+01,1.636659553335459577e+03,1.153018799055037562e+03,1.414719374808696273e+02,1.669930983766141026e+03,8.338286143733528206e+02,-1.353304480482767325e+01,1.392612475950309999e+03,9.541028856291956117e+02,-3.206425214917186395e+01,1.636010790447913450e+03,5.383735013768970248e+02,2.304029966152877762e+01,1.187681475440541817e+03,6.904647413765475221e+02,-2.362945073417266428e+02,1.619832378865453620e+03,4.251304966019297353e+02,9.566076157049575812e+00,1.361188106398594527e+03,5.655821767062823255e+02,3.912838771841287553e+02,1.317616370465645559e+03,5.439816026855005475e+02,1.388408298592320307e+02,1.267415953864803896e+03,5.995424321232308102e+02,3.196452716132208707e+02,1.099966064951086764e+03,1.176031489923550595e+02,9.826224359287198240e+01,1.458643886071350380e+03,2.559638263851237525e+02,2.615187132181389416e+02,7.083965263107080546e+02,1.164807010606464672e+02,1.392561004374411482e+02,1.550562320686413386e+03,-1.697347153850732866e+02,1.731143217507055851e+02,6.158024489740340641e+02,-9.702640626455423956e+01,1.981244004890557449e+02,1.790037864659027264e+03,-1.591226485479014627e+02
7.448925561862574796e+01,1.658245078716378657e+03,1.149072283885807565e+03,1.156278220830001118e+02,1.684762411220037848e+03,8.148138175737916526e+02,-9.596152128405517345e+00,1.406339104623150433e+03,9.683120176414727212e+02,-4.298200267838166866e+01,1.586977201900024738e+03,5.252841573601870095e+02,2.694360357841309295e+01,1.177329250206491906e+03,7.359868363325565497e+02,-2.199878953335230563e+02,1.515852692477444407e+03,4.204468457402892909e+02,-1.736887310164508591e+01,1.338626739849380556e+03,5.954556357083154126e+02,3.945567714287317926e+02,1.345014640369712652e+03,5.431849953551402450e+02,1.447380351073253166e+02,1.281611219212037668e+03,6.056041877013603880e+02,3.375855457587929891e+02,1.095350867098602293e+03,1.326277741594321640e+02,9.698085814751681255e+01,1.462890566290746392e+03,2.626073516660003406e+02,2.652188354509543160e+02,6.988034553200407117e+02,1.319522363675933718e+02,1.435987887960721707e+02,1.554110202661429639e+03,-1.660318325427610091e+02,1.782020339763940910e+02,6.104638425806028863e+02,-8.677530526978013370e+01,2.004517655300699062e+02,1.795739080056186594e+03,-1.568904218082196280e+02
6.840138839140171001e+01,1.679733840109089215e+03,1.144263755673177911e+03,9.243411498468994125e+01,1.699190752238586583e+03,7.961869235028784715e+02,-6.608076423426509471e+00,1.422602941610263088e+03,9.807622262498798591e+02,-4.218941450594498122e+01,1.543146868244388770e+03,5.200024462729015795e+02,3.038970868619060184e+01,1.167926096656099389e+03,7.829959283288488905e+02,-1.878066193082001121e+02,1.424974792119307722e+03,4.228357174693782667e+02,-4.294450804615358663e+01,1.314789530462082894e+03,6.281288261505105766e+02,3.965836854670232015e+02,1.372922657223974284e+03,5.428395444422661740e+02,1.493549573905505383e+02,1.297015357170599145e+03,6.112579642346649962e+02,3.578915247761694900e+02,1.093220283879536282e+03,1.475295272984440658e+02,9.505118387800958146e+01,1.466597281142960355e+03,2.694793137992238030e+02,2.748943720248426530e+02,6.919041712740698813e+02,1.494133983045850584e+02,1.482520547711413030e+02,1.557335537766679863e+03,-1.622886603494235658e+02,1.907334807987593877e+02,6.072358954032810061e+02,-7.333029083449342522e+01,2.030431223481598977e+02,1.800006802210494470e+03,-1.537207468799626326e+02
6.164894539066945356e+01,1.701349956657202711e+03,1.138743918891732619e+03,7.337245863662995760e+01,1.713673674954210355e+03,7.791724984978798147e+02,-4.932280905103164415e+00,1.440302889989980258e+03,9.911585589595219972e+02,-3.237169349636265281e+01,1.507371963927158504e+03,5.194950249544630196e+02,3.334831583550675305e+01,1.161053179175793275e+03,8.289295737631482552e+02,-1.455411643005705287e+02,1.349924163878834406e+03,4.306314298888370899e+02,-6.571477763233131952e+01,1.292429000391529598e+03,6.621154694658429207e+02,3.975234033032849652e+02,1.400002205977236827e+03,5.436786035329354263e+02,1.526650426512318859e+02,1.313192950508065906e+03,6.166511269097297827e+02,3.791584064074933167e+02,1.094715667582149081e+03,1.618013046658716974e+02,9.291936240706719730e+01,1.469784957982599735e+03,2.754497572630562559e+02,2.907691658256413234e+02,6.892200919739120764e+02,1.697529876008965459e+02,1.524330225369071456e+02,1.560056957590450111e+03,-1.599505259856962027e+02,2.114220908244622876e+02,6.069313026515936826e+02,-5.522204236694938828e+01,2.047870112546258952e+02,1.802391887859538883e+03,-1.512641019214252935e+02
5.424388555958309865e+01,1.723088570282588307e+03,1.132830176256109780e+03,5.890559390222038161e+01,1.728619207316487064e+03,7.648799962536114663e+02,-4.828510370802913343e+00,1.458158248646567017e+03,9.996544538857666566e+02,-1.691593140561969477e+01,1.480885054341794330e+03,5.219440830052203637e+02,3.593455797808633889e+01,1.157837299805746170e+03,8.717299843172347664e+02,-9.916087357099382871e+01,1.291194161004372290e+03,4.431343619050826987e+02,-8.464364780353835727e+01,1.274454594443938049e+03,6.962429377272865167e+02,3.977522674091242152e+02,1.425046654604405376e+03,5.461644722626971316e+02,1.548584957071475117e+02,1.329519047124539611e+03,6.218913158347850185e+02,4.001797921426113476e+02,1.100604946908172451e+03,1.749841173448771201e+02,9.120135861015616285e+01,1.472773072923712107e+03,2.794929318428180522e+02,3.125168606301809859e+02,6.920128397153770266e+02,1.936886027385021976e+02,1.555646896876005485e+02,1.562105128361134803e+03,-1.601437520210689627e+02,2.402314591233490262e+02,6.097533126270637922e+02,-3.131707671739400567e+01,2.048501758842914455e+02,1.802474316472716737e+03,-1.508229410841961169e+02
4.622532533363752094e+01,1.744838877772434671e+03,1.126871276611298526e+03,4.856881150003696490e+01,1.744206353617571494e+03,7.538676968542525856e+02,-6.309993636619100954e+00,1.475229892924784508e+03,1.006703601360361517e+03,1.010472147406371146e+00,1.463281258395416899e+03,5.265881040250920933e+02,3.835176795466599486e+01,1.158654545743138215e+03,9.103966470316913728e+02,-5.345922087020746005e+01,1.247155600087892935e+03,4.599423152439047726e+02,-9.939678044384925215e+01,1.262751279794987113e+03,7.298146328194667376e+02,3.977125234066706412e+02,1.447343007670640191e+03,5.504116947589448046e+02,1.562606335906450852e+02,1.345450010679217030e+03,6.270295985337417051e+02,4.201801086168202914e+02,1.110985105491812647e+03,1.868665185490645229e+02,9.042656309055374209e+01,1.476040679358874968e+03,2.810579046599295907e+02,3.392596672653853602e+02,7.007573029990463738e+02,2.213839452451721286e+02,1.574333977952994132e+02,1.563443322471313195e+03,-1.633402184818045271e+02,2.762589963735797483e+02,6.153617305304912861e+02,-1.372057269616589803e+00,2.029365766022523871e+02,1.800105889758101512e+03,-1.529049586205495928e+02
3.771604524363369393e+01,1.766490183648964148e+03,1.121086941942403200e+03,4.125983885243007165e+01,1.760353285702763515e+03,7.458381335330381035e+02,-9.088439284706442578e+00,1.491216886609322955e+03,1.012841774304110686e+03,1.937782378789311366e+01,1.452660852565607229e+03,5.331061366396887706e+02,4.076768579734317655e+01,1.162933916621484741e+03,9.452426869059034971e+02,-1.070595752868310591e+01,1.214394808180226391e+03,4.803263016693218788e+02,-1.105471601600366540e+02,1.257216555943068443e+03,7.626579290510167084e+02,3.977099710583357250e+02,1.466983618175132506e+03,5.561388831608018108e+02,1.572016566961681576e+02,1.360742417459525996e+03,6.320803631438622006e+02,4.389838378496435212e+02,1.125091558747611543e+03,1.975779660888058515e+02,9.074164457602107348e+01,1.479886369414883575e+03,2.803219288277575743e+02,3.696465657229045974e+02,7.146838007538427746e+02,2.522155137610149040e+02,1.582140340857425258e+02,1.564187102450816155e+03,-1.691821656027501888e+02,3.177345867416651686e+02,6.230284871229811188e+02,3.361988501159353859e+01,1.993352663710631987e+02,1.795608858357128383e+03,-1.571658542606058404e+02
2.892934296261888250e+01,1.787966911138010119e+03,1.115482828255427876e+03,3.554672924903763231e+01,1.776792130755262860e+03,7.396307556049862342e+02,-1.261975611320490920e+01,1.506446879778024368e+03,1.018526659350878390e+03,3.770247905522800380e+01,1.445943788976432415e+03,5.410875760174233164e+02,4.322151889671232539e+01,1.169195255535841852e+03,9.777600493431302766e+02,2.988937020934959321e+01,1.188197078217678154e+03,5.030190650956839136e+02,-1.195482134597791486e+02,1.255549790959428265e+03,7.950388847111275936e+02,3.977957453312599228e+02,1.484938704589985718e+03,5.626900036358830448e+02,1.579214751148775520e+02,1.375521338291126540e+03,6.370507923990084009e+02,4.570246409710463240e+02,1.141343236971153601e+03,2.075481508891225531e+02,9.177502168602586607e+01,1.484165766201641190e+03,2.782012183568833166e+02,4.019987248716021213e+02,7.316955441658666359e+02,2.847984517928355785e+02,1.583848942988258273e+02,1.564553645400192181e+03,-1.765384851220441647e+02,3.621786779866403663e+02,6.317930246839472375e+02,7.147147572135828852e+01,1.947910485658027824e+02,1.789813269598480929e+03,-1.626393692741514485e+02
