1.002323011685243870e+02,1.843236006171346641e+00,1.715313037407701586e+03,3.042083536239381303e+01,-1.718405097554897054e+02,1.407307012143269276e+03,1.527894656278805030e+02,1.815724313579908937e+02,1.417028010656230435e+03,1.925623339399129463e+02,-2.849072932827288014e+02,1.144626507678950475e+03,2.782067143070968882e+02,2.129714593273772323e+02,1.133728463018084085e+03,3.393395448797520544e+02,-9.674770199280501970e+01,1.272709693080945272e+03,4.201460020196826690e+02,2.539848883756133091e+01,1.249133476203632426e+03,-1.546404263047856453e+01,-1.249903166230272866e+01,8.394742411342853075e+02,1.541596930820290368e+02,2.223808952100898750e+02,9.246805877075762510e+02,1.305154320431241217e+02,-8.053219480336531433e+01,4.594765853338737429e+02,5.087320801699097501e+02,5.760871658151903318e+01,1.055658948363012314e+03,-1.533968203592106505e+00,2.995891628751902847e+00,-9.036274154360956601e+00,3.584879578154223623e+02,2.971443044052650961e+01,6.406009766610036422e+02,2.623212793381847519e+02,-2.361437147692392813e+01,9.123223907459108162e+00,5.521761187558461188e+02,-1.454096915319592256e+02,6.043105335023096814e+02
1.026449408908691225e+02,4.898284100086566895e+00,1.714813580377001699e+03,3.091899057070292756e+01,-1.677578094416583951e+02,1.407225415717335636e+03,1.555880959281124092e+02,1.818181632048355141e+02,1.417110835859849885e+03,1.912317311981321666e+02,-2.821146742407612464e+02,1.142235713002985904e+03,2.790427363294358543e+02,2.150992346366886636e+02,1.132963174092781856e+03,3.416286193456678006e+02,-9.806506146121390088e+01,1.270597333035154634e+03,4.204108699325200291e+02,2.806908295335499659e+01,1.247662731648195177e+03,-1.572784987975000526e+01,-1.047070458212274247e+01,8.379269857492520259e+02,1.553453593860520243e+02,2.235799746972154196e+02,9.232429201195657242e+02,1.318527241539155739e+02,-8.110662480363784255e+01,4.597350486670272858e+02,5.092900496325094650e+02,4.912770260011613033e+01,1.053204529514306842e+03,-4.223201325399178252e+00,3.838772424376518000e+00,-7.066383054920834184e+00,3.540369909927916865e+02,2.467218452657026262e+01,6.416453076566642721e+02,2.626118731260943946e+02,-2.314529539351134346e+01,9.608271504996675816e+00,5.462010217895094684e+02,-1.430606339411088470e+02,6.035372074360373063e+02
1.048602372708910906e+02,7.299574790984608263e+00,1.714343753779303597e+03,3.136429406188143076e+01,-1.643401163290432407e+02,1.407022116030328334e+03,1.581693088613520501e+02,1.822044898296682618e+02,1.417116941170099153e+03,1.896099310396494673e+02,-2.797847934106030721e+02,1.139784825753697760e+03,2.794333157844246784e+02,2.173182997198078397e+02,1.132082938742262058e+03,3.435440834718575047e+02,-9.887267194297525919e+01,1.268467333983685421e+03,4.208018306662953592e+02,3.052578398821829708e+01,1.245495919944350817e+03,-1.611158079572522439e+01,-8.341845243364252482e+00,8.367262091750930040e+02,1.565418034809542576e+02,2.249667650590789094e+02,9.219381249976377148e+02,1.329838984624387876e+02,-8.145571738127638639e+01,4.600467542509830992e+02,5.097162712897165306e+02,4.186173088671423415e+01,1.050752156256087801e+03,-6.419613713908598029e+00,4.543881694146729266e+00,-5.322916522211488477e+00,3.492697350447671170e+02,2.133421428041689083e+01,6.423093825211636840e+02,2.630078446100903875e+02,-2.278327464747123443e+01,1.010960791676621362e+01,5.396009239965102324e+02,-1.420124800692293263e+02,6.017535782199596497e+02
1.067682662017495119e+02,8.535892800218645604e+00,1.713942644971760046e+03,3.172052681820730768e+01,-1.620299009832417312e+02,1.406635698360043079e+03,1.603770626749022199e+02,1.827835721833478715e+02,1.416959656592828196e+03,1.875302129994779818e+02,-2.781550445477267886e+02,1.137231932020999920e+03,2.791012083780520356e+02,2.197532016229056069e+02,1.130948593862707185e+03,3.448881505389347240e+02,-9.895475012091638689e+01,1.266340407263453926e+03,4.213696688614829213e+02,3.267084021431153928e+01,1.242188224546925312e+03,-1.670409433262808108e+01,-6.111315104701040113e+00,8.360638371668959508e+02,1.577469884963200286e+02,2.266295810720286852e+02,9.208449891300743957e+02,1.337492353693239124e+02,-8.147928443750890892e+01,4.603972474391454739e+02,5.099522416443704174e+02,3.654290026087738141e+01,1.048166687311696251e+03,-7.832125119025403315e+00,5.007157792445679156e+00,-3.970896018980313524e+00,3.440120424787980937e+02,2.080508822269627345e+01,6.422583952979113064e+02,2.635834957680145294e+02,-2.264297087945464071e+01,1.059771653681974080e+01,5.319915605145813515e+02,-1.427149958990515302e+02,5.983053882027556938e+02
1.083872253300998949e+02,8.396267621685341354e+00,1.713622414509868577e+03,3.198747625970155894e+01,-1.609047331806953878e+02,1.406085145440230690e+03,1.621592450783898585e+02,1.835121760345685686e+02,1.416551814449000176e+03,1.850167699328122524e+02,-2.771605735317918970e+02,1.134566797270813140e+03,2.780199774673719730e+02,2.225320455101660286e+02,1.129433102532433395e+03,3.456742480054242037e+02,-9.850483326741979795e+01,1.264292667889996210e+03,4.220500875614859524e+02,3.452685465692141520e+01,1.237700929990626037e+03,-1.754382209583288699e+01,-3.872926618896616269e+00,8.359011131034731079e+02,1.589444952702921228e+02,2.285318092100487206e+02,9.199635497000417672e+02,1.340810029185962549e+02,-8.121996171829084687e+01,4.606972485808612987e+02,5.100344516923700553e+02,3.317922385627402093e+01,1.045214896623848745e+03,-8.456508315726559033e+00,5.194086647406145119e+00,-3.080830999527859770e+00,3.383015081127027202e+02,2.325612890303839109e+01,6.412885616587694813e+02,2.643460563165987764e+02,-2.281987587869338796e+01,1.099782104224862955e+01,5.233730869728550488e+02,-1.445169022659822815e+02,5.931156329281185435e+02
1.098658955338316190e+02,7.139541725992215149e+00,1.713294632679425149e+03,3.222021885816577935e+01,-1.606349032766158871e+02,1.405437782001951518e+03,1.635923049455902856e+02,1.843676426431499635e+02,1.415824990505529740e+03,1.822232446355526747e+02,-2.764717208312275147e+02,1.131792277379671305e+03,2.763587676306822232e+02,2.257723288796838972e+02,1.127509807218258629e+03,3.460011910695686197e+02,-9.797251377122861982e+01,1.262355236028082345e+03,4.226738206665796724e+02,3.621415271706685246e+01,1.232352401963530838e+03,-1.862382854028439283e+01,-1.674973917688667990e+00,8.359956735659284277e+02,1.601230704879287998e+02,2.306033986280159525e+02,9.192201669232052836e+02,1.340333152924987985e+02,-8.076535937066145721e+01,4.608437212090504431e+02,5.100504919188252870e+02,3.117876966177786713e+01,1.041676999945406351e+03,-8.515711224841588489e+00,5.155551229762381560e+00,-2.628695152100224419e+00,3.323626117392549872e+02,2.799173502339789366e+01,6.393571778485189725e+02,2.652133196279875165e+02,-2.333647478114836105e+01,1.124193788817531114e+01,5.140790865200688131e+02,-1.461506579679176809e+02,5.865928900638617733e+02
1.114250825101250228e+02,5.522901839928334056e+00,1.712752730651280672e+03,3.251755465690550295e+01,-1.605729196891870743e+02,1.404759416505240551e+03,1.648599023480747974e+02,1.854617289264440103e+02,1.414768149487031451e+03,1.793159588370584743e+02,-2.756196753579673100e+02,1.128929520235440805e+03,2.743646732180047252e+02,2.295493447450021449e+02,1.125334582529054614e+03,3.458816445650737705e+02,-9.774259321651375387e+01,1.260424635808330549e+03,4.230270327690222985e+02,3.791629494803959943e+01,1.226648746516921392e+03,-1.990341071945984908e+01,6.323956841017756014e-01,8.360222441192914857e+02,1.612962886069470301e+02,2.328552279714909616e+02,9.184969635189886503e+02,1.337728786080977557e+02,-8.013125206801487366e+01,4.607997978672154318e+02,5.100679493956442343e+02,2.971870724692997356e+01,1.037444879809305803e+03,-8.307461396943100596e+00,5.004617366731808126e+00,-2.515848573227938534e+00,3.265228953104827383e+02,3.383134819512634550e+01,6.365653971159912317e+02,2.660359002898364906e+02,-2.410696719482294981e+01,1.132771006681206494e+01,5.046064571294649568e+02,-1.465378282631851050e+02,5.793476127497840480e+02
1.132579357129188935e+02,4.584219548064176308e+00,1.711762131887789110e+03,3.297256541316496481e+01,-1.599607470817175852e+02,1.404086059415400769e+03,1.661842519222014403e+02,1.870342574898288888e+02,1.413467073797969761e+03,1.763828848299488357e+02,-2.741444781209351618e+02,1.126054916426862974e+03,2.722671589890779273e+02,2.338594560701518503e+02,1.123241336514641716e+03,3.451811291087005884e+02,-9.786626834297156563e+01,1.258272375821271680e+03,4.229419131547192592e+02,3.985036998903883898e+01,1.221086980854580361e+03,-2.131273058644557850e+01,3.427603043970208763e+00,8.357298367986071526e+02,1.625032078418188632e+02,2.354174881863661142e+02,9.176711373608419535e+02,1.335197871260212139e+02,-7.922201252102608748e+01,4.606314529324071145e+02,5.100842940432706314e+02,2.813128711483934907e+01,1.032520108423539568e+03,-8.055536164117992115e+00,4.860472594163797844e+00,-2.595909878388466208e+00,3.211124542573932672e+02,3.959802195485128351e+01,6.330858574428649490e+02,2.666663116876701451e+02,-2.495770912786299078e+01,1.133160281907461631e+01,4.954247450894722533e+02,-1.453561263882441210e+02,5.718822827678625345e+02
1.154388275203647254e+02,5.218952673893323180e+00,1.710210218527402958e+03,3.361340878478901573e+01,-1.581990718684186277e+02,1.403429532982641376e+03,1.677402163782857372e+02,1.893074999252796431e+02,1.412108503062025875e+03,1.734157586426424018e+02,-2.717292963223155766e+02,1.123326265283770908e+03,2.702417714293067093e+02,2.386041775940056482e+02,1.121622096732325872e+03,3.437310028378564652e+02,-9.803536180503155606e+01,1.255656767921994742e+03,4.223810116921816871e+02,4.222090339912316637e+01,1.215996526655995922e+03,-2.275216585794551349e+01,7.176576079415833753e+00,8.350588269504020218e+02,1.637871110207864263e+02,2.384685290901394410e+02,9.166543256957749009e+02,1.334591806288673297e+02,-7.788369651040095221e+01,4.604735618153772521e+02,5.100233801151282478e+02,2.612326515343763234e+01,1.026937117222553979e+03,-7.840903507750278223e+00,4.796587162502354396e+00,-2.706591804115810795e+00,3.163717219032981234e+02,4.450524394619175439e+01,6.290569236602736964e+02,2.670355421355525891e+02,-2.569569324120995191e+01,1.136192509653572102e+01,4.868370850108161676e+02,-1.430721088582215828e+02,5.643933621854566809e+02
1.178912554251868698e+02,7.751495925695554234e+00,1.708206210131444777e+03,3.437672036072518011e+01,-1.550848414759053071e+02,1.402798800601676703e+03,1.695959145635509060e+02,1.922998050984788279e+02,1.410924568990276612e+03,1.703590555994068723e+02,-2.683074718866449757e+02,1.120952606362097868e+03,2.684144756469131607e+02,2.436135146559238080e+02,1.120748491245323748e+03,3.415327837408941605e+02,-9.781466662716393046e+01,1.252459931711260879e+03,4.214751043957784304e+02,4.514700316063753149e+01,1.211456514887609956e+03,-2.410087998270850207e+01,1.218838316017136592e+01,8.341578761596443883e+02,1.651669600342343358e+02,2.421058868778674196e+02,9.154257714807084767e+02,1.336695352825128396e+02,-7.599427393435226463e+01,4.604491758656370166e+02,5.097736400691786685e+02,2.378498160902730518e+01,1.020708377042912389e+03,-7.630625177670116166e+00,4.828143451099924377e+00,-2.707943233117909632e+00,3.123869350465105299e+02,4.832400811210631986e+01,6.245008785104440676e+02,2.671859646144386033e+02,-2.618179677245302983e+01,1.148625232140036800e+01,4.789219210936720401e+02,-1.405367492909533098e+02,5.567441957378055122e+02
1.204340783750054413e+02,1.175288051957321400e+01,1.706050628885655442e+03,3.513609951491052641e+01,-1.509085523783196834e+02,1.402210352000744251e+03,1.717073650343481575e+02,1.957406595414175285e+02,1.410091706084432872e+03,1.671809077390138896e+02,-2.641110048394333489e+02,1.119104987002469443e+03,2.668685550154186785e+02,2.487053397666121271e+02,1.120639498806525125e+03,3.388939501255576943e+02,-9.695662175462328491e+01,1.248749857242741200e+03,4.204922008839465661e+02,4.860305296453484658e+01,1.207308101709803395e+03,-2.524576308611457165e+01,1.840718965683409536e+01,8.332907441160836015e+02,1.666204069329235438e+02,2.462514666120547702e+02,9.140486299212202539e+02,1.341072458661074904e+02,-7.353063916350879481e+01,4.605959698807425866e+02,5.092440471589144408e+02,2.146336237656822377e+01,1.013852846609549374e+03,-7.363891204012610991e+00,4.937893019021887042e+00,-2.520180735842961095e+00,3.090778853556665240e+02,5.131707301084021822e+01,6.193271230367877251e+02,2.672394653477838347e+02,-2.636873603769448593e+01,1.168703925650174291e+01,4.715561108780115660e+02,-1.384761257786842634e+02,5.485945873941170703e+02
1.228814136154922636e+02,1.624335022569034948e+01,1.704086861684548921e+03,3.577125968293843528e+01,-1.463408987476810523e+02,1.401677656548269624e+03,1.739611635347073957e+02,1.991670240766408995e+02,1.409636640663752132e+03,1.639120980389772342e+02,-2.596050726697246205e+02,1.117811819006014730e+03,2.656322588745394455e+02,2.537599002207494721e+02,1.121053376992060976e+03,3.363789104839945026e+02,-9.556839542943954768e+01,1.244710169708116837e+03,4.197445675535403211e+02,5.243722506635498348e+01,1.203249614437758510e+03,-2.612425962954114311e+01,2.536692421755509130e+01,8.326844895368299149e+02,1.680879360801761777e+02,2.506560132851742253e+02,9.126549718728382459e+02,1.346507763799099848e+02,-7.059113672926442007e+01,4.608459330439815176e+02,5.084094885753684139e+02,1.959696163165089544e+01,1.006469967726678306e+03,-7.029852320244120989e+00,5.107287244860223119e+00,-2.145041757880386868e+00,3.062563907583489708e+02,5.400157220255523072e+01,6.134259880957934001e+02,2.673243498209333211e+02,-2.629446225907295087e+01,1.187603267719829958e+01,4.645087119256316441e+02,-1.371881182978278844e+02,5.396189906656541098e+02
1.251404279186058517e+02,2.019366606750104509e+01,1.702530548458106068e+03,3.623707681048874463e+01,-1.421365354416478226e+02,1.401195118275928508e+03,1.762332163990177776e+02,2.021570969928887962e+02,1.409410042466537789e+03,1.606215799077942279e+02,-2.552873460675997137e+02,1.116902869888042005e+03,2.646512662177977404e+02,2.587826476977464267e+02,1.121604205971223337e+03,3.345805661708660068e+02,-9.402240465492103283e+01,1.240470407183780253e+03,4.194649338128796785e+02,5.648672727038434260e+01,1.198961806713086162e+03,-2.675828278759111001e+01,3.234874865752852457e+01,8.324070537537329528e+02,1.694952791331828053e+02,2.550014355224734004e+02,9.113945556870511382e+02,1.351689953428493993e+02,-6.738321805445593782e+01,4.610692874792388807e+02,5.073235182505354715e+02,1.856078742671935089e+01,9.987598165949752911e+02,-6.692386816701761276e+00,5.322729939753585882e+00,-1.656222771417533934e+00,3.037467002583697990e+02,5.684347561157021289e+01,6.067745935968284812e+02,2.675080592687851322e+02,-2.604941808745339316e+01,1.195411252178250017e+01,4.575870311640582031e+02,-1.365638441548032631e+02,5.297070431738507068e+02
1.272519966873856418e+02,2.304793373414958424e+01,1.701385809479783120e+03,3.659288520117078036e+01,-1.387928330612434706e+02,1.400741777646888295e+03,1.784300720974436558e+02,2.045593608484213632e+02,1.409154664450149767e+03,1.573419019541788373e+02,-2.514299182132119199e+02,1.116051309631294771e+03,2.637687587114799044e+02,2.639282020107247035e+02,1.121933520498335383e+03,3.338344779002771929e+02,-9.269358783735218310e+01,1.235955264278630921e+03,4.196986934243191172e+02,6.072426471862125652e+01,1.194198992870926304e+03,-2.725672738442889909e+01,3.867250431704967184e+01,8.323453708052508091e+02,1.707835018891436505e+02,2.590417621727038977e+02,9.103645043234096192e+02,1.355686111190951237e+02,-6.418639186259277096e+01,4.611560623273637134e+02,5.060898380460667454e+02,1.852207890501988530e+01,9.909295273395347294e+02,-6.461193717577065065e+00,5.557694517465015416e+00,-1.159099727251396761e+00,3.015243002152955114e+02,6.000428887902237562e+01,5.994438761855280973e+02,2.677718764629277644e+02,-2.574275152946608003e+01,1.187273544979779061e+01,4.507990221656376661e+02,-1.363447770494857423e+02,5.190380226347855341e+02
1.293533718497952805e+02,2.496995298487120252e+01,1.700492056287204605e+03,3.697810819212752875e+01,-1.363419823809323930e+02,1.400310330431002512e+03,1.804994651122453320e+02,2.065719155020960045e+02,1.408636219487482322e+03,1.540010546195733525e+02,-2.479212507271646189e+02,1.114912857140908045e+03,2.627421127877177582e+02,2.694619246371439090e+02,1.121847635384369141e+03,3.340397412594433035e+02,-9.171799500437511199e+01,1.230877034200761727e+03,4.202646329025909608e+02,6.532536335657113113e+01,1.188814612033239655e+03,-2.778186202541751015e+01,4.398274908510694559e+01,8.322904086265340311e+02,1.719341603768558855e+02,2.627078898425301645e+02,9.095552169242266700e+02,1.358011566038340447e+02,-6.128819872046337736e+01,4.610881893633220443e+02,5.048014033323702847e+02,1.932187406659063456e+01,9.830349617169631529e+02,-6.440524566287907149e+00,5.756867021752824165e+00,-7.383392240855594091e-01,2.998084470960738486e+02,6.324283069754459063e+01,5.914692284256906305e+02,2.680332952667512814e+02,-2.548125613734189088e+01,1.165671047465470700e+01,4.444689025485262164e+02,-1.364160923518248296e+02,5.079856157166527169e+02
1.315896185444282480e+02,2.668487681854567839e+01,1.699651092004172142e+03,3.755194029465818772e+01,-1.343829989028826617e+02,1.399932361029413869e+03,1.824200431224000170e+02,2.086239737609129179e+02,1.407759414088254061e+03,1.504252320380127230e+02,-2.443311925462458305e+02,1.113292713982954183e+03,2.613116264058653542e+02,2.756552688631459773e+02,1.121361844350364890e+03,3.346936194508496669e+02,-9.092546310949983024e+01,1.224891453118072377e+03,4.208193552784680946e+02,7.059379627461927953e+01,1.182734647316757446e+03,-2.849528743784991391e+01,4.839381780967413249e+01,8.320662032241759789e+02,1.729800275527895792e+02,2.661283596862718923e+02,9.088445652247837643e+02,1.358465384577936561e+02,-5.889353249836882753e+01,4.609594967939112848e+02,5.034743687619950379e+02,2.044921755029517740e+01,9.748845467501643043e+02,-6.688075691224968367e+00,5.845648307565468826e+00,-4.205653702965683749e-01,2.990490364728799477e+02,6.601378785406386385e+01,5.826815554037400489e+02,2.681964507949705308e+02,-2.535816807121546645e+01,1.137953751454112883e+01,4.392258262850425012e+02,-1.369530841001012504e+02,4.969208684144672361e+02
1.340308830790887953e+02,2.903322906606085496e+01,1.698734356426394697e+03,3.843176674107242974e+01,-1.323200966084740742e+02,1.399658383627298235e+03,1.841896887120275892e+02,2.111398078791378623e+02,1.406594158726408978e+03,1.464331169842749887e+02,-2.401774492280243010e+02,1.111231829273609492e+03,2.593021021086440214e+02,2.826505202450878755e+02,1.120644728947619797e+03,3.351237224314161267e+02,-8.996170118303926699e+01,1.217798827283099854e+03,4.210111926001268898e+02,7.679099982651852940e+01,1.175914670559675869e+03,-2.950684681447802760e+01,5.242948222770701250e+01,8.316165572069996870e+02,1.739991929421627503e+02,2.695651801844825854e+02,9.080459980568653009e+02,1.357057126152617741e+02,-5.703381721010036642e+01,4.609297617138140595e+02,5.020148607870050910e+02,2.118375045059201867e+01,9.661018214071293642e+02,-7.198223123483539432e+00,5.763765107972061763e+00,-1.707082908926628173e-01,2.997842626525624610e+02,6.771391095770300694e+01,5.726667472964816170e+02,2.682040240755250124e+02,-2.543979660018099409e+01,1.111649434082913324e+01,4.358129607886289136e+02,-1.383483866910558504e+02,4.860525751473423952e+02
1.366452952819776669e+02,3.251345240571198758e+01,1.697701465526277161e+03,3.965933424194653156e+01,-1.296621624525136554e+02,1.399485579912112371e+03,1.858239948810127942e+02,2.143339477743904808e+02,1.405294008774462100e+03,1.419700708536922775e+02,-2.352257193767881063e+02,1.108941712268878518e+03,2.567040580346289858e+02,2.903653793799516620e+02,1.119901389884570790e+03,3.347870931258425458e+02,-8.849769665442356370e+01,1.209628972764435048e+03,4.206495794405115021e+02,8.399291547833567506e+01,1.168313794793802117e+03,-3.084408950105217428e+01,5.679201301485085907e+01,8.310009036823545330e+02,1.750970026348419708e+02,2.733037211589920048e+02,9.069846470566441212e+02,1.354177073409417460e+02,-5.552922611340719783e+01,4.611389454200349292e+02,5.002466823766571906e+02,2.089557192856401713e+01,9.563229986101470104e+02,-7.907520024187784102e+00,5.499748663567219253e+00,7.946854001375110166e-02,3.024069591004227959e+02,6.794929757421580518e+01,5.609408112277025111e+02,2.680698401182102089e+02,-2.574371277491640342e+01,1.091173472639695596e+01,4.347548251717492462e+02,-1.409868380419466121e+02,4.754032339750604024e+02
1.393377383717791247e+02,3.706923269901959372e+01,1.696541881120605012e+03,4.120304450384514894e+01,-1.262232649089398961e+02,1.399284506911561039e+03,1.873610903254605944e+02,2.181507556437134667e+02,1.403964143430235936e+03,1.371855369461762564e+02,-2.296243689805739621e+02,1.106624200751650733e+03,2.536813545428911425e+02,2.985025726537725745e+02,1.119258397175953405e+03,3.334718596916108595e+02,-8.639466007793987501e+01,1.200549673487989367e+03,4.197925834848936688e+02,9.207775807774119414e+01,1.159901888483993616e+03,-3.245006708206136636e+01,6.207379622727405177e+01,8.303174453633056373e+02,1.763808253222416056e+02,2.775507465580821531e+02,9.055618063118270129e+02,1.350826507717933396e+02,-5.404739290746148583e+01,4.616330183594846517e+02,4.979933362400830674e+02,1.935946206785932233e+01,9.453967651570410453e+02,-8.714924030978080438e+00,5.101873165819969635e+00,3.897054680510506630e-01,3.069412191295613184e+02,6.668482517253731601e+01,5.472460222543660393e+02,2.678793844185777289e+02,-2.621862693100168684e+01,1.077730931394746783e+01,4.360365679197831810e+02,-1.450227135582117626e+02,4.648981481360103203e+02
1.420208084861297664e+02,4.220753330134828474e+01,1.695210118038120982e+03,4.298407291925742157e+01,-1.221403460108170265e+02,1.398800764923991892e+03,1.888597941628186163e+02,2.223557297158215249e+02,1.402572997645488385e+03,1.323824758649701323e+02,-2.237852178891983783e+02,1.104309467237733998e+03,2.504968046962251265e+02,3.066753468195031473e+02,1.118708025858682277e+03,3.313059896527526007e+02,-8.374095108730611514e+01,1.190691707534456100e+03,4.186993092746486695e+02,1.008483359491202549e+02,1.150691123013222295e+03,-3.420786399519099064e+01,6.854423664021001628e+01,8.296168575949998285e+02,1.779296379376674224e+02,2.823805742440790709e+02,9.037798256020146255e+02,1.348541225773485905e+02,-5.224657656599126909e+01,4.623435948722141120e+02,4.951672485330950053e+02,1.688733288652109366e+01,9.334477870472663881e+02,-9.508789016567721575e+00,4.658943197849490403e+00,7.792882474968287898e-01,3.129559439781729111e+02,6.420753037463849466e+01,5.317491505483512810e+02,2.677548021142778794e+02,-2.674737603918645235e+01,1.071170468476828930e+01,4.389994507326573512e+02,-1.502998325289790102e+02,4.544595158647810536e+02
1.446673864176204631e+02,4.733077082723865914e+01,1.693615407377097426e+03,4.490561763610388368e+01,-1.177319028461427592e+02,1.397761188226547119e+03,1.903832035618488021e+02,2.266907408879866068e+02,1.400969007695826804e+03,1.278540577053024236e+02,-2.180980538364513563e+02,1.101840480422401924e+03,2.474053931498653185e+02,3.145888906295556353e+02,1.118136663541156395e+03,3.286033635776913684e+02,-8.076181781962051787e+01,1.180044183909679305e+03,4.176816389925908197e+02,1.101928854070239652e+02,1.140764584470023692e+03,-3.597992799213803039e+01,7.609723227840346738e+01,8.288655625821490958e+02,1.797625667053652307e+02,2.877391040009562744e+02,9.017239486820841421e+02,1.348826778760115133e+02,-4.992857587164079547e+01,4.631271292669167678e+02,4.918067553754107735e+02,1.418168949999024520e+01,9.207651150951393220e+02,-1.019102416035339687e+01,4.264465593165347457e+00,1.218125746464882919e+00,3.196943873594112802e+02,6.094739925603498421e+01,5.149748679780991552e+02,2.677967208743680771e+02,-2.718604869153858772e+01,1.071070482872656271e+01,4.425697157469761009e+02,-1.564545395927377740e+02,4.440206988362868969e+02
1.473149606300517291e+02,5.205793460194735189e+01,1.691667045325794334e+03,4.687195734049717544e+01,-1.132980279085775663e+02,1.396025426723491137e+03,1.919753722205942097e+02,2.309846951090253242e+02,1.398985514124896781e+03,1.237101406890665913e+02,-2.126839635400904456e+02,1.099015294376058819e+03,2.445858732932031501e+02,3.221795474070649448e+02,1.117418278409055802e+03,3.256718742873213159e+02,-7.768089651414808827e+01,1.168489997863903909e+03,4.169553494640792906e+02,1.201636578384826635e+02,1.130281687147255525e+03,-3.764348324016680181e+01,8.435786328930905142e+01,8.279737085685504780e+02,1.818187940723005624e+02,2.934893033946383980e+02,8.995165259241852027e+02,1.352372429708752577e+02,-4.711095453090493379e+01,4.638332916608373466e+02,4.880348937939883740e+02,1.199948025738610546e+01,9.076001984999927572e+02,-1.068833067322635522e+01,3.985357826850875806e+00,1.640465164192071557e+00,3.263862231473750626e+02,5.727374291356424152e+01,4.975028749154508318e+02,2.680330279222588956e+02,-2.742629862239352434e+01,1.075682461955186930e+01,4.457411916867049513e+02,-1.631266311464110288e+02,4.334730386045164323e+02
1.500304559734466068e+02,5.635160023399826912e+01,1.689325756177048788e+03,4.879902542694022571e+01,-1.089747011790969395e+02,1.393671172490483741e+03,1.936493085201205986e+02,2.351675710202824519e+02,1.396553193370958297e+03,1.198170202968783116e+02,-2.073619946827599563e+02,1.095766927582979406e+03,2.421451334433354248e+02,3.296345011501526301e+02,1.116520448161471222e+03,3.227030456077167173e+02,-7.463770929035037227e+01,1.155912455529196677e+03,4.165831066750578771e+02,1.309176829025667530e+02,1.119462717301278644e+03,-3.910921442746973753e+01,9.287017553552496452e+01,8.268551223392894372e+02,1.839648494127928586e+02,2.994707555794029759e+02,8.972644105861980961e+02,1.358616680562228112e+02,-4.397749929283471459e+01,4.643594824028354537e+02,4.839710279547484788e+02,1.083849377672567726e+01,8.940146818299399456e+02,-1.094758724321195764e+01,3.849225420691496868e+00,1.971159533811051912e+00,3.325934201928814105e+02,5.337297429812118565e+01,4.796393459629264271e+02,2.684075064028937732e+02,-2.744498707997251685e+01,1.080037643720116058e+01,4.480567618922643760e+02,-1.701476631687419570e+02,4.226332022882072579e+02
1.528682348474547155e+02,6.041815799624048111e+01,1.686612491021613550e+03,5.062616144057558643e+01,-1.047070211760368323e+02,1.390939997235236433e+03,1.953967884196397904e+02,2.392166342735108060e+02,1.393738256402438310e+03,1.159035485754955914e+02,-2.018399902742249878e+02,1.092231868077371701e+03,2.401676064871437006e+02,3.372814431714134571e+02,1.115563494912453280e+03,3.197686247380525515e+02,-7.171220014122368980e+01,1.142249432336046084e+03,4.165295288643526419e+02,1.425689806973517761e+02,1.108563183969139345e+03,-4.032620947619439278e+01,1.012633285996468544e+02,8.254696115728550012e+02,1.860351458003390519e+02,3.055486409149025917e+02,8.950169413990339535e+02,1.366063730709091146e+02,-4.074629576503544115e+01,4.646644160696116046e+02,4.796594074333914364e+02,1.082119786481510637e+01,8.798715073837033742e+02,-1.092595782162510432e+01,3.850531367745745559e+00,2.151785044398415003e+00,3.384069073907435836e+02,4.923580615945796524e+01,4.612941600449194084e+02,2.688179461519343363e+02,-2.730745060714220784e+01,1.075783069653425095e+01,4.498164090448964316e+02,-1.776049358862978522e+02,4.113081159656858858e+02
1.558478821334870190e+02,6.449778271820960640e+01,1.683570297663032989e+03,5.233240986439565745e+01,-1.003299963104157939e+02,1.388075172736449304e+03,1.972096792824531235e+02,2.431067046562318126e+02,1.390683330930945431e+03,1.117674503720799777e+02,-1.959697218976308761e+02,1.088655846595926505e+03,2.387490201109567636e+02,3.454115189245381430e+02,1.114797813784861319e+03,3.168555367423564348e+02,-6.901513751135075836e+01,1.127448535196237572e+03,4.167689425587538494e+02,1.550702732547813127e+02,1.097838162392077265e+03,-4.128490366866215311e+01,1.093305102030968925e+02,8.238209551170936038e+02,1.878924081446577929e+02,3.116381414264453724e+02,8.927463533749007638e+02,1.373195600893528194e+02,-3.754788578709310087e+01,4.647462781094679372e+02,4.750589047763039048e+02,1.179577165981820386e+01,8.649553341704090599e+02,-1.059285819910749105e+01,3.965702574838605443e+00,2.157720505588794691e+00,3.443956774265825516e+02,4.470890727839332612e+01,4.421385939005348291e+02,2.691777764671844011e+02,-2.711957425215333473e+01,1.053935539982390956e+01,4.519035246349356498e+02,-1.857622931720842132e+02,3.994474982516765635e+02
1.589555868522026856e+02,6.870936520587041230e+01,1.680216598569190865e+03,5.394889258364320028e+01,-9.568697126077493920e+01,1.385166356056621225e+03,1.990900368677668837e+02,2.468165770962401098e+02,1.387498290081976393e+03,1.074362471002660016e+02,-1.898693845261793172e+02,1.085218933968990314e+03,2.379771992714546229e+02,3.541373285270273072e+02,1.114508904707262673e+03,3.138629652308206346e+02,-6.675230946541407206e+01,1.111397071818283393e+03,4.173584533114082546e+02,1.682251905923539823e+02,1.087491649965229954e+03,-4.202183748764109339e+01,1.170226337647934116e+02,8.219232513127221864e+02,1.894801277137837587e+02,3.177031259589859360e+02,8.903552241483130274e+02,1.379348714216718292e+02,-3.439240989490772904e+01,4.646162388054132748e+02,4.700837824844633701e+02,1.353015718202416728e+01,8.491215253857170637e+02,-9.949789570577022957e+00,4.165947347339111317e+00,2.004243765562477186e+00,3.513611803786000110e+02,3.955011267899656957e+01,4.219105025976388106e+02,2.694575834259300109e+02,-2.695813332843859556e+01,1.009130162001604347e+01,4.553503475662162714e+02,-1.949013720939406085e+02,3.872821837205025304e+02
1.621564827807260087e+02,7.304288293183489600e+01,1.676526894261195139e+03,5.555538496967849937e+01,-9.070782095074817164e+01,1.382110119699688994e+03,2.010368020538206508e+02,2.503847405194516398e+02,1.384178612363882394e+03,1.031656552748920319e+02,-1.838381487900136051e+02,1.081918502915859563e+03,2.378794862119239895e+02,3.633655820033505393e+02,1.114896506327135739e+03,3.105613857771033963e+02,-6.519857791346953491e+01,1.093937212717778266e+03,4.184285901345866137e+02,1.818366697551997220e+02,1.077617461619631285e+03,-4.261687870438440484e+01,1.244059910089094103e+02,8.197701408583874354e+02,1.908399944059285360e+02,3.237384031403234417e+02,8.877059074444558746e+02,1.384927379585651579e+02,-3.123465772594096990e+01,4.642953555745719996e+02,4.646470190512006866e+02,1.584378573233817811e+01,8.323679082375098233e+02,-9.053281045907171531e+00,4.422907861126256002e+00,1.744463494964552330e+00,3.600564823721906578e+02,3.346278933404934008e+01,4.006384420108252584e+02,2.696795712727638374e+02,-2.682391423573411160e+01,9.425093794503032640e+00,4.608959911161451259e+02,-2.051833796867814499e+02,3.753290569008798343e+02
1.654047367859201927e+02,7.746479641097789681e+01,1.672460381239568733e+03,5.725723184351286932e+01,-8.541167917188778347e+01,1.378707160415539192e+03,2.030212359307178929e+02,2.539586030141439039e+02,1.380603692965591563e+03,9.927747645530577358e+01,-1.781529719958123792e+02,1.078591861413683773e+03,2.383947172193346660e+02,3.728916917966301412e+02,1.115982944238832260e+03,3.065849582554984636e+02,-6.458908528396260351e+01,1.074994596220771200e+03,4.201139389850094403e+02,1.958890456150328134e+02,1.068153301521944286e+03,-4.317285812096090325e+01,1.316292561257129421e+02,8.173318808893485539e+02,1.920845556162803689e+02,3.297498078225765425e+02,8.846598516312069478e+02,1.390817783488331543e+02,-2.807361721013420208e+01,4.638347587619722390e+02,4.586709497762872161e+02,1.860806375119814149e+01,8.147964274078623248e+02,-8.016359785491705026e+00,4.709707176332694090e+00,1.461182064125689850e+00,3.710147279451712166e+02,2.613005571368276847e+01,3.786385482482091902e+02,2.698750883103112983e+02,-2.664922666117248085e+01,8.612865366017700808e+00,4.687499961738292882e+02,-2.166029348516246671e+02,3.642246938397905183e+02
1.686468586933727636e+02,8.202228412925686030e+01,1.668003821464740440e+03,5.914916654778250660e+01,-7.985660161346075370e+01,1.374816827048111918e+03,2.049776552380203043e+02,2.577818812534372341e+02,1.376611618573207807e+03,9.595378485023773862e+01,-1.729060635324108830e+02,1.075046919614535454e+03,2.394119117158817289e+02,3.825491552274060041e+02,1.117590603049269475e+03,3.015166744872937556e+02,-6.499041287486491569e+01,1.054729632237666920e+03,4.224878849088456150e+02,2.106251697149153301e+02,1.058876294216939641e+03,-4.378138605512040726e+01,1.389055898393141604e+02,8.145784690713156806e+02,1.933403895139504414e+02,3.357452793641787139e+02,8.811155136886372929e+02,1.397463000134083302e+02,-2.500404962524702768e+01,4.633321031261993994e+02,4.520782834670932857e+02,2.167033891346975238e+01,7.965199836673701839e+02,-6.976699456952801803e+00,5.002286258574051736e+00,1.251275465822266453e+00,3.845187388569532345e+02,1.728063543180234518e+01,3.563210570626861227e+02,2.700419734671664287e+02,-2.635956576344787194e+01,7.753412022548881843e+00,4.786167251393201809e+02,-2.290335999319428595e+02,3.544727246361103425e+02
1.718217128960307889e+02,8.685590788763337855e+01,1.663198144283250258e+03,6.127754291643055495e+01,-7.408558048221635772e+01,1.370451711143849934e+03,2.068264060661185226e+02,2.621148250533899500e+02,1.372099394789315966e+03,9.312609046481048836e+01,-1.679728813032744767e+02,1.071191264696631379e+03,2.408611550536002426e+02,3.923208732692349372e+02,1.119403044267238784e+03,2.950404932491466070e+02,-6.622403645746302914e+01,1.033576790590070914e+03,4.255494269086210011e+02,2.264513221438643882e+02,1.049463202773919647e+03,-4.449243647502962062e+01,1.464843813253139047e+02,8.115074188447518964e+02,1.946944255117259956e+02,3.417440692595669702e+02,8.770384907209887615e+02,1.404297270118334779e+02,-2.218302339234478637e+01,4.629166926282717327e+02,4.448065634303768547e+02,2.481676601667122384e+01,7.776031972493086641e+02,-6.045778370649757427e+00,5.282308362217238873e+00,1.201284889429726110e+00,4.006321689329363949e+02,6.786285816425811745e+00,3.339796697436356112e+02,2.701343936662161127e+02,-2.595603235089800265e+01,6.930854262534986709e+00,4.898846262093678092e+02,-2.423024913320179508e+02,3.462580538470359102e+02
1.748634056735750448e+02,9.212416499324227459e+01,1.658126788607386970e+03,6.361289834075965643e+01,-6.810031721512726222e+01,1.365744222159631818e+03,2.085199077339719338e+02,2.671373149909906601e+02,1.367085852178039659e+03,9.052128870560483165e+01,-1.630790099362556589e+02,1.067062498473814685e+03,2.427950425251007402e+02,4.023524287801220112e+02,1.121092178930215141e+03,2.870609242026275183e+02,-6.788358843881118787e+01,1.012109058657371861e+03,4.292610091662045306e+02,2.437272617767143572e+02,1.039617570248228276e+03,-4.530547466181421612e+01,1.545936589676173298e+02,8.081550463944885223e+02,1.961723948767044021e+02,3.478012034098905474e+02,8.724778424198698303e+02,1.409947215570895480e+02,-1.974260588122944071e+01,4.627011297056074568e+02,4.368674142453841682e+02,2.784279325534671656e+01,7.580832311455081935e+02,-5.270643065445333342e+00,5.538504143237063637e+00,1.359207137403599663e+00,4.191886438935705428e+02,-5.249625366083177980e+00,3.117280655296938789e+02,2.700891928884209392e+02,-2.556825019473258109e+01,6.189785010176670710e+00,5.018311981409805185e+02,-2.562200445416258390e+02,3.394365954164695722e+02
1.777108476592567854e+02,9.791608171030529206e+01,1.652871662562164147e+03,6.604426128554854358e+01,-6.186198560521968659e+01,1.360813498011204729e+03,2.100813832594901953e+02,2.728935505071902980e+02,1.361701661162470600e+03,8.781934778000935182e+01,-1.578787073494511333e+02,1.062745931249868590e+03,2.454015968684174140e+02,4.128662838929589611e+02,1.122459531378166275e+03,2.777013540817955004e+02,-6.944436319306346661e+01,9.907913946430969645e+02,4.336036269387253128e+02,2.625768969774006791e+02,1.029230178729531417e+03,-4.618692170699578980e+01,1.633663656941895397e+02,8.045837120841492833e+02,1.977542078825824774e+02,3.540314373926614735e+02,8.675574152558128844e+02,1.413046612269257878e+02,-1.771491835982563501e+01,4.627256461760445063e+02,4.284202422900388001e+02,3.069114446845278721e+01,7.380405443431900494e+02,-4.632199059626742610e+00,5.764430136169454322e+00,1.714654881597873715e+00,4.397064523386750921e+02,-1.845591172085704912e+01,2.896129353920351832e+02,2.698653381302759158e+02,-2.543739457592567277e+01,5.536250686103235452e+00,5.137472632854018002e+02,-2.705301857912949117e+02,3.336821403237755135e+02
1.803225055578753313e+02,1.042192286607199065e+02,1.647462231820452416e+03,6.840312306364256756e+01,-5.530857780438294924e+01,1.355631482489322252e+03,2.116069908342792871e+02,2.792941272881245141e+02,1.356116343071126948e+03,8.481628630550760306e+01,-1.520078840591473295e+02,1.058248480603144344e+03,2.489373947415059263e+02,4.240239635481938762e+02,1.123523590594597181e+03,2.671817503713832025e+02,-7.043282812073474020e+01,9.697654345769202564e+02,4.386197813048063381e+02,2.828323595522257392e+02,1.018506711631178064e+03,-4.710296133212353453e+01,1.727871296831219468e+02,8.008495102308610285e+02,1.994040358390463723e+02,3.606077634975069941e+02,8.624303945374235809e+02,1.413121294349424204e+02,-1.601583285517772737e+01,4.629292842416381291e+02,4.198001993322170620e+02,3.354317476459958414e+01,7.176484092253130029e+02,-4.077140443340877773e+00,5.957092233669451176e+00,2.199615984566187787e+00,4.612978667557101176e+02,-3.221407309373886108e+01,2.677855424684761942e+02,2.694685216749057872e+02,-2.582343623183004411e+01,4.956702575067086336e+00,5.249809201151975913e+02,-2.848070398259657736e+02,3.286614731033340604e+02
1.826890676840846766e+02,1.109465182908915466e+02,1.641843951016605615e+03,7.051396438760517071e+01,-4.838737777263470008e+01,1.349981867119673097e+03,2.132255944400986891e+02,2.861470519532412027e+02,1.350445992717327499e+03,8.150005920029168749e+01,-1.451520324307266492e+02,1.053419935285323390e+03,2.536236696778273085e+02,4.358038960886872815e+02,1.124506919185313336e+03,2.556670942467628720e+02,-7.060128328225408723e+01,9.487865665626421787e+02,4.444342893641241403e+02,3.041297249931780584e+02,1.007993011704921059e+03,-4.804716035666027096e+01,1.826905926188799469e+02,7.969594578468530699e+02,2.010850373167869236e+02,3.677158596123392726e+02,8.571999137895465992e+02,1.411029861938300485e+02,-1.448441929418602214e+01,4.631652702367927077e+02,4.114622838307222423e+02,3.677667241433417189e+01,6.971586645285690338e+02,-3.557690701063594751e+00,6.124285873448808815e+00,2.712716795394714442e+00,4.826920418544135600e+02,-4.570080023516413803e+01,2.465712984588079451e+02,2.689502791148876213e+02,-2.687428961948793216e+01,4.439341016084738634e+00,5.349656795082008784e+02,-2.983700669017484870e+02,3.241039329259369879e+02
1.848339710763729045e+02,1.179792862143125092e+02,1.635878216930369945e+03,7.225293809269363976e+01,-4.109755852683758803e+01,1.343536346047852021e+03,2.150391288678576132e+02,2.931899470506910461e+02,1.344690562995267101e+03,7.801407479411284385e+01,-1.371690360766762069e+02,1.047970976726306390e+03,2.595689588611484737e+02,4.479525050797229824e+02,1.125728254485656407e+03,2.431918649928082345e+02,-7.002815664917127947e+01,9.273453211304023398e+02,4.512485583280418382e+02,3.260817174164455992e+02,9.984649720336620931e+02,-4.904403223987565497e+01,1.928147101540493509e+02,7.928304988356959484e+02,2.027460756055116349e+02,3.754720830829046463e+02,8.518352400253896803e+02,1.408793780786707543e+02,-1.294017361965475565e+01,4.632508210860281110e+02,4.038617382795815729e+02,4.080922882239911331e+01,6.768469921958812847e+02,-3.052807170979925377e+00,6.300698698530231567e+00,3.156739891563041578e+00,5.024453382118293803e+02,-5.791828068402467977e+01,2.263687505320116600e+02,2.683907806952243504e+02,-2.852420166663728907e+01,3.985796340353893630e+00,5.432909839725768961e+02,-3.102867768268112059e+02,3.197325569242134975e+02
1.867969921568090683e+02,1.251935297428997131e+02,1.629370944814154655e+03,7.358843887724967203e+01,-3.351676758226251707e+01,1.335996258234687275e+03,2.170791025819885931e+02,3.001285200990640760e+02,1.338729932474819179e+03,7.455117298216761412e+01,-1.282199863843499088e+02,1.041573968582141561e+03,2.667569399256485667e+02,4.600301121371876434e+02,1.127455758487508319e+03,2.296926259593884367e+02,-6.906779671273309873e+01,9.049121192271467180e+02,4.592967061820658046e+02,3.484215032975684494e+02,9.907137092802641973e+02,-5.012380516375468886e+01,2.028844078608255757e+02,7.882690319928057079e+02,2.042948102623353464e+02,3.838450116292656276e+02,8.461315908110112787e+02,1.409024766552647066e+02,-1.122164473143826768e+01,4.630243128342668797e+02,3.973398105289488171e+02,4.593881838810357010e+01,6.569757767788215688e+02,-2.563542207370709480e+00,6.558367525742679227e+00,3.470625371697025674e+00,5.192963759071286631e+02,-6.771481910943155924e+01,2.074546357154849829e+02,2.678799024406654894e+02,-3.048454004281375873e+01,3.608955893721459862e+00,5.498140775211168148e+02,-3.194760664425684240e+02,3.151410251992120948e+02
1.886095680817544178e+02,1.324715724630797808e+02,1.622119085721402143e+03,7.458468408192803167e+01,-2.577919050408094748e+01,1.327215486629503175e+03,2.193027859916402917e+02,3.066994596190673974e+02,1.332378279382701066e+03,7.124629709052685200e+01,-1.187906625393852664e+02,1.033990373903933232e+03,2.750891307606219129e+02,4.715296499473799940e+02,1.129798742021478574e+03,2.150882897014862181e+02,-6.814719839445818650e+01,8.811901803978173575e+02,4.687586740644605925e+02,3.710530842771693187e+02,9.853152226412801156e+02,-5.128275906851357036e+01,2.126903063666652827e+02,7.829920669537374351e+02,2.055861339595813604e+02,3.926338216395123482e+02,8.397505663995456189e+02,1.414323525834766997e+02,-9.196348065096030311e+00,4.623849595983117524e+02,3.920836765715313845e+02,5.229194024240015892e+01,6.378024165774429548e+02,-2.094306380946468149e+00,6.993161341120397445e+00,3.639370475675922645e+00,5.325130854217106844e+02,-7.383619784844559319e+01,1.898476276902039501e+02,2.675024435570971946e+02,-3.234712446823732535e+01,3.319011495793707578e+00,5.547504234149355398e+02,-3.248584242426911146e+02,3.097382674840187633e+02
1.902810004112153024e+02,1.397142046126423054e+02,1.613962684595101337e+03,7.536773152520048313e+01,-1.800466986457951180e+01,1.317243058958513075e+03,2.216267011196158876e+02,3.127466460095133129e+02,1.325470667382833653e+03,6.811540703179925060e+01,-1.095288526227821251e+02,1.025161328166623434e+03,2.844381148559820076e+02,4.820195599523057126e+02,1.132692709268692624e+03,1.993219178533736624e+02,-6.752193904956057224e+01,8.562607105979370772e+02,4.796586747774597939e+02,3.940150116165901295e+02,9.824891629525529879e+02,-5.245324022060490421e+01,2.221348260161576320e+02,7.766993503336472031e+02,2.064467439783942666e+02,4.015333298401345701e+02,8.323377228307417681e+02,1.426921101583968721e+02,-6.755414752656361266e+00,4.613055095747780570e+02,3.881767850826407766e+02,5.989702921624827781e+01,6.196026729691818673e+02,-1.635745621045006315e+00,7.685898351442514986e+00,3.678241367538819695e+00,5.420558268302243050e+02,-7.505394034882748144e+01,1.733332978249748635e+02,2.673237779498431905e+02,-3.375705766655643458e+01,3.104041463242299681e+00,5.586618298309931561e+02,-3.254807102189799934e+02,3.028254839118040422e+02
1.918085924862178047e+02,1.468502407066048647e+02,1.604830801003278566e+03,7.607171079783920220e+01,-1.022602370141774664e+01,1.306275907747130532e+03,2.239744277323505059e+02,3.182642116423663197e+02,1.317943435596824884e+03,6.505212067790134256e+01,-1.009609398393186410e+02,1.015218044240797553e+03,2.946717091963181474e+02,4.912627218051335376e+02,1.135973612236414965e+03,1.823377314990152627e+02,-6.715579492622981661e+01,8.305562523618663135e+02,4.918080008192634409e+02,4.174065946012496511e+02,9.821045755799772223e+02,-5.350151223514356502e+01,2.312321197719266763e+02,7.691796366563427227e+02,2.067323001276128593e+02,4.102638228154335138e+02,8.236685064935829814e+02,1.448561029717332076e+02,-3.813198254246292773e+00,4.598228515820445637e+02,3.856900077884727693e+02,6.879779439997375334e+01,6.026574354719224402e+02,-1.157141168373198470e+00,8.661198451016135280e+00,3.603710795945731959e+00,5.484687871167185449e+02,-7.037811810656813805e+01,1.576300840843676383e+02,2.673728895444057230e+02,-3.456703306981026458e+01,2.914560665448520549e+00,5.623030710015016211e+02,-3.205872910502827153e+02,2.937815586923780415e+02
1.932041728025672001e+02,1.538273599320585561e+02,1.594770314502875408e+03,7.679262830476558577e+01,-2.374526750588401569e+00,1.294558077293410634e+03,2.263122061832702627e+02,3.233691523248744488e+02,1.309873250293949013e+03,6.186848497499208577e+01,-9.326452363333568485e+01,1.004406595853567183e+03,3.056415006760227584e+02,4.992810104980760570e+02,1.139476488538935428e+03,1.640443474245346351e+02,-6.680668629607572484e+01,8.046811146901811753e+02,5.048379358583866860e+02,4.413191666718211650e+02,9.838079134607855849e+02,-5.425745532102728674e+01,2.400630440757933854e+02,7.604057396907171551e+02,2.063902330807171381e+02,4.186997512016358201e+02,8.137511983244869498e+02,1.480390766831170879e+02,-3.254061761720750123e-01,4.580159505234618678e+02,3.847368185894860062e+02,7.909645346620379769e+01,5.871860666887145044e+02,-6.093706608358414600e-01,9.874868514651357287e+00,3.411177633028339873e+00,5.525595890067994560e+02,-5.929436644146466762e+01,1.425827137147163626e+02,2.676285841894180635e+02,-3.489118379196752073e+01,2.661859864185802227e+00,5.663674885551123452e+02,-3.096665724709520759e+02,2.822742673178182713e+02
1.945133567133410395e+02,1.605871600034803350e+02,1.583946453671331483e+03,7.757258551149074322e+01,5.659629773004576592e+00,1.282280173194222243e+03,2.286571356830473007e+02,3.282206402606879010e+02,1.301455559227922549e+03,5.835430075155435503e+01,-8.625146418653541502e+01,9.929663469008213497e+02,3.171595576831782068e+02,5.063539923960036049e+02,1.143080327258612670e+03,1.443316917165804796e+02,-6.623968116939383322e+01,7.791731728837240780e+02,5.183119151583420035e+02,4.657853439754429701e+02,9.871898606676601275e+02,-5.456714332653064758e+01,2.487056456475800417e+02,7.505623596953422521e+02,2.054944998038673702e+02,4.269306382555489563e+02,8.028291800458140415e+02,1.522655033052273552e+02,3.675816982257567922e+00,4.559773820309636676e+02,3.854489370095141680e+02,9.089060659216268334e+01,5.732590640631574388e+02,6.172190104449062908e-02,1.124269956655136937e+01,3.073935197898515881e+00,5.550385722518460625e+02,-4.190955103872924781e+01,1.282647417266475713e+02,2.680202348735062969e+02,-3.503217737596261117e+01,2.235674734969256061e+00,5.712407274521650606e+02,-2.925101758066940647e+02,2.683975377575187053e+02
1.958081967309729521e+02,1.670569705060931938e+02,1.572607033763356412e+03,7.841839580993712389e+01,1.393745410861567535e+01,1.269523184176357745e+03,2.310588249992919998e+02,3.329492047091895870e+02,1.292928070722098710e+03,5.432589585005832333e+01,-7.956494282529151008e+01,9.810335847405708591e+02,3.289920505191973348e+02,5.129538721148055629e+02,1.146675210369433444e+03,1.231566592129112507e+02,-6.538730364070829637e+01,7.543329317443210584e+02,5.318541066623573670e+02,4.907418069232585367e+02,9.919120328480177022e+02,-5.434970374708192509e+01,2.571807287204225076e+02,7.399767322807375649e+02,2.042319020421428775e+02,4.352306091283510909e+02,7.912728370533518500e+02,1.574270449555980349e+02,8.051027172475613725e+00,4.537830635376013788e+02,3.878945193392405031e+02,1.041727382782785014e+02,5.607414253049901163e+02,8.923077465925468577e-01,1.269333621694210201e+01,2.564381931136512360e+00,5.562925121030480113e+02,-1.889922225717179671e+01,1.149413162800344708e+02,2.684487481415296770e+02,-3.532426940660862158e+01,1.538230702384780546e+00,5.768823728343304538e+02,-2.692713382719838933e+02,2.526522174229792483e+02
1.971550848549441639e+02,1.731886698754557017e+02,1.561015314728633939e+03,7.933565136993527744e+01,2.242042751817259472e+01,1.256268316631095331e+03,2.335673301586304831e+02,3.376488328735323989e+02,1.284472642061740771e+03,4.964447517594293657e+01,-7.293820533225448344e+01,9.686371905730289882e+02,3.408781970957809335e+02,5.196325484588045356e+02,1.150107855572751532e+03,1.006470383933801855e+02,-6.433068527103773704e+01,7.302147804861033364e+02,5.452267315824597063e+02,5.160094083445159185e+02,9.977665340145545088e+02,-5.363368940162729359e+01,2.654514738606351898e+02,7.289805690586593983e+02,2.028437587674294775e+02,4.439642844824270469e+02,7.794142134338953838e+02,1.632655677231774121e+02,1.255929564142796728e+01,4.514699016557791538e+02,3.920062858381554065e+02,1.188032274651519202e+02,5.492992777842162013e+02,1.873483326065894516e+00,1.420771852475374253e+01,1.885740520032669565e+00,5.563696425964953960e+02,8.763127213250600178e+00,1.029292751429224353e+02,2.688205334145307575e+02,-3.597588568720365743e+01,5.216572705740479821e-01,5.828977706985670011e+02,-2.404501134571902412e+02,2.357468187478328616e+02
1.985796692708522073e+02,1.790336323360034214e+02,1.549375940009744227e+03,8.034938323057033926e+01,3.099231279920831028e+01,1.242468956219914389e+03,2.362040296372695138e+02,3.424276565917363087e+02,1.276145723959606130e+03,4.420812804983536637e+01,-6.632862891005315475e+01,9.558006355899151458e+02,3.525580181842677803e+02,5.268931720620519172e+02,1.153191708991059159e+03,7.715093455691413737e+01,-6.313315077927472885e+01,7.067882010284248508e+02,5.583271380406116577e+02,5.413117059862843234e+02,1.004689979547771827e+03,-5.255035901468833970e+01,2.734839349862573954e+02,7.177830872467416157e+02,2.015483595406754205e+02,4.534796878418576966e+02,7.674173642029167013e+02,1.694188970164913428e+02,1.692054212386185341e+01,4.490365841180094435e+02,3.975790048919302535e+02,1.346078339071917185e+02,5.384698339089170531e+02,2.933819055361765571e+00,1.581418278684601475e+01,1.095814216338852898e+00,5.551285358973766506e+02,4.019846105751643961e+01,9.244088347627071300e+01,2.690789638974934519e+02,-3.698922933743115493e+01,-7.905097050036692385e-01,5.887691258194585089e+02,-2.067298599225096609e+02,2.182902216355770975e+02
2.000530132113134982e+02,1.848014984981134035e+02,1.537788822272392053e+03,8.149420543332711020e+01,3.953037961704038139e+01,1.228154553911375388e+03,2.389475212392401318e+02,3.474606306807989426e+02,1.267877135588209967e+03,3.794463084629072824e+01,-5.984936264813624973e+01,9.426896786710249216e+02,3.637876376663431301e+02,5.350866088215294667e+02,1.155809845675953284e+03,5.319433797301363853e+01,-6.167983362952418958e+01,6.841753821646912002e+02,5.711221492929546457e+02,5.663470016244884846e+02,1.012759794654684129e+03,-5.127814517922401905e+01,2.813279301134052162e+02,7.064328831948195102e+02,2.004777672313836092e+02,4.640250301771954469e+02,7.552602536261148316e+02,1.755294756744926303e+02,2.091901668094200417e+01,4.464759412799034521e+02,4.043442266448855662e+02,1.515392482061297983e+02,5.277731814357011899e+02,3.949735066718620846e+00,1.754050181513161988e+01,3.058117181716691890e-01,5.524297849746058091e+02,7.496430721123579133e+01,8.349305118401044012e+01,2.692210005460136699e+02,-3.819037034332936287e+01,-2.312306433177959697e+00,5.941344716291180248e+02,-1.686723069661839816e+02,2.005314997013103664e+02
2.015075110519152588e+02,1.908499347044164836e+02,1.526253270504074862e+03,8.278188825591536215e+01,4.797609734915573654e+01,1.213514823553275846e+03,2.417377817192354428e+02,3.529856693575430882e+02,1.259537413128169192e+03,3.083049606671780651e+01,-5.357821959314139093e+01,9.297030879982718261e+02,3.743407527929476828e+02,5.443597880064404535e+02,1.158038166018999846e+03,2.937026446639292843e+01,-5.966398628215313948e+01,6.628191558803712269e+02,5.835621770946692095e+02,5.908881628991964590e+02,1.022168443620813150e+03,-4.996097641504136533e+01,2.891519089324591505e+02,6.948849302668317023e+02,1.996521950273060497e+02,4.756968796202532417e+02,7.428329243998867923e+02,1.813674630782539339e+02,2.449884563578014252e+01,4.438248615236740875e+02,4.120744458379047614e+02,1.697760090883507189e+02,5.168383704210484666e+02,4.792310221282789051e+00,1.935896455921326620e+01,-3.520043819572145627e-01,5.482566984161122718e+02,1.131780573580629294e+02,7.592040969991157340e+01,2.692958173964381103e+02,-3.934561407467421645e+01,-3.932084583752703200e+00,5.989748730056661543e+02,-1.264111539335385999e+02,1.823049669842670255e+02
2.028718749221120277e+02,1.975957573453790417e+02,1.514713552089511495e+03,8.417444747576669783e+01,5.637341310992516696e+01,1.198910015892148067e+03,2.444955442866827013e+02,3.592328659941499041e+02,1.251028026712341671e+03,2.293086585793824383e+01,-4.740614075295766838e+01,9.174329370011802212e+02,3.840159441785983176e+02,5.546528202721731304e+02,1.160168239566790589e+03,6.218812631000199431e+00,-5.673654678636783188e+01,6.434686874725376811e+02,5.955175181825098889e+02,6.148403435900411296e+02,1.033146919429305171e+03,-4.864546524806942074e+01,2.971881395287078362e+02,6.831134868958948800e+02,1.989924414879441485e+02,4.884120572399908156e+02,7.300778792129651720e+02,1.868989849119868438e+02,2.779775668547771872e+01,4.411951825180648257e+02,4.206484091131414971e+02,1.896721901066428586e+02,5.055116749088006713e+02,5.393828408847158862e+00,2.116847262830560084e+01,-7.767998161833407078e-01,5.427191657708592629e+02,1.553391864852711421e+02,6.947151285199149129e+01,2.693882214841174800e+02,-4.029629181000225202e+01,-5.555578386055560536e+00,6.036121171895474617e+02,-7.955993886445823193e+01,1.632318464217272833e+02
2.041069061770762119e+02,2.053888493536927911e+02,1.503110690657500072e+03,8.558994054072817903e+01,6.487688671174782939e+01,1.184782117072620622e+03,2.471522232905923318e+02,3.663308023605996482e+02,1.242332887557839967e+03,1.442139890026307469e+01,-4.103858374254899388e+01,9.065038760516987395e+02,3.926657706888335611e+02,5.657186375304770536e+02,1.162572535443567631e+03,-1.585257585638669298e+01,-5.270951075195953450e+01,6.269728604330857706e+02,6.067653751601030763e+02,6.381905760765389459e+02,1.045836105038440792e+03,-4.727788948671786073e+01,3.056076967816165393e+02,6.711823959890926972e+02,1.983524382988147181e+02,5.019058928999785394e+02,7.170705361653861019e+02,1.922578817697759632e+02,3.109538982103127935e+01,4.387506349706185915e+02,4.300379118862267660e+02,2.115868329099406537e+02,4.939051727998934211e+02,5.793877111267039304e+00,2.282953733093102855e+01,-9.460711153236258664e-01,5.359737580456906016e+02,2.019186980941943261e+02,6.392078300589888329e+01,2.695918138632476371e+02,-4.103733157970971490e+01,-7.130623357615628599e+00,6.085162419042590045e+02,-2.746370562088135614e+01,1.430654983252265424e+02
2.052283845712202037e+02,2.144103130854598760e+02,1.491407348251942267e+03,8.694343512582162248e+01,7.374557580293533476e+01,1.171498658178107462e+03,2.496833395573721077e+02,3.742494766801415835e+02,1.233502316192345916e+03,5.551458092260541655e+00,-3.413106821435931693e+01,8.973785251811852959e+02,4.002363009678548451e+02,5.771476464479687820e+02,1.165487706681549980e+03,-3.659347665450579257e+01,-4.767093354086962620e+01,6.139852196397458783e+02,6.170343361403397466e+02,6.608584619225814549e+02,1.060167416848204539e+03,-4.576724917717844221e+01,3.144041983794089674e+02,6.592260385867663217e+02,1.975536451719937361e+02,5.157764062927766417e+02,7.039851855756102168e+02,1.976371511673093551e+02,3.469912561908907378e+01,4.366293447779204939e+02,4.402320762124021485e+02,2.357148354713120000e+02,4.823474818451024930e+02,6.127486555939243296e+00,2.422716132739357775e+01,-9.306724123727008191e-01,5.281335916147851322e+02,2.529328598202346541e+02,5.912672924183647893e+01,2.699795243395276430e+02,-4.170058799225035528e+01,-8.645675542391689561e+00,6.140254963435257878e+02,3.030566855546399907e+01,1.219623158835500902e+02
2.063108688836632325e+02,2.246375954320918140e+02,1.479583003545937572e+03,8.819478535502953775e+01,8.332552080893260893e+01,1.159214142058240895e+03,2.521317923175448072e+02,3.828124152542984575e+02,1.224598102465509328e+03,-3.453601586724987627e+00,-2.643684030599985491e+01,8.902370891435670046e+02,4.067819638583424648e+02,5.884191473347318606e+02,1.168877724943370595e+03,-5.589146373002350288e+01,-4.194282186302385895e+01,6.047430173757524017e+02,6.260840580044838362e+02,6.825619890990170688e+02,1.075840806435589229e+03,-4.407512383850937709e+01,3.233730647041009547e+02,6.473724338941557335e+02,1.964173487481823486e+02,5.295881694539093587e+02,6.909819856397751892e+02,2.031626476932144669e+02,3.882539943404817251e+01,4.348562064797441167e+02,4.511549782878472001e+02,2.620362292490271443e+02,4.712369367522799735e+02,6.552355897274183327e+00,2.531794861445514400e+01,-8.679591211615611535e-01,5.192251974441039692e+02,3.077588823813072167e+02,5.501570804600221010e+01,2.705811230352372263e+02,-4.246085217272597134e+01,-1.011515114723011699e+01,6.201295537346881019e+02,9.351742225149540388e+01,1.005079839078454285e+02
2.074715258408143654e+02,2.358831415756360741e+02,1.467626200885010348e+03,8.936497504919712753e+01,9.400732051937370670e+01,1.147838424522719151e+03,2.546032510340143062e+02,3.917714869023710094e+02,1.215659485034542740e+03,-1.250048306368973172e+01,-1.785257703911851479e+01,8.849912273201540529e+02,4.124268648025877155e+02,5.990272382935997939e+02,1.172491407531214918e+03,-7.373001645983053720e+01,-3.592603712143517924e+01,5.990440987329855034e+02,6.337738449553002056e+02,7.028496228519491069e+02,1.092430772650677000e+03,-4.226831098457743963e+01,3.322171016120645390e+02,6.356859923556435206e+02,1.948023741827095421e+02,5.430141613827572655e+02,6.781121482533685594e+02,2.088179825131054201e+02,4.353807443873925109e+01,4.333061249855816754e+02,4.626282541107814836e+02,2.904099306950616324e+02,4.608580724859796192e+02,7.156570561277722398e+00,2.613447893602163674e+01,-9.055423796899693123e-01,5.092000052013991080e+02,3.653225594122198459e+02,5.152867151485431663e+01,2.713749500147212075e+02,-4.342530232860912776e+01,-1.156874004025392111e+01,6.264258820510045780e+02,1.612227637229734967e+02,7.950199527789715148e+01
2.088376962660397282e+02,2.478829102127786257e+02,1.455548963669497425e+03,9.050356012838217623e+01,1.061477451798141516e+02,1.137137862969623939e+03,2.572250920281734921e+02,4.009109583133000001e+02,1.206724642525236732e+03,-2.167244807854785904e+01,-8.349808731291794572e+00,8.814063612843140163e+02,4.172814285585434391e+02,6.086889507067553495e+02,1.176077185676721911e+03,-9.013723686588207329e+01,-2.993970534639578318e+01,5.964231368520397609e+02,6.400772792118081043e+02,7.213479273868308610e+02,1.109547950900529486e+03,-4.048826440904868207e+01,3.407254511166862017e+02,6.241804648770171298e+02,1.926508538177507717e+02,5.559552494388310606e+02,6.653200238439528675e+02,2.144581361260543417e+02,4.877375199561524965e+01,4.317484856528731143e+02,4.743910213896896266e+02,3.207355063619984890e+02,4.512586650074765089e+02,7.907818562450840361e+00,2.675233189558611713e+01,-1.142018987644319639e+00,4.979681044742740141e+02,4.245536361786984116e+02,4.858352186655254457e+01,2.722959118528594331e+02,-4.457224541424650255e+01,-1.304750817134311269e+01,6.322524210853847535e+02,2.321429467551289179e+02,5.966650780046865066e+01
2.105066051831880714e+02,2.603982732795359425e+02,1.443418058200583800e+03,9.162349359236516477e+01,1.199670201441754216e+02,1.126903718945801756e+03,2.600828588083087425e+02,4.101370827425789116e+02,1.197883134413607877e+03,-3.117198060525396386e+01,2.122441125301367748e+00,8.792417991227114271e+02,4.213638053972925377e+02,6.175468323551633603e+02,1.179587277842510957e+03,-1.051308641465174816e+02,-2.413717893387880764e+01,5.964005461748183734e+02,6.450374459068226543e+02,7.380838324728498492e+02,1.126929256158900898e+03,-3.884612294059325421e+01,3.489198552749703026e+02,6.128808266125898854e+02,1.900272502083876986e+02,5.685719672922678001e+02,6.525380110032493803e+02,2.199010977098589876e+02,5.443291356583355167e+01,4.299467622548288546e+02,4.861485771574330101e+02,3.530647310840033697e+02,4.422581116056251176e+02,8.680642762588327344e+00,2.724505687185466840e+01,-1.589821321369941698e+00,4.854194795474589341e+02,4.848184795619764031e+02,4.607231524491713515e+01,2.732564312162439251e+02,-4.577307274761838585e+01,-1.459616575306511876e+01,6.368994691462198716e+02,3.052624344497082234e+02,4.147340530721069740e+01
2.125091590981854779e+02,2.733000469288582508e+02,1.431372392233361325e+03,9.264141667093211652e+01,1.354611785997734899e+02,1.117077371662522637e+03,2.631677429764295084e+02,4.195169064811641420e+02,1.189297872598253889e+03,-4.120026868128970676e+01,1.366999505969165973e+01,8.783227409234558536e+02,4.245804640306037641e+02,6.262183652982880631e+02,1.183206386075293040e+03,-1.186679168274988427e+02,-1.850592463717738667e+01,5.986394859324452682e+02,6.487008845128759731e+02,7.536247471190638407e+02,1.144382176442347145e+03,-3.730777829656279465e+01,3.570780796087609588e+02,6.018669551044004038e+02,1.871232252585176923e+02,5.812054079455849660e+02,6.397947249652597748e+02,2.250459102579449393e+02,6.047742300253520398e+01,4.277503319442518546e+02,4.976059695202338276e+02,3.875876805970756322e+02,4.335765628449114502e+02,9.345638619477341535e+00,2.765187858893004602e+01,-2.172946504031437076e+00,4.714292957819776007e+02,5.460380732686703595e+02,4.387396597419571265e+01,2.741718774925721505e+02,-4.688110645423446954e+01,-1.624518550400016537e+01,6.397794147015821409e+02,3.802240428016683040e+02,2.516691683168693316e+01
2.147903904455865245e+02,2.866161606665073691e+02,1.419601850792015739e+03,9.336098989906975021e+01,1.523808496972100386e+02,1.107760670373120320e+03,2.663646841385188395e+02,4.292544373372626865e+02,1.181157593233554735e+03,-5.186556540825170458e+01,2.640566278986525717e+01,8.785260824574323806e+02,4.267777502303114829e+02,6.356056486299635253e+02,1.187178090812480832e+03,-1.306176774188807883e+02,-1.290807333835853754e+01,6.029324166029531398e+02,6.510791724340432438e+02,7.688679947565719885e+02,1.161631171085065716e+03,-3.564736086526775694e+01,3.656199514552210417e+02,5.912549581366229177e+02,1.842094630315710333e+02,5.942287911102271210e+02,6.272508664649267303e+02,2.299521813188079591e+02,6.697671915900963313e+01,4.251265348027067148e+02,5.084586290104480213e+02,4.245107402183758722e+02,4.249923646650095748e+02,9.864097696623518985e+00,2.797238104476177156e+01,-2.756749983315293306e+00,4.558791370868383979e+02,6.083979939188911885e+02,4.185812303603675133e+01,2.749800308652053218e+02,-4.782993087459179549e+01,-1.799283888842764867e+01,6.404924524000618931e+02,4.572500671302709065e+02,1.090266069498940382e+01
2.172143075906421075e+02,3.005313529913593129e+02,1.408292116920007174e+03,9.351816040548540343e+01,1.703092562262631304e+02,1.099124911078925834e+03,2.694822855946589470e+02,4.396224694076639139e+02,1.173584028665348342e+03,-6.318586301953846629e+01,4.039010195066965281e+01,8.797315833795154276e+02,4.278200166404469087e+02,6.465379700695876863e+02,1.191564413129182640e+03,-1.407733418802413894e+02,-7.123485770633885217e+00,6.090780839991691664e+02,6.521577622882034575e+02,7.845621594092449413e+02,1.178200460236952267e+03,-3.350573287663333844e+01,3.749258916806879824e+02,5.811368356614941604e+02,1.815454780504568930e+02,6.079138170396273608e+02,6.151383572330244078e+02,2.348394064578137943e+02,7.408583271339658438e+01,4.221257403524551250e+02,5.183484366526728309e+02,4.639192055814444871e+02,4.164157128251030713e+02,1.033125058885547176e+01,2.818997754584932736e+01,-3.195042062611915590e+00,4.387264594227800671e+02,6.718322201894690124e+02,3.987929968173577322e+01,2.756491397813981052e+02,-4.867801853149041591e+01,-1.980505751804949455e+01,6.388082101875436365e+02,5.366463132613483822e+02,-1.149860148612602107e+00
2.195900825972032067e+02,3.153314367638432714e+02,1.397564686294723288e+03,9.287866357020809005e+01,1.888277061838701911e+02,1.091293188293936282e+03,2.722973852852203436e+02,4.508880889089179504e+02,1.166564946211765346e+03,-7.516102110926294699e+01,5.564017600544589470e+01,8.818032459681513728e+02,4.276322274946606967e+02,6.594522235233293941e+02,1.196129658564235342e+03,-1.488908695968704308e+02,-8.856721613582656527e-01,6.167873190007729818e+02,6.519331638877624755e+02,8.008636243080533177e+02,1.193439918015740659e+03,-3.052231452396813083e+01,3.851944306176650343e+02,5.715388278245650326e+02,1.792899193520822507e+02,6.223850704566033301e+02,6.036492915499444507e+02,2.400122682048493346e+02,8.198712296295185809e+01,4.188105862519475409e+02,5.268271006296165524e+02,5.057241263461273775e+02,4.078316647885405928e+02,1.094453244455669605e+01,2.831262313340189607e+01,-3.375050571850141345e+00,4.201073100491196897e+02,7.356294436244706958e+02,3.777751841195409099e+01,2.761772875942162955e+02,-4.957232181433067808e+01,-2.163908837583655398e+01,6.346182429969919667e+02,6.182415689837602031e+02,-1.084045001597969637e+01
2.217054230257407994e+02,3.313025819673539445e+02,1.387444508259710574e+03,9.134915486910871607e+01,2.077101393786561232e+02,1.084271100413659497e+03,2.745846877256949483e+02,4.632695374248843905e+02,1.159972291130107578e+03,-8.781840062945776992e+01,7.221486666844315039e+01,8.846205382450906427e+02,4.261821535715993150e+02,6.743057413397918936e+02,1.200444723246499052e+03,-1.547159747565470411e+02,6.091998682958724487e+00,6.257171425248510559e+02,6.504427950115060639e+02,8.172396462259042664e+02,1.206683802594070585e+03,-2.646267888100070209e+01,3.964122737311097353e+02,5.624357609971032161e+02,1.774604928538866204e+02,6.376772719246295082e+02,5.928477297915443387e+02,2.457604450904468933e+02,9.084862156826427793e+01,4.151861763263563034e+02,5.333745026233298177e+02,5.497295773685436870e+02,3.991732477765931435e+02,1.191482129181907013e+01,2.840869139048846748e+01,-3.243540098336222588e+00,4.004044445840499975e+02,7.984449990629263993e+02,3.539177852262147184e+01,2.765887901049989637e+02,-5.065666802176675532e+01,-2.347601705680805395e+01,6.278933777994104730e+02,7.011510494110184482e+02,-1.818030303501045708e+01
2.233506869792875023e+02,3.486258023938006545e+02,1.377872495977914014e+03,8.904740877568328017e+01,2.270634876245105431e+02,1.077955052700526949e+03,2.761244554776387758e+02,4.769390755350647169e+02,1.153662871077780210e+03,-1.011541571270593494e+02,9.031027933341808023e+01,8.881217921353857037e+02,4.234334206539163006e+02,6.907609778572178811e+02,1.204140127958408357e+03,-1.579659755663473959e+02,1.411568416849088337e+01,6.356205592852741120e+02,6.477625817274317797e+02,8.328049925703541021e+02,1.217428640593936962e+03,-2.127015990832659753e+01,4.084354563396110507e+02,5.538003858600861804e+02,1.759649186794358116e+02,6.538446454520222915e+02,5.826507876086042188e+02,2.522911951852469770e+02,1.008315651257258736e+02,4.111498109326405483e+02,5.374893944069764302e+02,5.957682201874844168e+02,3.902501176208565425e+02,1.336808698699797127e+01,2.861594096050099623e+01,-2.805342797915609143e+00,3.802166720410874063e+02,8.587353116186407078e+02,3.256978132182044305e+01,2.769297510900798898e+02,-5.198333158762697792e+01,-2.533835886946557281e+01,6.186484176767804684e+02,7.840057643197061452e+02,-2.347164622713377824e+01
2.243267046035281567e+02,3.673193589288680982e+02,1.368758508712716321e+03,8.628697867735398574e+01,2.473395343537183351e+02,1.072196433865096196e+03,2.767039372627630769e+02,4.920495201423881895e+02,1.147597052822326532e+03,-1.149883316540449840e+02,1.102789724723683236e+02,8.923026118102246755e+02,4.193242208889806193e+02,7.084979242271580233e+02,1.207126938162073657e+03,-1.582793601658483738e+02,2.354690357187327265e+01,6.465035868223194484e+02,6.439735991207863890e+02,8.468833889750937942e+02,1.225410076966194310e+03,-1.501870784014082894e+01,4.211160377629512936e+02,5.456335209042579208e+02,1.746804354069466854e+02,6.710453760738274696e+02,5.728772807128506201e+02,2.597255695012166825e+02,1.121349042460596905e+02,4.064648983805325884e+02,5.388223876808407340e+02,6.438031121190992963e+02,3.808202787738905499e+02,1.529136771077850376e+01,2.911519959522971845e+01,-2.095545919609747010e+00,3.602325256566155645e+02,9.153477883904450891e+02,2.915253575383022167e+01,2.772601021486132709e+02,-5.347795686813621785e+01,-2.728044213963512021e+01,6.069117679044222768e+02,8.654614008926748738e+02,-2.731186166568562967e+01
2.244431173079773885e+02,3.872570379307254598e+02,1.360052549411393557e+03,8.346978334212241180e+01,2.691893132274225877e+02,1.066876362610526940e+03,2.761302279865461742e+02,5.087389225266051085e+02,1.141896463245668656e+03,-1.288432327424169728e+02,1.325445359062518378e+02,8.971467955635258704e+02,4.137972063931159710e+02,7.274404134662501065e+02,1.209630709200187312e+03,-1.551981321237061309e+02,3.484346645467726944e+01,6.586684372536127512e+02,6.391204033811924319e+02,8.594418664572079933e+02,1.230542011206678580e+03,-7.801828637934127286e+00,4.343940811667459343e+02,5.379442626324968160e+02,1.735302518083248913e+02,6.895513182754629042e+02,5.633289644483935490e+02,2.681439093106000655e+02,1.250296517293820671e+02,4.007675483100968563e+02,5.372880729054335234e+02,6.939177424197808932e+02,3.707775528005796559e+02,1.755549690680116726e+01,3.008150669450516901e+01,-1.135013672932806639e+00,3.410776349546315487e+02,9.679020241733031753e+02,2.493978987933612501e+01,2.776373907202663531e+02,-5.497065644473453716e+01,-2.935875833845891236e+01,5.927098805635972667e+02,9.446404737629189867e+02,-3.045663163210397428e+01
2.235203871434501082e+02,4.082469332368158916e+02,1.351803147718856962e+03,8.092967721388808400e+01,2.932051799065729938e+02,1.061954436536563890e+03,2.742564047135489318e+02,5.270886522415423769e+02,1.136804405772507153e+03,-1.419619541448322195e+02,1.574563693965799303e+02,9.025274567301295292e+02,4.068510088189057115e+02,7.477797224801328184e+02,1.212013134713934278e+03,-1.482545105442270028e+02,4.853061294240951185e+01,6.725991852596015406e+02,6.331814734994410401e+02,8.711654374977385942e+02,1.232778467216134004e+03,3.776384901649030290e-01,4.483109996418570518e+02,5.307034156333913870e+02,1.725101616908414712e+02,7.096858777832994747e+02,5.538654857676575602e+02,2.776326668128672850e+02,1.398390717346055112e+02,3.936205381630999227e+02,5.330932229628141386e+02,7.461938273780325517e+02,3.603303075234592256e+02,2.000628456423592283e+01,3.164127104810189195e+01,1.162780122812427930e-01,3.232090373533408751e+02,1.016751895621261383e+03,1.967988598967354008e+01,2.780903627851332658e+02,-5.626853013507307111e+01,-3.159928897092244426e+01,5.760762373770179465e+02,1.021258027065264969e+03,-3.363023050923473534e+01
2.214001353556026004e+02,4.301308117476660300e+02,1.344174135116941216e+03,7.880065720746614488e+01,3.196682410049057808e+02,1.057476270009363134e+03,2.710080830239382408e+02,5.470705167195864078e+02,1.132578900696042865e+03,-1.534991255384281601e+02,1.851620515525583812e+02,9.081479007044880518e+02,3.985535653406748793e+02,7.698581470096318071e+02,1.214488263715142011e+03,-1.371689660681460339e+02,6.504877440204889183e+01,6.887579913926915651e+02,6.260489119200572077e+02,8.832129963813641780e+02,1.231995788288486210e+03,9.666227191407111619e+00,4.629596503693381351e+02,5.238229914643421807e+02,1.716527411443883864e+02,7.317309642945235737e+02,5.444490707547736292e+02,2.882850118196792550e+02,1.568633531465473538e+02,3.846142376447890001e+02,5.266487864879561585e+02,8.005497459220117662e+02,3.500443072398370532e+02,2.258232639599959413e+01,3.386468386648394358e+01,1.791533905326563758e+00,3.068822386505759141e+02,1.062597977517888694e+03,1.313119157308112150e+01,2.785911850528321452e+02,-5.722761806105939542e+01,-3.397635626283950927e+01,5.570774782898727153e+02,1.095417845879380593e+03,-3.739993849698125672e+01
2.179506227775781895e+02,4.528715227822789871e+02,1.337403879554803780e+03,7.697184597599832045e+01,3.484394850714699032e+02,1.053537125467183841e+03,2.663978227400891683e+02,5.685665362331925508e+02,1.129385646444111671e+03,-1.628041356109870321e+02,2.155517358499637908e+02,9.135608314349726697e+02,3.889802350028822389e+02,7.940802802596615493e+02,1.216881559947295727e+03,-1.220660761288598195e+02,8.453628465808135672e+01,7.074216137874340120e+02,6.174970533042454690e+02,8.968871850093295279e+02,1.227947684522594727e+03,2.035856355925029959e+01,4.784300393939642504e+02,5.171919009704664631e+02,1.709576333720450521e+02,7.558475090950439608e+02,5.351501866454523224e+02,3.001426940997394013e+02,1.762986278401533298e+02,3.734792477885271182e+02,5.183814073277951593e+02,8.566324952941645279e+02,3.407077857319449663e+02,2.541416097439044108e+01,3.680892277830466242e+01,4.118061381537304833e+00,2.921787970611399032e+02,1.106020284486122819e+03,5.190237707709337123e+00,2.790507270088006635e+02,-5.778603360467348438e+01,-3.641341243545715400e+01,5.358418214234894776e+02,1.167256288499152788e+03,-4.217104776411652267e+01
2.130454926554032227e+02,4.766134629724549541e+02,1.331711174466626971e+03,7.514422359401226004e+01,3.790657217202244738e+02,1.050200896735469541e+03,2.605255702565318643e+02,5.915211682449541968e+02,1.127237944440472120e+03,-1.696566283629742884e+02,2.482779766984612309e+02,9.182310517875733922e+02,3.780948454011391391e+02,8.209585081441800867e+02,1.218510842933554841e+03,-1.035630314236598224e+02,1.067296782155699191e+02,7.286502306083431222e+02,6.071315629608541258e+02,9.134172979114923692e+02,1.220257656199563144e+03,3.285992397861869563e+01,4.948071479255895042e+02,5.107463443022442675e+02,1.703379953928078976e+02,7.820300941938324968e+02,5.261127396244952479e+02,3.131117020283745092e+02,1.982147698854094813e+02,3.601539519076068245e+02,5.085113179068669638e+02,9.138135866450127196e+02,3.330773945179458337e+02,2.887919828876698602e+01,4.060627738355610461e+01,7.374573163588450164e+00,2.790847878542851390e+02,1.147198856979107404e+03,-3.990351367611939537e+00,2.793643140439978083e+02,-5.793623373581522173e+01,-3.881516068703072619e+01,5.125943879630218589e+02,1.236648110964132457e+03,-4.826317598546316390e+01
2.065109643947853897e+02,5.017044166091725970e+02,1.327175451476675562e+03,7.295495072348055032e+01,4.110388401419241404e+02,1.047383070844352005e+03,2.535685134622956696e+02,6.161859701936797364e+02,1.125977502340443152e+03,-1.743359029909746312e+02,2.828062715815408410e+02,9.215585627337178494e+02,3.656314389925624369e+02,8.512261792320874747e+02,1.218166273452093037e+03,-8.264540699852011585e+01,1.311549989679260193e+02,7.523769699757860963e+02,5.943465990700724433e+02,9.338629711017802038e+02,1.208367587967160034e+03,4.763325125169100005e+01,5.122290440180892119e+02,5.045215633130001152e+02,1.696211446411516306e+02,8.100870545969272598e+02,5.174834382341327910e+02,3.269075784090533716e+02,2.226131215432316424e+02,3.447722874588162654e+02,4.968985388663341496e+02,9.712677598035440951e+02,3.276121868583402943e+02,3.360138172494812636e+01,4.556589745683871939e+01,1.180874911969732288e+01,2.676210539161211841e+02,1.185923686684021959e+03,-1.399721028468031570e+01,2.795077701721177732e+02,-5.763952575434007031e+01,-4.113276063228889257e+01,4.877261876549156909e+02,1.303096939884017274e+03,-5.597268160761964140e+01
1.980729361858068103e+02,5.286610705332722091e+02,1.323641372329253954e+03,7.011651720560074352e+01,4.440371661059295434e+02,1.044737151623678301e+03,2.457547595677334868e+02,6.433129766820948134e+02,1.125261338179874429e+03,-1.774799719648825942e+02,3.184296798266366295e+02,9.228158915795455641e+02,3.510308679586178187e+02,8.858231159526461624e+02,1.214141820548008127e+03,-6.038379458703543179e+01,1.575828055458014774e+02,7.785252867008604198e+02,5.783464570373359948e+02,9.589929716301239750e+02,1.191424177182434732e+03,6.512696933361068830e+01,5.309561827994571104e+02,4.986463772729926518e+02,1.686049532625778227e+02,8.396272397002987873e+02,5.093241483448702525e+02,3.410730005067900379e+02,2.495151091046364513e+02,3.275922018385921319e+02,4.830516611195178598e+02,1.028067341592425691e+03,3.242893404870743552e+02,4.038239924342923359e+01,5.223427281086922846e+01,1.754427101024996460e+01,2.579969048530930991e+02,1.221810169863539841e+03,-2.431282436986025175e+01,2.796337217066093217e+02,-5.671776712676084031e+01,-4.344075073772334861e+01,4.619053955207168656e+02,1.365809886482133834e+03,-6.554638796100799425e+01
1.873585174052415425e+02,5.580701872201691458e+02,1.320703381321689221e+03,6.653442111265329117e+01,4.779865360102089085e+02,1.041617881053184419e+03,2.373015755004387586e+02,6.741395017017204054e+02,1.124540423799864357e+03,-1.797616071842938368e+02,3.542087028176321724e+02,9.210646227192543165e+02,3.334554831585792272e+02,9.256007711613389120e+02,1.204338466650129021e+03,-3.765542976649429363e+01,1.864670695600860881e+02,8.070596453354817186e+02,5.582783668996282813e+02,9.890251946802777638e+02,1.168214092408194347e+03,8.567336777498937295e+01,5.513856892404949122e+02,4.932867818395770882e+02,1.671363658506861043e+02,8.700519531711399850e+02,5.015437578752622585e+02,3.550704623530666595e+02,2.789994813443080375e+02,3.089259856033360165e+02,4.663273810393176291e+02,1.083242037716116556e+03,3.225564423433754087e+02,5.005493381232369643e+01,6.135590053888027740e+01,2.452439094182804524e+01,2.506986891176556753e+02,1.254551500749380239e+03,-3.457158178474244892e+01,2.800853402792062070e+02,-5.478211994566114384e+01,-4.597765614448303495e+01,4.361757413663663669e+02,1.423880360487036796e+03,-7.706259411969018913e+01
1.739859007532567716e+02,5.904497143776582107e+02,1.317789473927688050e+03,6.239536194756129817e+01,5.129188713342365418e+02,1.037185259253902132e+03,2.282994403874384375e+02,7.101105576453242065e+02,1.123047175157709944e+03,-1.814466915110253069e+02,3.888784721872173122e+02,9.152111918733326092e+02,3.118843660186924467e+02,9.707940964811450613e+02,1.186511466303881207e+03,-1.503460889608053108e+01,2.190144796247696775e+02,8.379344803922818983e+02,5.334694326832811839e+02,1.023308075558776522e+03,1.137313062616951584e+03,1.093749392645941469e+02,5.739851374438837865e+02,4.885789581216538977e+02,1.651658978629571664e+02,9.005765458205966070e+02,4.938878359173158401e+02,3.684118613180517059e+02,3.111450432554784129e+02,2.891233725304304016e+02,4.462471753915726254e+02,1.135816655377742109e+03,3.214397815537245719e+02,6.328241010223076302e+01,7.370999127155209862e+01,3.253071178547388342e+01,2.464060705713247899e+02,1.284073259818496354e+03,-4.476452709825169762e+01,2.812674246159466520e+02,-5.125363942718776400e+01,-4.910005942351168784e+01,4.119322767149017750e+02,1.476489797112099268e+03,-9.028387142525693321e+01
1.577187395592386281e+02,6.261196460817517391e+02,1.314290950232223622e+03,5.823030317858786020e+01,5.487710368253111710e+02,1.030641525918637626e+03,2.185502079107291706e+02,7.524283386977235750e+02,1.119805840284975147e+03,-1.819178973218913598e+02,4.208507980796304651e+02,9.043438243765542666e+02,2.852959302767240501e+02,1.020507557848925899e+03,1.158674196033910221e+03,7.088542357947368977e+00,2.567253856205292664e+02,8.709708229285333800e+02,5.036923026336440898e+02,1.060195463489797248e+03,1.097501519870061202e+03,1.360287630246956780e+02,5.991830181733765812e+02,4.845885964549825644e+02,1.627462497623179161e+02,9.303073632727589484e+02,4.859986297440606791e+02,3.807694171720676763e+02,3.459120879814132081e+02,2.686095835691742764e+02,4.227813964798950224e+02,1.184878016460680783e+03,3.197901701175849212e+02,8.037723098242244646e+01,8.986219389885548026e+01,4.127964814569390484e+01,2.457117699461609845e+02,1.310544543854978883e+03,-5.525013158569780103e+01,2.833942127949410974e+02,-4.548567589941976763e+01,-5.313707526776402545e+01,3.906905237839585538e+02,1.523057148101197072e+03,-1.045792860006124840e+02
1.386117616543157851e+02,6.651168523622736757e+02,1.309640353320573013e+03,5.494351191200519224e+01,5.853108236645175566e+02,1.021509718323609491e+03,2.074176210700184981e+02,8.015876337939351970e+02,1.113657001520714175e+03,-1.792788408708270254e+02,4.484538294770489415e+02,8.883452623615092989e+02,2.529492943507910923e+02,1.072497377238239778e+03,1.119547416452935522e+03,2.824327566934324807e+01,3.005693700967342465e+02,9.057206938193384076e+02,4.693466829537713920e+02,1.097326347229537987e+03,1.048298425754448999e+03,1.651339643830940247e+02,6.272763141053375193e+02,4.813025592305889404e+02,1.599759837206192685e+02,9.583621190784400596e+02,4.775211648061385858e+02,3.920284117472627372e+02,3.830358860997593524e+02,2.479377873261815353e+02,3.964601805280959752e+02,1.229684378190509051e+03,3.165995246552239450e+02,1.012205420991753897e+02,1.099224901364169682e+02,5.055291930845152848e+01,2.487685068580414054e+02,1.334273393584927589e+03,-6.654404912228983449e+01,2.862278902656123591e+02,-3.693787384828369369e+01,-5.819125098443050348e+01,3.736849523878199193e+02,1.563290107803869660e+03,-1.189975281573343011e+02
1.170754129642254640e+02,7.071443729428349343e+02,1.303288206076086908e+03,5.377290756563714780e+01,6.222588975337382635e+02,1.009843441561886038e+03,1.937957098929942674e+02,8.570189396156289376e+02,1.103297179437807472e+03,-1.702089644707869809e+02,4.704685359173013808e+02,8.685786640516347461e+02,2.147436588280857848e+02,1.123380960581702766e+03,1.068891068584688810e+03,4.766096558190980659e+01,3.501803701424773863e+02,9.413764140255032089e+02,4.314651654192087449e+02,1.132267779304273290e+03,9.903547974348713296e+02,1.959792722049156168e+02,6.583764056144351571e+02,4.786335776123036112e+02,1.569257358459035174e+02,9.839738709171256232e+02,4.682139946194329809e+02,4.022786676145994988e+02,4.219784803437022447e+02,2.278055548728614781e+02,3.682711643320249095e+02,1.269754616274721911e+03,3.112869775124078728e+02,1.253170699095496872e+02,1.334056346643407096e+02,6.028773617583679822e+01,2.550772536760978255e+02,1.355549324896738653e+03,-7.900369125026506367e+01,2.889702366026821778e+02,-2.532132865433805335e+01,-6.397670166097775990e+01,3.614729272758193019e+02,1.597132563159835172e+03,-1.325006284788319135e+02
9.383454654676755524e+01,7.515348539790895757e+02,1.294642521901801956e+03,5.613468652313707707e+01,6.595125677491571423e+02,9.963125665422051043e+02,1.762994415881089196e+02,9.168971578645018781e+02,1.087381161393498132e+03,-1.502711049465508495e+02,4.868834067390536120e+02,8.483063069196241486e+02,1.715614574105088082e+02,1.169203635069102802e+03,1.007630401985373055e+03,6.432772639542496051e+01,4.034676116549935045e+02,9.767739957927659589e+02,3.915215155432497909e+02,1.163224648053124838e+03,9.255235436699255160e+02,2.277582520871014538e+02,6.923604061474306945e+02,4.764211888233244281e+02,1.536032790977311322e+02,1.006513455097779570e+03,4.580352733384571593e+02,4.117705198887728102e+02,4.619355863716025397e+02,2.090001434346870610e+02,3.394312811477325340e+02,1.304858775828752414e+03,3.038622733456028868e+02,1.519464764026895409e+02,1.592499064596942731e+02,7.055980846293765296e+01,2.635666260598452482e+02,1.374506717923549559e+03,-9.258568462063169591e+01,2.904271672207051438e+02,-1.065646341498795735e+01,-6.978764219980257622e+01,3.537652895515476530e+02,1.624666132201812843e+03,-1.442662231884939672e+02
6.980657865068634749e+01,7.972595024008834343e+02,1.283098333646222045e+03,6.332840312311137865e+01,6.973227142446797870e+02,9.821680872141039345e+02,1.536977386561627554e+02,9.781674333117581455e+02,1.064753553655712039e+03,-1.148068356339479124e+02,4.996564523217691089e+02,8.325014868131851244e+02,1.254339526954545079e+02,1.206181955508611509e+03,9.378042929313002105e+02,7.744297213627632459e+01,4.568935750243323923e+02,1.010552375398133222e+03,3.511013130136158793e+02,1.189473611083468541e+03,8.566068472010190362e+02,2.596532792225345929e+02,7.287925492131598730e+02,4.744351717055412792e+02,1.499964159641413346e+02,1.025424775440351368e+03,4.471948226759084832e+02,4.208614428569708252e+02,5.018850975408261093e+02,1.922621601810094205e+02,3.111787222075014938e+02,1.334912097339749607e+03,2.949193028864793860e+02,1.803380847457900984e+02,1.859952796447282992e+02,8.144568776395155396e+01,2.729260787193142050e+02,1.391073629724251759e+03,-1.067942785215483070e+02,2.894377183542317766e+02,6.764134986025679197e+00,-7.464401634322254608e+01,3.495921410417265633e+02,1.646069159071502781e+03,-1.539039389396283184e+02
4.594564935866655020e+01,8.430642644937717023e+02,1.268218691414922205e+03,7.613923005609849781e+01,7.363527489572907143e+02,9.690911389701639109e+02,1.254672306592418494e+02,1.036865876014481955e+03,1.034814137204172312e+03,-6.035268931898107070e+01,5.131719683357594022e+02,8.268850248671802774e+02,7.937967972575330577e+01,1.231439565642428306e+03,8.624080282428399187e+02,8.722422830079854350e+01,5.064761143742607032e+02,1.041543560348577330e+03,3.115528113778264583e+02,1.211351886690127003e+03,7.869255762762650193e+02,2.908684740247152263e+02,7.668358476993789736e+02,4.724040416722570512e+02,1.461825288875473063e+02,1.040148847303973071e+03,4.361654454415406121e+02,4.299574260507100121e+02,5.406928956296297883e+02,1.780878006481746354e+02,2.846744131447080122e+02,1.359869449569358721e+03,2.854620682632581747e+02,2.098152988423259160e+02,2.120814509798080678e+02,9.282589300837379653e+01,2.819903904502746173e+02,1.405030939141056251e+03,-1.208125672334713698e+02,2.854114188965496623e+02,2.647651659058821139e+01,-7.758242768532377909e+01,3.477052352508993067e+02,1.661702408089619894e+03,-1.614683573902735532e+02
2.309620089435973256e+01,8.877719982993579606e+02,1.249984269532585586e+03,9.444691014885763991e+01,7.776433701782865455e+02,9.589012327401553648e+02,9.223587272044835572e+01,1.088773105162185630e+03,9.979102766204540558e+02,1.377040055313737454e+01,5.340392330448491975e+02,8.363327256861506385e+02,3.688638632509697146e+01,1.243588357992529609e+03,7.851561852407030528e+02,9.574865717913164076e+01,5.493719063178739361e+02,1.069403832458476018e+03,2.737443326550447296e+02,1.229873744706088246e+03,7.198732890140199743e+02,3.206388740864259148e+02,8.052296288003060454e+02,4.700800026002880827e+02,1.424403933297286358e+02,1.050142698661928080e+03,4.256344453732241391e+02,4.394374045367541726e+02,5.773049576042957369e+02,1.665253001717488246e+02,2.609795775988055766e+02,1.379720151610932817e+03,2.766057733409464277e+02,2.398940595316962856e+02,2.362048874420988795e+02,1.042360329920182238e+02,2.899618636429014487e+02,1.416149196414757398e+03,-1.337183437754789281e+02,2.787405676392905889e+02,4.796934620866055354e+01,-7.798652737237286203e+01,3.469768758227580747e+02,1.672277268928376770e+03,-1.672754161159140551e+02
1.890816809540789345e+00,9.306584343462981224e+02,1.228939198168792700e+03,1.169944461531600695e+02,8.225131790645563115e+02,9.531147898250861772e+02,5.589578893212149779e+01,1.130298350224082014e+03,9.555783070679030970e+02,1.042594414535746097e+02,5.699865405282223492e+02,8.631522185628032275e+02,1.178200301087181767e+00,1.243039236791633584e+03,7.101307349082253495e+02,1.073192192053953988e+02,5.856694504551127238e+02,1.095288009830919918e+03,2.380053702945025691e+02,1.246209478973883733e+03,6.585402039605091886e+02,3.482577307302776148e+02,8.424070091408138978e+02,4.673212671354920644e+02,1.392808610626842380e+02,1.055044381538090875e+03,4.163792839720838970e+02,4.495612268919981034e+02,6.110145616232188104e+02,1.570497252682901603e+02,2.409975646274627366e+02,1.394586250112015023e+03,2.692362437080906830e+02,2.703375719366704288e+02,2.576632853115142439e+02,1.148535641122461755e+02,2.964007340034066829e+02,1.424333635461167432e+03,-1.446893983904597292e+02,2.708960184738341468e+02,7.080319142113314967e+01,-7.582258686256777480e+01,3.465978226722378395e+02,1.678956917413788233e+03,-1.716566649898981893e+02
-1.728589550698893618e+01,9.717082237291782576e+02,1.206111603026592093e+03,1.414488957572294794e+02,8.723601253853778417e+02,9.524416516530268382e+02,1.930114491563278278e+01,1.159338845832622837e+03,9.104852896045010766e+02,2.035938846568273277e+02,6.279262387478604523e+02,9.059370553255537288e+02,-2.547508110393415848e+01,1.231962459730559885e+03,6.412904681301614573e+02,1.278313327561725004e+02,6.197685112803352467e+02,1.122096787731071345e+03,2.042499871144660517e+02,1.261278555002821122e+03,6.054099937118895696e+02,3.731379967656378653e+02,8.767592100970260844e+02,4.641541769023836537e+02,1.373472046528347903e+02,1.054927148218040884e+03,4.090905912161597371e+02,4.603909305926955540e+02,6.417221188475726876e+02,1.486026526839835071e+02,2.253093668583939575e+02,1.404824389152225876e+03,2.637475279885086366e+02,3.011628093737430731e+02,2.766047291531458541e+02,1.236360325924049874e+02,3.010855682515102103e+02,1.429714157374382467e+03,-1.531587757214329599e+02,2.641502509950194053e+02,9.470998254103886893e+01,-7.168307951092559449e+01,3.460584089997151409e+02,1.683241861984639854e+03,-1.748173729710656801e+02
-3.427233444054361655e+01,1.011593620460433272e+03,1.182737391337799863e+03,1.647964558143648333e+02,9.282986597671048230e+02,9.564201052684348952e+02,-1.435267790263192467e+01,1.175817103827354686e+03,8.660349476334162091e+02,3.010721593040055950e+02,7.117222154322341794e+02,9.595913446221267122e+02,-4.216520755614521931e+01,1.213877075731071727e+03,5.819087193774998923e+02,1.629249217120731714e+02,6.605744889951598680e+02,1.153739100112861706e+03,1.722219516219833508e+02,1.275592295470079080e+03,5.621108027118535801e+02,3.948862361476253113e+02,9.069591215630186980e+02,4.607901568541043389e+02,1.372091066788449609e+02,1.050492757341478864e+03,4.042162742764443237e+02,4.717682785635623191e+02,6.700585779429825379e+02,1.398438276707602768e+02,2.139618222635219240e+02,1.411016911224811338e+03,2.599743206324078528e+02,3.325830172132191933e+02,2.940864064076453133e+02,1.295540177758225866e+02,3.039075512908044061e+02,1.432650385135625356e+03,-1.589090129309727502e+02,2.610209581024780618e+02,1.196534380015255010e+02,-6.662559577317183823e+01,3.450503891262757747e+02,1.686612746448254711e+03,-1.768659451439473855e+02
-4.907839864054025014e+01,1.051376254280409739e+03,1.159939476052030386e+03,1.839865918513459917e+02,9.906478482109953347e+02,9.634020655948438616e+02,-4.225172458108578155e+01,1.181706416308824828e+03,8.257289310561956199e+02,3.849816662742923086e+02,8.205253396913569759e+02,1.016630364961578721e+03,-4.936678461497874792e+01,1.192930803502507615e+03,5.341000586743640497e+02,2.153173183478956219e+02,7.199032393668073837e+02,1.193185913662405937e+03,1.417798835203416559e+02,1.289309075871030700e+03,5.292341019522663146e+02,4.133538343869026335e+02,9.322017441324840092e+02,4.576001411208174545e+02,1.391441757565954731e+02,1.043044035396187383e+03,4.019066062476156844e+02,4.833691058767123536e+02,6.972659224463095597e+02,1.295797320746808339e+02,2.063689574989143978e+02,1.413822128401822511e+03,2.573585115884653760e+02,3.648723298171096872e+02,3.118594691951849995e+02,1.318353777143435934e+02,3.048861562390261497e+02,1.433652777431629147e+03,-1.620820142678904290e+02,2.636191545208520779e+02,1.458177213520704925e+02,-6.187906344205046594e+01,3.434278639479733783e+02,1.690062865124452401e+03,-1.779325576973781153e+02
-6.184414858648141688e+01,1.092087934049558726e+03,1.138518487260262418e+03,1.966316600242607251e+02,1.058440394533289009e+03,9.709546980446326643e+02,-6.255836427448267045e+01,1.180541299771655986e+03,7.924608090430381253e+02,4.452996799463866751e+02,9.484864712966257230e+02,1.069207128511444125e+03,-4.864278856118945527e+01,1.173023077242942236e+03,4.986040494390927620e+02,2.823609333726159889e+02,8.091017612440952007e+02,1.239829927859847658e+03,1.131396068479733543e+02,1.302352783522047503e+03,5.062657747138751461e+02,4.286487965190434579e+02,9.522587351492147718e+02,4.550640193280183325e+02,1.430205913850449519e+02,1.034182023670965691e+03,4.020808558574187259e+02,4.948126047400631364e+02,7.248264555540329184e+02,1.172364304987617771e+02,2.014606012849789352e+02,1.413768874659281892e+03,2.552620755354069502e+02,3.981605001821980068e+02,3.318729997299120669e+02,1.301634962341763639e+02,3.042615718914832428e+02,1.433245299780267487e+03,-1.630871236681549874e+02,2.730951036751698098e+02,1.734986585333743108e+02,-5.852850701710364234e+01,3.412441491020193212e+02,1.693749451264785648e+03,-1.782318856432212044e+02
-7.281023516838527598e+01,1.134387247768203224e+03,1.118911010661425735e+03,2.015342460577143697e+02,1.129227667837467379e+03,9.765261264382645550e+02,-7.472153084545853119e+01,1.176570545867675719e+03,7.679462820417611510e+02,4.760526091013277892e+02,1.086140388949420640e+03,1.110902698160967702e+03,-4.219901202209369728e+01,1.157003303809180352e+03,4.748952537469695017e+02,3.551422174245295764e+02,9.347919306404347708e+02,1.287423194757027886e+03,8.699641691514555930e+01,1.314471166311308707e+03,4.916725035191241773e+02,4.411133325855839189e+02,9.673628412527962155e+02,4.537104894775095545e+02,1.483449651414737787e+02,1.025348024888250620e+03,4.045581567367945013e+02,5.057753330565905685e+02,7.539610813414736867e+02,1.031863697537615963e+02,1.980648007440555318e+02,1.411141536886392032e+03,2.532507131731279628e+02,4.322050342288927141e+02,3.556264816753209743e+02,1.248133973612378185e+02,3.025430674958589066e+02,1.431827668436268368e+03,-1.624452510686260496e+02,2.893288499386030139e+02,2.029155487334669488e+02,-5.727182673239988020e+01,3.387746315663313794e+02,1.696975193943810609e+03,-1.780059004047967903e+02
-8.226545863681897686e+01,1.178405739269380547e+03,1.101261941686483851e+03,1.988798569115713519e+02,1.199398343230009459e+03,9.780896366447285573e+02,-7.945456067095184949e+01,1.173789645067978427e+03,7.524565904024146903e+02,4.765496932048087046e+02,1.222989392501467592e+03,1.137480297068564141e+03,-3.243409237614985585e+01,1.146192096084320383e+03,4.615445568309420992e+02,4.200231021760591830e+02,1.095371364106447800e+03,1.324057759810765447e+03,6.446369677057293757e+01,1.325238768584032641e+03,4.831675126544860746e+02,4.512721239809762324e+02,9.780436593389673590e+02,4.540585184437785529e+02,1.544501700386297784e+02,1.017453949646265301e+03,4.091653516135963287e+02,5.160648074589870475e+02,7.851935257073351977e+02,8.877233079595330878e+01,1.953484377866461159e+02,1.406058405056544871e+03,2.512017788199763686e+02,4.662258534914815868e+02,3.836123049197164505e+02,1.167193268464381504e+02,3.004263690699085032e+02,1.429618524503132448e+03,-1.606589196373208779e+02,3.109443316020885391e+02,2.340149755130966014e+02,-5.829416205021826158e+01,3.364447682273117834e+02,1.698575933366747904e+03,-1.774171368608062096e+02
-9.044736587776030490e+01,1.223772144537813347e+03,1.085517965332290032e+03,1.900697199850323216e+02,1.265002337917105478e+03,9.745232285411491375e+02,-7.843780010287453308e+01,1.175089201502084734e+03,7.449272934948492093e+02,4.511477601150082819e+02,1.350204050077475586e+03,1.146486060349566515e+03,-2.156415054420664390e+01,1.140370373551242892e+03,4.566596053892229747e+02,4.624701352898813411e+02,1.279916700910498093e+03,1.334915784886333768e+03,4.679549734010781492e+01,1.334109384214728152e+03,4.781530213383448995e+02,4.597459807135400069e+02,9.850385405129435412e+02,4.565713606011350407e+02,1.607290769880717676e+02,1.010803756007221068e+03,4.157694050753430588e+02,5.256382333424302260e+02,8.181467008009595929e+02,7.599558163565437496e+01,1.930835396946023081e+02,1.398712979397067329e+03,2.492173244040097018e+02,4.988921666229969105e+02,4.150804361080561193e+02,1.074411034186547482e+02,2.986003609953414184e+02,1.426725790521453519e+03,-1.581791708740524030e+02,3.356481032468072385e+02,2.663559233176215457e+02,-6.126338782814278972e+01,3.346806269038412438e+02,1.697577483154875608e+03,-1.765109081992940219e+02
-9.742765085132928959e+01,1.269732582768822340e+03,1.071486445320139183e+03,1.772990898478520876e+02,1.322803497583286571e+03,9.656484777678172122e+02,-7.386941954275481237e+01,1.181709867135729610e+03,7.433914790010476281e+02,4.077638587608573744e+02,1.462284440010495018e+03,1.136326719300546984e+03,-1.135393878860140049e+01,1.138186742984945340e+03,4.582434968388803895e+02,4.718104076041189501e+02,1.470244318006028834e+03,1.307086786478791055e+03,3.493210467657062424e+01,1.340593283204704903e+03,4.742828263797007935e+02,4.671373972628045976e+02,9.893034610694834328e+02,4.616272230345446133e+02,1.668133952329465615e+02,1.005317868242187046e+03,4.242418146953962150e+02,5.345862796722143457e+02,8.516268089166762820e+02,6.698208776266586995e+01,1.916003967564621462e+02,1.389616066682486007e+03,2.474444354917462761e+02,5.285055549752456727e+02,4.482185294600056977e+02,9.898040736026507602e+01,2.975519983032900768e+02,1.423296989500934842e+03,-1.554585534284324240e+02,3.608051366877485862e+02,2.991329333783218658e+02,-6.542877581357808481e+01,3.337758764772119093e+02,1.693806773717457872e+03,-1.752896655089226101e+02
-1.030555698799135627e+02,1.315304752300292648e+03,1.058869100109710644e+03,1.630354184258576424e+02,1.371146815290959466e+03,9.520138513528542035e+02,-6.799292180271889663e+01,1.193133488051062386e+03,7.455898826790667044e+02,3.557280071191179900e+02,1.557098067782397493e+03,1.105733663672068360e+03,-2.966318898953177463e+00,1.137770303881479322e+03,4.644198751052999228e+02,4.449053113218976137e+02,1.645497210868289130e+03,1.234455322334059701e+03,2.902198312299723071e+01,1.344500523537776871e+03,4.700038345082468823e+02,4.739289194845022735e+02,9.920438501700705274e+02,4.694919561806646584e+02,1.726434652415624100e+02,1.000880957650912364e+03,4.343997547064506080e+02,5.431188426928966919e+02,8.839400216097250222e+02,6.342577059082877611e+01,1.914734678968218873e+02,1.379661131397151621e+03,2.459346304927702249e+02,5.533453008628417820e+02,4.806597918614712057e+02,9.343742818840158293e+01,2.974789382101814681e+02,1.419634382648570636e+03,-1.530086133955766741e+02,3.840856839730524825e+02,3.313320119101903742e+02,-6.979459335609449511e+01,3.338505316610453519e+02,1.688137149044036050e+03,-1.738319526781097295e+02
-1.070075678518563933e+02,1.359457796362848512e+03,1.047316033543202366e+03,1.495132008855801757e+02,1.410298068872209342e+03,9.345691695647420829e+02,-6.268815004176848760e+01,1.207459857884171242e+03,7.495779052414480930e+02,3.036305372944328269e+02,1.634607615528439283e+03,1.054134419604399682e+03,3.075297553559775299e+00,1.137304306386230792e+03,4.735923804592300144e+02,3.871141201330401600e+02,1.787497399375466784e+03,1.120377947404140286e+03,2.815709342701808993e+01,1.346074468265677979e+03,4.648757123092249799e+02,4.804491015212826710e+02,9.946654326939298016e+02,4.802674730088884303e+02,1.784329231286277491e+02,9.975905808350123607e+02,4.459691922179356993e+02,5.515777823893915865e+02,9.133217367494725067e+02,6.619773471703747703e+01,1.931372637560943986e+02,1.369960689877774485e+03,2.446182423310486058e+02,5.720705386681208893e+02,5.101045247975928874e+02,9.258309090108802764e+01,2.983391714478723884e+02,1.416190733633659192e+03,-1.513755994378148557e+02,4.039892345832155343e+02,3.619494307563032294e+02,-7.332761059122000802e+01,3.348927933895793672e+02,1.682240512087201978e+03,-1.723455847886314416e+02
-1.089195504092764679e+02,1.401308838762972073e+03,1.036526238588152864e+03,1.383071021054522305e+02,1.442131619192770131e+03,9.143454461109957947e+02,-5.917275631685122761e+01,1.222186964177006530e+03,7.541710709460618318e+02,2.576792883096760534e+02,1.695239780533947624e+03,9.826935470190427395e+02,6.832330137430902006e+00,1.135398084104596137e+03,4.846326673343496623e+02,3.101961225375833351e+02,1.884826948572576839e+03,9.768687303130612918e+02,3.050498729151465938e+01,1.345848367878182898e+03,4.595108841264505486e+02,4.869190033207834176e+02,9.986101729758153169e+02,4.938112634468229203e+02,1.845646288085937670e+02,9.957971526572906669e+02,4.585938037812459243e+02,5.604649871450621959e+02,9.383334054052461397e+02,7.523411124324582033e+01,1.966449284736579841e+02,1.361558475558710370e+03,2.433910288029998128e+02,5.840428381837494953e+02,5.348162630915090858e+02,9.749251542999763842e+01,2.999749423642566626e+02,1.413460663684979636e+03,-1.510043296175167598e+02,4.200950132750863872e+02,3.901623663645447095e+02,-7.514209678075970089e+01,3.368130740233188476e+02,1.677980691575204673e+03,-1.710955665948975479e+02
-1.085307167075498285e+02,1.440269099945407106e+03,1.026365031683080815e+03,1.300378293618733210e+02,1.469290013943362283e+03,8.922017201748093385e+02,-5.785553976360915129e+01,1.235145252223220950e+03,7.591157290058307581e+02,2.209044030766819162e+02,1.738840204340369382e+03,8.952239268396385796e+02,8.823643787085442725e+00,1.131209696795303216e+03,4.970960200592982687e+02,2.282575782824005728e+02,1.934286911241385724e+03,8.207387191825108630e+02,3.382355709177118541e+01,1.344217858730492935e+03,4.551376015524573404e+02,4.935229260798372479e+02,1.005123251842278023e+03,5.096700502502706627e+02,1.914536268971334891e+02,9.959744771788414255e+02,4.718866981302845147e+02,5.704361833925820520e+02,9.580966804893084827e+02,8.971523728051950286e+01,2.016627187726640500e+02,1.355179203515887821e+03,2.422529950659462656e+02,5.894603805821142259e+02,5.538338696049846703e+02,1.083851003210441064e+02,3.022144998337054744e+02,1.411853904773693785e+03,-1.520392035871663836e+02,4.329847591266845939e+02,4.153577686857398703e+02,-7.460277106108127043e+01,3.394516214018760820e+02,1.676747282625065509e+03,-1.702423728329666233e+02
-1.057846322130616272e+02,1.476050702803287777e+03,1.016929222658009849e+03,1.242956295425283031e+02,1.494140744856571246e+03,8.686845831596552898e+02,-5.838759435624373850e+01,1.245233473280229191e+03,7.649362667414918633e+02,1.933544216964721159e+02,1.764621873373527478e+03,7.982068915709777457e+02,9.832200500998681036e+00,1.124373940295388365e+03,5.113361282502831386e+02,1.536355313911252836e+02,1.939646354711018148e+03,6.685679212995050875e+02,3.613497861671353917e+01,1.340950905771372391e+03,4.529836256676163089e+02,5.004214491997570917e+02,1.015035608665121686e+03,5.270950770086118382e+02,1.994005615188635545e+02,9.985310179858794299e+02,4.854977770851441505e+02,5.822049527545365208e+02,9.723088266737721597e+02,1.084481480061855763e+02,2.076391523582543641e+02,1.351114000383494613e+03,2.414143777806907281e+02,5.892776572047747550e+02,5.668951241163423447e+02,1.247373353135104281e+02,3.048964756540746635e+02,1.411623935656157300e+03,-1.541716367223953625e+02,4.438973734985258943e+02,4.370179731118445261e+02,-7.130868577876393033e+01,3.425446450432163488e+02,1.679021708160525577e+03,-1.696926629044032779e+02
-1.008810403966774203e+02,1.508524716609154666e+03,1.008507868970395975e+03,1.198618293038926907e+02,1.517955488776075072e+03,8.440498770761171272e+02,-5.992012964112291940e+01,1.252667659077238113e+03,7.725092154916587788e+02,1.731459857667140341e+02,1.771893317664038022e+03,6.997274300120202497e+02,1.065693797489996619e+01,1.114864417227834792e+03,5.283638138704449148e+02,9.431593380883641942e+01,1.908770403318284252e+03,5.327288857958808421e+02,3.626110870079448034e+01,1.334986326717181555e+03,4.537799549860939123e+02,5.076763845080457145e+02,1.028633844806704474e+03,5.451689172362939644e+02,2.084602057811081295e+02,1.003650883774559816e+03,4.991585679768816135e+02,5.963454815867613661e+02,9.810981892793464567e+02,1.302857852184278329e+02,2.140080701728877557e+02,1.349240660238857572e+03,2.412951624635998655e+02,5.849856788165386661e+02,5.742172313393215290e+02,1.456174899186908647e+02,3.078349196935174064e+02,1.412857172235621192e+03,-1.566466951714922686e+02,4.542716187447929315e+02,4.545785522011598800e+02,-6.496570748680164797e+01,3.457044411693584607e+02,1.684321724833373992e+03,-1.690582282236376273e+02
-9.429133146747805938e+01,1.537544234978917757e+03,1.001449390510356352e+03,1.152181857516236221e+02,1.540665661463785682e+03,8.184594717880510188e+02,-6.149200219403706313e+01,1.258678271010079243e+03,7.825300828519161769e+02,1.579024924274563659e+02,1.761022727877673560e+03,6.077780712490580299e+02,1.185731072826356147e+01,1.102928276550224837e+03,5.494160494140570563e+02,5.342370528635764515e+01,1.850709020550754076e+03,4.198328504879698357e+02,3.401418290516477327e+01,1.324758853841467953e+03,4.576134794794243135e+02,5.151430820987357038e+02,1.045647078375866840e+03,5.629990408592485664e+02,2.183647332559710605e+02,1.011202391329888314e+03,5.126809421935461160e+02,6.130552372234473069e+02,9.848609737403601230e+02,1.544009959886979289e+02,2.203129298680569832e+02,1.349126949165876567e+03,2.423918719896867344e+02,5.783821747113399852e+02,5.763313629182127897e+02,1.700983949843931669e+02,3.107876967831180650e+02,1.415476470662418023e+03,-1.584745058146657470e+02,4.653713083062903593e+02,4.674188787604878144e+02,-5.520328698638654430e+01,3.484651027582064557e+02,1.691484049815001072e+03,-1.677579011357120180e+02
-8.673027116845668161e+01,1.562894155983405199e+03,9.960019632781099972e+02,1.091865400010298117e+02,1.561282648608285854e+03,7.922728166478225376e+02,-6.239698827601003472e+01,1.264849104039935355e+03,7.951000244638504455e+02,1.459484511833210547e+02,1.734123984367044841e+03,5.286679498276489539e+02,1.358085548604646497e+01,1.089148312296697895e+03,5.753821526136658804e+02,3.025908991396260816e+01,1.773937191238958121e+03,3.315484639788734853e+02,3.001238954845676332e+01,1.308959624928342464e+03,4.641473524123683774e+02,5.224307396674430493e+02,1.065336802190384333e+03,5.798894975524140136e+02,2.285442941082535242e+02,1.020728310283659425e+03,5.259197408414230495e+02,6.319880633039960003e+02,9.842107321579246673e+02,1.803079371772549848e+02,2.262252284319033038e+02,1.350167617646592589e+03,2.450482814463067598e+02,5.714240075151274141e+02,5.740872034742012602e+02,1.975818119637885957e+02,3.134780749369567161e+02,1.419217455700758592e+03,-1.587914448691171856e+02,4.781333359213061840e+02,4.750650877027601382e+02,-4.141969288861166376e+01,3.503958186297662678e+02,1.699108932406275471e+03,-1.652396871966741685e+02
-7.906230793191637929e+01,1.584447182637715514e+03,9.922017538235453458e+02,1.014326212645536458e+02,1.578724022327885677e+03,7.662694585957370919e+02,-6.239003400164044422e+01,1.272437887096795066e+03,8.096054252124703225e+02,1.367815702450475897e+02,1.695183284335165126e+03,4.660897866973873533e+02,1.556432919937624604e+01,1.074554325770568312e+03,6.063328640818754138e+02,2.189100929360623837e+01,1.685984854202460156e+03,2.666398831930823121e+02,2.524549858404438041e+01,1.287319509338128682e+03,4.730145525927661083e+02,5.289965159021992349e+02,1.086653866856844388e+03,5.954256914035738646e+02,2.382571142411858034e+02,1.031535869693398581e+03,5.387326360092126833e+02,6.522536299585492543e+02,9.800788097110026911e+02,2.076579528018203291e+02,2.314989951929202050e+02,1.351716886145180752e+03,2.492155913049751064e+02,5.661497343367182111e+02,5.687912349737954401e+02,2.279216278613026248e+02,3.156649988087350494e+02,1.423572618110732265e+03,-1.572459688226833805e+02,4.932470548309362925e+02,4.775301399365798716e+02,-2.273325134422857374e+01,3.512280668266906218e+02,1.705944791319228671e+03,-1.612733729597845240e+02
-7.215035467331662744e+01,1.602448996338388724e+03,9.898487694381963138e+02,9.259195871781031428e+01,1.592571413837079263e+03,7.416514894575140033e+02,-6.168407791494413317e+01,1.281979425239584089e+03,8.249155016846704029e+02,1.307558716614899197e+02,1.649596230336034068e+03,4.209856219385433178e+02,1.732815675063043770e+01,1.060629428747933616e+03,6.413530207371804863e+02,2.451403236725521495e+01,1.593818878512078527e+03,2.228539570892046981e+02,2.059092376415918935e+01,1.260943283058720226e+03,4.841188306812769611e+02,5.343475626060640025e+02,1.108430790674186483e+03,6.094690905690500813e+02,2.467880535628861480e+02,1.042894128574586830e+03,5.509639797237840639e+02,6.726051906691118347e+02,9.738851440961425396e+02,2.359567421156585567e+02,2.359172197661943073e+02,1.353178562778992500e+03,2.543057254085905470e+02,5.645733011387587794e+02,5.623252299004726638e+02,2.613296328002654718e+02,3.172052926445758203e+02,1.427730222429970581e+03,-1.542697749299084649e+02,5.113382304168642918e+02,4.756003410179134789e+02,1.922431713205255743e+00,3.509196175353005174e+02,1.711043216000215807e+03,-1.562341847854847288e+02
-6.670325086880417587e+01,1.617735327708018076e+03,9.885671255075742465e+02,8.395210644751159634e+01,1.603355558746480710e+03,7.197945224217504574e+02,-6.079357718612538264e+01,1.293284958608294119e+03,8.397736666245167498e+02,1.283221155235434878e+02,1.603261386786875164e+03,3.920221639537385272e+02,1.847139861361231183e+01,1.049104578720933205e+03,6.787395111217474550e+02,3.427379293275981809e+01,1.504065210901881073e+03,1.978694693913437561e+02,1.646972028553238232e+01,1.231989354225443321e+03,4.976837505060892681e+02,5.382434092027447150e+02,1.129586600257253849e+03,6.221021647183018786e+02,2.536352027942068901e+02,1.054290833683323854e+03,5.624570254451440405e+02,6.917491279188800490e+02,9.676129355201301223e+02,2.643894178940815323e+02,2.392611762058072031e+02,1.354032914888173991e+03,2.592241012015794581e+02,5.684570815060712903e+02,5.570738299486966980e+02,2.981365451984373180e+02,3.180477764941032888e+02,1.430564666820924913e+03,-1.511144196116158582e+02,5.330780777898366978e+02,4.708774797224787676e+02,3.357285064007441377e+01,3.496086798794864308e+02,1.713665822800976457e+03,-1.512425865059083776e+02
-6.318357751632650121e+01,1.631686306107775863e+03,9.879165130745114993e+02,7.686243950648133705e+01,1.612279762934892233e+03,7.018574118208904338e+02,-6.032396120772674664e+01,1.305736854843476294e+03,8.531902684649968478e+02,1.293523430973156962e+02,1.561471726600248985e+03,3.763788501789883867e+02,1.889957493858261373e+01,1.041567738817702320e+03,7.164801851137734729e+02,4.767963922192671333e+01,1.422553764820555898e+03,1.893449967123833062e+02,1.275945276520954152e+01,1.202888041017283740e+03,5.140711553169082890e+02,5.407819579124618485e+02,1.149313828838896370e+03,6.335612507559384312e+02,2.586102800084962041e+02,1.065625977313676003e+03,5.730853242382527242e+02,7.086601939563795440e+02,9.636128949371528734e+02,2.918808495929927176e+02,2.413127744827211529e+02,1.353829257297212735e+03,2.626147566540203684e+02,5.789784656139728440e+02,5.555657880067871019e+02,3.385246058018401527e+02,3.181612801781263329e+02,1.430763220987806562e+03,-1.495758799842692213e+02,5.591022567498483795e+02,4.654890038935276380e+02,7.290106777672585281e+01,3.474868737910941832e+02,1.713115346291779815e+03,-1.480009888837616643e+02
-6.178215989006277908e+01,1.645859486868806925e+03,9.875081171439125001e+02,7.218417421798834255e+01,1.620636371800957477e+03,6.884251816397114681e+02,-6.077770529305310276e+01,1.318661271112470558e+03,8.646787279851020003e+02,1.329513841121401470e+02,1.527879204051886973e+03,3.706069702841222693e+02,1.885006449138050044e+01,1.039026428809896288e+03,7.528340703437443153e+02,6.187829983358989239e+01,1.353331822996123037e+03,1.946137432752344978e+02,8.973606835870105769e+00,1.175528751156790804e+03,5.335059164540587062e+02,5.423240616239282872e+02,1.167203249711001718e+03,6.441656312104180415e+02,2.618279487364300735e+02,1.077200240671234724e+03,5.827922764742197614e+02,7.228009721191504013e+02,9.640627667895701052e+02,3.173904729911523646e+02,2.419005146386298577e+02,1.352213352718638589e+03,2.632714701149108691e+02,5.964268195052092096e+02,5.598611625097728393e+02,3.823377219573755497e+02,3.174764735919215468e+02,1.427152679894027187e+03,-1.514206645877647190e+02,5.897624005004989840e+02,4.615213765363101857e+02,1.199485920977584783e+02,3.446869224808532977e+02,1.708744675262511691e+03,-1.482635971223042191e+02
-6.241009182612955186e+01,1.661436062575915003e+03,9.870851812236662681e+02,7.003576450420368360e+01,1.629302854914723639e+03,6.793208274450806812e+02,-6.240162877545388653e+01,1.331588644374048727e+03,8.742813735390242300e+02,1.378230846705588419e+02,1.503782202164539285e+03,3.714011752625313534e+02,1.871050026261719879e+01,1.041582044427285837e+03,7.868118140035463739e+02,7.497501948447559528e+01,1.297706378232707948e+03,2.105708923168372735e+02,4.603139959421779004e+00,1.150780356805712699e+03,5.558472619444313523e+02,5.433101313625585362e+02,1.183270941285798926e+03,6.542352655075468419e+02,2.636165826029200616e+02,1.089453274300512930e+03,5.916260448411434254e+02,7.342025191016907684e+02,9.702031257201009566e+02,3.403083095507377038e+02,2.409933052197216057e+02,1.349030769046574505e+03,2.605880922246673208e+02,6.200939587730118774e+02,5.708563313547866755e+02,4.290254248775546557e+02,3.159265927715275666e+02,1.419173788722068821e+03,-1.576743669137325412e+02,6.248490059157355745e+02,4.603564400698811596e+02,1.739070246649899900e+02,3.412727332643812588e+02,1.700256740371132537e+03,-1.530892769143115402e+02
-6.467536773581355192e+01,1.678745998037404888e+03,9.865526975374586982e+02,6.987782791766700541e+01,1.638554885451662130e+03,6.736285592573963186e+02,-6.509240565708452664e+01,1.344328730231190775e+03,8.824411606795296166e+02,1.429061718713545588e+02,1.487905573043617323e+03,3.761502278652968130e+02,1.876278297741470169e+01,1.048319405380714670e+03,8.184032499311283573e+02,8.636374574848956343e+01,1.253825682094435251e+03,2.339331454819769647e+02,-5.615149180356018288e-01,1.128447868768167837e+03,5.804897834201933620e+02,5.440784755957374728e+02,1.197891322121666917e+03,6.640070599116726271e+02,2.644107961205745596e+02,1.102586412492806858e+03,5.997533652597350056e+02,7.434191932582157278e+02,9.816763419476208128e+02,3.607521908650471687e+02,2.388067059004557393e+02,1.344460235451576864e+03,2.548709986444368383e+02,6.484115760472334387e+02,5.877847847917112176e+02,4.777116207330338398e+02,3.135763713941194055e+02,1.407294852793073005e+03,-1.680696948613675659e+02,6.634423866933906311e+02,4.621660635969817008e+02,2.330777955734877480e+02,3.373283373164707086e+02,1.688127405703701925e+03,-1.622248455441430224e+02
-6.788322811441759086e+01,1.697127049639083225e+03,9.859611567061467667e+02,7.078272776670513622e+01,1.648167033912155375e+03,6.698847689532140066e+02,-6.840121592761741454e+01,1.356899563618881757e+03,8.898265206545571573e+02,1.478291541646516407e+02,1.476739511714934451e+03,3.831178496952354635e+02,1.902860253009314562e+01,1.057444972311666106e+03,8.484882849801037992e+02,9.681998354611758373e+01,1.216986733116218375e+03,2.616357647697377615e+02,-6.300817432873557777e+00,1.107538920923049091e+03,6.064170091533163713e+02,5.447808750849881108e+02,1.211680204467740850e+03,6.735892406122085276e+02,2.646744507124441839e+02,1.116330120597975792e+03,6.074402016650835776e+02,7.513952838576767590e+02,9.963687912110437992e+02,3.796028843409609976e+02,2.358433617251529313e+02,1.339066651712062139e+03,2.473520923832790288e+02,6.792352245262893575e+02,6.081962988125976608e+02,5.273284317414229463e+02,3.107209855031783263e+02,1.393097111893678857e+03,-1.809588048506405187e+02,7.039713378258741159e+02,4.658154994544520378e+02,2.950332650985198484e+02,3.330486950640986947e+02,1.673803922921058756e+03,-1.739797959382432282e+02
