9.457216348685628304e+01,-8.115795529840843514e+00,1.715528634234043921e+03,3.009924566249907230e+01,-1.886418202301260010e+02,1.404040880034033762e+03,1.393064044049781103e+02,1.732666160041381147e+02,1.420354981393123126e+03,2.041575660042892082e+02,-2.866530814270010410e+02,1.139040881026907982e+03,2.567940185042992312e+02,2.200591790401751382e+02,1.141588928742994540e+03,3.427975313058972802e+02,-8.232146795679648221e+01,1.265150165005834424e+03,4.165971086865436632e+02,4.094656110561360407e+01,1.245424583489329052e+03,-1.191733541131769591e+01,-2.208706487866560408e+01,8.374242930921112702e+02,1.434827803085560163e+02,2.212657101437021083e+02,9.258942949634988508e+02,1.340528496064188175e+02,-8.719730757101240215e+01,4.629859914982525311e+02,5.071839460045749206e+02,7.258276863535925827e+01,1.056433943855691723e+03,-1.716410911649013604e+00,-2.952778843788348428e-01,-7.100620843632614587e+00,3.468487775936176831e+02,5.613981892181161726e+01,6.407058884457317163e+02,2.628769753468134809e+02,-2.415239110959650048e+01,1.067952340864672500e+01,5.438696664332297814e+02,-1.090839763035464927e+02,5.858330769468331027e+02
9.707833163359379114e+01,-5.072310582163271242e+00,1.715062380818412748e+03,3.034502473238811149e+01,-1.847575091998409960e+02,1.403970850407536318e+03,1.422677846969345410e+02,1.736495463401967925e+02,1.420185558506323332e+03,2.020066981303622526e+02,-2.845418216521212571e+02,1.137181569322558289e+03,2.569959378591369727e+02,2.221908722692047036e+02,1.140761153954851807e+03,3.446013220184551642e+02,-8.538929817134157929e+01,1.262334335225953737e+03,4.156046907847406260e+02,4.331822023473183947e+01,1.243482779711993544e+03,-1.196762857176482520e+01,-2.015144313135929721e+01,8.358268074719562719e+02,1.447423478000446551e+02,2.221503402793277360e+02,9.245286746551698798e+02,1.352540669810321958e+02,-8.740805267073132256e+01,4.629740750055728995e+02,5.076231017356344637e+02,6.510115637458012827e+01,1.052609095023298323e+03,-4.173857264957409718e+00,8.510380406408153409e-01,-5.204869476306601683e+00,3.413449199204663955e+02,5.306358778845205393e+01,6.403350099171943839e+02,2.634836757396758458e+02,-2.368227717104908692e+01,1.115542110427888822e+01,5.366592508102842203e+02,-1.036295406887803381e+02,5.824418817273297009e+02
9.946698634365601777e+01,-2.767822195724161105e+00,1.714656419543928905e+03,3.067492813526679996e+01,-1.816155832202793476e+02,1.403801935772875595e+03,1.450673582780027857e+02,1.740389272130490781e+02,1.419988689541022268e+03,1.997898816737048833e+02,-2.828988142919199618e+02,1.135141349617127162e+03,2.567817203922157887e+02,2.242176606378605470e+02,1.139867041807449823e+03,3.462554197895235575e+02,-8.784794970359325816e+01,1.259239190001430643e+03,4.150552747897512518e+02,4.553638307545151065e+01,1.240919467938266962e+03,-1.225073306227585945e+01,-1.811844384825575105e+01,8.346333829018880124e+02,1.459292457261103380e+02,2.233121360064120040e+02,9.232733745941931147e+02,1.362303457570634180e+02,-8.741861162156845921e+01,4.630864692612386193e+02,5.079011902327832217e+02,5.879615138754466130e+01,1.048784707668206238e+03,-6.172995821139418915e+00,1.837058103681386889e+00,-3.576171974871728221e+00,3.352479181899353193e+02,5.173294987679671664e+01,6.397736865100454224e+02,2.642091823603545890e+02,-2.327878877166902782e+01,1.160535771843792396e+01,5.285578880468918896e+02,-9.955398325233387880e+01,5.781449587447079921e+02
1.016803832827845611e+02,-1.742483421888158190e+00,1.714372387985908517e+03,3.113436648498715797e+01,-1.796908660914006646e+02,1.403508633959077315e+03,1.475885332155034746e+02,1.744356376425593567e+02,1.419717580935378464e+03,1.974746965901265412e+02,-2.819774369754837267e+02,1.132822768430843553e+03,2.559007940218007491e+02,2.261985268730343819e+02,1.138800839648734154e+03,3.477241875357555045e+02,-8.938706610256755880e+01,1.255755022888165286e+03,4.151888615559011555e+02,4.755296297834255626e+01,1.237314685930321048e+03,-1.291323870952727759e+01,-1.598206834902167373e+01,8.340723718231929524e+02,1.469958431405597139e+02,2.249059718547841271e+02,9.221844848730110016e+02,1.368232077490446272e+02,-8.712819416699910846e+01,4.633443753753686565e+02,5.079405153061484270e+02,5.433933043896703197e+01,1.044731025286271915e+03,-7.444271935818763453e+00,2.555514698719425937e+00,-2.401726772433611767e+00,3.283126256428698753e+02,5.315586732093557032e+01,6.387196249335621587e+02,2.651326055651272213e+02,-2.300910969787715032e+01,1.197405974066580825e+01,5.191202208015095039e+02,-9.747130154825524073e+01,5.722950934963057534e+02
1.037337678109018668e+02,-2.149191064676017948e+00,1.714222826644585894e+03,3.171124900955035031e+01,-1.790186589675462301e+02,1.403149384249953755e+03,1.497817121570919880e+02,1.748599241857139930e+02,1.419302926746749336e+03,1.950784512198385698e+02,-2.817175724547760751e+02,1.130248208292200843e+03,2.543555493410788415e+02,2.283741444479377662e+02,1.137453298258790937e+03,3.490742209177910240e+02,-9.010405938060226561e+01,1.252010088410569779e+03,4.159429557987051567e+02,4.942586696038299010e+01,1.232594052173405771e+03,-1.397220542867536786e+01,-1.381549324200358342e+01,8.341020839970429961e+02,1.479349325210766040e+02,2.269201739551971855e+02,9.212450292832163541e+02,1.369890738029926922e+02,-8.654498170806391499e+01,4.636391419900843403e+02,5.077661930306596787e+02,5.166681503105074569e+01,1.040034876364812590e+03,-7.982387306578905495e+00,2.995849536975115246e+00,-1.748893211893405963e+00,3.207765433745907444e+02,5.725690666010292063e+01,6.368128900297031123e+02,2.662555835304285097e+02,-2.292323844503349051e+01,1.218873266290716195e+01,5.085431134469316703e+02,-9.697044201509618233e+01,5.647295399413130781e+02
1.057081243288935042e+02,-3.606407115251069051e+00,1.714089051492590670e+03,3.235655233798156871e+01,-1.791615449571813770e+02,1.402805956808282644e+03,1.516767882022556364e+02,1.754254995412851770e+02,1.418664022631898888e+03,1.926208252826806415e+02,-2.817483283084623622e+02,1.127513620973246361e+03,2.523500489393940995e+02,2.310817320881269552e+02,1.135812265024493399e+03,3.503250896027394106e+02,-9.035830390534533763e+01,1.248229065483293198e+03,4.169884947143541467e+02,5.130127105803104826e+01,1.227008187919226884e+03,-1.533733445043822918e+01,-1.163292215925326012e+01,8.344306860872205789e+02,1.487943194331598704e+02,2.292534473671416890e+02,9.203761410648270385e+02,1.368133999551077693e+02,-8.571065711350759386e+01,4.638015290171712195e+02,5.074606026067912126e+02,5.012232395248334882e+01,1.034311390436651209e+03,-7.988185095889897447e+00,3.241005588197678922e+00,-1.572025887238688968e+00,3.132364475023333625e+02,6.305019902492825423e+01,6.337563469770823303e+02,2.674816491181582592e+02,-2.303223554804431217e+01,1.221128768268129861e+01,4.975090764825516203e+02,-9.702198221570978376e+01,5.557643985388817782e+02
1.077098767969547168e+02,-5.227818252640083152e+00,1.713709113986333705e+03,3.301397378857133447e+01,-1.793428475919596679e+02,1.402510511576516365e+03,1.533691107203555362e+02,1.763747185107405073e+02,1.417745321041431225e+03,1.900757749522703364e+02,-2.814972452572084194e+02,1.124742284284663128e+03,2.501707358258085776e+02,2.345887599409587949e+02,1.134040270872068731e+03,3.512972582555876784e+02,-9.047580939272317835e+01,1.244548984545281655e+03,4.178789326813466687e+02,5.337348746241134023e+01,1.220993477810383411e+03,-1.687061486003975475e+01,-9.250564337735097453e+00,8.346511252003829213e+02,1.496718458383263624e+02,2.318359943514629720e+02,9.194719387327688764e+02,1.364816296382473979e+02,-8.461469985581025810e+01,4.637109471984276183e+02,5.070985332537542831e+02,4.886003548562384680e+01,1.027445078029333445e+03,-7.730911786831917709e+00,3.414781320451532931e+00,-1.747203481480643195e+00,3.063595366356857994e+02,6.919372716299599801e+01,6.294703024633375890e+02,2.686388297533532636e+02,-2.329688156133393306e+01,1.208328591141413000e+01,4.868141194370648464e+02,-9.666784301783555122e+01,5.460335493612919890e+02
1.098176206988753592e+02,-5.903051334938056449e+00,1.712792036023254013e+03,3.363667959866080537e+01,-1.787158030858253710e+02,1.402222588274068585e+03,1.549831848828107752e+02,1.780106990699666767e+02,1.416563550839282925e+03,1.873677275935681052e+02,-2.803712139616571335e+02,1.122079014976253575e+03,2.480786872553469209e+02,2.389518253015085634e+02,1.132435112671792012e+03,3.516142172834009330e+02,-9.051324194180257621e+01,1.240940285275959923e+03,4.182389016839610463e+02,5.583709784009549537e+01,1.214976404834368623e+03,-1.844520619926828431e+01,-6.278065042558498732e+00,8.344346419439465308e+02,1.506810143324074431e+02,2.346987362376765986e+02,9.184404704264876500e+02,1.362075894967129841e+02,-8.317372671502013759e+01,4.633699488706011493e+02,5.067083056989044394e+02,4.725910901890128457e+01,1.019666112413947758e+03,-7.419912449425352108e+00,3.608748769314090499e+00,-2.111608686328714679e+00,3.006067778684495124e+02,7.459456769940356935e+01,6.241540551331199822e+02,2.695461631868552672e+02,-2.363987618162773785e+01,1.191753917018474951e+01,4.770218565747871367e+02,-9.551648694396193662e+01,5.362369424185554863e+02
1.120467251494492444e+02,-4.759143239585446494e+00,1.711200994351823056e+03,3.419129801212773856e+01,-1.766846391212210108e+02,1.401867697403810325e+03,1.566326902530833536e+02,1.805395369189396888e+02,1.415232856350347220e+03,1.844166860105468686e+02,-2.779666786645626644e+02,1.119692956863053496e+03,2.462500968309115308e+02,2.439951624605917573e+02,1.131272322832698819e+03,3.509013340997001933e+02,-9.024624097729810046e+01,1.237271502615289819e+03,4.179080869646634824e+02,5.883106052448040657e+01,1.209199584464735608e+03,-1.997647483374873545e+01,-2.278740107019697536e+00,8.336905417660003650e+02,1.518977742699429143e+02,2.379409162223374778e+02,9.172381817086403544e+02,1.361408317217135675e+02,-8.128498035139149636e+01,4.629019341898763855e+02,5.062691895255576924e+02,4.513875523141473423e+01,1.011410055211235999e+03,-7.147778245501850591e+00,3.838242447207018682e+00,-2.499212762586318970e+00,2.961049065155480662e+02,7.876496709674347585e+01,6.181731780101306413e+02,2.700900329968505957e+02,-2.397718400390213134e+01,1.183482405612110533e+01,4.683259111329673487e+02,-9.380696680702433810e+01,5.268708992184547242e+02
1.143524789731684450e+02,-1.588580125884920147e+00,1.709074134449742587e+03,3.466275167922398737e+01,-1.731559043654026482e+02,1.401396088798267328e+03,1.583958114387008038e+02,1.839130555636011763e+02,1.413940463460454566e+03,1.811995454061466262e+02,-2.742481791139848042e+02,1.117736472638182477e+03,2.447547141931236183e+02,2.494203777755168687e+02,1.130636040565003668e+03,3.490622776344877138e+02,-8.938167037838917395e+01,1.233441701879569109e+03,4.169835593208314890e+02,6.238633343606187509e+01,1.203646787332563235e+03,-2.141989718545803001e+01,2.984599081679940813e+00,8.326069237110820040e+02,1.533194609278411633e+02,2.416255610122837538e+02,9.158901943424125420e+02,1.362971693506583222e+02,-7.890428917135709241e+01,4.624823872093027717e+02,5.057308764543817574e+02,4.271857356646947323e+01,1.003076425441647530e+03,-6.913277973101802587e+00,4.054692564946646094e+00,-2.774766762174066592e+00,2.926944755512276402e+02,8.182086534538348133e+01,6.118255647953546941e+02,2.702656566204254318e+02,-2.425030693713821961e+01,1.188991400002253762e+01,4.606387837174037827e+02,-9.212811120759450034e+01,5.180311336461581959e+02
1.166695330719701644e+02,3.005018731992981973e+00,1.706784526592677139e+03,3.506678096090108454e+01,-1.685994495847377834e+02,1.400810104346730213e+03,1.603121641944487124e+02,1.877820258585504121e+02,1.412871914974291712e+03,1.777845515675708725e+02,-2.696092296936704997e+02,1.116257234993764996e+03,2.435531011233709364e+02,2.549704811877440420e+02,1.130363873589302329e+03,3.464383939958191831e+02,-8.782967572290235125e+01,1.229464767185762184e+03,4.157553052559375715e+02,6.641500021056434377e+01,1.198106267833379661e+03,-2.275066319829875283e+01,9.366431273738518470e+00,8.315444754883662881e+02,1.548649834330486215e+02,2.456848718866044408e+02,9.144874431527978231e+02,1.365565088219617280e+02,-7.609443309859690885e+01,4.622504997606471875e+02,5.050417724492317575e+02,4.041751763897060101e+01,9.948559476123663217e+02,-6.687395151487329770e+00,4.194730688325284618e+00,-2.863624867711830557e+00,2.900850831816531468e+02,8.421767454426090183e+01,6.051502877586826799e+02,2.701628917003818060e+02,-2.444293461036795634e+01,1.203965178253528023e+01,4.537832562671059691e+02,-9.104880539508111781e+01,5.093831237643309464e+02
1.189648043372806683e+02,7.867061252536257321e+00,1.704754691256860269e+03,3.546172694500440059e+01,-1.638629505583503203e+02,1.400144635893388113e+03,1.623930750164562085e+02,1.916146802503613458e+02,1.412119609306792199e+03,1.743104600332794121e+02,-2.647438518938446350e+02,1.115122012948349720e+03,2.425101023784736185e+02,2.605469669145509215e+02,1.130145076619405245e+03,3.437232172920070639e+02,-8.583255594342469408e+01,1.225432621211690957e+03,4.145746565004150739e+02,7.077478386408120059e+01,1.192332540764910163e+03,-2.394850952191378113e+01,1.633517200713948370e+01,8.308383912138730238e+02,1.564181944907086290e+02,2.499072250336973582e+02,9.131534758296107839e+02,1.367353243491250225e+02,-7.302592757914558774e+01,4.622518794500013541e+02,5.041798799790253724e+02,3.863055924659096974e+01,9.867116846655918607e+02,-6.471563782322665048e+00,4.220190859837752662e+00,-2.765563942693360922e+00,2.880210215122908153e+02,8.641152340372562435e+01,5.979189448146778432e+02,2.699118578762100356e+02,-2.457907528598572711e+01,1.217405494712880554e+01,4.476414464382708616e+02,-9.088483070700061717e+01,5.003347347910158192e+02
1.212722489671636197e+02,1.184999414243612748e+01,1.703247036547219523e+03,3.594454833561939466e+01,-1.598041889074684434e+02,1.399431950710737510e+03,1.646307171712825550e+02,1.949344382653167997e+02,1.411630033458493699e+03,1.709117002881708629e+02,-2.603456984243384227e+02,1.114024883097388056e+03,2.414298691659360543e+02,2.662254501798426531e+02,1.129698840916495556e+03,3.416579159008164766e+02,-8.385957577091430437e+01,1.221376265828958594e+03,4.137126075766529993e+02,7.538870594993903751e+01,1.186195146540260794e+03,-2.500301346848301876e+01,2.316330767495594145e+01,8.306216412405705114e+02,1.578863188460973674e+02,2.540164922811551378e+02,9.119878673974363892e+02,1.366898687322462251e+02,-6.994476352583922107e+01,4.624387642510272940e+02,5.031751531136340532e+02,3.756947662480901329e+01,9.784666904716376621e+02,-6.316048397129048197e+00,4.120151831752742133e+00,-2.541256356898769386e+00,2.863969988837254164e+02,8.860517278444413591e+01,5.897972851166923647e+02,2.696237652216327092e+02,-2.471150545759656580e+01,1.218702020585351953e+01,4.422089180030146167e+02,-9.168559478264396034e+01,4.903306282891237515e+02
1.236853719002469774e+02,1.437020130360947512e+01,1.702266202072810756e+03,3.662444754035704619e+01,-1.569164629077677375e+02,1.398695164221229561e+03,1.669972788424775558e+02,1.975470885727757206e+02,1.411230821449280484e+03,1.676256473353459739e+02,-2.567751330063589421e+02,1.112607232298535791e+03,2.401097771065850282e+02,2.721822826645893088e+02,1.128912708763723003e+03,3.406698650028632755e+02,-8.234842649586695984e+01,1.217128090998345897e+03,4.132605658039748846e+02,8.033757245152507664e+01,1.179708264971025983e+03,-2.593520561913911138e+01,2.921658179465891436e+01,8.307724443257865232e+02,1.592374540191234757e+02,2.577928202853198627e+02,9.110126412177629618e+02,1.363840685135417061e+02,-6.712457010095070586e+01,4.627194284949756593e+02,5.021027660183933108e+02,3.718323432728562494e+01,9.698904741392880169e+02,-6.299481543529402927e+00,3.885986414695015601e+00,-2.273903296776977001e+00,2.853130874989764152e+02,9.065460862405710429e+01,5.805232262978546487e+02,2.693560569256427470e+02,-2.490942534762374905e+01,1.203835305656867405e+01,4.376003386935119011e+02,-9.338060859941103331e+01,4.791040193565455638e+02
1.263066208937781596e+02,1.565460854942518765e+01,1.701620780291890924e+03,3.758384392278657060e+01,-1.551388055515191411e+02,1.397978768959256968e+03,1.694385863166328363e+02,1.996240086054971812e+02,1.410727202387594843e+03,1.643403043340391321e+02,-2.538893610025063765e+02,1.110639966129547020e+03,2.384017199288356039e+02,2.785850206090419192e+02,1.127865078591768906e+03,3.406560971628522339e+02,-8.147065014910415925e+01,1.212303272093364058e+03,4.131119375665610391e+02,8.584327708583381877e+01,1.172927905090924696e+03,-2.681623948487012399e+01,3.420212440410391963e+01,8.310095543962527245e+02,1.604998442426993108e+02,2.611662219225489139e+02,9.101536100620252228e+02,1.358845619894167385e+02,-6.480491183067181282e+01,4.630222344794584615e+02,5.010340693729334589e+02,3.715161345652370528e+01,9.607287160734939562e+02,-6.492257960330772626e+00,3.494020654137735882e+00,-2.025226832068183214e+00,2.850751741238752288e+02,9.214003873525359722e+01,5.699534462998999516e+02,2.691105258825463125e+02,-2.524597316391907498e+01,1.176874006732747624e+01,4.340612606725888440e+02,-9.594881510631761046e+01,4.667538201090007419e+02
1.291812670800220531e+02,1.655382644289926475e+01,1.701073254866602156e+03,3.884778171403924318e+01,-1.539395931721634838e+02,1.397372777053427399e+03,1.718759564593837865e+02,2.015946014791674372e+02,1.410003553809785899e+03,1.608288232173665051e+02,-2.511479644976988652e+02,1.108158587202784474e+03,2.362649107124129557e+02,2.855041200964428754e+02,1.126740377197321095e+03,3.410351492368130835e+02,-8.105794330323388408e+01,1.206436933617409750e+03,4.130355329684756498e+02,9.214203183931330443e+01,1.165808663088891080e+03,-2.776365601528708993e+01,3.826925344791698791e+01,8.310634465927400925e+02,1.617335305844233631e+02,2.642421455254965963e+02,9.092698977558102342e+02,1.353005073800663070e+02,-6.311364488375580351e+01,4.633348592393734862e+02,4.999631001503360608e+02,3.696516953772535174e+01,9.507136568669550343e+02,-6.926179201758542625e+00,2.918494355764363668e+00,-1.809898767384350515e+00,2.861336198004017888e+02,9.255779648613429345e+01,5.579783400196365619e+02,2.688556587926028669e+02,-2.578086452566753906e+01,1.146450440054567643e+01,4.319676407341639219e+02,-9.948536376619925647e+01,4.536456225357437688e+02
1.322574913287217271e+02,1.805363873338173519e+01,1.700455458527987730e+03,4.037987476368095230e+01,-1.526086423248254107e+02,1.396975631828127234e+03,1.742256009023186039e+02,2.039178876610630198e+02,1.409056882816706548e+03,1.568680487943514379e+02,-2.479333308727260032e+02,1.105448388170764929e+03,2.337892731004554037e+02,2.928818827235150479e+02,1.125703888374855978e+03,3.410388112977057631e+02,-8.070625088156238292e+01,1.199192137631600872e+03,4.128079069653830970e+02,9.934018637361059234e+01,1.158140833930802273e+03,-2.890858215453822311e+01,4.193326023563457028e+01,8.308090154705812438e+02,1.630000875084530492e+02,2.672587546276146782e+02,9.082140943284175592e+02,1.347213277138130536e+02,-6.199460697018007238e+01,4.636980342722648629e+02,4.987586137200541998e+02,3.610387289247269393e+01,9.396202351104433319e+02,-7.580360518472196496e+00,2.164958118512936736e+00,-1.600374587316034214e+00,2.889476343721101443e+02,9.155211787108704868e+01,5.444423089740187152e+02,2.685580385316295065e+02,-2.653709814183071458e+01,1.120309801480204648e+01,4.317419827877055241e+02,-1.041263811835844137e+02,4.402448039237874013e+02
1.354004989936917127e+02,2.077518064362119787e+01,1.699678099258788279e+03,4.210668919838951751e+01,-1.505907650799321118e+02,1.396793819934426665e+03,1.764288212937260312e+02,2.068682909853918659e+02,1.407939341213389980e+03,1.523793927322037973e+02,-2.438894176111194838e+02,1.102864770928231337e+03,2.311679710841198698e+02,3.005612483016772671e+02,1.124809177147922128e+03,3.400784006058005389e+02,-7.997741903658368301e+01,1.190495288281553940e+03,4.123325672587340023e+02,1.073634655976002819e+02,1.149623931852680926e+03,-3.034461929789808465e+01,4.586558692898648815e+01,8.302847174836398381e+02,1.643489307011901417e+02,2.705015239136661762e+02,9.068870788875539120e+02,1.341954452092315364e+02,-6.118948190028247325e+01,4.641639724774734077e+02,4.971892493606599714e+02,3.427054292629923538e+01,9.273673523225877489e+02,-8.384005404751736279e+00,1.292999078318560979e+00,-1.354190130325713559e+00,2.937953149622434807e+02,8.908133315749266501e+01,5.291916093793302025e+02,2.682094117649174905e+02,-2.747930534512243739e+01,1.101868718860733765e+01,4.336602125339679787e+02,-1.099012530222430399e+02,4.269856048108722462e+02
1.384538862797483887e+02,2.473176241446411794e+01,1.698663302218014451e+03,4.395433717946566787e+01,-1.476943623197675493e+02,1.396651011303276846e+03,1.784727517307067899e+02,2.104469750772341570e+02,1.406659120695723004e+03,1.475040384658999812e+02,-2.390774344295163019e+02,1.100593528572624336e+03,2.286160346731868458e+02,3.083505441682627861e+02,1.123980460041446349e+03,3.379829426556309500e+02,-7.858934724957805429e+01,1.180514029704179848e+03,4.116740358347632878e+02,1.160390965115248889e+02,1.140032396066488673e+03,-3.208273137226668581e+01,5.064152627861485456e+01,8.296083081421359111e+02,1.658179672822382713e+02,2.742094578757125305e+02,9.052596711911296552e+02,1.337504778536823551e+02,-6.031305452821300861e+01,4.647510496803767523e+02,4.950221111376114322e+02,3.156447508593900508e+01,9.140838053869528039e+02,-9.234003406195022023e+00,4.058951650986300508e-01,-1.043336048267568206e+00,3.006040080000001922e+02,8.543257923476582505e+01,5.122254890702903367e+02,2.678396686125966539e+02,-2.850675025033222099e+01,1.090581072390460271e+01,4.376346344068290932e+02,-1.166380801467026060e+02,4.141954268387243587e+02
1.413116894810097506e+02,2.943963045969318770e+01,1.697289583276700341e+03,4.587417256891675521e+01,-1.440923550998477083e+02,1.396201305381958036e+03,1.803850426437238639e+02,2.144440714084802266e+02,1.405123930975538769e+03,1.425551725568107031e+02,-2.338686049627731620e+02,1.098515421646143977e+03,2.262693991610912008e+02,3.160950657805228161e+02,1.123070770421867110e+03,3.349940410367984214e+02,-7.650689956707515194e+01,1.169514444757624688e+03,4.109865099885303721e+02,1.252543359635782565e+02,1.129367044961136571e+03,-3.403752484021106994e+01,5.655069527309667166e+01,8.288641082252422621e+02,1.674321777538264371e+02,2.785062349563764883e+02,9.033591151976866058e+02,1.334184252984178443e+02,-5.900413827367701458e+01,4.654238054728909901e+02,4.921361540787331137e+02,2.847713834622019036e+01,9.000595771118540824e+02,-1.002272175776328034e+01,-3.869052105661939800e-01,-6.689084956275108684e-01,3.089031650828932243e+02,8.107618955992069232e+01,4.938031537304652829e+02,2.675096483366305620e+02,-2.947141811059684002e+01,1.084713939953867445e+01,4.431271458721435010e+02,-1.240074206778331813e+02,4.020385872335595536e+02
1.439613466323749833e+02,3.427094749676275143e+01,1.695413443591692840e+03,4.784387423487179092e+01,-1.401449658291659262e+02,1.395074518141664612e+03,1.822067305309654159e+02,2.185888978087913017e+02,1.403178174752202722e+03,1.378640935208429710e+02,-2.286599494121141163e+02,1.096277595923085755e+03,2.241274564966621199e+02,3.237359580914982757e+02,1.121962517646459673e+03,3.315566992185305821e+02,-7.389788978557776034e+01,1.157711219682310912e+03,4.103900335301630662e+02,1.350853274372148860e+02,1.117900034260663233e+03,-3.605455950116421349e+01,6.354646284925980382e+01,8.280399290989972769e+02,1.691900315044109675e+02,2.833807495161025258e+02,9.012395483018907498e+02,1.332304716514997835e+02,-5.707274219624397915e+01,4.661060743289473862e+02,4.885730575867402194e+02,2.568882977656388178e+01,8.855905933943978425e+02,-1.066498548613148856e+01,-1.007577220502556159e+00,-2.591050394653716671e-01,3.179614254074051587e+02,7.644503979285056516e+01,4.743815437446355645e+02,2.672852790826571550e+02,-3.022049340424578645e+01,1.083482369830683467e+01,4.492957463487935001e+02,-1.316851931551768189e+02,3.904679913737405172e+02
1.464799364256190586e+02,3.881225460734970056e+01,1.692952019823851970e+03,4.984887976250605135e+01,-1.361597288582837564e+02,1.393073287241301841e+03,1.839671322136329934e+02,2.226875377533000346e+02,1.400709285967658843e+03,1.336094308182649115e+02,-2.236068732245917658e+02,1.093526578694308910e+03,2.220870215329683504e+02,3.313429274628927601e+02,1.120660862805704255e+03,3.280611588529130813e+02,-7.099338112228770115e+01,1.145199422771038826e+03,4.098866662506146668e+02,1.458095866682736244e+02,1.106095727740801976e+03,-3.796431138138174077e+01,7.134135896396777810e+01,8.270428446679883336e+02,1.710475356332010222e+02,2.887228805513309453e+02,8.989570553637557850e+02,1.331839793751179286e+02,-5.455444053587343234e+01,4.667127239529494886e+02,4.844908963495674357e+02,2.377931474774485210e+01,8.708163729108642883e+02,-1.110968752700795825e+01,-1.424299636480294451e+00,1.391854890132421529e-01,3.270693214255716157e+02,7.176645174869570099e+01,4.544030990173782811e+02,2.672066391213510315e+02,-3.064710798204202291e+01,1.086549202873159103e+01,4.553310293209917745e+02,-1.395290400865766003e+02,3.792253492869311344e+02
1.489932051476623656e+02,4.302061532559262957e+01,1.689951912332290249e+03,5.186286384805195837e+01,-1.322242592748813479e+02,1.390285999115118557e+03,1.856822616207752503e+02,2.266761409564969654e+02,1.397741681872222216e+03,1.297387990228320405e+02,-2.185468429522071006e+02,1.090138381175738232e+03,2.200542205362334016e+02,3.391047985676911480e+02,1.119334242436423665e+03,3.246898879943731799e+02,-6.795271816419466404e+01,1.131970966242392024e+03,4.093814005593083039e+02,1.577826641263805243e+02,1.094465350026698388e+03,-3.963420917693573386e+01,7.957903681194605383e+01,8.257652507742325270e+02,1.729208258199598163e+02,2.943945302636073507e+02,8.965562560584615994e+02,1.332214151829526827e+02,-5.164100336591033624e+01,4.671766810238965490e+02,4.800569073321407814e+02,2.302613571865450481e+01,8.556642272520352890e+02,-1.133045327906280697e+01,-1.639619591732481840e+00,4.661197501417312927e-01,3.358327140007366438e+02,6.702871342260199583e+01,4.340870811825613487e+02,2.672718881994234152e+02,-3.072426182289336793e+01,1.091586079130025766e+01,4.608055079586040961e+02,-1.476543985984318681e+02,3.679389985329867727e+02
1.516209411911098357e+02,4.712506941051989173e+01,1.686581028328803086e+03,5.384420878963749857e+01,-1.281928301917651538e+02,1.387031329084181607e+03,1.873744392230054814e+02,2.305864451371091661e+02,1.394444323852517527e+03,1.260370851426590804e+02,-2.131506536948650989e+02,1.086287658205200160e+03,2.180590371269567243e+02,3.472657225918671884e+02,1.118276267052511230e+03,3.214170663704483104e+02,-6.482688553955179600e+01,1.117959853334475383e+03,4.087962225049137146e+02,1.712378483830921141e+02,1.083432844564815241e+03,-4.099635042870504975e+01,8.797863460456274254e+01,8.241472241781316370e+02,1.747166385452692907e+02,3.002957680729938943e+02,8.940633134428005633e+02,1.332575079277680459e+02,-4.854083599257191395e+01,4.674568436105344631e+02,4.753557097407602896e+02,2.339651805922742867e+01,8.399388620054895682e+02,-1.130862674136739088e+01,-1.669469057547525281e+00,6.541926523612481281e-01,3.443262761060781258e+02,6.206324702721840936e+01,4.133847555203932984e+02,2.674460569429026009e+02,-3.050370812411022570e+01,1.092548347596995661e+01,4.658411987780993400e+02,-1.563673168183865414e+02,3.563159313859112558e+02
1.544312623344610529e+02,5.139108273357278733e+01,1.683045607856844072e+03,5.575074561077484248e+01,-1.238111956927493225e+02,1.383670949285354027e+03,1.890885982155094212e+02,2.344770334815102615e+02,1.391042024434113728e+03,1.222944111227090929e+02,-2.071794534494455888e+02,1.082321303502943920e+03,2.162889535094597022e+02,3.560194451655178796e+02,1.117796132182744714e+03,3.180892281346610275e+02,-6.163607049275282179e+01,1.103070761301044740e+03,4.081961468634819994e+02,1.861209805138808520e+02,1.073252209120003727e+03,-4.204750921569456779e+01,9.638143757454965055e+01,8.221985419297732278e+02,1.763758745244849706e+02,3.063880299802742684e+02,8.914798596602309999e+02,1.332465231028137964e+02,-4.536883090235424731e+01,4.675318232844916793e+02,4.703670265437627904e+02,2.469665987844652832e+01,8.234894908909525384e+02,-1.103144524834417517e+01,-1.532316128800826016e+00,6.430272418021596437e-01,3.530404751059354567e+02,5.664741417424979630e+01,3.921302895296585689e+02,2.676848632867898914e+02,-3.008079102904530799e+01,1.080850222562764351e+01,4.710135275414104399e+02,-1.660060690525818359e+02,3.443484157740383012e+02
1.574185769379493820e+02,5.593354428071012308e+01,1.679490614030445840e+03,5.756106419075334202e+01,-1.188849078872492271e+02,1.380418080603190219e+03,1.908822145427072883e+02,2.383928610238143619e+02,1.387688384635016519e+03,1.184526781176736563e+02,-2.006659142058223324e+02,1.078539132404142265e+03,2.150131798300265018e+02,3.654099630011268687e+02,1.118082737915495272e+03,3.144841474987964602e+02,-5.849297502224096945e+01,1.087192252830569487e+03,4.078325088942130492e+02,2.020702942627215180e+02,1.063972800959177903e+03,-4.283275275735034171e+01,1.047086139490003234e+02,8.199805852907418284e+02,1.779017325255595665e+02,3.126643482657957520e+02,8.887783095314491675e+02,1.332374540569518047e+02,-4.213637272040374881e+01,4.673975414827207260e+02,4.650067350515531643e+02,2.674022047275023439e+01,8.063289616834894105e+02,-1.051341253153964139e+01,-1.254653547015348147e+00,4.078653178198916041e-01,3.626767305230890202e+02,5.054495084807488325e+01,3.702632917677231603e+02,2.679535993292471403e+02,-2.954432102253744574e+01,1.049178530015784894e+01,4.770648125804930828e+02,-1.767931070961011244e+02,3.324130419781550927e+02
1.605108321703908416e+02,6.069412510152440632e+01,1.675944379496765123e+03,5.928845680154449127e+01,-1.133834954712740455e+02,1.377261917048680971e+03,1.927899034313263371e+02,2.423769222302447304e+02,1.384379841942739858e+03,1.146254955874656360e+02,-1.939140663556703998e+02,1.075033973219919062e+03,2.144468853724403630e+02,3.753012035728118008e+02,1.119109239520695155e+03,3.103148777138429750e+02,-5.567594947088056756e+01,1.070221917655977450e+03,4.080625776607093371e+02,2.185802694466561604e+02,1.055438985472235345e+03,-4.342513352574183472e+01,1.129006638525163453e+02,8.175716214371391288e+02,1.793531125547769705e+02,3.190927837519773789e+02,8.859014843478148578e+02,1.333638870971161623e+02,-3.883142010745813621e+01,4.670796562616725964e+02,4.591825250469988760e+02,2.941139010170399715e+01,7.886176372589363837e+02,-9.821113832835195012e+00,-8.825826672949281804e-01,-9.510351641087367441e-03,3.739139900620021990e+02,4.348659308869939366e+01,3.479471969001043590e+02,2.682297682535139529e+02,-2.893839126360345304e+01,9.954414012413664636e+00,4.845885745674469263e+02,-1.887722308520106367e+02,3.211762258464987667e+02
1.636014997659365804e+02,6.555852561005292500e+01,1.672328851651602918e+03,6.098093632310413170e+01,-1.074301087240911698e+02,1.374036818686970264e+03,1.947890126892049238e+02,2.465066051410721002e+02,1.380958569219899573e+03,1.109848292128759368e+02,-1.873484038402418719e+02,1.071684358912576499e+03,2.146495716159602694e+02,3.854460769947007179e+02,1.120629797844789891e+03,3.052344644704921848e+02,-5.359202628897857323e+01,1.052117148210767027e+03,4.091907246041511144e+02,2.352741077197078994e+02,1.047327273922785707e+03,-4.390699415505994097e+01,1.209060733838705062e+02,8.150358350721619445e+02,1.808083430701807970e+02,3.255782382024931394e+02,8.827678945720409729e+02,1.337618237626563200e+02,-3.551135927553157501e+01,4.666502063819198725e+02,4.528244438511678140e+02,3.260543648537124284e+01,7.705328098297358110e+02,-9.070502075497843819e+00,-4.840788272563477657e-01,-4.901534589214827098e-01,3.872477276538521096e+02,3.516874679146239657e+01,3.255017257434826661e+02,2.684942747846959037e+02,-2.825942154411268348e+01,9.242135515219832342e+00,4.938246550684555700e+02,-2.018346806941846410e+02,3.113311981801767843e+02
1.665919045121877105e+02,7.049084067439372348e+01,1.668515635377839772e+03,6.270757315478636684e+01,-1.012080008221436174e+02,1.370565591165183605e+03,1.967968835837748429e+02,2.509071503512967638e+02,1.377196701809419892e+03,1.076097985819398275e+02,-1.813258660890827798e+02,1.068280728621913113e+03,2.155303578302256824e+02,3.956218477884464733e+02,1.122274532473289810e+03,2.989094132807512096e+02,-5.263446578822604494e+01,1.032953665506767720e+03,4.113327790452565296e+02,2.521221666676416646e+02,1.039234321383386714e+03,-4.435382091050091447e+01,1.287269236303008313e+02,8.124019988887010868e+02,1.823246328832394454e+02,3.319768169198414398e+02,8.792844245285658644e+02,1.344661984607529632e+02,-3.233088861235733447e+01,4.662251034401139123e+02,4.458928646676407652e+02,3.613882700185278907e+01,7.521364073187077111e+02,-8.385640364319726814e+00,-1.364548407815444342e-01,-8.653369102256942558e-01,4.029245838045650885e+02,2.533873587225813395e+01,3.032226617880052686e+02,2.687232590222134263e+02,-2.749681640420131501e+01,8.449069173856972981e+00,5.046158513532054712e+02,-2.157815790775895834e+02,3.033062466922137332e+02
1.694244479315730416e+02,7.557556344799512260e+01,1.664390685501135067e+03,6.453316579240693329e+01,-9.486026078464500699e+01,1.366767460673633423e+03,1.987095674568033132e+02,2.557215279444688747e+02,1.372910562307816463e+03,1.044161445001146973e+02,-1.760055320887601908e+02,1.064680066191419201e+03,2.169585573798619293e+02,4.057520078844144678e+02,1.123699514418396348e+03,2.911538163228923963e+02,-5.299697762196355200e+01,1.012952790236008582e+03,4.143890083106843463e+02,2.694574692147062365e+02,1.030810837485462798e+03,-4.482204298426407973e+01,1.364688431124468480e+02,8.096525734102095839e+02,1.839201217285685743e+02,3.381632402165409985e+02,8.753700493614085190e+02,1.353589056612167951e+02,-2.948836673840392564e+01,4.659312277000644258e+02,4.383932500927859337e+02,3.974504495765271628e+01,7.333517798456473429e+02,-7.842360117019315346e+00,9.165123366460872778e-02,-9.776319822789335534e-01,4.209283127800679836e+02,1.394908469296334275e+01,2.812453807456375330e+02,2.688870799021206039e+02,-2.670085049292892876e+01,7.679938687366819394e+00,5.164898065635741204e+02,-2.303626734384104111e+02,2.971106787237268350e+02
1.720912126486393277e+02,8.095546267295041787e+01,1.659895679914711081e+03,6.648532496753622922e+01,-8.844076045396820973e+01,1.362661651016436736e+03,2.004617513693364117e+02,2.610598368065065529e+02,1.368041992423160991e+03,1.012146747954701027e+02,-1.712970162065595616e+02,1.060877952674309881e+03,2.189038711274543800e+02,4.159405657527639733e+02,1.124721801879257100e+03,2.820301964674168289e+02,-5.453679904426029168e+01,9.924456969705427127e+02,4.181376830944337257e+02,2.877631189041354105e+02,1.021899891909645135e+03,-4.534304152997977866e+01,1.443341551053222531e+02,8.067292383184375240e+02,1.855871482675306936e+02,3.441165002181138561e+02,8.709894290446009109e+02,1.362095463060978773e+02,-2.713892884813233408e+01,4.658576974182784056e+02,4.304118785223162718e+02,4.319436984565278692e+01,7.140668183185475755e+02,-7.437685603880827223e+00,1.501826365849634470e-01,-7.468832952351596166e-01,4.409579674929895532e+02,1.284218571007109455e+00,2.595589634896592202e+02,2.689538105286618475e+02,-2.603670190163002829e+01,7.013840626970022640e+00,5.287893565891804428e+02,-2.452622583823563787e+02,2.923952121203753336e+02
1.746156054400289577e+02,8.674041904271466308e+01,1.655031013400871643e+03,6.852534693838198621e+01,-8.192173068468522956e+01,1.358280336324681230e+03,2.020710743593541565e+02,2.669655817385875594e+02,1.362667674699483769e+03,9.784516664069764147e+01,-1.668649110147058821e+02,1.056958755147683178e+03,2.215113482072733291e+02,4.263975088151549357e+02,1.125376961481070566e+03,2.718194126508938666e+02,-5.677077285983874333e+01,9.717792083482835324e+02,4.223888343671887924e+02,3.073603274917725798e+02,1.012618886399328062e+03,-4.592405565979385074e+01,1.525441422436104517e+02,8.035593221917878282e+02,1.873204637946213609e+02,3.499732068921067025e+02,8.661811590504599963e+02,1.367885992531938939e+02,-2.533607764404481344e+01,4.660193562905680551e+02,4.221509364507535338e+02,4.646129254867955183e+01,6.942802298558890470e+02,-7.109075729075853722e+00,7.506296501734293844e-03,-2.048072035654510681e-01,4.623768238479347588e+02,-1.202991954666347496e+01,2.381507233659690712e+02,2.688927785991472774e+02,-2.577739873099264756e+01,6.484333115627658017e+00,5.407857131893050564e+02,-2.600416903371773856e+02,2.886629260293220796e+02
1.770210415569308680e+02,9.296637772857846471e+01,1.649824633012306549e+03,7.054136350412616707e+01,-7.522847805164887802e+01,1.353568288143949758e+03,2.036386441461750110e+02,2.734106251268777896e+02,1.356940472093252083e+03,9.427976885923227712e+01,-1.621872624307239619e+02,1.052975981768139036e+03,2.250635358452702519e+02,4.372985884971971586e+02,1.125876311976184752e+03,2.608551895647056540e+02,-5.903747802365241881e+01,9.512085910564991309e+02,4.271126502509472971e+02,3.281976596827531125e+02,1.003348985203364123e+03,-4.655462443567269304e+01,1.612350962194297210e+02,8.000905070457881720e+02,1.891313636989297038e+02,3.560106885664117726e+02,8.610540199578407510e+02,1.369871131629160459e+02,-2.402474243306411950e+01,4.663505626849770351e+02,4.139265646616713070e+02,4.980811393221554084e+01,6.741861553611307727e+02,-6.789339130884713747e+00,-3.468233032041074249e-01,5.212132569162084561e-01,4.841694777205677269e+02,-2.513356304079528414e+01,2.171637405494417692e+02,2.686797264776457723e+02,-2.621481176935906277e+01,6.079786008663828234e+00,5.517525040733378319e+02,-2.740740356885431197e+02,2.854785211582798183e+02
1.793089334452459696e+02,9.961947417648364933e+01,1.644285162171777984e+03,7.237753453738413612e+01,-6.827423600661263947e+01,1.348348042956851486e+03,2.053047596865837647e+02,2.803014184066868211e+02,1.351002232107849068e+03,9.062155186807611074e+01,-1.566972624453417495e+02,1.048856339701024353e+03,2.298574154168796326e+02,4.486598930496248840e+02,1.126495038705079878e+03,2.493301438514293125e+02,-6.077140761104802635e+01,9.308342841185842644e+02,4.324808201966617958e+02,3.498757110423171071e+02,9.946486800307741305e+02,-4.721639355866775389e+01,1.703938393971698702e+02,7.963042654180763975e+02,1.910292049367960203e+02,3.625557232696556298e+02,8.557332126000362678e+02,1.368782167088026540e+02,-2.306473908921261540e+01,4.667267646348589665e+02,4.061160750873565348e+02,5.370651178193297426e+01,6.541550838827114376e+02,-6.455382423894662658e+00,-8.839322501342266047e-01,1.265313262725430654e+00,5.049839675839237998e+02,-3.707039978683889103e+01,1.969483748188467018e+02,2.683092333369262974e+02,-2.751936114960373914e+01,5.759854307940099893e+00,5.610240108904151839e+02,-2.865148543512171386e+02,2.825447875055497775e+02
1.814601173685611855e+02,1.066801190656091620e+02,1.638363452223007243e+03,7.389311131622217488e+01,-6.098607433381444309e+01,1.342375751839120539e+03,2.071855120568699533e+02,2.874814623002691292e+02,1.344916421748538824e+03,8.700643792587644043e+01,-1.500046874051362238e+02,1.044389757982745550e+03,2.360731056562462413e+02,4.602956801957814150e+02,1.127457993965744208e+03,2.372084117330030324e+02,-6.175052594891259616e+01,9.106122384420093567e+02,4.388060594621595101e+02,3.718810946861821094e+02,9.871430725059407223e+02,-4.789337546420896530e+01,1.798684381330398594e+02,7.921859040638121314e+02,1.929787748361753756e+02,3.698527067462000559e+02,8.502705171355720495e+02,1.366975286535760006e+02,-2.225465044783954127e+01,4.669985350941761908e+02,3.990798020410457525e+02,5.863936791989159758e+01,6.346472003977941085e+02,-6.135113182164102952e+00,-1.509435700640406441e+00,1.889731701340852776e+00,5.233228934508974817e+02,-4.685990118348328792e+01,1.779702469868520893e+02,2.678142500143491134e+02,-2.962367747052206113e+01,5.479437608981215568e+00,5.680781585464526415e+02,-2.963412403955430818e+02,2.796214291208802365e+02
1.834543770040372976e+02,1.141370297726220571e+02,1.631943333994589239e+03,7.502260450807297332e+01,-5.332086957977725206e+01,1.335448799121655838e+03,2.093245859082581148e+02,2.947401329152035601e+02,1.338651530406513984e+03,8.348365866236143518e+01,-1.421043112128993471e+02,1.039300177125347773e+03,2.437069094449745990e+02,4.718740700804365247e+02,1.128882742227643348e+03,2.242953156786459772e+02,-6.216502083453662664e+01,8.904242947988508377e+02,4.464101367378540317e+02,3.938645955555046498e+02,9.814300812994370062e+02,-4.857799404257890075e+01,1.894384599705130654e+02,7.876631037583484840e+02,1.948649699870212260e+02,3.779496689839583041e+02,8.445664902732227119e+02,1.367680171372955726e+02,-2.134968926504111408e+01,4.670238783221208223e+02,3.931040346217213823e+02,6.491470289815558203e+01,6.161205476228334419e+02,-5.871068541726079282e+00,-2.057038142846847162e+00,2.326862486129785523e+00,5.378759726235962262e+02,-5.348679655709119629e+01,1.606353469996255683e+02,2.672810966922961597e+02,-3.220679356836951257e+01,5.209052729086420364e+00,5.726609463430468168e+02,-3.024604171569437767e+02,2.763728109230168570e+02
1.852893501895384816e+02,1.219624714461222510e+02,1.624869091527106775e+03,7.580209103381528735e+01,-4.526783802709663007e+01,1.327495134096176571e+03,2.116819648066975219e+02,3.018486142575477515e+02,1.332115877360505010e+03,7.995616775740447224e+01,-1.334276605563450175e+02,1.033344098030452187e+03,2.525942181383047398e+02,4.830275824258640682e+02,1.130796923814241609e+03,2.103894716000594940e+02,-6.245420211346299766e+01,8.701648091703758610e+02,4.554802533154779098e+02,4.157824421576727332e+02,9.780108225687969252e+02,-4.926675386455274719e+01,1.988992230150636544e+02,7.825586773038559159e+02,1.964978533511369676e+02,3.866603759532570734e+02,8.383590214394129134e+02,1.374173477136346833e+02,-2.008905136154374205e+01,4.666928465553934871e+02,3.883953679768835059e+02,7.261008125979621752e+01,5.989648677136293600e+02,-5.672149525316125818e+00,-2.326342898920724434e+00,2.579006982274400173e+00,5.478876792256489807e+02,-5.587915235732080532e+01,1.451389297256388318e+02,2.668429513337843559e+02,-3.480368554887410681e+01,4.941062148614133065e+00,5.749154989176544177e+02,-3.038533254872137945e+02,2.722718969232607833e+02
1.869852687512523346e+02,1.300791260880944264e+02,1.616998096098726137e+03,7.634510737479077136e+01,-3.683550594802574807e+01,1.318590979482803050e+03,2.141593090841412561e+02,3.086217461675905156e+02,1.325218858915671262e+03,7.621397993020801209e+01,-1.246614143244513997e+02,1.026382629233252146e+03,2.624930951617491246e+02,4.934562417517464041e+02,1.133201355879527000e+03,1.953874738940937732e+02,-6.301749101050493351e+01,8.497968730132516839e+02,4.659792102571730652e+02,4.378332875206774588e+02,9.772325685890889417e+02,-4.994168622511038080e+01,2.081221756395451905e+02,7.766063424495814616e+02,1.976695872043436850e+02,3.956321090948882784e+02,8.313008663853618145e+02,1.389225795998331705e+02,-1.824297630174870122e+01,4.659440859684438010e+02,3.851158627303676667e+02,8.166303224447493392e+01,5.834506458617950102e+02,-5.490017338187449525e+00,-2.156890305199516078e+00,2.683029794387754130e+00,5.533888246001486095e+02,-5.297177931752505486e+01,1.314159540893745941e+02,2.666431829125956483e+02,-3.698986738852244827e+01,4.677195684269302767e+00,5.754306998683734946e+02,-2.997005607762424688e+02,2.666400449312166074e+02
1.885780975675054947e+02,1.383504675881595176e+02,1.608253998600686373e+03,7.678354507104070592e+01,-2.803302517911886937e+01,1.308901895831890215e+03,2.166457534666646723e+02,3.149729947014336631e+02,1.317925301784830481e+03,7.203149723529477910e+01,-1.164125155653332797e+02,1.018402601558899505e+03,2.731704691071535080e+02,5.029885935923859392e+02,1.136125605515443567e+03,1.792696487497487965e+02,-6.399746060169322703e+01,8.293536511931583846e+02,4.776494448578521883e+02,4.602718041321705300e+02,9.792369867057086594e+02,-5.054360413641963135e+01,2.170776249068917139e+02,7.695430231982455780e+02,1.982422554918504431e+02,4.044988088014815730e+02,8.230989688272635476e+02,1.414837920121316017e+02,-1.566671539701825289e+01,4.647725103020395068e+02,3.834166495576551483e+02,9.201505928774614063e+01,5.696781015844029525e+02,-5.234256941921477946e+00,-1.495261415677843431e+00,2.666596660592720713e+00,5.551498720295320481e+02,-4.389143377779932820e+01,1.192016631820464880e+02,2.667784952147829358e+02,-3.854371527602305747e+01,4.403635688109114987e+00,5.751287392733104298e+02,-2.894538972835864001e+02,2.588138039091094811e+02
1.901120688170930180e+02,1.465995593800566610e+02,1.598657097178192089e+03,7.721142235810391696e+01,-1.886640695729776596e+01,1.298587298486278314e+03,2.190636375962445470e+02,3.209256926301105182e+02,1.310278111944777947e+03,6.726423308576714533e+01,-1.089247749472001203e+02,1.009491334554454852e+03,2.844428004984820859e+02,5.116077170898590225e+02,1.139625565558509606e+03,1.620067231658760534e+02,-6.527047442036065661e+01,8.088933101049635752e+02,4.901009450483426804e+02,4.832480766744187122e+02,9.839169614249309461e+02,-5.095732723114822704e+01,2.258204520783390308e+02,7.612367939218861466e+02,1.982210935047709199e+02,4.130514702736952586e+02,8.136498754273037548e+02,1.452038367216814549e+02,-1.233696031630813472e+01,4.632246697312358492e+02,3.834320041830174546e+02,1.036889779289251976e+02,5.575401845854519252e+02,-4.812986199639622598e+00,-4.088188679621047594e-01,2.524804625733679586e+00,5.543458326586595604e+02,-2.819724725049892555e+01,1.081555003358143381e+02,2.672489889724046179e+02,-3.950409606879382096e+01,4.069751685756064497e+00,5.749894662675714017e+02,-2.728560964968708049e+02,2.483612096880664808e+02
1.916359438684775682e+02,1.546417031199457028e+02,1.588320832087237477e+03,7.766482342542070683e+01,-9.361609842960838535e+00,1.287722918174993310e+03,2.213972392837662824e+02,3.265758625800494315e+02,1.302380736066747204e+03,6.188653925925525101e+01,-1.020310903067005341e+02,9.997844871152813084e+02,2.961603100902129313e+02,5.194632110580249673e+02,1.143706475142081445e+03,1.434915659762992561e+02,-6.661010699489328601e+01,7.884429308351566306e+02,5.029285636497903056e+02,5.067675367353339198e+02,9.908966717218044096e+02,-5.103249803070502111e+01,2.344448307512813017e+02,7.517724424980279991e+02,1.977685912003837529e+02,4.213432807991340496e+02,8.030985958246789096e+02,1.500572935931896268e+02,-8.356769823960606303e+00,4.613789699776684188e+02,3.852321234629793025e+02,1.167510719557421481e+02,5.467333394422172432e+02,-4.174411414747300597e+00,9.652182631637170607e-01,2.230382934460173772e+00,5.520867010236598844e+02,-6.038415768736340006e+00,9.798597289850157210e+01,2.679449151165722469e+02,-4.010517102818769786e+01,3.588055111073967129e+00,5.757200115796425735e+02,-2.499381363003472529e+02,2.352455353640247893e+02
1.931964198680561253e+02,1.623211844675127793e+02,1.577419719106425191e+03,7.814272342182960074e+01,3.995290416454936877e-01,1.276280310904378894e+03,2.236942932092562444e+02,3.320395047563931143e+02,1.294349192497497143e+03,5.595200133196350833e+01,-9.536012659104011391e+01,9.894162178909866725e+02,3.081613819605782965e+02,5.268671938778661570e+02,1.148215383719168585e+03,1.235708730414897047e+02,-6.785822051407809852e+01,7.679783143339585649e+02,5.157985106056451059e+02,5.307474139108079498e+02,9.995656793424964235e+02,-5.064372707797740958e+01,2.430249650887288624e+02,7.414319518026669584e+02,1.971452759954807732e+02,4.296792610252412601e+02,7.917817681941496630e+02,1.558612529246992722e+02,-3.931637915579108356e+00,4.593147168819997432e+02,3.887699592182570427e+02,1.312164032221435548e+02,5.368295059904415893e+02,-3.331769709045800276e+00,2.501340034382714350e+00,1.768533082813170232e+00,5.490492513779855699e+02,2.188877010563755476e+01,8.852889628135189071e+01,2.686829389851823748e+02,-4.063708300551898844e+01,2.862370177477902899e+00,5.775365731171775678e+02,-2.210098568680608082e+02,2.198503100751122759e+02
1.948219686835591915e+02,1.695546193768839203e+02,1.566147808496224570e+03,7.864363173794104966e+01,1.026331011609389776e+01,1.264175787439429996e+03,2.260396590641630326e+02,3.374243366619144240e+02,1.286260497400686972e+03,4.950814373389325596e+01,-8.863217412381736438e+01,9.785075618608152581e+02,3.202364231087884150e+02,5.342477123290774443e+02,1.152797123709202424e+03,1.021655182955764190e+02,-6.895858054680941507e+01,7.474767145617979622e+02,5.284772398795176969e+02,5.550724700757378969e+02,1.009202279504267267e+03,-4.976036565586824878e+01,2.515733479651286189e+02,7.305758269372964833e+02,1.966052579133589404e+02,4.384994505817221579e+02,7.800807499017189457e+02,1.622827712487359122e+02,6.742015017567132285e-01,4.570846870741950738e+02,3.938663733297162253e+02,1.470029287021818334e+02,5.273816812364296993e+02,-2.366056067023165177e+00,4.142849164991011079e+00,1.172211947563555512e+00,5.453796719728306925e+02,5.459449983978757359e+01,7.975907988111873692e+01,2.692772856437005089e+02,-4.131042282869779569e+01,1.832017865614792962e+00,5.801778911784847423e+02,-1.866208018521249414e+02,2.028348863987205277e+02
1.965030793014436767e+02,1.763805059618226210e+02,1.554689196392369695e+03,7.918567912033797995e+01,2.003293346136836917e+01,1.251372469055256715e+03,2.285121547093026777e+02,3.428391586697103435e+02,1.278130299044551521e+03,4.252688151386350768e+01,-8.182287254657298092e+01,9.672133764363683213e+02,3.321235571195188072e+02,5.420466524953493490e+02,1.156990440576319770e+03,7.940058657688464905e+01,-6.984746646190939146e+01,7.270411900101385072e+02,5.408154829243122776e+02,5.795874042934125328e+02,1.019185020385450684e+03,-4.847787005297500684e+01,2.600460776993609784e+02,7.195023242570002822e+02,1.963004172033418229e+02,4.482143228024534096e+02,7.682685846118602058e+02,1.689079947141491687e+02,5.194303594634015475e+00,4.547107112482308366e+02,4.002539441410287964e+02,1.639902147896775375e+02,5.180171392530373851e+02,-1.406820088603074614e+00,5.897033977144576333e+00,5.326167013856454302e-01,5.408657431947199257e+02,9.114979775383442018e+01,7.174729570496857889e+01,2.696120786540724339e+02,-4.218679046768036045e+01,5.045021171568120355e-01,5.831413654969755953e+02,-1.474437794746702650e+02,1.848778121477277239e+02
1.981863219880934537e+02,1.829962191569536571e+02,1.543208432994573286e+03,7.979675151629213303e+01,2.953762355882544810e+01,1.237989371232868052e+03,2.311437331910289572e+02,3.484203693845778957e+02,1.269935732573741006e+03,3.490257975758950693e+01,-7.508872070244977692e+01,9.558021766445449430e+02,3.435321384983903386e+02,5.505956290059294815e+02,1.160442687569649024e+03,5.566413471626643883e+01,-7.032315651504374898e+01,7.070373224720724465e+02,5.527143929144417598e+02,6.040577017999369218e+02,1.029219280017805431e+03,-4.698006355825107505e+01,2.683955760455216932e+02,7.083725785662676344e+02,1.962391273025649241e+02,4.590648816694693437e+02,7.564397597642025630e+02,1.753609353652627760e+02,9.422704627714349357e+00,4.522102224673615751e+02,4.076615595711301125e+02,1.821423749831733971e+02,5.084927479071507150e+02,-5.922187106723848515e-01,7.776087605798935876e+00,-2.684559220948204428e-02,5.352238276862814246e+02,1.309818429593557880e+02,6.459963604972196549e+01,2.696833653916600042e+02,-4.319593426438123629e+01,-1.046977222355838677e+00,5.860065806030686417e+02,-1.040625959894513102e+02,1.664416772741485318e+02
1.997947768690702617e+02,1.897514082974009284e+02,1.531848137682525930e+03,8.048822130487687332e+01,3.871093604578485525e+01,1.224352789292348916e+03,2.338996945127129550e+02,3.543426306889706439e+02,1.261665092106363545e+03,2.652528098418895652e+01,-6.853894907152165672e+01,9.446999489760964934e+02,3.541787166946231196e+02,5.600324685564678475e+02,1.163111915096678558e+03,3.156408292718583652e+01,-7.002696259108597587e+01,6.881440679939915981e+02,5.640889021098306557e+02,6.281772899551255023e+02,1.039455324199846473e+03,-4.544643550093910989e+01,2.766319599756979528e+02,6.972307592403670924e+02,1.963102370349256773e+02,4.710560589701321987e+02,7.445525303993714488e+02,1.814227833232122862e+02,1.327027207442693069e+01,4.496370755805448880e+02,4.158944691234881361e+02,2.015974281984113929e+02,4.987170555671954162e+02,-1.421127015080447809e-02,9.733365419293605214e+00,-4.025673499880856321e-01,5.283130590481110858e+02,1.739843088816313923e+02,5.841560017020621842e+01,2.695977131468443986e+02,-4.421548549802031403e+01,-2.720177119911455055e+00,5.886677556159289679e+02,-5.673251724671923313e+01,1.476925625812839655e+02
2.012682476129803604e+02,1.970803176584832102e+02,1.520712715069141950e+03,8.123822353931147688e+01,4.764283133941125925e+01,1.210940375616377196e+03,2.366907967808158162e+02,3.607951733120204949e+02,1.253350565325791194e+03,1.738325580632440648e+01,-6.204946570023817287e+01,9.344372819731300979e+02,3.638272867681473599e+02,5.702946689015341235e+02,1.165305418769321250e+03,7.805888328684051025e+00,-6.856810377787066102e+01,6.712443999739335823e+02,5.748315496356756285e+02,6.516483909509000796e+02,1.050405332013710449e+03,-4.395874716597539589e+01,2.848401087018917792e+02,6.860750771496720972e+02,1.963455511064222492e+02,4.839709396900160527e+02,7.325346052641737060e+02,1.870918099906003249e+02,1.679604567998443798e+01,4.471018936660085501e+02,4.248642913357518296e+02,2.226496549037597674e+02,4.887489624464806752e+02,3.327785027297516240e-01,1.164965468651976188e+01,-5.592917967922206302e-01,5.201837384012707162e+02,2.203957386543859513e+02,5.326947654394260923e+01,2.695331107920135310e+02,-4.516092941780500070e+01,-4.427797389772520020e+00,5.913596168307974494e+02,-5.269693864110063686e+00,1.286106184984528511e+02
2.026013267692627835e+02,2.053894807441092496e+02,1.509832101319273988e+03,8.200044696405706190e+01,5.658806781711654565e+01,1.198223868186307072e+03,2.394168778223428262e+02,3.679307043320883395e+02,1.245050677959408631e+03,7.620763547235501534e+00,-5.526140351608887613e+01,9.255059775272388833e+02,3.723333820658063473e+02,5.811664431465500229e+02,1.167508328877064969e+03,-1.496248509325902454e+01,-6.570684224088459757e+01,6.571721590390815209e+02,5.847879427257556699e+02,6.742659909425166234e+02,1.062676937153757763e+03,-4.246597892939961838e+01,2.931303070945104423e+02,6.749114660518612254e+02,1.961792129405950789e+02,4.974431084082769416e+02,7.203667952386421121e+02,1.925484670673122309e+02,2.019683765651317486e+01,4.447453857732709253e+02,4.345514906072501162e+02,2.456308435932502334e+02,4.787656355022838852e+02,5.700605517333851013e-01,1.338386887122756264e+01,-5.445175943775312222e-01,5.110002528855115997e+02,2.704922720590632252e+02,4.918816195963648852e+01,2.696778779439870277e+02,-4.603374467120451641e+01,-6.119198316404538041e+00,5.944844828936154499e+02,5.078685858087958849e+01,1.092014904732758254e+02
2.038594403651237315e+02,2.149453466317100379e+02,1.499128571811337906e+03,8.273258906940132817e+01,6.593468468930262816e+01,1.186485130391489292e+03,2.420276386452158590e+02,3.758117885951416497e+02,1.236793653396417085e+03,-2.501248938040731673e+00,-4.774534562659819414e+01,9.182053237046052345e+02,3.796835843483356143e+02,5.923285842090444930e+02,1.170110289493595928e+03,-3.629067485930033854e+01,-6.146954384656291381e+01,6.464342271020714179e+02,5.937669808291293521e+02,6.959177950019418404e+02,1.076656043695702465e+03,-4.083130725062485311e+01,3.015577230344223949e+02,6.637590952017586687e+02,1.956775783326719136e+02,5.110597170288763778e+02,7.080915862606098017e+02,1.980375387282484496e+02,2.375165430844676351e+01,4.426715489244450055e+02,4.449231318779965250e+02,2.707661764754953424e+02,4.689878810041034853e+02,8.955888467068765513e-01,1.484870595379642921e+01,-4.591484953354987297e-01,5.009435882681357839e+02,3.242333341136936724e+02,4.610782017489799500e+01,2.701664992962949441e+02,-4.690509725060508828e+01,-7.773031199719039996e+00,5.983519176625864020e+02,1.117577297028502272e+02,8.966056845356521876e+01
2.051679090178651563e+02,2.258090472833811191e+02,1.488426292894838980e+03,8.342299509488871934e+01,7.614421191970660630e+01,1.175712550773548173e+03,2.445716895604934109e+02,3.843841577676192287e+02,1.228535657782721046e+03,-1.272796508206336341e+01,-3.918532234941515924e+01,9.125747653869050282e+02,3.860047669096589971e+02,6.034003237110233613e+02,1.173218006407478924e+03,-5.600666446436856205e+01,-5.612591813970407628e+01,6.390630867785912415e+02,6.015936549090190510e+02,7.165015415561861118e+02,1.092306192952877154e+03,-3.893218503637442041e+01,3.100819131673434867e+02,6.526317694514833647e+02,1.947436976216717426e+02,5.244770033197737575e+02,6.957633471724062701e+02,2.037231481700827942e+02,2.773800861386298777e+01,4.408819425888885917e+02,4.558559722744256533e+02,2.980942918416030238e+02,4.595791966633595962e+02,1.492635941879233874e+00,1.605180498883694895e+01,-4.040338999351237859e-01,4.901617316717185986e+02,3.810526129502200092e+02,4.383625240994412309e+01,2.710320586208659392e+02,-4.785330868736182452e+01,-9.379195651785950716e+00,6.029702434794276087e+02,1.773847319092543842e+02,7.039446379669863063e+01
2.066817578984715738e+02,2.378437994791177061e+02,1.477524931047635846e+03,8.409522550396791019e+01,8.767121928988743207e+01,1.165646968198419472e+03,2.472002110745850132e+02,3.934980305726965639e+02,1.220186388445181819e+03,-2.293737844685642813e+01,-2.944420752523363305e+01,9.084517416956391571e+02,3.915164063250530262e+02,6.140190200849783650e+02,1.176678015338425439e+03,-7.420173501591827403e+01,-5.005494952401398479e+01,6.346872192298872051e+02,6.081740853923180339e+02,7.358727351401345231e+02,1.109179296363042795e+03,-3.674773859129410880e+01,3.186145168528252611e+02,6.415387287168587136e+02,1.933210226512175325e+02,5.375285790512419908e+02,6.834042707951037983e+02,2.095898781320348689e+02,3.235409620320895385e+01,4.392584842172890376e+02,4.671105651532433853e+02,3.274973522080629778e+02,4.505705900419117711e+02,2.430069363281419204e+00,1.707331068100612725e+01,-4.360128638018448965e-01,4.787595082677106575e+02,4.399425493935384566e+02,4.207181948855493658e+01,2.721924143780543091e+02,-4.889946375978296089e+01,-1.093206805654487646e+01,6.079826178840892226e+02,2.466946789445577224e+02,5.191594916765249934e+01
2.085461723972509844e+02,2.507880713654210467e+02,1.466311494912166154e+03,8.478484614324412405e+01,1.008670554564798323e+02,1.155954922462272862e+03,2.501090598189987304e+02,4.029759416113973884e+02,1.211700914177067489e+03,-3.317915416330225753e+01,-1.849109410822406474e+01,9.056077363010024328e+02,3.964307398425757469e+02,6.239905401635809312e+02,1.180274919443404542e+03,-9.111159135339336501e+01,-4.358712382690377041e+01,6.327753644081539051e+02,6.135253768667577106e+02,7.539288393156300572e+02,1.126604788940411709e+03,-3.437172392448333369e+01,3.271318172957578554e+02,6.305184250242888311e+02,1.914143891007428522e+02,5.502896023280269446e+02,6.710167843805356824e+02,2.154445908289356169e+02,3.768071977381675453e+01,4.376118690110377543e+02,4.783678953305119990e+02,3.588170049183235619e+02,4.418630416200915079e+02,3.616268129537774545e+00,1.800084949617837182e+01,-5.557001208875010922e-01,4.667846827154149310e+02,4.998197882369119043e+02,4.049301831124204654e+01,2.734779388116803602e+02,-4.998313970373807535e+01,-1.243866536478974538e+01,6.127589437502349483e+02,3.183265702298627389e+02,3.470824618345258727e+01
2.108543426498471263e+02,2.643617892435356680e+02,1.454846090027611808e+03,8.549932122701972048e+01,1.158813868788341495e+02,1.146425693095092129e+03,2.534401558360198408e+02,4.126972949965000907e+02,1.203172451702286253e+03,-4.359518200262330367e+01,-6.289061319195538680e+00,9.038702099530415808e+02,4.008491135092336890e+02,6.334519518156168942e+02,1.183939591137208026e+03,-1.069363837200828016e+02,-3.690450028836298912e+01,6.329041609534594954e+02,6.177506444558788417e+02,7.707907958868863716e+02,1.143927062588477384e+03,-3.193669942105610460e+01,3.357662137635779231e+02,6.196736673276961938e+02,1.891186146281430638e+02,5.630528487112775338e+02,6.586439947310130947e+02,2.210245376615214923e+02,4.369588470473716768e+01,4.357664841495548558e+02,4.892981875066899420e+02,3.919781936963059934e+02,4.333101735124323000e+02,4.843931916411747807e+00,1.886974702313754904e+01,-7.248838054897520644e-01,4.541950972188896571e+02,5.599613592136438456e+02,3.886600242015505557e+01,2.746924963260761956e+02,-5.099436649608281868e+01,-1.392701266595325293e+01,6.165818546726511613e+02,3.911543448630129660e+02,1.914783623050647066e+01
2.136101128119031785e+02,2.783662357568684911e+02,1.443363920934677481e+03,8.618184539980657632e+01,1.325937962080965633e+02,1.137077434780530439e+03,2.571940230175486590e+02,4.226580527172479833e+02,1.194843933340351441e+03,-5.428410776548523131e+01,7.241369923536383979e+00,9.031634078907011371e+02,4.047142547762447862e+02,6.429171846499425556e+02,1.187799644009567146e+03,-1.216856527804106207e+02,-3.002845098792223055e+01,6.348923553258540551e+02,6.209812668788150631e+02,7.869022193139226147e+02,1.160653474567915282e+03,-2.949705674213234374e+01,3.447946220033976488e+02,6.091637854177084819e+02,1.866224103782168697e+02,5.762046894117015654e+02,6.464196948811414813e+02,2.261593775224986587e+02,5.032752533808457684e+01,4.336261032460417368e+02,4.996105227881162705e+02,4.270399813542193783e+02,4.248222573721603226e+02,5.906381007459437171e+00,1.964647832469067978e+01,-8.941560493842359847e-01,4.408391336278546078e+02,6.202150134312727232e+02,3.709245975759203873e+01,2.756830333254690686e+02,-5.184310301576562807e+01,-1.544016003395610781e+01,6.188325757849092952e+02,4.647913347436431764e+02,5.503166673054694868e+00
2.167076981063259495e+02,2.927478012871699207e+02,1.432186717596026256e+03,8.670040167729447944e+01,1.506193453522352286e+02,1.128122281148643424e+03,2.612016849236709959e+02,4.329802005512773349e+02,1.187009276701784984e+03,-6.521991842804435180e+01,2.215704255127120348e+01,9.034687260554109116e+02,4.078388459198204146e+02,6.531225143289657353e+02,1.192031647986624876e+03,-1.351278727197585567e+02,-2.287213640935744507e+01,6.387450179040716876e+02,6.233216790167883801e+02,8.028896316073150956e+02,1.176453875006990984e+03,-2.694971337398886391e+01,3.545161356515097282e+02,5.991443841050497667e+02,1.841622334334141442e+02,5.900520775280056114e+02,6.345537093571117566e+02,2.308997117921591098e+02,5.751602945814900636e+01,4.311792256285853568e+02,5.090479662543823451e+02,4.641448838074738319e+02,4.164125392644270960e+02,6.718644654542821115e+00,2.026362868116245153e+01,-1.021333091253203262e+00,4.264978075535403264e+02,6.808078842755494406e+02,3.516844039804304600e+01,2.763871167858255262e+02,-5.252172459267453775e+01,-1.701747618753902458e+01,6.191031830747612048e+02,5.396107414590575218e+02,-6.040642383139673832e+00
2.199412460381388144e+02,3.076080138967018911e+02,1.421593538550390804e+03,8.687500637047935470e+01,1.694164276946925156e+02,1.119830056213983426e+03,2.651659395012230220e+02,4.438754863960157309e+02,1.179861365563079971e+03,-7.629075456759180440e+01,3.840649623379820810e+01,9.047598872413902882e+02,4.099760162969273551e+02,6.647311009846245042e+02,1.196634608874371906e+03,-1.468592873994070089e+02,-1.531063498959911229e+01,6.444852043605485505e+02,6.248163781264080399e+02,8.192158321705545632e+02,1.191057932603023573e+03,-2.404627574818213986e+01,3.650977780440289848e+02,5.896953668998432931e+02,1.819367784033028101e+02,6.046977183007984422e+02,6.232514083497310367e+02,2.355379435356722411e+02,6.526375260170424042e+01,4.284463854137262047e+02,5.173360616989182290e+02,5.034092278581053961e+02,4.081474750593473004e+02,7.373429909540481830e+00,2.068557388338706104e+01,-1.074204540840434818e+00,4.110028252383353902e+02,7.418489521288995547e+02,3.309836528478559359e+01,2.768380220642044947e+02,-5.311739457627801642e+01,-1.867892162793413391e+01,6.172148904470499247e+02,6.162439582685141204e+02,-1.539039062498736143e+01
2.230467654695593183e+02,3.231559005598291492e+02,1.411722938120970866e+03,8.654113093957856506e+01,1.884827481768368216e+02,1.112383608200658273e+03,2.687419191086111709e+02,4.555902363317396748e+02,1.173393815755893229e+03,-8.741923680243296246e+01,5.583169464432828022e+01,9.069737237651148689e+02,4.108800952316205439e+02,6.780724299307696583e+02,1.201314804260494839e+03,-1.564280420304662584e+02,-7.225076487984330775e+00,6.520203081622634045e+02,6.254422364239029548e+02,8.358521821408138521e+02,1.204156556538894392e+03,-2.048755823417968713e+01,3.764965499672235296e+02,5.807940953697684563e+02,1.800299552749665395e+02,6.200442363270016131e+02,6.126196875475397974e+02,2.405065768133451911e+02,7.366346935685112385e+01,4.254083153806777773e+02,5.241308296163446130e+02,5.448365628446591700e+02,4.000347190808983555e+02,8.101892571153776146e+00,2.096785832643272940e+01,-1.024611572036166374e+00,3.943818365743083518e+02,8.028572188421435385e+02,3.083382757033789545e+01,2.771292964954907347e+02,-5.376357939388183382e+01,-2.042560164503231235e+01,6.131648355899528724e+02,6.948896847932396668e+02,-2.260092628329867992e+01
2.257617814076310481e+02,3.396222562605802864e+02,1.402554042595443889e+03,8.562834935247718704e+01,2.075785807851029290e+02,1.105807708526107945e+03,2.716150869163001289e+02,4.683632073057680145e+02,1.167432649361880067e+03,-9.864818791365397033e+01,7.428957710627010158e+01,9.100371024961921194e+02,4.103372007591021884e+02,6.930806676418264942e+02,1.205595401022335409e+03,-1.634207633606373520e+02,1.505191912796300935e+00,6.611501116727025646e+02,6.251223000984846294e+02,8.522229915442354695e+02,1.215393111090190132e+03,-1.603748005183743430e+01,3.885153737842837813e+02,5.723550598634827793e+02,1.783945391624376384e+02,6.359306433310222246e+02,6.026209091643165721e+02,2.462105745534738617e+02,8.290847863423279307e+01,4.219570005622376812e+02,5.290164496229753013e+02,5.883165780184484674e+02,3.919357584929873610e+02,9.163188515310574545e+00,2.127619561545309423e+01,-8.438134329979889436e-01,3.769402785590093004e+02,8.626628040626044367e+02,2.826540223480244052e+01,2.773623763924255172e+02,-5.456160267415340570e+01,-2.225380697894101445e+01,6.070341449810483709e+02,7.749024167170390456e+02,-2.793696296405612500e+01
2.278759667341388990e+02,3.571797351471320781e+02,1.393963939753895602e+03,8.421669031768205116e+01,2.268880690828193849e+02,1.099995177736022015e+03,2.735504000031732517e+02,4.824138126916652709e+02,1.161780755868506958e+03,-1.100958417053183922e+02,9.381860568701036129e+01,9.139160779596562634e+02,4.081854380251271550e+02,7.094617424237874275e+02,1.209093625031270903e+03,-1.674641931715764258e+02,1.106075254862397017e+01,6.717082981879303816e+02,6.237509682836952152e+02,8.675032860106618955e+02,1.224448897944293321e+03,-1.058594799526411734e+01,4.009578590576900297e+02,5.643014779426952146e+02,1.769107160547389981e+02,6.523176474312375603e+02,5.930982611559636553e+02,2.528887249422042487e+02,9.328648748330797957e+01,4.178863453983508975e+02,5.315701885650828444e+02,6.337056645486799198e+02,3.835854903302102912e+02,1.072415265134732643e+01,2.185114801841418952e+01,-5.017109043954409708e-01,3.592150681880194725e+02,9.197829856702312554e+02,2.523801019906323972e+01,2.776075362372923223e+02,-5.552236313821612868e+01,-2.416714139385251769e+01,5.988858702892322299e+02,8.549217411165523117e+02,-3.187609247907868948e+01
2.292492906934554071e+02,3.759113159412938785e+02,1.385817701230110060e+03,8.253212573776380623e+01,2.470325011520425562e+02,1.094792203776832821e+03,2.744072039212980485e+02,4.979484585790591495e+02,1.156373535722852239e+03,-1.217898989310624671e+02,1.147303516350533243e+02,9.186241568211585218e+02,4.043506946736916916e+02,7.269649240822452612e+02,1.211771447498393172e+03,-1.681765734992253840e+02,2.175395501479126992e+01,6.837215972999812266e+02,6.212153781350436930e+02,8.811073379474802323e+02,1.231144368951011302e+03,-4.129749683345334432e+00,4.137796239746035099e+02,5.566087746586775893e+02,1.754805868375689784e+02,6.694065600973444816e+02,5.838467833809665990e+02,2.605786897475013575e+02,1.051512594638004003e+02,4.129129100828116634e+02,5.314680692901795283e+02,6.809208533732928572e+02,3.747350272107338469e+02,1.279305755990124105e+01,2.293093437817582370e+01,3.558981024500717377e-02,3.418210898390881880e+02,9.730387312042956864e+02,2.154601160832682538e+01,2.778937751680300607e+02,-5.656274027456476716e+01,-2.617583440096684555e+01,5.886875461621507384e+02,9.334184022795636793e+02,-3.501998328364878432e+01
2.297926631676200770e+02,3.958352357927243474e+02,1.378039504176742867e+03,8.086804962791438811e+01,2.688944463480911509e+02,1.090078758742361970e+03,2.741261134365470298e+02,5.151509555787690715e+02,1.151335510934350168e+03,-1.334944559974862273e+02,1.375558023050246845e+02,9.241488668621167335e+02,3.988929808219542679e+02,7.455770200712282758e+02,1.213968501228941932e+03,-1.651546246115555903e+02,3.405174815492738105e+01,6.974475319084991725e+02,6.174037364438910345e+02,8.930755271298788784e+02,1.235454738006081470e+03,3.305871740850449658e+00,4.271385086759558476e+02,5.492886592009375590e+02,1.740938184789422962e+02,6.876226858261248935e+02,5.746845058548925635e+02,2.691936996348659932e+02,1.188643999433137992e+02,4.067117353279635381e+02,5.285797426224627316e+02,7.299682557597180903e+02,3.653463392097569908e+02,1.523947385077241989e+01,2.466666430719397596e+01,8.167984097605528460e-01,3.252865081683397079e+02,1.022010623657629594e+03,1.690560692539105148e+01,2.782173615145509302e+02,-5.755562512756920057e+01,-2.828736977569079514e+01,5.763009091855858514e+02,1.009273975804812267e+03,-3.794866717372426024e+01
2.294277877162307107e+02,4.169557841794626825e+02,1.370636788598468229e+03,7.946291207542738277e+01,2.932962066972355046e+02,1.085799008263632231e+03,2.726995968165747399e+02,5.341370955902031028e+02,1.146902386362273774e+03,-1.446645256481662329e+02,1.628699683616229379e+02,9.303221324408035571e+02,3.920236147216587597e+02,7.655384124075832233e+02,1.216169747893720341e+03,-1.580603248454328309e+02,4.849398227133503525e+01,7.132371432539806619e+02,6.122027128510965213e+02,9.041505788647147028e+02,1.237398461531456633e+03,1.175255112067767982e+01,4.413148097810883996e+02,5.423390452619581765e+02,1.728215433557853373e+02,7.074785771379704329e+02,5.654971304927613573e+02,2.786482344212611792e+02,1.347152704678953512e+02,3.989630768046167191e+02,5.230064045877282979e+02,7.808768782630346550e+02,3.557205981857748611e+02,1.788642385619654007e+01,2.707486893005168227e+01,1.926855672678916331e+00,3.099704489206387166e+02,1.067061388679331458e+03,1.095747446244494760e+01,2.785457548136587889e+02,-5.840107031569063878e+01,-3.049907220447133938e+01,5.615600858733247378e+02,1.082050886673606783e+03,-4.110498932048584209e+01
2.280518447636534347e+02,4.393013843828997551e+02,1.363681161823727052e+03,7.839564368964911978e+01,3.206659306470200477e+02,1.081937522522855488e+03,2.701429918852481933e+02,5.549015421603542109e+02,1.143271543216954569e+03,-1.545864348638644117e+02,1.910817465449687234e+02,9.367214441284755821e+02,3.840503578817805419e+02,7.872316223851205450e+02,1.218639201110119757e+03,-1.467909522729200660e+02,6.550703966558781133e+01,7.313073545126545696e+02,6.054857124457739701e+02,9.155571483924645690e+02,1.236855265070744963e+03,2.134864890764999146e+01,4.565568570027304531e+02,5.357152419065813547e+02,1.717465063240781831e+02,7.293927513514066732e+02,5.562592249991664630e+02,2.889420912088156115e+02,1.528526015050482556e+02,3.894095026852082810e+02,5.150398567008754753e+02,8.335729161791692832e+02,3.464724774585585578e+02,2.063114814816739084e+01,3.006434625798962301e+01,3.511474037130212444e+00,2.960842382830361998e+02,1.108956526579235515e+03,3.359631641688129111e+00,2.788098128419194381e+02,-5.907375584844852767e+01,-3.279596367540428048e+01,5.444063614809269893e+02,1.151859764813129232e+03,-4.478516358045145296e+01
2.255210379592485879e+02,4.629372696053803793e+02,1.357267303829779394e+03,7.755337808019095291e+01,3.508596183637323520e+02,1.078465902409462842e+03,2.664830622644929576e+02,5.773250530532945959e+02,1.140488183626635191e+03,-1.626463936228858813e+02,2.222765914363497757e+02,9.426843801166171488e+02,3.752424772340584127e+02,8.110850359710320845e+02,1.221129515559313859e+03,-1.316327486548767638e+02,8.520292198089877900e+01,7.515894716583752597e+02,5.970826707941640734e+02,9.286712315217049536e+02,1.233423059008124710e+03,3.234478640591724741e+01,4.729554181877107908e+02,5.293527696995427050e+02,1.708778492134364342e+02,7.535459797975960328e+02,5.470414840895317639e+02,3.001456297091976921e+02,1.732734809902146651e+02,3.779083428019144435e+02,5.050485995772388605e+02,8.877599113570686313e+02,3.383483810696428691e+02,2.355143566317136106e+01,3.354446212884791123e+01,5.787753470639178666e+00,2.837670414863032988e+02,1.148356532629304866e+03,-6.035590846529821363e+00,2.789082691502961779e+02,-5.961156056084103483e+01,-3.515141649414753289e+01,5.250061743892476898e+02,1.218974899407319754e+03,-4.923809997281862394e+01
2.216463467865132486e+02,4.879697849899326911e+02,1.351469914247739098e+03,7.668336228767213925e+01,3.832424451898074267e+02,1.075285379550643256e+03,2.617702327394406439e+02,6.012956737350052663e+02,1.138432299611274857e+03,-1.685895020500134933e+02,2.561534445041981485e+02,9.474352060721877251e+02,3.656569814764266653e+02,8.375870824129498260e+02,1.222799324969803820e+03,-1.132771470317671856e+02,1.073210729083378254e+02,7.737720116608891203e+02,5.867234375052024689e+02,9.447556238894288754e+02,1.226384210128469022e+03,4.508066116609239771e+01,4.904346723230097496e+02,5.232196080333078498e+02,1.701029254133595430e+02,7.798236120858683762e+02,5.379970159487270394e+02,3.122987666927656392e+02,1.958934980410990079e+02,3.644516338315525559e+02,4.933244340093787628e+02,9.428577516508138388e+02,3.319679243840503773e+02,2.697223257283793885e+01,3.758035622480837645e+01,9.020974204740735303e+00,2.731566061204541711e+02,1.185483022867689897e+03,-1.701799225218019984e+01,2.787578281659141908e+02,-6.003651388936067690e+01,-3.753526524844991741e+01,5.037950966803831534e+02,1.283442982025467472e+03,-5.479368209108400833e+01
2.161884227643721204e+02,5.145621703086508205e+02,1.346310188238844376e+03,7.549572602991726455e+01,4.169874013671839066e+02,1.072177739934263400e+03,2.561020634125796960e+02,6.269240840536504038e+02,1.136883895823255898e+03,-1.726299354411200682e+02,2.920387864534790765e+02,9.502245430900535439e+02,3.549964636235528701e+02,8.673639353850909401e+02,1.222313137230039274e+03,-9.264821447864686377e+01,1.314337494602895049e+02,7.975120793839433873e+02,5.739745760655125650e+02,9.647918132743525348e+02,1.214765600254744186e+03,5.994549822019365592e+01,5.088738439981940473e+02,5.173498925480945445e+02,1.692013829194549430e+02,8.078459394874760164e+02,5.293104961594738143e+02,3.252931196404879302e+02,2.206699092576388921e+02,3.491407465956450551e+02,4.799488961298533809e+02,9.980197566650037970e+02,3.275964524811254819e+02,3.147808224256603182e+01,4.252751572435067828e+01,1.346022197076803906e+01,2.644346650846885609e+02,1.220102792507075492e+03,-2.899935211905132348e+01,2.783892256366106039e+02,-6.023348169901854021e+01,-3.994204966336838680e+01,4.814525997449759984e+02,1.344873183228400194e+03,-6.191042324857853174e+01
2.088555611006582353e+02,5.429568308574366711e+02,1.341738089444051639e+03,7.376964699607164277e+01,4.514147861543951876e+02,1.068773722932715145e+03,2.496304367038947873e+02,6.547471557133775377e+02,1.135586085924001736e+03,-1.753406863216653164e+02,3.289268948724730421e+02,9.503679585416869031e+02,3.425586894380685408e+02,9.011655511349717926e+02,1.218006417188440764e+03,-7.061546630820515702e+01,1.573727092374126073e+02,8.226637206344438482e+02,5.582230781026601107e+02,9.893220759988668078e+02,1.197434933759805745e+03,7.731687868468840463e+01,5.282857274014783115e+02,5.118335145507460311e+02,1.679128047938691282e+02,8.370518784790039035e+02,5.211134962133436375e+02,3.388147603655677358e+02,2.477018365075160773e+02,3.321400169643040954e+02,4.647485622141202839e+02,1.052215328993064986e+03,3.250289758708130989e+02,3.785537503084596267e+01,4.907092798569075853e+01,1.925155632614608692e+01,2.578545355532788221e+02,1.251768496472738434e+03,-4.119694067305526630e+01,2.780348902199405074e+02,-5.984205242326423502e+01,-4.244092217851556370e+01,4.588544789707598284e+02,1.402468320552499563e+03,-7.107635512148898727e+01
1.993288658894333594e+02,5.734753309796329859e+02,1.337632087072187460e+03,7.143725169890277016e+01,4.861774999584159218e+02,1.064558810648033386e+03,2.425212530674791367e+02,6.857808497250516666e+02,1.134238929353353342e+03,-1.773395270727496040e+02,3.655124840237124317e+02,9.471712039388114590e+02,3.273012232031156259e+02,9.396315777139798229e+02,1.208038358182558341e+03,-4.775989421232850418e+01,1.856390355075148477e+02,8.493577882382276130e+02,5.387637430089096142e+02,1.018241020542245565e+03,1.173214170706854475e+03,9.747029486450621505e+01,5.489379352438775186e+02,5.067775210945675894e+02,1.660270968183383786e+02,8.667901252553209588e+02,5.134019383832877566e+02,3.523841563126108554e+02,2.772301631927348353e+02,3.136557070321194942e+02,4.473821537723384267e+02,1.104350644667375036e+03,3.236174425727640482e+02,4.695437022002887772e+01,5.812031947815013666e+01,2.637106446135672400e+01,2.537396006208632286e+02,1.280134358004017031e+03,-5.294781408336641704e+01,2.781233308492003857e+02,-5.822904028655703712e+01,-4.521926683006135050e+01,4.370270268393761626e+02,1.455241394138176702e+03,-8.258220457106838808e+01
1.873330614178642577e+02,6.064709251911571073e+02,1.333805114840485885e+03,6.865125010876612066e+01,5.212180947913476530e+02,1.058939210158901915e+03,2.348473212850412324e+02,7.213381957506991284e+02,1.132415996432363272e+03,-1.788467447065588658e+02,4.002366823915987766e+02,9.398754051078641396e+02,3.080131566432348791e+02,9.828609943004061051e+02,1.190551589335928384e+03,-2.434763285914892705e+01,2.174849280641014957e+02,8.778698474224318034e+02,5.150040707096942469e+02,1.050608322819125306e+03,1.141048567586492481e+03,1.204765158543567480e+02,5.713408005582193709e+02,5.022732481715754602e+02,1.634589017259615105e+02,8.963876653134002481e+02,5.060029635733014857e+02,3.654709362124964969e+02,3.095169743853452360e+02,2.939671725272479534e+02,4.275402146008623276e+02,1.153403664777335734e+03,3.224342268508094662e+02,5.949262576890158272e+01,7.056991217457624543e+01,3.462209424005003200e+01,2.524102356155793245e+02,1.305171880372293799e+03,-6.397836307504471165e+01,2.791229076548139005e+02,-5.458680490186834078e+01,-4.857022590724810840e+01,4.170719260201885845e+02,1.502300248826005600e+03,-9.626459717691798801e+01
1.727368961749672849e+02,6.422335697098438914e+02,1.329990550231229463e+03,6.585200838843670113e+01,5.565895738628919389e+02,1.051369035444088922e+03,2.264261231908729712e+02,7.626385163064953758e+02,1.129447279925633211e+03,-1.792102788491660874e+02,4.314120049644232608e+02,9.278180052461850664e+02,2.835745171763384178e+02,1.029973797228527928e+03,1.163891626386336156e+03,-5.459910532250382698e-01,2.544925286729047400e+02,9.083523413169677951e+02,4.867296708600800343e+02,1.084656728855507481e+03,1.100260136148044012e+03,1.461333834640238081e+02,5.961096623428451267e+02,4.983849271222166522e+02,1.602712176068268661e+02,9.251885243442343381e+02,4.986137331740322338e+02,3.776247792693014276e+02,3.446606760543485279e+02,2.734915390516021034e+02,4.051722219413136941e+02,1.198555240234637722e+03,3.205331239339880653e+02,7.586409060717156194e+01,8.699768877767512265e+01,4.371328103827065803e+01,2.540194543134082039e+02,1.327198803001537499e+03,-7.446179415070443497e+01,2.812604693816157351e+02,-4.814262636228881576e+01,-5.278757865705120622e+01,4.000158203691166818e+02,1.543075191733559905e+03,-1.113555141532570474e+02
1.556348514596792825e+02,6.808665823551608582e+02,1.325790347272759391e+03,6.382726099721428881e+01,5.923075322899462662e+02,1.041509111645879102e+03,2.166615997734556913e+02,8.103238197045418474e+02,1.124332131463800124e+03,-1.765106935035031768e+02,4.574942220366141896e+02,9.109095203230101561e+02,2.532754582540997887e+02,1.078901589739290330e+03,1.126884908665483863e+03,2.323735924168791556e+01,2.977554205631876130e+02,9.405854005495189085e+02,4.543154347794374530e+02,1.118123709042103883e+03,1.050830649388784195e+03,1.739771445522835052e+02,6.237708424359782384e+02,4.951445194455819205e+02,1.566336031104555957e+02,9.525637871107416004e+02,4.908947088583262257e+02,3.885717152500475891e+02,3.824371788677563586e+02,2.528310779827090187e+02,3.806336310123242015e+02,1.239285810043792480e+03,3.172327379547695045e+02,9.603237558228723003e+01,1.074180983668951797e+02,5.338679211169518624e+01,2.583634328185539744e+02,1.346735613698761881e+03,-8.482150678755799333e+01,2.842380608583582671e+02,-3.839537991414735529e+01,-5.798330896234996601e+01,3.865936536779646531e+02,1.577401637354983222e+03,-1.265526807108921332e+02
1.363662568816603766e+02,7.221596772347282922e+02,1.320611127645873012e+03,6.372099348438052857e+01,6.283383293662262759e+02,1.029377847458426686e+03,2.044927434946958442e+02,8.640210515712504957e+02,1.115745279432760981e+03,-1.674011896885312751e+02,4.775364624509147120e+02,8.903069006971550152e+02,2.171430264734461844e+02,1.126542996693148325e+03,1.079110867322109698e+03,4.611615027527869159e+01,3.470218668466438885e+02,9.738689391178302230e+02,4.187655569622266967e+02,1.148847872449919350e+03,9.935868830368219733e+02,2.033754289939896864e+02,6.545833435426579854e+02,4.925272775216471359e+02,1.527374661752153600e+02,9.778903655737074132e+02,4.825776776737660043e+02,3.982617112524963545e+02,4.222284542689195064e+02,2.327563578681094327e+02,3.546886646137887737e+02,1.275391673996626423e+03,3.123207114730979583e+02,1.195522204051559214e+02,1.311861995895969244e+02,6.352510340138400835e+01,2.648037442087165232e+02,1.364276538368434331e+03,-9.540146323391506655e+01,2.871223310235733948e+02,-2.526778858524415838e+01,-6.390641326122118215e+01,3.770563427312696945e+02,1.605448987256804003e+03,-1.403360680447701156e+02
1.154681929747311244e+02,7.654978260037428299e+02,1.313661402739031246e+03,6.692855340075105630e+01,6.647073339203245723e+02,1.015465903428486058e+03,1.885523276241395081e+02,9.220715198863350679e+02,1.102185563992590914e+03,-1.473758485740789297e+02,4.918048492764066282e+02,8.689434135421192877e+02,1.761876123111591141e+02,1.169254811993761678e+03,1.021096740125630731e+03,6.681566618351338604e+01,4.002377210905565903e+02,1.007081512262510842e+03,3.815333414939186127e+02,1.175380808633773995e+03,9.301843393299714080e+02,2.336497301891996301e+02,6.884147537438118434e+02,4.904058468253235787e+02,1.487243264801418547e+02,1.000504218344652031e+03,4.735555049398232654e+02,4.068794961169197109e+02,4.630479555529753384e+02,2.141077309763738583e+02,3.283852903543159414e+02,1.306897188226728304e+03,3.060950847702173405e+02,1.457028194048400280e+02,1.570899676617411274e+02,7.416025960245411852e+01,2.724019196745135218e+02,1.380090465053103344e+03,-1.062095859292414985e+02,2.885361957563051192e+02,-9.101548730269671594e+00,-6.987227158053308074e+01,3.711221635366334795e+02,1.627578969988071549e+03,-1.514245225939307034e+02
9.359706559500725120e+01,8.098741050354142317e+02,1.304080935771703935e+03,7.483571429581283496e+01,7.016453030559459876e+02,1.000789902230512439e+03,1.675652173586368292e+02,9.815339228238008218e+02,1.082281489058615307e+03,-1.116150890119088075e+02,5.024379503250068524e+02,8.514976778753974713e+02,1.324595270870894979e+02,1.203532018867462739e+03,9.544007949045801524e+02,8.420367981106885225e+01,4.538054115799017723e+02,1.038874745466435343e+03,3.441766542439291356e+02,1.197325574577010684e+03,8.629004341747913713e+02,2.641544365667871261e+02,7.246823076563470067e+02,4.885182572212325454e+02,1.446815110061600365e+02,1.019660679347510381e+03,4.639400906346783700e+02,4.148232978557870183e+02,5.036478966687247407e+02,1.976303720500778809e+02,3.028789853812695583e+02,1.333903791352915277e+03,2.992284214989637121e+02,1.736725828410525025e+02,1.835982685199753064e+02,8.535727596587641131e+01,2.802238299591305122e+02,1.394141632394348562e+03,-1.168792981881916404e+02,2.871414164611267665e+02,9.495207584866871997e+00,-7.487941097667631141e+01,3.681215522439855476e+02,1.644254253741225966e+03,-1.591668981674227723e+02
7.145645265977691452e+01,8.540705956034115616e+02,1.291201447268939319e+03,8.842112159951277306e+01,7.397052626958533210e+02,9.868412685544684564e+02,1.408859260519101610e+02,1.038538413925423356e+03,1.055206908320248658e+03,-5.637918452444704798e+01,5.138874289983724566e+02,8.435441367134055781e+02,8.883098092064813045e+01,1.226698282939262754e+03,8.815804682729597062e+02,9.816442714337603093e+01,5.036321900436563510e+02,1.068011860743319630e+03,3.079839568674952375e+02,1.215258339329261389e+03,7.943600560797236767e+02,2.942724741022149715e+02,7.623637380058532926e+02,4.864994807841706006e+02,1.407156298761109383e+02,1.034556351260934207e+03,4.540842342779885712e+02,4.226339525729794104e+02,5.426974009949733500e+02,1.837822890125200956e+02,2.792819326255875581e+02,1.356467045780383842e+03,2.925199032714207306e+02,2.027296098273293978e+02,2.091872736002381998e+02,9.702150534591943654e+01,2.876326368383614067e+02,1.406149220727476177e+03,-1.268340697117711358e+02,2.822350434805381951e+02,2.986449230872300475e+01,-7.790262913612423290e+01,3.672552532675637167e+02,1.656058688330070026e+03,-1.636749174710921864e+02
4.974261916521085425e+01,8.969921227932522925e+02,1.274835964931115996e+03,1.078217505423915981e+02,7.798162668045879400e+02,9.753714663204735871e+02,1.089648948846312067e+02,1.088978877399827525e+03,1.021093700703528839e+03,1.935622823345014609e+01,5.327627477728447047e+02,8.499960605736662274e+02,4.850600757306113309e+01,1.237453552580160249e+03,8.060411796865315637e+02,1.104811249073040500e+02,5.467702920205850887e+02,1.093904862184678450e+03,2.737121528000586181e+02,1.230315783078268396e+03,7.273253489222003054e+02,3.233539996785088420e+02,8.000861679000209961e+02,4.839937488516658277e+02,1.370560328992274606e+02,1.044456560378578388e+03,4.445554459589924932e+02,4.308592454492549564e+02,5.790192143177857815e+02,1.725690550325894037e+02,2.585610488521465982e+02,1.374575798057880547e+03,2.866378415555873289e+02,2.323369635261774420e+02,2.326600434319367707e+02,1.087348959041393925e+02,2.943810305063525448e+02,1.415736411031173702e+03,-1.355139669471327863e+02,2.741969769852967715e+02,5.147324362652953766e+01,-7.825504786251745770e+01,3.678029431818924877e+02,1.663781433453666978e+03,-1.656446847182162685e+02
2.909930900699856338e+01,9.380224586492433900e+02,1.255438508657831790e+03,1.320208521343937775e+02,8.232409638163546788e+02,9.679904242312791212e+02,7.352323313307250885e+01,1.129389295489209871e+03,9.812905851396295702e+02,1.125786961099561267e+02,5.667733343722942436e+02,8.733639897686199447e+02,1.438247149276945080e+01,1.236168600188485243e+03,7.317452042973226298e+02,1.252296778536457111e+02,5.832066310138256995e+02,1.117286022325869453e+03,2.415179764612289262e+02,1.243689311077145931e+03,6.645765438792423083e+02,3.506748759431335998e+02,8.362988588459934363e+02,4.808037487694242600e+02,1.341093553541047356e+02,1.048924511717639007e+03,4.360445050453213867e+02,4.398793497093291194e+02,6.118498088559911139e+02,1.634634798938591302e+02,2.414492320264402565e+02,1.388234300552738887e+03,2.819380976904303111e+02,2.622027171699340329e+02,2.533974986122229893e+02,1.197153468346839276e+02,3.004562008813886109e+02,1.422600219495810734e+03,-1.425286078556493123e+02,2.645799110943853520e+02,7.398408382777472525e+01,-7.586452100059213421e+01,3.691672840589775433e+02,1.668454103695479489e+03,-1.659920307892128051e+02
1.007700925216458288e+01,9.772224986291057576e+02,1.234023367563922420e+03,1.588173200401013219e+02,8.713839622159308647e+02,9.656542350487637805e+02,3.732532707753844647e+01,1.157741782308418806e+03,9.383371961778208288e+02,2.158520810124960860e+02,6.228091763391927316e+02,9.125720044457849554e+02,-1.152381945425037379e+01,1.224859662012460831e+03,6.627663493743343679e+02,1.482044096714778618e+02,6.171737773970675107e+02,1.140636152931144352e+03,2.110894098077146737e+02,1.256265613571124732e+03,6.087858963662764609e+02,3.754821475535055129e+02,8.695145080652919205e+02,4.769952459367434585e+02,1.324045033783584131e+02,1.048078713498241541e+03,4.292153568303023690e+02,4.497664882393798962e+02,6.410580242013148791e+02,1.554622918413782031e+02,2.283257760669156937e+02,1.397576029828034507e+03,2.784028126111245456e+02,2.922725633244373853e+02,2.715101962286283879e+02,1.289262911735596333e+02,3.058124128550039131e+02,1.426655163657767162e+03,-1.477019382729407653e+02,2.557923764784149228e+02,9.723753381111511374e+01,-7.134275383569936935e+01,3.707858460738260078e+02,1.671256042639717862e+03,-1.655144171517068514e+02
-6.899650382302864315e+00,1.015263970767299043e+03,1.211866732435845734e+03,1.851566215846082741e+02,9.254127437260194711e+02,9.682296086115454727e+02,3.606017183541477156e+00,1.173911846302515642e+03,8.956022689580503311e+02,3.182646351992156610e+02,7.047071107456624759e+02,9.629263244385945200e+02,-2.839968823077092708e+01,1.206822342118018014e+03,6.027277885661908385e+02,1.851732429766383348e+02,6.572978279294619597e+02,1.167744050900010507e+03,1.819290044830399040e+02,1.268511963093741542e+03,5.622563509751043966e+02,3.971279109252268995e+02,8.985639956101657617e+02,4.728985182721413594e+02,1.324278818922973358e+02,1.042747460266736880e+03,4.245496515323414428e+02,4.602570897229736033e+02,6.672417788726384060e+02,1.473096573607488153e+02,2.190816557199540000e+02,1.402916983369451827e+03,2.757056487230868242e+02,3.226726599851659785e+02,2.878672654467206371e+02,1.352934675333689825e+02,3.102004671069769870e+02,1.428120066045554722e+03,-1.510552069560167752e+02,2.504925320081200084e+02,1.212093294017307130e+02,-6.581987217638834409e+01,3.720590196800285412e+02,1.673283535376370992e+03,-1.647326596679669422e+02
-2.155742786527445531e+01,1.053141666556088012e+03,1.190142310099952056e+03,2.077687534613107232e+02,9.857380688444809493e+02,9.743555213083301396e+02,-2.465913077161215128e+01,1.179682918697533751e+03,8.566469857783670250e+02,4.076411277839652030e+02,8.116058911651833796e+02,1.017326291620611187e+03,-3.662864588737874527e+01,1.185969349299803071e+03,5.542386577411463122e+02,2.392792511296534599e+02,7.150859409736007137e+02,1.201972406551024051e+03,1.537032786178359061e+02,1.280541742470286863e+03,5.264972583128015913e+02,4.152265034719528671e+02,9.227772095710004123e+02,4.690140596247395592e+02,1.344201751779780523e+02,1.034391264401627268e+03,4.222622652337958016e+02,4.708620306414738366e+02,6.916341872917595310e+02,1.378682423824589875e+02,2.130647793873059470e+02,1.404700118351617448e+03,2.733742448998702343e+02,3.536002744867898286e+02,3.039602548357421483e+02,1.379585813610270293e+02,3.132191595430995790e+02,1.427512565708820148e+03,-1.527736211459819629e+02,2.508994487659601589e+02,1.459860959541125567e+02,-6.061729996038760504e+01,3.724179918231432111e+02,1.675259876738909497e+03,-1.639206189431988037e+02
-3.379855039303109976e+01,1.091818423200767256e+03,1.169672661788630421e+03,2.239257348181660916e+02,1.051527163227799065e+03,9.817229814927392226e+02,-4.540976081480953042e+01,1.178322632408423715e+03,8.244800239616130284e+02,4.734049492379134563e+02,9.377082118564898110e+02,1.068188476185312766e+03,-3.753127588463992481e+01,1.166008211661161340e+03,5.184996248227708975e+02,3.084994278875483928e+02,8.017664851339527559e+02,1.243570607835858937e+03,1.265468903076625509e+02,1.292226672167541210e+03,5.017750492919795988e+02,4.297576509721016009e+02,9.420168765397430661e+02,4.658862451942503071e+02,1.382447683043314726e+02,1.024758516120042486e+03,4.223287205300546248e+02,4.810644121239388937e+02,7.157988453803111497e+02,1.265449763069981373e+02,2.092172143867641125e+02,1.403366218709838677e+03,2.709842483202331778e+02,3.851574323670587887e+02,3.215636775826249050e+02,1.365149038265982995e+02,3.145475084930230310e+02,1.425526598621748008e+03,-1.531598872907619864e+02,2.582216076268762208e+02,1.717434219915409415e+02,-5.688569215272924851e+01,3.715172032857003046e+02,1.677314148107262781e+03,-1.632158715161799876e+02
-4.371282039985297985e+01,1.131956331499317457e+03,1.150889184780993446e+03,2.320667674485912642e+02,1.120502288679276717e+03,9.877009506012891507e+02,-5.789484464622690041e+01,1.173866373311485859e+03,8.009298884105696743e+02,5.091274168736891852e+02,1.073703391803116347e+03,1.109187179928436763e+03,-3.299264473464508285e+01,1.149681743827835362e+03,4.952254436986434598e+02,3.844241070273122887e+02,9.242505506232229209e+02,1.287301770917269550e+03,1.012130562472396491e+02,1.303268106972039050e+03,4.868847182649642491e+02,4.410776158551271351e+02,9.565651482722910259e+02,4.640160668729799909e+02,1.434114696941574891e+02,1.015396396786311698e+03,4.245959743440970442e+02,4.905093340692711195e+02,7.411764964966475873e+02,1.136155114169173430e+02,2.064275906612565450e+02,1.399254829809397734e+03,2.683010502210436243e+02,4.171464614086934262e+02,3.422272587099340058e+02,1.311911173207324737e+02,3.141942526179005313e+02,1.422825658675633122e+03,-1.525641260491315165e+02,2.723414520239736589e+02,1.986813250464685723e+02,-5.532719315115244285e+01,3.694111821026516509e+02,1.678960830357254281e+03,-1.626958445406786780e+02
-5.154433486196980851e+01,1.173797480463347483e+03,1.133955096270947934e+03,2.320855288199271627e+02,1.189223650015682551e+03,9.900630021005126764e+02,-6.271390519525229479e+01,1.170270891488839879e+03,7.863387364502589207e+02,5.138676047721544364e+02,1.209329386038631355e+03,1.136055922529962345e+03,-2.509376057788147563e+01,1.138312149406916433e+03,4.829179655561792970e+02,4.533926866498583763e+02,1.081663215874695197e+03,1.322018021853644314e+03,7.899558775750644202e+01,1.313235483852914285e+03,4.793464025759892593e+02,4.498434444595360446e+02,9.669526415620435955e+02,4.638444615633025023e+02,1.492567013557780058e+02,1.007256587689475055e+03,4.289027584084582827e+02,4.991043270478790532e+02,7.686278558976110844e+02,1.002912685605607379e+02,2.039700708055096641e+02,1.392631659732430762e+03,2.653120074160792115e+02,4.488914179982666610e+02,3.667502481898152951e+02,1.229476983989706014e+02,3.125989895057644503e+02,1.419853930258880382e+03,-1.513093066352386984e+02,2.918276661608912264e+02,2.269051689084715804e+02,-5.607151959965609223e+01,3.665744514237370026e+02,1.679348513891201719e+03,-1.623866774574244118e+02
-5.758961110796048644e+01,1.217160454074203471e+03,1.118919344041165914e+03,2.252168283468796801e+02,1.253858400269027925e+03,9.875222610869855089e+02,-6.153225046948634258e+01,1.170597161182256968e+03,7.796736181359458442e+02,4.918973972903740446e+02,1.335988614133809506e+03,1.146290927739912604e+03,-1.580879344326806901e+01,1.131790678361365281e+03,4.793730235209947637e+02,5.001024371831402391e+02,1.264020970498231918e+03,1.333137224289328742e+03,6.140024996242416222e+01,1.321639634527516364e+03,4.760492237068861527e+02,4.568723382791378071e+02,9.738520174204164732e+02,4.657835263400841654e+02,1.551949611967665703e+02,1.000606083722631865e+03,4.351441972320413356e+02,5.070062228405682845e+02,7.981414484596124339e+02,8.846206300854922233e+01,2.017967003302457272e+02,1.383840868284042472e+03,2.621580256818946850e+02,4.791783018831539493e+02,3.948498540297177328e+02,1.134347378549672527e+02,3.105219609355274883e+02,1.416770614130148942e+03,-1.496584362783722497e+02,3.142811119461389922e+02,2.562965372161201003e+02,-5.871292750828995821e+01,3.637355412459377817e+02,1.677711920456286862e+03,-1.622550023529224461e+02
-6.205758566838441226e+01,1.261485528502547140e+03,1.105789042334596843e+03,2.136205303156595221e+02,1.311190369787737154e+03,9.798879995943121912e+02,-5.659432777206604470e+01,1.176386735358663145e+03,7.789975892361566139e+02,4.510669813007865514e+02,1.448311587480690832e+03,1.138284406082738087e+03,-6.787673030633233573e+00,1.128965961266608019e+03,4.822213004947172976e+02,5.125423005692491643e+02,1.453921008037247020e+03,1.307460137418725253e+03,4.962293720002823250e+01,1.328081452089513505e+03,4.741425734937423613e+02,4.629666011057249193e+02,9.780912134386210255e+02,4.702397084287310918e+02,1.609214761051248672e+02,9.952695784880545489e+02,4.432588033882792047e+02,5.145307313274629450e+02,8.288098652454268631e+02,8.019045221074237872e+01,2.004926109720101692e+02,1.373463953555680291e+03,2.590298321238212225e+02,5.063827648900803524e+02,4.251718478071982759e+02,1.047681981916218206e+02,3.087867550385403774e+02,1.413528592356839226e+03,-1.478503759032164453e+02,3.369393680201667962e+02,2.864381978947603784e+02,-6.246525026500287225e+01,3.616184401273036428e+02,1.673824002695666422e+03,-1.622369896727678906e+02
-6.497161097338550917e+01,1.305903554051066067e+03,1.094502374970338678e+03,1.998414477576505988e+02,1.359477683184276657e+03,9.678442826009702458e+02,-5.019483990631001546e+01,1.187402590932213570e+03,7.821189215344982131e+02,4.005295166444286110e+02,1.544133533666245057e+03,1.110735512475222095e+03,7.846894235514638716e-01,1.128216854606395145e+03,4.893450006216805832e+02,4.862137350740029547e+02,1.630805006356222975e+03,1.238302416408412455e+03,4.400507198763928329e+01,1.332423777743905248e+03,4.718334764304045734e+02,4.687571110330777628e+02,9.807237285007163337e+02,4.775783375421012238e+02,1.664799996322319942e+02,9.910207983173977482e+02,4.531594169847043077e+02,5.220519091181574822e+02,8.590629840803139814e+02,7.714930376647230048e+01,2.008924544009454962e+02,1.362345386051110154e+03,2.560958467133324916e+02,5.287822848330304168e+02,4.556334213008594247e+02,9.913704420403853135e+01,3.080094420519433811e+02,1.410024014273154989e+03,-1.461750493764876921e+02,3.573774664852329579e+02,3.166263284742911424e+02,-6.636942944704976810e+01,3.607214800995127462e+02,1.668216024352486784e+03,-1.622981429569634884e+02
-6.618044828579692762e+01,1.349361177470901112e+03,1.084870649544167463e+03,1.862889668861743644e+02,1.398814577541042354e+03,9.525035799540049766e+02,-4.423520849842402924e+01,1.201865183556564261e+03,7.871986080305833866e+02,3.486052523432532553e+02,1.623205197141443023e+03,1.062905665407190554e+03,6.275462729067496248e+00,1.127957942117358243e+03,4.991331427055870336e+02,4.257269131524165005e+02,1.776178173904613459e+03,1.128485480738299884e+03,4.371902977095994203e+01,1.334858019980551944e+03,4.687643776098485660e+02,4.746323545843386000e+02,9.830319726561398284e+02,4.880177427584799830e+02,1.721852621465154982e+02,9.878703308805567076e+02,4.646551565773092989e+02,5.299486522511141402e+02,8.870578551261215807e+02,8.021477206441259966e+01,2.035676309182856869e+02,1.351450196153549768e+03,2.534859559397572752e+02,5.449708835821745652e+02,4.839451703261873945e+02,9.833939512521595816e+01,3.084302651187988999e+02,1.406224948458252811e+03,-1.450136012432750192e+02,3.740936754647149201e+02,3.459562278445849302e+02,-6.948949087570596816e+01,3.612059375831673265e+02,1.662054724852145455e+03,-1.624687235107891752e+02
-6.547174611302166625e+01,1.390824538246540214e+03,1.076574486770630074e+03,1.747944548991440286e+02,1.430865382975374587e+03,9.349353130574525039e+02,-3.993318100346123600e+01,1.217176677294318779e+03,7.931438434257361223e+02,3.013134154968545317e+02,1.685582318940634650e+03,9.955917331089408435e+02,9.644335988901513446e+00,1.126922597406694194e+03,5.106282017704061218e+02,3.430594721488977257e+02,1.877785406816641853e+03,9.897070531732858854e+02,4.688564880149056791e+01,1.335752658719324927e+03,4.658227508810271615e+02,4.807814714292947542e+02,9.863909236951551520e+02,5.014927405539354481e+02,1.784564272351147167e+02,9.861109202912660976e+02,4.774145535681811907e+02,5.386132994250918955e+02,9.110960902629453813e+02,8.935015728879194796e+01,2.084719548896905792e+02,1.341648707488449190e+03,2.513164073230416307e+02,5.542440647847420223e+02,5.081137413416544746e+02,1.034090459905760184e+02,3.098955980622124571e+02,1.402240458338361123e+03,-1.447733380666691687e+02,3.867966214269574721e+02,3.734375210932349773e+02,-7.104518522313860274e+01,3.628871670969804200e+02,1.656748982221122105e+03,-1.628090573527034337e+02
-6.271585931212840848e+01,1.429495556083626525e+03,1.069245002872739633e+03,1.662704009690138491e+02,1.458089898273152585e+03,9.158284170756261346e+02,-3.771290114922501147e+01,1.230910482034187680e+03,7.997024191470992491e+02,2.617783508413575646e+02,1.730651060209049774e+03,9.120940121690110800e+02,1.140397739833240642e+01,1.124214101165362536e+03,5.236039506343716994e+02,2.533828340957035152e+02,1.931348971349386829e+03,8.386512412780958812e+02,5.112331980202578308e+01,1.335294329541518437e+03,4.644948787348110955e+02,4.872980432416739518e+02,9.920297915665772734e+02,5.175613298267393247e+02,1.856391590387913766e+02,9.861635324137769203e+02,4.909963478988375414e+02,5.484862579740093906e+02,9.299520374844498747e+02,1.037909304118211224e+02,2.149242184147096850e+02,1.333555340008869507e+03,2.497294822587857936e+02,5.568189239821743968e+02,5.267775636914415145e+02,1.144818404396866498e+02,3.119725482640473615e+02,1.398342963552097672e+03,-1.457087782530618938e+02,3.963102447348899204e+02,3.980898951922511628e+02,-7.044775153978888227e+01,3.652930091533507380e+02,1.653477997930161109e+03,-1.633084089309825515e+02
-5.796820025898863094e+01,1.464910492525919153e+03,1.062588223386398568e+03,1.605400903019512668e+02,1.482768163035337693e+03,8.953792818519702905e+02,-3.728631429567163025e+01,1.241673770660019045e+03,8.072613762323054516e+02,2.304768389863745313e+02,1.757205371483557883e+03,8.183971371929299039e+02,1.244787189611766109e+01,1.119227822734727852e+03,5.385345932431555411e+02,1.704350911997391620e+02,1.939672517166259922e+03,6.917935141150468326e+02,5.429366006050670990e+01,1.333104519687572974e+03,4.660870682495549318e+02,4.942439336660773961e+02,1.000799642911402088e+03,5.354185703969212682e+02,1.938732692650190756e+02,9.883684047792709180e+02,5.049298818463820453e+02,5.600512747762647905e+02,9.430315871133122982e+02,1.224231511206723155e+02,2.218985903087404097e+02,1.327474614576762178e+03,2.489233717514364912e+02,5.538115645386869801e+02,5.393236380343206520e+02,1.309562260584630167e+02,3.141390143672005593e+02,1.394959664163457774e+03,-1.477105709903387947e+02,4.041517062521239723e+02,4.189933794150193194e+02,-6.723498093266428555e+01,3.677756175585504934e+02,1.652840180165175980e+03,-1.637706721022377963e+02
-5.150870271161061709e+01,1.496851970357971140e+03,1.056477926086656225e+03,1.564500634383177839e+02,1.506213417808237864e+03,8.734315088629898582e+02,-3.790807694897025470e+01,1.249474360765573692e+03,8.164374887887373688e+02,2.061193686753736642e+02,1.764325711764445714e+03,7.222774586235608467e+02,1.373999575485537683e+01,1.111590812450716840e+03,5.563767338142582730e+02,1.033454962511122233e+02,1.910060330973798955e+03,5.612822873755715136e+02,5.510509523190268766e+01,1.328113558844817362e+03,4.711798608899774194e+02,5.016164424884175901e+02,1.013039826101196809e+03,5.540279656826207884e+02,2.030319859065308208e+02,9.928385637169969868e+02,5.187925379848920784e+02,5.737433743969399984e+02,9.503474913620879079e+02,1.441774908170055767e+02,2.284338398090601174e+02,1.323425682249285501e+03,2.491466520296556837e+02,5.469996775600990304e+02,5.458281880137368489e+02,1.518726956806749797e+02,3.159735653773323065e+02,1.392622822229934627e+03,-1.502019327791098817e+02,4.119660320283613260e+02,4.353159170398316178e+02,-6.093936528798579388e+01,3.696741724010324788e+02,1.654746706502559391e+03,-1.637630312272229389e+02
-4.383494069931166592e+01,1.525161311155138947e+03,1.050968023466447448e+03,1.523213073511958555e+02,1.528500477506792549e+03,8.498171782674244241e+02,-3.872662974466653196e+01,1.255465619490508288e+03,8.276228663867625528e+02,1.868045147181361756e+02,1.752442852616606160e+03,6.316975570766441024e+02,1.595759191311677050e+01,1.101224984703495011e+03,5.781558946977079358e+02,5.576946770439056422e+01,1.851526698471882355e+03,4.533806055352998214e+02,5.332624165927198590e+01,1.318882743162064799e+03,4.795297377825584704e+02,5.092592613526998662e+02,1.028569182709894903e+03,5.723198609241375152e+02,2.127382390615560439e+02,9.994099225926433974e+02,5.322410211968073099e+02,5.897810630609553755e+02,9.523817951317853385e+02,1.682674094053379577e+02,2.339460017476940834e+02,1.321200366162577438e+03,2.506332455813362401e+02,5.384947516776478551e+02,5.469265163656708637e+02,1.763450409203353786e+02,3.172736926903256744e+02,1.391857495289866620e+03,-1.522537542276635065e+02,4.210621147042243706e+02,4.463843040709288630e+02,-5.095082310720026442e+01,3.704962635440297163e+02,1.658570567614215406e+03,-1.626914137544703181e+02
-3.562133468698970518e+01,1.549640968566466881e+03,1.046228612670784742e+03,1.466326631831175291e+02,1.548812383920246020e+03,8.247561213629654731e+02,-3.910384779789225718e+01,1.261261239619111620e+03,8.406771021125256311e+02,1.710096298214164676e+02,1.724018753108267902e+03,5.531883392918396112e+02,1.924542863407436144e+01,1.088525028325558424e+03,6.044803020879591031e+02,2.694700153252969699e+01,1.772970195935953598e+03,3.694022697867251281e+02,4.957012457825986473e+01,1.304291674724284121e+03,4.903800195023184756e+02,5.168164682422337819e+02,1.046771877870619392e+03,5.893833421059955526e+02,2.224487503410633735e+02,1.007672356205448864e+03,5.450003593748723461e+02,6.079970389429228135e+02,9.499594304478471258e+02,1.941877388380599996e+02,2.383188460838757123e+02,1.320436115946024302e+03,2.534732491095606690e+02,5.304645579380833169e+02,5.437182367462552293e+02,2.038695279614795197e+02,3.180646009498154285e+02,1.393003535098448538e+03,-1.529240210335970858e+02,4.322424060786820519e+02,4.518521983367422195e+02,-3.643861013195645171e+01,3.700498938462843626e+02,1.663444504901087839e+03,-1.600226874591924684e+02
-2.764108685938051835e+01,1.570180417848997649e+03,1.042442331355803390e+03,1.386648054718909009e+02,1.566194561547827789e+03,7.991082751301745475e+02,-3.879200754981397381e+01,1.268204354224088775e+03,8.548936651183601043e+02,1.580772896951601467e+02,1.683561659298324685e+03,4.907997700965315744e+02,2.320832631481244235e+01,1.074516501079543104e+03,6.351831576468924823e+02,1.359737205291900430e+01,1.682615602027504110e+03,3.078807988914969656e+02,4.480472328679174865e+01,1.284225034742617481e+03,5.029428520526625448e+02,5.238000570005154941e+02,1.066737367367987190e+03,6.046020639172345454e+02,2.315796877213986420e+02,1.017071567595642250e+03,5.568515815297170093e+02,6.277616300095264705e+02,9.442298758309582354e+02,2.215202377720838740e+02,2.417730156020155903e+02,1.320695701956596167e+03,2.574567547526224871e+02,5.249673664521853880e+02,5.377468587372873117e+02,2.344116902652468468e+02,3.185096411583876943e+02,1.396002284693798629e+03,-1.517096830433109460e+02,4.459611035735273958e+02,4.519386538707045133e+02,-1.637624295167618627e+01,3.684635891926120621e+02,1.668526291801384332e+03,-1.556054903938855887e+02
-2.065747640270385688e+01,1.587059707084005140e+03,1.039698248044451930e+03,1.287993997429981903e+02,1.580285029966938282e+03,7.743167303227193088e+02,-3.793926152981774891e+01,1.276936330542541327e+03,8.692296082067565521e+02,1.481124356640611381e+02,1.636988384746982319e+03,4.458239456466060915e+02,2.714670934544914260e+01,1.060822525602473206e+03,6.692550636129992654e+02,1.162788686584836206e+01,1.588170954175119959e+03,2.665001568944512655e+02,3.983521339289561780e+01,1.259831572615786854e+03,5.167807582108805491e+02,5.297546247646657775e+02,1.087434301077796135e+03,6.177231529535628169e+02,2.396331645535526320e+02,1.027082777014922158e+03,5.676500307015888893e+02,6.480550887498476413e+02,9.367495834842591194e+02,2.496946756571829269e+02,2.446085428354832061e+02,1.321532403514572707e+03,2.619708183745925112e+02,5.238489049105490949e+02,5.309984220546448341e+02,2.682766391777782928e+02,3.187688444043231470e+02,1.400217860239864422e+03,-1.489258554944307491e+02,4.626584606020682031e+02,4.476188905526033750e+02,1.032032072403665524e+01,3.660820641881016968e+02,1.673079656259720878e+03,-1.499643951365318060e+02
-1.531686998098055597e+01,1.601216676300604831e+03,1.037915474936906321e+03,1.183220260284960546e+02,1.591622246983760306e+03,7.520373772830179178e+02,-3.697683328522403912e+01,1.287390466351961095e+03,8.826596210794594981e+02,1.414844766006288523e+02,1.590545156949882312e+03,4.171641041984553908e+02,3.040647484551339019e+01,1.049363653784535700e+03,7.050984300475075770e+02,1.716378226085345560e+01,1.496852698868949801e+03,2.429847202877039649e+02,3.497608655646758535e+01,1.233173648551672159e+03,5.319352034588424658e+02,5.344275944818787139e+02,1.107905309874325894e+03,6.288658301284723393e+02,2.462847122651851635e+02,1.037421183024290258e+03,5.773664343213864640e+02,6.676752367484882598e+02,9.295360926360783651e+02,2.778717133606223797e+02,2.469554295500884962e+02,1.322520913273370979e+03,2.660355874338582112e+02,5.286034341424784770e+02,5.258042893053212765e+02,3.058510819280282931e+02,3.188646738676125665e+02,1.404401432709391656e+03,-1.458184539306162435e+02,4.830113831484409843e+02,4.406207201692946001e+02,4.456563759419878323e+01,3.632860685584807925e+02,1.676370484326606174e+03,-1.443946281994849699e+02
-1.207527642468644125e+01,1.614229652637878189e+03,1.036830474504586846e+03,1.088384922196850226e+02,1.601409635144265394e+03,7.336292972651364153e+02,-3.645998739086339668e+01,1.299088495561971513e+03,8.944783616255464267e+02,1.382847679504579901e+02,1.549596054524942019e+03,4.020900857128913231e+02,3.265689389741309867e+01,1.041875562113063552e+03,7.409936021063710996e+02,2.695094699204536681e+01,1.414803460466022671e+03,2.350560740282505776e+02,3.002239467833292963e+01,1.206469178926047562e+03,5.488039997324093520e+02,5.378451462409209398e+02,1.127445719685374797e+03,6.384661790058238466e+02,2.514127955042567066e+02,1.048183059584149532e+03,5.861134957647643660e+02,6.855122614325704262e+02,9.249065752418958937e+02,3.050404399232828609e+02,2.486587044808909752e+02,1.323265132277030034e+03,2.685145918597232821e+02,5.401562154919786281e+02,5.245434186141799273e+02,3.473338351039727740e+02,3.186172460250531913e+02,1.406906705246087085e+03,-1.442845840186519126e+02,5.078905567474176337e+02,4.331383109960751767e+02,8.684079362045139305e+01,3.603250272457995038e+02,1.677554656220013158e+03,-1.407197168424168581e+02
-1.115263593553040522e+01,1.627907055194966006e+03,1.036069161820047157e+03,1.016105747088549123e+02,1.610949563029128285e+03,7.197460532841037093e+02,-3.689748942213240923e+01,1.311493564980047950e+03,9.044370461102402032e+02,1.380551573218816372e+02,1.517600153790489458e+03,3.971342768615200498e+02,3.396359454103433961e+01,1.039428954280573862e+03,7.755842903415660885e+02,3.846313793572426221e+01,1.346075990811832980e+03,2.400917687042554576e+02,2.448740560103549768e+01,1.181353415321240846e+03,5.678590369333800254e+02,5.402574865531265687e+02,1.145708238638916555e+03,6.471426581106013600e+02,2.550808819204627014e+02,1.059786789859804458e+03,5.941234874831638990e+02,7.008111643348686357e+02,9.249839160896729027e+02,3.302993499370120389e+02,2.493652514430876863e+02,1.323423319297358375e+03,2.684521083272778696e+02,5.586388354700493437e+02,5.291212118692214972e+02,3.925516843068750745e+02,3.177019548084396661e+02,1.406174989933777624e+03,-1.462271610743393637e+02,5.380044767907489813e+02,4.272875182953047215e+02,1.369601221072386465e+02,3.572493302092162253e+02,1.675774931402409948e+03,-1.407123296526675063e+02
-1.248130176769425859e+01,1.643618264176971707e+03,1.035284182296721383e+03,9.711887710394761086e+01,1.621118623923590349e+03,7.101818125923191474e+02,-3.857692299143149484e+01,1.324223216138265343e+03,9.127055601927859243e+02,1.399059702815459900e+02,1.495524893405187186e+03,3.989263014790632838e+02,3.465144190320607720e+01,1.042117281976515414e+03,8.082028348643013942e+02,5.001246899217219521e+01,1.291750100655274991e+03,2.550531564439086480e+02,1.795572781791441130e+01,1.158502204325800676e+03,5.893171184384457320e+02,5.420020160025102314e+02,1.162699098321678775e+03,6.554890358813803459e+02,2.574998385048447744e+02,1.072677643393473318e+03,6.016716065018008521e+02,7.133619769815669542e+02,9.309559049827867057e+02,3.531826432663700643e+02,2.487728020726928833e+02,1.322782036624875218e+03,2.654241812192393013e+02,5.832904921159622518e+02,5.403387791725626812e+02,4.409087542279515333e+02,3.158322238712653984e+02,1.401345984035481706e+03,-1.527627321162144938e+02,5.734185573816490660e+02,4.244520038877328147e+02,1.939367083493403641e+02,3.539758147784021958e+02,1.670523423921006952e+03,-1.453683482359233210e+02
-1.564618635435985361e+01,1.661694194438128307e+03,1.034293010100309402e+03,9.498618524922794393e+01,1.632144520714054579e+03,7.039723104360122079e+02,-4.142145898596643860e+01,1.337075356378732749e+03,9.197329411142558229e+02,1.428908368393786930e+02,1.481801189707403410e+03,4.047847327892454814e+02,3.507389911950750161e+01,1.048989831617471737e+03,8.389474729035898690e+02,6.092574598689736831e+01,1.249654791515124089e+03,2.768068006715800493e+02,1.036239158464705490e+01,1.137676551907383327e+03,6.128831174974355918e+02,5.433738955597987115e+02,1.178689125365041491e+03,6.638617590548253702e+02,2.589921790984624295e+02,1.086941168060610607e+03,6.089782472491747285e+02,7.235753746619623143e+02,9.424105161079515938e+02,3.738656275336284693e+02,2.468956859587906933e+02,1.321358874151748751e+03,2.597657652446692964e+02,6.125565863398352349e+02,5.574070868859159873e+02,4.914584046115853084e+02,3.129798764727871117e+02,1.392722364095710418e+03,-1.636300914050828794e+02,6.132210151591917793e+02,4.247699316702741044e+02,2.559952610269716615e+02,3.504338227776463555e+02,1.662078045384791494e+03,-1.543581879208940961e+02
-1.987722031082204310e+01,1.681238111529335811e+03,1.033139076056514568e+03,9.419036316425561495e+01,1.643690037377342378e+03,6.996429905651930312e+02,-4.495960573114653869e+01,1.349943556701320631e+03,9.261001572384768679e+02,1.463498740572026691e+02,1.472780143625443088e+03,4.129028307751215152e+02,3.544702653317285979e+01,1.058227984274965365e+03,8.685338733480416522e+02,7.160365057086515606e+01,1.214797113607925212e+03,3.025399878322825771e+02,2.066718108766032902e+00,1.118015073275892746e+03,6.376887140981878019e+02,5.445683250976401268e+02,1.194103061352091572e+03,6.722778373679749393e+02,2.599605986160928524e+02,1.102091021999597615e+03,6.161474355468466229e+02,7.324105380300181878e+02,9.571673480220470083e+02,3.931472125478777002e+02,2.441765153138108531e+02,1.319457108497324498e+03,2.525611638008391822e+02,6.443266390446876812e+02,5.779043083151085511e+02,5.430408538281699293e+02,3.094852640147855709e+02,1.381828455870376729e+03,-1.771116741718868184e+02,6.555241599796913761e+02,4.270301538619398229e+02,3.207413222414298843e+02,3.466787544624313000e+02,1.651687566089935444e+03,-1.659557207328295476e+02
