-6.066333062425525391e+00,-5.136000435239444073e+01,1.742331944178756430e+03,-4.229007276469673826e+01,-2.022437118863292085e+02,1.423073013107810539e+03,9.599843156951525458e+00,1.618414275753939080e+02,1.452885351580876204e+03,1.640333870827247722e+02,-3.262182173134339109e+02,1.172390788985940617e+03,1.322102719016293975e+02,2.981851695397502908e+02,1.190379460733979613e+03,2.162457537164318921e+02,-8.692417221554187279e+01,1.267395398153800443e+03,2.458289450129628904e+02,1.120606719174207058e+02,1.292587047132508815e+03,2.428614999443743927e-01,-3.608430503343033990e+01,8.023498633603920780e+02,8.410239878147397974e+01,2.527408922714417656e+02,8.859893663782403337e+02,1.743210857525780568e+02,-6.266851191442501801e+01,4.306891018660992927e+02,5.228658507751216575e+02,2.220601305661217850e+02,9.648373635923037455e+02,-3.496201713892544749e+00,9.255745088848891911e+00,2.981336143651275083e+00,4.879012631193025413e+02,2.106254262282484149e+02,4.753661346802085177e+02,2.497039701659182924e+02,1.737392144258880933e+01,4.244504692321145711e+01,7.589342779245259862e+02,1.439486445317050709e+02,5.298668086042295045e+02
-5.465766587518689157e+00,-5.416718397738279123e+01,1.746924478323934636e+03,-4.408130865085842487e+01,-2.034658934385456917e+02,1.426197959577656547e+03,1.166175556977024996e+01,1.582738882844475086e+02,1.456345212992370989e+03,1.592094826155031342e+02,-3.260193711272174824e+02,1.172508445779483964e+03,1.327230821083396393e+02,2.987409792948056406e+02,1.191988888240022334e+03,2.130880866741535442e+02,-9.180847271520414665e+01,1.269175836587365211e+03,2.423242896293482715e+02,1.092101031082143265e+02,1.290890620252932194e+03,-1.854391540276367323e+00,-3.598655302015911417e+01,8.010557169011289034e+02,8.521022268770956032e+01,2.533788739378925641e+02,8.880352866998414356e+02,1.717697449247465613e+02,-6.766039975555324304e+01,4.327168696767788560e+02,5.252531485720924138e+02,2.133268508730002679e+02,9.720292928239907724e+02,-8.106813675380335482e+00,7.630418913221475918e+00,2.802876507822146923e+00,5.020217365084681092e+02,2.005614372266613827e+02,4.845131893721205074e+02,2.493307778950881186e+02,1.455025153588566766e+01,4.370332400052214439e+01,7.695474052995789407e+02,1.405670356467824433e+02,5.519524192278059900e+02
-4.801208021432627149e+00,-5.643283764979636885e+01,1.750925611590319704e+03,-4.560723420159811781e+01,-2.042281422403054876e+02,1.428595177794848269e+03,1.363791238434822617e+01,1.556192242294749235e+02,1.459484627261533433e+03,1.543386042376722855e+02,-3.251029761462950773e+02,1.172468297312318555e+03,1.333540619826951286e+02,2.997935062573475875e+02,1.193449354801839036e+03,2.094207294049920165e+02,-9.508161022755545844e+01,1.269940637328332286e+03,2.391746095121254427e+02,1.072522653435397046e+02,1.289158615059505337e+03,-3.501192765777526361e+00,-3.473115087911345000e+01,7.997226384210644028e+02,8.677491579128921728e+01,2.550675612892655693e+02,8.900407388194943223e+02,1.697140143970828206e+02,-7.201667465091910003e+01,4.347382970465807261e+02,5.277752589310471194e+02,2.069625390122560873e+02,9.804548019415240105e+02,-1.193818139984845850e+01,5.882225290463577672e+00,2.461575551256975469e+00,5.168327256739740960e+02,1.930013077902792986e+02,4.941195511071349529e+02,2.487660431941330614e+02,1.155181307898648413e+01,4.480032399910886909e+01,7.811207244603692743e+02,1.367606891955055346e+02,5.738996130654001036e+02
-3.964840922328119799e+00,-5.775522878247638658e+01,1.753946144502896232e+03,-4.665246133878789436e+01,-2.041573234090136566e+02,1.429794505573635206e+03,1.553372416319722760e+01,1.545141766284419589e+02,1.462064000000129909e+03,1.494099069024253765e+02,-3.228550903927045965e+02,1.172033739289591495e+03,1.341731306945741267e+02,3.017248131153469330e+02,1.194618778650767354e+03,2.050677951165061756e+02,-9.580608744269564170e+01,1.269009139312579009e+03,2.366347208404127684e+02,1.068936279508925224e+02,1.287251607595591622e+03,-4.410006564516304906e+00,-3.158365570073173600e+01,7.983602068804638066e+02,8.913362286357262576e+01,2.584470687181321296e+02,8.920362297449889866e+02,1.685257529028714316e+02,-7.525897853445171393e+01,4.366947244140492899e+02,5.304596069567373888e+02,2.042710671113794660e+02,9.908293698518268684e+02,-1.456415193341867464e+01,3.994171670686064157e+00,1.909328806311953564e+00,5.325134444872236372e+02,1.893977726172089433e+02,5.045493130345906820e+02,2.479415677333013832e+02,8.378595951682816789e+00,4.560484171894052707e+01,7.939596385966802927e+02,1.324041340063253926e+02,5.956165395869627446e+02
-2.831196083794306873e+00,-5.796813066886932120e+01,1.755888026781837425e+03,-4.710480050357748638e+01,-2.030479789918484812e+02,1.429726123601357585e+03,1.744439213723542537e+01,1.551480179916937061e+02,1.463966097485423916e+03,1.444924335673923679e+02,-3.189059651389008536e+02,1.170901347501219334e+03,1.351701138621872076e+02,3.046943586680196177e+02,1.195367765794018396e+03,2.002698556697072831e+02,-9.398251717278463957e+01,1.266254664621350003e+03,2.347884383768044643e+02,1.084584128070047058e+02,1.284915848662376447e+03,-4.550009941266847768e+00,-2.646151202957533854e+01,7.970259017197289495e+02,9.239273743600514877e+01,2.635321981825646844e+02,8.941261845856897708e+02,1.683591159734766052e+02,-7.715772095837102995e+01,4.384590961058652283e+02,5.331723033540506549e+02,2.050684643278811166e+02,1.003136635307995903e+03,-1.604952169210892521e+01,2.110996271864928442e+00,1.245235291455780047e+00,5.485945611148924854e+02,1.896691369002562340e+02,5.159929102300972090e+02,2.469507207652496277e+02,5.277585477005309222e+00,4.604256878750926063e+01,8.075519600983111559e+02,1.277651775487062622e+02,6.171353800531412617e+02
-1.315586315047471588e+00,-5.711568554810348530e+01,1.756865312912882700e+03,-4.697481908092754566e+01,-2.008635348331954447e+02,1.428660088740923584e+03,1.949790949829909081e+01,1.572857164027662975e+02,1.465172685750667597e+03,1.397284877525317768e+02,-3.131836659587431768e+02,1.168764120626065505e+03,1.363121537156731051e+02,3.086226112455648263e+02,1.195601196568704381e+03,1.954761699875590466e+02,-9.026006196074635568e+01,1.262065254144762093e+03,2.335509943432484761e+02,1.118018451934549233e+02,1.281856283138073195e+03,-4.112465733792518563e+00,-1.982618940843565625e+01,7.957618462306601259e+02,9.643013536667969277e+01,2.698359288657875368e+02,8.964118211174240969e+02,1.691477397547637906e+02,-7.771276424833412477e+01,4.398695116907739475e+02,5.356615265852192351e+02,2.081066684972883252e+02,1.016796162257533297e+03,-1.679185249125844948e+01,5.202916966480494176e-01,6.431793701832656529e-01,5.640933272599461361e+02,1.925618758391970289e+02,5.284687698299450176e+02,2.459895222370116983e+02,2.674789365143880104e+00,4.611425251850445761e+01,8.208074513537566190e+02,1.233997843941393029e+02,6.386290545976498834e+02
5.739843250262015584e-01,-5.534746041790747739e+01,1.757044883130711241e+03,-4.637171813042930069e+01,-1.976913980558061894e+02,1.426992581056291783e+03,2.178761501645379184e+01,1.604304804246651770e+02,1.465712754554049297e+03,1.352800565146211795e+02,-3.058962008187875767e+02,1.165396669108626384e+03,1.376329567322684113e+02,3.132087077667059702e+02,1.195291838711754963e+03,1.910359326889612532e+02,-8.540300479456459470e+01,1.257061196270793516e+03,2.327562922835244024e+02,1.163475262086971469e+02,1.277835111615522692e+03,-3.385901097536278215e+00,-1.235161374354589547e+01,7.945356547511189547e+02,1.009852803231757861e+02,2.766884710414310575e+02,8.988911969367874235e+02,1.706696807770742907e+02,-7.708475953546870585e+01,4.407985729961231982e+02,5.376564468350893549e+02,2.119168250253833889e+02,1.031031517671015763e+03,-1.721774953715063461e+01,-4.597991082471108992e-01,2.405527470503305010e-01,5.778644618112684839e+02,1.964608246004605121e+02,5.418766969072659094e+02,2.452606535515450901e+02,9.833724627332931512e-01,4.588540272759276917e+01,8.325220460509415261e+02,1.198745384084240158e+02,6.603136020756903690e+02
2.741823699875994613e+00,-5.280618001406633510e+01,1.756525818485447644e+03,-4.544169677202125968e+01,-1.936922452695839070e+02,1.425006741895795585e+03,2.434916656523158096e+01,1.640300021582718841e+02,1.465629081967834281e+03,1.312460793711777285e+02,-2.974582308499492456e+02,1.160713049726855843e+03,1.392743329129230858e+02,3.179749450963171853e+02,1.194514148898331541e+03,1.870340562132273305e+02,-7.992017081122872924e+01,1.251716808981134591e+03,2.322823690535567778e+02,1.212529679232120401e+02,1.272728316199813435e+03,-2.617282137449782109e+00,-4.569936234206255499e+00,7.932456880134002404e+02,1.057888207546152444e+02,2.835449742199941738e+02,9.014164828509339031e+02,1.726414653397989980e+02,-7.553586524194356855e+01,4.412214837852769165e+02,5.389597391285115009e+02,2.154761331216312499e+02,1.045193816114499441e+03,-1.754975808194758358e+01,-6.413712560523061601e-01,6.888389426828400719e-02,5.889493995537430919e+02,2.001158667778571782e+02,5.560570572201336290e+02,2.449077309474728281e+02,3.830536473904707084e-01,4.544471834014851197e+01,8.417467359827804785e+02,1.174719254735563680e+02,6.822351564376016313e+02
5.068405894057769423e+00,-4.957982633441153553e+01,1.755324248074056413e+03,-4.430073044189298770e+01,-1.890738358990176664e+02,1.422744866047356027e+03,2.718381611845710921e+01,1.676414329780099877e+02,1.464982748327106947e+03,1.275942037499135751e+02,-2.883979985265497703e+02,1.154780685765740145e+03,1.414250547008180092e+02,3.223760103582292800e+02,1.193456820656625951e+03,1.833715112474604609e+02,-7.404868469038480328e+01,1.246114032014361783e+03,2.321264505055628433e+02,1.256607165881732868e+02,1.266532995930193920e+03,-1.926623827897390395e+00,3.320472319619581114e+00,7.917959345312156074e+02,1.106669983483390354e+02,2.901326991443726797e+02,9.037517604732781820e+02,1.748016176944371125e+02,-7.339102550721780460e+01,4.412428333748778186e+02,5.394910330082753944e+02,2.183826826184786682e+02,1.058904577161464431e+03,-1.777039618916397146e+01,-8.294147512949665013e-02,5.953929593054048397e-02,5.967511508084020306e+02,2.029710646383030905e+02,5.708124666462025516e+02,2.449985774441172452e+02,6.980230872558998989e-01,4.485286179802962181e+01,8.478939922966754921e+02,1.160573526526060135e+02,7.040515020742209344e+02
7.483526024090256357e+00,-4.574063256034410330e+01,1.753441700796715622e+03,-4.299871994751917015e+01,-1.840856662597659010e+02,1.420050695708079957e+03,3.028650443594552755e+01,1.710133323885372647e+02,1.463873180045303116e+03,1.241523008204437275e+02,-2.792678023849845772e+02,1.147803198733514364e+03,1.441846956497291217e+02,3.259923287828639786e+02,1.192394218579790049e+03,1.799848507739945376e+02,-6.796697478608723486e+01,1.239982498884236065e+03,2.323705053483240022e+02,1.289568739318997359e+02,1.259369453086698741e+03,-1.296381616808285342e+00,1.141191262781327787e+01,7.901856682622210428e+02,1.155790235876551719e+02,2.964179051156413607e+02,9.057017714146498975e+02,1.769616075831944784e+02,-7.099116723096670967e+01,4.410621457305179547e+02,5.392816680405674106e+02,2.206444108913969728e+02,1.072020116886641517e+03,-1.775107476907150783e+01,9.184467741209045855e-01,9.791585755664532209e-02,6.010037095888452541e+02,2.051068183118478885e+02,5.858800263898012872e+02,2.455311759385353696e+02,1.456760735661743134e+00,4.411554288159208426e+01,8.506378098970930068e+02,1.151955411093388619e+02,7.249626948875031758e+02
9.993830644288406617e+00,-4.142617510286501670e+01,1.750940604942476057e+03,-4.152964393511133778e+01,-1.790038773351762700e+02,1.416730782662558340e+03,3.364504155297085930e+01,1.740850407190487203e+02,1.462435084339295145e+03,1.206734006223600062e+02,-2.705514631823587024e+02,1.140088082351041749e+03,1.474560798403173294e+02,3.287416170248344542e+02,1.191614011216345034e+03,1.770036709091531577e+02,-6.196315691151176708e+01,1.232987924534581680e+03,2.330653679666364155e+02,1.309537280993859838e+02,1.251506813430550892e+03,-6.140804405195395832e-01,1.987544036536331760e+01,7.885406687796436245e+02,1.205894473811828647e+02,3.024790691593144629e+02,9.072246944735986744e+02,1.790239412630484708e+02,-6.861900952457371261e+01,4.408917547468765861e+02,5.384515654468557386e+02,2.224017746331952594e+02,1.084489761521360606e+03,-1.741093793003024359e+01,1.963231955770503356e+00,7.687682430339189132e-02,6.016339445349324251e+02,2.069904631514491768e+02,6.008804815007925981e+02,2.464336811338513655e+02,2.112745304335104102e+00,4.320235868258482270e+01,8.497800571898757198e+02,1.144488306753441975e+02,7.438650832946838136e+02
1.265231880918098639e+01,-3.688056131069473764e+01,1.747965802281782999e+03,-3.987166396736066787e+01,-1.740802811676145723e+02,1.412722135047608617e+03,3.721809071384996059e+01,1.769313039570826334e+02,1.460800445800375428e+03,1.169418728910012817e+02,-2.625570480358305758e+02,1.132005361989962694e+03,1.509643299711522957e+02,3.309776537351808656e+02,1.191324794381516313e+03,1.747163044853515146e+02,-5.639227604430686824e+01,1.225061901624467737e+03,2.341287896305335323e+02,1.319385950230598326e+02,1.243382418126701850e+03,2.656381657233430338e-01,2.873534969692388685e+01,7.870518237301157569e+02,1.258078135116245733e+02,3.083989883061610158e+02,9.084461616951584801e+02,1.809793008278087427e+02,-6.641971822775499845e+01,4.408687343730738348e+02,5.371958059209189287e+02,2.238100961254231152e+02,1.096192524403912103e+03,-1.678492480171919965e+01,2.736397671015903921e+00,-7.848156517759523332e-02,5.986472363571912183e+02,2.092271030927445565e+02,6.152939661560347986e+02,2.475605964720863881e+02,2.304562882392284351e+00,4.210207183142188114e+01,8.452168081157275310e+02,1.136787311323178358e+02,7.596577013130461182e+02
1.550343120963993648e+01,-3.240027277962705909e+01,1.744710028853529820e+03,-3.802683984275363827e+01,-1.694625678029074152e+02,1.408172740210137817e+03,4.092606041796847194e+01,1.796894028774639764e+02,1.459056453673544411e+03,1.128619728330526897e+02,-2.553188531747163950e+02,1.123938618562399370e+03,1.544047337743777462e+02,3.333812636728883945e+02,1.191586176990522063e+03,1.733747594542700199e+02,-5.148212358127504729e+01,1.216549392212131352e+03,2.353379100476989265e+02,1.325736866188530030e+02,1.235554453404808783e+03,1.459742495173412813e+00,3.777693957418536286e+01,7.858563868988946979e+02,1.313266434254489923e+02,3.142366041626653441e+02,9.095594194890735480e+02,1.828915117910274262e+02,-6.436423191356070106e+01,4.410078657726974143e+02,5.357796500717289518e+02,2.250668443815785338e+02,1.106833632753864549e+03,-1.597722938278325877e+01,3.141067558562178785e+00,-4.071071056711104141e-01,5.921051536177255912e+02,2.123985196041686834e+02,6.285050366629276368e+02,2.487130837670975154e+02,2.006839984120441844e+00,4.087802377369415296e+01,8.370141794929969592e+02,1.131755162564956123e+02,7.715380769755007577e+02
1.854598580653203754e+01,-2.820536397449802735e+01,1.741364196069340778e+03,-3.603873686961448897e+01,-1.651275326103289842e+02,1.403407479865876667e+03,4.467506751226169825e+01,1.824976006578701799e+02,1.457240805494214555e+03,1.084808537455737678e+02,-2.485694074911925213e+02,1.116229574726816963e+03,1.576134308480687594e+02,3.366724426480417378e+02,1.192297224086865072e+03,1.729855751614302051e+02,-4.717747883882714888e+01,1.208085434293049047e+03,2.364162819434380935e+02,1.336784914219569487e+02,1.228561322380166303e+03,3.002202113146729801e+00,4.664133046711138064e+01,7.849423512813991692e+02,1.371711343652125095e+02,3.200622606990531267e+02,9.106779724570353665e+02,1.848685225253067870e+02,-6.228393983190184002e+01,4.412192417175251649e+02,5.345141472170901125e+02,2.264176902071266966e+02,1.115963129485571926e+03,-1.506876736969976704e+01,3.313047719604941044e+00,-9.065622581423576909e-01,5.821719820012255013e+02,2.169776233471792182e+02,6.399208211664533792e+02,2.497025346779499273e+02,1.491437750745048918e+00,3.968417628005995823e+01,8.254986253938518530e+02,1.135433116498589925e+02,7.791515847684822802e+02
2.172996989488011721e+01,-2.432120579455991205e+01,1.738084508480482100e+03,-3.398429769014398261e+01,-1.608731270594464036e+02,1.398809207013247487e+03,4.839982996084425793e+01,1.854581118135658926e+02,1.455377080366068867e+03,1.039370673151358915e+02,-2.418264070967944974e+02,1.109117012246774948e+03,1.606311619963896646e+02,3.412920260362494673e+02,1.193245951433291793e+03,1.732270295729762211e+02,-4.315191957635757802e+01,1.200287373406485358e+03,2.371457954168752451e+02,1.359666950967680918e+02,1.222730447930435730e+03,4.805078844158304996e+00,5.504478400773990643e+01,7.841392826318424341e+02,1.432663492741375535e+02,3.259982319077099646e+02,9.117394397641410251e+02,1.870160212379099107e+02,-5.995668805505533783e+01,4.413746273368082598e+02,5.336881403521720131e+02,2.280322745386821737e+02,1.123122287951583303e+03,-1.406766910441425544e+01,3.521961472688019956e+00,-1.518065512757058588e+00,5.691589206646848424e+02,2.232694055066903331e+02,6.491175115190899305e+02,2.504372440216198754e+02,1.136563299397392424e+00,3.872513125875885720e+01,8.112507683292803904e+02,1.154046694719530990e+02,7.825671118508751078e+02
2.497504863362172145e+01,-2.055278329249505020e+01,1.734970388582654323e+03,-3.194929431895625882e+01,-1.563804895964084380e+02,1.394669594090491501e+03,5.209362161287033643e+01,1.886299860513472311e+02,1.453503538816109085e+03,9.936744428042722177e+01,-2.345717044063946162e+02,1.102676927435830294e+03,1.636161126380910389e+02,3.472288473069324937e+02,1.194185095879222899e+03,1.735383451680561393e+02,-3.895699777073137682e+01,1.193446976511908133e+03,2.374327312142842459e+02,1.398317765506816386e+02,1.218028157427574115e+03,6.656627380894374113e+00,6.298586828083009692e+01,7.831952769509804284e+02,1.494342175385818621e+02,3.322196969799111912e+02,9.125201924334830892e+02,1.893853321923979536e+02,-5.719001614093656372e+01,4.413772754285947713e+02,5.334720850320308045e+02,2.298269724563078000e+02,1.128043964025923287e+03,-1.293832230046354681e+01,4.021042683505992699e+00,-2.118315768138867572e+00,5.535133499943621018e+02,2.313580421455747000e+02,6.559470248590408801e+02,2.509787405098226714e+02,1.209223401055313341e+00,3.817738842611345262e+01,7.949681712942439162e+02,1.190907944989407525e+02,7.821496336316703264e+02
2.819150004310301583e+01,-1.656830925562947598e+01,1.732032075604147167e+03,-3.000137775408118657e+01,-1.513149012137484988e+02,1.391067482287913435e+03,5.580555144528731404e+01,1.920545042482455926e+02,1.451647010628829094e+03,9.482780646228746946e+01,-2.264400452764508600e+02,1.096787870345758847e+03,1.666841959802610518e+02,3.540838137997679382e+02,1.194889789967857951e+03,1.733309117651522513e+02,-3.418434432938723688e+01,1.187388893565611625e+03,2.373123958241542937e+02,1.452622531384525075e+02,1.214039449440058888e+03,8.274354360699767597e+00,7.080496183788386588e+01,7.818846876580528260e+02,1.554324329159114484e+02,3.389097929927510222e+02,9.127438407677019541e+02,1.919446947950753781e+02,-5.386034914367960624e+01,4.411928802199394113e+02,5.338537436524580926e+02,2.314262777337080479e+02,1.130783283316924098e+03,-1.167270653186433194e+01,4.921403624341672334e+00,-2.540162316308991475e+00,5.357561931717395964e+02,2.410838389527725383e+02,6.605530040628245843e+02,2.515214327088447419e+02,1.746984086957604321e+00,3.811315740038026689e+01,7.772688137067141270e+02,1.244945001679554082e+02,7.784227717105053443e+02
3.129459292832186534e+01,-1.204214188573438982e+01,1.729155614338548730e+03,-2.817340807740140818e+01,-1.454257322372785666e+02,1.387826056495044213e+03,5.960963207895510152e+01,1.957997578665926710e+02,1.449751431171624290e+03,9.027357473283099409e+01,-2.173376602522366170e+02,1.091155563830836854e+03,1.698081380676137826e+02,3.613192503904764408e+02,1.195181449450722994e+03,1.722250847908744618e+02,-2.855699881770879145e+01,1.181560700321234435e+03,2.369266451124170203e+02,1.519119085739488639e+02,1.210112920500484734e+03,9.401719986353469949e+00,7.903572564534904643e+01,7.800851185111085897e+02,1.610257846271371420e+02,3.461884680809343422e+02,9.122104363084253009e+02,1.945992870130396284e+02,-4.991348452207894582e+01,4.408330120458081751e+02,5.346664348963084876e+02,2.323641546609435693e+02,1.131681400675719260e+03,-1.033851123696987884e+01,6.142000099866803176e+00,-2.625428078432591406e+00,5.164152162247683009e+02,2.520793621776317366e+02,6.632875586081418078e+02,2.522948952598880794e+02,2.587424465383256322e+00,3.846750798000547888e+01,7.585590164563205917e+02,1.311635376220538376e+02,7.719680465994781571e+02
3.421600322457894805e+01,-6.788516972278787698e+00,1.726109226114345347e+03,-2.646251673223079237e+01,-1.386308231881308757e+02,1.384578539891138462e+03,6.356411444387192233e+01,1.999837433716104158e+02,1.447632602551441551e+03,8.560762847433714740e+01,-2.074648395851428688e+02,1.085410232456980566e+03,1.728486558323475037e+02,3.685342467942889471e+02,1.194939522772201826e+03,1.702128695503388940e+02,-2.196776291412178850e+01,1.175295983094410303e+03,2.365077766930419330e+02,1.592766336367270696e+02,1.205623066397630282e+03,9.902625082170112947e+00,8.810840367092077940e+01,7.777964840931657591e+02,1.660525915550408911e+02,3.540432513625393085e+02,9.108717770242840288e+02,1.972546277111758855e+02,-4.536362884305052035e+01,4.403185085833237622e+02,5.357098216878943049e+02,2.324088892286771397e+02,1.131164813627345438e+03,-9.066628976442174803e+00,7.448766810668555394e+00,-2.287836389417454708e+00,4.960064638287680054e+02,2.638595195095512054e+02,6.645610033925031530e+02,2.534381817576998515e+02,3.500308292227983120e+00,3.906521744480912162e+01,7.390501680850691173e+02,1.385593111478642641e+02,7.633503548250060931e+02
3.691961927688277001e+01,-8.404063811166966325e-01,1.722626264353922124e+03,-2.483998746336479257e+01,-1.310856953722716867e+02,1.380927166419796549e+03,6.767885301319199698e+01,2.047319248979022746e+02,1.445028327652761391e+03,8.075867370237945408e+01,-1.972654513820614568e+02,1.079244287572221083e+03,1.756798577605689218e+02,3.756080496650546934e+02,1.194126948948646714e+03,1.676735294421036997e+02,-1.452360315505153920e+01,1.168106444409369033e+03,2.363648648238747967e+02,1.668856514506675524e+02,1.200228075957907095e+03,9.801425650055628935e+00,9.806976728244643482e+01,7.751125722317376585e+02,1.704449759403470352e+02,3.622948347203535491e+02,9.088226379193346247e+02,1.998831808210432541e+02,-4.031198749799797554e+01,4.396587240329682231e+02,5.368855852676316545e+02,2.317654466651192990e+02,1.129493947132899393e+03,-7.991504912612973577e+00,8.564520680769200922e+00,-1.553363423786684239e+00,4.750815847526443463e+02,2.759298030161552902e+02,6.646785601443934866e+02,2.549155810838271918e+02,4.329121788255712033e+00,3.969163525873774745e+01,7.189145319382754451e+02,1.463082860003773931e+02,7.530417266705131851e+02
3.942127888851328521e+01,5.545350608591769870e+00,1.718540411793933345e+03,-2.326197939119924385e+01,-1.232129536272824879e+02,1.376626163360248938e+03,7.190123862733793203e+01,2.100713744556237828e+02,1.441738199283539416e+03,7.573678693378897719e+01,-1.873336749507875822e+02,1.072524330306007187e+03,1.783041494241654732e+02,3.826572844319552473e+02,1.192823185170621628e+03,1.652280183099770170e+02,-6.600352483602893727e+00,1.159853454916619057e+03,2.368452610147346320e+02,1.744265261493845003e+02,1.193986544611394265e+03,9.249894411325442434e+00,1.084979737239799817e+02,7.721706771356043646e+02,1.741927736291148108e+02,3.706292195286247875e+02,9.062303339334554266e+02,2.025467198662512089e+02,-3.496173231458735131e+01,4.388592953993808123e+02,5.382476336349789108e+02,2.309982695745853505e+02,1.126612902794147431e+03,-7.188434834088038627e+00,9.305616061810493278e+00,-5.565873251608797201e-01,4.543106339089951007e+02,2.878794256799129698e+02,6.637151261976300702e+02,2.565218230019522707e+02,5.061858954170788572e+00,4.017127928535749959e+01,6.984907340745559168e+02,1.542981015118097048e+02,7.413396830933074853e+02
4.179963127688463231e+01,1.195903015289048632e+01,1.713890188548962442e+03,-2.167626878489591391e+01,-1.156376102663034544e+02,1.371692363527105499e+03,7.612362704074807596e+01,2.158289848516335780e+02,1.437763814677269465e+03,7.063545517537619389e+01,-1.782914030090004474e+02,1.065320137194603376e+03,1.808742349246264780e+02,3.898755524741111458e+02,1.191230939382745419e+03,1.634966606425698785e+02,1.162675548299653805e+00,1.150724051866867967e+03,2.382600788333536741e+02,1.817704243915887901e+02,1.187268194545063352e+03,8.450617679797131743e+00,1.186803411961186328e+02,7.690988043774151492e+02,1.772833582487376987e+02,3.787036340090903082e+02,9.032509507470257404e+02,2.053571167254352190e+02,-2.958769829659212292e+01,4.379401845316763797e+02,5.399273684926729402e+02,2.307399146127541485e+02,1.122182940619043165e+03,-6.646453396485362042e+00,9.681862387070328424e+00,5.040655851063248205e-01,4.345387504903612239e+02,2.994435118573731529e+02,6.614611683211619493e+02,2.579753622282209449e+02,5.802505045001791650e+00,4.041751866659802772e+01,6.784292307146448593e+02,1.625872352615270415e+02,7.283110293563461255e+02
4.418247318341451546e+01,1.796888811909545325e+01,1.708909841769887407e+03,-2.002909907871833184e+01,-1.089994619575140717e+02,1.366375883956130792e+03,8.020892577632325526e+01,2.216227399684898671e+02,1.433341947405770725e+03,6.558858868619658722e+01,-1.706424213698305152e+02,1.057838035581650047e+03,1.836157815648483620e+02,3.973786443850459023e+02,1.189630694334988902e+03,1.628768667298555499e+02,8.003044885187957647e+00,1.141045937781882685e+03,2.407947490264456007e+02,1.889133873629101004e+02,1.180515230295153287e+03,7.586747908658253436e+00,1.279525382262685440e+02,7.659690934628541754e+02,1.796663216978712114e+02,3.862878759513225759e+02,8.999718429161263202e+02,2.084033381527931965e+02,-2.445270635489166722e+01,4.369355122520569807e+02,5.419914381195635542e+02,2.314055816404100767e+02,1.115759235862981768e+03,-6.286433013674039394e+00,9.899760351516471601e+00,1.428517789940194183e+00,4.167587159673024644e+02,3.105225396039526800e+02,6.574548884830145425e+02,2.590497689899501665e+02,6.671447842094186953e+00,4.043436507123365686e+01,6.597055910819726705e+02,1.712143748529146308e+02,7.138064970658246011e+02
4.670697132438741050e+01,2.326983516763161219e+01,1.703891821408016540e+03,-1.827826198658517853e+01,-1.036970479781821268e+02,1.361000793082376731e+03,8.402776810437337929e+01,2.269832530015827388e+02,1.428828700767789087e+03,6.071326250652945333e+01,-1.646197534280948105e+02,1.050295024080416852e+03,1.867087017803929143e+02,4.051427786823943507e+02,1.188289450056085570e+03,1.634411820769309145e+02,1.330785486971141118e+01,1.131057721633980918e+03,2.444422654343842112e+02,1.958850714400832658e+02,1.173997032664984545e+03,6.785159040462358071e+00,1.359943505461246787e+02,7.627638068464101480e+02,1.812680174647403533e+02,3.933689258069862831e+02,8.963939852153812353e+02,2.116967709301397349e+02,-1.971560565259487419e+01,4.358656747368841025e+02,5.443406213693068594e+02,2.330997064095554947e+02,1.106988434382513333e+03,-6.004605871289706798e+00,1.025256861200606551e+01,2.066928517106430441e+00,4.019775932143174373e+02,3.211445785718447610e+02,6.510995977304341977e+02,2.596738855050139705e+02,7.699800624188960718e+00,4.027786845273896432e+01,6.434918704312602813e+02,1.800391670592950675e+02,6.975693130191348246e+02
4.947206026001749279e+01,2.778919100044628365e+01,1.698997084415481368e+03,-1.641167258681636909e+01,-9.969344264010602785e+01,1.355766642843918589e+03,8.749974630776485185e+01,2.315513856237350581e+02,1.424495466368309280e+03,5.606342568458473608e+01,-1.600636783399727108e+02,1.042796544865356509e+03,1.902008575482442154e+02,4.130416056381581029e+02,1.187358937981680356e+03,1.649798842459263994e+02,1.691235740524135522e+01,1.120762270923882397e+03,2.489939030137170164e+02,2.026885164764286742e+02,1.167689189023316885e+03,6.102611660218263623e+00,1.429167702277231058e+02,7.593668721440674290e+02,1.820383359047094700e+02,4.001553462275437028e+02,8.924472036215267963e+02,2.151708210608946104e+02,-1.539307746450867320e+01,4.347034088497977677e+02,5.467232905385566255e+02,2.357297005749943253e+02,1.095717015428430614e+03,-5.710968129625433320e+00,1.094982003752111765e+01,2.346006679078622259e+00,3.910097854339763899e+02,3.313734869551054203e+02,6.418404122216471706e+02,2.599518862025291241e+02,8.784011030551786448e+00,4.000522849820557525e+01,6.309305652667587765e+02,1.887103140877244698e+02,6.794052158630036047e+02
5.250792108373305922e+01,3.169553654907987195e+01,1.694137076016771289e+03,-1.446225240115586530e+01,-9.651124382958532522e+01,1.350631047129205854e+03,9.062787288906771721e+01,2.352348099057692821e+02,1.420365130310432050e+03,5.160263727655949140e+01,-1.563927300005450718e+02,1.035276497399190248e+03,1.939999064997435596e+02,4.209250181174296586e+02,1.186810957470828725e+03,1.671333689306815131e+02,1.925842269126138362e+01,1.109931119796114672e+03,2.541090749453670696e+02,2.093106267081341514e+02,1.161315582361418819e+03,5.513482287589854813e+00,1.491190211547608158e+02,7.555974206885938429e+02,1.819877556135296572e+02,4.069682261318933456e+02,8.880254731674389177e+02,2.187268297302227040e+02,-1.139847752183108831e+01,4.333702995134365210e+02,5.488490297890914462e+02,2.391872844381605034e+02,1.081982773187495013e+03,-5.344559772171257883e+00,1.198751369732119798e+01,2.271165850634316197e+00,3.842804981092664320e+02,3.412038794761332952e+02,6.293414554389785280e+02,2.601001763751365843e+02,9.731543273934194715e+00,3.964121705056443545e+01,6.228877446176684316e+02,1.967762470504046632e+02,6.593280120173199066e+02
5.577620871566173122e+01,3.529687545098994406e+01,1.689012789489635907e+03,-1.250689939797069350e+01,-9.344769711028692427e+01,1.345344180892886470e+03,9.351002721542792528e+01,2.382239242064931943e+02,1.416198950001202775e+03,4.719580291211988055e+01,-1.527320429349049107e+02,1.027525288041750628e+03,1.979432434447796822e+02,4.286764856917180282e+02,1.186449645729327358e+03,1.695297682468711855e+02,2.128421267673963158e+01,1.098231851221671377e+03,2.594589658648387172e+02,2.157902865032519912e+02,1.154495555956731323e+03,4.899796279978589020e+00,1.550327336387849755e+02,7.512872888365025119e+02,1.811845973710467490e+02,4.140694842686589254e+02,8.830305586412125649e+02,2.222831564534125732e+02,-7.621437488711677588e+00,4.317814958824781115e+02,5.505195781533284389e+02,2.434391793277071656e+02,1.065940401524717345e+03,-4.870119144778748854e+00,1.314585606847525234e+01,1.914141886215751542e+00,3.817435809366024273e+02,3.505077009780525827e+02,6.135845106527135613e+02,2.603404694624725835e+02,1.037312848305623625e+01,3.917418405533065595e+01,6.197698688259730488e+02,2.038738622006066805e+02,6.375918478172908408e+02
5.919791477296329418e+01,3.887540944930178455e+01,1.683288957073664051e+03,-1.064220294280214851e+01,-8.990562870746101964e+01,1.339604890739240091e+03,9.631346938052546136e+01,2.408611462362273699e+02,1.411646615041675659e+03,4.262519834888225034e+01,-1.482040517129528041e+02,1.019283060255224086e+03,2.019082571999504410e+02,4.362272009121491578e+02,1.186007415348520226e+03,1.718706808251335758e+02,2.405486210706174433e+01,1.085375832371267506e+03,2.648954900979414333e+02,2.222839829412887980e+02,1.146900234347281867e+03,4.067741519644914483e+00,1.609177191848462485e+02,7.463716740340099705e+02,1.797163445530368051e+02,4.215218649318284179e+02,8.774093480651840764e+02,2.257879259941000782e+02,-3.984157540433527878e+00,4.299146885127160544e+02,5.516924933853215407e+02,2.484827671856714630e+02,1.047790111105533242e+03,-4.273034843827022478e+00,1.412338049427938458e+01,1.392885054054916694e+00,3.829773561597151001e+02,3.590776228649821746e+02,5.948300246326742808e+02,2.608044467399539030e+02,1.067273529732259441e+01,3.857297705983483382e+01,6.214681909166765763e+02,2.098890127107194985e+02,6.145854339083863351e+02
6.269444100977008816e+01,4.255184947711441623e+01,1.676782483154265037e+03,-8.942332210340985910e+00,-8.565286732086386223e+01,1.333226558868245775e+03,9.921613022680321592e+01,2.434613869071648367e+02,1.406459919083962404e+03,3.764067273816407067e+01,-1.422748615536918351e+02,1.010340420010661660e+03,2.059100219231228834e+02,4.435527808796226736e+02,1.185281921598185136e+03,1.739601553712365387e+02,2.830578704862820416e+01,1.071183379966772463e+03,2.705630292562253203e+02,2.290627918857748284e+02,1.138348173816121516e+03,2.807948068768623795e+00,1.668176261756310055e+02,7.409359777362653858e+02,1.776453120039132330e+02,4.291704943296882675e+02,8.711662916233937040e+02,2.291943758475179891e+02,-4.368313948752206022e-01,4.278498261461837160e+02,5.524484403508045034e+02,2.542563549197912778e+02,1.027738796264911343e+03,-3.563599750255057597e+00,1.472317936539278982e+01,8.442665082709485125e-01,3.874281967867768230e+02,3.667500127811821358e+02,5.734484862200072257e+02,2.614907598731630856e+02,1.076118277471169904e+01,3.780711058887791154e+01,6.274467794970116756e+02,2.149960894291461102e+02,5.906553173544596120e+02
6.622254161461000876e+01,4.626416432223768282e+01,1.669534994097050003e+03,-7.420067847566407693e+00,-8.085769346669381719e+01,1.326203251348816821e+03,1.023423402181350923e+02,2.462133912755048186e+02,1.400627756997873803e+03,3.204188236292605296e+01,-1.349697568481805376e+02,1.000597527052308351e+03,2.101431482399732431e+02,4.506883718140570636e+02,1.184239402958105984e+03,1.757060427063231884e+02,3.413562635245219923e+01,1.055542082329537152e+03,2.768827343928732034e+02,2.364186435314017558e+02,1.128824710397488161e+03,9.827406572108102756e-01,1.726726605666137004e+02,7.351759861856503449e+02,1.749887794086608039e+02,4.367742588330060585e+02,8.643415031858244220e+02,2.324346686298776490e+02,3.088483915395629609e+00,4.257404602432170009e+02,5.528976834184613836e+02,2.606275873432958292e+02,1.005975248999112068e+03,-2.786468860804649061e+00,1.496603063405102318e+01,3.897870094022244380e-01,3.946838451589723036e+02,3.735205681636635404e+02,5.497103941209777531e+02,2.622830982704726921e+02,1.086148005713945430e+01,3.685786711019461137e+01,6.369361472942886166e+02,2.195440811505461340e+02,5.659753643513496399e+02
6.978459541102213848e+01,4.987819448916840770e+01,1.661730740943603678e+03,-6.017644858642761108e+00,-7.588809536794606458e+01,1.318651176857543760e+03,1.057293491342571201e+02,2.492205040141507766e+02,1.394350557010656075e+03,2.576414312343447577e+01,-1.268137802356365995e+02,9.900766763471203831e+02,2.149506549767524461e+02,4.577614141200314180e+02,1.183027079898567763e+03,1.771166365004945931e+02,4.099771131363320364e+01,1.038327964786740949e+03,2.844046184280633156e+02,2.445274313991593829e+02,1.118455189496034336e+03,-1.405728171347898181e+00,1.784893948083770567e+02,7.292863610676340613e+02,1.717315453070089006e+02,4.442200478091616560e+02,8.569697578787827297e+02,2.354287547761957171e+02,6.707450964088444323e+00,4.237304412902972217e+02,5.530903288593647176e+02,2.674947519275274317e+02,9.826295867614935560e+02,-2.022067914348583795e+00,1.505189065706185580e+01,1.015633720609774859e-01,4.046425497619950988e+02,3.795487283747410743e+02,5.236591999166146252e+02,2.630088089251157157e+02,1.114232507963960117e+01,3.571850032388380924e+01,6.491613773926073918e+02,2.238356869154122535e+02,5.405460726473929753e+02
7.340554803731927791e+01,5.335789927996820126e+01,1.653539054902696762e+03,-4.639611214665024796e+00,-7.101767563844259712e+01,1.310695810229339486e+03,1.093417459924613553e+02,2.526173838623730319e+02,1.387887990621408790e+03,1.892210149217327952e+01,-1.185169257100222211e+02,9.789169640985755905e+02,2.207325094421256608e+02,4.649939414136144933e+02,1.181895728068584503e+03,1.782850558161615027e+02,4.796149333131258885e+01,1.019385275637600557e+03,2.936009783779089162e+02,2.533614330871942570e+02,1.107479105921821201e+03,-4.209180904444078664e+00,1.844381720852311162e+02,7.233504551002233711e+02,1.678558683778394141e+02,4.516815222146043425e+02,8.490551825948668920e+02,2.381300204462288264e+02,1.055081868657891420e+01,4.218760275759182150e+02,5.529778987038182549e+02,2.749150687036917589e+02,9.577200344199915207e+02,-1.370848101011797215e+00,1.519750961234255193e+01,-1.771866037675864231e-02,4.175088125745587604e+02,3.850227239338854019e+02,4.951527767046296731e+02,2.635055916225360875e+02,1.158823741918114258e+01,3.438875468146508041e+01,6.635304397613977017e+02,2.279115456893810290e+02,5.143171269771864900e+02
7.708792626121466185e+01,5.687161292453954076e+01,1.645010809606738803e+03,-3.210894118553302867e+00,-6.624133775501435650e+01,1.302403484051167425e+03,1.131169512588827786e+02,2.566277501431666224e+02,1.381395662242920707e+03,1.177965238180694207e+01,-1.105964248617950716e+02,9.673684623492727042e+02,2.278283821528386852e+02,4.726214419975577243e+02,1.181085758548728791e+03,1.793390043541309637e+02,5.407688039437218919e+01,9.985976890718573031e+02,3.047092189032422311e+02,2.627204443729978607e+02,1.096250933719084287e+03,-7.195718377422965162e+00,1.908021405836598205e+02,7.173084506498478277e+02,1.633677868527679209e+02,4.595968677671584715e+02,8.405869794155145200e+02,2.405732496383692478e+02,1.467920129083110581e+01,4.201301896880181630e+02,5.524347264563263025e+02,2.831370329455878618e+02,9.311338473667728977e+02,-9.236861352166436667e-01,1.546849468594868249e+01,-2.987262295185966893e-02,4.336422395344765164e+02,3.899856197856888684e+02,4.640666699628637275e+02,2.636709397818816001e+02,1.197394521037676896e+01,3.287137931241319677e+01,6.797279302413463711e+02,2.314679288393680849e+02,4.873531036107367527e+02
8.077751814070749958e+01,6.074412979038977767e+01,1.636103967109840141e+03,-1.720502268671405766e+00,-6.131994439284969900e+01,1.293800317582194566e+03,1.170060708442870805e+02,2.614771526059691382e+02,1.374857147570183315e+03,4.657332363824277621e+00,-1.031735173300319417e+02,9.557666242201503337e+02,2.364158973925813712e+02,4.807350289170817064e+02,1.180735653066891473e+03,1.803562823564742530e+02,5.865902234095621282e+01,9.759934852020162452e+02,3.176962461914707205e+02,2.723708700653755272e+02,1.085243691893880396e+03,-1.014576948426644876e+01,1.978071219322020795e+02,7.110207814185225743e+02,1.583096056583744371e+02,4.684485822937105013e+02,8.315849069956058202e+02,2.428856482997156263e+02,1.900974995993309591e+01,4.183945208126373245e+02,5.513165843902249890e+02,2.924937939026584104e+02,9.026951008528091052e+02,-7.311241818409329740e-01,1.573125771626506619e+01,-3.187841424384363354e-02,4.533530208999801516e+02,3.942909539223297770e+02,4.305606038204027186e+02,2.634858202517510790e+02,1.197336980425449937e+01,3.117703420199717357e+01,6.976934020727236430e+02,2.339790614087570191e+02,4.599560321939450773e+02
8.437668180425798425e+01,6.527422304773374151e+01,1.626800120217043741e+03,-2.150030113347494165e-01,-5.599986722795401306e+01,1.284934201441161576e+03,1.209870418800468173e+02,2.672131069346474419e+02,1.368133176260458413e+03,-2.172340384386751921e+00,-9.605410251148389023e+01,9.444545464181985608e+02,2.464566318741992745e+02,4.891387445713070292e+02,1.180835596548212834e+03,1.812818171762505131e+02,6.140326519445714837e+01,9.517909121451411920e+02,3.323365885128445711e+02,2.822102850421569542e+02,1.074993315525390926e+03,-1.292738158305753515e+01,2.054522511300279461e+02,7.043685260340640752e+02,1.527616947148910924e+02,4.784686303237712650e+02,8.221302653153135225e+02,2.452494573340623276e+02,2.332687848694691368e+01,4.165901797996342566e+02,5.495229453576374681e+02,3.032360318459554946e+02,8.723216571489977014e+02,-7.843811701096847777e-01,1.576438601089203217e+01,-1.155781246002994533e-01,4.767419268612177916e+02,3.977795002339117332e+02,3.952672793187208526e+02,2.630171077107096380e+02,1.135208919254646176e+01,2.933711588841883611e+01,7.175014671488358999e+02,2.349830539158629676e+02,4.327043027974241909e+02
8.781663135556459565e+01,7.054674667458915849e+01,1.617194403777291882e+03,1.261457673246838329e+00,-5.022047823618068207e+01,1.275894341265124467e+03,1.250567071982815435e+02,2.735921432889742277e+02,1.361062106062079010e+03,-8.547585873558462666e+00,-8.899628386110251199e+01,9.336557033235212657e+02,2.577039618740406013e+02,4.973454751237229630e+02,1.181214279591872355e+03,1.818877209692459189e+02,6.235414594453121140e+01,9.263334373901690242e+02,3.483328304798982913e+02,2.923673398997132722e+02,1.065943785920489290e+03,-1.551391777015354023e+01,2.134728591530331983e+02,6.973075285334323326e+02,1.468408870563603728e+02,4.894605490111310360e+02,8.123417105142158334e+02,2.478382090124337935e+02,2.739533493606786863e+01,4.146901687585804552e+02,5.470340500127157384e+02,3.154335251140185505e+02,8.402006342842154254e+02,-1.015364179685466217e+00,1.544923649351359707e+01,-3.353192242153641978e-01,5.036293475335917265e+02,4.005851164810918021e+02,3.592897535726999649e+02,2.624048171362429684e+02,1.013337714841385306e+01,2.741381040951061365e+01,7.391890382295998734e+02,2.343888250947481708e+02,4.064106879885515013e+02
9.115365729681001028e+01,7.638394777129410329e+01,1.607462717097897439e+03,2.743155929861691877e+00,-4.413833270415344145e+01,1.266744240000183709e+03,1.292250335716007328e+02,2.801616265592010109e+02,1.353524400604160064e+03,-1.441544621388991132e+01,-8.194342837527830170e+01,9.233559519716640125e+02,2.697674511373782593e+02,5.047634727789031786e+02,1.181549041793144170e+03,1.817898735008798212e+02,6.180687510873761426e+01,8.999462029223893751e+02,3.654042546549678718e+02,3.031957911632681544e+02,1.058238794266086870e+03,-1.794630104259575631e+01,2.214828901799027108e+02,6.898410227856554684e+02,1.406980428133485930e+02,5.008654481162860179e+02,8.022994390092624144e+02,2.507614543508116185e+02,3.111417109801159953e+01,4.126969332388856628e+02,5.439084351276527514e+02,3.290082827678340891e+02,8.068752296327168096e+02,-1.316638542615962360e+00,1.489587231890141616e+01,-6.968965680515400996e-01,5.335525514006872072e+02,4.033344240787437798e+02,3.239790982311949392e+02,2.618347528476033403e+02,8.629505141137562063e+00,2.549338331043774630e+01,7.625872906598874579e+02,2.326384539307991304e+02,3.820106035586490520e+02
9.462003981582296319e+01,8.247774352424303856e+01,1.597717170781207869e+03,4.379305208766785640e+00,-3.795277219329773999e+01,1.257411605518872420e+03,1.335230492817000254e+02,2.865072343552051279e+02,1.345437174768557270e+03,-1.977919322556887494e+01,-7.505183638977689498e+01,9.132756438515261834e+02,2.822110099721461438e+02,5.109889377453870338e+02,1.181418370198002322e+03,1.805098010381528013e+02,6.019795778910716422e+01,8.728015419863919533e+02,3.833160787997111356e+02,3.151775846854536098e+02,1.051592446848278314e+03,-2.027375097720012675e+01,2.292177826093590625e+02,6.819528692672703301e+02,1.345113039636306951e+02,5.120405061155094018e+02,7.919726827570377736e+02,2.540405119608291784e+02,3.460825624789013233e+01,4.106008255061388468e+02,5.402461298650268873e+02,3.438417022682220363e+02,7.731698697429084177e+02,-1.576016775225098643e+00,1.440588016505398983e+01,-1.168701507727277766e+00,5.657881431103692194e+02,4.070370823264861997e+02,2.905711318516572987e+02,2.614967045304935596e+02,7.301583839765241279e+00,2.365917234018806425e+01,7.872143727014841943e+02,2.306339107500659509e+02,3.603837104525025552e+02
9.857114323284541513e+01,8.860305257073578389e+01,1.587863138984263287e+03,6.396017853899049754e+00,-3.168598606306869314e+01,1.247633666541760249e+03,1.380100995640599422e+02,2.924897032219202515e+02,1.336715797404781370e+03,-2.462783581483360962e+01,-6.851908623471956616e+01,9.029693752310651007e+02,2.946489803816510857e+02,5.160266886480428639e+02,1.180421809802504413e+03,1.775735857741127290e+02,5.799344177575441961e+01,8.448788359366196801e+02,4.018660858599221228e+02,3.287795369368182605e+02,1.045372823092100816e+03,-2.251067465283693636e+01,2.367201260029489447e+02,6.735788144502524801e+02,1.284697101893289073e+02,5.225795160912297206e+02,7.812172904307442423e+02,2.576158615681350170e+02,3.818787958541304306e+01,4.083679500721092381e+02,5.361390894223517307e+02,3.598381107359099360e+02,7.399691908289206594e+02,-1.712951240618785675e+00,1.429631115733145741e+01,-1.705300409414941321e+00,5.993863112057571243e+02,4.126726072509695769e+02,2.598399618555373536e+02,2.615374709995157332e+02,6.519284882647722768e+00,2.195744561336061906e+01,8.122670604023234091e+02,2.294654491737993851e+02,3.421286944806282690e+02
1.033286878128817250e+02,9.475005937636895226e+01,1.577582101049252515e+03,8.995374778396847404e+00,-2.511025129523923383e+01,1.237027545527826987e+03,1.427543332636401203e+02,2.982911100817046304e+02,1.327262237810089118e+03,-2.888237031491187778e+01,-6.237856533284094951e+01,8.920101814180214888e+02,3.068037527568693008e+02,5.202963023970560243e+02,1.178345853180708900e+03,1.726467253065782472e+02,5.556908381128754115e+01,8.160499341763987786e+02,4.208548326289204624e+02,3.443133948898550898e+02,1.038918367236726453e+03,-2.462695343919520141e+01,2.443378744406699070e+02,6.646548165132942358e+02,1.227449866163065337e+02,5.324832060811321526e+02,7.698642851123985338e+02,2.613725606057197410e+02,4.219340057210052208e+01,4.059710377323536932e+02,5.316352962825277473e+02,3.768829639241516247e+02,7.079564561627025796e+02,-1.699507994270290645e+00,1.471298113489770998e+01,-2.270216583326803761e+00,6.332366388699144863e+02,4.207173524235342370e+02,2.319328974322487511e+02,2.620266436787973134e+02,6.366581312578540874e+00,2.037736789203369270e+01,8.367135961857825350e+02,2.300831760317151691e+02,3.273609815084183197e+02
1.089927360753516155e+02,1.010818682249201999e+02,1.566474357556785208e+03,1.224533312976380017e+01,-1.789505370661930073e+01,1.225263982984025915e+03,1.477797329304792129e+02,3.042383000635755934e+02,1.317002184187045714e+03,-3.238824744586718651e+01,-5.644437992429268292e+01,8.801612753002932550e+02,3.185087307106256844e+02,5.244247263434883735e+02,1.175291363328637317e+03,1.656771476565310763e+02,5.310745071367444581e+01,7.862470483693407459e+02,4.400537048055695095e+02,3.618433632126508428e+02,1.031944241117347929e+03,-2.656619425568688797e+01,2.525227224989225761e+02,6.552060460748533615e+02,1.174561551250491647e+02,5.420925831722172461e+02,7.578486347543822603e+02,2.651698167037201870e+02,4.681668655804755019e+01,4.034307850529404504e+02,5.267356923154515016e+02,3.947478918268953976e+02,6.774508144897775992e+02,-1.555115395686473390e+00,1.556534866435437792e+01,-2.847723745142029639e+00,6.661781712088991299e+02,4.309327982349964827e+02,2.064715790599918250e+02,2.629483750538187792e+02,6.620173252739839143e+00,1.885872948764248846e+01,8.594539296730474689e+02,2.330709431774267273e+02,3.156380577358468713e+02
1.153329791654393688e+02,1.077642393451573497e+02,1.554277841557498959e+03,1.602441127626769912e+01,-9.868701104402585855e+00,1.212242233485668294e+03,1.530111502292367902e+02,3.105438714969122884e+02,1.305940251198536998e+03,-3.497064822645811688e+01,-5.045875955279781522e+01,8.674517703378745637e+02,3.296749967811398960e+02,5.289650106514829986e+02,1.171668352921158430e+03,1.569696326383918006e+02,5.056819393909704274e+01,7.556145392202861331e+02,4.591827724850656978e+02,3.811699679033898178e+02,1.024800695471609743e+03,-2.827686774938303316e+01,2.615489500147076001e+02,6.453954160658398678e+02,1.126396920543993758e+02,5.518534800450256625e+02,7.452885858671136248e+02,2.688694315924263947e+02,5.200375054816124987e+01,4.008218990649177158e+02,5.214284055422364190e+02,4.130564302010214988e+02,6.484314500677076012e+02,-1.321043732769301204e+00,1.661974101587626151e+01,-3.439503737021504914e+00,6.971307182786792964e+02,4.425823551998007019e+02,1.828691345711231691e+02,2.642169805426366906e+02,6.916298322023985534e+00,1.732401450509133056e+01,8.795021986760176560e+02,2.386122116378124076e+02,3.060780169664326991e+02
1.218417474453352014e+02,1.148118537773774506e+02,1.541024066372105381e+03,2.005718848363432727e+01,-1.194871650722174605e+00,1.198156731592803681e+03,1.582696128768894255e+02,3.171628828121945389e+02,1.294185624164420233e+03,-3.653991864227904784e+01,-4.431947530120773848e+01,8.541350192923139275e+02,3.402635123288791306e+02,5.342104805762432989e+02,1.168033389143746717e+03,1.471097021775024700e+02,4.776966448773514173e+01,7.245469619409122970e+02,4.779227070553030217e+02,4.018915446146730233e+02,1.018397931763502015e+03,-2.974033941297716055e+01,2.713342013286971905e+02,6.354753872940963220e+02,1.082421523656053353e+02,5.620788127893307546e+02,7.324555991485951836e+02,2.723649273202459540e+02,5.749198197396881937e+01,3.982289263341917263e+02,5.157460903280933735e+02,4.313805805690157626e+02,6.207263308650486806e+02,-1.034124171931176228e+00,1.767196993051857845e+01,-4.048615682443252872e+00,7.252008814665408636e+02,4.549685353938928642e+02,1.606946037280814323e+02,2.657040252803916474e+02,6.994783987736946429e+00,1.571727920363523801e+01,8.961548495719825951e+02,2.466420133571103293e+02,2.976299210900285743e+02
1.279436525318591436e+02,1.220778816958390109e+02,1.527035437955581756e+03,2.402662853293063705e+01,7.678046878277244858e+00,1.183415276550067119e+03,1.633438111114183187e+02,3.238684595212383215e+02,1.281927548623044459e+03,-3.719435212542654057e+01,-3.818993814906436057e+01,8.405688304742268429e+02,3.502922686119097193e+02,5.401866173777556241e+02,1.164844940295545484e+03,1.367332808967518645e+02,4.455379230452795980e+01,6.935844933685229989e+02,4.959836066759265805e+02,4.235165345635996346e+02,1.013796992740380801e+03,-3.097949780308247369e+01,2.814866731063638099e+02,6.256621708726901261e+02,1.041463640049125132e+02,5.728535188541192156e+02,7.196532171658299148e+02,2.756109232865516674e+02,6.295840873044787855e+01,3.956831667271385982e+02,5.098152277584876515e+02,4.494313028564241677e+02,5.942460715469969728e+02,-7.164175705184080423e-01,1.867386510625876994e+01,-4.659305880521316112e+00,7.497247232665380352e+02,4.679820414854997921e+02,1.398881797989886024e+02,2.672674485218884115e+02,6.858611096841979560e+00,1.402949741405977768e+01,9.091103574712981299e+02,2.571145950635957433e+02,2.893609067332870382e+02
1.332581028649460677e+02,1.294008912822592094e+02,1.512771076548208839e+03,2.770538027967504391e+01,1.627763077129869629e+01,1.168461447896286700e+03,1.681019513934496104e+02,3.304843987993897372e+02,1.269378679193406924e+03,-3.724733663253537941e+01,-3.238204880872842040e+01,8.270820997216172827e+02,3.598649849193294585e+02,5.467797089327186768e+02,1.162265888555468564e+03,1.262494369063315673e+02,4.094705543282682925e+01,6.632332800561463273e+02,5.132143660670737972e+02,4.455903561171525098e+02,1.011677206116998946e+03,-3.203746742264412717e+01,2.915560315971949308e+02,6.160163660928936906e+02,1.002257441527905115e+02,5.841076154282040989e+02,7.070869622930142668e+02,2.786419459587838787e+02,6.819760537235030995e+01,3.931326106124008675e+02,5.038636931510231989e+02,4.672223498682589025e+02,5.691249413132144355e+02,-3.810363800444647731e-01,1.973802887125676975e+01,-5.225292278592545969e+00,7.702419096013811668e+02,4.823535156533824306e+02,1.207169142805760913e+02,2.687805984482700410e+02,6.748321914974404478e+00,1.229851251786438127e+01,9.185027328855910582e+02,2.702827906403736051e+02,2.806229252159030239e+02
1.377676174197090404e+02,1.368039312973241692e+02,1.498617535693936588e+03,3.103756596275832891e+01,2.441849226103391146e+01,1.153607106231885837e+03,1.725650094755833095e+02,3.371034295835211765e+02,1.256720878408266799e+03,-3.713699185489771537e+01,-2.708177182246347670e+01,8.138836454042308333e+02,3.691738620807184930e+02,5.538926386387236107e+02,1.160112045787519037e+03,1.156713447491310518e+02,3.723068378393015365e+01,6.338314572621683283e+02,5.296821395053705146e+02,4.678091057659061676e+02,1.011986857283530640e+03,-3.293476318908851397e+01,3.013248407547860097e+02,6.064143838178322312e+02,9.640307237444201860e+01,5.957596256016374809e+02,6.948044154589363188e+02,2.815627538825075931e+02,7.323741593684897566e+01,3.904728920985577929e+02,4.981744603638552462e+02,4.850911461205387241e+02,5.456989063308636787e+02,-3.920996498883886489e-02,2.104033722913726834e+01,-5.677663483743057959e+00,7.864344065605092737e+02,4.994759557664202134e+02,1.035106222189722445e+02,2.701596513601265315e+02,6.957234599007506404e+00,1.058628970997446217e+01,9.248279364023881044e+02,2.868634018124974432e+02,2.710496199107724919e+02
1.417951904377497954e+02,1.446009338485704063e+02,1.484744504649140936e+03,3.413386304473222310e+01,3.237475127755272553e+01,1.138965065322996452e+03,1.768843799524217957e+02,3.441386135604825540e+02,1.244078284812393122e+03,-3.725059709061441993e+01,-2.211581628549479461e+01,8.010449514727025644e+02,3.784390899812242992e+02,5.615363026038669432e+02,1.157957574822757806e+03,1.046518421454605914e+02,3.388944734593870578e+01,6.055509530993178942e+02,5.456414010305331885e+02,4.900977814322314430e+02,1.013985217394822371e+03,-3.363326566774386350e+01,3.109455020528647538e+02,5.966302618844930521e+02,9.268403267421736302e+01,6.078000916451386502e+02,6.827228913587722445e+02,2.845012346483440524e+02,7.833857467771555605e+01,3.876174150929628013e+02,4.930091647308032634e+02,5.035544574861766023e+02,5.243534099102918162e+02,3.069162133346695076e-01,2.270205047870726389e+01,-5.953338804826421082e+00,7.980800368710081329e+02,5.208983595629547381e+02,8.834320315998783713e+01,2.713817964012627613e+02,7.616064999248944645e+00,8.948739241369471742e+00,9.287848344842192319e+02,3.079759137288716602e+02,2.604382119999465885e+02
1.458105609871385013e+02,1.533287040946189848e+02,1.471099863836569966e+03,3.719512912887486777e+01,4.081732776104437477e+01,1.124506052985697579e+03,1.812412794245156249e+02,3.521770436565286673e+02,1.231523824663105643e+03,-3.776216571285155510e+01,-1.693558322653978720e+01,7.885625398079524757e+02,3.877971880779173262e+02,5.698348409488979769e+02,1.155327055298693267e+03,9.269890721244350118e+01,3.147180917181121274e+01,5.785349926705632697e+02,5.613765861072420194e+02,5.126261300790332598e+02,1.016644520396959706e+03,-3.403487457594638954e+01,3.208316699850207669e+02,5.864720533671910516e+02,8.914914812078846751e+01,6.202590863836462631e+02,6.707007506158055321e+02,2.875397465532406045e+02,8.388642612240113294e+01,3.845506581817667779e+02,4.885482580089285989e+02,5.230934595303750712e+02,5.053434187681167487e+02,6.853686893025044968e-01,2.472418157528906235e+01,-6.030307360583893050e+00,8.050498844571644668e+02,5.477478974930706954e+02,7.485385800105055409e+01,2.724826551588076882e+02,8.586380518572415355e+00,7.414730560492062139e+00,9.310878299101264020e+02,3.348307534577405136e+02,2.486205493420143000e+02
1.501881765911409730e+02,1.635391049303630950e+02,1.457535626717780360e+03,4.041625928674597645e+01,5.056131918123024604e+01,1.110192694225396508e+03,1.857468633904877322e+02,3.617354701278310927e+02,1.219110782552154433e+03,-3.858712663850300117e+01,-1.084266667194165912e+01,7.764791482596276637e+02,3.971986123590584725e+02,5.789824893831660120e+02,1.151878640133762246e+03,7.944756548857564837e+01,3.042284181412772526e+01,5.530841833520615864e+02,5.769986545772978843e+02,5.357418618298726187e+02,1.019162357828801646e+03,-3.401766435985241799e+01,3.313801545076586876e+02,5.758897104249500671e+02,8.591324511001194253e+01,6.331108242860201472e+02,6.585975486512732004e+02,2.906633327790572707e+02,9.023566879876283053e+01,3.813196922537584328e+02,4.848832212505928965e+02,5.440110287791204655e+02,4.886855855049544743e+02,1.168364661167200502e+00,2.699216292997427402e+01,-5.947960032947051445e+00,8.073357986533991379e+02,5.803505457057190142e+02,6.231932831949896467e+01,2.735275803683563254e+02,9.521836978428897424e+00,5.979378553107334682e+00,9.323084083445571650e+02,3.682882405702968640e+02,2.354036622491202877e+02
1.550573328181849320e+02,1.755733449856909374e+02,1.443981147451507468e+03,4.391966937720867747e+01,6.226634127137564434e+01,1.096105426941264113e+03,1.904153618091394549e+02,3.730672319545986397e+02,1.206910822958943754e+03,-3.949238835141977688e+01,-3.315338161580116072e+00,7.650140153943812038e+02,4.063823466353874210e+02,5.892008329807582641e+02,1.147514112497497763e+03,6.484708701717353563e+01,3.094240418850513663e+01,5.297717370626662614e+02,5.923204024261848417e+02,5.598362464405953460e+02,1.021289164517727613e+03,-3.348313018633684379e+01,3.427112212514346083e+02,5.650044706468805771e+02,8.308162469990024590e+01,6.462193523181506407e+02,6.463039187668284740e+02,2.937613186021972069e+02,9.758710599790967422e+01,3.779674461489785813e+02,4.820565344309376314e+02,5.664430128220320739e+02,4.741590998095940677e+02,1.853205575258064064e+00,2.932492778259182131e+01,-5.797378391865696479e+00,8.050707688360973862e+02,6.182022649368025213e+02,4.994044786758237819e+01,2.745670126325493356e+02,1.004818701792761182e+01,4.605150079269566099e+00,9.327757443132685466e+02,4.085147694071463889e+02,2.205970354118944954e+02
1.603103475741938553e+02,1.894426360611709583e+02,1.430552891490256343e+03,4.773530762728046994e+01,7.623359792823478642e+01,1.082486280110113512e+03,1.952150862046562736e+02,3.861151104741276185e+02,1.195034699533634694e+03,-4.030232515622510903e+01,5.763349400331065020e+00,7.546319268811627126e+02,4.149518594595143668e+02,6.007139401974789052e+02,1.142402471840698354e+03,4.918705847613514237e+01,3.290210271680208365e+01,5.094063835304918371e+02,6.068840671729577707e+02,5.852004694416876873e+02,1.023323076826313240e+03,-3.237914478164993426e+01,3.545950800861795074e+02,5.540653921891698701e+02,8.073158539342007600e+01,6.593853852666751436e+02,6.337597170461031055e+02,2.966877706872529075e+02,1.059511769275249407e+02,3.744584851909573899e+02,4.801090006460504469e+02,5.904844101286574869e+02,4.613827145173636950e+02,2.805320553995228838e+00,3.153768132694366955e+01,-5.683695833675409759e+00,7.985191708509457840e+02,6.602660179580132080e+02,3.718318711913468633e+01,2.755998750425072217e+02,9.950694272639781346e+00,3.226581503617970359e+00,9.325414383351779861e+02,4.549362551897567073e+02,2.040921366156849217e+02
1.657278812017588621e+02,2.048648453466858541e+02,1.417529777992085656e+03,5.181026104997670956e+01,9.236433462804636463e+01,1.069676954834709022e+03,2.001363879362430680e+02,4.005982154737121732e+02,1.183618457308670941e+03,-4.107593791176207532e+01,1.609565379741084001e+01,7.459932094609769138e+02,4.225128608631672478e+02,6.137227563257708880e+02,1.136935150375120884e+03,3.298511745078275226e+01,3.584846704615102198e+01,4.928501849721369581e+02,6.201097408825281718e+02,6.119388407902163181e+02,1.025842344147410358e+03,-3.068208223326756467e+01,3.666000542045805446e+02,5.433702053199132251e+02,7.892663119643093239e+01,6.724616501573741516e+02,6.209814573470641790e+02,2.993467395745374802e+02,1.152008747791616372e+02,3.706557426117034879e+02,4.790929938835304256e+02,6.163089514872385735e+02,4.499129069672870855e+02,3.993071541349173526e+00,3.350286660567603292e+01,-5.680057484421073610e+00,7.880423804353538344e+02,7.054224553500772572e+02,2.399036458556588869e+01,2.765676800338523549e+02,9.269116703117033396e+00,1.764269965579685406e+00,9.314050834173239082e+02,5.065279123224335081e+02,1.859464833324767028e+02
1.711188076940565850e+02,2.214160246303240740e+02,1.405209055325730560e+03,5.602112719803117358e+01,1.102524385108163045e+02,1.057990179752897802e+03,2.052090994314192756e+02,4.161475375261778140e+02,1.172777459133001685e+03,-4.214440940381672362e+01,2.715353822865353095e+01,7.397862270876585171e+02,4.287971768981227001e+02,6.283551236938689044e+02,1.131633525041108214e+03,1.682943941479226524e+01,3.911761078715027651e+01,4.807887888336412630e+02,6.314627912868510293e+02,6.399625643746398964e+02,1.029373917521427302e+03,-2.835402085009449991e+01,3.783529788637635534e+02,5.331825019539829782e+02,7.774416575389314232e+01,6.854456773170188626e+02,6.080906926424426047e+02,3.017496362750458729e+02,1.251689832343630400e+02,3.663690391816539318e+02,4.790431927190440433e+02,6.441769678729859834e+02,4.393335774790492110e+02,5.261945495774853931e+00,3.519821823094803648e+01,-5.800029384714049385e+00,7.740544842997395563e+02,7.528482472536012438e+02,1.076308597128518230e+01,2.773836207563091421e+02,8.262526339750619897e+00,1.524928786004738357e-01,9.289933241994863238e+02,5.622793629071271653e+02,1.664356891277918749e+02
1.763901478284920188e+02,2.387106302878888187e+02,1.393735527663549647e+03,6.017978047695572741e+01,1.293419820427814955e+02,1.047592807715767776e+03,2.104547706776905613e+02,4.324118596964605103e+02,1.162553099830134670e+03,-4.398566459341319046e+01,3.843854279496611781e+01,7.365217403107589007e+02,4.337135493335224510e+02,6.445997432776501910e+02,1.127025735786932501e+03,1.269420575490018521e+00,4.205970753270797502e+01,4.735831871040152805e+02,6.405536683587453126e+02,6.690341751994033075e+02,1.034172815320733207e+03,-2.531215230621481282e+01,3.897458446867979092e+02,5.236610826945410508e+02,7.728535158940650263e+01,6.984807394666817117e+02,5.953098672617614966e+02,3.040080401906999441e+02,1.357319569195722408e+02,3.614448526207396526e+02,4.799299290544136056e+02,6.743182351385024731e+02,4.293359477800196373e+02,6.378774513325427442e+00,3.672279940477974947e+01,-6.006086400110264734e+00,7.569698933145327828e+02,8.021507548750232672e+02,-1.857818750035304944e+00,2.779789408588326296e+02,7.276089873083578574e+00,-1.630548580209794540e+00,9.248698870917770591e+02,6.215626197499623231e+02,1.460473547033888622e+02
1.815320719323850653e+02,2.565389403230351490e+02,1.383015545010314781e+03,6.404769928404154200e+01,1.490971346424080934e+02,1.038470644743006460e+03,2.158190099238603921e+02,4.491171458750232546e+02,1.152889630154873657e+03,-4.701574142901501574e+01,4.970509726677475015e+01,7.364039373144840965e+02,4.373162290443994493e+02,6.622716052913683598e+02,1.123523989506617909e+03,-1.321458188886472129e+01,4.431438334901265819e+01,4.712755396905815246e+02,6.471561839485259497e+02,6.988185562954022316e+02,1.040173699181387292e+03,-2.144056697624899144e+01,4.009820151352495827e+02,5.148166614242687729e+02,7.764745655661396029e+01,7.117726843477674947e+02,5.829028657135629601e+02,3.062641810842612244e+02,1.468496961639554570e+02,3.558409809959107974e+02,4.816250202579697088e+02,7.067702817803910875e+02,4.197809858476529712e+02,7.133731107767486534e+00,3.826508101758546587e+01,-6.248706816806379294e+00,7.371379873599702250e+02,8.532202634801946033e+02,-1.327992628522369678e+01,2.783400707686589612e+02,6.585822843148881667e+00,-3.551347693610766409e+00,9.186364614724878948e+02,6.841884084810059221e+02,1.254019232893795390e+02
1.865630081458070038e+02,2.749303011281297699e+02,1.372775511359703614e+03,6.737937882284910529e+01,1.691638843151242497e+02,1.030492366036882004e+03,2.211445885400508189e+02,4.661103730986362166e+02,1.143671654514191232e+03,-5.142449462512570335e+01,6.109954577452583635e+01,7.393477642563817653e+02,4.397268100939735405e+02,6.810621938428331532e+02,1.121355019493092414e+03,-2.620238378467724516e+01,4.602766335767969252e+01,4.737156464371803395e+02,6.511908997298878603e+02,7.289270956361380058e+02,1.047076291796413670e+03,-1.664385231757306371e+01,4.124726157037795247e+02,5.065198374646763000e+02,7.886729452911036731e+01,7.254969507129654858e+02,5.710788099427453517e+02,3.085983630945566460e+02,1.585706210069116082e+02,3.496431540674460621e+02,4.838906877720659168e+02,7.412895675486369100e+02,4.107086640290686432e+02,7.448209780813748182e+00,4.003272429280410449e+01,-6.508800592013098019e+00,7.147802348000087704e+02,9.059138377439217038e+02,-2.317015035932550049e+01,2.785188218494301395e+02,6.298956275093952506e+00,-5.540295564664242889e+00,9.099875394020726844e+02,7.501426206089995503e+02,1.051152907851840581e+02
1.914892371730006460e+02,2.941375028772919222e+02,1.362736732052254183e+03,6.999364587838465468e+01,1.895062990891001675e+02,1.023527476557665864e+03,2.262093829073797338e+02,4.834109806266748137e+02,1.134822914456990702e+03,-5.714099122702211275e+01,7.320769081875462803e+01,7.451146170367595687e+02,4.410584423586001321e+02,7.006849177860859754e+02,1.120586771054617884e+03,-3.734109363353511668e+01,4.790481775070124115e+01,4.807031679812913012e+02,6.527244921069119528e+02,7.589751806046518823e+02,1.054489488159017128e+03,-1.091034559788981362e+01,4.246783678348551803e+02,4.985745017529141023e+02,8.087034515189421313e+01,7.397739654582159119e+02,5.599127123743949141e+02,3.109664652364632502e+02,1.710293779763829889e+02,3.430168631781075419e+02,4.863866681430997119e+02,7.774168718386580395e+02,4.022590004468066240e+02,7.427183250247102464e+00,4.218178480142770326e+01,-6.813557146271825182e+00,6.899731197450308855e+02,9.597833951545893569e+02,-3.150843630740466850e+01,2.786145393994087840e+02,6.349203203880589896e+00,-7.530933495508003617e+00,8.987102351751178730e+02,8.192165658381970843e+02,8.566094605630232195e+01
1.962986815722198344e+02,3.145466246538631481e+02,1.352808707979370183e+03,7.184130756357276937e+01,2.104755084540974224e+02,1.017543461988317063e+03,2.308004809748953221e+02,5.012490469320042052e+02,1.126423727094619608e+03,-6.391462874464474453e+01,8.699309978454083137e+01,7.534642540801580708e+02,4.413738444626331443e+02,7.210597563410591420e+02,1.121236761237996916e+03,-4.637134437702626855e+01,5.106161023612916239e+01,4.920577570908179155e+02,6.519952374813902907e+02,7.886698180636727784e+02,1.062068191167657687e+03,-4.343676609782479936e+00,4.379913032581594621e+02,4.908337523794919548e+02,8.346453478583761409e+01,7.547301282956674413e+02,5.493331693725532432e+02,3.132044866060985555e+02,1.844467029011943566e+02,3.361208128839541587e+02,4.886943523149407156e+02,8.146876795281931436e+02,3.945272795375209967e+02,7.322181758674241259e+00,4.478396178829330410e+01,-7.215325273208112122e+00,6.627139015854810395e+02,1.014032897571589956e+03,-3.850268287636771447e+01,2.787391594675337387e+02,6.569753402877037018e+00,-9.495178196636457457e+00,8.846494605139665737e+02,8.908098385335858893e+02,6.731005715734309547e+01
2.009693415174822917e+02,3.365315262549377735e+02,1.343192863969003611e+03,7.302680475616853073e+01,2.327580393720421625e+02,1.012628245552903877e+03,2.347696471480081470e+02,5.200428754831536935e+02,1.118775014719432420e+03,-7.142128868349597326e+01,1.035959258635996747e+02,7.642253367663628296e+02,4.406774015097279289e+02,7.424380006524257851e+02,1.123378978873082360e+03,-5.312004637782750649e+01,5.672874416572006595e+01,5.076084583081606070e+02,6.494308360172173025e+02,8.179070707967777025e+02,1.069594351750067517e+03,2.860704130756528407e+00,4.526846963620010911e+02,4.832973084273602922e+02,8.639360640636118660e+01,7.705845674209919025e+02,5.391859900515809159e+02,3.151010171725095574e+02,1.991094519190353083e+02,3.290224144617121169e+02,4.903660942334647643e+02,8.528786495859608294e+02,3.874482570973588054e+02,7.420606928022426274e+00,4.783979888606796038e+01,-7.748517787601099549e+00,6.330551911956110871e+02,1.067727379695333184e+03,-4.445062104762742905e+01,2.789794884286670253e+02,6.786316598734423167e+00,-1.145671377704878680e+01,8.676682753972152113e+02,9.640272899125784534e+02,5.019225960636959627e+01
2.054627278721383448e+02,3.603033769925812635e+02,1.334340784649093393e+03,7.376378525348827964e+01,2.571856467386232339e+02,1.008935605545577687e+03,2.380320399594939431e+02,5.402919666152964737e+02,1.112348933813234680e+03,-7.930906424259393361e+01,1.240065703353311477e+02,7.772568536341699428e+02,4.389196205136740332e+02,7.653845059431023401e+02,1.127149243968788824e+03,-5.742111983843478384e+01,6.592268106151391294e+01,5.271591598723459811e+02,6.456090177102602183e+02,8.468293791188903015e+02,1.076967749017817823e+03,1.048736401949408581e+01,4.688964846375849334e+02,4.761263876829515311e+02,8.942538803482914034e+01,7.876724270860187289e+02,5.293329395127738053e+02,3.165033082045902688e+02,2.153020822210052074e+02,3.216489387441900476e+02,4.909988697252287579e+02,8.921348921479462888e+02,3.808098831451440560e+02,7.921282123874265224e+00,5.131192560721189722e+01,-8.390865041633604804e+00,6.012408193765810438e+02,1.120082943896288498e+03,-4.963964904576574355e+01,2.793695381514379505e+02,6.874047450514400026e+00,-1.348177240213179040e+01,8.476250684724725488e+02,1.037939491106499418e+03,3.443569374101839742e+01
2.096937997460759391e+02,3.858292040483684104e+02,1.326789285230046744e+03,7.428586640095161897e+01,2.844605777374492845e+02,1.006593942008061163e+03,2.405133073741492922e+02,5.624169758857841543e+02,1.107622560594233164e+03,-8.717051365874759483e+01,1.487210449771483525e+02,7.923469597705530987e+02,4.359914220090460617e+02,7.906103628360066295e+02,1.132610639916586479e+03,-5.900177994042509511e+01,7.919269296447603779e+01,5.504893019403749577e+02,6.411300167978623676e+02,8.758060077481790131e+02,1.084099583717573296e+03,1.839236711873456187e+01,4.866047393526744145e+02,4.695554532289316967e+02,9.242264216691623346e+01,8.063597717118212813e+02,5.197215826757568493e+02,3.174065591113208598e+02,2.331962749350579998e+02,3.137881943446818696e+02,4.903031629068605071e+02,9.328742644001500821e+02,3.744060535856838214e+02,8.868770224741133745e+00,5.514870437663850566e+01,-9.047285044266423881e+00,5.677697045133668325e+02,1.170598243692550795e+03,-5.432885681948761913e+01,2.798834107595764067e+02,6.762705857274939447e+00,-1.565760346262745095e+01,8.243770350150041395e+02,1.111750987385279132e+03,2.027037569824894447e+01
2.134971048143521557e+02,4.128745668813261318e+02,1.320953040835041520e+03,7.476302783388749162e+01,3.149097938724278265e+02,1.005628216913551796e+03,2.420886177771819803e+02,5.866220455262122186e+02,1.104862809197091110e+03,-9.450003576903294800e+01,1.775454203669041533e+02,8.091254401167545893e+02,4.317031398498203316e+02,8.187404270763640852e+02,1.139542123776984454e+03,-5.742747690956128537e+01,9.650797500240901172e+01,5.774019712844387868e+02,6.364129858202172727e+02,9.053479712746920995e+02,1.090749481110832676e+03,2.658012632600092218e+01,5.055983443215110924e+02,4.637460533903680471e+02,9.535158701320466434e+01,8.268893541222761314e+02,5.103829071810150708e+02,3.179843048006161439e+02,2.527573830833327690e+02,3.051320952776674744e+02,4.881196607912341960e+02,9.754976248748837406e+02,3.682182133582085726e+02,1.018948716028573109e+01,5.929740021231713598e+01,-9.557746982019484250e+00,5.333595516197661937e+02,1.218915852764982219e+03,-5.879247537898041998e+01,2.804555200791812695e+02,6.420345616661903954e+00,-1.806782612704645175e+01,7.978102608292873583e+02,1.184730162431839972e+03,7.980508156972593525e+00
2.166184761815962361e+02,4.411605237892654259e+02,1.316968150854804207e+03,7.526787167699956171e+01,3.483833367675252930e+02,1.005924450060282879e+03,2.425654056315248965e+02,6.128568289980466943e+02,1.103972766221988422e+03,-1.007122174296318207e+02,2.096707325690674111e+02,8.270413717757700169e+02,4.257648804898408343e+02,8.501479069152637749e+02,1.147278007627342731e+03,-5.217583738570947105e+01,1.173000666388308417e+02,6.077812062341793080e+02,6.314762988669191373e+02,9.360093630753690377e+02,1.096385613337100494e+03,3.523931317976154531e+01,5.254904173890948869e+02,4.586717598153661015e+02,9.822323725631352431e+01,8.492545847008090050e+02,5.013644869286030143e+02,3.185432232231654552e+02,2.737438382411916109e+02,2.953458047647947069e+02,4.843565186335065960e+02,1.020065601921947177e+03,3.624742900886713528e+02,1.181615597606270995e+01,6.373422104965132462e+01,-9.718369951980255550e+00,4.988387211823739449e+02,1.264534047153427764e+03,-6.336172539915849455e+01,2.810270062195892251e+02,5.858832466897477609e+00,-2.076812863309102397e+01,7.678928825418120141e+02,1.255992287421381434e+03,-2.315502227782395561e+00
2.187451893799284619e+02,4.705547957243523456e+02,1.314647856169321130e+03,7.579925335898565208e+01,3.843468578821326105e+02,1.007234247638064176e+03,2.417327521901105456e+02,6.409164250341036677e+02,1.104487852004395563e+03,-1.052554601108840444e+02,2.439942526688545001e+02,8.453982358061398372e+02,4.177914458938514599e+02,8.849568395326236896e+02,1.154700420683666607e+03,-4.283012399952942673e+01,1.406498310947905850e+02,6.416030252700157916e+02,6.257894938213785281e+02,9.683257556247601769e+02,1.100143093948851629e+03,4.472660152197627070e+01,5.458177982677410682e+02,4.541106086695579052e+02,1.010062661180170664e+02,8.731853490003122715e+02,4.926511810814172350e+02,3.194180185250660315e+02,2.958275367885990477e+02,2.841465153692625449e+02,4.788720699403199887e+02,1.066135512431014149e+03,3.575155521523084872e+02,1.383694659913319391e+01,6.853076968440694827e+01,-9.303399739156565929e+00,4.650261327680049703e+02,1.306637449097649323e+03,-6.840838398148362387e+01,2.816046030962896793e+02,5.174729086697536395e+00,-2.376517533170200025e+01,7.347490545403610440e+02,1.324379212380620402e+03,-1.094460259424115023e+01
2.195580921163807204e+02,5.011938232627274488e+02,1.313553950143276097e+03,7.633301088819430902e+01,4.221181070531297337e+02,1.009193399012082182e+03,2.394511538303441398e+02,6.706565110756533841e+02,1.105727766721006901e+03,-1.077832233752709215e+02,2.795092013265564788e+02,8.633848148841200327e+02,4.073349358002719782e+02,9.232146293961354786e+02,1.160387739197703922e+03,-2.930229936263387813e+01,1.655965922803542298e+02,6.788694170630369626e+02,6.182757268572214571e+02,1.002798674234144755e+03,1.100906841460992382e+03,5.550372120461851466e+01,5.662143788393520936e+02,4.497567096089435381e+02,1.035653150299821874e+02,8.982543225064321177e+02,4.841301621477176127e+02,3.208526224136921883e+02,3.187737754048113175e+02,2.713827737552632584e+02,4.713740805178958340e+02,1.112850647881516807e+03,3.535471623533514958e+02,1.658899728937445417e+01,7.393218739016623431e+01,-8.082139400354426684e+00,4.326556539490220530e+02,1.344249769045504308e+03,-7.426006652780843353e+01,2.823056845055523354e+02,4.594565700748598935e+00,-2.700714774667990170e+01,6.987488390812889065e+02,1.388615926004496941e+03,-1.881882712882334019e+01
2.187718741912440805e+02,5.334745999262337364e+02,1.313134138090516217e+03,7.686128946371569270e+01,4.611172555111604652e+02,1.011329475274184915e+03,2.357210188146065661e+02,7.022415655783938746e+02,1.107014928069233747e+03,-1.082798195237537442e+02,3.155316496398556296e+02,8.800410831312426581e+02,3.939184329445361641e+02,9.651209311005025029e+02,1.162826053017734012e+03,-1.195928839923188747e+01,1.915201338783641631e+02,7.194816353491282825e+02,6.075019064668197188e+02,1.039882585153302898e+03,1.097485322941096456e+03,6.804622631199970328e+01,5.865839090994421667e+02,4.453891239534439137e+02,1.056581991110165006e+02,9.240349043970521734e+02,4.756208238980075294e+02,3.229301366425748938e+02,3.425591244097653316e+02,2.571081003462482499e+02,4.614109690423583174e+02,1.159207384607452013e+03,3.504387685933845091e+02,2.063861755164357348e+01,8.038262364045252184e+01,-5.833376387244479488e+00,4.023700574167149284e+02,1.376673160427946868e+03,-8.109158845665822923e+01,2.833593641740090447e+02,4.476110229354204328e+00,-3.039830901062196844e+01,6.605934779621202324e+02,1.447701536410854260e+03,-2.727368266957959619e+01
2.161425637364662578e+02,5.679329896347267095e+02,1.312855047117388949e+03,7.740922521224784703e+01,5.009939651596756107e+02,1.013060495091937128e+03,2.306737571569414058e+02,7.363112021566190606e+02,1.107826081781353878e+03,-1.070159266466774284e+02,3.516281302957108323e+02,8.941748373807765802e+02,3.770414775534416663e+02,1.011130446744762367e+03,1.160569931159411681e+03,8.436450403842927770e+00,2.184912568500455450e+02,7.631033907598409769e+02,5.920338398501023676e+02,1.079905883372225162e+03,1.088807146025694465e+03,8.274800165743170055e+01,6.071812183303704842e+02,4.410023978278613299e+02,1.069893063879398198e+02,9.502177101758876461e+02,4.669426496109411460e+02,3.255980167316673146e+02,3.673364443455234323e+02,2.416354510470491448e+02,4.484852656611153634e+02,1.204323844364617344e+03,3.477050672036945684e+02,2.664163010166020840e+01,8.844716811253675814e+01,-2.363182246572995471e+00,3.747643988920821130e+02,1.403946152314322489e+03,-8.886337391358094351e+01,2.850448005420556115e+02,5.246174452489297479e+00,-3.384311755989984505e+01,6.213547677921776540e+02,1.501291786400991896e+03,-3.761099839903240394e+01
2.114547456554850839e+02,6.050841979772679906e+02,1.312280074206361405e+03,7.805421376659339217e+01,5.415744136879341113e+02,1.013718744394201849e+03,2.244714384993837371e+02,7.739631982778521433e+02,1.107783210330380143e+03,-1.042584187885974103e+02,3.872978866794355213e+02,9.043496008238273589e+02,3.561653015335574537e+02,1.061776709157876439e+03,1.152299436114941045e+03,3.094901264263540241e+01,2.474369851224448666e+02,8.090627506859116238e+02,5.708677868022585926e+02,1.122889645989798737e+03,1.074079325052603735e+03,9.984437513168118983e+01,6.285527793333343425e+02,4.368274333631590025e+02,1.072906568946929013e+02,9.766264011184373430e+02,4.579727015059573318e+02,3.287828914828041320e+02,3.932668911527550222e+02,2.255466367272991590e+02,4.322494450741984906e+02,1.247572582649346487e+03,3.446710689760222976e+02,3.513726059863567741e+01,9.864997489307110357e+01,2.475562429523938235e+00,3.504206023154893614e+02,1.427002274805204024e+03,-9.735195351806403607e+01,2.875721253955325665e+02,7.308102739178281126e+00,-3.730552011863249362e+01,5.824211119708783144e+02,1.549807648170517496e+03,-5.054825973580328480e+01
2.045201912598868148e+02,6.452997945663197470e+02,1.311079775818761846e+03,7.898172382438809791e+01,5.826918767143722562e+02,1.012638016892674841e+03,2.171493266003932661e+02,8.165104633297393093e+02,1.106488499295174279e+03,-9.977639554692999013e+01,4.216311878735716050e+02,9.090987125277098357e+02,3.307301362524216870e+02,1.117197939235062449e+03,1.136806414440835397e+03,5.470830481386100530e+01,2.799850103578886547e+02,8.563077165129350306e+02,5.437961254850320074e+02,1.168314461738239743e+03,1.052882460628433137e+03,1.193706919268083340e+02,6.513562893486993062e+02,4.332344547677471951e+02,1.063977119550648638e+02,1.003126770935459490e+03,4.486642650508347856e+02,3.325299322081535820e+02,4.203396320388778804e+02,2.096305397097913783e+02,4.126907187385091902e+02,1.288563747344319381e+03,3.407182012225998164e+02,4.636877609068231720e+01,1.113170804438405241e+02,8.777195763542428253e+00,3.298692504354146422e+02,1.447380468451185379e+03,-1.062477041057786664e+02,2.909387069821564751e+02,1.098045029827463104e+01,-4.084704272321869212e+01,5.453230694755748118e+02,1.594169634425661570e+03,-6.585975308480982449e+01
1.952024766900335067e+02,6.887394281509193661e+02,1.308990135657033079e+03,8.058013241845162611e+01,6.240433368275723751e+02,1.009305959031662724e+03,2.084645523307877113e+02,8.650493171078068144e+02,1.103304147014432147e+03,-9.232184333471704463e+01,4.532120681922763197e+02,9.074209766821956009e+02,3.002629964616476173e+02,1.176529463864987747e+03,1.112991739616808673e+03,7.899269980219818876e+01,3.179707003193323089e+02,9.033924608577056006e+02,5.115592266575459348e+02,1.214975312604535020e+03,1.025210961049454454e+03,1.411622725033983841e+02,6.761320893251781854e+02,4.305727206283402211e+02,1.042980971620000190e+02,1.029462805939524287e+03,4.390390363212074476e+02,3.370804835110470208e+02,4.483035757432459718e+02,1.947487755438430383e+02,3.902096518716601850e+02,1.327050391651364635e+03,3.354866045914924371e+02,6.021663172625380156e+01,1.265106494425333210e+02,1.660748500331463617e+01,3.134563061933336598e+02,1.466607383955383966e+03,-1.152363658575281136e+02,2.948129425078560075e+02,1.650313254742476587e+01,-4.460332797431978236e+01,5.114568754156162527e+02,1.635283138497702566e+03,-8.240343444840014797e+01
1.834493295464016285e+02,7.353003863230102297e+02,1.305741786494608732e+03,8.352961446162439074e+01,6.651995521273959184e+02,1.003532521526201208e+03,1.978199450763894447e+02,9.199514738727879148e+02,1.097216899387016383e+03,-7.934321259616429245e+01,4.804436143381317947e+02,8.994264930966146494e+02,2.645910155891936029e+02,1.237463516134070233e+03,1.079945356426591161e+03,1.031012466814416797e+02,3.627604462193987729e+02,9.484733422416766189e+02,4.757085966566420439e+02,1.261079575461811828e+03,9.914728989529152159e+02,1.648868208442468699e+02,7.031145744436349787e+02,4.290289567474343357e+02,1.011456416903382660e+02,1.055078733200420402e+03,4.291880491927664707e+02,3.428372164586568829e+02,4.767448728731678216e+02,1.816641560342580419e+02,3.655550341831688002e+02,1.362819354501481484e+03,3.289659633516392887e+02,7.627531167232862686e+01,1.440679107393383731e+02,2.605051770059522553e+01,3.011665460439874664e+02,1.485570339359902846e+03,-1.239935019215280789e+02,2.985022762661973275e+02,2.408911509297060860e+01,-4.868540557071256814e+01,4.817838548211417447e+02,1.673541042641818876e+03,-9.852705718580583039e+01
1.693073875205894012e+02,7.845543504069929668e+02,1.300988475670617618e+03,8.881344326994367577e+01,7.058012060225668165e+02,9.955665601196276384e+02,1.843207636408024825e+02,9.804415999250584264e+02,1.086895618735673452e+03,-5.715963864326789690e+01,5.022978091146404722e+02,8.868542183713943814e+02,2.241112250455387027e+02,1.296276346563396828e+03,1.037135703399128261e+03,1.261643748743076827e+02,4.146600225766001699e+02,9.893641352715153516e+02,4.382376051683261835e+02,1.304638462904303879e+03,9.524574816393180754e+02,1.900888896240651889e+02,7.321484525340400751e+02,4.285650889434355122e+02,9.724195698019603640e+01,1.079005588911184987e+03,4.192999776640808705e+02,3.502309368467295485e+02,5.052456930015638932e+02,1.708834044198675031e+02,3.396630962258112731e+02,1.395589930384023319e+03,3.214819770474251754e+02,9.403628932847658461e+01,1.636846360595366150e+02,3.723575772226526936e+01,2.925128128897295028e+02,1.504215950187431872e+03,-1.321045451939592397e+02,3.010471349629200972e+02,3.396181240164708015e+01,-5.303989689148836106e+01,4.566289079588793243e+02,1.708602929887374557e+03,-1.126639011347160988e+02
1.529242549738023342e+02,8.357053398284277819e+02,1.294278605365359454e+03,9.759165128680179180e+01,7.458605422788481292e+02,9.861216496049923990e+02,1.669940902618432972e+02,1.044423027042361582e+03,1.070971007662129068e+03,-2.169221405246039325e+01,5.192979683799602526e+02,8.731714994794740505e+02,1.800195935728847019e+02,1.348452129830257036e+03,9.846858344410135260e+02,1.471708617732235780e+02,4.726599741100244501e+02,1.023793827563335867e+03,4.011436596280911999e+02,1.344019356860809694e+03,9.092807938065340068e+02,2.162272799175477758e+02,7.627256580830153325e+02,4.289423618509480320e+02,9.299347702276860161e+01,1.099895581415324386e+03,4.096959155391961076e+02,3.595535824148659003e+02,5.335299219712993590e+02,1.625454220442334474e+02,3.135041326918470190e+02,1.424945705982729805e+03,3.136213775749672550e+02,1.130937208811756136e+02,1.849753570416904438e+02,5.029196383460735120e+01,2.865918848744200886e+02,1.521732487979782718e+03,-1.390093423160350596e+02,3.014464978373325152e+02,4.633469698788000812e+01,-5.734359650758334936e+01,4.356934529086447014e+02,1.739573830990610531e+03,-1.238528797799597925e+02
1.345743879032520738e+02,8.876513939593393161e+02,1.285119811116324627e+03,1.109209147477735229e+02,7.860175648016398782e+02,9.763147727048324214e+02,1.451509960242121338e+02,1.108647639218068207e+03,1.048473972196711884e+03,3.033019923554535069e+01,5.343787191230035205e+02,8.630894434193047573e+02,1.343893378994325190e+02,1.389755377940639164e+03,9.236688309464793747e+02,1.654122662190311246e+02,5.346412069659443205e+02,1.050011032706865535e+03,3.660873041578262814e+02,1.378389173227490119e+03,8.633244289593403664e+02,2.426998739149834705e+02,7.941074655221110561e+02,4.297905727342359796e+02,8.885624640831986198e+01,1.116254028468458728e+03,4.008242172148055147e+02,3.708342550280942760e+02,5.615376425273530003e+02,1.563543774177596504e+02,2.880177146195161981e+02,1.450358448231519787e+03,3.061201728621282996e+02,1.332825584141867239e+02,2.074937675581759606e+02,6.520979095556286609e+01,2.823285241768853666e+02,1.537093611957187022e+03,-1.440821163127815510e+02,2.989711719486218726e+02,6.134186404698300521e+01,-6.101235237518407217e+01,4.183170330777568893e+02,1.765498458019423651e+03,-1.319673031723613974e+02
1.147330326649022112e+02,9.391939562753063910e+02,1.273150307417947943e+03,1.293685747404738038e+02,8.276017983279079999e+02,9.675321106777855675e+02,1.188016761730768991e+02,1.169209538597013989e+03,1.019292167634274733e+03,9.996267287683359370e+01,5.531764826676187568e+02,8.615270160177975640e+02,9.001343284221890428e+01,1.417363386611962369e+03,8.563096493569037193e+02,1.812739086759399925e+02,5.980115009961491523e+02,1.067700364948023662e+03,3.342124396988393755e+02,1.407808923665680595e+03,8.161680131729484629e+02,2.688654966458623221e+02,8.254681653590490669e+02,4.306719121141875917e+02,8.528290461699272385e+01,1.126837130416428408e+03,3.931819910959184767e+02,3.838114022787557360e+02,5.894194031829827054e+02,1.515527392229188592e+02,2.641308999393536396e+02,1.471346646051099469e+03,2.997064492217783709e+02,1.546903989891370088e+02,2.307488500182208213e+02,8.165974848232011141e+01,2.788211849503313147e+02,1.549623818568862816e+03,-1.468712793998870723e+02,2.934761517175270455e+02,7.896868172480414216e+01,-6.335857783249421971e+01,4.038910456196761061e+02,1.785905426721936919e+03,-1.375772844881036576e+02
9.416300525173895153e+01,9.893314587837096497e+02,1.258354326525466149e+03,1.526385071636511555e+02,8.724217444067581937e+02,9.612140528678839928e+02,8.896559173749166405e+01,1.222235943048968920e+03,9.844673148263564144e+02,1.848831760608256900e+02,5.833586573960437818e+02,8.722738949065764018e+02,4.998846303474326902e+01,1.430612587030312625e+03,7.859494794506057360e+02,1.969879102760849321e+02,6.606503506655637921e+02,1.078871753391536231e+03,3.060840256351753510e+02,1.432945697878729561e+03,7.694954475446656943e+02,2.940795258563684911e+02,8.560042815365075057e+02,4.311234808275951877e+02,8.268247489670443429e+01,1.131083455811776048e+03,3.871763541225000154e+02,3.980097528974989132e+02,6.174711177010372012e+02,1.469596798943560430e+02,2.427726648106269636e+02,1.487718424482785622e+03,2.948986878397986970e+02,1.775462362558552343e+02,2.542644673607847494e+02,9.886150058359866932e+01,2.756264445924631445e+02,1.559249388685982240e+03,-1.473887835333472083e+02,2.856058006446947388e+02,9.903416338975515032e+01,-6.385328371776803635e+01,3.922161062446118081e+02,1.801097958172988456e+03,-1.415428761953039043e+02
7.392466956134167333e+01,1.037495643315628058e+03,1.241197867701755513e+03,1.793709616829960396e+02,9.223166213407801024e+02,9.585457122941587613e+02,5.770002432548577076e+01,1.264608528708166887e+03,9.461815953437194366e+02,2.790119704230702382e+02,6.328931498492869423e+02,8.967765996404568796e+02,1.711100080356782982e+01,1.431079737680646531e+03,7.166572152450332851e+02,2.167985354542740311e+02,7.220108281773680119e+02,1.088141302754050457e+03,2.816809663974149771e+02,1.454610212021315647e+03,7.249529070168316593e+02,3.177555843514151093e+02,8.849884125129524364e+02,4.307087677330526390e+02,8.139317859729855797e+01,1.129390441005288721e+03,3.829895600877154607e+02,4.128837062404828089e+02,6.460480506787093873e+02,1.411258664966040897e+02,2.247932380768866665e+02,1.499756357561787581e+03,2.918223176532586081e+02,2.020550588929250750e+02,2.777054016158224385e+02,1.155942238253046526e+02,2.728276176921811498e+02,1.566336359823643079e+03,-1.462548470293879745e+02,2.768072156848631948e+02,1.212521913437939247e+02,-6.238195731409101796e+01,3.835879331113109743e+02,1.812041433564394310e+03,-1.445607842672378354e+02
5.523500980464476839e+01,1.083617140343561459e+03,1.222581308153817190e+03,2.072530157468994503e+02,9.786074310355922989e+02,9.600910671556737270e+02,2.774860779154677104e+01,1.294574448308651426e+03,9.073814856372731583e+02,3.732930943678713902e+02,7.076590829710133903e+02,9.335103373407918070e+02,-6.747345419634939390e+00,1.422017343930370771e+03,6.524987962408461044e+02,2.460953867837395421e+02,7.841663742310976204e+02,1.101851385933802931e+03,2.604500987179631011e+02,1.473418711562160979e+03,6.839622868636478188e+02,3.394486715272179254e+02,9.117834801558828985e+02,4.291199955752434221e+02,8.165888843101289751e+01,1.123087134572727336e+03,3.805315040841151131e+02,4.279546224235743352e+02,6.755046728652158663e+02,1.326328036958408347e+02,2.107780866206248049e+02,1.508206847068042862e+03,2.901563796953951737e+02,2.282738433740651942e+02,3.010477376875193158e+02,1.303741107779408992e+02,2.708406560409214308e+02,1.571312037666543574e+03,-1.445498603105604900e+02,2.691207288877552060e+02,1.453630027055698122e+02,-5.937392893429243657e+01,3.785356080124948903e+02,1.819946349967181732e+03,-1.468956405418536235e+02
3.919841356622827533e+01,1.128020050524656199e+03,1.203611329446090167e+03,2.334634332472494691e+02,1.041625252161565641e+03,9.654928270822940704e+02,1.879314440314094892e+00,1.312151388520919681e+03,8.711361261317499611e+02,4.575864538650699274e+02,8.092589766413152574e+02,9.782191016433777122e+02,-2.107835093602662724e+01,1.407425346836719655e+03,5.966693658152300941e+02,2.894632907452273685e+02,8.524057066424278446e+02,1.125881358400923546e+03,2.414879053721276421e+02,1.489746354737351339e+03,6.475293943305940729e+02,3.589320260933412214e+02,9.358474994392398685e+02,4.263292492180717090e+02,8.360145155011386464e+01,1.114084914239080945e+03,3.795280243083980736e+02,4.428632940506351474e+02,7.061857985200927033e+02,1.204914893418073092e+02,2.008512886841954810e+02,1.514047282940115792e+03,2.892828575308184327e+02,2.560872150220714616e+02,3.247173340363113994e+02,1.417452282711747387e+02,2.700610398116884312e+02,1.574389884986669358e+03,-1.433916096564361453e+02,2.647794675161626969e+02,1.712819060029648028e+02,-5.574133309670453684e+01,3.773496026646523660e+02,1.825810694402939589e+03,-1.484067844436310395e+02
2.653993586224470036e+01,1.171250490914301054e+03,1.185305929781484565e+03,2.553214919243182806e+02,1.110463169538392549e+03,9.733948403623893455e+02,-1.784701997501510462e+01,1.319252247820705861e+03,8.399512340898140792e+02,5.230849066841492458e+02,9.339940507258068010e+02,1.024943581072982397e+03,-2.682655149652758553e+01,1.391130208186682012e+03,5.508362059198930183e+02,3.481734851340637533e+02,9.347815662773566601e+02,1.162684968576606934e+03,2.238832570349757702e+02,1.503895410329914057e+03,6.161042370454218826e+02,3.762293898929168563e+02,9.567517246557473527e+02,4.227164307482344157e+02,8.719524373849391452e+01,1.104340250844571983e+03,3.797140690021981300e+02,4.573004462800740839e+02,7.384409767061811181e+02,1.045151370326601779e+02,1.946070807049471796e+02,1.518137127297897450e+03,2.885833714056092845e+02,2.852655763386993044e+02,3.495841948069734144e+02,1.485865717922135616e+02,2.705486147232404619e+02,1.575590094716325666e+03,-1.434427866828735318e+02,2.657040260526732141e+02,1.991737214405843019e+02,-5.264974509388451196e+01,3.796744949322043112e+02,1.830166200397384046e+03,-1.488110243142730837e+02
1.749380740031095272e+01,1.213956138106275603e+03,1.168372288408485247e+03,2.709045318679251864e+02,1.183027457870834496e+03,9.816735822843846790e+02,-3.057569824900090794e+01,1.319453622068634786e+03,8.152813380846846485e+02,5.643612845394499118e+02,1.073570274836724138e+03,1.067391230451648198e+03,-2.608151753891413804e+01,1.376135745184397592e+03,5.149977180375485659e+02,4.181538858348459939e+02,1.040137685726779637e+03,1.208747029506950412e+03,2.071366768518189190e+02,1.516242648101417444e+03,5.895358936109890919e+02,3.915805872070048963e+02,9.742264126082992561e+02,4.190727546876366887e+02,9.226422736689102067e+01,1.095354573740868318e+03,3.810265512396302938e+02,4.708642712152416152e+02,7.725936579314947039e+02,8.551223327722928502e+01,1.912475714645426024e+02,1.520925893745648864e+03,2.877071950321289364e+02,3.155323313328846666e+02,3.767308450010332876e+02,1.503523084273248571e+02,2.719212403510752551e+02,1.574995843923660686e+03,-1.446321789174676269e+02,2.730200607813540046e+02,2.293707166615835149e+02,-5.120643114026396603e+01,3.844025337674939919e+02,1.833112905157773866e+03,-1.480083099744930735e+02
1.190444095487234577e+01,1.256844808660870740e+03,1.153128991642787469e+03,2.794140878688314729e+02,1.256387044021633528e+03,9.879228719816949251e+02,-3.672593323510934482e+01,1.317356040186182554e+03,7.973892293358318284e+02,5.802889832484560202e+02,1.217365767454621846e+03,1.100058597849480520e+03,-2.146082691267518072e+01,1.364315206935649940e+03,4.879195735406881340e+02,4.895979708932813992e+02,1.174790027828677466e+03,1.253858106136618972e+03,1.914688740419844066e+02,1.527178548888342448e+03,5.671335999625803197e+02,4.053514271675747409e+02,9.882448216084760588e+02,4.164349882892894357e+02,9.851908523887900060e+01,1.087920132288179730e+03,3.836823185953582538e+02,4.829686878295466386e+02,8.088192687179666791e+02,6.519979080911141978e+01,1.898747878655449597e+02,1.522363779237121207e+03,2.866391237541083683e+02,3.465678520164472616e+02,4.070260030911476861e+02,1.472074287690449808e+02,2.735037381615271102e+02,1.573012541956401492e+03,-1.462655717316204971e+02,2.867486337136130601e+02,2.621341810954084508e+02,-5.216852142728364328e+01,3.899250889116659096e+02,1.834556184593028092e+03,-1.462873247673410617e+02
9.457426909317174335e+00,1.300639880237020861e+03,1.139553046652079502e+03,2.812009972595213299e+02,1.327343628370937950e+03,9.900159117114664014e+02,-3.764302899519234558e+01,1.317584178338178390e+03,7.855537214294828345e+02,5.736085135181349415e+02,1.355358691945703640e+03,1.118703792992381295e+03,-1.538430514800695192e+01,1.356375869659593036e+03,4.679149301096031195e+02,5.488747257303248261e+02,1.338962378977638991e+03,1.283064856667113645e+03,1.778422995884478155e+02,1.536857563673777804e+03,5.478316210638475923e+02,4.179234121989072150e+02,9.991369125697196978e+02,4.158154380084944250e+02,1.056292066528519058e+02,1.082203171138100970e+03,3.880968453280513586e+02,4.929158357676995479e+02,8.469625971961539790e+02,4.584803099817424510e+01,1.897822163407277571e+02,1.522067233008065386e+03,2.855473930097958828e+02,3.779286317286184271e+02,4.406688399477590110e+02,1.400530554978634825e+02,2.746321495619624784e+02,1.570418674681812718e+03,-1.474565173045617712e+02,3.057949912994648116e+02,2.973706135105608155e+02,-5.575184268451934599e+01,3.946064724303067806e+02,1.834486029679700096e+03,-1.442989451141465906e+02
9.886155498090854366e+00,1.345922382265614715e+03,1.127387724545234505e+03,2.775229293419722012e+02,1.393069637657079966e+03,9.865453963957705810e+02,-3.505009652195122527e+01,1.323642504654829736e+03,7.785042549822685487e+02,5.495245781262200353e+02,1.480466973045743998e+03,1.120195819856821572e+03,-9.490226548028397602e+00,1.352001491997313906e+03,4.535880907225311489e+02,5.823880444860814123e+02,1.524618648688028316e+03,1.280970934960157820e+03,1.676510179514258709e+02,1.544964158499168434e+03,5.304560222793041930e+02,4.296029523366742637e+02,1.007677962217171853e+03,4.179622993850338162e+02,1.132989969681568994e+02,1.078085770666935787e+03,3.946955198653037087e+02,5.001410140215352840e+02,8.863875398389885731e+02,2.977237919208314665e+01,1.905953007290336245e+02,1.519676809376175470e+03,2.845656876460104741e+02,4.089267145265374097e+02,4.769200589230579794e+02,1.304375785696776973e+02,2.749284723260095689e+02,1.568166179772171290e+03,-1.475971744475297953e+02,3.282710351230628021e+02,3.344610770295662405e+02,-6.158329537366170570e+01,3.972499513459965783e+02,1.833172721374850880e+03,-1.428032459676415726e+02
1.304276026225390694e+01,1.392843848642652574e+03,1.116259534096886455e+03,2.701949118504588228e+02,1.451621211401691880e+03,9.770165954519225124e+02,-3.057769227904700671e+01,1.336987165635918473e+03,7.749060156784912579e+02,5.140577280414449888e+02,1.589324953578498253e+03,1.102172404939626858e+03,-4.397434296283023514e+00,1.350112176774285672e+03,4.442354127192518263e+02,5.809883214420472086e+02,1.715988010617961208e+03,1.236823556297014875e+03,1.621958107147144403e+02,1.550707124751721267e+03,5.140647511383098163e+02,4.405820341751251590e+02,1.015060104625097779e+03,4.232513339240397272e+02,1.213155278458755504e+02,1.075549708912622236e+03,4.037188991805215323e+02,5.045141330877166865e+02,9.259473678967709702e+02,1.883389006501307961e+01,1.922171721945045135e+02,1.515248421063869955e+03,2.836954247211117490e+02,4.385633948463805041e+02,5.141555047378120662e+02,1.203445305860939953e+02,2.743892163016367363e+02,1.567060590916323463e+03,-1.465861196478130921e+02,3.520547728167822470e+02,3.722991926133904030e+02,-6.879985182134355171e+01,3.973604567489721830e+02,1.831229147729364058e+03,-1.423259234532573885e+02
1.882992831069179118e+01,1.440847870769265683e+03,1.105785077412253258e+03,2.612532716507779469e+02,1.502176911834710154e+03,9.617790715080825521e+02,-2.554059699717073073e+01,1.356687549652071539e+03,7.737349316317261128e+02,4.727723209139039682e+02,1.681342845422348546e+03,1.063033663811708948e+03,1.263388325598403805e-01,1.349204294220831116e+03,4.398165436746475052e+02,5.430828226117457689e+02,1.892936224945291542e+03,1.148271865178276357e+03,1.621476711869737812e+02,1.553084926028547670e+03,4.982668490272705526e+02,4.509681276405457879e+02,1.022685998202138194e+03,4.317062700446327881e+02,1.295590777041849719e+02,1.074868761899936317e+03,4.151033167261188623e+02,5.065318983542961178e+02,9.641039813758335413e+02,1.408934482253844322e+01,1.946591657795729304e+02,1.509480413170930660e+03,2.828779072336617446e+02,4.656137001734308001e+02,5.502209058578466738e+02,1.118680566292039771e+02,2.732570133601897737e+02,1.567505826135492725e+03,-1.447331614044603896e+02,3.753830302705805479e+02,4.095076742798216287e+02,-7.626060421998859340e+01,3.951299766256547059e+02,1.829536570352709987e+03,-1.429334673962686679e+02
2.707705964730939030e+01,1.488620755257053361e+03,1.095664406422421962e+03,2.526412824093294205e+02,1.544972944179842443e+03,9.417658325713066461e+02,-2.093366457355313770e+01,1.379875606750537827e+03,7.744511297301811510e+02,4.300996465084161855e+02,1.756817924904429447e+03,1.002497054620387530e+03,4.710135606339892256e+00,1.347720714235549394e+03,4.406379428754516994e+02,4.750760825767642928e+02,2.036019210903820976e+03,1.022215459645826400e+03,1.671777974700370351e+02,1.551261392975465697e+03,4.833826267403276233e+02,4.608732747337548403e+02,1.031831147577772299e+03,4.430656432445068162e+02,1.379935605032667354e+02,1.076507051832146772e+03,4.284652756038380517e+02,5.072861605120597801e+02,9.991625372637261080e+02,1.567324796063480363e+01,1.978839513910843380e+02,1.503631022485677477e+03,2.821249185929942769e+02,4.888936562392903511e+02,5.829350347651636639e+02,1.068368346513352520e+02,2.717862332826825309e+02,1.569421179342643654e+03,-1.424906963531617237e+02,3.972538809587732089e+02,4.447076997156623293e+02,-8.280613539914077137e+01,3.912051283592214190e+02,1.829038162600895703e+03,-1.442761535004051723e+02
3.746039330390254918e+01,1.534402421750455005e+03,1.085750168074199337e+03,2.458602507193135125e+02,1.581020593781787056e+03,9.181459476507791351e+02,-1.748324501871067937e+01,1.402864193328508691e+03,7.769710506129607666e+02,3.891080688428255030e+02,1.815314015987823950e+03,9.224520583723972322e+02,9.878519951668817356e+00,1.344374346900536011e+03,4.470163315925206575e+02,3.890048655167384482e+02,2.131277684365346431e+03,8.725193526145581018e+02,1.758405028429006620e+02,1.544811339661734564e+03,4.703545260682642493e+02,4.705118049858484142e+02,1.043328594848977900e+03,4.568193714231531999e+02,1.466547157451985299e+02,1.080819905448368672e+03,4.431766672819538257e+02,5.082005382269780966e+02,1.029553725829818632e+03,2.292062977336448881e+01,2.017419806529658786e+02,1.499121960553330609e+03,2.815658297266443242e+02,5.076282791310799780e+02,6.105455609216026005e+02,1.064960595312899443e+02,2.700754209684255329e+02,1.572311834405219543e+03,-1.402333859923711259e+02,4.174989808990090410e+02,4.767030717337343617e+02,-8.747728504311736231e+01,3.863756547101464207e+02,1.830420812270181159e+03,-1.458646316731665706e+02
4.951728086849085742e+01,1.576562039492048143e+03,1.076070743392316672e+03,2.415871729830901984e+02,1.611728506459044183e+03,8.920056585769807498e+02,-1.561174959711941135e+01,1.422505048475643662e+03,7.815089385213125297e+02,3.514847631411834072e+02,1.855219625204450722e+03,8.275410430339919685e+02,1.573147295537218682e+01,1.338348948187298447e+03,4.591502381245767310e+02,2.985403397890906945e+02,2.172998436439406305e+03,7.158046731698045733e+02,1.857085422143112794e+02,1.533698573967686571e+03,4.604484373394520844e+02,4.802313957197164314e+02,1.057439638239289479e+03,4.722087280092205788e+02,1.556367186279661610e+02,1.087778160338943280e+03,4.584992586814315700e+02,5.106293605230878256e+02,1.054085882108578289e+03,3.466841314662250539e+01,2.059968541402378435e+02,1.496995672373533125e+03,2.813729594583454627e+02,5.217498297231493325e+02,6.319880827768238305e+02,1.113607260176761287e+02,2.680804194269534264e+02,1.575406185261628025e+03,-1.382018590100455242e+02,4.365357184743331231e+02,5.045069147280949551e+02,-8.960917985731960300e+01,3.813210992578355558e+02,1.833772687472154303e+03,-1.473724912390606221e+02
6.273287884938573455e+01,1.614145841025758273e+03,1.066791573060964765e+03,2.393944665258017608e+02,1.638527464500493579e+03,8.641622350797024410e+02,-1.531128533925240376e+01,1.437231629583474387e+03,7.883745612075558711e+02,3.176479126427599908e+02,1.874585380817928126e+03,7.249711620084524384e+02,2.190939673397582865e+01,1.329357310476963448e+03,4.772400881288086794e+02,2.151643327077077288e+02,2.163686674728316120e+03,5.672406568412233128e+02,1.937197901823865038e+02,1.518062691652830608e+03,4.549029789735479312e+02,4.904292608470233858e+02,1.073965016407176563e+03,4.882483170094930074e+02,1.650680374992284669e+02,1.096898358555274172e+03,4.737384462296331549e+02,5.154727077323769890e+02,1.072099725449844300e+03,4.962371593319846852e+01,2.103838934474261464e+02,1.497501074352973774e+03,2.816410503666674572e+02,5.319733494881018032e+02,6.469051599283209271e+02,1.212936108689316939e+02,2.657870289005438735e+02,1.577807095552375813e+03,-1.365698554953205814e+02,4.549515572271652104e+02,5.272483063940875354e+02,-8.876216979180846067e+01,3.764958534206350009e+02,1.838393535215144084e+03,-1.487431043576883098e+02
7.663290274474070429e+01,1.647099339784113909e+03,1.058124992501039060e+03,2.377852584729514547e+02,1.662572449703094435e+03,8.351715307918240114e+02,-1.604928401947135796e+01,1.447380930873805255e+03,7.977833930293396634e+02,2.870670865274386756e+02,1.872590212993402929e+03,6.234523082944824637e+02,2.779584647739804026e+01,1.317614654948964244e+03,5.016766479058992445e+02,1.459688386617218896e+02,2.111804313810775056e+03,4.379168952039381111e+02,1.966919970139157385e+02,1.498055532950269253e+03,4.546944764959201279e+02,5.013817369712326695e+02,1.092500154725392804e+03,5.038342627495385955e+02,1.750734554020764620e+02,1.107400976892494327e+03,4.883715164419533608e+02,5.229588838880438288e+02,1.083496227249042249e+03,6.668012770969048120e+01,2.146518925778882476e+02,1.500044103750112299e+03,2.823203879815148980e+02,5.396176590622687854e+02,6.555013286076748500e+02,1.357674247685136208e+02,2.634087730171631279e+02,1.578678432024874155e+03,-1.355200063734542937e+02,4.731353058135527476e+02,5.440934333362828283e+02,-8.452864416281826720e+01,3.721640403223360067e+02,1.842945579194511765e+03,-1.500433536577035625e+02
9.081995716134385077e+01,1.676066879621285807e+03,1.050228330200239043e+03,2.346689840179077180e+02,1.684590279459428530e+03,8.055097446500403748e+02,-1.684458123905305982e+01,1.454735854250560124e+03,8.097013650234266606e+02,2.588411346135504232e+02,1.850727035379264862e+03,5.315867387634343686e+02,3.281739759834938752e+01,1.303807891784710364e+03,5.330259750918008876e+02,9.349820463112541802e+01,2.028684481002824668e+03,3.342797072834283654e+02,1.919577455424706329e+02,1.473937048349327142e+03,4.604782098487926305e+02,5.130855069634941401e+02,1.112656537004353822e+03,5.179477449562020865e+02,1.857272257941122007e+02,1.118471191100146370e+03,5.021113983744737084e+02,5.326770171741214881e+02,1.088663415183803636e+03,8.509903111605954962e+01,2.185737723012519780e+02,1.503547931474919551e+03,2.832424646796312118e+02,5.462724834692168088e+02,6.583765802879560169e+02,1.541978044350365735e+02,2.614590066039564249e+02,1.577496207037932209e+03,-1.352493876818091962e+02,4.911243381347917989e+02,5.543262632193677746e+02,-7.632146724278860006e+01,3.685317548856200460e+02,1.845985298030557487e+03,-1.512134715773909477e+02
1.049264992590344576e+02,1.701932684292440172e+03,1.043140564319621717e+03,2.281638685337934191e+02,1.704906065454703594e+03,7.758212956267404934e+02,-1.655672935807143276e+01,1.461582161351564537e+03,8.237425704955256833e+02,2.323872900605429095e+02,1.813080898820827770e+03,4.562568230258847279e+02,3.669724278105610438e+01,1.289076524672791038e+03,5.716640554407092623e+02,5.704125597912666734e+01,1.925987780090230899e+03,2.590094870245745824e+02,1.780300720598209807e+02,1.446402313600944808e+03,4.726254781704579955e+02,5.252095292557901303e+02,1.134116678376810569e+03,5.298912832615337720e+02,1.970024958071809635e+02,1.129471741270702751e+03,5.148899803860764450e+02,5.438317200473387629e+02,1.088373365450077699e+03,1.045280899345339236e+02,2.219419662513736284e+02,1.507022172193490178e+03,2.842022026954992953e+02,5.534645399980113325e+02,6.564533078061418792e+02,1.762154363350108213e+02,2.606260008713318825e+02,1.574302299605748658e+03,-1.359099806362427216e+02,5.087183148672890525e+02,5.576255503291203013e+02,-6.326583555751568611e+01,3.658678262035192006e+02,1.846661280134330354e+03,-1.519446128802119631e+02
1.184979223884559616e+02,1.725404323669444921e+03,1.036791775028121265e+03,2.173798056846075326e+02,1.723599372951684245e+03,7.470832208851135192e+02,-1.430095643800639671e+01,1.469747279211394698e+03,8.391563531960104001e+02,2.079261432011679460e+02,1.765625954120651159e+03,4.014937578092569197e+02,3.958188608017681531e+01,1.274929628909852681e+03,6.171836945579084386e+02,3.433797991904226166e+01,1.814305383387559914e+03,2.122351715018644143e+02,1.551377128606841040e+02,1.416840024317941925e+03,4.912104149158385553e+02,5.371836677018654882e+02,1.156526607826299824e+03,5.394625846265486189e+02,2.087224669124671834e+02,1.140047906371550198e+03,5.267813021073289974e+02,5.555895799704402407e+02,1.083732167577248219e+03,1.248768392282445063e+02,2.245722272242323925e+02,1.510002591500890503e+03,2.850274164721653278e+02,5.624322159011301210e+02,6.510183753209115594e+02,2.017778473572483904e+02,2.614924603450471636e+02,1.569796487098594525e+03,-1.375491180156397775e+02,5.257833760924648914e+02,5.544173776369652842e+02,-4.427384969823886962e+01,3.644922567480513180e+02,1.845180438253954208e+03,-1.518187056681048830e+02
1.308558064535701249e+02,1.746867229413070163e+03,1.031085110884697997e+03,2.027897136349589573e+02,1.740670377199839095e+03,7.205794992320443271e+02,-9.818604064548988930e+00,1.480017032808855447e+03,8.549410840408370404e+02,1.864871736515288774e+02,1.714938183973319610e+03,3.680721806855382283e+02,4.203349232527989443e+01,1.263007372772904773e+03,6.679213257107749087e+02,2.286953256587191774e+01,1.702669769182225082e+03,1.922733716639231716e+02,1.254206269148254904e+02,1.387173288641121871e+03,5.158692228222038239e+02,5.483645021019329988e+02,1.179355100119086728e+03,5.469983919702664252e+02,2.205283702183173773e+02,1.150163941752044138e+03,5.379146347644841626e+02,5.673497473673558034e+02,1.076224270980297661e+03,1.461063666378620667e+02,2.263262955228747444e+02,1.512605760323287996e+03,2.855861841774452046e+02,5.740305238859135670e+02,6.438092482763948965e+02,2.310885639652056227e+02,2.642232077118043208e+02,1.565123361288541446e+03,-1.401167124368451482e+02,5.425821839438473262e+02,5.460959357154471263e+02,-1.829881051142801951e+01,3.645912973859058752e+02,1.842714487059815838e+03,-1.506499387189844867e+02
1.410266253101940492e+02,1.766525403480185560e+03,1.026008826904565012e+03,1.860000892382166171e+02,1.756114638998369855e+03,6.976813200409371802e+02,-3.635374500873072456e+00,1.492087275512658380e+03,8.700771852529229591e+02,1.694170020395920631e+02,1.666880575490821457e+03,3.538350311743179759e+02,4.491657051168198223e+01,1.254694412629716226e+03,7.209651523473938823e+02,2.042588531705465726e+01,1.598358419619186634e+03,1.957935449829961101e+02,9.261312399348595648e+01,1.359215652368832934e+03,5.456208930371661836e+02,5.581886366950519687e+02,1.201870154629541275e+03,5.532755683375960416e+02,2.318913671887211194e+02,1.160120815255373827e+03,5.484246928240711441e+02,5.788268557820150590e+02,1.067789497440041714e+03,1.680234688784811681e+02,2.271420070566962579e+02,1.515208802633267624e+03,2.857367404822773551e+02,5.887209713460025569e+02,6.370181007076186006e+02,2.643748603641892032e+02,2.683709953873519112e+02,1.561395301031133840e+03,-1.435508972779574890e+02,5.599381395136661013e+02,5.349456576081909134e+02,1.532303298721619988e+01,3.659648604958585452e+02,1.840756879708115548e+03,-1.488081062835769330e+02
1.478389975245877395e+02,1.784647043334800173e+03,1.021702892667784681e+03,1.690580965820677761e+02,1.769908718947066973e+03,6.795201022123731036e+02,3.085277260566851698e+00,1.504950424441149153e+03,8.837980649874892833e+02,1.576748809738085129e+02,1.625665250518784887e+03,3.546000573962182330e+02,4.920116346287456821e+01,1.250734302372618458e+03,7.727796161361883378e+02,2.511096744106638212e+01,1.506566477365230412e+03,2.179041343750235171e+02,6.118216352054930951e+01,1.333900433590645434e+03,5.788652726291835506e+02,5.662627056381368220e+02,1.223287899917240338e+03,5.592950255535378119e+02,2.421951933623339528e+02,1.170528743299131065e+03,5.584476016091106203e+02,5.899566890635085201e+02,1.060751919133203501e+03,1.901856455986841752e+02,2.270484987111268254e+02,1.518023935818855762e+03,2.852773594039394993e+02,6.065929859207130903e+02,6.330766965218437008e+02,3.016400182717230791e+02,2.729229148871033885e+02,1.559211008384458864e+03,-1.478764779262048421e+02,5.790978663341716128e+02,5.237184833545527454e+02,5.658877609305314138e+01,3.679132568392046778e+02,1.840327299615650645e+03,-1.472787275348845810e+02
1.502489200844171080e+02,1.801688412636959356e+03,1.018411534093752380e+03,1.536628626941414382e+02,1.782003202195655831e+03,6.666691466451546830e+02,8.971114256941090659e+00,1.517466375460918243e+03,8.957739006520123439e+02,1.513287123546774922e+02,1.593416911762861673e+03,3.654106290441282567e+02,5.569631784078767112e+01,1.251049428964999606e+03,8.202457475915557552e+02,3.515986626920762603e+01,1.429961247118882511e+03,2.527391390968921883e+02,3.509067012618847770e+01,1.310940688209473592e+03,6.137124241479104967e+02,5.724039229091683865e+02,1.243017026155600888e+03,5.659937325915852853e+02,2.508962806283695670e+02,1.182145174461407123e+03,5.681302964727613016e+02,6.007432534322276751e+02,1.057404984274139906e+03,2.119881793580567262e+02,2.261553441627197572e+02,1.520891161590678621e+03,2.839666071159657577e+02,6.273996931849599150e+02,6.341434846248461099e+02,3.425127737095872931e+02,2.766285565738073728e+02,1.558474869596153667e+03,-1.532165616531389674e+02,6.012957953525573203e+02,5.149480685200345533e+02,1.047308499650238218e+02,3.694214601528260005e+02,1.841541831827982378e+03,-1.473434149595036047e+02
1.478227641582677734e+02,1.818194396882120373e+03,1.016318675180334822e+03,1.406391846914452231e+02,1.792411005999736744e+03,6.589277076987599457e+02,1.300516101426485349e+01,1.528860008542163769e+03,9.061223574261874774e+02,1.495186787924547218e+02,1.570156283449812690e+03,3.818166510260993505e+02,6.476017686635960047e+01,1.254868121879730552e+03,8.616803682295859517e+02,4.889268562833525777e+01,1.368402786545782419e+03,2.946802669286348646e+02,1.654724143473987752e+01,1.289222892357808405e+03,6.485541249595854651e+02,5.766751860586654175e+02,1.260859085270567221e+03,5.739535825960782631e+02,2.577285564842503618e+02,1.195543752047753969e+03,5.776161760426691671e+02,6.111787447452454671e+02,1.059248180887312174e+03,2.329076191063963961e+02,2.246253058557149700e+02,1.523422246126799337e+03,2.816382699672816443e+02,6.506187868561324876e+02,6.413766225544476356e+02,3.862563320619919409e+02,2.785179890817065029e+02,1.558621481051274486e+03,-1.596738428803404304e+02,6.271912776334354476e+02,5.101918795113701321e+02,1.583434459250547377e+02,3.696078705870235694e+02,1.843795979910609958e+03,-1.499842417025615759e+02
1.411533780229759145e+02,1.834562432560592924e+03,1.015355785530577691e+03,1.298248545877092681e+02,1.801364947302372684e+03,6.552673414378913321e+02,1.498474580576083959e+01,1.538977479138740364e+03,9.152684306121037707e+02,1.508314925111376397e+02,1.554062490864321489e+03,4.008137733431030370e+02,7.609207085410740490e+01,1.261062046441803204e+03,8.973983159976510251e+02,6.489289442663894647e+01,1.319050616435012216e+03,3.397261552527726849e+02,5.202723633567090111e+00,1.267678668995308726e+03,6.825717591603671508e+02,5.794254949570791950e+02,1.277069113320058932e+03,5.832016838182914853e+02,2.628715854793555877e+02,1.210741868206848494e+03,5.870027794725702961e+02,6.212751783187643468e+02,1.066198074236798220e+03,2.527658746829940242e+02,2.226482263631469039e+02,1.525351037115829740e+03,2.783537506614023300e+02,6.755366441984256198e+02,6.542930996575501013e+02,4.319048198312348745e+02,2.783790762447601423e+02,1.559055606354132806e+03,-1.671513632694745581e+02,6.564441781792373831e+02,5.094756206345984424e+02,2.156545563643010155e+02,3.681990917297561623e+02,1.846348352201057651e+03,-1.553103361842976824e+02
1.319381759572855231e+02,1.850862047580946637e+03,1.015117083406885172e+03,1.202943513423243616e+02,1.809404360704072133e+03,6.539678063499898144e+02,1.563808818991743621e+01,1.548250602375378321e+03,9.237683772723272568e+02,1.537627779376675790e+02,1.541908097852789979e+03,4.210992304484867077e+02,8.872815890387059312e+01,1.268460582179362063e+03,9.295952364641118493e+02,8.222814001317809129e+01,1.276843493854664985e+03,3.861911282000886558e+02,-1.822551174734767132e+00,1.245966155636660005e+03,7.158838948379692511e+02,5.812869077929809691e+02,1.292274457235544787e+03,5.931945785305192658e+02,2.669783325986693967e+02,1.227035765325855664e+03,5.963049752362411482e+02,6.311334675090572546e+02,1.076298137950024739e+03,2.718423419724965697e+02,2.204245338685736328e+02,1.526794068148200267e+03,2.744788827756679552e+02,7.013245542615375143e+02,6.706178674581246923e+02,4.784261777307009424e+02,2.769204875845459242e+02,1.559474174820736835e+03,-1.752540618822708041e+02,6.876544960948046992e+02,5.112205400945555880e+02,2.747898346778025598e+02,3.657286497092327977e+02,1.848814687049222130e+03,-1.623505926061631612e+02
