8.475212087041043674e+01,-6.056307612857836631e+01,1.706317621829723294e+03,-2.449717686042336595e+01,-2.060737919814328336e+02,1.396380106492060349e+03,1.564234124507306092e+02,1.096596909249918923e+02,1.427371522582465786e+03,7.491286135512086730e+01,-2.986527713883252773e+02,1.135074413209668592e+03,3.288522939514622294e+02,1.823440472928665770e+02,1.187443574135385461e+03,3.141700222949162935e+02,-2.795734285990702119e+02,1.179264129375968196e+03,5.048984928569985300e+02,6.364953963926406999e+01,1.202880420776911478e+03,1.417860954476179636e+01,-5.266738161205462632e+01,9.463245898985368285e+02,2.085267394788312174e+02,1.291744213644072659e+02,1.045000874375205967e+03,1.101665149841104068e+02,-8.305182938819099547e+01,4.424406455204015174e+02,5.010287025032702672e+02,-7.477027627366838658e+01,1.024689731057715107e+03,-2.192963904452810198e+00,-3.069467188170627914e+00,-2.983766192106263038e+00,3.792031335572476110e+02,-4.868196953290816253e+01,6.133155934907571236e+02,2.255282013098346283e+02,-4.884025883798572210e+01,-3.486416276426771987e-01,5.320603170839126506e+02,-2.199436551181549078e+02,5.976434085909387477e+02
8.441170301897184913e+01,-6.276438527371584541e+01,1.704432235771022533e+03,-2.290429453024396977e+01,-2.055147429128660121e+02,1.392145888244694788e+03,1.571515331902491255e+02,1.091813873248387949e+02,1.426786114101522116e+03,7.412734271815750731e+01,-2.977776579396668239e+02,1.128012219498994909e+03,3.338080313481204371e+02,1.859900007235440853e+02,1.186245467556456560e+03,3.155615421836904488e+02,-2.861625285265406546e+02,1.165864755933248034e+03,5.103382383778510416e+02,6.439655569724398276e+01,1.194397394850970159e+03,1.183244896625613407e+01,-4.971383095882667646e+01,9.444208740394758479e+02,2.073295318866451282e+02,1.325029025371475200e+02,1.044405226606947281e+03,1.108768621201804336e+02,-8.032264347948327554e+01,4.415542438736020472e+02,4.990408276966603012e+02,-6.944414760032860556e+01,1.020665021330412969e+03,1.032883356111474527e+00,-1.711033313020314361e+00,-3.535854383785506094e+00,3.842697903549794205e+02,-5.048573298201787196e+01,6.079714633447630376e+02,2.255419081652871682e+02,-4.847769496110646514e+01,-4.685471793206621993e-01,5.305599325555148198e+02,-2.213805438141411059e+02,5.979049473890895570e+02
8.471706952619409492e+01,-6.409431161086955342e+01,1.702311118728173824e+03,-2.113926836915112517e+01,-2.046492268593914901e+02,1.387829654762258997e+03,1.578811467574260519e+02,1.095916343580571777e+02,1.425912226537046536e+03,7.284745489549916897e+01,-2.968341029518812206e+02,1.120290887283897973e+03,3.376795616355761922e+02,1.906119371626365648e+02,1.184650847212071994e+03,3.165291663673763196e+02,-2.921864572721366926e+02,1.151127897538341813e+03,5.155471704190507580e+02,6.658878758738676140e+01,1.185199533374026259e+03,9.656639714196902702e+00,-4.635349810956736150e+01,9.426798913251875547e+02,2.060517319031571617e+02,1.361899237391764359e+02,1.043648423883020996e+03,1.115937068222816322e+02,-7.789691798047681459e+01,4.409203656578587243e+02,4.969739370063189767e+02,-6.503782439061571097e+01,1.015777314182142504e+03,3.565102887445103619e+00,-7.450808060013487388e-01,-4.046206825028622056e+00,3.889540911110238426e+02,-5.129390450528505596e+01,6.019817069498327555e+02,2.256662337742288571e+02,-4.829018103348378332e+01,-6.556327127844784330e-01,5.295263449300985030e+02,-2.227332041288464097e+02,5.965063369969334417e+02
8.601605929645565141e+01,-6.406284332630110612e+01,1.699855365634522286e+03,-1.912473333094373373e+01,-2.033458246849321540e+02,1.383407201024754841e+03,1.586040314383788257e+02,1.114238263794309347e+02,1.424585102596125353e+03,7.084688725045353408e+01,-2.957861343896520339e+02,1.111513900269713304e+03,3.398391061156885371e+02,1.967441944329101204e+02,1.182418150010253385e+03,3.168267188369120504e+02,-2.971444566732150747e+02,1.134323986853844190e+03,5.203716415783566163e+02,7.104407208018518816e+01,1.174787090782396490e+03,7.744444968537106178e+00,-4.236689347601071631e+01,9.411966064601643893e+02,2.046269597237406117e+02,1.404110542893480442e+02,1.042591715995722097e+03,1.123064251729081491e+02,-7.590574171791863023e+01,4.407070058331827340e+02,4.947630741426353893e+02,-6.196362289895945707e+01,1.009555621736061084e+03,4.941401033665592024e+00,-3.821048300288609756e-01,-4.479762994265603204e+00,3.930681381643063901e+02,-5.053245342826793518e+01,5.949567010074953259e+02,2.259404503174665138e+02,-4.831751095024625897e+01,-9.484416796115467951e-01,5.293009421975600617e+02,-2.238516762347494478e+02,5.924566837180182119e+02
8.821916466039475324e+01,-6.274851532068521465e+01,1.697148936420429663e+03,-1.691218717633989854e+01,-2.017339435389861251e+02,1.378943450781692945e+03,1.592986669715223798e+02,1.146592088357655967e+02,1.422818904323111838e+03,6.827901358742627735e+01,-2.946892857378713302e+02,1.101687774005036772e+03,3.403294307957355045e+02,2.042493357839744021e+02,1.179574007668886907e+03,3.165004021107936865e+02,-3.007027548896933240e+02,1.115646548610629225e+03,5.247752767923877855e+02,7.763926647782076884e+01,1.163076265108812322e+03,6.065026917763879588e+00,-3.781663730590190653e+01,9.399842898352429756e+02,2.030201015451784485e+02,1.450670467074134820e+02,1.041161895883944680e+03,1.129765604356006463e+02,-7.426772652645686890e+01,4.409600043098657807e+02,4.923722056420301101e+02,-6.000089473853616084e+01,1.002141135426202595e+03,5.069208925641658148e+00,-5.783690056578502103e-01,-4.817953210189846125e+00,3.966783615161141938e+02,-4.829327047104281689e+01,5.869286464265957193e+02,2.263089499554364181e+02,-4.841142975728506315e+01,-1.334260301207197852e+00,5.300300631251994901e+02,-2.245961414547023764e+02,5.858129416325995180e+02
9.088518213679729740e+01,-6.066552824651628129e+01,1.694364936522261587e+03,-1.462963641736097742e+01,-2.001103180327403663e+02,1.374544648036138824e+03,1.599380148404035253e+02,1.188195636846238443e+02,1.420752526651791868e+03,6.558476174726348518e+01,-2.936462602854486477e+02,1.091148604513054579e+03,3.397476115390686005e+02,2.125082947970308282e+02,1.176422645066390487e+03,3.158625170482558815e+02,-3.026822447903132343e+02,1.095927528306665636e+03,5.288260665092570889e+02,8.561866078267361502e+01,1.150399935984331023e+03,4.478434625300655725e+00,-3.293483807292957266e+01,9.389906316598900275e+02,2.012333448641522580e+02,1.498965203285257815e+02,1.039373538779683486e+03,1.135623585183888906e+02,-7.274026978672685573e+01,4.416119087054317447e+02,4.898000562021257451e+02,-5.852982967469774422e+01,9.941412278390221218e+02,4.233520926772719406e+00,-1.086948018353457002e+00,-5.068962492525341368e+00,4.000670813131220598e+02,-4.524153461627239636e+01,5.782472682324337256e+02,2.266630515836899349e+02,-4.829508971831837982e+01,-1.742485379280526825e+00,5.317083566931381711e+02,-2.249837945033266067e+02,5.775223669257170513e+02
9.346140606080984981e+01,-5.843221288621972320e+01,1.691628375804086545e+03,-1.239124626523315520e+01,-1.987457359424296328e+02,1.370282434721385698e+03,1.604985590322255575e+02,1.232570048657030242e+02,1.418548559955921974e+03,6.327084990572767964e+01,-2.927141598239493305e+02,1.080381149500348783e+03,3.388971267279015933e+02,2.208229260848815727e+02,1.173439619211118043e+03,3.153541480483156079e+02,-3.030381665663445006e+02,1.076080493749947664e+03,5.326467165220622064e+02,9.416861113727829036e+01,1.137349815182854172e+03,2.809201084217254785e+00,-2.793706889425916984e+01,9.381225202590343315e+02,1.993044553137882531e+02,1.546685716011682246e+02,1.037323537784176551e+03,1.140546854791271301e+02,-7.105249858320517831e+01,4.425211493331494808e+02,4.870906448025869508e+02,-5.693659210481735045e+01,9.862578959903611349e+02,2.967014008724024432e+00,-1.600901806796082960e+00,-5.267974985669718890e+00,4.036102036858683277e+02,-4.229105622965460753e+01,5.693370165621610113e+02,2.269161213517478188e+02,-4.772270533942693049e+01,-2.064181916144606888e+00,5.342671797044006325e+02,-2.252995974836235291e+02,5.688890429248050395e+02
9.553839222600352343e+01,-5.645323729031798621e+01,1.688938025348003748e+03,-1.023100285256320063e+01,-1.977218851125392689e+02,1.366138344418478709e+03,1.609664231018275871e+02,1.274624240763264851e+02,1.416312708507685102e+03,6.169272156332296930e+01,-2.918176160211611432e+02,1.069841560275725442e+03,3.384189419535971979e+02,2.287516459264514594e+02,1.171081707623411148e+03,3.153628344460326502e+02,-3.018779280936142868e+02,1.056663588310875184e+03,5.363585509404280174e+02,1.028226746986766074e+02,1.124543695463285303e+03,9.407485820597794035e-01,-2.290593154002350218e+01,9.372592495129459849e+02,1.972975922609234942e+02,1.593123238601301921e+02,1.035149906325522579e+03,1.144986040358097057e+02,-6.904944197514059567e+01,4.435195258247281913e+02,4.843476439930975630e+02,-5.489691765098196896e+01,9.789133679858056212e+02,1.832487604619002397e+00,-1.905324520803075794e+00,-5.459976414909607279e+00,4.076460044301047674e+02,-4.021915850527702219e+01,5.604778963335667186e+02,2.270584669152954405e+02,-4.665370884817756547e+01,-2.195985987052162081e+00,5.376479298131727091e+02,-2.260309681930008310e+02,5.609648166543464640e+02
9.699448929716872669e+01,-5.479283474801290055e+01,1.686186310412031617e+03,-8.095436460908395304e+00,-1.969030868977348234e+02,1.361994495891150564e+03,1.613407867500047246e+02,1.312259700833807585e+02,1.414062701159562948e+03,6.094950969799781149e+01,-2.907274292366300870e+02,1.059839393065793274e+03,3.385838612403309185e+02,2.361977865344694010e+02,1.169589827021866540e+03,3.160758968591032954e+02,-2.994908370063768643e+02,1.037782138986004838e+03,5.400430398221225232e+02,1.114709673293012742e+02,1.112424681329691111e+03,-1.126117729058946137e+00,-1.780780537884773906e+01,9.362615608130009832e+02,1.952861579829981906e+02,1.639093195586942784e+02,1.032968382030403745e+03,1.149831531469987311e+02,-6.677581313632009596e+01,4.444584968412284525e+02,4.817341854319438426e+02,-5.239288223705699465e+01,9.720665093135627330e+02,1.207238793809996658e+00,-1.961837363292603609e+00,-5.670450356479924459e+00,4.123989432474738237e+02,-3.937754389554365986e+01,5.517248833781329722e+02,2.271559250433774082e+02,-4.532987521515043738e+01,-2.089499924114838869e+00,5.418340186397414300e+02,-2.276044294156625369e+02,5.541544758312622889e+02
9.798082715389290343e+01,-5.327559624868150934e+01,1.683241843716110225e+03,-5.889427574017906508e+00,-1.960505516219587321e+02,1.357669508184997085e+03,1.616329060763022198e+02,1.345949634648944766e+02,1.411737349998741820e+03,6.091818559024659407e+01,-2.891330670562075511e+02,1.050485924141570877e+03,3.393044219287056649e+02,2.432731536505647227e+02,1.168874832427006595e+03,3.174264692472121396e+02,-2.963161725479744746e+02,1.019271011995426761e+03,5.437271811027624153e+02,1.200978312233014833e+02,1.101155574627871601e+03,-3.285762582482183891e+00,-1.259404173514935898e+01,9.349950342046414562e+02,1.933297597625191884e+02,1.685866452818682717e+02,1.030819651469412520e+03,1.156027593252134693e+02,-6.445739463609289999e+01,4.452493731055500916e+02,4.794380314487638657e+02,-4.953261154624822638e+01,9.652837952699402422e+02,1.163697000400451431e+00,-1.894065819531566275e+00,-5.882528194973821734e+00,4.179738324780399807e+02,-3.958462514558645751e+01,5.429707832434213515e+02,2.272985840520897511e+02,-4.419214088014140174e+01,-1.779619958073797026e+00,5.468409718596928997e+02,-2.300649811477977664e+02,5.481745509185049059e+02
9.878333611167509787e+01,-5.170134209660838565e+01,1.680031237550472724e+03,-3.542646922407717280e+00,-1.949865565400672551e+02,1.352984654969733356e+03,1.618580497905394679e+02,1.377100021553431759e+02,1.409228381565250174e+03,6.137355800952596496e+01,-2.867736547686484982e+02,1.041707028559752416e+03,3.402990734334027252e+02,2.501071457803431883e+02,1.168544260272696874e+03,3.191377855134462607e+02,-2.928006554964168799e+02,1.000934513810333897e+03,5.473842744196472268e+02,1.285694898245488105e+02,1.090611900463104575e+03,-5.395167573257523053e+00,-7.281805039513387534e+00,9.333699865696479492e+02,1.914545122642296349e+02,1.734144333453950821e+02,1.028658141787178920e+03,1.164145409121951644e+02,-6.238139766545181431e+01,4.458842203978352359e+02,4.776044174647317959e+02,-4.635227571988156825e+01,9.579882336954298125e+02,1.498844809621014296e+00,-1.893624542396946886e+00,-6.039778738020633142e+00,4.243866792435105140e+02,-4.020820573882588178e+01,5.340674297929340355e+02,2.275398913210887599e+02,-4.366989025059769602e+01,-1.374841892648577701e+00,5.526712695799625408e+02,-2.329110887572105923e+02,5.423142569949370682e+02
9.965230527390389170e+01,-5.000135250259936015e+01,1.676575943590469024e+03,-1.059647791359588309e+00,-1.936843694439556316e+02,1.347839177629768756e+03,1.620255876037117275e+02,1.406645325201663752e+02,1.406427679960789646e+03,6.210640428873756491e+01,-2.835362426935898839e+02,1.033320440706394947e+03,3.412864877925472911e+02,2.567671953148529269e+02,1.168064577548625493e+03,3.208241098459159844e+02,-2.891774348281903144e+02,9.826648523211334805e+02,5.509388375338754713e+02,1.366970235943215926e+02,1.080454710068080431e+03,-7.340786341609094379e+00,-1.943111733048163536e+00,9.313764514914479378e+02,1.896500476072860124e+02,1.783879934939855616e+02,1.026387515960661858e+03,1.174208718477978124e+02,-6.072234796490453590e+01,4.464197480527482185e+02,4.762685358041196082e+02,-4.273527428114158511e+01,9.497371541818104106e+02,1.890215907258832262e+00,-2.098178141326622281e+00,-6.077766970612946906e+00,4.315855394336244899e+02,-4.039105601475686314e+01,5.249085517815415187e+02,2.278674285099949657e+02,-4.395709596800222840e+01,-1.013270221435193852e+00,5.592497566129023880e+02,-2.352172532891887897e+02,5.358205099897177206e+02
1.006915706250489677e+02,-4.823307992756309659e+01,1.672973329236250720e+03,1.472508744357247323e+00,-1.922220291449689000e+02,1.342266833974706060e+03,1.621411544555331261e+02,1.434834957927796211e+02,1.403283147274899193e+03,6.297925127481033769e+01,-2.794437750286227811e+02,1.025156814954278843e+03,3.421144020430347155e+02,2.633225797042535987e+02,1.166988332675482752e+03,3.220953424206112459e+02,-2.852867155394695828e+02,9.644208342132112648e+02,5.542723998070312064e+02,1.445150404292946860e+02,1.070270554817218681e+03,-9.057774856781291462e+00,3.381441836774248699e+00,9.290875033468932997e+02,1.878884984464933154e+02,1.834906449707810054e+02,1.023917733740992958e+03,1.185894965149310138e+02,-5.939787896882047846e+01,4.469221973299797810e+02,4.753296516522570982e+02,-3.846415971689135915e+01,9.403992185584332901e+02,2.087868500028173813e+00,-2.499757121229253531e+00,-5.966152687700096990e+00,4.394458306812396700e+02,-3.934024787261454748e+01,5.154403785173350343e+02,2.282189983681275294e+02,-4.490405349801306301e+01,-8.061058571057094779e-01,5.663750736270723110e+02,-2.360017431703363116e+02,5.282204666365149706e+02
1.018531649634193315e+02,-4.645146778674899224e+01,1.669335854691347095e+03,3.925604829131494000e+00,-1.906487434331229167e+02,1.336441999451508536e+03,1.622283363143356496e+02,1.461997532539446638e+02,1.399840936469735198e+03,6.391973065146642341e+01,-2.745493269121990352e+02,1.017169088312147665e+03,3.427951135998898735e+02,2.699408338191749408e+02,1.165140567472912380e+03,3.226360889809087098e+02,-2.805869962850528623e+02,9.461664848979324915e+02,5.572382669944179270e+02,1.524944213073451351e+02,1.059755171561024554e+03,-1.050375474242789764e+01,8.758267117545535996e+00,9.266223234001016635e+02,1.861532260576486806e+02,1.887616782999881195e+02,1.021207170317697546e+03,1.198958971562329623e+02,-5.804729530088216904e+01,4.474010077309283133e+02,4.745867174799319059e+02,-3.333432718983770826e+01,9.301774557695468957e+02,2.033734849305249170e+00,-2.927214201997918153e+00,-5.734195526108911700e+00,4.477696097894414038e+02,-3.658799150830426328e+01,5.056400617895793630e+02,2.285259045193021450e+02,-4.608945495399725445e+01,-7.962504824858445129e-01,5.737318950916193216e+02,-2.346504836290554863e+02,5.194767966001754758e+02
1.030176244479030174e+02,-4.459293715928794199e+01,1.665717709663134883e+03,6.203531320232837487e+00,-1.888846159686190731e+02,1.330616885800215414e+03,1.623558534867645449e+02,1.489238643124761836e+02,1.396241131799685263e+03,6.489389973855949734e+01,-2.688482158676618496e+02,1.009462076158159903e+03,3.434755475008663552e+02,2.768758726210340342e+02,1.162673422501179402e+03,3.222576186083938978e+02,-2.744203441664232059e+02,9.278577053083772626e+02,5.596992818631131286e+02,1.614369182078228278e+02,1.048876430500022479e+03,-1.163284955464181181e+01,1.434546440275990520e+01,9.240860624751287560e+02,1.844538676715608858e+02,1.942942622914370077e+02,1.018267179060105491e+03,1.213557193624455550e+02,-5.617783226136377550e+01,4.477764208501053531e+02,4.738159607708358863e+02,-2.725023580762782061e+01,9.195010506768229561e+02,1.848014236400194354e+00,-3.116665262902260647e+00,-5.463611217312938528e+00,4.563330270617564111e+02,-3.213719170069219899e+01,4.955194919072707194e+02,2.287515002194447788e+02,-4.703273023716285195e+01,-9.515864178078178304e-01,5.809856261681483147e+02,-2.311796840231709496e+02,5.099655685734405210e+02
1.040954701831342675e+02,-4.248746746397575436e+01,1.662068403223331870e+03,8.310896234963047746e+00,-1.867497208884821305e+02,1.325007416959319471e+03,1.626412648076683922e+02,1.518197126164530175e+02,1.392651307565178513e+03,6.589722384697350321e+01,-2.623148805203583152e+02,1.002211276024697554e+03,3.443838181554948505e+02,2.843123437564282199e+02,1.159959732465893921e+03,3.209261344482183063e+02,-2.664200352650167360e+02,9.094715632256112485e+02,5.615944189117020642e+02,1.720537706735495931e+02,1.037922142987760481e+03,-1.241292750951808443e+01,2.028207108270802550e+01,9.215175764732357493e+02,1.828121832671139657e+02,2.001564295507952806e+02,1.015133349834429282e+03,1.230217793447569221e+02,-5.342607683625395509e+01,4.479106044081481741e+02,4.728454618918227652e+02,-2.026722119149649970e+01,9.088496464212403225e+02,1.707195009883316628e+00,-2.844223725972140571e+00,-5.254517006594637607e+00,4.649917710477718060e+02,-2.644048517135618681e+01,4.851644814355298649e+02,2.289023230443226851e+02,-4.742618901134152054e+01,-1.194314300801040618e+00,5.879307452847081095e+02,-2.262191114288528411e+02,5.003210342046711503e+02
1.050871040440093793e+02,-3.999990009433105342e+01,1.658248193913338127e+03,1.037633418528042561e+01,-1.841157346809427793e+02,1.319684530909207751e+03,1.632136069195031496e+02,1.549918107879879301e+02,1.389164663866021328e+03,6.696410685593822620e+01,-2.550563199803805787e+02,9.955118365641151286e+02,3.457728026558527290e+02,2.921771039934772602e+02,1.157379600343907214e+03,3.187568701955359529e+02,-2.568126407748767974e+02,8.910125162752080996e+02,5.630132796423455375e+02,1.844995505514440310e+02,1.027373864258741605e+03,-1.288311039397803803e+01,2.656018773434495017e+01,9.188703877664802349e+02,1.812264864033058984e+02,2.063018538096957570e+02,1.011828055889621396e+03,1.249463401620167531e+02,-4.979318289218078775e+01,4.476895223290246690e+02,4.715901747636085020e+02,-1.258229641652822117e+01,8.985804049156830615e+02,1.703952740280696654e+00,-2.059777441522331110e+00,-5.185649216165950648e+00,4.737941465346249856e+02,-2.022630544177721745e+01,4.747620545430823995e+02,2.290110537969178210e+02,-4.726093315362125225e+01,-1.448111414806396713e+00,5.946152077957843858e+02,-2.207531410850645557e+02,4.912107784119084499e+02
1.060777191906761345e+02,-3.718974541290037195e+01,1.654108377709826527e+03,1.260892112775080776e+01,-1.810698447435183027e+02,1.314534823984317654e+03,1.641497182092980722e+02,1.583755202112858456e+02,1.385724229302890990e+03,6.816737622109414474e+01,-2.474482575550095476e+02,9.892530877002831176e+02,3.478549944484491903e+02,3.000864627016531472e+02,1.155116551248402629e+03,3.159563444846466496e+02,-2.463989356382025733e+02,8.724648148584246883e+02,5.642252086665313300e+02,1.981991173448005270e+02,1.017656149562807173e+03,-1.320109781771358826e+01,3.298226890137557632e+01,9.160318024815586568e+02,1.796433038870699761e+02,2.125531155553605913e+02,1.008338999659902697e+03,1.271372980010047513e+02,-4.570182637760173350e+01,4.471031025593586037e+02,4.700439693827810288e+02,-4.486825769636141104e+00,8.888133826955255472e+02,1.783777959031448423e+00,-9.483672776804830118e-01,-5.288923961092820925e+00,4.830142584274934734e+02,-1.424695155205290931e+01,4.645609644841553063e+02,2.291087396421891356e+02,-4.678905892305325409e+01,-1.675212083945562203e+00,6.013513325892612329e+02,-2.157625069458258906e+02,4.831145801676401561e+02
1.071877201256754120e+02,-3.435455093626519130e+01,1.649590390160746665e+03,1.520306993051301347e+01,-1.779539840477708594e+02,1.309314164638765988e+03,1.654250486645275942e+02,1.617295230979048029e+02,1.382128074245046491e+03,6.958475236778160422e+01,-2.401011205536117643e+02,9.831047568728823762e+02,3.507217080993090121e+02,3.075116587375879931e+02,1.153081321209992439e+03,3.127154419595637478e+02,-2.361958147469972573e+02,8.537435975826010690e+02,5.656068468801565814e+02,2.121170639066825174e+02,1.008920120001339001e+03,-1.362283649581036471e+01,3.925265626897440541e+01,9.128639971756512068e+02,1.779650654387724558e+02,2.186879178019089238e+02,1.004620966623988352e+03,1.295454513870589039e+02,-4.181270825689719572e+01,4.462654828201085024e+02,4.682540983592705288e+02,3.716067794194786611e+00,8.794047224887605125e+02,1.796408976700557769e+00,1.287519362582013882e-01,-5.544727093979907373e+00,4.930451817236277066e+02,-9.044171194472754749e+00,4.547594326088976686e+02,2.292069246179886477e+02,-4.635847820496372407e+01,-1.882591126099673717e+00,6.085733925819065462e+02,-2.119127949520927530e+02,4.761825195841673803e+02
1.085181089264081891e+02,-3.189998767601066731e+01,1.644769606655838970e+03,1.824149900324480100e+01,-1.752168195473327330e+02,1.303757765986795675e+03,1.669155606062788877e+02,1.647580667067194895e+02,1.378120244469160298e+03,7.124353603181775441e+01,-2.336189502422883493e+02,9.766310141656023234e+02,3.542676562248981895e+02,3.140803705413006242e+02,1.151008268769812048e+03,3.090953291272984984e+02,-2.269424438206706895e+02,8.347274183795482259e+02,5.674653820366727359e+02,2.253208668029653268e+02,1.001023176527319151e+03,-1.440055944248858921e+01,4.515866370834357468e+01,9.092437698832874275e+02,1.760979341027808971e+02,2.245801143678273775e+02,1.000610457389037720e+03,1.320988187739452258e+02,-3.868219353405489613e+01,4.453543887515473898e+02,4.663054963994163700e+02,1.182339479737452770e+01,8.700072705693446551e+02,1.620925871396342588e+00,8.015394485462493668e-01,-5.891166109892450820e+00,5.041823995515408114e+02,-4.805411243821745337e+00,4.453761438835656463e+02,2.292997830409619269e+02,-4.621868801483176270e+01,-2.096380970630602469e+00,6.166010836268637831e+02,-2.093760505508809331e+02,4.702245467166059711e+02
1.101187367804505755e+02,-3.010309949353610293e+01,1.639798086478645928e+03,2.165260814291914215e+01,-1.731457209141096030e+02,1.297679043689855689e+03,1.684535417377251463e+02,1.672960326730507461e+02,1.373514086847945919e+03,7.308213404628348542e+01,-2.282820351313150411e+02,9.694687741746980691e+02,3.581691519849299539e+02,3.198211146904401403e+02,1.148659029997002790e+03,3.049691926961716035e+02,-2.187619227065451355e+02,8.153852394355933484e+02,5.698402567743621603e+02,2.375006254949837228e+02,9.937292070839682765e+02,-1.564933656985878940e+01,5.072602955567179350e+01,9.050881172653610065e+02,1.740110503103784083e+02,2.303002369730371868e+02,9.962405133473444039e+02,1.347620863320256319e+02,-3.645109270222239672e+01,4.445053462221109726e+02,4.643199746710008640e+02,1.983663804446493728e+01,8.601918303310279725e+02,1.274584256353381351e+00,8.885228730133951647e-01,-6.238165901410684278e+00,5.164203368025694090e+02,-1.346144351558887786e+00,4.361860635987406454e+02,2.293822975125483197e+02,-4.639781460613713193e+01,-2.324323029417176834e+00,6.254487395300268417e+02,-2.078195374381395197e+02,4.648302099476147760e+02
1.119829211922300516e+02,-2.891814029796988095e+01,1.634776338024335018e+03,2.524891715506132428e+01,-1.716437626344473983e+02,1.291010443593962918e+03,1.699023318029362883e+02,1.694405753465898670e+02,1.368273987006227571e+03,7.495841915223986973e+01,-2.238717435500268209e+02,9.614727779563066861e+02,3.619531112380373656e+02,3.251876055182281675e+02,1.145996885718455815e+03,3.000568718889541060e+02,-2.111725088503980317e+02,7.959035333748548737e+02,5.724123228299482662e+02,2.491482349791975253e+02,9.869770663215718969e+02,-1.726763237567177356e+01,5.623810856084998022e+01,9.003686375148545267e+02,1.717647998767662330e+02,2.360998102960625431e+02,9.914533593605145825e+02,1.375752489224674946e+02,-3.475143847390238960e+01,4.437304312676263862e+02,4.624515881938115740e+02,2.799023068057622865e+01,8.495848737785833009e+02,9.295666037378881308e-01,5.136085506216401253e-01,-6.484740025630064686e+00,5.293982710975503778e+02,1.781696086220107222e+00,4.267733596646237402e+02,2.294716943032330505e+02,-4.670175476391964509e+01,-2.534331271823460074e+00,6.348059688674028394e+02,-2.065661249551118317e+02,4.595569683542438497e+02
1.140570768529550492e+02,-2.795859147784303644e+01,1.629648747348792313e+03,2.882446010872496345e+01,-1.702097306318101175e+02,1.283787675710851772e+03,1.712030931417502586e+02,1.715402326812270246e+02,1.362512942996095035e+03,7.669990570191794177e+01,-2.197816077908434522e+02,9.527566044711176119e+02,3.651418705595686447e+02,3.308446015205381627e+02,1.143218972468395805e+03,2.940330640885719049e+02,-2.034293938458733635e+02,7.766825931000263381e+02,5.746029167640206197e+02,2.613136982978716105e+02,9.810032121898746027e+02,-1.897283722066142531e+01,6.209146160251606261e+01,8.951222582096446558e+02,1.694848390673499523e+02,2.422792295484217959e+02,9.862161164505433817e+02,1.406373004645585070e+02,-3.289504072352553266e+01,4.429153196346300092e+02,4.608559994029263862e+02,3.665172779620672117e+01,8.379749600247431545e+02,8.268912901183438358e-01,6.470682468996299952e-02,-6.544451073730148671e+00,5.425415485658884336e+02,5.092803452665243924e+00,4.166889365416887472e+02,2.296181996872163609e+02,-4.681852079807561751e+01,-2.666497410727559192e+00,6.442031310186810060e+02,-2.048880223111460737e+02,4.540956206109472078e+02
1.162560960021042717e+02,-2.668074330188632359e+01,1.624210841164157046e+03,3.225416181922952319e+01,-1.681607390533971795e+02,1.276109972588724986e+03,1.723699150134901288e+02,1.740369819714599373e+02,1.356419376101901662e+03,7.816468143720662454e+01,-2.153608411683125894e+02,9.436170230119796543e+02,3.674067563511437697e+02,3.373457481041223787e+02,1.140632812417643436e+03,2.866485369509269958e+02,-1.949831169706777132e+02,7.581502036310346284e+02,5.758289157993737035e+02,2.750936417137491503e+02,9.762133140065594716e+02,-2.044204099242367079e+01,6.856858464524775343e+01,8.894551944402725212e+02,1.672961732298133484e+02,2.490174760261897973e+02,9.805397194923633606e+02,1.440408060198984970e+02,-3.023858533822324901e+01,4.418938586478632260e+02,4.596319866155313321e+02,4.611931119025574333e+01,8.253536408327508980e+02,1.144600687564928831e+00,4.507560267512358484e-03,-6.380069886998176898e+00,5.553147982864388723e+02,8.960949376996497406e+00,4.056384070625420577e+02,2.298967294396962586e+02,-4.646372999397707559e+01,-2.672017731884873903e+00,6.532519124292894048e+02,-2.023241932398413780e+02,4.483423598531298921e+02
1.184840513408148723e+02,-2.466467579412111277e+01,1.618236162653940937e+03,3.554038986616019713e+01,-1.649806635875725931e+02,1.268103810268913094e+03,1.734475966735433303e+02,1.772455141543211710e+02,1.350164480752543113e+03,7.928279062263079879e+01,-2.102625289517881981e+02,9.343832118989635092e+02,3.686559414777772190e+02,3.448863396996530355e+02,1.138463028345149269e+03,2.778056254631566162e+02,-1.857833802261822314e+02,7.404811120852182285e+02,5.757769669842142548e+02,2.911307278712905031e+02,9.728875386071597404e+02,-2.148016303725376375e+01,7.566578275508061324e+01,8.835254514910923263e+02,1.652587692298705804e+02,2.562672423129998265e+02,9.744894237025246184e+02,1.478002366972942241e+02,-2.651539538520241379e+01,4.405479976659448198e+02,4.587626243310661494e+02,5.643181868035586746e+01,8.118840740772093341e+02,1.901717156654328944e+00,6.350241033682128000e-01,-6.034777567148499777e+00,5.674337802891570846e+02,1.349587776766937885e+01,3.936040698823059643e+02,2.303806817990925992e+02,-4.549798958538089266e+01,-2.552486104565198310e+00,6.618120961792446906e+02,-1.988595699624668214e+02,4.423640055324318610e+02
1.206614323929084946e+02,-2.182678118387895694e+01,1.611636577804371655e+03,3.878634765166270171e+01,-1.605905450617484860e+02,1.259893839461785547e+03,1.744682433543065372e+02,1.811918650491193716e+02,1.343839474778165140e+03,8.006259784929982004e+01,-2.045626867659222228e+02,9.252636101747754083e+02,3.690235862094943400e+02,3.532475920360658961e+02,1.136708640226742318e+03,2.675653622342784956e+02,-1.762695943185946135e+02,7.234092381117116020e+02,5.745438535133006326e+02,3.093608352669444912e+02,9.709280781538622023e+02,-2.211771990989547021e+01,8.308044586826255795e+01,8.774945325342443994e+02,1.633448107052242904e+02,2.637759102087464953e+02,9.681724974814613915e+02,1.518228346018748596e+02,-2.195254082585413613e+01,4.388700503844222567e+02,4.580993850210114715e+02,6.732540025714679643e+01,7.978207020187795706e+02,2.949621393218231802e+00,1.949790151166387320e+00,-5.636852035185585308e+00,5.789169207115874087e+02,1.856488444789556524e+01,3.808388939286004415e+02,2.311078186103636654e+02,-4.397564423379033371e+01,-2.371847407733767898e+00,6.699967039233772539e+02,-1.948444862934800028e+02,4.362987997097544053e+02
1.227512725882860281e+02,-1.844446613520848999e+01,1.604536867227834591e+03,4.211748316868144570e+01,-1.553818714071107934e+02,1.251571630839046065e+03,1.754346432747168478e+02,1.855984232602226882e+02,1.337441986907278988e+03,8.056036899619070368e+01,-1.985896298854880229e+02,9.162623591320772221e+02,3.687827084184895057e+02,3.619260971107149203e+02,1.135130021707211654e+03,2.561046962323875391e+02,-1.670907340172931868e+02,7.062933920430127728e+02,5.725697333744587922e+02,3.290859909266666818e+02,9.698296842168517742e+02,-2.258048358607505790e+01,9.036170174122850085e+01,8.714626870562702834e+02,1.614707085607174690e+02,2.712158567252631087e+02,9.617021458286833422e+02,1.559423705832246583e+02,-1.713006993907726283e+01,4.369569512275203920e+02,4.574168652321281456e+02,7.838526622564985757e+01,7.834210214923704143e+02,4.044798532240895028e+00,3.654877945338946166e+00,-5.361541340719544912e+00,5.899631960339753505e+02,2.394214892536861683e+01,3.677441290467141926e+02,2.320523208925675647e+02,-4.212049217032781456e+01,-2.231593608805094497e+00,6.780316637665998769e+02,-1.906790381954456848e+02,4.302576721973306917e+02
1.247673668129601197e+02,-1.498920165481474243e+01,1.597202272613875493e+03,4.559717510820982511e+01,-1.499991893421112934e+02,1.243161877336633324e+03,1.763333511109878486e+02,1.900203956328831509e+02,1.330901066527510011e+03,8.082511214407637112e+01,-1.926169443255239742e+02,9.072019575972609573e+02,3.682358636721119751e+02,3.703529283658666031e+02,1.133364112805157674e+03,2.436617386528157851e+02,-1.587492685822834630e+02,6.884424932151273424e+02,5.704118485692351896e+02,3.492872524536520018e+02,9.689025851113811996e+02,-2.314765451549256525e+01,9.713137487449958485e+01,8.654237781425281355e+02,1.595619318543650991e+02,2.783494008312001711e+02,9.551555353204458925e+02,1.599953034532793481e+02,-1.268842843538469545e+01,4.349530038815186117e+02,4.565218790708227061e+02,8.930704686703332129e+01,7.688848244704528270e+02,4.951076974026773492e+00,5.336349447859475070e+00,-5.358457277083923387e+00,6.007483021012365043e+02,2.949991681234102359e+01,3.547050961516994221e+02,2.331159728104496764e+02,-4.024681091742729677e+01,-2.224000198177879639e+00,6.860668655154772750e+02,-1.864501156956277157e+02,4.242710680850611311e+02
1.267518202941506900e+02,-1.186763863634655891e+01,1.589865460598157142e+03,4.918234218088365139e+01,-1.450050741020327223e+02,1.234604365117455245e+03,1.771605698021105866e+02,1.940621289187001821e+02,1.324119419769150454e+03,8.084716862096459522e+01,-1.866573969610745394e+02,8.978348183099872131e+02,3.676320198151283876e+02,3.780963287332698997e+02,1.131098455267297595e+03,2.304971498876564624e+02,-1.513750772596494869e+02,6.695227713143299297e+02,5.684891951662526708e+02,3.690122611417468192e+02,9.676125819660220486e+02,-2.398051393466034753e+01,1.032521296381615770e+02,8.592725620488205323e+02,1.576072596436246442e+02,2.851450583119030284e+02,9.485500859261345568e+02,1.638932697206300588e+02,-9.053791192307015123e+00,4.329844991070734181e+02,4.553573210519617191e+02,1.001010419436890402e+02,7.543318873685100243e+02,5.512922364550504106e+00,6.667700950344515043e+00,-5.679060389874606152e+00,6.112739639279865287e+02,3.533885479249365602e+01,3.419690321332299163e+02,2.341455704794279313e+02,-3.865235223645380103e+01,-2.391824332696816491e+00,6.940553464100067913e+02,-1.817600553947423521e+02,4.182846497066753955e+02
1.287290294992102986e+02,-9.205956314988037903e+00,1.582574045022676273e+03,5.274113953365945662e+01,-1.406154420060231871e+02,1.225775536646737464e+03,1.779400574225033154e+02,1.975686773678985162e+02,1.317016071036741096e+03,8.054547939322836214e+01,-1.804912629721289647e+02,8.879837537637263267e+02,3.671276743910684672e+02,3.849851900775986451e+02,1.128213536103713523e+03,2.168758053776678594e+02,-1.447192352204807548e+02,6.497987675051723500e+02,5.669265077660999168e+02,3.876824618046405817e+02,9.658367729498439758e+02,-2.502173648437235443e+01,1.088673217425707520e+02,8.528668396204967621e+02,1.556661415840590621e+02,2.917958217597419548e+02,9.418501155538846206e+02,1.676502710851096083e+02,-6.305016692089734143e+00,4.311228544654823054e+02,4.540346191483283746e+02,1.111043208580970401e+02,7.398063892224139408e+02,5.673281264386353051e+00,7.539608969283770001e+00,-6.245478044925620864e+00,6.213609161542938182e+02,4.179234643601364496e+01,3.296085194952685242e+02,2.349733714550104366e+02,-3.751496997724339622e+01,-2.717563029973028677e+00,7.017684329578632969e+02,-1.758729605310055888e+02,4.121802855627004760e+02
1.306657066837121306e+02,-6.777949426541086453e+00,1.575162886237149451e+03,5.612021643359157252e+01,-1.366342094586727569e+02,1.216554426002817308e+03,1.787214577296189191e+02,2.007053888622612590e+02,1.309558926761738121e+03,7.980925013080380381e+01,-1.738688979257655944e+02,8.776414563771580788e+02,3.667812799172081100e+02,3.911370756366583805e+02,1.124831063317409871e+03,2.030572303585371401e+02,-1.383123164065621324e+02,6.300635965807670118e+02,5.655549694238196707e+02,4.052218657938657316e+02,9.639018724039697190e+02,-2.602353666663759668e+01,1.143161339740267834e+02,8.461113190837650109e+02,1.538257958827015273e+02,2.986381474215854155e+02,9.349960343423797440e+02,1.713526027388694501e+02,-4.205181987093594032e+00,4.293843885245216825e+02,4.527697705151770720e+02,1.227872729832022287e+02,7.252919410712487434e+02,5.452044868011689083e+00,8.055146836250047571e+00,-6.881247119527180267e+00,6.307727624495449845e+02,4.930460201064150283e+01,3.175629724023723952e+02,2.354663532823578009e+02,-3.683048208577718441e+01,-3.145687717870624844e+00,7.089233943495580661e+02,-1.680995519627771557e+02,4.058036300945705648e+02
1.324720042560253148e+02,-4.103131476904908759e+00,1.567362099253860833e+03,5.922160433930925194e+01,-1.325950692418145991e+02,1.206905291536473214e+03,1.795612161635035022e+02,2.038917121780179116e+02,1.301777819124437201e+03,7.857094029863782225e+01,-1.667078960377191947e+02,8.669826412885454374e+02,3.665620073083383090e+02,3.969013541884015694e+02,1.121258145774227160e+03,1.892845224384610674e+02,-1.316618077889765743e+02,6.113134385789137468e+02,5.640417848134559335e+02,4.219860350005910163e+02,9.624158398620031676e+02,-2.668357696737550100e+01,1.199807673875906460e+02,8.390150958410403064e+02,1.521408698982834835e+02,3.060080982933150153e+02,9.279356154145850724e+02,1.750946896361680558e+02,-2.341573213726103830e+00,4.277489934456293099e+02,4.517597416480175525e+02,1.354717751300617294e+02,7.107303834133333567e+02,4.920596559030090411e+00,8.419090327785880845e+00,-7.389531485767972363e+00,6.393676438673960547e+02,5.824625186344035654e+01,3.057192091715709239e+02,2.355650047862485224e+02,-3.642534454849466385e+01,-3.620937145622129538e+00,7.153263704129408325e+02,-1.581814210814789305e+02,3.989947377034658871e+02
1.340564047280565489e+02,-6.615425764169968748e-01,1.558956266737636952e+03,6.204596795114889574e+01,-1.280123098489135884e+02,1.196927519535493730e+03,1.804984064920564037e+02,2.076228263065108024e+02,1.293749528332705722e+03,7.685905550466894454e+01,-1.591451940770188571e+02,8.562848203913307543e+02,3.663649241864763439e+02,4.027432708109785153e+02,1.117861621213683293e+03,1.757692080577362503e+02,-1.243994590555483057e+02,5.943656548815645237e+02,5.620652844145550944e+02,4.385534375516137402e+02,9.620154547202894264e+02,-2.680188067008177910e+01,1.261316924784578788e+02,8.316902907878290989e+02,1.506004720367696450e+02,3.140915125059576098e+02,9.206391172347605334e+02,1.789220207331479742e+02,-2.959179502637188652e-01,4.261749556689280212e+02,4.510738791589851076e+02,1.491351107034176380e+02,6.960441986135471097e+02,4.192291493557887883e+00,8.804580814145612777e+00,-7.637785411970524407e+00,6.471638165764644555e+02,6.876706971300787075e+01,2.939851593855123610e+02,2.352969881612995664e+02,-3.605006518977040741e+01,-4.117860889434433069e+00,7.209329145865324335e+02,-1.464269485043854786e+02,3.916170962778195985e+02
1.354061787533740642e+02,3.881786212251936430e+00,1.549884118400038233e+03,6.468164252007365178e+01,-1.226037130134687771e+02,1.186831280393528687e+03,1.815395455757664251e+02,2.122661334124857433e+02,1.285555998402623572e+03,7.478811284027607087e+01,-1.514451400886639192e+02,8.457951152616423087e+02,3.660374946996274161e+02,4.091073171495872316e+02,1.114926796256852640e+03,1.626700265689303535e+02,-1.163711195449100018e+02,5.796152205536919837e+02,5.594438457444543928e+02,4.554954890578910636e+02,9.631636628669951961e+02,-2.636512336713240501e+01,1.328244239048289899e+02,8.242945420975959223e+02,1.491457074305920116e+02,3.228298854394611794e+02,9.130943415700716059e+02,1.828129555539382238e+02,2.216329662727285044e+00,4.246022425552640129e+02,4.506223767542935548e+02,1.634221793235398934e+02,6.811599795362279792e+02,3.418021369704789869e+00,9.277181797369852490e+00,-7.605486734061235765e+00,6.542799715714389777e+02,8.077089707429468035e+01,2.823221675070774950e+02,2.347626990621665755e+02,-3.551334357962617361e+01,-4.645433711819670464e+00,7.258026202601236037e+02,-1.335031820943968910e+02,3.835703511177208611e+02
1.366348909574686274e+02,9.551644372754973134e+00,1.540225673295793968e+03,6.725119621330456710e+01,-1.163822938455409002e+02,1.176838012998519844e+03,1.826604565353439966e+02,2.179308679727737967e+02,1.277236180898480370e+03,7.248617741936571690e+01,-1.438733100843355714e+02,8.356074231180190282e+02,3.654238420195184744e+02,4.163029257560102678e+02,1.112555714953512734e+03,1.500594175951169689e+02,-1.077024752122617315e+02,5.670042254499201135e+02,5.561647174494707997e+02,4.732264928010907852e+02,9.660601404053957140e+02,-2.551954557361803921e+01,1.398874052353975799e+02,8.169524271918879776e+02,1.477229468816222209e+02,3.319302712430661018e+02,9.052932835434805838e+02,1.867030810124672939e+02,5.275997802076086707e+00,4.229548155147518855e+02,4.502124629545057246e+02,1.778607264975400426e+02,6.660266594976791339e+02,2.762604147460305803e+00,9.806724928954642095e+00,-7.373609152545117063e+00,6.608089721307449054e+02,9.403110801461870949e+01,2.707255190610395630e+02,2.341020142482130382e+02,-3.478354046057043547e+01,-5.228615350313640775e+00,7.300096127710916107e+02,-1.200046916379258874e+02,3.747775954532158948e+02
1.379492203166054765e+02,1.609181581260832772e+01,1.530115419053622418e+03,6.984786211026859348e+01,-1.095901656510592517e+02,1.167059308608167612e+03,1.838241029621048028e+02,2.244687480466758132e+02,1.268766562636179970e+03,7.000571980697964136e+01,-1.366401645191610328e+02,8.256182058091134195e+02,3.644223380155063410e+02,4.244460374415422734e+02,1.110648635598704686e+03,1.378788339024874574e+02,-9.884487283192667917e+01,5.561553061447262962e+02,5.523213814423827444e+02,4.919622895657732897e+02,9.706509991362601113e+02,-2.446748670799711789e+01,1.470176511004807480e+02,8.097012723231339351e+02,1.463331682787516570e+02,3.409895138961287557e+02,8.972268720725783169e+02,1.905293723819597460e+02,8.779586060777855749e+00,4.211562813643864160e+02,4.496518785240015177e+02,1.921498750952374905e+02,6.506257389611967028e+02,2.355488332207098523e+00,1.033801202053363610e+01,-7.067442885298926392e+00,6.667248831525193964e+02,1.083801792633420433e+02,2.591713918794916367e+02,2.334576442833044041e+02,-3.399563160101006787e+01,-5.882795778795743225e+00,7.335926912688038328e+02,-1.060592473165405352e+02,3.651599589874913363e+02
1.395418561237036670e+02,2.312376467843678896e+01,1.519670161543265294e+03,7.249395862277124536e+01,-1.025242604402224913e+02,1.157436840411793355e+03,1.850057859871256483e+02,2.315941837685981284e+02,1.260095676932510969e+03,6.727716046394340310e+01,-1.299231276987660806e+02,8.155995388501202115e+02,3.630350055562292368e+02,4.334707091078615235e+02,1.108982997875812543e+03,1.259069681984031632e+02,-9.054862207552230302e+01,5.465701127561569592e+02,5.480148390526078401e+02,5.117512505782828498e+02,9.766927541845257110e+02,-2.336266577066161432e+01,1.539549340425212165e+02,8.024895407017077105e+02,1.450425745004299074e+02,3.496862931407698056e+02,8.888943628097117653e+02,1.942634547563682190e+02,1.254203545927127017e+01,4.191593687144934393e+02,4.488417489136751897e+02,2.063480714446803859e+02,6.349784423530559252e+02,2.240696066827011723e+00,1.086013358198838397e+01,-6.788836749125700898e+00,6.718825752712368740e+02,1.238586749083365248e+02,2.475668586044929214e+02,2.329478171986458506e+02,-3.335800336354004259e+01,-6.597563613415409201e+00,7.365754412740961925e+02,-9.120204995017289207e+01,3.546238066622576071e+02
1.414775140219092293e+02,3.034884313062855199e+01,1.508990224819041259e+03,7.513791445765833998e+01,-9.534646104381208431e+01,1.147796332810618651e+03,1.862138183939006240e+02,2.390542803273452819e+02,1.251220562557938365e+03,6.413547598246837822e+01,-1.238857489019590048e+02,8.053643773075671106e+02,3.613765346186283978e+02,4.432038447352072126e+02,1.107354817338830344e+03,1.137795978683192430e+02,-8.369495113283824139e+01,5.378124830058327461e+02,5.432762628819788233e+02,5.325307543740100300e+02,9.838377334765477826e+02,-2.226434875714222272e+01,1.606519613702535310e+02,7.952227001965443378e+02,1.439479001738349950e+02,3.579475793194236530e+02,8.803179292525259143e+02,1.979156172034021495e+02,1.643688194805474012e+01,4.169722180657619788e+02,4.478194192169423786e+02,2.208492815911255889e+02,6.191550017848124980e+02,2.364083783632476621e+00,1.142673271528334666e+01,-6.575502384515568899e+00,6.760959852595551638e+02,1.407327278291747348e+02,2.357350470352505170e+02,2.326526732359841674e+02,-3.301646048458869132e+01,-7.335610303631085571e+00,7.390191825174115365e+02,-7.458198350325189097e+01,3.430732930693984599e+02
1.436539387330778936e+02,3.769515033730412057e+01,1.498215684935001491e+03,7.768604545623148283e+01,-8.796813502590974565e+01,1.137991627946523977e+03,1.874955573069030947e+02,2.467620305750217824e+02,1.242253948973951992e+03,6.039884315223023492e+01,-1.186126714885884894e+02,7.949340888173269377e+02,3.596214619232903260e+02,4.534773161213836374e+02,1.105702904685277645e+03,1.010774803176273622e+02,-7.898131071479548382e+01,5.296332099221320959e+02,5.380365035657885073e+02,5.541890210515496165e+02,9.917263110974485016e+02,-2.116035789580324078e+01,1.673407200976991476e+02,7.878246439693446064e+02,1.431204982493873956e+02,3.659971569633631816e+02,8.715461757565263952e+02,2.015113090749250375e+02,2.049530108698299102e+01,4.146609148069525759e+02,4.467434708205869356e+02,2.361674100783113772e+02,6.032798615320516546e+02,2.614656153583243992e+00,1.212177855614986832e+01,-6.403639278735640872e+00,6.792383880937536560e+02,1.593740221550450542e+02,2.234434874951562335e+02,2.326105214112892554e+02,-3.295848474664411043e+01,-8.042160091855167892e+00,7.410540478270895619e+02,-5.536571430396929827e+01,3.304356074182931025e+02
1.458708650193459277e+02,4.534654491331026094e+01,1.487567782570541567e+03,8.004859970211400366e+01,-8.005904338061179715e+01,1.128047345785744710e+03,1.889245473495522276e+02,2.548344310310789638e+02,1.233425756569230771e+03,5.594312691206700094e+01,-1.139719136432847222e+02,7.846037113675680530e+02,3.579020782267951972e+02,4.642375160666567808e+02,1.104136616946569347e+03,8.744735870387289367e+01,-7.656955433569061142e+01,5.220152322674379093e+02,5.321376112272033652e+02,5.766274090198448903e+02,1.000070486279947318e+03,-2.002275570353438638e+01,1.744446541339868304e+02,7.802788543286894765e+02,1.425663639232207913e+02,3.742570589679523891e+02,8.626399049738973872e+02,2.050556515198469754e+02,2.489621370188519478e+01,4.123222341002380062e+02,4.458365257797183290e+02,2.526685131231048160e+02,5.875153380327915329e+02,2.896690938101597279e+00,1.300510396800994428e+01,-6.221006711328952221e+00,6.813097644254380612e+02,1.800909077907636231e+02,2.104597999116280107e+02,2.328169303315703473e+02,-3.301299427857635038e+01,-8.658123677618274172e+00,7.428665760131212892e+02,-3.309194890440357284e+01,3.166715347779011722e+02
1.479613665257342348e+02,5.365383121945870215e+01,1.477321568305924984e+03,8.217407984729362624e+01,-7.117289001981701801e+01,1.118203678211186798e+03,1.905719596608672362e+02,2.635292513680362845e+02,1.225002208472637676e+03,5.072564314858522749e+01,-1.095173340009045688e+02,7.748561607974025947e+02,3.562073848116978638e+02,4.756069429405893629e+02,1.102847092836102092e+03,7.268970373331849544e+01,-7.588510909906504764e+01,5.151281256753497928e+02,5.253748475709264767e+02,5.998036404743523917e+02,1.008702505927246875e+03,-1.884651523061891965e+01,1.823803873486341729e+02,7.726304493945731338e+02,1.422267466344202660e+02,3.831631592425875397e+02,8.536501204667329148e+02,2.085055177017117671e+02,2.984391091105624483e+01,4.100404958635713228e+02,4.453119055658248158e+02,2.704214349910469082e+02,5.720119908958183714e+02,3.185428495139601690e+00,1.408185470061598998e+01,-5.981022066233425249e+00,6.824392634594742049e+02,2.030374216827361522e+02,1.966111499955669899e+02,2.332238809499049523e+02,-3.294056230241495342e+01,-9.133752995910823458e+00,7.446601297497612677e+02,-7.762548959941796056e+00,3.017523875752065692e+02
1.498923584231848452e+02,6.298106657216001025e+01,1.467717072709664080e+03,8.405484264213058054e+01,-6.093222159188570686e+01,1.108829358216204582e+03,1.924723690539842664e+02,2.731184660127527764e+02,1.217163832116524873e+03,4.475856060777876166e+01,-1.045583293259255271e+02,7.661681060728999455e+02,3.543471807505830498e+02,4.878607336916970212e+02,1.101964682524005184e+03,5.677521951431857872e+01,-7.572307227563469212e+01,5.092025188784160719e+02,5.175645563064805401e+02,6.237196658529354636e+02,1.017569850147579473e+03,-1.764360212766584723e+01,1.913627871147485564e+02,7.649537023860461886e+02,1.420153792221137792e+02,3.930055750939597488e+02,8.446052919996910759e+02,2.117663221453595668e+02,3.540904361913695197e+01,4.078517711690434453e+02,4.453123504149676251e+02,2.892526314009900261e+02,5.568394528812776798e+02,3.531904531552910953e+00,1.531611190405513057e+01,-5.655339619973554832e+00,6.828192630915946211e+02,2.282671307898424686e+02,1.818298308042829774e+02,2.337443681018663142e+02,-3.255708829280609251e+01,-9.441358719610819961e+00,7.466133258332048399e+02,2.036937557931870657e+01,2.856122566115758445e+02
1.517634344045634975e+02,7.355648166507356223e+01,1.458866472901927864e+03,8.570599708597390531e+01,-4.919562610965489569e+01,1.100254899695946278e+03,1.945992550338201283e+02,2.837537388637527442e+02,1.209917058414488338e+03,3.807559571297527867e+01,-9.842781893559518380e+01,7.588178509468942821e+02,3.520191186464204520e+02,5.013075352501822408e+02,1.101469191126169335e+03,3.981789375285767107e+01,-7.468011320483567772e+01,5.043775642687506320e+02,5.086285365857403349e+02,6.483368765651883905e+02,1.026691422807753042e+03,-1.640409337044753357e+01,2.013176463962658715e+02,7.573070986630324342e+02,1.418649628968221919e+02,4.038709938658172405e+02,8.355160876534974932e+02,2.147218156963295996e+02,4.144144511970490186e+01,4.057324888271473924e+02,4.458829760789208194e+02,3.089427426395856173e+02,5.419383456746462571e+02,4.019887808415981034e+00,1.667208917364650844e+01,-5.225366811106976428e+00,6.825985674892232282e+02,2.558729127156039169e+02,1.661756498432799845e+02,2.342706362240434714e+02,-3.182202340729472212e+01,-9.583016230266458990e+00,7.488453288911216532e+02,5.114209073515316817e+01,2.681161036586078126e+02
1.537106687648944217e+02,8.538070615099091754e+01,1.450714682836410702e+03,8.713755397066714181e+01,-3.614286024863799440e+01,1.092628463116901685e+03,1.968662874020807578e+02,2.953740932708099649e+02,1.203096248915869865e+03,3.073627352583381267e+01,-9.083621543033407875e+01,7.528078947955892772e+02,3.489583246670347307e+02,5.161080252206486421e+02,1.101225062361488654e+03,2.206554594044273898e+01,-7.176210268582642016e+01,5.006106592179855284e+02,4.986619454518042289e+02,6.734582372973204656e+02,1.036118095952468821e+03,-1.506468919928089178e+01,2.119302255733906577e+02,7.497027667140937410e+02,1.417535282368750984e+02,4.156793625945380768e+02,8.263906968234788337e+02,2.172880362758363617e+02,4.761958064060979723e+01,4.036149427945621824e+02,4.469831405311996377e+02,3.294020983002617982e+02,5.271363116955607211e+02,4.708369926559015539e+00,1.814502726284722200e+01,-4.671697976127386021e+00,6.817846841260043220e+02,2.860699176251940230e+02,1.498320337834058193e+02,2.347059339077145808e+02,-3.085194253177443358e+01,-9.587201145175439976e+00,7.513805956796163628e+02,8.469303394160468201e+01,2.490937965414591133e+02
1.557940863343679609e+02,9.821919547121953542e+01,1.443067271235030148e+03,8.834464689989819419e+01,-2.224358616197830685e+01,1.085877175801900421e+03,1.991610064441976249e+02,3.076927596894890939e+02,1.196453981222920675e+03,2.286917820678993962e+01,-8.210609270211109845e+01,7.479497993613915696e+02,3.450912946083014958e+02,5.321115620868761198e+02,1.101120187354601512e+03,3.928877272112025754e+00,-6.689826339610664263e+01,4.977243302243224434e+02,4.879341572354463210e+02,6.986673858695660329e+02,1.045928509944895495e+03,-1.352171766921775387e+01,2.227821510681223174e+02,7.421072187100352266e+02,1.416986604535821073e+02,4.282493660608745927e+02,8.172472433125212774e+02,2.194633250644806708e+02,5.361219101605376380e+01,4.014200795260541668e+02,4.485194354211950554e+02,3.506933189537661519e+02,5.122400542949553710e+02,5.595903432737339145e+00,1.975287603607161913e+01,-3.977984282864978738e+00,6.802008560621836750e+02,3.191268887661221925e+02,1.330795715182376284e+02,2.349961790700724578e+02,-2.986535520391587895e+01,-9.492865419319976183e+00,7.541074879822120920e+02,1.213815177687760354e+02,2.284555302676472763e+02
1.579569354865413118e+02,1.116845393457870443e+02,1.435655498140296231e+03,8.932692748231670521e+01,-8.110367627389111433e+00,1.079784155715840370e+03,2.013987465633087766e+02,3.202823000725451834e+02,1.189780374378122815e+03,1.470767316363892085e+01,-7.311136986052225950e+01,7.440627772834144480e+02,3.405983385488258932e+02,5.488132284027594778e+02,1.101204326861230584e+03,-1.400368825309984722e+01,-6.108495747717122981e+01,4.955877969840183255e+02,4.767937452728584731e+02,7.234063278506703227e+02,1.056245205725122787e+03,-1.168974816729040889e+01,2.335039929166832735e+02,7.344713483231569171e+02,1.417294305190200987e+02,4.413405492666662440e+02,8.081166822355936574e+02,2.213401101559118160e+02,5.925649208541820201e+01,3.990938923977438435e+02,4.503730448756213605e+02,3.729066158521288799e+02,4.971683977223577813e+02,6.622640597067461776e+00,2.149141810204413972e+01,-3.146251814063786068e+00,6.775099879307291530e+02,3.551956353739853967e+02,1.162589449908354879e+02,2.351423478546111028e+02,-2.909453748457312017e+01,-9.329089716519160191e+00,7.567405910190288978e+02,1.615137469619954231e+02,2.063365293455113658e+02
1.600852120170285389e+02,1.253901449590642301e+02,1.428201006635687691e+03,9.012338992567471507e+01,5.725374755463559673e+00,1.074120895400135396e+03,2.035685785638458754e+02,3.327445843152405018e+02,1.182979823871296958e+03,6.562550290614571402e+00,-6.489642645008215993e+01,7.411672020313899338e+02,3.358320175326981030e+02,5.655002312110231060e+02,1.101717587669627619e+03,-3.104440302676732344e+01,-5.601793624174560193e+01,4.943340726941582375e+02,4.655107043928969688e+02,7.471947953057315317e+02,1.067224436808971404e+03,-9.563449291123948370e+00,2.438911286010150832e+02,7.267708856915365914e+02,1.418585871697294181e+02,4.546772058497348326e+02,7.990402588474829599e+02,2.230620306547320695e+02,6.465028050819940120e+01,3.966351904155413877e+02,4.524098022024182910e+02,3.960211881590268490e+02,4.820587359765183919e+02,7.701685272082412048e+00,2.328735367593419880e+01,-2.205468379202101037e+00,6.732788757205520369e+02,3.941921380493107563e+02,9.973869402356767466e+01,2.351847515034973810e+02,-2.870238819973617339e+01,-9.104141979608233015e+00,7.588092493209572922e+02,2.051155869401949587e+02,1.831720021050840614e+02
1.621153014636839202e+02,1.391240667076712612e+02,1.420468047392001608e+03,9.083178158956484083e+01,1.903974963729932668e+01,1.068754019516254857e+03,2.057434897268751683e+02,3.449044972489499514e+02,1.176071180173227503e+03,-1.280557475563552261e+00,-5.814338330263625210e+01,7.395553302904390875e+02,3.311248527118981428e+02,5.815610162928609270e+02,1.102977440631375202e+03,-4.659763298612710258e+01,-5.332264854450261993e+01,4.944687458977085726e+02,4.541469615308355969e+02,7.698891847026117148e+02,1.078991412917980369e+03,-7.226100066168979374e+00,2.539617621447556814e+02,7.190325115869619594e+02,1.420754485329683519e+02,4.679965758505372264e+02,7.900662214199326172e+02,2.247454231529499111e+02,7.011233833370121715e+01,3.941042070812906672e+02,4.544856358806458729e+02,4.198986845441490345e+02,4.672820177344328272e+02,8.759112719798137547e+00,2.499301947144824254e+01,-1.200887530452321217e+00,6.670442742456979204e+02,4.358451469953973856e+02,8.389405911417037487e+01,2.351711072607795643e+02,-2.872692342744500138e+01,-8.812178632106302700e+00,7.596958579040348241e+02,2.519446908015263205e+02,1.596288511459424910e+02
1.640992498458231239e+02,1.529653555138220042e+02,1.412313204323867467e+03,9.158812198760605838e+01,3.205217009395687455e+01,1.063679039254375539e+03,2.080459802184426508e+02,3.569289041808768843e+02,1.169131649411684975e+03,-8.685621757404282661e+00,-5.277145520359098185e+01,7.396940216550880223e+02,3.265965508593372988e+02,5.968116168656669061e+02,1.105194064619391838e+03,-6.038422109413200189e+01,-5.374381621198460124e+01,4.967727760936699042e+02,4.425455772339074088e+02,7.918181679763972625e+02,1.091544932995565205e+03,-4.782018275946507302e+00,2.639538446681838195e+02,7.113279358908748691e+02,1.423645866975690240e+02,4.811431186292971915e+02,7.812403951194672800e+02,2.264139418428979980e+02,7.604461553744965840e+01,3.916040812361873122e+02,4.564668886188034094e+02,4.444405396073348129e+02,4.533418495181829257e+02,9.763803569557712336e+00,2.644262931426287011e+01,-1.724112783007129557e-01,6.583642587529451475e+02,4.798815973346321471e+02,6.908541528427656431e+01,2.351346113243778007e+02,-2.906200735757684228e+01,-8.452135719530581071e+00,7.587356639715146684e+02,3.017210906148982872e+02,1.364130747495680680e+02
1.661704535822806292e+02,1.672720196047562808e+02,1.403736982381425150e+03,9.250871454826113904e+01,4.539451738066616571e+01,1.058987162508655501e+03,2.105853374183573408e+02,3.692847867030295674e+02,1.162235878387295998e+03,-1.572678191644673085e+01,-4.790878856202295566e+01,7.420103031679036576e+02,3.220824641960696795e+02,6.116356698666705825e+02,1.108332655712489668e+03,-7.256494484519070909e+01,-5.674290930528873389e+01,5.020140528226348238e+02,4.304567846312626216e+02,8.136706997965441133e+02,1.104692472965846946e+03,-2.251459451555402946e+00,2.742612974844307132e+02,7.037369319840360049e+02,1.427357924075034816e+02,4.941696825009551048e+02,7.725804100405071040e+02,2.279945950655697402e+02,8.277759325913184796e+01,3.892362682734816985e+02,4.582662260399554270e+02,4.697881553364138654e+02,4.406933145125202600e+02,1.073664309808908435e+01,2.754520466971759873e+01,8.567909607152163209e-01,6.468659935983732794e+02,5.261900260063770247e+02,5.561951266234174795e+01,2.351011041256585941e+02,-2.947990534313223066e+01,-8.043351851046729450e+00,7.553620231600000352e+02,3.543669889259356296e+02,1.140640710014933319e+02
1.684312403722389035e+02,1.825242115207847746e+02,1.394918128605803986e+03,9.362487604171998612e+01,5.989712546937941084e+01,1.054805337503768214e+03,2.133982237726693540e+02,3.825294311826379499e+02,1.155433543801507540e+03,-2.263508573696124060e+01,-4.228199712455270287e+01,7.466735142911385310e+02,3.172330330810791565e+02,6.268115789345674784e+02,1.112107406816037610e+03,-8.367178987853608874e+01,-6.076779704991543696e+01,5.105973501922190962e+02,4.177233654449000255e+02,8.361501802786350481e+02,1.118066662278618651e+03,4.938764824734226955e-01,2.853149599742631040e+02,6.963031011026732813e+02,1.432407713213870863e+02,5.073640725260266890e+02,7.640378255537185623e+02,2.293861331722197008e+02,9.047136500461348874e+01,3.870463660770840875e+02,4.598701755575337984e+02,4.963793606156030478e+02,4.295643377914988150e+02,1.173675120603157573e+01,2.835466703090319385e+01,1.870129603088758863e+00,6.323006960150644318e+02,5.748031359967571916e+02,4.369963098839450311e+01,2.351177713427083802e+02,-2.970146519813995312e+01,-7.624833994389709879e+00,7.492407397448891970e+02,4.100373342044495075e+02,9.286486660122371006e+01
1.708460668804558225e+02,1.990889262678954594e+02,1.386198469053329973e+03,9.485047352182685643e+01,7.626078209360839821e+01,1.051249308592596662e+03,2.164226176730269060e+02,3.970343063968770707e+02,1.148772874747970718e+03,-2.966134727719044051e+01,-3.482661175477765170e+01,7.534927373428897681e+02,3.117236691875806969e+02,6.430957557140444578e+02,1.116106480163775814e+03,-9.436451329097158691e+01,-6.406933915767200460e+01,5.223400847507521121e+02,4.044033390109796642e+02,8.595733395217026782e+02,1.131223020542676750e+03,3.695867947643948881e+00,2.974337703285472116e+02,6.890172263340538166e+02,1.439600622759067221e+02,5.211453442582181879e+02,7.554769620095212304e+02,2.305582115604383375e+02,9.909753829108394996e+01,3.849876715367255429e+02,4.613289902435013232e+02,5.247654989516798878e+02,4.198670222300664250e+02,1.282906103056906311e+01,2.906226157834309376e+01,2.837720732467484908e+00,6.145887882855845419e+02,6.256732148667691717e+02,3.340334921496114617e+01,2.352709479057881765e+02,-2.950736519193512919e+01,-7.237419107286879871e+00,7.403130802184397226e+02,4.688948293393197559e+02,7.292162283659733646e+01
1.732209712639387647e+02,2.170316295782183431e+02,1.378001827163667940e+03,9.600776182533313374e+01,9.475280264765061133e+01,1.048406900458208156e+03,2.195187200396717628e+02,4.128053341105166965e+02,1.142341003359331125e+03,-3.694160085441699692e+01,-2.518374014927861637e+01,7.620007456478181211e+02,3.054438819382013435e+02,6.608151818781700513e+02,1.119971251162636008e+03,-1.051253255099670696e+02,-6.558913224773287709e+01,5.365248099076067092e+02,3.907514501476692317e+02,8.836687051157299493e+02,1.143762268793753492e+03,7.586022199463095639e+00,3.107008431461679834e+02,6.818481530967519575e+02,1.449644708682831720e+02,5.358621162039777346e+02,7.467053802466107300e+02,2.316120572633554104e+02,1.084830696501285985e+02,3.829235562240892250e+02,4.627002848224007607e+02,5.552846410909423867e+02,4.112421798390616345e+02,1.404494847450057193e+01,2.990382061529076196e+01,3.709922606551569579e+00,5.938204694108428612e+02,6.783781519936029554e+02,2.472537223415917396e+01,2.356622158887828107e+02,-2.885477023996648072e+01,-6.900840039374254609e+00,7.286986440417090307e+02,5.307911523648987213e+02,5.434924623614093520e+01
1.752854878599134452e+02,2.360883711412417938e+02,1.370707588905553393e+03,9.690445174268219830e+01,1.150717944158795802e+02,1.046345799237578603e+03,2.225264345406754671e+02,4.295182166896828448e+02,1.136279674378923346e+03,-4.443886073241330337e+01,-1.381059935033828978e+01,7.717083334639731902e+02,2.985517863897597977e+02,6.797428324657853409e+02,1.123532953894114144e+03,-1.160274268022929363e+02,-6.538809800032616693e+01,5.522431576699158313e+02,3.770788938890167969e+02,9.077388545605971331e+02,1.155403474736775934e+03,1.225177647710153295e+01,3.249319464498101411e+02,6.748044333893743669e+02,1.462740099855730307e+02,5.516113850627949660e+02,7.375607585605997656e+02,2.327570872984769892e+02,1.183859082460555356e+02,3.806669744264087285e+02,4.639699021343081426e+02,5.878243236281026611e+02,4.032140755198221882e+02,1.535479331725224839e+01,3.103434113141141637e+01,4.435225069554765476e+00,5.701997200698333472e+02,7.319668047162346056e+02,1.767171802794692681e+01,2.363448075869946479e+02,-2.793686056786410887e+01,-6.602565853921845473e+00,7.144967692248677622e+02,5.950951270917073543e+02,3.742642727435605821e+01
1.768210938868960795e+02,2.558254529279270741e+02,1.364529161131745013e+03,9.742181879618614460e+01,1.364583163243704576e+02,1.045128269265752806e+03,2.253297299363735533e+02,4.467555816426299202e+02,1.130753278297231418e+03,-5.197218974668088975e+01,-1.658763946054223393e+00,7.824111960262837329e+02,2.913700246576017321e+02,6.993447627054339364e+02,1.126851708678293335e+03,-1.266649114699180672e+02,-6.438379841506355206e+01,5.688653311010504012e+02,3.635904151744866226e+02,9.311261770197412488e+02,1.165978461491592270e+03,1.758596670783787630e+01,3.397751719572639786e+02,6.679782356100768084e+02,1.478413784394660695e+02,5.682056809045316186e+02,7.280101237636833957e+02,2.342184568580609323e+02,1.285872002891895818e+02,3.780324089195449346e+02,4.649939730921536807e+02,6.218660437516879256e+02,3.953854645414232891e+02,1.667113434984922549e+01,3.245057819128850696e+01,4.991209967890759103e+00,5.439664867855700550e+02,7.850776799812535955e+02,1.233444134377986501e+01,2.372618899295752897e+02,-2.712888912604726599e+01,-6.308994752112922377e+00,6.976082770092716601e+02,6.608039553761086609e+02,2.260622498316473639e+01
1.777566170400236842e+02,2.759004516051456335e+02,1.359446681417774471e+03,9.756243678229415650e+01,1.580189262667241792e+02,1.044814490494665961e+03,2.278962659047638226e+02,4.642994806660349809e+02,1.125880899857961367e+03,-5.929162365922631039e+01,1.038485254668113100e+01,7.943730588073995023e+02,2.841987440208112048e+02,7.192226067484079977e+02,1.130169522229557742e+03,-1.362568456181866452e+02,-6.360740204200085657e+01,5.863644981532738711e+02,3.503070284531813741e+02,9.537053347645039594e+02,1.175388768689284689e+03,2.335708952400064220e+01,3.549110032597409941e+02,6.615261948159372878e+02,1.495740113130188433e+02,5.853268170106887283e+02,7.181928189593090792e+02,2.361407091931259856e+02,1.389928373700956570e+02,3.748706649057646132e+02,4.654993665541604742e+02,6.568037022863310312e+02,3.875951777128902336e+02,1.788721066592097486e+01,3.401379117596045631e+01,5.405847469221492396e+00,5.153529692339069470e+02,8.362987984469388039e+02,8.875163619145260085e+00,2.382394320283675597e+02,-2.681820985741747165e+01,-5.994903188306357933e+00,6.777037712143085173e+02,7.268731727088777461e+02,1.036969222284258763e+01
1.781862949100926130e+02,2.962706763262703475e+02,1.355216858474246010e+03,9.742837294159781436e+01,1.791328431815902604e+02,1.045445753586342562e+03,2.302765957861353172e+02,4.822929592398835439e+02,1.121671963519327392e+03,-6.615482992982732924e+01,2.199422048812924047e+01,8.082547808316669489e+02,2.771643029574588581e+02,7.394326250980445820e+02,1.133826831709742919e+03,-1.438791393652811053e+02,-6.346626898359305358e+01,6.052975178103777125e+02,3.371205301009146638e+02,9.760756778637628486e+02,1.183591508647543833e+03,2.935517288222176546e+01,3.702509247915492097e+02,6.555849072182290911e+02,1.513870098815867777e+02,6.027757222435250242e+02,7.083671043909505443e+02,2.385534609192081348e+02,1.497182033731372144e+02,3.710728783768533390e+02,4.651468201131534670e+02,6.923273452503235603e+02,3.799799647410971488e+02,1.893388999794326821e+01,3.555686057643364251e+01,5.752839306502226968e+00,4.845977340062657959e+02,8.845950639568271754e+02,7.410971798977826985e+00,2.390552227252169644e+02,-2.719289896924778915e+01,-5.673010446492968484e+00,6.543718774517033125e+02,7.925567475533387096e+02,1.013264347654403430e+00
1.783213454195621352e+02,3.172234021447474674e+02,1.351454595890186511e+03,9.714304750020552603e+01,1.997691209829918364e+02,1.047017273767229881e+03,2.325672253268999725e+02,5.011707236379508004e+02,1.118009354747304315e+03,-7.239323955006550193e+01,3.361250983206711140e+01,8.248065271186864038e+02,2.701837598493547716e+02,7.604591650040910054e+02,1.138179773513814098e+03,-1.487435991141366571e+02,-6.343573403311559389e+01,6.264622413486728192e+02,3.239365878499590394e+02,9.993022829216257605e+02,1.190625771999954395e+03,3.552139088713534676e+01,3.860161511982350930e+02,6.501718740857277226e+02,1.532619667697476871e+02,6.206580253383259560e+02,6.987865942530280563e+02,2.414172337516434084e+02,1.611061692137366492e+02,3.665517597330284616e+02,4.636233388569316389e+02,7.286189952089248436e+02,3.729148401926385077e+02,1.982460986364215572e+01,3.700271370202892030e+01,6.122221120733106758e+00,4.519850207428174258e+02,9.295980723702758723e+02,7.873559118566398674e+00,2.395536159587501857e+02,-2.810907069500331446e+01,-5.402657357886025302e+00,6.273535174939162289e+02,8.575554852725801993e+02,-5.506770739791792657e+00
1.784136930316442999e+02,3.392138463324629356e+02,1.347764376293320538e+03,9.676176496908063029e+01,2.205739557538369695e+02,1.049466842123291144e+03,2.348527816214186430e+02,5.214129728065529434e+02,1.114701434712006403e+03,-7.797514660780318252e+01,4.632195557431030863e+01,8.444956609946150365e+02,2.630404278055520990e+02,7.828849692027869196e+02,1.143521038643678594e+03,-1.504260527485752164e+02,-6.229212056303266110e+01,6.504587457639062222e+02,3.108059497083035581e+02,1.024354341606112484e+03,1.196610709942134690e+03,4.198964017546644101e+01,4.026390983082744128e+02,6.451434389364738990e+02,1.552822942275875562e+02,6.393863894178299461e+02,6.895859257932033870e+02,2.447081269950899696e+02,1.736416097242337173e+02,3.612184786553539197e+02,4.607156663717293554e+02,7.662410823897831733e+02,3.668527220058837770e+02,2.066452687189469728e+01,3.841741533422070631e+01,6.584884575978976251e+00,4.178568413979474485e+02,9.716286088634558382e+02,9.936734158435612585e+00,2.397411726267276606e+02,-2.912645678070867916e+01,-5.268511930413364297e+00,5.967079282671030569e+02,9.219016271335244710e+02,-9.597721535221808153e+00
1.786788987592746309e+02,3.626179713072073127e+02,1.343887628476048349e+03,9.621588805136381950e+01,2.426778327462837126e+02,1.052702711872876307e+03,2.371448780050094456e+02,5.432887840411517573e+02,1.111585965639718779e+03,-8.305693010240111107e+01,6.147808288146254796e+01,8.672877979277390068e+02,2.555011582439008748e+02,8.070261210434752002e+02,1.149992371119404197e+03,-1.489534355964311203e+02,-5.867817394517773266e+01,6.774255599335184570e+02,2.979533298814520776e+02,1.051606131862840812e+03,1.201632519017484128e+03,4.903115937861345230e+01,4.205326274586516888e+02,6.402501138056787795e+02,1.576236412720665214e+02,6.594975182419057091e+02,6.807504163359254790e+02,2.484730020618200115e+02,1.877840662596176173e+02,3.549691105470605521e+02,4.563325364278056782e+02,8.057966358701288527e+02,3.621359904388417021e+02,2.162247239945618205e+01,3.997256783677149627e+01,7.176279515190352676e+00,3.825884593522401929e+02,1.011441149010805930e+03,1.305737639542806328e+01,2.398065075147034122e+02,-2.970461731443688436e+01,-5.339588645160892710e+00,5.628176772758752122e+02,9.856563673369037133e+02,-1.192876176931488175e+01
1.792233056675385114e+02,3.875568796637144828e+02,1.339817960582143314e+03,9.531036934370874292e+01,2.672889781925556463e+02,1.056666484198720582e+03,2.393375393443870109e+02,5.667508516752654941e+02,1.108634530535549857e+03,-8.798581435931777150e+01,8.027837429251644608e+01,8.926903736982033024e+02,2.473997369336069596e+02,8.328127337948218383e+02,1.157491419214960160e+03,-1.447131417263950084e+02,-5.165417494142081978e+01,7.070823737480599220e+02,2.856744898869055191e+02,1.080732568487260096e+03,1.205522041303524475e+03,5.695072945493733130e+01,4.398496364439571948e+02,6.352659094287220114e+02,1.604944777914347753e+02,6.813903433420985039e+02,6.721824971599942273e+02,2.528122250340481401e+02,2.038015755019157211e+02,3.476828796795090852e+02,4.504717063983277967e+02,8.475676783577511060e+02,3.588733161548592534e+02,2.288804492269647284e+01,4.185811721279615227e+01,7.913950923487181655e+00,3.465795363218877014e+02,1.049790516019023016e+03,1.658911683312486929e+01,2.400531108272487586e+02,-2.945126823671413163e+01,-5.632496510370470055e+00,5.262732905610268972e+02,1.048583838486645845e+03,-1.327132655402242634e+01
1.799808619692521177e+02,4.138985222383271889e+02,1.335829186720664438e+03,9.376820496300709351e+01,2.952422673259353587e+02,1.061390715007751396e+03,2.412029834907075383e+02,5.915362948018796487e+02,1.105995825178590849e+03,-9.322209799581744960e+01,1.034270452305759562e+02,9.199852867870152977e+02,2.386473936358284789e+02,8.599981051710317388e+02,1.165597956792486002e+03,-1.382340419745730173e+02,-4.096552912098561450e+01,7.390018529864109951e+02,2.741361611919651864e+02,1.111061474564519358e+03,1.207638214495045531e+03,6.600371866212695693e+01,4.603651310086348190e+02,6.301146696651903767e+02,1.640438551796002002e+02,7.051297935455054358e+02,6.638060703604928676e+02,2.578053001065051149e+02,2.217022837061719542e+02,3.392235962991387623e+02,4.431471836980044827e+02,8.913318046177347469e+02,3.569337054171405157e+02,2.464686129950636939e+01,4.421979431222159462e+01,8.840861954251794330e+00,3.103215098539774885e+02,1.086999106417226585e+03,1.987722304744539059e+01,2.407858262575963124e+02,-2.827927008140179410e+01,-6.101647547378824754e+00,4.877652388630120299e+02,1.109969821738397741e+03,-1.436236485061463064e+01
1.806847758928152814e+02,4.414268097285487329e+02,1.332382769374479039e+03,9.130386239286109173e+01,3.267115367423631938e+02,1.066994558659340782e+03,2.424449143228040384e+02,6.173996096568347411e+02,1.103941657128429142e+03,-9.919710536780073085e+01,1.310071139027774052e+02,9.484562149811928293e+02,2.291728388172928987e+02,8.885303991720995782e+02,1.173551413212458783e+03,-1.299532204371247985e+02,-2.695121529219919765e+01,7.729045139786101117e+02,2.631508527054507454e+02,1.142129378615959240e+03,1.206807309997858283e+03,7.638390096591787426e+01,4.815575603447848607e+02,6.249103184439604775e+02,1.682735957140959044e+02,7.304184339801461192e+02,6.556256372926445692e+02,2.634391297759032113e+02,2.413121550540712406e+02,3.294318200596167117e+02,4.342975219285237358e+02,9.364387249715399548e+02,3.560273912914872767e+02,2.709616134972170798e+01,4.717268686321249049e+01,1.006753173299762771e+01,2.745353413938334484e+02,1.122718930972953103e+03,2.227136764551899617e+01,2.422147264139229321e+02,-2.638428466574703180e+01,-6.664683899034638870e+00,4.480788728596983219e+02,1.168683956557261126e+03,-1.584415932630562374e+01
1.809041925715200136e+02,4.700624126749750644e+02,1.329936825292500998e+03,8.770671153534480879e+01,3.612289035795739665e+02,1.073582149124198850e+03,2.427968987475591973e+02,6.443355368038276083e+02,1.102732654686421711e+03,-1.061768836125294513e+02,1.625911567771492230e+02,9.774394192469369500e+02,2.188190039006649670e+02,9.188060694451413610e+02,1.180297675937153144e+03,-1.200795300386028117e+02,-1.019363841057940689e+01,8.087966369811695131e+02,2.520131929383616693e+02,1.174049595097743577e+03,1.201482676262885207e+03,8.828584304846924624e+01,5.028776839225075150e+02,6.198775816823676905e+02,1.729973568303300908e+02,7.567463270268473252e+02,6.476988378242142517e+02,2.695919443447749586e+02,2.624647921871604126e+02,3.181052997055408582e+02,4.236961947992552950e+02,9.820713832919703918e+02,3.557870592981290656e+02,3.049372975284909515e+01,5.088247319039412986e+01,1.178454768419458354e+01,2.402895100841448652e+02,1.156007172941801855e+03,2.307496650727070531e+01,2.444211750507140550e+02,-2.406403705634700074e+01,-7.253075480841967071e+00,4.081776763194188220e+02,1.223461413049313705e+03,-1.828850773163114951e+01
1.801475169208464706e+02,4.999921855782092734e+02,1.328737745566977537e+03,8.291535684594452960e+01,3.979990755071246440e+02,1.081061090444037973e+03,2.421127052495101282e+02,6.726763628007212219e+02,1.102469263787849741e+03,-1.142065481611844859e+02,1.975174117850319249e+02,1.006163626910462426e+03,2.072330516116324475e+02,9.516125465300789301e+02,1.184594795542393513e+03,-1.085992037173564597e+02,8.910838147097615902e+00,8.469056174178210767e+02,2.394838600781639286e+02,1.207428780126171205e+03,1.190052052262467214e+03,1.019939450550350557e+02,5.241055240852628003e+02,6.151956083660528520e+02,1.778695815637229884e+02,7.836359754824036372e+02,6.400518484332053504e+02,2.760738340906208350e+02,2.852002377490637741e+02,3.049888569157441225e+02,4.108916553072530178e+02,1.027512904050037150e+03,3.557822228241327593e+02,3.520340481198446270e+01,5.565414794910337548e+01,1.423269974538805727e+01,2.089851480817566767e+02,1.185691292102589159e+03,2.151407312942395222e+01,2.473886738495070006e+02,-2.149053080639752977e+01,-7.865491013585822699e+00,3.692757204776302729e+02,1.273262345795988722e+03,-2.226795277357911829e+01
1.779935206229527012e+02,5.316316841587948829e+02,1.328691796314786416e+03,7.706422046799421821e+01,4.363285490407733960e+02,1.088954495618939063e+03,2.403803416003028133e+02,7.030416990315252406e+02,1.103000862284509139e+03,-1.231504755534264177e+02,2.351617193683259757e+02,1.033492212236200885e+03,1.937889132777543182e+02,9.877768975820745254e+02,1.185136971367649267e+03,-9.538713380625610228e+01,3.049404874646108610e+01,8.874933097290738715e+02,2.239793401606235648e+02,1.242860632078073650e+03,1.171140746146525089e+03,1.179197021530836480e+02,5.456372335916912562e+02,6.108578645424576052e+02,1.824699767523335936e+02,8.108528433724856086e+02,6.326068283641669723e+02,2.826739182911296098e+02,3.098533884785974237e+02,2.898136901327592341e+02,3.952196082551250811e+02,1.072259827664969862e+03,3.554743895650385070e+02,4.169157608699917716e+01,6.195995304328891962e+01,1.763976674990238536e+01,1.821578074584824947e+02,1.210871217269122553e+03,1.680350740853225489e+01,2.510663154864983255e+02,-1.856198722195239625e+01,-8.600245009437093913e+00,3.328028890905630419e+02,1.317536121920617461e+03,-2.840611609951191241e+01
1.741948279467995349e+02,5.654537337738551059e+02,1.329372314862178882e+03,7.048965658651212607e+01,4.759144620866742343e+02,1.096307849285528846e+03,2.376272593386959784e+02,7.362035525528302742e+02,1.103926256261280059e+03,-1.327626511270135268e+02,2.750139121843362773e+02,1.057751113276785873e+03,1.775814778200874287e+02,1.027707788914516414e+03,1.180646590256154695e+03,-8.034425776819340115e+01,5.535438586087148849e+01,9.306605926863124978e+02,2.039567974218221309e+02,1.280281479243025160e+03,1.143793577317950167e+03,1.365235062865702957e+02,5.685420158430822539e+02,6.066324559766587754e+02,1.863973280320892911e+02,8.384756976173052863e+02,6.251717202355401923e+02,2.891629050915780113e+02,3.369598293345737829e+02,2.724141420649349357e+02,3.759322146566195215e+02,1.115949742539003864e+03,3.541830703681408750e+02,5.044799082427380199e+01,7.037155392237981744e+01,2.215072228676569566e+01,1.611454915769076877e+02,1.231358090948036988e+03,8.320675217493610276e+00,2.554204698854306912e+02,-1.490090319364870730e+01,-9.652027830720530943e+00,3.002348818493184694e+02,1.356297591740679763e+03,-3.733637425274204702e+01
1.687151602053488659e+02,6.017831345385891382e+02,1.330149065698457889e+03,6.369429115849139578e+01,5.168165540598540701e+02,1.101773000825699683e+03,2.337517857649820598e+02,7.729387249412576466e+02,1.104665044618082220e+03,-1.426835074098690939e+02,3.164696923916386027e+02,1.076795739925088810e+03,1.575251333772800137e+02,1.071040262095036496e+03,1.169915222110160130e+03,-6.350394665551456086e+01,8.483217001025531090e+01,9.762030144931733275e+02,1.783911483773169664e+02,1.318537915395469781e+03,1.107526205523726048e+03,1.581196707487108313e+02,5.943072143384158608e+02,6.021456319736446403e+02,1.893243843150796977e+02,8.667951675671415614e+02,6.174911302096140844e+02,2.952537040642380930e+02,3.669931592081604208e+02,2.529029486729064047e+02,3.524476605458239078e+02,1.158203934928664466e+03,3.511344179196840400e+02,6.184163146348810614e+01,8.140766669668306577e+01,2.778648627491605083e+01,1.467414902359903124e+02,1.247878422799839655e+03,-4.179462678941582077e+00,2.604379488966362146e+02,-9.979017262348556017e+00,-1.127119225786303858e+01,2.728341386360801266e+02,1.390040473208143339e+03,-4.953423834709053608e+01
1.616914792197500503e+02,6.406455223982593452e+02,1.330373596147502667e+03,5.728160078797869659e+01,5.591348705924739306e+02,1.103886652493518568e+03,2.283656195041155570e+02,8.138804681805277141e+02,1.104548357296077484e+03,-1.522919254951015660e+02,3.584490788253857545e+02,1.088371550512175418e+03,1.325697174361378927e+02,1.116488490935256777e+03,1.151830907443081514e+03,-4.511374498800445565e+01,1.204378986180261677e+02,1.023509736962865759e+03,1.471781991752301622e+02,1.355380206962434613e+03,1.062324835522304966e+03,1.826400300846237030e+02,6.243376450542190241e+02,5.970395170739601554e+02,1.909957439721243020e+02,8.960909299963035437e+02,6.093195444552923163e+02,3.005843552461965373e+02,4.000326842823166658e+02,2.318333946200444302e+02,3.246423533927917333e+02,1.198517928860815800e+03,3.456134135828479543e+02,7.596232725458162349e+01,9.534445896392594477e+01,3.446046799199809385e+01,1.389566836514935630e+02,1.261942948784303780e+03,-2.040831236553902173e+01,2.660663622458846476e+02,-3.296101540409607011e+00,-1.369378073317644073e+01,2.513867930077698816e+02,1.419567245585924411e+03,-6.505813623400194956e+01
1.533358919583527324e+02,6.817008228218592194e+02,1.329538670822145605e+03,5.188605749375906129e+01,6.026154333115252939e+02,1.101471644986392221e+03,2.207296587977753006e+02,8.593297398230689623e+02,1.102880636807286692e+03,-1.604194035574411146e+02,3.991337005620730451e+02,1.090704895777650336e+03,1.020107360643085599e+02,1.161898003624861758e+03,1.125458344110624694e+03,-2.573439132887390102e+01,1.633372987674947012e+02,1.071474133210608670e+03,1.113100653809777754e+02,1.387873608278236816e+03,1.008673318384404524e+03,2.094704265585623659e+02,6.594259682806624596e+02,5.911161727524917069e+02,1.911886204202749582e+02,9.263938986833621811e+02,6.004782893174570972e+02,3.047952251696181065e+02,4.355088245860933966e+02,2.102582689113027357e+02,2.930457820271875562e+02,1.236259919253493763e+03,3.371793840073828505e+02,9.252101391450113965e+01,1.120562622005506626e+02,4.205771679613550873e+01,1.369747675707652093e+02,1.275383420684659995e+03,-3.951787640686665526e+01,2.721107674738773312e+02,5.461818807599914116e+00,-1.705554157625860867e+01,2.360211109746702220e+02,1.445789312903938480e+03,-8.330512088902840162e+01
1.438105024950412201e+02,7.242486316523377354e+02,1.327348934212749555e+03,4.813213760157780996e+01,6.464692263074517768e+02,1.094018652214961548e+03,2.098188659048535953e+02,9.090114108750209425e+02,1.098951732864524729e+03,-1.650171772944810300e+02,4.361395761456677178e+02,1.083163248728271583e+03,6.582558138702799511e+01,1.204454401158697692e+03,1.090203699294191438e+03,-6.349740605056186205e+00,2.138489193199723957e+02,1.118406905680579712e+03,7.275892780501904156e+01,1.413053978561637223e+03,9.476109297795742350e+02,2.374470535039961590e+02,6.994598604494638039e+02,5.843935871599240954e+02,1.896736528932704573e+02,9.573482911866516361e+02,5.908840065760737161e+02,3.077076173903967629e+02,4.721621028531761226e+02,1.896263598939577548e+02,2.588226823594532675e+02,1.270748017934995687e+03,3.258686144271838430e+02,1.108674219362150382e+02,1.309549025968203466e+02,5.054274682671488961e+01,1.393250652460856429e+02,1.289703223097852515e+03,-6.021204695483397273e+01,2.781380989077852632e+02,1.632915236507855283e+01,-2.130908054208737212e+01,2.261713163105069100e+02,1.469516022718232762e+03,-1.029202812987371800e+02
1.331257450178732711e+02,7.672915997747018082e+02,1.323685129127133450e+03,4.664427823016082897e+01,6.895633265382341506e+02,1.081899586644314695e+03,1.944988296678542952e+02,9.618465760527067232e+02,1.092017261958521658e+03,-1.629347934270434735e+02,4.672592149204076577e+02,1.066774312507696550e+03,2.493188947094657948e+01,1.241029191244048889e+03,1.046021976160699523e+03,1.162965080240975446e+01,2.710942706281292658e+02,1.161988944478226131e+03,3.412439165756568116e+01,1.428605750538740494e+03,8.807561649242629755e+02,2.650247410651151085e+02,7.435163843477165528e+02,5.770554673839301358e+02,1.862041811432416694e+02,9.882382434785207579e+02,5.805625147478616555e+02,3.095182992091228016e+02,5.082733229133459645e+02,1.715195700468263169e+02,2.235411842704976095e+02,1.301349665003445580e+03,3.123047514560499280e+02,1.301349241765369413e+02,1.510699839598280789e+02,6.002847854447205833e+01,1.442354498471969748e+02,1.305515626126466259e+03,-8.095060353460627312e+01,2.834542439420141022e+02,2.905029821824424019e+01,-2.617315046056382855e+01,2.207174938708488696e+02,1.491259658625134307e+03,-1.219635959879628615e+02
1.211180744971459973e+02,8.096650710754170177e+02,1.318499657224855127e+03,4.809128192651940736e+01,7.309104167464754482e+02,1.066334496252021609e+03,1.737691660511761995e+02,1.015874113710710503e+03,1.081299676758857231e+03,-1.500111355874731771e+02,4.916054420524161515e+02,1.044405250719834157e+03,-1.874260598119633414e+01,1.268644004604502243e+03,9.935788369967553990e+02,2.665925150210037842e+01,3.329010654350252594e+02,1.199360263586671635e+03,-1.825306864822028530e+00,1.433380032184717493e+03,8.102392469871592766e+02,2.905541611608613835e+02,7.902692676187288043e+02,5.693417893460189134e+02,1.805440618625395928e+02,1.018154772881788062e+03,5.696689371175696124e+02,3.108755949336829190e+02,5.421043185361045289e+02,1.572955353474540061e+02,1.888481688367783988e+02,1.327575612119881043e+03,2.976556335999225666e+02,1.494664905364204799e+02,1.712633220800267679e+02,7.073903553809282130e+01,1.500657581890560550e+02,1.322348470672735402e+03,-1.001942693283628500e+02,2.872012870866478238e+02,4.316030844734066108e+01,-3.114736953478982784e+01,2.182815393518254439e+02,1.511114550322135528e+03,-1.383400902012555775e+02
1.075389747313010673e+02,8.502495962054777010e+02,1.311717871943125601e+03,5.320097576993010335e+01,7.702053579455174486e+02,1.049139634922853020e+03,1.470303862439049851e+02,1.068424039023947898e+03,1.066071129233370357e+03,-1.216668185289567958e+02,5.107315987806031217e+02,1.020471146166583594e+03,-6.245437593568056656e+01,1.284985133247032991e+03,9.343000748691453055e+02,3.776825231854309095e+01,3.960598688384556567e+02,1.227489343600441089e+03,-3.260143611836066668e+01,1.427648921383223296e+03,7.385499316789998829e+02,3.125689792590320621e+02,8.384517037895499243e+02,5.614586144463595474e+02,1.725315793867186187e+02,1.046207918415346512e+03,5.585200891249517099e+02,3.127414964096149106e+02,5.723895434637083781e+02,1.477382241012418262e+02,1.562100854574049720e+02,1.349168804985263023e+03,2.834080899954282700e+02,1.682440869911305015e+02,1.905194842814085519e+02,8.284918759779382924e+01,1.556761224937622217e+02,1.338924989665581279e+03,-1.166577616500157006e+02,2.885760556887598796e+02,5.815241754296611276e+01,-3.560978946065561246e+01,2.175901795903332925e+02,1.528775069472219229e+03,-1.503758658114260811e+02
9.223585811470604767e+01,8.882526642250403484e+02,1.303211909566145096e+03,6.266389332994489081e+01,8.081429015964331484e+02,1.032360422836594125e+03,1.143398289924302986e+02,1.116534662714499518e+03,1.045846293722257315e+03,-7.406578015527027503e+01,5.292088272168090270e+02,1.000148832253659066e+03,-1.030971567310214425e+02,1.288857916618751233e+03,8.703035888029837679e+02,4.556568147310492378e+01,4.570502716801977954e+02,1.243932074379505138e+03,-5.637955036928612174e+01,1.413082777377515185e+03,6.683563030764935320e+02,3.299983354750445983e+02,8.871027361038816252e+02,5.535621480320573937e+02,1.621709235576798278e+02,1.071683199286023410e+03,5.476196067417606628e+02,3.160575603940208111e+02,5.986918076242848201e+02,1.428244361485435263e+02,1.268094356730755550e+02,1.366175783527948624e+03,2.709916039815746558e+02,1.862454811249907323e+02,2.082236926772412176e+02,9.626234541678607570e+01,1.605876183380439102e+02,1.353774645743342489e+03,-1.295383716331417645e+02,2.871117803182894477e+02,7.369209418851119153e+01,-3.897872740478426579e+01,2.177618079339417818e+02,1.543720923591678229e+03,-1.573299858743949926e+02
7.535400240411951245e+01,9.234837204055422717e+02,1.292867138320321374e+03,7.688745346383096546e+01,8.463770395860173039e+02,1.017901697427916247e+03,7.661447711897703527e+01,1.157494344602817819e+03,1.020649267658650842e+03,-5.657854903449631045e+00,5.542427165818098729e+02,9.882089224015778655e+02,-1.378006747372376424e+02,1.280486397158028467e+03,8.042506857789741161e+02,5.313224628945781092e+01,5.132718008957464235e+02,1.247898483797686595e+03,-7.229772748491180323e+01,1.392510447243337012e+03,6.023424708759048372e+02,3.422692651689952186e+02,9.354817368852864092e+02,5.458135462300115250e+02,1.497342126532200837e+02,1.094093945171674022e+03,5.376398685236287065e+02,3.213559086593613756e+02,6.214909195611859332e+02,1.416878546666846717e+02,1.015750176765717043e+02,1.378951654959142388e+03,2.613672119490253181e+02,2.036779918326552092e+02,2.243378146253458283e+02,1.104450789000607074e+02,1.648673309724011347e+02,1.365852177135951024e+03,-1.386573067035333793e+02,2.829198199417828619e+02,8.979268839106337907e+01,-4.088469712127459132e+01,2.183883054745284369e+02,1.555526291826498664e+03,-1.596216999712662243e+02
5.746855262823640231e+01,9.564943932917701659e+02,1.280707479321054279e+03,9.565501745375094345e+01,8.871425273257552817e+02,1.007221705058084922e+03,3.571073194854789534e+01,1.189349633417973337e+03,9.912575414999035956e+02,8.140000000468603503e+01,5.941907321622755944e+02,9.877404173363996733e+02,-1.644835688340716331e+02,1.261607736353342489e+03,7.391461556337828824e+02,6.620714747888888496e+01,5.645607589433330986e+02,1.241236271224047186e+03,-8.061387660199696370e+01,1.369534110033436946e+03,5.430621249337400513e+02,3.493174048539947307e+02,9.827537595622462732e+02,5.384540616597518010e+02,1.358401631096670599e+02,1.113144997502717160e+03,5.293344225688836104e+02,3.285097808302772364e+02,6.419831239477792906e+02,1.428070851791478049e+02,8.124232530369079086e+01,1.388045296687245582e+03,2.547614491918853048e+02,2.210768643107203957e+02,2.394144976157020608e+02,1.244261512761665500e+02,1.687977584468540329e+02,1.374859752862883624e+03,-1.444325449116271329e+02,2.767848324596523071e+02,1.068589385935189995e+02,-4.128651308854085045e+01,2.193841240430157882e+02,1.564166783129278429e+03,-1.586475095099127088e+02
3.957717139505809456e+01,9.884699851028478861e+02,1.267014804062769826e+03,1.178379074235627257e+02,9.326629560356986985e+02,1.001103765400838029e+03,-5.709317289450948074e+00,1.211263916084672019e+03,9.593006696889596014e+02,1.806289320978105195e+02,6.562535396309378939e+02,9.991866851043889710e+02,-1.821806118868207705e+02,1.235322205942258506e+03,6.780829312064828400e+02,9.217426750431111770e+01,6.144342630257643805e+02,1.228706158672544689e+03,-8.264282019632562992e+01,1.348018020426325393e+03,4.927547794659614055e+02,3.515517444369820623e+02,1.027694884883404939e+03,5.318464914322444201e+02,1.214579259918689047e+02,1.128660624236284093e+03,5.233905769595648962e+02,3.367578844037990962e+02,6.616860373479460122e+02,1.443728564006270858e+02,6.633099728201649725e+01,1.393974991237488894e+03,2.506932277480476046e+02,2.390977137273353321e+02,2.544431964116298559e+02,1.369945995317546021e+02,1.725060239328813907e+02,1.381155692701970565e+03,-1.476517653478341003e+02,2.700525742269357465e+02,1.255573105647115284e+02,-4.048396712890576765e+01,2.207083927586322432e+02,1.570155033222137490e+03,-1.562407111987232327e+02
2.293445207920531459e+01,1.020860969519499236e+03,1.252380827337132132e+03,1.413378673102082530e+02,9.845017627522656767e+02,9.995089377328396267e+02,-4.458487076382836989e+01,1.223681422277614729e+03,9.271188022221974734e+02,2.819576208013573364e+02,7.440425749315606936e+02,1.020128179121685093e+03,-1.910693709038356758e+02,1.205647069350239917e+03,6.239154917314336899e+02,1.377621873754170849e+02,6.703168767931504135e+02,1.217007332077907677e+03,-8.044256060843437695e+01,1.331430527367746663e+03,4.530733383264386021e+02,3.498062586446378077e+02,1.068656756344739051e+03,5.264608789548402683e+02,1.077888328477167335e+02,1.140530916948688173e+03,5.202729356501763505e+02,3.449960216732268918e+02,6.820148832396001808e+02,1.447309090111070873e+02,5.699742295185286878e+01,1.397000825270058385e+03,2.482936403552486127e+02,2.582660770224624116e+02,2.705818201408461618e+02,1.470361381857549077e+02,1.757553265536099900e+02,1.385367784185832079e+03,-1.491313175893218386e+02,2.643250504584389091e+02,1.465611013961713809e+02,-3.901761873717066464e+01,2.221407918257462768e+02,1.574389006401750294e+03,-1.540092548933270393e+02
8.769038106387782250e+00,1.054885797624859151e+03,1.237662555906422767e+03,1.633630005862444818e+02,1.043008730211488682e+03,1.001549623155119662e+03,-7.809066005015357348e+01,1.228288609085372400e+03,8.973687072070904378e+02,3.738121848925464406e+02,8.559646526606539965e+02,1.046017071339467520e+03,-1.922514438181752325e+02,1.176767169298037743e+03,5.788883626292088138e+02,2.059890879533989789e+02,7.421989218881094530e+02,1.212508145301809691e+03,-7.632026613787239455e+01,1.322083065743258203e+03,4.247561973786582143e+02,3.452732236335056086e+02,1.103867696537767870e+03,5.228171322026394137e+02,9.602348335956162373e+01,1.148707069710076894e+03,5.201252593672578541e+02,3.521966149601234406e+02,7.039801923154907399e+02,1.427778594126263840e+02,5.284066471769460804e+01,1.397043502231276761e+03,2.467379004056796248e+02,2.787590293909584034e+02,2.888627099325861991e+02,1.538779030613182783e+02,1.780097472845666289e+02,1.387972550322921506e+03,-1.494458696813468066e+02,2.610500143541354987e+02,1.702851134898259886e+02,-3.748996630235307492e+01,2.232524008319309132e+02,1.577754482562098701e+03,-1.528628778658537328e+02
-2.024075314009786464e+00,1.091123566174469033e+03,1.223854133186310264e+03,1.809883005485656327e+02,1.107006722386233150e+03,1.005651738263395373e+03,-1.043100233664762442e+02,1.227760059643635032e+03,8.724783334070342562e+02,4.459045398126896771e+02,9.852015598371467604e+02,1.071611679166697968e+03,-1.874160908220240458e+02,1.152123959630186391e+03,5.443210679056586514e+02,2.934643680402296582e+02,8.397659802654272880e+02,1.218368198587838606e+03,-7.230206135625596175e+01,1.320474033776968099e+03,4.074030296433466560e+02,3.393859849910978710e+02,1.131935635257355216e+03,5.214108367869089307e+02,8.704423588881344642e+01,1.153246880064792322e+03,5.227741732162846802e+02,3.577697215463495013e+02,7.280650986222094616e+02,1.382103385651632834e+02,5.282665106113440601e+01,1.393835835496661730e+03,2.455349486726384214e+02,3.002802913034400376e+02,3.099512758455798576e+02,1.575012121780645771e+02,1.787228017385751571e+02,1.389087578206130956e+03,-1.488860963224910563e+02,2.611373428203276035e+02,1.967258132354850773e+02,-3.637659962777231470e+01,2.235798741913704646e+02,1.580701085794616347e+03,-1.529340754686106436e+02
-9.100608883471782207e+00,1.129381385844159013e+03,1.211912701076003941e+03,1.918135724483521471e+02,1.173845302888769311e+03,1.009925593109943520e+03,-1.226781482719714234e+02,1.225281773968985590e+03,8.541355928492359908e+02,4.916314044056890680e+02,1.121459419731775597e+03,1.092422259495457638e+03,-1.785001020978606334e+02,1.133660242837913529e+03,5.204833586166797659e+02,3.893876659337842625e+02,9.687838175264341771e+02,1.232295921323789344e+03,-6.971097254934109344e+01,1.325071945959793311e+03,3.995559054774760739e+02,3.336308248970817658e+02,1.152299013467409168e+03,5.226436277253756089e+02,8.119698441991747018e+01,1.154395316251053828e+03,5.278266947213093090e+02,3.617328211363001174e+02,7.542400433195582536e+02,1.315753560396621538e+02,5.546423630720422437e+01,1.387255283015586656e+03,2.445286420498601956e+02,3.220621114279476274e+02,3.339952508068932957e+02,1.585397756036275325e+02,1.776705445734523323e+02,1.388576432992863602e+03,-1.476391704964050007e+02,2.647403063282765743e+02,2.254615180244868213e+02,-3.590275519727978093e+01,2.228738723843696903e+02,1.583069821768745442e+03,-1.538606176234771112e+02
-1.270497295084252976e+01,1.168881534133403193e+03,1.202578119480993792e+03,1.944958546213187276e+02,1.239883436482328761e+03,1.012651252101156956e+03,-1.339949370700753946e+02,1.223906225439790887e+03,8.429927716814382848e+02,5.091504987713239530e+02,1.253861497977914269e+03,1.105416681950640395e+03,-1.673928236360295614e+02,1.121568388555052479e+03,5.067252780202883287e+02,4.771998114274394993e+02,1.128051637519482483e+03,1.246169275900906086e+03,-6.894750153116380886e+01,1.332789359042172919e+03,3.991486978869674545e+02,3.293128804356592809e+02,1.165420344467944005e+03,5.267705826238620830e+02,7.824427823897630674e+01,1.152680009308758827e+03,5.348086548099093989e+02,3.646618279170720029e+02,7.820350172578215506e+02,1.241223679231669905e+02,5.921658969843607423e+01,1.377665027310758660e+03,2.436802510807573299e+02,3.429955512484851852e+02,3.605706352616393247e+02,1.580803651966498364e+02,1.751331343902373021e+02,1.386371486000989989e+03,-1.460164494493165250e+02,2.712909727173948795e+02,2.557859190599402268e+02,-3.602837039561126176e+01,2.212484400844381298e+02,1.584310256786045102e+03,-1.551955926283247322e+02
-1.351892268735873337e+01,1.208647081499721025e+03,1.196226164999749699e+03,1.890099349847083943e+02,1.301329924722181431e+03,1.012695060471504348e+03,-1.400066925850556743e+02,1.225884744969806434e+03,8.386735256199765445e+02,5.008827254079710656e+02,1.373792528764359531e+03,1.108694987139664363e+03,-1.556839916046599228e+02,1.114671096048276922e+03,5.017938175157121350e+02,5.388242431899415124e+02,1.308246267779566324e+03,1.248042377060898843e+03,-6.951255475244489901e+01,1.340075443787472523e+03,4.041388087773561892e+02,3.273425404301811454e+02,1.172675999805169340e+03,5.338694577163736312e+02,7.752951622541749543e+01,1.148990173557529033e+03,5.432818130306093281e+02,3.674819941892048405e+02,8.106241057411923521e+02,1.175022049469423848e+02,6.296747942568978829e+01,1.366066128567061241e+03,2.428527365420375759e+02,3.618550461507173850e+02,3.887267769887792497e+02,1.573676754955720583e+02,1.718288901832880526e+02,1.382786845477527095e+03,-1.445253614204605981e+02,2.797767067868878712e+02,2.868942622892207055e+02,-3.652467460727868342e+01,2.191366484259188780e+02,1.583964217308342540e+03,-1.566873818823721365e+02
-1.240032645515004539e+01,1.247866438727413197e+03,1.192803674385941804e+03,1.766084744881645463e+02,1.355203710951018365e+03,1.009692829402619054e+03,-1.427615504072313684e+02,1.232175810369034934e+03,8.400485293794702102e+02,4.719550691003861402e+02,1.476521178375979616e+03,1.100563421737101635e+03,-1.444569712719538472e+02,1.111207533440501720e+03,5.041821254803688248e+02,5.601666385982030079e+02,1.493372582069762984e+03,1.225966213324858700e+03,-7.026834839982832648e+01,1.344180018186208372e+03,4.129856852289433959e+02,3.281094545538164198e+02,1.176038296616712614e+03,5.438274302566468350e+02,7.827528396745761086e+01,1.144585377979848545e+03,5.529039608204524257e+02,3.711879948162400638e+02,8.389295127064013968e+02,1.133901547224942306e+02,6.630903204629360914e+01,1.353951272395574961e+03,2.417850201877719485e+02,3.775467311155925358e+02,4.171378801716970202e+02,1.575371822299867119e+02,1.686521271475731112e+02,1.378598773823605825e+03,-1.437206669825863230e+02,2.891326748125669042e+02,3.180350402850820615e+02,-3.707305912305962892e+01,2.170941592772492470e+02,1.582100542134054876e+03,-1.583155556746439174e+02
-1.013039978200343683e+01,1.286048586976058232e+03,1.191890871944115133e+03,1.595337833374435945e+02,1.400071888550141011e+03,1.003951822016741630e+03,-1.440200923366904249e+02,1.242305451012832691e+03,8.456654747023753771e+02,4.284566451250137789e+02,1.561041803306526845e+03,1.078894649589478831e+03,-1.341728553558254760e+02,1.109574245027969027e+03,5.123875609388600196e+02,5.356872416282950553e+02,1.664489307174174655e+03,1.172139252669946700e+03,-6.988411566135143005e+01,1.343993165663955779e+03,4.247350304084440609e+02,3.314715629472051432e+02,1.177692154454779029e+03,5.563349363887465415e+02,7.987222494464691636e+01,1.140975142353476485e+03,5.634324706213866421e+02,3.765743272368583234e+02,8.657657843005505356e+02,1.131289699809835696e+02,6.951384059976146546e+01,1.342904937006595901e+03,2.402682723528962754e+02,3.892979525840748920e+02,4.443493078183534521e+02,1.594585531758519892e+02,1.663680578820131188e+02,1.374812338180667211e+03,-1.439487776667997707e+02,2.985728894124155204e+02,3.485697465223335598e+02,-3.730995072910298660e+01,2.155811605372007307e+02,1.579408480799663039e+03,-1.601429792523576907e+02
-7.252224688503205563e+00,1.322925729412347664e+03,1.192892466394275289e+03,1.405505282375820855e+02,1.436270838529317871e+03,9.961546146296647066e+02,-1.449158879361811785e+02,1.254661713957740403e+03,8.541945196580317088e+02,3.761780296762766511e+02,1.628454688651072274e+03,1.041483112097669618e+03,-1.247060751987878859e+02,1.108659176291462927e+03,5.250635939465489628e+02,4.700355389599376394e+02,1.804354701142339763e+03,1.085696660217375666e+03,-6.735034889585753604e+01,1.340069602746247710e+03,4.387451394454150773e+02,3.368429439064952362e+02,1.179690527775153896e+03,5.708831355622238561e+02,8.202669765901684684e+01,1.139650261262898312e+03,5.746910222826066956e+02,3.840441805715262262e+02,8.900165821725271371e+02,1.174846623628542233e+02,7.322815680188784881e+01,1.334130930806896004e+03,2.383676269390804805e+02,3.967418498515112333e+02,4.690633573579943345e+02,1.637065365491524460e+02,1.654153435119743847e+02,1.372225175184086993e+03,-1.451700529421288479e+02,3.077266380526340299e+02,3.779283724430441112e+02,-3.678860509761350528e+01,2.148355891195437550e+02,1.576878700810159671e+03,-1.621309201382441358e+02
-4.018364543901054908e+00,1.358221380640090274e+03,1.195283222262722802e+03,1.223563252921407525e+02,1.465520885909283152e+03,9.870150892129532849e+02,-1.458958262906160712e+02,1.267153877315330192e+03,8.647580592885047963e+02,3.200067600554145315e+02,1.679886749058307487e+03,9.873920941279949375e+02,-1.155410353720982926e+02,1.107725447375242084e+03,5.411354822211299052e+02,3.760337569526000152e+02,1.901209978804146431e+03,9.730906150789484172e+02,-6.239630133428985914e+01,1.333877613835301872e+03,4.543416343747251744e+02,3.433468485570714961e+02,1.183691421126916566e+03,5.867764341595251381e+02,8.471700480160795621e+01,1.141722844776514876e+03,5.865176164697172680e+02,3.935523326864725959e+02,9.108054819892275873e+02,1.265717996172402877e+02,7.805808718258795409e+01,1.328128777870504791e+03,2.365019611271119686e+02,3.999206336206018477e+02,4.903783165633128078e+02,1.706252737364815175e+02,1.658721720810595173e+02,1.371029215700610393e+03,-1.469694610840825817e+02,3.165618342233449880e+02,4.054982504982593241e+02,-3.489665705731271572e+01,2.148627301002714773e+02,1.575264014871582049e+03,-1.640424390374225254e+02
-4.290893291272858123e-01,1.391471381180871049e+03,1.198778431075819753e+03,1.069452368068908186e+02,1.490112897528711756e+03,9.770188359179671806e+02,-1.468483107070614722e+02,1.278003093411240116e+03,8.770413507938096700e+02,2.637697387239411455e+02,1.715102313387882987e+03,9.185333468990151005e+02,-1.060599655341865457e+02,1.106097827323431375e+03,5.599370040589107020e+02,2.700613366603759005e+02,1.950405139819085207e+03,8.461431091716995070e+02,-5.566227486024067872e+01,1.326705377181596532e+03,4.707163552955082650e+02,3.500030453287888577e+02,1.190785457361966792e+03,6.031734291212835615e+02,8.801077269804738989e+01,1.147603798325705839e+03,5.987059162384446154e+02,4.047031442140295781e+02,9.276210654207517337e+02,1.399409724628144147e+02,8.424290079289484368e+01,1.324666306764250976e+03,2.353106848923627012e+02,3.992818107632216993e+02,5.079120327426988410e+02,1.804307527908528641e+02,1.675375683130897926e+02,1.370686577376304967e+03,-1.487302210159095068e+02,3.251941633545650916e+02,4.305274841400852779e+02,-3.080470334937102450e+01,2.155003595931341067e+02,1.574649100080269591e+03,-1.654769758808689346e+02
3.661214941546696799e+00,1.422030865534398572e+03,1.203321865701261686e+03,9.507293212089464873e+01,1.512038388930050587e+03,9.663119881457923839e+02,-1.473080212500388768e+02,1.286349366106027219e+03,8.911422114824274558e+02,2.102548326825536265e+02,1.732496771197481394e+03,8.404387510323570041e+02,-9.581281707823391969e+01,1.102984726532819650e+03,5.813339017857416593e+02,1.670608144331971232e+02,1.953711658707872402e+03,7.188067145407908356e+02,-4.857162352057734012e+01,1.318806680183836534e+03,4.871730685294685941e+02,3.559190399893431618e+02,1.201424489138759327e+03,6.191529198744104860e+02,9.186121651590592307e+01,1.156870529971197129e+03,6.109563107746414516e+02,4.169599066179455349e+02,9.403823115593396551e+02,1.567614079797692170e+02,9.152864704204162649e+01,1.323054704191892142e+03,2.353933592938863057e+02,3.957261835673661494e+02,5.217986076836813254e+02,1.933012149745689214e+02,1.700462027747714160e+02,1.370176697750590165e+03,-1.498589214243573906e+02,3.337315808737113230e+02,4.521335032684974635e+02,-2.350138690126071950e+01,2.165190543916294246e+02,1.574398283067662760e+03,-1.659985282948748591e+02
8.396071006219015587e+00,1.449273794870754728e+03,1.208890530285010527e+03,8.604229156143989599e+01,1.532443969809438840e+03,9.547399912613843753e+02,-1.466771222230694320e+02,1.292437515277487819e+03,9.072208641324009477e+02,1.613015176591566160e+02,1.730352468267960376e+03,7.615626103986346607e+02,-8.468132312068902934e+01,1.097613295056747575e+03,6.057227199398114408e+02,7.725429006754333727e+01,1.917243507304167224e+03,6.039559742560699078e+02,-4.295713268409090091e+01,1.309214982525698360e+03,5.035386859637999351e+02,3.604481396093326566e+02,1.215463842986255031e+03,6.337913228238516012e+02,9.599492617741748290e+01,1.168421339418674279e+03,6.228642520741334465e+02,4.298606638926267465e+02,9.494522153333721235e+02,1.760141748036973013e+02,9.924317504306077353e+01,1.322592205757305692e+03,2.370820840091112132e+02,3.906832404254042785e+02,5.325980588655216934e+02,2.094270041810919167e+02,1.729695643030040344e+02,1.368507499872828930e+03,-1.499550606767336660e+02,3.422564007911186081e+02,4.694568289698474359e+02,-1.191597402667908767e+01,2.177353120222091434e+02,1.573535104054649992e+03,-1.652862428227580835e+02
1.376736408218068419e+01,1.472871909128946072e+03,1.215243939519628384e+03,7.798535190009761209e+01,1.551597716918375454e+03,9.420087228980258942e+02,-1.444499554813668851e+02,1.297349947473886004e+03,9.251181934230279467e+02,1.179807731178029968e+02,1.708532397745202843e+03,6.912405523749467875e+02,-7.290045613751316012e+01,1.089595587451309257e+03,6.338132185987036564e+02,5.432400344727145836e+00,1.849281919182237289e+03,5.111478512859945340e+02,-4.055750987571093447e+01,1.296287059100300439e+03,5.204209533977447109e+02,3.632780078429688047e+02,1.232302874098763596e+03,6.462529771905797134e+02,9.994125116108261864e+01,1.180879617648947715e+03,6.339714655597209685e+02,4.431316970156477737e+02,9.556004029909130395e+02,1.966453547673071967e+02,1.065006348710047064e+02,1.322957495448313693e+03,2.403600877487402840e+02,3.860969962546444094e+02,5.411688127644248425e+02,2.290172424047776474e+02,1.758934337763637359e+02,1.365227121276272328e+03,-1.488776277517397091e+02,3.509384017110356240e+02,4.819087657958699538e+02,4.918933104681810775e+00,2.190946873578734824e+02,1.571353047300324988e+03,-1.632506513086045743e+02
1.950870387610003220e+01,1.492987924355636778e+03,1.221799730830351336e+03,6.862032553033068893e+01,1.569264931852163954e+03,9.279257711776079987e+02,-1.404247236549010438e+02,1.302461574428059748e+03,9.441481515089571985e+02,8.086728460412780350e+01,1.669608003564039564e+03,6.371368397152782563e+02,-6.094986365024725927e+01,1.079265714130839115e+03,6.662157850610570904e+02,-4.774787775633852505e+01,1.758876029247780480e+03,4.456311650990417093e+02,-4.251267144844421608e+01,1.278654363789117951e+03,5.390852154906577880e+02,3.644303508282841335e+02,1.251072908922583338e+03,6.559103711504119474e+02,1.031760536935320403e+02,1.193071794904805984e+03,6.438737004959858723e+02,4.566590430249534620e+02,9.598977517892941478e+02,2.176805860993196120e+02,1.124486744898153034e+02,1.324347209360329543e+03,2.449293372653103802e+02,3.841949498066642832e+02,5.485343515807365975e+02,2.522775617459056150e+02,1.784689034417417020e+02,1.360665576840353879e+03,-1.467242300746628416e+02,3.601867205082752434e+02,4.893962107420574625e+02,2.772852132798877633e+01,2.206562090816074715e+02,1.567903797686394910e+03,-1.600875581512192412e+02
2.506361289340190979e+01,1.510260026803217670e+03,1.227744041162280610e+03,5.620997740375549512e+01,1.585184715164112504e+03,9.126522628236026549e+02,-1.348468610796570601e+02,1.308887472200885895e+03,9.631857693622318948e+02,5.031633887820320439e+01,1.618835043591382828e+03,6.032469221289499046e+02,-4.936550210818432305e+01,1.067748604858313001e+03,7.029828713579739770e+02,-8.377758824494752332e+01,1.655314012391064580e+03,4.083910825634521302e+02,-4.898564694184020851e+01,1.256073252694880011e+03,5.609584021106018099e+02,3.641795281151614745e+02,1.270823319413862464e+03,6.624880350372707198e+02,1.053014173992709033e+02,1.204360354205675094e+03,6.523294830081414375e+02,4.703725028775193095e+02,9.635423054764087283e+02,2.383241888127181198e+02,1.164900158715062304e+02,1.327279742330139925e+03,2.503377341033734638e+02,3.870280182262322910e+02,5.557647016317034740e+02,2.793749627153831625e+02,1.804383630268258116e+02,1.355793352719500717e+03,-1.437751100764757837e+02,3.707425976212467162e+02,4.924227276491560019e+02,5.692753278357907476e+01,2.224535049796700434e+02,1.564058818125210109e+03,-1.562632785357809269e+02
2.964111122974010470e+01,1.525570815919980305e+03,1.232326886856872079e+03,4.030971316338004584e+01,1.599344706895275749e+03,8.968627052805145468e+02,-1.284101640318301065e+02,1.317146422410365176e+03,9.810007643198149481e+02,2.662241921943955703e+01,1.563077903994716280e+03,5.892099916906389581e+02,-3.854361466920048684e+01,1.056701259113349124e+03,7.433089722765109855e+02,-1.047746488190594789e+02,1.547984206912778518e+03,3.968608858613071675e+02,-5.902640402957501209e+01,1.229756779858574419e+03,5.869901587977262807e+02,3.629244404154050585e+02,1.290690259988183925e+03,6.661715509578830279e+02,1.061769602623701587e+02,1.214705112120344893e+03,6.592940708103286624e+02,4.841433774663987037e+02,9.676658219615402459e+02,2.580441597076541029e+02,1.184326757622434627e+02,1.332176694784813662e+03,2.560574438611276378e+02,3.959389398940916749e+02,5.638952563558764268e+02,3.103996023000601667e+02,1.816516299264661711e+02,1.351807431384426081e+03,-1.404531531990263034e+02,3.836650431283766238e+02,4.920437976237862472e+02,9.263073338977415006e+01,2.243132381429774682e+02,1.561083743224953423e+03,-1.524454426828886540e+02
3.235417537527339249e+01,1.539719662400019160e+03,1.235162749872247105e+03,2.196940043267562004e+01,1.611947787055964227e+03,8.817086862226423136e+02,-1.220835999133943233e+02,1.327125587405943634e+03,9.966434090802448509e+02,9.997023600129244514e+00,1.509269157672322535e+03,5.910526263444320421e+02,-2.860918873434936671e+01,1.047855970695763062e+03,7.855457175111348533e+02,-1.128575185360815283e+02,1.446037287733930043e+03,4.060059946581522468e+02,-7.074761585563260269e+01,1.202054185196011304e+03,6.171874122585744544e+02,3.610634350235384886e+02,1.310047036494919666e+03,6.675996298510449378e+02,1.059510963553750855e+02,1.224483884839850589e+03,6.648479215877666775e+02,4.977657698628707408e+02,9.731937733946017488e+02,2.766128297825125628e+02,1.185365580648529971e+02,1.338971058023547130e+03,2.614733690058540674e+02,4.112047096714064764e+02,5.738876866076958549e+02,3.453284234852171721e+02,1.820823914103463323e+02,1.349692514137650278e+03,-1.373109998504581313e+02,4.002014593462871517e+02,4.897166127150070452e+02,1.347080487792518966e+02,2.257720957497994050e+02,1.559965226798417461e+03,-1.494089000957056044e+02
3.241940016151176707e+01,1.553176730829342659e+03,1.236351366861759288e+03,3.299412476173912090e+00,1.623201616039075134e+03,8.685433349578331672e+02,-1.168181764769757791e+02,1.338288543870885860e+03,1.009678790300618402e+03,4.067455344317835175e-01,1.463025064606832757e+03,6.028977485700098669e+02,-1.939792240614426788e+01,1.042567130431112219e+03,8.275676368571057537e+02,-1.101612470270003001e+02,1.357523708473729357e+03,4.295922525585788776e+02,-8.180451779949380864e+01,1.175655146533190873e+03,6.505583887040280615e+02,3.589142223813948362e+02,1.328607839772535726e+03,6.676999962606269037e+02,1.049879548676320979e+02,1.234214025493902682e+03,6.690750728117327526e+02,5.110170687191257457e+02,9.807866601772481090e+02,2.940727719866343364e+02,1.174326129934377434e+02,1.346984289088819651e+03,2.658542395429865337e+02,4.320332354566994013e+02,5.865899532542691759e+02,3.839919866308811152e+02,1.818282032678820315e+02,1.349967592936862502e+03,-1.350003022835221316e+02,4.215425453555683930e+02,4.870767561981966765e+02,1.828259515931559349e+02,2.261783644804357607e+02,1.560894212456769765e+03,-1.479305309842368672e+02
2.937476204864931617e+01,1.566047722447638535e+03,1.236356810763933936e+03,-1.340869284808560380e+01,1.633170602856284631e+03,8.584789605298655033e+02,-1.132564191584203712e+02,1.349984555702383886e+03,1.020188803950164015e+03,-2.614198922551511206e+00,1.427734875914574786e+03,6.189181189462241264e+02,-1.055896952969323621e+01,1.041507585401300275e+03,8.673852989324050213e+02,-9.898109613455842748e+01,1.288071022257780896e+03,4.614972704995892627e+02,-9.007800795409700356e+01,1.152688902916734833e+03,6.855065545480879337e+02,3.566891194220460761e+02,1.346428154819629754e+03,6.674134803236628386e+02,1.037246810489661044e+02,1.244316626404714270e+03,6.719987047211897107e+02,5.237408096551610015e+02,9.908158205572700581e+02,3.106341614602334857e+02,1.159136505104291643e+02,1.355161381656735784e+03,2.684433265684158982e+02,4.569235502564799845e+02,6.026211362988085511e+02,4.260415013696714368e+02,1.810711998685129913e+02,1.352665124019006498e+03,-1.341536624767983881e+02,4.484759435249542889e+02,4.856305940570528037e+02,2.364281368659561622e+02,2.249408674273331030e+02,1.563222494901038772e+03,-1.486463643971963506e+02
2.325349171372914725e+01,1.578245770770628042e+03,1.235739924729191216e+03,-2.663429884691138128e+01,1.641839703153429809e+03,8.519569957423658479e+02,-1.115618784143689481e+02,1.361710908441870970e+03,1.028613715868078998e+03,-5.979114817541761329e-02,1.404130751705270313e+03,6.349125355286107606e+02,-1.734401290845327459e+00,1.044555034536440871e+03,9.037937070385123661e+02,-8.169323246052169907e+01,1.239499108466058487e+03,4.969002769665552819e+02,-9.436783181332177151e+01,1.134083846586258687e+03,7.204948414941364945e+02,3.545032712187892230e+02,1.363772272439212657e+03,6.674148596807016247e+02,1.025151172547969907e+02,1.254987805560152083e+03,6.736420677458208957e+02,5.358973909640641295e+02,1.003305356190925067e+03,3.265513351507219113e+02,1.146481807690459789e+02,1.362545538732528712e+03,2.687344765620078419e+02,4.842263659494457784e+02,6.221521221566525810e+02,4.709149049684718875e+02,1.800082071328213829e+02,1.357445423195672220e+03,-1.351590392158046541e+02,4.810128329864647867e+02,4.863653976612308156e+02,2.946569779309352271e+02,2.217979136074327755e+02,1.565915786474749211e+03,-1.518451018282356131e+02
1.465160940146647661e+01,1.589734525359842337e+03,1.234914559073347846e+03,-3.625708240539588445e+01,1.649330052108984773e+03,8.485249572805869320e+02,-1.114125596650782342e+02,1.373236219534669090e+03,1.035569726990919889e+03,6.601085283042239737e+00,1.390261298687171120e+03,6.491327689431640238e+02,7.269390022449313982e+00,1.050838683879198470e+03,9.368007551713801604e+02,-6.044654151925117702e+01,1.208956003786612428e+03,5.331047002816368376e+02,-9.484496677045724766e+01,1.119378848875633821e+03,7.546525332272651667e+02,3.523877477064650066e+02,1.380905320404023769e+03,6.679420997570923646e+02,1.015189911170108417e+02,1.266170036150302394e+03,6.741728248479679451e+02,5.475648179182586546e+02,1.017839180307686661e+03,3.420349892992398395e+02,1.139303861710170764e+02,1.368732781934018931e+03,2.668163055304030991e+02,5.126478279911675600e+02,6.446697610854986351e+02,5.178153081074711963e+02,1.787888712474134820e+02,1.363725521897527869e+03,-1.379155126569035872e+02,5.181358982550685823e+02,4.893871855058454230e+02,3.562758590757361503e+02,2.169746869032769325e+02,1.568204764443207068e+03,-1.572557593761600856e+02
4.653521143105247226e+00,1.600667170073088300e+03,1.234052301464724906e+03,-4.360024807507351596e+01,1.656054799883607075e+03,8.469173633523723765e+02,-1.121206879259467541e+02,1.384573356159345394e+03,1.041730574851233541e+03,1.559931094616834812e+01,1.381889024767447836e+03,6.622039014336535274e+02,1.640720938613977609e+01,1.058906657135362821e+03,9.676334892767825977e+02,-3.688175930902730926e+01,1.189118272018078642e+03,5.696759791554364938e+02,-9.304722206535109308e+01,1.106964154816648033e+03,7.880050060475556393e+02,3.503007225523319335e+02,1.397943227209977522e+03,6.687943627891673941e+02,1.006802169430318372e+02,1.277598202768599322e+03,6.739999265586603769e+02,5.589045935076011347e+02,1.033526761302986870e+03,3.572276410857020892e+02,1.135975481036642520e+02,1.374049227974327323e+03,2.635298355346967583e+02,5.414626913145572189e+02,6.689038011357340565e+02,5.657316624552011035e+02,1.774948240493749552e+02,1.370773980873596884e+03,-1.417396887841398438e+02,5.578288652804185404e+02,4.938052702077278013e+02,4.196775160413598087e+02,2.111620724749500653e+02,1.569994525849109323e+03,-1.639801172301665417e+02
