1.722723174731634117e+02,7.608635763281874631e+01,1.853257819931739277e+03,9.414609873565864007e+01,-1.236836468778685969e+02,1.543128413339867848e+03,1.697819093089637192e+02,2.728125975741447178e+02,1.538911230412008990e+03,3.102354248554686365e+02,-2.116814460246650071e+02,1.261072913448355848e+03,3.695276797276639513e+02,3.107817630113843848e+02,1.226596287935745295e+03,4.948244374025566685e+02,-7.414675460602043700e+01,1.451463283943548277e+03,5.358413542359944586e+02,1.502561391684623970e+02,1.372795613515022296e+03,8.735411743739760482e+01,-3.422183478572228665e+01,1.070356110181432769e+03,1.854648863215878123e+02,2.052758047722428500e+02,1.141802390076624988e+03,1.572274465945619397e+02,-4.836260086651871148e+01,5.165603182946143761e+02,5.386268205475104196e+02,1.131939830489793621e+02,1.119966080073751755e+03,-1.019515121309833638e+01,-2.215803891049159535e+00,9.779417615197671942e-01,3.486075776512595326e+02,9.410163221734030969e+01,6.876668807037386841e+02,2.724223745455793164e+02,1.854879088690730171e+01,1.098580086919191068e+01,5.532640386571466706e+02,-4.387500348776924142e+01,6.360229363237158395e+02
1.740758763509145695e+02,7.617744194994757834e+01,1.851206254489422690e+03,9.448526931499593218e+01,-1.211747649794301935e+02,1.540989241942009585e+03,1.717529785244695688e+02,2.735194756773255449e+02,1.536892775754397007e+03,3.114957490586025983e+02,-2.076862134378606868e+02,1.259020069251544783e+03,3.735693153499279333e+02,3.144976725584451742e+02,1.223747618490210471e+03,4.994265125766240772e+02,-7.811174740597762423e+01,1.446123535890435278e+03,5.390140906557111293e+02,1.518114579649761993e+02,1.368283201505854095e+03,8.696870846055674065e+01,-3.206534270331111003e+01,1.067920529523319146e+03,1.858395288518040616e+02,2.076117859294669188e+02,1.141830315298881942e+03,1.584836794884533049e+02,-4.529845114945579354e+01,5.157904179157483213e+02,5.374177649589348675e+02,1.185708665874893768e+02,1.119587439727206174e+03,-7.757110615504219098e+00,1.193091080060054571e-01,3.681414282148819939e-01,3.470824243846080890e+02,9.723492110155520152e+01,6.855862971431569122e+02,2.718844762991050743e+02,2.041765175067573068e+01,1.164341845224030614e+01,5.464013559214131419e+02,-4.185975934925382091e+01,6.363640624513859620e+02
1.757661301949496249e+02,7.719339777993822338e+01,1.849610145431075580e+03,9.506839285684820595e+01,-1.183402580275127747e+02,1.539024681978237595e+03,1.736692442995370413e+02,2.750431861573277956e+02,1.535375409620858363e+03,3.124334085144445794e+02,-2.036383570679198556e+02,1.256783805251337526e+03,3.770300287040165585e+02,3.188890858911208284e+02,1.221338155549001158e+03,5.042152506726126830e+02,-8.068417175066102232e+01,1.440507792718304017e+03,5.423138276623657248e+02,1.537812053206162375e+02,1.364357338279895203e+03,8.634832000306725774e+01,-2.970013499611225427e+01,1.066273057052315380e+03,1.860601184483406882e+02,2.101256596942054102e+02,1.141997402910064011e+03,1.594821064694453128e+02,-4.276698662205032520e+01,5.155487347285358055e+02,5.364252717341383914e+02,1.226475209390925443e+02,1.119028689509642845e+03,-5.886902967515881713e+00,2.019855559489366570e+00,9.101478175753591193e-02,3.456632374356234436e+02,1.000458484661662908e+02,6.836015862428068885e+02,2.715496725994817098e+02,2.179136053772709047e+01,1.228871012172923116e+01,5.405150453408044768e+02,-4.104038122310087289e+01,6.365379679896107064e+02
1.772841010874344079e+02,7.951626743710195910e+01,1.848652110006652492e+03,9.601882454673291534e+01,-1.150697053834225727e+02,1.537313400226401200e+03,1.754946591728305521e+02,2.777682806062365444e+02,1.534601752397408063e+03,3.127556731917359798e+02,-1.996509253426077066e+02,1.254217954269616030e+03,3.795462837485803789e+02,3.242332825653227246e+02,1.219639219713866623e+03,5.091240278975684532e+02,-8.118004794762461529e+01,1.434367120384580858e+03,5.457925377198074557e+02,1.563429872513143550e+02,1.361279534347298522e+03,8.534459411076217350e+01,-2.704883696664043669e+01,1.065817069726237150e+03,1.860181024674599541e+02,2.128792016529768318e+02,1.142301228743153160e+03,1.600910799608146249e+02,-4.102493251236543870e+01,5.160578925361003257e+02,5.358097499664581846e+02,1.247124165514858589e+02,1.117944458739465972e+03,-4.910979400672586870e+00,3.181739500417920308e+00,2.891899862580102898e-01,3.445881746777666876e+02,1.022778236259199787e+02,6.815353604476719056e+02,2.715124068349115873e+02,2.239828294956919308e+01,1.285130368082903551e+01,5.364439473764597324e+02,-4.197292834425523012e+01,6.362376836166159819e+02
1.786414536877428247e+02,8.277739488689269365e+01,1.848151993017982704e+03,9.729034344294646530e+01,-1.115623857721501793e+02,1.535822267972914460e+03,1.772111491390810727e+02,2.814616623838566625e+02,1.534454052711655095e+03,3.122772047116181398e+02,-1.960461215615786159e+02,1.251267990007371964e+03,3.810869014619687505e+02,3.302434908318434736e+02,1.218688105109908292e+03,5.137525146277245085e+02,-7.989575430333169948e+01,1.427604885107009522e+03,5.493857550062232349e+02,1.593551935734480480e+02,1.358907208583816328e+03,8.394139771137479045e+01,-2.421478260509408997e+01,1.066429934560449738e+03,1.856814604305430407e+02,2.157776217551044624e+02,1.142575230342851910e+03,1.603529336101348690e+02,-3.995309145108618054e+01,5.171331533849592006e+02,5.356283510526899363e+02,1.248666540388360886e+02,1.115908999985489800e+03,-4.799078330947974536e+00,3.514975565606067942e+00,8.404971914407902700e-01,3.441746804535071078e+02,1.037786354303965197e+02,6.789705511993898881e+02,2.717206279982435717e+02,2.230775566793610665e+01,1.320983398977280210e+01,5.346800324303402476e+02,-4.434786093633395154e+01,6.351124277485662333e+02
1.799001773490218739e+02,8.616803700824894463e+01,1.847686386705481709e+03,9.869868485196089125e+01,-1.081737509678543887e+02,1.534452994622241476e+03,1.788167563763484793e+02,2.854792424705588019e+02,1.534560706571158335e+03,3.109726996199597124e+02,-1.931785033604075466e+02,1.247977448632420192e+03,3.819304095354723927e+02,3.362868978961040511e+02,1.218335868919653876e+03,5.175152851110613028e+02,-7.776302140324415291e+01,1.420260617036884469e+03,5.529327365395475908e+02,1.625442470884377428e+02,1.356763475148414727e+03,8.222556705719074444e+01,-2.134905041171398565e+01,1.067602192377702067e+03,1.850850756779957464e+02,2.186833651108816241e+02,1.142571301544697235e+03,1.604400820516744659e+02,-3.913135360536438867e+01,5.183237277660379050e+02,5.357934471056285020e+02,1.238250556167975986e+02,1.112623112491385427e+03,-5.216098603103391795e+00,3.155721095032216983e+00,1.432911133947178728e+00,3.447338079179913848e+02,1.044487149922888989e+02,6.754346769983120566e+02,2.720230949227424730e+02,2.188173884538787561e+01,1.325741100288198737e+01,5.352895560274522495e+02,-4.733236173182748985e+01,6.329912084307721898e+02
1.811279968639699405e+02,8.898608147046418537e+01,1.846831081967184900e+03,1.000100347031800823e+02,-1.051775100298103922e+02,1.533105444165202471e+03,1.803157383685177706e+02,2.891682109344186529e+02,1.534524471421176258e+03,3.089803367860128560e+02,-1.911974334120957906e+02,1.244461489768723595e+03,3.825074076954441580e+02,3.417989734098455301e+02,1.218368757103029111e+03,5.199261800739232058e+02,-7.571043094819145836e+01,1.412425977448611320e+03,5.562503446509895184e+02,1.657558980123094727e+02,1.354249448023765808e+03,8.032244252142014318e+01,-1.850197745260646087e+01,1.068736302206325036e+03,1.842979172602674964e+02,2.215540367076414725e+02,1.142089089109550287e+03,1.605634995412208923e+02,-3.805407773640072833e+01,5.191780487264377371e+02,5.360828272161051018e+02,1.224702317174179313e+02,1.108108377604620728e+03,-5.699677191838577350e+00,2.415011281777387442e+00,1.737771264791539538e+00,3.464652349762856147e+02,1.041820545364947890e+02,6.706376907212404603e+02,2.722611341235856344e+02,2.158942322129476565e+01,1.297778273343365107e+01,5.379429564392287375e+02,-5.017377814312681039e+01,6.300741613089300017e+02
1.823613835359577990e+02,9.102474665616389871e+01,1.845370439588645240e+03,1.010390822478965873e+02,-1.026369572950345770e+02,1.531700495477478398e+03,1.817079137530237460e+02,2.921835849665627052e+02,1.534122039081268213e+03,3.065382314908191574e+02,-1.899289375491002545e+02,1.240842370651398824e+03,3.831802132947441919e+02,3.466224745872629569e+02,1.218628938542274454e+03,5.208510774822136682e+02,-7.419186541019716685e+01,1.404124930311140588e+03,5.592360756524684575e+02,1.690646945525305398e+02,1.350900037368628773e+03,7.834177164151699913e+01,-1.560124565444452749e+01,1.069412141163481010e+03,1.833876815754449581e+02,2.244811536963956939e+02,1.141065926143590104e+03,1.608935690396515952e+02,-3.637177604556530497e+01,5.194603068592947466e+02,5.362181552350416496e+02,1.214637939211463618e+02,1.102708586298163027e+03,-5.864968436227279369e+00,1.684412317271458015e+00,1.575822865457191524e+00,3.494131973111733487e+02,1.028841466290450484e+02,6.645849694911983079e+02,2.723442452090212100e+02,2.178267159717540125e+01,1.247364406822657301e+01,5.420638689757190605e+02,-5.262490767534602298e+01,6.269026058953492111e+02
1.835975079232661074e+02,9.256788170827212525e+01,1.843361215391892756e+03,1.017131615211642384e+02,-1.004703785954854851e+02,1.530151994192008715e+03,1.829866543573810702e+02,2.945422994806428960e+02,1.533363947998027015e+03,3.038785064749207550e+02,-1.889536880179636853e+02,1.237155744781629437e+03,3.840676267932037149e+02,3.510798868223220097e+02,1.219077749098573122e+03,5.205928638299085378e+02,-7.313793163136907083e+01,1.395209577316273226e+03,5.619542739689392192e+02,1.726820632922647576e+02,1.346579834728937840e+03,7.635486842605281765e+01,-1.256793946128705919e+01,1.069495756182574496e+03,1.823979776684808485e+02,2.276028999518803175e+02,1.139586761496160534e+03,1.615197442926424571e+02,-3.404585818927399288e+01,5.192167586545004951e+02,5.359798970092565469e+02,1.211147942032045677e+02,1.096872030963840189e+03,-5.542923663781528454e+00,1.316946645400864480e+00,9.863211503459078378e-01,3.535157822185069563e+02,1.005935011565578634e+02,6.575052306728058511e+02,2.722734178850501507e+02,2.254539737465025695e+01,1.192712842123443195e+01,5.470614304919851065e+02,-5.493786536097683637e+01,6.240872783845632057e+02
1.848106879977617893e+02,9.406479971271701856e+01,1.841042492574089238e+03,1.020770288538680433e+02,-9.861752760877615742e+01,1.528329601305621736e+03,1.841482123382522502e+02,2.964500100284158179e+02,1.532408165539436141e+03,3.011303679247694731e+02,-1.878081941323026456e+02,1.233274422031274980e+03,3.850049381494898171e+02,3.557708914716486674e+02,1.219784343745184287e+03,5.197736717587794146e+02,-7.223417453199867566e+01,1.385334017951410033e+03,5.646471394030085094e+02,1.767743458504499756e+02,1.341532833483176319e+03,7.439459766892072423e+01,-9.445286365407545404e+00,1.069086279769922612e+03,1.813420008862040333e+02,2.309785845733250369e+02,1.137829854880789526e+03,1.624392959557445977e+02,-3.134983425861469541e+01,5.186984925946101157e+02,5.352956349442188184e+02,1.214958336909826642e+02,1.090863133706086728e+03,-4.805515647564500448e+00,1.507529587552304262e+00,1.757122742105358681e-01,3.587080960105104168e+02,9.763288927245967841e+01,6.496751069612442961e+02,2.721156079165902497e+02,2.368364096944262798e+01,1.151913890943847107e+01,5.525546419186540561e+02,-5.750977463026335101e+01,6.219583474971898340e+02
1.859730858072059334e+02,9.577634438215491741e+01,1.838674535929020294e+03,1.022405540719646808e+02,-9.712519571571097288e+01,1.526066565251904422e+03,1.852063741431365429e+02,2.980879580287926274e+02,1.531415022225796065e+03,2.982780614276463780e+02,-1.861614165006036785e+02,1.228915305381911594e+03,3.856594769818194095e+02,3.612440652989843102e+02,1.220857152738042942e+03,5.190859608559708249e+02,-7.122494193224366654e+01,1.374042379240261880e+03,5.676346173345336865e+02,1.813549658578815240e+02,1.336243170700127166e+03,7.246250295546157361e+01,-6.395049636703040719e+00,1.068377337222904998e+03,1.802088538382541003e+02,2.345450810320271273e+02,1.135988882773572413e+03,1.635605723557277713e+02,-2.871623363679249863e+01,5.182131976256408734e+02,5.342506895276201249e+02,1.226449793514300097e+02,1.084601095142415488e+03,-3.887811276738147637e+00,2.215932086260327782e+00,-6.075553641692046369e-01,3.650039858987962020e+02,9.465058822136201400e+01,6.412664145852858155e+02,2.719574295142128904e+02,2.484594036551406049e+01,1.135403409428378119e+01,5.584857354276385877e+02,-6.048851623497130703e+01,6.203532861205687823e+02
1.870654144900084077e+02,9.766232764531827115e+01,1.836412947177714841e+03,1.023012556059663183e+02,-9.605120214000046985e+01,1.523229002703772949e+03,1.862033851854128272e+02,2.995352409588361979e+02,1.530452593758043349e+03,2.951916912023433497e+02,-1.838644691740746282e+02,1.223757344148739321e+03,3.857382828517681901e+02,3.677373231002263196e+02,1.222351286720578173e+03,5.190378655967161876e+02,-7.001210644639434122e+01,1.360937934978938301e+03,5.711354090280676701e+02,1.863286611768131422e+02,1.331145517502348866e+03,7.053785861554672465e+01,-3.534539843204301146e+00,1.067524349187833195e+03,1.789766283003919796e+02,2.381976885679979148e+02,1.134204259199014359e+03,1.647237593413726415e+02,-2.649918586630625938e+01,5.179854595640674688e+02,5.330161641729017674e+02,1.246790310492070546e+02,1.077719347495835109e+03,-3.056957349729202633e+00,3.180041025041941527e+00,-1.193893503225414099e+00,3.725123412916441907e+02,9.244281768906228081e+01,6.322792533523502243e+02,2.718659598619649955e+02,2.569974359213824400e+01,1.142392483689958738e+01,5.650866095931132804e+02,-6.362837007255691901e+01,6.186606251301656130e+02
1.880799139002874654e+02,9.955825047468331945e+01,1.834276588086230959e+03,1.022883163603749921e+02,-9.526622480505332646e+01,1.519807829980755514e+03,1.872107910023609350e+02,3.008558462173465955e+02,1.529502218383887111e+03,2.917162766233043385e+02,-1.808849606585033598e+02,1.217622618243026636e+03,3.851773895952232465e+02,3.751093991843056870e+02,1.224188925347104487e+03,5.197997959133158474e+02,-6.855317821679767576e+01,1.345838169635028180e+03,5.751169046402868616e+02,1.916331441604845054e+02,1.326320665081796960e+03,6.859117343083060803e+01,-7.448180722792782094e-01,1.066577122926932361e+03,1.776265745951284885e+02,2.419184067314610331e+02,1.132520008079591662e+03,1.657509266572988906e+02,-2.477651933053743605e+01,5.180792809432020931e+02,5.317391045727765686e+02,1.277440450148746294e+02,1.069781373263960177e+03,-2.491550789427292578e+00,4.031478500206357118e+00,-1.548574092946649161e+00,3.814087858282890124e+02,9.157985442267900567e+01,6.225454219824505344e+02,2.718696904026637640e+02,2.607186899718761808e+01,1.162077022473136800e+01,5.727638006953013701e+02,-6.647875289068753091e+01,6.160839128453525291e+02
1.890256053076334410e+02,1.014516213726453628e+02,1.832194157513857590e+03,1.021614822126703785e+02,-9.434971078189433058e+01,1.515965842905997079e+03,1.883179766322388389e+02,3.022296531118667531e+02,1.528527457587046911e+03,2.877794581264394083e+02,-1.772221032328567674e+02,1.210618217761724964e+03,3.842160553707043391e+02,3.829597085746323160e+02,1.226133022697651995e+03,5.211949325324439997e+02,-6.674171933439301085e+01,1.328825295671333606e+03,5.792928632035185501e+02,1.973569178588139437e+02,1.321359991359781134e+03,6.660101060415402685e+01,2.364450556050198937e+00,1.065490511966214626e+03,1.761524685722162076e+02,2.458243144226597678e+02,1.130874410238648579e+03,1.665215152005096684e+02,-2.331146260525486014e+01,5.184028416508588180e+02,5.304605660707089783e+02,1.318599422203390361e+02,1.060499356726199494e+03,-2.222187446461692417e+00,4.463219401980518697e+00,-1.748502304377891114e+00,3.919144719215277064e+02,9.202114960691847045e+01,6.117693783585685878e+02,2.719594058973610800e+02,2.599490267148138045e+01,1.178424757376932419e+01,5.820066206291988919e+02,-6.875313507666665203e+01,6.119842761773128359e+02
1.899371523593532345e+02,1.035974518542749365e+02,1.830071157688391395e+03,1.018619192448458222e+02,-9.272209592327661198e+01,1.511992304550140716e+03,1.896096364236490217e+02,3.039725566186070864e+02,1.527526398210560956e+03,2.834679307371781647e+02,-1.728895989363875003e+02,1.203144119313628607e+03,3.833199680940929852e+02,3.908383667414182696e+02,1.227847051370844838e+03,5.228114431231311983e+02,-6.443260058203360074e+01,1.310171209015529030e+03,5.832984261713760361e+02,2.037492531689306929e+02,1.315518100481949659e+03,6.456585688911377474e+01,6.258912410672581750e+00,1.064186378959334888e+03,1.745609705066035247e+02,2.500784638078172009e+02,1.129129194010764650e+03,1.670416881562040032e+02,-2.170972700807806532e+01,5.187820342446379982e+02,5.291056064257542175e+02,1.367978490351245000e+02,1.049829465191161944e+03,-2.151765821537459100e+00,4.358552201925117942e+00,-1.908987274868021000e+00,4.043061767674220732e+02,9.298194571486610016e+01,5.996042805689346551e+02,2.721038461931391907e+02,2.566067801061542752e+01,1.176485652071897903e+01,5.933598893859785903e+02,-7.060833549661711572e+01,6.061426607008028213e+02
1.908744048961577846e+02,1.063534402379649180e+02,1.827828208937694171e+03,1.013758707192248920e+02,-8.997046126256483944e+01,1.508172353332169223e+03,1.911371823461089718e+02,3.063916556652854979e+02,1.526514552244529796e+03,2.790310400619341635e+02,-1.679698035614573257e+02,1.195738020761370080e+03,3.829905204118745701e+02,3.984271271907277878e+02,1.229034131377276253e+03,5.241774795596813874e+02,-6.160219084613154905e+01,1.290190095427660026e+03,5.869374717520115610e+02,2.111264192815026206e+02,1.308102841209036796e+03,6.250222764155626720e+01,1.117009208766562622e+01,1.062618280477410508e+03,1.728649487632084458e+02,2.547332467321811578e+02,1.127131677887785827e+03,1.674629062098076986e+02,-1.968313645220768393e+01,5.190601077512636721e+02,5.275400686805389796e+02,1.421127487116910686e+02,1.037918379716427353e+03,-2.134619110554618615e+00,3.810754964795895816e+00,-2.109456650566733593e+00,4.189341512637807909e+02,9.321370912987570989e+01,5.857767020260007484e+02,2.722723323697634896e+02,2.532624202937355662e+01,1.147997678638041386e+01,6.074039312814628602e+02,-7.263027290110316869e+01,5.988395411934957338e+02
1.918993754821981668e+02,1.098509244438075854e+02,1.825400540735822005e+03,1.007630544833552335e+02,-8.615764413576278002e+01,1.504633541177461893e+03,1.928939890213451918e+02,3.095677486503021214e+02,1.525452871023384660e+03,2.747973355924357861e+02,-1.626656656926827225e+02,1.188817916167704198e+03,3.835496403070634983e+02,4.056160197918786707e+02,1.229588923283058875e+03,5.249305357045113851e+02,-5.848558621708412630e+01,1.269099840059672488e+03,5.903281413807857234e+02,2.197377116992438175e+02,1.298880798946504228e+03,6.042788828225064179e+01,1.689978232322123475e+01,1.060793935438040307e+03,1.710784402582338259e+02,2.596435373401935180e+02,1.124786549434900735e+03,1.680258534788785312e+02,-1.725316759172870462e+01,5.191681008820614807e+02,5.256492665721401636e+02,1.473437029677496639e+02,1.024971339953560573e+03,-2.065269505051432475e+00,3.033264133174200516e+00,-2.357626031454017834e+00,4.362012038201262953e+02,9.160891607353444499e+01,5.702466777064064445e+02,2.724512599117422837e+02,2.522341850969664989e+01,1.094264796126164718e+01,6.246510099292613631e+02,-7.552177929649991484e+01,5.907424966326135518e+02
1.930375892372462658e+02,1.137632892677815022e+02,1.822718182814578540e+03,1.001290986619982419e+02,-8.188974602250218027e+01,1.501252234086714680e+03,1.948080386726037148e+02,3.132287153635257368e+02,1.524185307638579616e+03,2.710297492936196591e+02,-1.572725422846851870e+02,1.182450517519571122e+03,3.850010100248944127e+02,4.124678796644315071e+02,1.229665618810347951e+03,5.249176054698586995e+02,-5.554281011400447454e+01,1.246953922493428763e+03,5.938349003208662680e+02,2.296538011271958055e+02,1.288237996033894888e+03,5.833925717871871797e+01,2.289441851596875566e+01,1.058740707115335681e+03,1.692212517616781895e+02,2.645329845771828445e+02,1.122102329033741626e+03,1.689531568564217139e+02,-1.475971917556440971e+01,5.191279243674221107e+02,5.233910010919807974e+02,1.522608530083916776e+02,1.011144374762626057e+03,-1.927294026622942358e+00,2.229407348753825513e+00,-2.602399940235779585e+00,4.564703151476245466e+02,8.779800381385268793e+01,5.533429284838369995e+02,2.726406993275084574e+02,2.549861346693709407e+01,1.025176270968946568e+01,6.453340224041663760e+02,-7.968853079228398428e+01,5.826757359345162968e+02
1.942533641158111379e+02,1.173766312541937111e+02,1.819689547659452955e+03,9.956433068980039991e+01,-7.806928509833066698e+01,1.497674757901065732e+03,1.967627923614423082e+02,3.168200285560309908e+02,1.522446103506183817e+03,2.677814566227043542e+02,-1.520580887235853140e+02,1.176276144326348458e+03,3.870342941364778540e+02,4.191152445429531213e+02,1.229605517720417538e+03,5.241798421617048689e+02,-5.324800741450165020e+01,1.223665752398022050e+03,5.978273290336035188e+02,2.407084728212232392e+02,1.276978466183340061e+03,5.619713765783853887e+01,2.855082414495869259e+01,1.056440336584625584e+03,1.673312597984186141e+02,2.691713389245584267e+02,1.119184849673450799e+03,1.703537540757825184e+02,-1.266555742332188217e+01,5.189931651385624036e+02,5.208043494314764530e+02,1.569862162442342708e+02,9.965212432593040148e+02,-1.781162040712629180e+00,1.508400944996523885e+00,-2.775987237852659550e+00,4.799104033949479913e+02,8.236088075717454160e+01,5.357872000178577991e+02,2.728303447700246807e+02,2.618281005457502886e+01,9.548574197636789052e+00,6.691762698812227654e+02,-8.498968609812096986e+01,5.753815263668208217e+02
1.954672505962372497e+02,1.199508722723374348e+02,1.816199709494665058e+03,9.909562577569998609e+01,-7.546921674564708837e+01,1.493447602809451837e+03,1.986444949046590978e+02,3.197445143771798826e+02,1.519946553321137571e+03,2.648251301700497606e+02,-1.471182218238992903e+02,1.169645440407256046e+03,3.891718273281041434e+02,4.256548873375539870e+02,1.229759544255250148e+03,5.228155360667450395e+02,-5.183519076554480876e+01,1.199106212422050703e+03,6.024301472067762688e+02,2.525069443382561190e+02,1.265879219834390824e+03,5.393089917831097324e+01,3.355214114748404342e+01,1.053783095243285061e+03,1.654716614742059733e+02,2.735330366219180860e+02,1.116175019162469425e+03,1.721986870804315970e+02,-1.127896349838821877e+01,5.187747054401319247e+02,5.179865096749565510e+02,1.618949654700418535e+02,9.811570513061843712e+02,-1.707813395691460512e+00,8.908235878041941280e-01,-2.833354384424511707e+00,5.063422915802668172e+02,7.649186196518718361e+01,5.185460343309226801e+02,2.729746767615270073e+02,2.718423194663198927e+01,8.959746490306933708e+00,6.952972151247079182e+02,-9.081674766278310074e+01,5.693587432295371400e+02
1.966127556861126777e+02,1.211465763575487529e+02,1.812124732715870778e+03,9.868527709414306059e+01,-7.437514301350535106e+01,1.488191791772979286e+03,2.003957563006280509e+02,3.216371379307103666e+02,1.516494415625675856e+03,2.616994575065352251e+02,-1.423084615432509565e+02,1.161904820758642018e+03,3.909870482068354249e+02,4.320954125509817345e+02,1.230315604173095608e+03,5.207791951845382528e+02,-5.116240074369288493e+01,1.173220037569817350e+03,6.074327154285551842e+02,2.645140247448852620e+02,1.255283796935941155e+03,5.146093428358111055e+01,3.802328194826461072e+01,1.050579792160171337e+03,1.637205465584333410e+02,2.778274236441487801e+02,1.113157275809014209e+03,1.743808392232890014e+02,-1.056510001269496968e+01,5.184068926737847960e+02,5.150596249169711882e+02,1.673606422372517386e+02,9.651208867216283807e+02,-1.747908410263295798e+00,3.783780817474702296e-01,-2.766838862526100229e+00,5.351747766372121760e+02,7.130989433563271973e+01,5.025279020482466308e+02,2.729959566756608638e+02,2.830540798580993567e+01,8.551879397015564876e+00,7.223647122738033204e+02,-9.645300791817106756e+01,5.648043203780480326e+02
1.976921671259163986e+02,1.212408751168638332e+02,1.807356339385719593e+03,9.827266111399738691e+01,-7.448503023064489525e+01,1.481732022103842610e+03,2.020438096499154597e+02,3.225291490575049806e+02,1.512075099168082033e+03,2.578596085895431429e+02,-1.373070657433721635e+02,1.152677014836970557e+03,3.922884684579088912e+02,4.383802243698751226e+02,1.231236637551440253e+03,5.177318059307219755e+02,-5.076938866549375717e+01,1.146092724359234808e+03,6.124132204390469951e+02,2.762207210092622063e+02,1.244989331287055393e+03,4.872994190509558621e+01,4.243158314491240191e+01,1.046631136797307363e+03,1.621441222302047436e+02,2.823927862216136191e+02,1.110084059872835269e+03,1.768138682101350696e+02,-1.015231692906803929e+01,5.177775579773044683e+02,5.121408278724533147e+02,1.735198286522044953e+02,9.484894885893362471e+02,-1.873736228032900408e+00,1.989336660903190390e-02,-2.594889914422493060e+00,5.654905044361978526e+02,6.725293033260138031e+01,4.882452683213042519e+02,2.728270339017839774e+02,2.929248078366429908e+01,8.314651133739811684e+00,7.489646260295709226e+02,-1.014805030933782319e+02,5.616341339468019669e+02
1.987819716776388645e+02,1.209977848158510483e+02,1.801825263763241082e+03,9.782193039858425720e+01,-7.508406961001165314e+01,1.474117906131021982e+03,2.036803629671216527e+02,3.228287087454146445e+02,1.506846131805638151e+03,2.528655937714612776e+02,-1.317775685736469882e+02,1.141985271162302752e+03,3.931832585252705030e+02,4.444659923814349440e+02,1.232334051657486725e+03,5.130542845568587609e+02,-5.008115103070432639e+01,1.117926433656316476e+03,6.169899201657735830e+02,2.873434227394439517e+02,1.234480643561413899e+03,4.573011742156194970e+01,4.732571155758771653e+01,1.041816841346447518e+03,1.607711590477364041e+02,2.875396112134606028e+02,1.106760719525301738e+03,1.794993186802168736e+02,-9.514584162465817840e+00,5.167978894386193360e+02,5.093191846043966393e+02,1.802121358200471946e+02,9.313068773582230051e+02,-2.007603795170664451e+00,-8.422711636995396101e-02,-2.340435534996238243e+00,5.962576562496755059e+02,6.394903731129400626e+01,4.756156000632472569e+02,2.724724162061386892e+02,2.991384025366742705e+01,8.175604011941777216e+00,7.740145913196002994e+02,-1.059654589277206327e+02,5.595445206734267458e+02
1.999718868570394932e+02,1.212845440445829155e+02,1.795512939767301077e+03,9.733800948835271072e+01,-7.535785350807222471e+01,1.465540226638012655e+03,2.053986007974162646e+02,3.231440950933654221e+02,1.501049901907098501e+03,2.465246177173366675e+02,-1.255278025219365787e+02,1.130171155045580235e+03,3.939973569599663961e+02,4.504076958648332720e+02,1.233408533682276584e+03,5.060478280741622257e+02,-4.863767280033653861e+01,1.088943728687923567e+03,6.210350778142044419e+02,2.979697084364029820e+02,1.223332052473875365e+03,4.251522079632355400e+01,5.308582577840190453e+01,1.036155264017133049e+03,1.595883542310957068e+02,2.934443617498248500e+02,1.102910015283697248e+03,1.825142895024713425e+02,-8.212254803129713565e+00,5.154626889887388188e+02,5.066418621455339917e+02,1.871219376457614203e+02,9.135637245894047282e+02,-2.072209552856449033e+00,1.556948292362777542e-01,-2.016852171139947636e+00,6.265596701483127617e+02,6.063875171955318422e+01,4.640225383315012095e+02,2.720429428776062650e+02,3.004376119986758553e+01,8.036970168056070563e+00,7.970041424413356026e+02,-1.102946720025888254e+02,5.580835991065874850e+02
2.012752872848720358e+02,1.226749883923635736e+02,1.788451010842675714e+03,9.684352200023108992e+01,-7.466647569912760218e+01,1.456208295940940161e+03,2.072232785176379650e+02,3.240446664246047703e+02,1.494898497382424921e+03,2.389285838150276220e+02,-1.185638498071927245e+02,1.117687181809070808e+03,3.950985288871757461e+02,4.564008547550469075e+02,1.234358704072502405e+03,4.962220700857113798e+02,-4.624177519183446350e+01,1.059288476444661683e+03,6.247207066784382050e+02,3.085742913122801951e+02,1.211500601268015316e+03,3.919245788863294422e+01,5.981496562489722635e+01,1.029800364117428899e+03,1.585607750299549537e+02,3.001374681821515082e+02,1.098291960640389561e+03,1.859307995927106560e+02,-6.058621554279656429e+00,5.138627487985398830e+02,5.041131985660975374e+02,1.940151672829241249e+02,8.952288355080102065e+02,-2.040122802939406732e+00,7.394434451043829792e-01,-1.629960251687188943e+00,6.557186715604450455e+02,5.685878742376655026e+01,4.526124534835327040e+02,2.717301141189198006e+02,2.971243344218106941e+01,7.818345009612974295e+00,8.179390647981290385e+02,-1.147588677543253226e+02,5.567153656691695005e+02
2.025776865961591398e+02,1.252590048653479613e+02,1.780714843868120852e+03,9.634371246883613082e+01,-7.267550452712221443e+01,1.446270038208755750e+03,2.090776372688706601e+02,3.258664796912622137e+02,1.488495320786397997e+03,2.303805692925511153e+02,-1.110151000621785613e+02,1.104909093385687129e+03,3.967125352718827571e+02,4.627539300013248749e+02,1.235201761657622228e+03,4.835085961628609539e+02,-4.298394813546066473e+01,1.028992275198007974e+03,6.283829311124413834e+02,3.198879868910575510e+02,1.199338063160709225e+03,3.589854219819665815e+01,6.738723527590337881e+01,1.022974451865497372e+03,1.576622682850864976e+02,3.075542169085131263e+02,1.092816771251825685e+03,1.897309123670024746e+02,-3.145337124884862057e+00,5.121445126172973232e+02,5.017069211683431149e+02,2.009198688030041922e+02,8.763131510134743394e+02,-1.950782362651467761e+00,1.546191691552029512e+00,-1.191830224652326686e+00,6.832617482468011758e+02,5.294023853802662671e+01,4.406607966628681652e+02,2.717262391335192433e+02,2.909042761062989513e+01,7.488893632292108471e+00,8.370451452918146060e+02,-1.191381047028232274e+02,5.548754659145259893e+02
2.036676045965408548e+02,1.287197055344147429e+02,1.772413498585606249e+03,9.581491864963528826e+01,-6.935009040370165678e+01,1.435813300301326080e+03,2.108080323827128950e+02,3.286318326344549519e+02,1.481827560357755374e+03,2.212565573213584003e+02,-1.030083540746976496e+02,1.092064201084026308e+03,3.988225177295151411e+02,4.697942739447797749e+02,1.236017630812296375e+03,4.682813415051807624e+02,-3.917252983499624719e+01,9.980243316538673071e+02,6.323106458364754872e+02,3.326705749454133070e+02,1.187360645179422590e+03,3.277240861056667143e+01,7.556968514194313968e+01,1.015869000905033658e+03,1.568938935483561181e+02,3.155823547730259406e+02,1.086585407610597258e+03,1.937860436729728804e+02,2.488670280123289336e-01,5.104430608953437627e+02,4.993851109964342641e+02,2.081526590720033028e+02,8.569195737137688411e+02,-1.884389286629759130e+00,2.381458983539546992e+00,-7.342927030480227435e-01,7.087911916983139236e+02,5.001608382080083715e+01,4.278115857470148171e+02,2.721351251654569978e+02,2.840523238658642313e+01,7.077569279585642192e+00,8.544277058307691277e+02,-1.225467448189325665e+02,5.520308187412873622e+02
2.043377628943032391e+02,1.325768076197794869e+02,1.763673884797346773e+03,9.522907598478113300e+01,-6.488043985817027703e+01,1.424921385553885557e+03,2.122506274683013316e+02,3.320979948019900689e+02,1.474819470451256620e+03,2.118733097295634025e+02,-9.461171680768342185e+01,1.079263019473195982e+03,4.011961908514859374e+02,4.777441774718489000e+02,1.236862835171672714e+03,4.511788990987252532e+02,-3.522704276821612268e+01,9.663856712625678256e+02,6.365980580668830271e+02,3.474791513875028954e+02,1.175964819778019091e+03,2.993631586643430964e+01,8.411689198558711666e+01,1.008565799699654917e+03,1.562772798146633590e+02,3.240679614913477167e+02,1.079831348809557312e+03,1.979183547920324884e+02,3.788418200008228709e+00,5.088264129857454350e+02,4.971148442526404665e+02,2.161887747036408030e+02,8.372500875689877375e+02,-1.910098516147450187e+00,3.073071526570700929e+00,-3.099253577559115125e-01,7.318828349525593921e+02,4.955464188586127250e+01,4.140893373568026732e+02,2.729253985245349554e+02,2.782701311583608828e+01,6.658166256308995834e+00,8.698972714818125951e+02,-1.236507907655951044e+02,5.477502690302239898e+02
2.044968061377860522e+02,1.364361993283484082e+02,1.754621120641831340e+03,9.459358174444213319e+01,-5.959341927352963353e+01,1.413720682177526442e+03,2.133012782625908415e+02,3.359068188847103897e+02,1.467408886117196744e+03,2.024167625870249196e+02,-8.590368503303089653e+01,1.066551229435955065e+03,4.035163077023975120e+02,4.866317140424057470e+02,1.237696769461017539e+03,4.328280198035551507e+02,-3.157312602229812271e+01,9.341903254669495027e+02,6.411333005987668230e+02,3.645246403954591869e+02,1.165269841574468273e+03,2.748757978544820446e+01,9.280033150429190414e+01,1.001021320180079442e+03,1.558262846170808587e+02,3.328026499808419203e+02,1.072794353895527365e+03,2.019991234327091547e+02,7.184377318053059902e+00,5.072783803665068945e+02,4.948776185632824536e+02,2.254495652066467244e+02,8.175763446951168589e+02,-2.041612596846004379e+00,3.553425282074960112e+00,2.429835240175529792e-02,7.521037803048953947e+02,5.271723450030111024e+01,3.997265883717050770e+02,2.739511999003136111e+02,2.738495322546834032e+01,6.315898929736995626e+00,8.830560646093288142e+02,-1.211636266295605111e+02,5.417666772971003866e+02
2.042248480436403213e+02,1.401353688698041253e+02,1.745363746474227810e+03,9.397040740211539855e+01,-5.386123451182945843e+01,1.402376760319007644e+03,2.139542718461308652e+02,3.397741466415134255e+02,1.459606986107625062e+03,1.929396510677266292e+02,-7.709703422941079509e+01,1.053920139651367435e+03,4.055378086628221581e+02,4.962966792155461917e+02,1.238351457789184906e+03,4.136044631225214516e+02,-2.854412263946088046e+01,9.017037102495635281e+02,6.456930777105288826e+02,3.836683594086149469e+02,1.155149309592445206e+03,2.549452319630008290e+01,1.014114465984280145e+02,9.931189371969586546e+02,1.555149913872006948e+02,3.415476807034841613e+02,1.065594875056742694e+03,2.060169325250647887e+02,1.025525510861351819e+01,5.057216958405588230e+02,4.926735303882545054e+02,2.361101723358201525e+02,7.981920605608054302e+02,-2.225472413822982443e+00,3.878204964659259346e+00,2.332907606918826204e-01,7.691439948455143849e+02,5.991354799386466112e+01,3.849406286179906829e+02,2.750248540587524531e+02,2.696362596425150215e+01,6.109389423624158155e+00,8.935759996713686633e+02,-1.143674095337664056e+02,5.339879917250872268e+02
2.037417136092830958e+02,1.437561246156022889e+02,1.735987998535370025e+03,9.345279986609563139e+01,-4.800485382810857260e+01,1.391044036132502924e+03,2.142996552057694259e+02,3.436331210543518750e+02,1.451514917210868134e+03,1.833943031733919895e+02,-6.857927088295650719e+01,1.041286142661190524e+03,4.071905553226741290e+02,5.064964793968006234e+02,1.238569301564302577e+03,3.935277651127319132e+02,-2.629332914293104650e+01,8.693436412291229090e+02,6.500569687227880422e+02,4.045411349514435528e+02,1.145398092949928014e+03,2.399041257517459158e+01,1.097916873221735017e+02,9.847515261880287198e+02,1.552656036291610064e+02,3.501150449588735682e+02,1.058174740381329684e+03,2.100802146719816221e+02,1.296275517984208392e+01,5.040598844193749528e+02,4.905256512635385207e+02,2.480154769528778900e+02,7.793509568611939358e+02,-2.363924794213077440e+00,4.177420929829445129e+00,3.228097362753702404e-01,7.829717389206421103e+02,7.077848326200729900e+01,3.697860274467230397e+02,2.760000398552249408e+02,2.638371117854041970e+01,6.042609043953834913e+00,9.014904766945801384e+02,-1.033830596568507474e+02,5.244295237803839882e+02
2.033089672617759618e+02,1.475297988689111151e+02,1.726551733015896843e+03,9.311093414814880020e+01,-4.221542571493034046e+01,1.379809550824524422e+03,2.144910742045169059e+02,3.476515314446019147e+02,1.443290122793152477e+03,1.736565282894380005e+02,-6.079329225009432491e+01,1.028494610830524607e+03,4.085857244674937192e+02,5.170436665911590808e+02,1.238113538453629644e+03,3.723073242174351094e+02,-2.475180937657732372e+01,8.376546886291715737e+02,6.540712466699312699e+02,4.267100939436855924e+02,1.135932025896780260e+03,2.296648826215823647e+01,1.178867152137884489e+02,9.758819885399545910e+02,1.549711565550531986e+02,3.584541660038245254e+02,1.050331214943814985e+03,2.143683255398369170e+02,1.542974391906105858e+01,5.022101105168199524e+02,4.884869761613729793e+02,2.607475028849858631e+02,7.611854605108443366e+02,-2.355247755541517662e+00,4.578281932161827328e+00,3.357315263921163973e-01,7.939065580824587869e+02,8.453491007041644423e+01,3.541375541092265280e+02,2.768238784773504335e+02,2.552034493786639047e+01,6.056106489414243121e+00,9.073255141292588632e+02,-8.904083911684608665e+01,5.130959448527529503e+02
2.031214598421769040e+02,1.516853165850251344e+02,1.717065262320984402e+03,9.294350055326064819e+01,-3.653519127357844809e+01,1.368670940691096121e+03,2.147021463368415368e+02,3.521046239566713894e+02,1.435076192736495841e+03,1.635234698214142952e+02,-5.401959992981796432e+01,1.015386380300322344e+03,4.099373300913170510e+02,5.278811230317646732e+02,1.236911560900863606e+03,3.494916375240424600e+02,-2.367736370831998727e+01,8.072508420054426779e+02,6.576486576025598652e+02,4.498130444284865348e+02,1.126926309687787580e+03,2.237132252082432515e+01,1.257655617519068727e+02,9.665512627378728894e+02,1.545470701072187012e+02,3.666629336670042676e+02,1.041822632492590628e+03,2.190690992480355135e+02,1.791889871501189191e+01,5.001115408970670728e+02,4.866443496502418498e+02,2.738222374037533768e+02,7.436254417250851247e+02,-2.132525972459801356e+00,5.152139169577035105e+00,3.257383066671188376e-01,8.025553846883623237e+02,1.004979674613612843e+02,3.377849426684333594e+02,2.775360057777411953e+02,2.438886807474606755e+01,6.039940384743831103e+00,9.119918549789949793e+02,-7.241853269727229758e+01,4.998982886763127453e+02
2.032418704546232107e+02,1.563078156748085235e+02,1.707465470856631555e+03,9.286974040517046092e+01,-3.091113835070683535e+01,1.357562678304041810e+03,2.150835070686336223e+02,3.571778324425627602e+02,1.426929779398931714e+03,1.527064549063065613e+02,-4.821031340214710781e+01,1.001911276864779666e+03,4.114483770891133076e+02,5.390493212690497558e+02,1.235147842161903782e+03,3.246484487955544296e+02,-2.279440056865915309e+01,7.787202253697946617e+02,6.607354461350191741e+02,4.736228354209267764e+02,1.118829680989201051e+03,2.212169466121435590e+01,1.335603135312193501e+02,9.568438288082304553e+02,1.539846761667805879e+02,3.748941597399171428e+02,1.032491720623879701e+03,2.243280215082971267e+02,2.075034088248526132e+01,4.977144686506402991e+02,4.851076256609345023e+02,2.869257114869768088e+02,7.263741475655455133e+02,-1.691572368780585034e+00,5.914520216696356414e+00,3.262235395384691650e-01,8.096339854912251894e+02,1.184286752939128604e+02,3.205815479885565082e+02,2.782192069297882426e+02,2.314878745898992563e+01,5.864559841379161753e+00,9.164861690194305766e+02,-5.429459873765703293e+01,4.846894820411514502e+02
2.035998761792085077e+02,1.612817919279462160e+02,1.697614493001920437e+03,9.276718426453417976e+01,-2.527754674216072317e+01,1.346415358182184264e+03,2.157276818438491546e+02,3.628294249285538058e+02,1.418786786602561051e+03,1.408545791463600949e+02,-4.299311671491761189e+01,9.882281616143129668e+02,4.132188278627496061e+02,5.505804490804709985e+02,1.233226872217569053e+03,2.975110977213505521e+02,-2.195523306956827270e+01,7.525096032620609776e+02,6.632808611845542828e+02,4.980488025703126027e+02,1.112231184017046871e+03,2.212140264418570368e+01,1.413598122917937587e+02,9.468482464760145376e+02,1.533742372273132162e+02,3.832205270429851112e+02,1.022350836895111684e+03,2.302096726626717498e+02,2.417881642131851905e+01,4.949708636934066135e+02,4.839760409071035951e+02,3.000659696802910616e+02,7.089991089816018075e+02,-1.105127077927896107e+00,6.866593170307888627e+00,3.365578809092723001e-01,8.157507887984536410e+02,1.385670080511392825e+02,3.025765933472264919e+02,2.789296060661291676e+02,2.202902927465411054e+01,5.419909701428767157e+00,9.215443424909529995e+02,-3.480371812346695748e+01,4.674217747689934299e+02
2.040421326184134898e+02,1.663649060267678408e+02,1.687352752538834011e+03,9.252734640667632959e+01,-1.959544605260524364e+01,1.335214817066914065e+03,2.166498259685687344e+02,3.688091166101190765e+02,1.410495523408585996e+03,1.276238593658753331e+02,-3.784608705613916158e+01,9.747256017143373583e+02,4.152115315127725239e+02,5.624013041237443531e+02,1.231596706413429729e+03,2.680471075668816638e+02,-2.122932264344494868e+01,7.288351153622248830e+02,6.652211625708931706e+02,5.230957589374189638e+02,1.107613501021492539e+03,2.227845863522757597e+01,1.491500033486919108e+02,9.366445399444424993e+02,1.528801897623917228e+02,3.915664057079150098e+02,1.011596070760943007e+03,2.366657430209949382e+02,2.829653584431516222e+01,4.918459316814561362e+02,4.832891111727740849e+02,3.135551955317255306e+02,6.911326889391282293e+02,-5.168340040859579210e-01,8.036105063471342902e+00,3.341361433038667617e-01,8.212400904768443297e+02,1.613796853562273839e+02,2.840642984051260100e+02,2.796467878844909478e+02,2.122415550150792285e+01,4.648550237018593378e+00,9.274100203023715494e+02,-1.345565739153502527e+01,4.483244288749143607e+02
2.044030598756527866e+02,1.713696463838269324e+02,1.676596923983968509e+03,9.209149764475857580e+01,-1.381311167497392844e+01,1.324027618327562095e+03,2.177925461851518207e+02,3.748232675230265727e+02,1.401906703002130598e+03,1.127722033116453844e+02,-3.233421944035568174e+01,9.619372548541941796e+02,4.172780865458087192e+02,5.743135143667415150e+02,1.230523121601488810e+03,2.364373087148794639e+02,-2.087131894485222716e+01,7.076722760335570683e+02,6.664746563862490802e+02,5.487960655169491702e+02,1.105099385683677383e+03,2.251484609597173403e+01,1.568649027738906057e+02,9.263179187056516639e+02,1.526786144251173027e+02,3.997673072057760351e+02,1.000548409815099490e+03,2.435194617423848626e+02,3.302485463239349883e+01,4.883507802641583453e+02,4.829870463224251012e+02,3.278339728975850562e+02,6.726881712085968275e+02,-1.038634287538829637e-01,9.477085719889828397e+00,2.997661069202459116e-01,8.260998753288088210e+02,1.872149943750764578e+02,2.655125535747204708e+02,2.802767646230390710e+02,2.082097348627963029e+01,3.560355812060289171e+00,9.338141595837442992e+02,1.053634102478859091e+01,4.279612020149407385e+02
2.045708403570461655e+02,1.763516040427438725e+02,1.665424846419565938e+03,9.144874010609973425e+01,-7.785591493747737957e+00,1.312977234360514785e+03,2.190552671587116720e+02,3.807353585712929203e+02,1.392969076229338270e+03,9.624337253242251222e+01,-2.626591267674793428e+01,9.503861172201565068e+02,4.192202703816043368e+02,5.860661827863403914e+02,1.229956126053244816e+03,2.029966085762111447e+02,-2.118704190517712505e+01,6.888447832877750443e+02,6.669492698416834173e+02,5.751371559966265750e+02,1.104343624167234111e+03,2.277155431493225635e+01,1.645137650786281256e+02,9.159683317331340504e+02,1.528893318406457524e+02,4.077152424945604139e+02,9.895458060901919453e+02,2.504901049689830188e+02,3.819806439846021107e+01,4.845718043384609928e+02,4.829110781257820122e+02,3.432436517296752641e+02,6.539586435512488833e+02,-6.783247536993254612e-03,1.122163343987484296e+01,2.334048600537004248e-01,8.300373414555850786e+02,2.160773614501153759e+02,2.473942296297948928e+02,2.807102254255418075e+02,2.078721867124835043e+01,2.226060491167443089e+00,9.401444872379445314e+02,3.783720058825147703e+01,4.070974396401089734e+02
2.045322894024930065e+02,1.816718218122357484e+02,1.654079076305260742e+03,9.060997115790492273e+01,-1.238633016690298794e+00,1.302183566464313117e+03,2.203360140170991315e+02,3.866635064698174915e+02,1.383766977912929860e+03,7.821059929711867653e+01,-1.968816881201552249e+01,9.404303780466402714e+02,4.208566279158695238e+02,5.974789349447235054e+02,1.229582055437032068e+03,1.680968770621796580e+02,-2.235775505325512924e+01,6.721684138514009419e+02,6.665698455640950897e+02,6.020204094690224110e+02,1.104680147706791104e+03,2.301457719963743642e+01,1.722720945550954070e+02,9.056856773846545821e+02,1.535381800109903452e+02,4.154785859664435179e+02,9.788253032858597180e+02,2.572697211699344280e+02,4.367276800313045726e+01,4.806651679538040298e+02,4.828587931049454482e+02,3.598789952587909511e+02,6.355201834461234967e+02,-2.516601653208817013e-01,1.322001253603984061e+01,1.470525577647820437e-01,8.325816345875372235e+02,2.476313717552576747e+02,2.300045747349595899e+02,2.808991205679681684e+02,2.101339485238503713e+01,7.578872152158312447e-01,9.456954066364741038e+02,6.872266005545299095e+01,3.864333213720713047e+02
2.043841269413718464e+02,1.878589988715281436e+02,1.642869690653241832e+03,8.958623301560275820e+01,6.163019230456977304e+00,1.291702924083176185e+03,2.215668989065223684e+02,3.929040833705090563e+02,1.374471071632217900e+03,5.906597464549696497e+01,-1.274992654354738875e+01,9.321789720744799297e+02,4.220730871370884074e+02,6.085425165765316251e+02,1.229033143578631098e+03,1.321383626254315971e+02,-2.428896639898285059e+01,6.575630665551998391e+02,6.653199775229942361e+02,6.292733558563249971e+02,1.105490351713052860e+03,2.324303701322622118e+01,1.804435487219213599e+02,8.954944157502004600e+02,1.545667627049297437e+02,4.233077427515759155e+02,9.684405987221746273e+02,2.636294299874829221e+02,4.937851500747304812e+01,4.768057589362782096e+02,4.826776666946142313e+02,3.776010693050855025e+02,6.179764602436796395e+02,-7.119043440199386286e-01,1.532285412602697861e+01,4.513150732747359811e-02,8.332087597058166466e+02,2.814076398257862479e+02,2.133613896546821422e+02,2.808956328462683700e+02,2.137206614940926741e+01,-7.115581453118901001e-01,9.498824690424345363e+02,1.030913994675780430e+02,3.663440373896463598e+02
2.043020249858723218e+02,1.953304220607489867e+02,1.632031756873732547e+03,8.838783435463541593e+01,1.467040280951421138e+01,1.281510140549702555e+03,2.227297838098478735e+02,3.997306814224198774e+02,1.365236982560333445e+03,3.935326019280284271e+01,-5.542591082316255857e+00,9.255079077718241933e+02,4.228466326117772951e+02,6.194368875722872190e+02,1.228123011020876902e+03,9.556347287519244560e+01,-2.653691202747041800e+01,6.450688319100021317e+02,6.632726462323530541e+02,6.566929225179629839e+02,1.106596752530844469e+03,2.349636767185805297e+01,1.893068807417944015e+02,8.853111533530185397e+02,1.558793257817683866e+02,4.315322175584939828e+02,9.582542239311649155e+02,2.695019773770379743e+02,5.527991323069367979e+01,4.731148515742462450e+02,4.823474679792209940e+02,3.961990562440485633e+02,6.016794044439701565e+02,-1.148192667206794582e+00,1.733490566517053466e+01,-8.123692537753697540e-02,8.314396021392811917e+02,3.170899650386016901e+02,1.972368169889071510e+02,2.808200863071097046e+02,2.175811331156140938e+01,-2.047711133991516608e+00,9.523622177673512397e+02,1.407209853458690532e+02,3.467561445140419778e+02
2.044708587980196057e+02,2.041507426685410280e+02,1.621629891452123275e+03,8.703622365662816662e+01,2.433570216401644970e+01,1.271540904273318120e+03,2.238500207085740783e+02,4.072101792754163512e+02,1.356127305333923459e+03,1.965344822694836324e+01,1.980641616630472335e+00,9.201623425383007771e+02,4.232366310882503626e+02,6.304570610505293189e+02,1.226965994206039795e+03,5.886176387538903754e+01,-2.834602993650219815e+01,6.347765984378555686e+02,6.605817235268191325e+02,6.840707721169577553e+02,1.108434420890721412e+03,2.385811601353863409e+01,1.989636418452909083e+02,8.749658692442245638e+02,1.573966455296926199e+02,4.404367942970065428e+02,9.480167717041565538e+02,2.749901142248552901e+02,6.130129740476785116e+01,4.696106826414027751e+02,4.819930402683586408e+02,4.156068161236914875e+02,5.865760703348901188e+02,-1.318897610409078602e+00,1.911855382781507728e+01,-2.302255916875842745e-01,8.269042276974323613e+02,3.547338776127821234e+02,1.812943840582783537e+02,2.807768583184830504e+02,2.209369228219235382e+01,-3.133805974213164980e+00,9.530578773822146559e+02,1.815968142456386261e+02,3.272090584298542240e+02
2.049984955652591623e+02,2.140071964715961315e+02,1.611567106252192616e+03,8.556804376474136120e+01,3.502860837730877108e+01,1.261771625876498774e+03,2.249749206674204061e+02,4.151702240507801775e+02,1.347112623975918723e+03,4.485359389189851331e-01,9.976459021447382725e+00,9.158938578489012343e+02,4.233465674050971188e+02,6.418909682613615360e+02,1.225920202890206156e+03,2.252104591914175913e+01,-2.881109086397450625e+01,6.267474662057832120e+02,6.574341352350945726e+02,7.111814240591128282e+02,1.111873357325071311e+03,2.445401197007998206e+01,2.093042025637166432e+02,8.642970875726555278e+02,1.590852431604772335e+02,4.502030193488548662e+02,9.375013081371861290e+02,2.802922120967594992e+02,6.729745947950065954e+01,4.662142246060637376e+02,4.818018676603908261e+02,4.360399345541626985e+02,5.722597631086924821e+02,-1.101456070224648975e+00,2.068307528980285781e+01,-3.529670276513377503e-01,8.193917861895207579e+02,3.947927629042881676e+02,1.652536888856329824e+02,2.807792060887589400e+02,2.230789997694201077e+01,-3.896519261813978119e+00,9.521166017324811719e+02,2.260927909880199138e+02,3.070645146474441844e+02
2.058511695939504023e+02,2.244342642887927468e+02,1.601676811239365179e+03,8.402135189320688369e+01,4.657975948665601607e+01,1.252283969175467291e+03,2.261470162922886402e+02,4.233424589342275794e+02,1.338141416658522303e+03,-1.799635709766548430e+01,1.861101093402755069e+01,9.125719894357023350e+02,4.232725957490550854e+02,6.539143214730173668e+02,1.225404224460490923e+03,-1.306914404821003295e+01,-2.715251511093391557e+01,6.209971027467358908e+02,6.539980871466162853e+02,7.377713961965415592e+02,1.117784079810131743e+03,2.543741418101844332e+01,2.201093164894563756e+02,8.532707227265634629e+02,1.609461561577938369e+02,4.609267889730890033e+02,9.266242007853577434e+02,2.855897044949257975e+02,7.310850206725405087e+01,4.628073662855454131e+02,4.818860928165848918e+02,4.579483774436857288e+02,5.581922854513834409e+02,-5.504265197616426963e-01,2.219496030147042376e+01,-3.465906316265237042e-01,8.089031295637530548e+02,4.379122353437695665e+02,1.490072189190968857e+02,2.807392592822142774e+02,2.231861055145577311e+01,-4.332799244880102485e+00,9.498211029928530706e+02,2.748559575439462606e+02,2.857750363637755981e+02
2.068480358928453882e+02,2.351369465109486327e+02,1.591821611243631423e+03,8.241642389281662417e+01,5.893493133644334847e+01,1.243265707601322674e+03,2.273829201046470700e+02,4.315772864481530746e+02,1.329213566160797427e+03,-3.568950508264734367e+01,2.795202302660242211e+01,9.102286579143320751e+02,4.230635238828755860e+02,6.665468294974309629e+02,1.225703271597862340e+03,-4.770805471072539916e+01,-2.303965464046953215e+01,6.175606237239659322e+02,6.504079189403557848e+02,7.636041920410733610e+02,1.126596795882650667e+03,2.695414673687171714e+01,2.311959387215508741e+02,8.420420037641457611e+02,1.629722478387076592e+02,4.726534985436406373e+02,9.154851338622540879e+02,2.909639415559811368e+02,7.865927278654973520e+01,4.593081268765704976e+02,4.821806664876887680e+02,4.817832805313158246e+02,5.439790464315101417e+02,1.427922977347254596e-01,2.389104130963979600e+01,-1.018667950206423173e-01,7.956879672147364317e+02,4.845823928676886112e+02,1.326581181669668581e+02,2.805307270185659831e+02,2.204251951341563753e+01,-4.521688714358325534e+00,9.464705324068219170e+02,3.284316397894708075e+02,2.631093437244598476e+02
2.077279417467746327e+02,2.461910197191331520e+02,1.581933508983748197e+03,8.075410487652175107e+01,7.219216809377779498e+01,1.234939385824683313e+03,2.286669065563549452e+02,4.399810450326728528e+02,1.320394263007407517e+03,-5.288062177582353485e+01,3.791688954820463664e+01,9.090324292150982046e+02,4.227087313775177222e+02,6.796769865845270715e+02,1.226869256722209229e+03,-8.141067293962656493e+01,-1.681762586767096579e+01,6.165793680622866759e+02,6.467895893546901789e+02,7.885631280796397959e+02,1.138090513036896027e+03,2.909096970192579334e+01,2.424950889691058649e+02,8.309105496155374340e+02,1.651037657951856374e+02,4.853743384914527041e+02,9.043058232690148088e+02,2.963831419663239330e+02,8.402541216481866115e+01,4.557191964954307082e+02,4.824577046615910945e+02,5.077042009185286133e+02,5.295626427149321671e+02,7.590184445097276633e-01,2.593966967804635004e+01,4.199673921997090775e-01,7.802105764187150498e+02,5.348382353206907283e+02,1.164942379319104759e+02,2.800786667037775715e+02,2.143728802913680909e+01,-4.603297432944781775e+00,9.422454132634261441e+02,3.868523563562145569e+02,2.392525840322575732e+02
2.082611990074868800e+02,2.579951880580018155e+02,1.571990406989147232e+03,7.903990929968632884e+01,8.649887465421402055e+01,1.227459446662891423e+03,2.299612733989651758e+02,4.488929236042144453e+02,1.311760029075862576e+03,-6.994552197817958472e+01,4.831751835262940631e+01,9.092224052753728074e+02,4.221509008529768039e+02,6.931386598233062841e+02,1.228749478667488575e+03,-1.143464674280716906e+02,-9.463157166768569439e+00,6.183251356233770366e+02,6.432873186362520528e+02,8.127430174885175802e+02,1.151490314264420022e+03,3.183118136789437003e+01,2.540240679044304386e+02,8.201904400969215203e+02,1.672156248406892587e+02,4.989883190320472295e+02,8.933085170326725120e+02,3.017456576242776691e+02,8.941762551049939134e+01,4.521243609268994987e+02,4.824566144676282988e+02,5.354157107910906461e+02,5.152525506446414738e+02,1.159484876274771592e+00,2.833168592268709318e+01,1.143570922980365001e+00,7.629982589069726373e+02,5.881825715762319078e+02,1.009279945035909805e+02,2.794141651293425639e+02,2.054993547874585147e+01,-4.722945711624523923e+00,9.370802860144423221e+02,4.494577630098410737e+02,2.147506139486570476e+02
2.083489463278596645e+02,2.710270391407919988e+02,1.561976130969870383e+03,7.731433042819517709e+01,1.019095856251201013e+02,1.220842013194631136e+03,2.312252785801812536e+02,4.587316730661584643e+02,1.303327875722459794e+03,-8.722559565015313865e+01,5.898901552053932562e+01,9.110381362842820181e+02,4.213065729964805541e+02,7.068157245880911432e+02,1.231102200608833073e+03,-1.467027698106293201e+02,-2.205763404835992425e+00,6.231211338873158638e+02,6.400465190926393007e+02,8.364503991639395508e+02,1.165778564150444026e+03,3.504803740920374366e+01,2.658090527753666379e+02,8.100737707015772457e+02,1.691516289953322882e+02,5.132866539516348894e+02,8.826069215787472331e+02,3.069308423856281820e+02,9.510100415607587365e+01,4.486371555025047542e+02,4.820382170339016170e+02,5.642610890686656830e+02,5.015914087910260832e+02,1.333727459628978984e+00,3.086718415016361661e+01,1.912969817841977838e+00,7.444017698229193911e+02,6.437673629869294700e+02,8.641620291406609056e+01,2.786604171633046576e+02,1.953218588391584021e+01,-4.965152586977630733e+00,9.305814300875008485e+02,5.150684390048054411e+02,1.903363661049014581e+02
2.080564598141785666e+02,2.855733727525721406e+02,1.551873342383967156e+03,7.565645933250895894e+01,1.183340866975721468e+02,1.214971853152599351e+03,2.324299543707298881e+02,4.698122014073144328e+02,1.295033854590481724e+03,-1.048776801852134923e+02,6.992058955460980485e+01,9.146639502114772995e+02,4.200807041114632057e+02,7.207407005749379323e+02,1.233722203157444937e+03,-1.785126523867167805e+02,4.019460353860393020e+00,6.311936227471798020e+02,6.371464418401989178e+02,8.600949626731046465e+02,1.180049634738559234e+03,3.855066142097548010e+01,2.778439450547278966e+02,8.005655540672273673e+02,1.707903170682889424e+02,5.280070846432679446e+02,8.721637122926806569e+02,3.118223854127045342e+02,1.013093617377926421e+02,4.453296362424358676e+02,4.812471506656638667e+02,5.935440776130969880e+02,4.891279260718140449e+02,1.371473957428404500e+00,3.324668114364327920e+01,2.584453260600872326e+00,7.243853750094272073e+02,7.007078258505747499e+02,7.336377025140996011e+01,2.779646152320449914e+02,1.860008435418156481e+01,-5.317852019977024725e+00,9.220349326340964353e+02,5.824093526433341594e+02,1.667264957801730532e+02
2.075645517544341772e+02,3.015948833750393874e+02,1.541698604322753226e+03,7.414450717825522474e+01,1.356197158167743169e+02,1.209682248818568723e+03,2.335614704717953316e+02,4.822252131814657332e+02,1.286788743853828691e+03,-1.227890230309887585e+02,8.128390239931717076e+01,9.201881664219380355e+02,4.183737134986726574e+02,7.351345094202641803e+02,1.236515775139674133e+03,-2.095108995789029507e+02,8.951959188273022505e+00,6.425380651114827515e+02,6.345204022621396689e+02,8.840290844589269454e+02,1.193767882025247445e+03,4.216628137434804557e+01,2.901205391179447588e+02,7.915170564534324740e+02,1.721046262316902471e+02,5.429442633237882774e+02,8.618213808112587913e+02,3.163129237900346311e+02,1.082048295453298437e+02,4.421765701004785569e+02,4.802350843854674736e+02,6.228975546247426109e+02,4.781978613693530633e+02,1.386277845088722760e+00,3.521434618862653565e+01,3.112247756597248838e+00,7.024841945650691741e+02,7.583347742880019950e+02,6.203141209396248001e+01,2.774232849945497037e+02,1.795084017186045244e+01,-5.692894264131483695e+00,9.105351504760811849e+02,6.505333382604309236e+02,1.444751131594869094e+02
2.070705911896037037e+02,3.187813552071066283e+02,1.531547976684769992e+03,7.279215346922738661e+01,1.536967153431644135e+02,1.204859755387641599e+03,2.346145915957316106e+02,4.958226654152120432e+02,1.278577334282654192e+03,-1.405977371689739641e+02,9.332413776696813557e+01,9.275801110776889118e+02,4.160851510029297629e+02,7.503411162822083043e+02,1.239505215506010245e+03,-2.390974709110937511e+02,1.296341424149019339e+01,6.568804280567539990e+02,6.319152739726749815e+02,9.084171604214990339e+02,1.206860244301675266e+03,4.581820386956292879e+01,3.026918099463103999e+02,7.827261347551909694e+02,1.731791604111355412e+02,5.580462202211659815e+02,8.513760587322004767e+02,3.203249587136784271e+02,1.158887701485581232e+02,4.390408841463992644e+02,4.791013725828647694e+02,6.524758240374552543e+02,4.688043357039276771e+02,1.440036182735849657e+00,3.667506072066857570e+01,3.566596330847764396e+00,6.779858166737519696e+02,8.162512370644789144e+02,5.248854156796255666e+01,2.770488095288669683e+02,1.767864328824276043e+01,-5.990373824493913979e+00,8.952163122936251511e+02,7.190191448017612856e+02,1.239227932480035150e+02
2.066972030549017916e+02,3.367433323074067175e+02,1.521611899321458623e+03,7.150605269385754070e+01,1.726713789373324630e+02,1.200514760622965696e+03,2.355830431548488093e+02,5.103058180825059935e+02,1.270528872600150407e+03,-1.578263284325277027e+02,1.062025418098949530e+02,9.367018826663039590e+02,4.131160229526709031e+02,7.666733634363791907e+02,1.242776845049808117e+03,-2.664629495620439457e+02,1.664922419484787142e+01,6.737636220482748968e+02,6.289237128705999567e+02,9.331950674021496752e+02,1.219632865764665667e+03,4.955915909787373153e+01,3.157057433379799818e+02,7.740444043770065718e+02,1.741739950908007870e+02,5.734296208568649718e+02,8.406580528669022669e+02,3.238625992134431044e+02,1.244336540033378782e+02,4.357064079847406219e+02,4.777633097431875058e+02,6.828507157994130239e+02,4.606443824399916593e+02,1.511090513559690374e+00,3.772824440187422113e+01,4.076769850020502517e+00,6.502639519928113714e+02,8.741929564585848311e+02,4.464126273083571306e+01,2.767951034037512272e+02,1.773425919980007492e+01,-6.161804278075540431e+00,8.755096732632503063e+02,7.878735424536838536e+02,1.052235678956371316e+02
2.064551716642235419e+02,3.552296739667065140e+02,1.512139816835472857e+03,7.010421530730681638e+01,1.928003775170123220e+02,1.196782698548948247e+03,2.364541971612024724e+02,5.253833154208338101e+02,1.262898761249572544e+03,-1.740789275576670150e+02,1.199422355597538257e+02,9.473697323640421928e+02,4.093732040300042740e+02,7.842684642973870268e+02,1.246405509103832173e+03,-2.908451704615278004e+02,2.040200825379024963e+01,6.927199224332433687e+02,6.250903843159235294e+02,9.581459607379202907e+02,1.232545113863039433e+03,5.354527331465515516e+01,3.293848242216052995e+02,7.654407504105814724e+02,1.752557950667233797e+02,5.893066262455240576e+02,8.295974810038517262e+02,3.270617709794353232e+02,1.339025727500091421e+02,4.319435587163183072e+02,4.759384535782818944e+02,7.146760462155891673e+02,4.532657129833127101e+02,1.519215508666934777e+00,3.861103593511742105e+01,4.745727097381038817e+00,6.191032709828159568e+02,9.318070297180894386e+02,3.831996425139641360e+01,2.766205230978583245e+02,1.795068680373324099e+01,-6.227869699479883003e+00,8.513176302044772683e+02,8.572369494815707185e+02,8.840785223414815164e+01
2.062658100798550436e+02,3.742647676808898609e+02,1.503366895489091576e+03,6.839633179456679102e+01,2.143653721701808195e+02,1.193860048102405017e+03,2.372115595871336211e+02,5.409408503821937302e+02,1.255959514117666686e+03,-1.891970488431586830e+02,1.345535907617439193e+02,9.594481732679685138e+02,4.047836733160253857e+02,8.030664617073153977e+02,1.250395165313902908e+03,-3.117863666142500847e+02,2.432597387385707677e+01,7.134422142223069159e+02,6.200566610142959689e+02,9.830762948286516121e+02,1.245922140560719299e+03,5.796870159863602368e+01,3.439759606807869545e+02,7.570025447800612710e+02,1.765339905709965933e+02,6.058791381440777286e+02,8.182644039033740455e+02,3.301823288898020223e+02,1.443469985270564280e+02,4.275801216146639376e+02,4.732393521828336702e+02,7.483273959110701981e+02,4.462811871582116510e+02,1.385239427191905515e+00,3.959031472837234134e+01,5.597724881678511899e+00,5.848602895995815061e+02,9.884959697400531695e+02,3.336917297826225592e+01,2.765419810163598413e+02,1.812383962294759954e+01,-6.240379870738415491e+00,8.230257128285661565e+02,9.270763943712522632e+02,7.344782448851780998e+01
2.060091911305122494e+02,3.941450541889640249e+02,1.495436459908644110e+03,6.628143812953180714e+01,2.375258549587044001e+02,1.191910484151539094e+03,2.378405006388910863e+02,5.571449633350222257e+02,1.249861966130648398e+03,-2.032690684634513332e+02,1.502510578033062529e+02,9.729193625515673602e+02,3.993195923620536973e+02,8.229334688193375769e+02,1.254663352189730858e+03,-3.292351077812055564e+02,2.855454137905639911e+01,7.358661814106375232e+02,6.136767862382672547e+02,1.008016037009856859e+03,1.259719391463186867e+03,6.298473337630419167e+01,3.597058980850342778e+02,7.488864963570091504e+02,1.780312134887716979e+02,6.232688359402997094e+02,8.068701116615168303e+02,3.335136558223842940e+02,1.557982224046315594e+02,4.225464027219520062e+02,4.693113102565866370e+02,7.837306282211372945e+02,4.395436911466936749e+02,1.084524256026423661e+00,4.086147813848315735e+01,6.588434269686795020e+00,5.483946959256678610e+02,1.043421646620399542e+03,2.968082704086872781e+01,2.766419347101294761e+02,1.811001633877533123e+01,-6.219557828608714978e+00,7.913516993025275497e+02,9.970216138552806342e+02,6.030998329863786012e+01
2.055590409592267918e+02,4.153013313651902649e+02,1.488353654326075230e+03,6.380209686624564824e+01,2.622363775709229685e+02,1.190987305317623168e+03,2.383268705718007539e+02,5.744184058421850523e+02,1.244549776957788708e+03,-2.164745650809531412e+02,1.675654712365289924e+02,9.878635840985697314e+02,3.930165235404999748e+02,8.438263277192903615e+02,1.259065158455720621e+03,-3.434273712687795523e+02,3.367180415078839673e+01,7.601215166206711729e+02,6.060393648709981562e+02,1.033320470528418582e+03,1.273428204922056693e+03,6.866464429970447725e+01,3.767492598876960415e+02,7.412466773550227117e+02,1.796927532403838370e+02,6.415119344340664611e+02,7.957140720483697578e+02,3.372287107534041866e+02,1.682724631652869789e+02,4.168733612170828451e+02,4.639328777830291983e+02,8.204632930863309639e+02,4.332023887636936479e+02,6.640016815158010788e-01,4.249512465332853850e+01,7.658004285526287980e+00,5.108195045908402676e+02,1.095669046665417000e+03,2.715346130794499757e+01,2.770232560378394169e+02,1.789247585010068420e+01,-6.116263173114468543e+00,7.571073069671206213e+02,1.066402992497658033e+03,4.898784927729798966e+01
2.047913889303997337e+02,4.380973908692177474e+02,1.481991799445928336e+03,6.112152035737123157e+01,2.882811206186531194e+02,1.191007191133072865e+03,2.386423700959796577e+02,5.932862458804659127e+02,1.239777648550975300e+03,-2.288676671834977867e+02,1.872136397912111079e+02,1.004336660340558410e+03,3.859573855523607335e+02,8.658588575988785578e+02,1.263423673074914859e+03,-3.546242033476531788e+02,4.081796585307778713e+01,7.863806866590290383e+02,5.973788052636809880e+02,1.059579214032075697e+03,1.286137213882311926e+03,7.498924748964952869e+01,3.951940098455809220e+02,7.341695551143706098e+02,1.814209579844105633e+02,6.606004588484377109e+02,7.850800708230948430e+02,3.412710924375364812e+02,1.817948766017533444e+02,4.106422958048167970e+02,4.570436507477517694e+02,8.580405198444809685e+02,4.276144628138472399e+02,2.214264915244170684e-01,4.443972199416914037e+01,8.780332801183300617e+00,4.731881293052135220e+02,1.144489723101457230e+03,2.561394519526263380e+01,2.777419113000316884e+02,1.758369939253833536e+01,-5.830511031717846571e+00,7.209719986147549662e+02,1.134448042261551109e+03,3.950438151730757141e+01
2.035808643426998117e+02,4.626662309843850949e+02,1.476151941088164222e+03,5.843734584362809414e+01,3.154209670663391876e+02,1.191781978686851289e+03,2.387224346265955148e+02,6.141695579389928525e+02,1.235224082135251592e+03,-2.402624907382009951e+02,2.097770610278250558e+02,1.022205645107123019e+03,3.782113829542893768e+02,8.892247925604531247e+02,1.267540153518653824e+03,-3.628688168496806270e+02,5.129437073317921403e+01,8.146886200815982875e+02,5.879328203442652239e+02,1.087354712326532308e+03,1.296701265559729791e+03,8.188231461210703799e+01,4.150045093054649215e+02,7.276414424705371857e+02,1.831184387912300338e+02,6.805381552285683711e+02,7.751224408806893962e+02,3.453529240612568856e+02,1.964312345791412611e+02,4.039082665311772757e+02,4.487184306977435995e+02,8.961971340358252291e+02,4.231511427605188373e+02,-1.310418857115087654e-01,4.656707136326710383e+01,9.973898792073313757e+00,4.362347693150655346e+02,1.189509988035343895e+03,2.476548956354319486e+01,2.787611217855687187e+02,1.736456997697219506e+01,-5.276228650046897783e+00,6.833458826746363002e+02,1.200523539817790606e+03,3.186993154715872834e+01
2.018008863179805417e+02,4.888628067171417797e+02,1.470655269778821548e+03,5.587738537696225904e+01,3.435847144929526280e+02,1.193082080228057748e+03,2.384507243999951811e+02,6.372403466277420421e+02,1.230642608541757909e+03,-2.503175381902936181e+02,2.354087794331200882e+02,1.041040370356937729e+03,3.697508505357353670e+02,9.140704615179067787e+02,1.271192292500152007e+03,-3.678943353925923816e+02,6.589495486894502108e+01,8.448563188591681410e+02,5.778347316956069335e+02,1.116901512824832025e+03,1.303956821854250848e+03,8.926933543269856841e+01,4.360176690099528969e+02,7.215624515334309308e+02,1.847288943297042465e+02,7.013971256618399366e+02,7.658062783918974219e+02,3.490753033431877270e+02,2.123110965058711770e+02,3.966351747408002097e+02,4.391244477676973474e+02,9.350057409406069837e+02,4.199850009561009188e+02,-2.955897783920228283e-01,4.874565526619554845e+01,1.127590262046389924e+01,4.002426765849387493e+02,1.230801505649412547e+03,2.420386754288509934e+01,2.799569319061350257e+02,1.739850410029969296e+01,-4.448202302388263085e+00,6.443017276711176464e+02,1.264285714087837050e+03,2.599285500068017996e+01
1.993280109364626753e+02,5.163499399245820314e+02,1.465431425601291949e+03,5.342509608628051865e+01,3.729950916192773889e+02,1.194688259902024583e+03,2.376615303659261258e+02,6.624148807878548268e+02,1.225980665316500790e+03,-2.587676714903173547e+02,2.637859286495730089e+02,1.060121176039791180e+03,3.603926681482483900e+02,9.404600217733002410e+02,1.274146181527828276e+03,-3.692032785266637234e+02,8.444335203737909978e+01,8.764487508911145142e+02,5.670921570353980314e+02,1.148053957232677703e+03,1.306931901712913259e+03,9.713541255753501957e+01,4.580129287579824791e+02,7.157994987253762247e+02,1.862625809674654818e+02,7.233752920918990412e+02,7.569422431459614700e+02,3.521020197719691396e+02,2.296300287304270000e+02,3.886776594850766742e+02,4.284769342603477753e+02,9.747894596481545477e+02,4.179576808243481878e+02,-2.021694994127467837e-01,5.092769273761758342e+01,1.271185189367170310e+01,3.650745866314640580e+02,1.268769093382403753e+03,2.349019989059305402e+01,2.811741209712707246e+02,1.777226003512456032e+01,-3.444342950247873514e+00,6.036352682654768387e+02,1.325639746423018551e+03,2.157264372690966781e+01
1.960403534615174692e+02,5.447701461196571699e+02,1.460558610533381625e+03,5.090614546807037044e+01,4.041336701601941286e+02,1.196401342380001779e+03,2.361604426541387909e+02,6.894759545667620841e+02,1.221409067043756977e+03,-2.656369331465418782e+02,2.943454939155341208e+02,1.078544948925024300e+03,3.498044559289646713e+02,9.684916659064622309e+02,1.276177589904109936e+03,-3.662457923989067012e+02,1.058944634575992296e+02,9.088431945078737044e+02,5.556259598381201386e+02,1.180374086445511239e+03,1.304991949500113833e+03,1.055556102807832985e+02,4.808462458115537856e+02,7.102462277692071666e+02,1.877889012799394379e+02,7.468394051896029850e+02,7.482945285444618548e+02,3.542819212985698982e+02,2.486207426423750064e+02,3.798221436823742465e+02,4.169855292060979082e+02,1.015907974133023345e+03,4.165984336884239383e+02,1.890677607108932623e-01,5.322391122919898265e+01,1.429452849174639084e+01,3.303629306605621423e+02,1.303899968023784822e+03,2.222974866129727900e+01,2.823010847615281023e+02,1.849315091959357460e+01,-2.425309747335289146e+00,5.610144652173697750e+02,1.384520162782816669e+03,1.804194741160673132e+01
1.918084587069519671e+02,5.739234814378870624e+02,1.456224005761374656e+03,4.804439569556709699e+01,4.375268626865623673e+02,1.198012339140498170e+03,2.337539437051144375e+02,7.182381633092896891e+02,1.217239567344999386e+03,-2.712733314053600679e+02,3.266225344832250244e+02,1.095357797517556037e+03,3.375800257007604728e+02,9.984790707542970267e+02,1.277057290609503980e+03,-3.586081526120685794e+02,1.289539707724347579e+02,9.413204951988639095e+02,5.432884110668069297e+02,1.213479636312423281e+03,1.297858171818279516e+03,1.146889036637361272e+02,5.045683496679392874e+02,7.048495223042984890e+02,1.893882091640267618e+02,7.723093651867342260e+02,7.396893174631328520e+02,3.556518407947634159e+02,2.694846064803393801e+02,3.698679631021500427e+02,4.047893005669466788e+02,1.058542629336310938e+03,4.152995428411895773e+02,8.956178862268976415e-01,5.592569686914035287e+01,1.605827463035119607e+01,2.958061276282996346e+02,1.336493772991463175e+03,2.011336366528851727e+01,2.833205730679052294e+02,1.952864113097743726e+01,-1.534996412848116609e+00,5.162180380453050930e+02,1.440628673486750358e+03,1.462494294450802279e+01
1.864930357042017306e+02,6.038761911472420252e+02,1.452611962447781480e+03,4.457046439980049257e+01,4.734453662794698516e+02,1.199262456278544732e+03,2.302765149574720169e+02,7.486550275857939596e+02,1.213759265083308719e+03,-2.761702669518183484e+02,3.604323058034436826e+02,1.109648756580776080e+03,3.233432002633276170e+02,1.031031168928621810e+03,1.276466806575463124e+03,-3.461651526122242899e+02,1.528005588064567064e+02,9.731697574569290055e+02,5.297940944707879680e+02,1.247335782413392508e+03,1.285475127407114996e+03,1.247526001744647033e+02,5.294325392065803726e+02,6.995850589377058668e+02,1.910826563074212459e+02,8.003406092081459065e+02,7.310570576279445731e+02,3.563316477736711931e+02,2.922919774765183547e+02,3.587075363295193711e+02,3.919005131055620268e+02,1.102569616865543594e+03,4.135729147820505318e+02,1.939756415283906410e+00,5.944504784214292670e+01,1.809914317555760022e+01,2.614641977217161184e+02,1.366498436632858329e+03,1.691463781288458890e+01,2.843105139511409334e+02,2.084455783819669605e+01,-8.344891565601411099e-01,4.694159251628544780e+02,1.493304705768108079e+03,1.051900148791122902e+01
1.799645316493477765e+02,6.349558502929047563e+02,1.449777236799761795e+03,4.034425966139028930e+01,5.116838245351451633e+02,1.199823717988266253e+03,2.256065093772887167e+02,7.808196811398232740e+02,1.211061879381053814e+03,-2.806837671952734468e+02,3.957663678563834537e+02,1.120585893179432560e+03,3.068117535943762277e+02,1.066915438737969453e+03,1.273878618375277256e+03,-3.291814619045791801e+02,1.774515872256588409e+02,1.003802850626207373e+03,5.145766532280626961e+02,1.282293868999033748e+03,1.267783907985824726e+03,1.360059498803698546e+02,5.557751964575205648e+02,6.944059129540581807e+02,1.927900909898153827e+02,8.313164717105198633e+02,7.224000165560356663e+02,3.563907358704117314e+02,3.168993356611741774e+02,3.463649086766703817e+02,3.781858255161050124e+02,1.147538296927651572e+03,4.112534865036942051e+02,3.402249554566450396e+00,6.419148382967658506e+01,2.058065402036375957e+01,2.279335043010115953e+02,1.393514728591404491e+03,1.246221795229400975e+01,2.854071955995647158e+02,2.241224563801063496e+01,-2.997538640258224918e-01,4.214023257382779093e+02,1.541616837237009349e+03,5.113670497344338095e+00
1.721375588699164325e+02,6.676353537996112664e+02,1.447581091226799117e+03,3.544462514605508119e+01,5.515640512511935185e+02,1.199308259742660766e+03,2.196631746107437664e+02,8.148929578134997200e+02,1.208969402227054388e+03,-2.848156509240382661e+02,4.324970227119213746e+02,1.127419678182881398e+03,2.877663427917627246e+02,1.106737391589195795e+03,1.268485646929778568e+03,-3.083342785847714822e+02,2.036089863931386787e+02,1.032871385394292702e+03,4.966734940859039398e+02,1.318810387836375867e+03,1.244515076220574429e+03,1.487564195861608880e+02,5.838685313005622675e+02,6.892127202443082297e+02,1.943371839891886168e+02,8.652407965557212037e+02,7.137323485849663030e+02,3.557790113448876923e+02,3.429616785647119741e+02,3.329754553861730528e+02,3.633968161958681549e+02,1.192724759256090465e+03,4.085282458432262729e+02,5.491481815007867695e+00,7.046195970140517773e+01,2.369214680102203019e+01,1.963229249829990977e+02,1.416962145231003205e+03,6.610157562986509916e+00,2.867709967118584586e+02,2.420245244006211394e+01,1.044004111021179931e-01,3.736784526303537177e+02,1.584625040097219198e+03,-1.885810611244608470e+00
1.629907350321486206e+02,7.023578512263378570e+02,1.445730915976618689e+03,3.019167720312682590e+01,5.921796835534828460e+02,1.197290430195667113e+03,2.123776419694135313e+02,8.510445715797584398e+02,1.207086139541527928e+03,-2.881714250307139764e+02,4.701122692844070343e+02,1.129490932646387819e+03,2.659247721692883033e+02,1.150594899851643277e+03,1.259236369432187985e+03,-2.846099951491714251e+02,2.322013251434877361e+02,1.060360929182483460e+03,4.747683811248862185e+02,1.356982937957632430e+03,1.215106671503905545e+03,1.633684282983576281e+02,6.138867691916912008e+02,6.838752901408039406e+02,1.955250139982030078e+02,9.016528722226807986e+02,7.050440987257964025e+02,3.543675232304505016e+02,3.700869205921566163e+02,3.187243246318633965e+02,3.472346801479449709e+02,1.237231412529390582e+03,4.057649558035801078e+02,8.592991273132371433e+00,7.842702224288123602e+01,2.758965861193950886e+01,1.680244269694365755e+02,1.436361289089974434e+03,-7.763232458831580418e-01,2.885831165511872882e+02,2.621432815742238631e+01,3.151411173906023544e-01,3.283105783863238685e+02,1.621683996974787533e+03,-1.050650925111296097e+01
1.525478359503633214e+02,7.393815136128960148e+02,1.443891234114055123e+03,2.509763683487648578e+01,6.327462679900804687e+02,1.193326921500919070e+03,2.036372140646252831e+02,8.894715767319072484e+02,1.204936052478218471e+03,-2.900665298615060124e+02,5.076406556231684135e+02,1.126268182584363103e+03,2.407913755251068721e+02,1.197872535849591713e+03,1.244952143924328311e+03,-2.590643680219444605e+02,2.640013616062668120e+02,1.086619043535630226e+03,4.474547067493658119e+02,1.396158124893118611e+03,1.178793948134200264e+03,1.802295291947429803e+02,6.460328981528524537e+02,6.782873858941734397e+02,1.961954760607040100e+02,9.397280060139200941e+02,6.962976528967029708e+02,3.520671556793271861e+02,3.980764843679361320e+02,3.037883114719701894e+02,3.294188748198218946e+02,1.280124524188653822e+03,4.032385730429538171e+02,1.325379040155582899e+01,8.822714315504663318e+01,3.236788627479837999e+01,1.443384641806813704e+02,1.451660919546235618e+03,-9.808086050434264180e+00,2.910564971349344319e+02,2.856098178605921589e+01,1.012860214318091062e-01,2.875566581321819513e+02,1.652673560647415115e+03,-2.067315627978877401e+01
1.408289142934068821e+02,7.787034881832153133e+02,1.441784165049080912e+03,2.077568653687832168e+01,6.728481819519120108e+02,1.186987883646376986e+03,1.932159916630077419e+02,9.304712181146460352e+02,1.202072420481284553e+03,-2.896440020730891547e+02,5.437600010257830263e+02,1.117427556395680767e+03,2.115909550084681143e+02,1.247232267535038318e+03,1.224458532353689179e+03,-2.325353316254845026e+02,2.995479810924946946e+02,1.112269107567768060e+03,4.136562590127965677e+02,1.434826558361191474e+03,1.134851899154089551e+03,1.996388656560592949e+02,6.807127708760759788e+02,6.724016639153958295e+02,1.962412150240458857e+02,9.785125887079111635e+02,6.874254009167161712e+02,3.489443539068903988e+02,4.270957729993592693e+02,2.883278726444704603e+02,3.097379952846189894e+02,1.320600551248064676e+03,4.009221246891077612e+02,2.007217363494936890e+01,1.000943069967867700e+02,3.808849804293467400e+01,1.260705723114499079e+02,1.463491912680793575e+03,-2.052846992458975706e+01,2.944076057538670739e+02,3.156543170188690794e+01,-9.082450694111479095e-01,2.533490646423278463e+02,1.678104590344401231e+03,-3.233555999495534650e+01
1.278091513234122800e+02,8.200692192204937783e+02,1.439208403841899553e+03,1.785431706547545616e+01,7.124469358000681041e+02,1.177933303088800585e+03,1.807168894455192572e+02,9.744600919011473934e+02,1.198067385070691444e+03,-2.858587817013450376e+02,5.769881889147470702e+02,1.102992772209412578e+03,1.773794960671487217e+02,1.296732676555044691e+03,1.196695368750015632e+03,-2.054782762069087028e+02,3.392977027664545631e+02,1.137983721935534277e+03,3.730424685161604543e+02,1.470861641223225206e+03,1.082920599744419178e+03,2.216282781166736982e+02,7.185680915456523508e+02,6.662028482988976066e+02,1.955431082763283541e+02,1.017162867373050744e+03,6.783031676660142466e+02,3.452657121625898640e+02,4.576199371914034373e+02,2.725471174008448543e+02,2.880846934501989836e+02,1.358139732377785094e+03,3.984721152871467780e+02,2.950667328573552695e+01,1.143728835105571449e+02,4.484723338824004912e+01,1.132487642083844008e+02,1.473200865324574352e+03,-3.284380727530930955e+01,2.987466632955987507e+02,3.577664440135246338e+01,-3.091185240617492003e+00,2.268067716746745646e+02,1.699094866722070037e+03,-4.542141001417886770e+01
1.134213643649286212e+02,8.630316955401802943e+02,1.435962754538659283e+03,1.693467181906417096e+01,7.516920885338224707e+02,1.166048259834921282e+03,1.655515954587635576e+02,1.021829808927236627e+03,1.192376454476164326e+03,-2.772832739834665290e+02,6.059069573199308252e+02,1.083555728649243065e+03,1.373538133971553066e+02,1.343975978127245753e+03,1.160833263475632521e+03,-1.780554890482005987e+02,3.837378337357573628e+02,1.164145435299017208e+03,3.262663845004392442e+02,1.501992496403629730e+03,1.023312104139798294e+03,2.457802359069495424e+02,7.602752838370466861e+02,6.596279010262193196e+02,1.938747846352385125e+02,1.055071582162031291e+03,6.687172526435477948e+02,3.414611098745582467e+02,4.901318642832283103e+02,2.567927594371407736e+02,2.644914321661517533e+02,1.392578190772435391e+03,3.954170006391410084e+02,4.167041988239776629e+01,1.313763234812969642e+02,5.283681376745394687e+01,1.050898438004742843e+02,1.482575514929267001e+03,-4.644446546164548550e+01,3.039027693760521629e+02,4.184631012692472041e+01,-6.646221024556498769e+00,2.079720044730975133e+02,1.717222901969239501e+03,-5.961845848183131835e+01
9.760925236587455345e+01,9.070231143555822655e+02,1.431722349064358696e+03,1.859434868537409002e+01,7.907210721156574209e+02,1.151595603432889448e+03,1.469786457154905861e+02,1.072629019027203640e+03,1.184171755111092125e+03,-2.618356964947720371e+02,6.294809726555031375e+02,1.060560922432042616e+03,9.128679032950390138e+01,1.386256129516501005e+03,1.116439083543600873e+03,-1.504436105080132791e+02,4.332479667621632302e+02,1.190492520765133804e+03,2.749327322036689907e+02,1.526321256725792864e+03,9.571939929462703276e+02,2.711326630227078454e+02,8.062057868575327575e+02,6.524944359459983616e+02,1.908427158965648687e+02,1.091848876604647330e+03,6.583768703691204109e+02,3.380461726441035921e+02,5.247252736109909392e+02,2.416259903128990914e+02,2.391753211547224112e+02,1.424047837479605732e+03,3.914299760894578526e+02,5.621027636643381697e+01,1.511407890999270194e+02,6.236802573737283950e+01,1.002492821878812634e+02,1.493326574588701760e+03,-6.075222223337739536e+01,3.092712112126057491e+02,5.030168546700372900e+01,-1.143637449863469158e+01,1.958870684939708440e+02,1.734263588129024356e+03,-7.415468271601039874e+01
8.040932308444784837e+01,9.514210498344325515e+02,1.425954162753411993e+03,2.340113322712908328e+01,8.296239042777183386e+02,1.135306129941729978e+03,1.242158622575925335e+02,1.126190794785699154e+03,1.172290379808096759e+03,-2.366527092669541616e+02,6.475482790382441181e+02,1.036548074789622888e+03,3.993669324300390855e+01,1.420771129773080474e+03,1.063683295661737702e+03,-1.231294160106613162e+02,4.877152137031043821e+02,1.215899662797007295e+03,2.213181145787984008e+02,1.542714887700463578e+03,8.865761677058318355e+02,2.962384288860395145e+02,8.561541361255737002e+02,6.445118975960070884e+02,1.859166998149712526e+02,1.127198048242136792e+03,6.470112972633231720e+02,3.355499661743032220e+02,5.608522646884513279e+02,2.277987581121778646e+02,2.125780596254105888e+02,1.452794296797731477e+03,3.865194457519991147e+02,7.235483197465171656e+01,1.732279452242753734e+02,7.383049749805201145e+01,9.725879949871206520e+01,1.506533340447607543e+03,-7.494640612084808140e+01,3.138043701236840661e+02,6.133704500015494432e+01,-1.693307663015290387e+01,1.889721725805840720e+02,1.751809431311876779e+03,-8.779948562505637710e+01
6.202974184921669121e+01,9.956036942194899666e+02,1.417958588745944326e+03,3.187794589924259725e+01,8.685914794759669348e+02,1.118345395257711061e+03,9.664152982878739806e+01,1.180887309847816596e+03,1.155419108403243399e+03,-1.983595450223479588e+02,6.614236350674998448e+02,1.015158686236899598e+03,-1.474036085311804634e+01,1.444964121913016015e+03,1.003525824193097947e+03,-9.688898280667100948e+01,5.461145950456232185e+02,1.238451016208789042e+03,1.679576441236537505e+02,1.550974367772972755e+03,8.140920586764577820e+02,3.193845954455982223e+02,9.092816083001672496e+02,6.354074993448717805e+02,1.785603631610001685e+02,1.160752454588106502e+03,6.345368781691211097e+02,3.344581948601304475e+02,5.973814608028077373e+02,2.161029058306637864e+02,1.853723228625132151e+02,1.478946859837530837e+03,3.810306053980998513e+02,8.914367351566586706e+01,1.967164883045570321e+02,8.758948504356283138e+01,9.496239517406029051e+01,1.522281517569393827e+03,-8.810674728077727025e+01,3.162289939239050796e+02,7.475194992474470723e+01,-2.229441997936990560e+01,1.855224672560144938e+02,1.770810136059263186e+03,-9.918909708039676332e+01
4.289907503076302930e+01,1.038996074251977006e+03,1.407071795923770424e+03,4.437396519996682542e+01,9.081070562731767950e+02,1.102155845943792201e+03,6.407861296547166319e+01,1.234156316667841566e+03,1.132530284517888276e+03,-1.438876000736638332e+02,6.743808015089240371e+02,1.000707751962840462e+03,-6.969563275181451445e+01,1.456965275024682796e+03,9.378072731084552061e+02,-7.227283983543200918e+01,6.063623085707588416e+02,1.255909287637998204e+03,1.172385795959232269e+02,1.551767951061576014e+03,7.426422459340045634e+02,3.389065065470906575e+02,9.642649328428715307e+02,6.251218825438239719e+02,1.684203997555867431e+02,1.191938255578880899e+03,6.212205685148728662e+02,3.351486441079841825e+02,6.329522472700417666e+02,2.071218976957644884e+02,1.584107035314348195e+02,1.502344518580955082e+03,3.754691238404439559e+02,1.057530579241910971e+02,2.204171802132548805e+02,1.038296954260314351e+02,9.276725122441442295e+01,1.539615876210301394e+03,-9.945363577025837287e+01,3.154628523240082245e+02,9.007839515617799009e+01,-2.656184921248049235e+01,1.841056441836565511e+02,1.791144332759766939e+03,-1.073555988394649034e+02
2.366155914526640558e+01,1.081124670818502636e+03,1.392963615674250150e+03,6.084778905810715344e+01,9.490195214162224602e+02,1.088216052415061085e+03,2.710178489067326879e+01,1.282843483608340875e+03,1.103429105548639654e+03,-7.174400332085457421e+01,6.917098538007905972e+02,9.972506635609465775e+02,-1.212342290011225288e+02,1.456013214517375673e+03,8.691962497592650152e+02,-4.871403571946579802e+01,6.657259202835025462e+02,1.266552271554143999e+03,7.109419191081303779e+01,1.546396762454684449e+03,6.750152731590471831e+02,3.534953711217357295e+02,1.019523235730885631e+03,6.139676176574994315e+02,1.555030647770480812e+02,1.219928364244851764e+03,6.077441086638311845e+02,3.378038664976797918e+02,6.664483019517660978e+02,2.009739394747818153e+02,1.326168486126089476e+02,1.522505458124727284e+03,3.702520042955169401e+02,1.217704355265427409e+02,2.432263929038280423e+02,1.223836045660606118e+02,9.062970899918262546e+01,1.556792048172615750e+03,-1.085938084299146738e+02,3.110776391550848530e+02,1.068249460649860936e+02,-2.891511743972719728e+01,1.837302343991185296e+02,1.811436837722225619e+03,-1.121718349080520767e+02
5.100102094749074055e+00,1.121703666107342087e+03,1.375871782135471449e+03,8.063549142248636770e+01,9.924480253048149052e+02,1.077757301773124709e+03,-1.275882142435757594e+01,1.323795761031622305e+03,1.069152604020784111e+03,1.666704842510861795e+01,7.201289581352698406e+02,1.007316405890766873e+03,-1.657101756914343582e+02,1.442725334744328848e+03,8.009640103287921420e+02,-2.368633774425656924e+01,7.219114396686256896e+02,1.270151291662323501e+03,3.081683796442202095e+01,1.536519939036647429e+03,6.135861237679857823e+02,3.624150699042465931e+02,1.073397355450581017e+03,6.026439199468895822e+02,1.402706512924767708e+02,1.243743675069936216e+03,5.951060923611905764e+02,3.423301264561408175e+02,6.973654466411949215e+02,1.971613334937694333e+02,1.088490907067312463e+02,1.538765595261582121e+03,3.655182675303378232e+02,1.372900702835881361e+02,2.644709432773743174e+02,1.426087603327942759e+02,8.882982165479199921e+01,1.571727141229071094e+03,-1.156406094173112820e+02,3.035979635998314166e+02,1.247029085855997010e+02,-2.890144783264863193e+01,1.837948382961419611e+02,1.829338841590554239e+03,-1.144400879944775369e+02
-1.200901530503587544e+01,1.160742181821942040e+03,1.356609489226838832e+03,1.023232611776208643e+02,1.039580934362903690e+03,1.071464908363001086e+03,-5.306309412182250185e+01,1.354558757930044976e+03,1.031973519867580080e+03,1.162665807252646744e+02,7.665192089056657778e+02,1.030739656985995225e+03,-2.002769623873574290e+02,1.419150408302395363e+03,7.365829323876671424e+02,7.515292938968797465e+00,7.746197679258893913e+02,1.268682957806573086e+03,-3.030806805709939766e+00,1.523963173040619495e+03,5.601380865885132607e+02,3.655952529846260290e+02,1.124243719196552547e+03,5.920722074363362708e+02,1.236211609914337970e+02,1.262506679763339889e+03,5.843762420111286247e+02,3.483405715188817453e+02,7.259240768761087566e+02,1.946114043580077748e+02,8.778151127615392113e+01,1.550525648867018390e+03,3.610991235602020879e+02,1.527982499846435189e+02,2.841118697623754770e+02,1.633765564804102439e+02,8.767233467589852580e+01,1.582524791119570409e+03,-1.211121070402588913e+02,2.944899335717171311e+02,1.437195058459326447e+02,-2.656394030897448744e+01,1.839241210845891032e+02,1.842299870636730247e+03,-1.155446780289566107e+02
-2.706630206489412771e+01,1.198607494540506423e+03,1.336302303436522379e+03,1.238383183256795945e+02,1.091445071052891080e+03,1.069213254203510360e+03,-9.083526656165265933e+01,1.373994225501586243e+03,9.949359575584188633e+02,2.185937884312640449e+02,8.361918969912504735e+02,1.064156458171014947e+03,-2.234677027676709145e+02,1.388595694002363189e+03,6.792075334729547649e+02,5.092168378183852440e+01,8.269668334960509810e+02,1.266306540116676388e+03,-3.062284982430045233e+01,1.510647898168535676e+03,5.158066568769197602e+02,3.636125507164294959e+02,1.170499696048591431e+03,5.831179400478991965e+02,1.067500714136439797e+02,1.275767299235393011e+03,5.763955130533740885e+02,3.552330789040664740e+02,7.529160447234064577e+02,1.919167532726358729e+02,6.982933643621737474e+01,1.557488036414090857e+03,3.566737585594042343e+02,1.689283579027959661e+02,3.027430713918796528e+02,1.831950892470919428e+02,8.725654176611298851e+01,1.587949459723799237e+03,-1.256187029712057068e+02,2.858393946826572005e+02,1.641045674640159007e+02,-2.243482915211838957e+01,1.838121869640497437e+02,1.848549288943386955e+03,-1.168288732519797861e+02
-3.977647334490933417e+01,1.235970747920219310e+03,1.315981125925232845e+03,1.428003063454787593e+02,1.148659579395442734e+03,1.069934509770494742e+03,-1.232112638628697141e+02,1.382647609645898683e+03,9.610890284485544726e+02,3.133363188279751625e+02,9.311479727888387288e+02,1.101583953990854070e+03,-2.354423659036493746e+02,1.355223160750280385e+03,6.311758035292081104e+02,1.118872290819187185e+02,8.859349658779843821e+02,1.268286280275262698e+03,-5.279380558323774153e+01,1.498550219442774960e+03,4.811196939111020470e+02,3.575857312788930926e+02,1.210808909012254389e+03,5.763297094434400378e+02,9.092254789847822849e+01,1.283755139566070739e+03,5.715487396149736696e+02,3.623292535384724147e+02,7.793974106422790555e+02,1.876999442488225611e+02,5.511287686054198787e+01,1.559783120628572306e+03,3.520423415617356113e+02,1.862208298655507690e+02,3.214040692268779367e+02,2.004393705969628456e+02,8.739904843504703535e+01,1.587734878876503217e+03,-1.294829850676229626e+02,2.798470286281314543e+02,1.861315775687772316e+02,-1.741071500105387670e+01,1.831513345101521111e+02,1.847808959294097349e+03,-1.189979506009980099e+02
-5.018443541953400455e+01,1.273632202308511069e+03,1.296255536326543961e+03,1.570554552557945840e+02,1.211160200976900114e+03,1.071744129681232607e+03,-1.481627056396368971e+02,1.382751763289985320e+03,9.327352642566743270e+02,3.907340637669434500e+02,1.048961502150265687e+03,1.136059637377387617e+03,-2.378577193572533304e+02,1.323400803767923207e+03,5.936945177590902176e+02,1.923937386659193578e+02,9.612112886414101922e+02,1.278924716535723746e+03,-7.086358623855338124e+01,1.489534641486576220e+03,4.560912127217015950e+02,3.490027849731217771e+02,1.244240362635460087e+03,5.718169243401122230e+02,7.721204681014518201e+01,1.287419776555039334e+03,5.697025636986963946e+02,3.690040527475122758e+02,8.063806637082653879e+02,1.809854211746781232e+02,4.344732239175610289e+01,1.557964674454148280e+03,3.473674269051745682e+02,2.049898583370343772e+02,3.412882714850323964e+02,2.136346267133133097e+02,8.770989842670097403e+01,1.582651703567746836e+03,-1.325061400390615347e+02,2.783045725142559945e+02,2.099499113691885555e+02,-1.256208479451088955e+01,1.816619719928577581e+02,1.841372262568115275e+03,-1.218301608454336105e+02
-5.862060270874511758e+01,1.312317661268862139e+03,1.277244809750930017e+03,1.652022469175644233e+02,1.277945464751524469e+03,1.072384470826912093e+03,-1.650280307319542317e+02,1.377839122342711107e+03,9.109848287483513332e+02,4.440216262399662241e+02,1.182867779158618987e+03,1.161748579398081120e+03,-2.334184274769887395e+02,1.296871667405298922e+03,5.668060434118928015e+02,2.886379067544046393e+02,1.062404789376461849e+03,1.299133827837764102e+03,-8.634915867117811672e+01,1.484999579380324803e+03,4.403164513770662438e+02,3.394938187330118922e+02,1.270536151694730506e+03,5.693135293926019358e+02,6.628546144626839975e+01,1.288213209505466239e+03,5.703216544420060927e+02,3.747602751459821206e+02,8.346374075091738405e+02,1.714681005321547786e+02,3.437316201687253425e+01,1.552927098430358001e+03,3.432212639683380644e+02,2.253099617199592331e+02,3.634474922898045861e+02,2.217327860433173896e+02,8.775710556107080151e+01,1.574331162628925995e+03,-1.340469204362417486e+02,2.821836502951004491e+02,2.355309664848955720e+02,-8.934332410283650105e+00,1.791862919142323278e+02,1.831551749239708442e+03,-1.243301612077787439e+02
-6.559320124365081028e+01,1.352560420696135452e+03,1.258786176690382717e+03,1.668890423416219164e+02,1.346993553552850244e+03,1.069897013372550646e+03,-1.746244356753760769e+02,1.372036567355817624e+03,8.957392472429115742e+02,4.709298269702520088e+02,1.323258698536985548e+03,1.175562346597303531e+03,-2.252313020858096593e+02,1.277969235648744416e+03,5.496102803820865574e+02,3.901191222153327658e+02,1.195449402519406476e+03,1.324736555722329058e+03,-1.005856567250932727e+02,1.485475120193525299e+03,4.330224687005987221e+02,3.305789240054994593e+02,1.290258183709969444e+03,5.683832022047387227e+02,5.831362779402223850e+01,1.287704778842479982e+03,5.726958464589890809e+02,3.792589249495721901e+02,8.646374421749450221e+02,1.596035510703146656e+02,2.725983108621642970e+01,1.545809725994308110e+03,3.403664474143315601e+02,2.470594677686278828e+02,3.885705500805580073e+02,2.243228487485748417e+02,8.723575391877157870e+01,1.564906831832471653e+03,-1.334148769782766522e+02,2.914287122871471070e+02,2.627510431268985940e+02,-7.379220477837913350e+00,1.757812791266203192e+02,1.820845611116926648e+03,-1.252582020286050408e+02
-7.166247500583774865e+01,1.394698610818642010e+03,1.240775889619579402e+03,1.627661856582901123e+02,1.415500435193110661e+03,1.063267126861264160e+03,-1.788753211768097913e+02,1.369205840925643770e+03,8.860291043912280884e+02,4.736175598851553445e+02,1.460164893037675256e+03,1.177454515348027371e+03,-2.161294693265741671e+02,1.267212805952794270e+03,5.406122328589671042e+02,4.811238224281053704e+02,1.359557318223328593e+03,1.346557537079125495e+03,-1.143584629685770579e+02,1.490441873187335204e+03,4.330521386308066099e+02,3.234433045632890753e+02,1.304725866854694004e+03,5.686607819973989990e+02,5.303982862781877117e+01,1.287214652618325090e+03,5.761712130443410160e+02,3.823487526412722559e+02,8.965713738108453299e+02,1.464966942163343617e+02,2.148084130356894050e+01,1.537914920499594018e+03,3.393634338275786035e+02,2.699450898477080045e+02,4.168661690207086394e+02,2.217228325914248899e+02,8.607869741830386090e+01,1.556562066673188383e+03,-1.303803119573640004e+02,3.050172107583873071e+02,2.915325399792698136e+02,-8.432660175417810322e+00,1.717518237383493158e+02,1.811259992705061677e+03,-1.237860523719067061e+02
-7.730860154384086513e+01,1.438899890729073377e+03,1.223428667137722869e+03,1.541580577652975990e+02,1.480448305536228190e+03,1.052726027004644720e+03,-1.801028471723689677e+02,1.372134798242085935e+03,8.805052463062351080e+02,4.571481294101940875e+02,1.585752484575607014e+03,1.169203163603041048e+03,-2.081564451579769468e+02,1.263500772514209075e+03,5.380529382276030219e+02,5.445936887988191302e+02,1.546045824161751852e+03,1.352649960742525764e+03,-1.277094720792233602e+02,1.498547499625000455e+03,4.388093619248713253e+02,3.187939190478901423e+02,1.315731499719259091e+03,5.700227118303234874e+02,4.996538980877708269e+01,1.287633093542736333e+03,5.802980066780687594e+02,3.841183839638167683e+02,9.303677955074962256e+02,1.336309265203016423e+02,1.659399461494013295e+01,1.530619308120080859e+03,3.402362915320331922e+02,2.934789243097845883e+02,4.480358560199097155e+02,2.149261762801602060e+02,8.447860811470575015e+01,1.551072686951301421e+03,-1.254999403589248459e+02,3.212962481558143395e+02,3.219113592636924750e+02,-1.224129910869837978e+01,1.675981579600265547e+02,1.804037044695763825e+03,-1.199498495463181058e+02
-8.280227700961293635e+01,1.485094802919866424e+03,1.207301634873260809e+03,1.426592568908725411e+02,1.539323159734185310e+03,1.039523335920068348e+03,-1.802912315437708912e+02,1.381975941045413492e+03,8.778797415828234989e+02,4.273456130196730101e+02,1.695764563195263236e+03,1.152353872658213959e+03,-2.023575965577562954e+02,1.264811840984623359e+03,5.401627157280512392e+02,5.672193031210214258e+02,1.739688235848416980e+03,1.331944748341134073e+03,-1.400434820678093786e+02,1.508145711003023962e+03,4.482653312985087837e+02,3.168219912129770250e+02,1.325132822641267012e+03,5.726268662585978291e+02,4.855877579722533000e+01,1.289465061162896291e+03,5.848700189450436255e+02,3.849417879286293669e+02,9.656480753971349031e+02,1.225340331525095223e+02,1.243474496409531760e+01,1.525238255696846181e+03,3.424200949613413627e+02,3.169401563486171653e+02,4.813084363233111276e+02,2.054163146593182034e+02,8.281989257057135490e+01,1.549447731448634613e+03,-1.200423370355684085e+02,3.385021034435038700e+02,3.539431436048967043e+02,-1.853926122413805544e+01,1.638947578127013287e+02,1.799759244845952708e+03,-1.146630043687912917e+02
-8.811276507909165900e+01,1.532802552799642626e+03,1.193076000158423540e+03,1.298532106648850970e+02,1.590704348963329721e+03,1.025250689240156589e+03,-1.806271989734142096e+02,1.398087147082366755e+03,8.772009532343905676e+02,3.890932577547612823e+02,1.789336750449392866e+03,1.126546659916417866e+03,-1.989012605082524487e+02,1.269043603651057538e+03,5.453690874495397338e+02,5.438007032869553541e+02,1.922215842105064667e+03,1.277838241799953039e+03,-1.505142595021898444e+02,1.517874335164612148e+03,4.591504885628928605e+02,3.172587052754854540e+02,1.334489615498246394e+03,5.768211196664022964e+02,4.839726688309745128e+01,1.292998088143193172e+03,5.898842958017852425e+02,3.854509336806877968e+02,1.001651903164709211e+03,1.144845909012427256e+02,9.078579606048085893e+00,1.522829316380187947e+03,3.450354205151570000e+02,3.393834679459455401e+02,5.155284734239604632e+02,1.948999558000051024e+02,8.154543721877628570e+01,1.551778340679899657e+03,-1.155326237783467320e+02,3.552663024842347568e+02,3.874850866004526893e+02,-2.668045812272437800e+01,1.611418057161518504e+02,1.798618313795015865e+03,-1.092991759761061417e+02
-9.290649145341131998e+01,1.580978975838582983e+03,1.181232277942674727e+03,1.172120318693917937e+02,1.634501891174664706e+03,1.011040707532994247e+03,-1.814612168906608929e+02,1.418353652364516392e+03,8.779509986182891907e+02,3.457163675673780858e+02,1.867454250434288269e+03,1.089279233522428285e+03,-1.974077872667899385e+02,1.274579786781283701e+03,5.525032598050515844e+02,4.789750481684049532e+02,2.076686258154270490e+03,1.190227197707935602e+03,-1.585089995678755201e+02,1.526972760777626036e+03,4.693576960422760180e+02,3.194957235220819030e+02,1.344886442895912978e+03,5.829587829250473305e+02,4.919980733576408483e+01,1.298438823745952732e+03,5.954600773735297707e+02,3.863910744748209254e+02,1.037243546183251283e+03,1.103181674666895162e+02,6.708130591120591291e+00,1.523977300870728641e+03,3.473073358754922992e+02,3.597419904663018997e+02,5.493114801995827747e+02,1.850253085813419318e+02,8.100573359962353948e+01,1.557348668934896068e+03,-1.131625402525872630e+02,3.708978531652938955e+02,4.220008455379540351e+02,-3.573255801414845934e+01,1.596278718307561633e+02,1.800617784026429263e+03,-1.051038081372325905e+02
-9.666494382971013977e+01,1.628061556330243548e+03,1.171812467916965034e+03,1.060757063048497741e+02,1.671764555409294644e+03,9.970363154342346661e+02,-1.826031278077096829e+02,1.439937445931962202e+03,8.800130123451866666e+02,2.993505794079882207e+02,1.930997451808395226e+03,1.037324602554045214e+03,-1.972979232318062373e+02,1.280404488384972183e+03,5.609747471940518153e+02,3.854657668658346097e+02,2.191091045056104576e+03,1.075265510107077716e+03,-1.639952386552872952e+02,1.535207261228512380e+03,4.774035216241369426e+02,3.227451441481996994e+02,1.356967725579543412e+03,5.911782252359158747e+02,5.077018432742329423e+01,1.305924457603984592e+03,6.017352813974499668e+02,3.883931347216540075e+02,1.071084961979689297e+03,1.103386057748345337e+02,5.467055170076244863e+00,1.528645777404495902e+03,3.488545482927747230e+02,3.770292034327069928e+02,5.812583858089546993e+02,1.771434158751832797e+02,8.134480104075453255e+01,1.564941558998278879e+03,-1.133723151794659145e+02,3.853415372299468800e+02,4.565373525906975942e+02,-4.463128421717121341e+01,1.593376786548955408e+02,1.805579752570470873e+03,-1.027590213071363365e+02
-9.889179720433646992e+01,1.672280820118913653e+03,1.164405231141364766e+03,9.754981852660647235e+01,1.704147205790472071e+03,9.823851526939735095e+02,-1.837109116674255631e+02,1.460230378691055648e+03,8.835589335971803848e+02,2.516716953305389950e+02,1.979457519251372787e+03,9.690451696759164406e+02,-1.980180629827711698e+02,1.285890964706688465e+03,5.708160663403651824e+02,2.796127644016392537e+02,2.260017717982860631e+03,9.432201395810778877e+02,-1.675849398703225859e+02,1.542506618607764494e+03,4.826982418522434841e+02,3.262135282037004913e+02,1.371079714491183267e+03,6.012175016937774217e+02,5.290980558833561531e+01,1.315430303060253664e+03,6.087512317275286478e+02,3.917756842900339507e+02,1.101937777635475868e+03,1.143189129607094685e+02,5.370493398546235753e+00,1.536170079538509526e+03,3.497015222703220161e+02,3.905947407460431577e+02,6.101707439915217037e+02,1.721474099579264134e+02,8.246059078606084825e+01,1.573181336483224186e+03,-1.157757946638796653e+02,3.988860150252251628e+02,4.899064414050928917e+02,-5.237719058393634697e+01,1.599443948361215746e+02,1.812982186194252336e+03,-1.022699899813218565e+02
-9.932787308848135410e+01,1.712140526146814636e+03,1.158349937330894818e+03,9.224835784554218776e+01,1.733261489246531937e+03,9.657408147672404084e+02,-1.845426308986904189e+02,1.477672124082240771e+03,8.888859404517997973e+02,2.043682905024902254e+02,2.010950873165762005e+03,8.863288403627691423e+02,-1.991093488840116663e+02,1.290555255544456486e+03,5.825283578781479719e+02,1.762196479927556254e+02,2.284179702151478978e+03,8.056054813410538600e+02,-1.703342673654297528e+02,1.548570052840165772e+03,4.854757865570484796e+02,3.292553032463456475e+02,1.387373377357552499e+03,6.123389307911771766e+02,5.536401145212236230e+01,1.326681822597566907e+03,6.163570167893033158e+02,3.964912365271013073e+02,1.128946062855648961e+03,1.215857125913599077e+02,6.292033112434814335e+00,1.545419841034189858e+03,3.500928413333234062e+02,4.003541261160218596e+02,6.351903051994152065e+02,1.704006896892703082e+02,8.404478854384470310e+01,1.580792054245956479e+03,-1.193917584241743270e+02,4.118234879960035641e+02,5.209687894815425580e+02,-5.823371886110584938e+01,1.609144185374684355e+02,1.821802352936460011e+03,-1.031158992221374433e+02
-9.808565698674573241e+01,1.746862682296610728e+03,1.153019386909698142e+03,8.998011381815604182e+01,1.760186223674904340e+03,9.459923796203612483e+02,-1.849927172109019864e+02,1.492126299267319155e+03,8.962210209769942821e+02,1.591465805790793411e+02,2.023404114177024212e+03,7.950830949206512059e+02,-2.001809566602879045e+02,1.293992863041539977e+03,5.967730952469801196e+02,8.494179431251717460e+01,2.268581349184941246e+03,6.728353885575471622e+02,-1.734176373399219813e+02,1.552705748981813031e+03,4.864651930169574143e+02,3.314678145787261201e+02,1.405802834499405435e+03,6.234167680071885798e+02,5.783564239068355306e+01,1.339182305924610091e+03,6.241850145712983249e+02,4.022418191146423965e+02,1.151765183774711204e+03,1.311844059496116017e+02,7.998499826519122280e+00,1.555108487267053079e+03,3.503071229285317258e+02,4.069035789255880218e+02,6.558379151560404807e+02,1.717551842898597272e+02,8.567682399610936272e+01,1.586776090790129274e+03,-1.230192988266904877e+02,4.242652855936176479e+02,5.488720204414537420e+02,-6.186401419045777317e+01,1.616998682320129888e+02,1.830597280274145987e+03,-1.045062414776088673e+02
-9.565513990685033718e+01,1.776596910733705272e+03,1.148006704779859092e+03,8.960498064374591820e+01,1.785326054945468968e+03,9.228452236729610831e+02,-1.850019307613585795e+02,1.504690613976235909e+03,9.055350413713480293e+02,1.174745109370703489e+02,2.016143657434082797e+03,7.039875076819066635e+02,-2.008785329179002019e+02,1.296010920658029363e+03,6.140504724215750230e+02,9.448989730691147670e+00,2.220447191537174604e+03,5.530261151052447985e+02,-1.778266555341841695e+02,1.554000796525157966e+03,4.865470813547839839e+02,3.327078029974269953e+02,1.426068601510236249e+03,6.331898566935919916e+02,6.005199639886890139e+01,1.352378952541098670e+03,6.317341011683209899e+02,4.086771988358988210e+02,1.170518134774338023e+03,1.420987185563400601e+02,1.019040507151615671e+01,1.564172299260703085e+03,3.505956272828285591e+02,4.114540698590965917e+02,6.719992225194116600e+02,1.756659801143347579e+02,8.693590613379589627e+01,1.590585301809508564e+03,-1.256030584173063147e+02,4.361963217745940256e+02,5.731545196029037470e+02,-6.334020522829662525e+01,1.619302333187943930e+02,1.837925803913585241e+03,-1.056334958558864230e+02
-9.278847597315765938e+01,1.802289376226354079e+03,1.143135973568011423e+03,8.925805377117919193e+01,1.808601490037003032e+03,8.969997290048534069e+02,-1.844930369823410956e+02,1.517055986436294233e+03,9.164366589589360501e+02,8.039483687128213774e+01,1.990957307343147249e+03,6.220810517262372059e+02,-2.009067964299579785e+02,1.296803423928134634e+03,6.344978462538263102e+02,-5.092448870107133985e+01,2.147735994465828298e+03,4.518181606936324783e+02,-1.841744933835633447e+02,1.551716417516328420e+03,4.865957464294534702e+02,3.330396912416669579e+02,1.447597659293785000e+03,6.406165851200695442e+02,6.183663871341641993e+01,1.365868569636397524e+03,6.385440997421791280e+02,4.155490896660690510e+02,1.185661704866897026e+03,1.534669318388492343e+02,1.253337865974541465e+01,1.572077491717544262e+03,3.512135831299131610e+02,4.155779043771842112e+02,6.839206827538545213e+02,1.814081877363386184e+02,8.750499632013308826e+01,1.592278951469912272e+03,-1.265022786404449988e+02,4.476897446015086643e+02,5.937176549200764839e+02,-6.298856068705028832e+01,1.615007263796643713e+02,1.842943058039018752e+03,-1.058898237399361903e+02
-9.030752135758815768e+01,1.825253950253609446e+03,1.138355736935354571e+03,8.694671195114935358e+01,1.829764676603602766e+03,8.699259641899101325e+02,-1.834135570097456025e+02,1.530705850505633634e+03,9.282087885137049170e+02,4.856662501680111887e+01,1.952074080189173173e+03,5.562859094387338246e+02,-2.000993880438211363e+02,1.296994232718213880e+03,6.578552679460917716e+02,-9.845712855025024624e+01,2.058445406357993761e+03,3.726658522812386991e+02,-1.926048190328294822e+02,1.545672267819182252e+03,4.875192848532664698e+02,3.326483623725785606e+02,1.469610935639114132e+03,6.452158691549419700e+02,6.313940698141762908e+01,1.379492556496017414e+03,6.443850128470199934e+02,4.227512738912016630e+02,1.197853600613457957e+03,1.647304497686039326e+02,1.470113411356442157e+01,1.578893700039995110e+03,3.524255323011358882e+02,4.208424086475798163e+02,6.922259149529517117e+02,1.883703509402502618e+02,8.725736376839049058e+01,1.592542007128372234e+03,-1.256235975096108604e+02,4.591105375933010464e+02,6.107214818964461074e+02,-6.110212564385513190e+01,1.605154530680072185e+02,1.845788660578189592e+03,-1.050208643442699099e+02
-8.888887230178062282e+01,1.846630152886755013e+03,1.133640016777837900e+03,8.128649620436675605e+01,1.848607157398059599e+03,8.434273231341971950e+02,-1.818421054197356455e+02,1.546288474075540080e+03,9.399879998081302119e+02,2.245258548634607720e+01,1.905162949681036253e+03,5.098931584100546957e+02,-1.984722426092511398e+02,1.297473659745599889e+03,6.835646237612835421e+02,-1.348232445949071518e+02,1.960421766144761023e+03,3.171143253002478559e+02,-2.027653681943797039e+02,1.536396215401939344e+03,4.903563244878165506e+02,3.317520578667043196e+02,1.491267873490864304e+03,6.472599070119194948e+02,6.401281366867199552e+01,1.393248886232454652e+03,6.493599434309575145e+02,4.302680017073553813e+02,1.207856448774510909e+03,1.756773962295575586e+02,1.645106295896006543e+01,1.585068154868268948e+03,3.544093295898501310e+02,4.284632390257597194e+02,6.979018480256618204e+02,1.963385048885494655e+02,8.632061643677447194e+01,1.592453276226837261e+03,-1.233950892782585242e+02,4.711643091781713792e+02,6.244651589982034920e+02,-5.763737041198003652e+01,1.591392500821754936e+02,1.847467003294359301e+03,-1.031634308470278967e+02
-8.888423441423988436e+01,1.866977146804205631e+03,1.128971341126103198e+03,7.201979465924291901e+01,1.864974568276111995e+03,8.192094775652586804e+02,-1.800464093105620691e+02,1.563400529306675480e+03,9.510055233723653600e+02,2.456430145350967820e+00,1.855939696899273031e+03,4.824567792747923818e+02,-1.961928920965410725e+02,1.299093199473527420e+03,7.109367644420858596e+02,-1.602734825673860541e+02,1.861216496153729622e+03,2.849222891066538637e+02,-2.138269209210756401e+02,1.524953670836561059e+03,4.962741361382588252e+02,3.305409232769862342e+02,1.511843936742706546e+03,6.477213828754377118e+02,6.456091265897423170e+01,1.407097595664645951e+03,6.538573886960991786e+02,4.381026132269314530e+02,1.216466112472172199e+03,1.863844892382701914e+02,1.771413977099391346e+01,1.591020516760437886e+03,3.571005903922214202e+02,4.390986630952625660e+02,7.021965278806893593e+02,2.056397659606592185e+02,8.509832395864567900e+01,1.593069752107488739e+03,-1.205882308633718338e+02,4.847549504362806374e+02,6.352997195593692368e+02,-5.206012283239870442e+01,1.574700488856827860e+02,1.849263524256977917e+03,-1.007398554456763975e+02
-9.023984563360241395e+01,1.886193832281632695e+03,1.124380155097741408e+03,6.004649700264506151e+01,1.878695393186346791e+03,7.985639907957036030e+02,-1.784193355906925547e+02,1.580839236963731764e+03,9.607725776662664430e+02,-1.112647271821743722e+01,1.809011389865889896e+03,4.708442780840562136e+02,-1.934614196580855889e+02,1.302372203740636905e+03,7.393191937038234300e+02,-1.741542201172869113e+02,1.767631780208670079e+03,2.741711250963998623e+02,-2.245902963853909284e+02,1.512553117099017300e+03,5.063976006648565544e+02,3.291519929415200068e+02,1.530884996424776318e+03,6.479672936231415861e+02,6.489650448188629639e+01,1.420823812428895508e+03,6.583731413688526573e+02,4.462401531565916457e+02,1.224440305010846032e+03,1.970908171470480852e+02,1.863986503955008089e+01,1.596813410672406008e+03,3.601073848068163556e+02,4.528305556126386477e+02,7.064142430027123964e+02,2.170366562595575886e+02,8.421076676390471505e+01,1.595053342569263805e+03,-1.180465637492366113e+02,5.007198270343762943e+02,6.435980038212143199e+02,-4.346634119326579793e+01,1.555146484790563193e+02,1.852072697698470620e+03,-9.825832964576261475e+01
-9.256572619306275840e+01,1.903790837033104708e+03,1.119961852912344284e+03,4.694064663088011002e+01,1.889600508706602795e+03,7.821659673121703236e+02,-1.773211411094215464e+02,1.597186298727616531e+03,9.691375715019175914e+02,-1.832985920009140557e+01,1.767255150741762236e+03,4.707711809413555670e+02,-1.903860744369824829e+02,1.307363753984017649e+03,7.682088584038135650e+02,-1.760601918313540182e+02,1.684848677597639607e+03,2.815537190669845131e+02,-2.337633237728491338e+02,1.500144351658695086e+03,5.214964554296365122e+02,3.276742496262749569e+02,1.548282203534406790e+03,6.492977375508721707e+02,6.512066215645657508e+01,1.434072730069619411e+03,6.633002137890724725e+02,4.546469980951516732e+02,1.232413173824710384e+03,2.080499453937978274e+02,1.953942731109948028e+01,1.602114944069248168e+03,3.628104369692883324e+02,4.692925361136902893e+02,7.116461069490890168e+02,2.313658990702649021e+02,8.432349051638202297e+01,1.598538519553120295e+03,-1.164188094422829636e+02,5.195579294920473785e+02,6.497704704694334623e+02,-3.097469667997955156e+01,1.532559390748947692e+02,1.856057398903123385e+03,-9.611921597259492955e+01
-9.534541014195735897e+01,1.919355053872395274e+03,1.115824803772067980e+03,3.419095146661875617e+01,1.897704401631952578e+03,7.699567605373354127e+02,-1.769286793938047992e+02,1.611455182848591676e+03,9.762316651254773205e+02,-1.976402573252508432e+01,1.731654444638016457e+03,4.781487392697878818e+02,-1.869624810091750078e+02,1.313732423170672064e+03,7.972856967941316952e+02,-1.668062119112103119e+02,1.615332903720664717e+03,3.028976538814486617e+02,-2.404217130860665748e+02,1.488206713121817529e+03,5.416359420556558462e+02,3.261634714710430671e+02,1.564236474142095176e+03,6.524977757177011881e+02,6.531236941132083018e+01,1.446533502520277352e+03,6.687975950522096582e+02,4.632775849742783976e+02,1.240796530797058949e+03,2.194061345212495837e+02,2.072770450508767581e+01,1.606472818108864203e+03,3.646472480340671609e+02,4.878599536778146444e+02,7.185071668352387633e+02,2.490532797217584857e+02,8.588622728967294506e+01,1.603255318513398379e+03,-1.159841479759923430e+02,5.412495866582546569e+02,6.542822905091577468e+02,-1.423548532726847782e+01,1.507240925615522542e+02,1.860798906343459066e+03,-9.450520074170535167e+01
-9.818591766862222414e+01,1.932944991473343634e+03,1.111999176903570515e+03,2.254581562323772559e+01,1.903438278553534019e+03,7.611218294838147358e+02,-1.771761636648737124e+02,1.623518465711845465e+03,9.823739479425387344e+02,-1.672286436034444179e+01,1.701393637851651647e+03,4.898549491249184484e+02,-1.831797174475371435e+02,1.320968359241814369e+03,8.263824454186129742e+02,-1.487393467233904403e+02,1.557981867458671331e+03,3.337877353564436476e+02,-2.444868026959024121e+02,1.476780722202550351e+03,5.659440281791960388e+02,3.246481158560973199e+02,1.579138453118571988e+03,6.575700064995838829e+02,6.551467185959945994e+01,1.458139677022303431e+03,6.747835052740826995e+02,4.720665589796375912e+02,1.249691311448732222e+03,2.311298322880215323e+02,2.234234635882823738e+01,1.609703452945398794e+03,3.654339959293283187e+02,5.078165531312111511e+02,7.269647816629749286e+02,2.697315169522544238e+02,8.888763101463436556e+01,1.608758507427967743e+03,-1.166074097873378435e+02,5.652142959494804018e+02,6.576307903162581852e+02,6.188155117678957318e+00,1.480013369959041540e+02,1.865747996243346279e+03,-9.336985833126557566e+01
-1.009580599196055744e+02,1.945198808522547552e+03,1.108384583759803036e+03,1.179278571531945019e+01,1.907733094281379181e+03,7.542077119661513507e+02,-1.777955348076133930e+02,1.634139708003304804e+03,9.879918047688266824e+02,-1.107476638235901056e+01,1.674145906211791953e+03,5.038445164099431963e+02,-1.791459815070057573e+02,1.328581288227058394e+03,8.554269250953757364e+02,-1.254050717849709002e+02,1.508073446722812378e+03,3.700318757947720201e+02,-2.469105354018499554e+02,1.465638162455138627e+03,5.926360781686112205e+02,3.231263189031569141e+02,1.593440880745078857e+03,6.637500155177733632e+02,6.572453124810697034e+01,1.469147929783061045e+03,6.810129493433416883e+02,4.809168606478527863e+02,1.258859479229277440e+03,2.430286193439584963e+02,2.425555395776341072e+01,1.612116293537605088e+03,3.655140582215667564e+02,5.284419336231884472e+02,7.363381423645937502e+02,2.921731426746164288e+02,9.277627766097474193e+01,1.614595881615347707e+03,-1.178133782580075746e+02,5.904028589670190286e+02,6.602898945935360189e+02,2.877824193594041091e+01,1.451773823585097603e+02,1.870603327924887935e+03,-9.249489401623308993e+01
