4.674675904742022325e+00,-2.949893753541208241e+01,1.769141652096880989e+03,-2.925799809165777887e+01,-1.910951821589190160e+02,1.435988761113179862e+03,3.347832103546276805e+00,1.801130444895714220e+02,1.467241685723535511e+03,1.726818150664628888e+02,-2.958468197943406608e+02,1.150353533850326357e+03,9.464871344699147926e+01,3.391157607774021017e+02,1.184986036612986027e+03,2.335323058383952741e+02,-4.825978864276311242e+01,1.244656398439449276e+03,2.317860454882874990e+02,2.075303274330630927e+02,1.263152697055553062e+03,1.741797813481161938e+01,-3.505751575120068253e+01,8.257776201288897937e+02,7.696679111797328687e+01,2.598322505535377900e+02,9.039628107257640295e+02,1.726821380406348965e+02,-5.528285478446839818e+01,4.447722339701811620e+02,5.107077830730586925e+02,2.390410573898086852e+02,9.513479316815389666e+02,-9.839611061551313043e+00,1.753120903128332841e+01,9.491808615044288189e+00,4.339028832717791033e+02,2.290691737970960560e+02,4.998729266650482828e+02,2.576973267564687831e+02,4.928004849193219172e+01,2.740003576703146848e+01,7.099412124298778508e+02,1.859427459383169321e+02,5.230007210995532887e+02
5.648101023050444702e+00,-3.770116797110284779e+01,1.771846116645512438e+03,-3.070240640708946245e+01,-1.960845981804500013e+02,1.437205136393566818e+03,4.276348442731848110e+00,1.749954272367532155e+02,1.469335755848329654e+03,1.678217980642465363e+02,-2.971711453920153190e+02,1.153280343799789762e+03,9.407202519748949499e+01,3.389662035238422391e+02,1.187579994153668849e+03,2.316975173995002990e+02,-5.636154522306797787e+01,1.240554319729663121e+03,2.304270502219572165e+02,2.093404672400055802e+02,1.258950123394431785e+03,1.457118084632039690e+01,-3.740526050604977826e+01,8.237906563496012495e+02,7.795995848012233864e+01,2.592804603595506023e+02,9.061338133470286493e+02,1.695713203494208017e+02,-5.752656195055017463e+01,4.443307926050686660e+02,5.103393032415747257e+02,2.421275521906861172e+02,9.571024825145614159e+02,-9.760248831237824163e+00,1.582323038201118592e+01,6.201316268669109455e+00,4.446561368962248366e+02,2.271974126782963594e+02,5.051164664777063535e+02,2.565831726860094477e+02,4.793191963669482192e+01,2.706802085589194107e+01,7.136399969363903892e+02,1.832114905604484534e+02,5.393332196159194609e+02
6.701045535094525718e+00,-4.418992294321321879e+01,1.774300320378958531e+03,-3.198005110440312038e+01,-2.003718216647667134e+02,1.438362950498615419e+03,5.375864801072303578e+00,1.711457735034488792e+02,1.471469614827368559e+03,1.633158355279647367e+02,-2.977199059871392137e+02,1.155698513624196266e+03,9.361052683523813300e+01,3.396676896236341463e+02,1.189901214229420702e+03,2.293712725634771061e+02,-6.228147872078124436e+01,1.236621571287960023e+03,2.286329562547879846e+02,2.116704086236114790e+02,1.255391389762734889e+03,1.213875962701166245e+01,-3.862025560882410957e+01,8.218178519616932363e+02,7.936544478762864685e+01,2.598803446017826104e+02,9.080326127824887408e+02,1.672089886129423064e+02,-5.968997606804518341e+01,4.441076107455756983e+02,5.106253889220454312e+02,2.445656037984026057e+02,9.641127129997498741e+02,-1.008435118932888663e+01,1.430309983582921163e+01,3.408064331897830535e+00,4.555260274632369146e+02,2.261387397028470048e+02,5.114480339274728067e+02,2.555784113509685369e+02,4.670668046486692049e+01,2.682526923304816080e+01,7.187030125623590493e+02,1.803878811569705647e+02,5.561722091694540495e+02
7.882688472719925343e+00,-4.786986414353423669e+01,1.776247366000570764e+03,-3.296194078002206140e+01,-2.033572194164163136e+02,1.439325559812677511e+03,6.783737415290865158e+00,1.694218973689753511e+02,1.473568814759444194e+03,1.593869751941635684e+02,-2.969831332106474520e+02,1.157191659849682992e+03,9.340159407142343184e+01,3.416866669454237240e+02,1.191712980801398999e+03,2.263291014927720255e+02,-6.482123751187441485e+01,1.232919977562445411e+03,2.262649689382061240e+02,2.146615012910029350e+02,1.252713972595278392e+03,1.039268849978041054e+01,-3.783366272567007371e+01,8.198949119263565990e+02,8.147933351449604800e+01,2.623268497975022910e+02,9.095514221280019456e+02,1.661012858385439017e+02,-6.158474790282986078e+01,4.442293341836376612e+02,5.118934702447498353e+02,2.461360723578024192e+02,9.731911599646015247e+02,-1.095755289827718393e+01,1.310384621442521436e+01,1.447702869069792841e+00,4.664931829070833942e+02,2.263240286773739456e+02,5.196581169865636411e+02,2.547678800900025635e+02,4.565396235725377494e+01,2.671003321214510962e+01,7.258044203824430269e+02,1.775239836692799429e+02,5.738532271032166818e+02
9.175573143761580397e+00,-4.863915250720800287e+01,1.777489095063319837e+03,-3.359185604776956779e+01,-2.046978328422521543e+02,1.439904150287489074e+03,8.552960368678796499e+00,1.700007376300085014e+02,1.475439376174247627e+03,1.560682174279872072e+02,-2.949141133164853272e+02,1.157502380249674388e+03,9.357674008046257086e+01,3.449179656906634364e+02,1.192888592039280866e+03,2.227294401283322429e+02,-6.418545161233961949e+01,1.229368960706396592e+03,2.235863612764765094e+02,2.179587299882240927e+02,1.250674661254571447e+03,9.370156282040506213e+00,-3.464971786629294570e+01,8.181010806463850713e+02,8.438992317594180292e+01,2.666387614784642324e+02,9.108190149824779382e+02,1.663551409050373309e+02,-6.293608075751883035e+01,4.447030238807045635e+02,5.139983107282256469e+02,2.471824295667124431e+02,9.844528456585627509e+02,-1.218360326107409364e+01,1.226209793008661464e+01,3.925556301189824238e-01,4.774026286329298614e+02,2.276537813170983497e+02,5.300451465383944196e+02,2.541938844643707682e+02,4.476045572624926905e+01,2.669355722850128387e+01,7.347006544227219820e+02,1.748659287332482677e+02,5.924524322716706592e+02
1.048833083907209129e+01,-4.727797957090255920e+01,1.777963317129426059e+03,-3.389716379708552552e+01,-2.043924718278807120e+02,1.439944434992240076e+03,1.064211228575724633e+01,1.723990958733546393e+02,1.476875168118146803e+03,1.531875714455178752e+02,-2.918677008945734883e+02,1.156539923216492298e+03,9.423449757265807136e+01,3.488602261850492710e+02,1.193504496404284964e+03,2.189787184490611196e+02,-6.158621066107772890e+01,1.225759347378954544e+03,2.210780333558146822e+02,2.210231777820910111e+02,1.248782852862010031e+03,8.890323689796616691e+00,-2.915238891809030264e+01,8.165469796241947051e+02,8.799213551427611435e+01,2.723212742653900023e+02,9.121320971558742485e+02,1.677000561579037594e+02,-6.350183556199051083e+01,4.454507580575388488e+02,5.164235871251493109e+02,2.483519564934923949e+02,9.973931567554328694e+02,-1.334829361887472743e+01,1.171289662756326955e+01,4.970156227263166498e-02,4.879418425968740394e+02,2.296739839718204053e+02,5.424257666414807773e+02,2.538519166197597201e+02,4.400006769679534813e+01,2.670275881723039646e+01,7.443681064747634082e+02,1.727703873464325852e+02,6.117882294276154198e+02
1.168409327376095064e+01,-4.496593462228783977e+01,1.777765099187233091e+03,-3.396584786880160323e+01,-2.027661202654639681e+02,1.439400981406475466e+03,1.294156471495093541e+01,1.757463163727869357e+02,1.477782817207931203e+03,1.504275669136753777e+02,-2.883561945917285811e+02,1.154360402207987363e+03,9.541906720941611297e+01,3.529873082333998582e+02,1.193862756201249113e+03,2.154919206024709126e+02,-5.844852754315727594e+01,1.221830484475153071e+03,2.191360648543891330e+02,2.235817213032228494e+02,1.246648109937878417e+03,8.670145779936921926e+00,-2.177811022817859055e+01,8.153321571965652765e+02,9.207552279353687652e+01,2.787278596944042874e+02,9.137939693315074692e+02,1.696555583343929641e+02,-6.321345271016075174e+01,4.463643068511598813e+02,5.185613482837171659e+02,2.501539258950321596e+02,1.011174352099963812e+03,-1.406692741774814337e+01,1.132562851010722405e+01,5.921145217939897953e-02,4.976596799848085766e+02,2.319012616611254032e+02,5.562629497881152929e+02,2.536975818801800813e+02,4.336953660564839197e+01,2.666318880314749507e+01,7.534365227990372205e+02,1.715333396732338542e+02,6.314583444658663893e+02
1.264511880844617586e+01,-4.269976853939497374e+01,1.777072675921949894e+03,-3.389370089136379960e+01,-2.003373852062873937e+02,1.438334216449138921e+03,1.533062756091386802e+01,1.791665348154137121e+02,1.478220448468575569e+03,1.474445303735822677e+02,-2.847583336978530042e+02,1.151137461242818290e+03,9.711796648216716221e+01,3.570556474326220950e+02,1.194386370585237273e+03,2.125162534014170319e+02,-5.576655579310011035e+01,1.217376769161076027e+03,2.178752647621199401e+02,2.258455330431860091e+02,1.244188755476186543e+03,8.481577758083455265e+00,-1.314555080914677276e+01,8.144977071914290718e+02,9.643725703703455565e+01,2.853603386488565548e+02,9.159565306291989373e+02,1.717477193562561979e+02,-6.223502154422683219e+01,4.473390538465940836e+02,5.200087747773191040e+02,2.526360873599447245e+02,1.024935917938104240e+03,-1.420050131866433318e+01,1.096556177796235687e+01,4.751407037308573444e-02,5.060218196257163186e+02,2.340765167792990269e+02,5.708218573718326070e+02,2.536599752985572991e+02,4.287161293947623619e+01,2.653159188821501502e+01,7.606667547626589112e+02,1.712293182018415223e+02,6.508719336598674090e+02
1.334769182845157154e+01,-4.090824225673420500e+01,1.776024797993664606e+03,-3.372864781863421513e+01,-1.976159701922223064e+02,1.436840626258185466e+03,1.773907972826866697e+01,1.820881258834386927e+02,1.478323918920285905e+03,1.440004195269837624e+02,-2.811318693146233727e+02,1.147120692563492867e+03,9.927424752177059020e+01,3.611572368840200511e+02,1.195422476980684223e+03,2.100875571453355235e+02,-5.389661001824278941e+01,1.212334768864988064e+03,2.171489075307877386e+02,2.283224107485110892e+02,1.241597277113384052e+03,8.267428583753362759e+00,-3.915313232084134398e+00,8.140052137946119046e+02,1.009667087086175883e+02,2.919509427456956132e+02,9.185464216344020087e+02,1.736662411899927179e+02,-6.089920245993976522e+01,4.482795299760137482e+02,5.207294934060089417e+02,2.553696278209848458e+02,1.037991601207098711e+03,-1.391927627082255547e+01,1.054850234487646432e+01,-2.357778129460154082e-01,5.124857011282052781e+02,2.362410573177774324e+02,5.853135241866385741e+02,2.536572427831866321e+02,4.247251125023440466e+01,2.629891689729157278e+01,7.652588785083526091e+02,1.716615265377697881e+02,6.693015465303393512e+02
1.390147780593281368e+01,-3.941739228901204228e+01,1.774641722994519796e+03,-3.344792093343369288e+01,-1.949147528252152881e+02,1.434979219188157231e+03,2.017714482618815452e+01,1.843608678595014965e+02,1.478184527570511364e+03,1.400434161931038943e+02,-2.772106549834933276e+02,1.142577381109202861e+03,1.017999355750434631e+02,3.655274574395976970e+02,1.197062920344705844e+03,2.080713865470030726e+02,-5.269495736990300117e+01,1.206812533121728620e+03,2.167128439937663131e+02,2.313813547246428186e+02,1.239136609575077955e+03,8.157622069601297099e+00,5.306221478711158568e+00,8.137493578600127648e+02,1.056678666701726996e+02,2.983651455220895627e+02,9.212958195931759064e+02,1.753090045763567275e+02,-5.955712249722125051e+01,4.490919810574462190e+02,5.210154453606253355e+02,2.577221538286738678e+02,1.049885622994773030e+03,-1.358992256715409574e+01,1.006153695651724966e+01,-8.570477041368648186e-01,5.165760822712334175e+02,2.386739914782534413e+02,5.990306755652069342e+02,2.536127635549317745e+02,4.208722700070975975e+01,2.596830944519927797e+01,7.669049044044654693e+02,1.724661905233872687e+02,6.860056238360334646e+02
1.451952150785230877e+01,-3.770560935884939369e+01,1.772846761374221160e+03,-3.298472420875494038e+01,-1.922519804977589217e+02,1.432748911284370934e+03,2.271621173920852499e+01,1.861793062855988410e+02,1.477776691959891423e+03,1.356938137423560704e+02,-2.725597009728646754e+02,1.137733773824411855e+03,1.045857607393353561e+02,3.702897625568099897e+02,1.199090597566575070e+03,2.062105684267761490e+02,-5.173759981205020608e+01,1.201049386218968721e+03,2.163670895811273454e+02,2.349280693843776078e+02,1.236923133815410438e+03,8.386281556899485068e+00,1.404716948526038145e+01,8.135862551082096843e+02,1.106184355049825854e+02,3.044826394730160928e+02,9.238432846148331237e+02,1.767354035637503955e+02,-5.842181937922225643e+01,4.496811851892891809e+02,5.212951425767016644e+02,2.592279466260363847e+02,1.060369747227914559e+03,-1.356301708995051669e+01,9.547117494316580633e+00,-1.727554515938812818e+00,5.179472108162943869e+02,2.417757919116733376e+02,6.114737299695432284e+02,2.534715246772946955e+02,4.161108145559415306e+01,2.553111336320980485e+01,7.656373541239324823e+02,1.733166648097874543e+02,7.004180575570013616e+02
1.542852908009861501e+01,-3.524272254916271407e+01,1.770564227750913005e+03,-3.228588692949612238e+01,-1.893777488765545343e+02,1.430124273985572700e+03,2.543787304370050606e+01,1.879036642529090670e+02,1.476992128463128893e+03,1.311474859155348724e+02,-2.667850326308646345e+02,1.132748228715622417e+03,1.075169452343946261e+02,3.753394793978805524e+02,1.201085776055058204e+03,2.041600614060780572e+02,-5.045929525724702103e+01,1.195326705793504516e+03,2.159699108257613887e+02,2.384605016038743202e+02,1.234823339111780342e+03,9.162326321905737814e+00,2.205348644026716443e+01,8.133597422555584444e+02,1.158935657426599164e+02,3.101800861663847400e+02,9.258514123342795301e+02,1.780876857427104198e+02,-5.747955320164641790e+01,4.499617249329423885e+02,5.219048792932983361e+02,2.598220819847924759e+02,1.069375033088339251e+03,-1.398578330445102402e+01,9.070278292499818207e+00,-2.686201912993064767e+00,5.164179808695444081e+02,2.459339522705017487e+02,6.224286282549392126e+02,2.532151198665069103e+02,4.096549282661804625e+01,2.496411142836796060e+01,7.616063760288609501e+02,1.740950605989841051e+02,7.123068023447542600e+02
1.677089793605849266e+01,-3.171357711007963687e+01,1.767812004788056811e+03,-3.135974382103595559e+01,-1.859092124775940817e+02,1.427115452289301629e+03,2.839045278609842882e+01,1.898884064751799770e+02,1.475753942801869243e+03,1.265617641766917671e+02,-2.596917098755478150e+02,1.127734357157491104e+03,1.105052645099693507e+02,3.804400139583588611e+02,1.202633315546074982e+03,2.015524480857843628e+02,-4.824172669581148654e+01,1.189872952016833779e+03,2.153672233633559188e+02,2.414750907782783997e+02,1.232506838038541900e+03,1.056132761877552717e+01,2.934944283787032404e+01,8.129264060668749607e+02,1.214940630974340081e+02,3.154125504540480165e+02,9.271003972350052891e+02,1.795256744534790982e+02,-5.650408086360893378e+01,4.498852217816298662e+02,5.229422105147508546e+02,2.598048774085409036e+02,1.076992612199607038e+03,-1.473696860201018310e+01,8.693225639770583157e+00,-3.579740632097540676e+00,5.119641419321828266e+02,2.513672583211939298e+02,6.319454782070600913e+02,2.528725663454329435e+02,4.011837670078391227e+01,2.425291580407208869e+01,7.549128925161071493e+02,1.749131005824340264e+02,7.217627079005881114e+02
1.855493042979436780e+01,-2.705527505675711808e+01,1.764717651390508536e+03,-3.028249765060987997e+01,-1.815168697009179652e+02,1.423809417130991505e+03,3.158043980855847366e+01,1.923828422337680024e+02,1.474123119793949854e+03,1.219929035085031472e+02,-2.513384443230790453e+02,1.122812190849712806e+03,1.135265446561093938e+02,3.854388799273119730e+02,1.203518886491116291e+03,1.981275402577526563e+02,-4.455640237388464442e+01,1.184804901237310560e+03,2.143686701743412755e+02,2.439230544200324289e+02,1.229615528377727742e+03,1.248390180788686621e+01,3.622181519554591489e+01,8.121900344545367716e+02,1.273111174969645560e+02,3.202938680403785270e+02,9.275372244010522991e+02,1.811831858574643945e+02,-5.515725243255545251e+01,4.494730738604946509e+02,5.242651406975571717e+02,2.595853475029896913e+02,1.083416338507825230e+03,-1.550116404913924484e+01,8.469037100222141845e+00,-4.301923405676925327e+00,5.046665964037940739e+02,2.579853992044643292e+02,6.402073529553642857e+02,2.525237079042993571e+02,3.907874060559512941e+01,2.342377528722824209e+01,7.455593706008120307e+02,1.759774712924548226e+02,7.289653409781418532e+02
2.067534012349478445e+01,-2.137773588659705126e+01,1.761452457855972625e+03,-2.916220345332023456e+01,-1.760821061586231622e+02,1.420369259047377454e+03,3.499257594352753387e+01,1.955051888202943928e+02,1.472313872874284243e+03,1.174100394206111559e+02,-2.420006183669459290e+02,1.118134538663441845e+03,1.166314442547006962e+02,3.904283204562101446e+02,1.203813163354146127e+03,1.938864643772036231e+02,-3.917390866031959007e+01,1.180124555356064548e+03,2.128493997241540683e+02,2.463694703377368000e+02,1.225957586183099238e+03,1.468810660593450379e+01,4.310171943989855947e+01,8.111422201557070366e+02,1.331409274001038625e+02,3.250855892270433856e+02,9.272736011227387962e+02,1.831335915329495379e+02,-5.312069461002764115e+01,4.488330715669544020e+02,5.256209359780933710e+02,2.593994591740647024e+02,1.088809528286068598e+03,-1.592448581701797572e+01,8.448734583116181085e+00,-4.790397198554194880e+00,4.946526087773236782e+02,2.653689216272340445e+02,6.473461215993598898e+02,2.522911570139587241e+02,3.789970529683203182e+01,2.255746120606071514e+01,7.335151485977698940e+02,1.774229533278264626e+02,7.338490160871187982e+02
2.298250181935908287e+01,-1.488756205421442402e+01,1.758140471970572435e+03,-2.808635293567970947e+01,-1.697570312021124721e+02,1.416992863691678849e+03,3.860792971201798451e+01,1.992552444773417619e+02,1.470596101619968522e+03,1.127609085896780670e+02,-2.320860946166023950e+02,1.113847855382467515e+03,1.199058019015730707e+02,3.957225957116327777e+02,1.203803506125115518e+03,1.891712742592593486e+02,-3.231165586217083074e+01,1.175764637321860619e+03,2.109187340209523711e+02,2.497120076419197403e+02,1.221627503755544240e+03,1.687234945487480431e+01,5.038246518930795048e+01,8.098809515230630041e+02,1.387429680209350806e+02,3.300918120843792849e+02,9.265326705970146577e+02,1.853615010550120417e+02,-5.019941647378465888e+01,4.481389555700397977e+02,5.268245176002133121e+02,2.592043766246649170e+02,1.093138222683887079e+03,-1.576596852158072970e+01,8.684673017620511359e+00,-5.006960986167920069e+00,4.820902104677904276e+02,2.729571140319101801e+02,6.533017715133444199e+02,2.523159540999788533e+02,3.670855998127647979e+01,2.177136384354257714e+01,7.188607476171745247e+02,1.792666197010310611e+02,7.359145254998346672e+02
2.535730186664897801e+01,-7.876882479628280365e+00,1.754809677154078145e+03,-2.708403109908782014e+01,-1.629033497703475462e+02,1.413847255653972752e+03,4.239627897622158770e+01,2.035341557721345680e+02,1.469138911964719000e+03,1.080433377563933846e+02,-2.220439089786863747e+02,1.109999631519796139e+03,1.233956179142568743e+02,4.016613352144363489e+02,1.203813796294752592e+03,1.845905236841603312e+02,-2.457050538690063490e+01,1.171654067586297970e+03,2.090065882242524822e+02,2.546268712335961766e+02,1.216989421992955840e+03,1.876977354229974537e+01,5.825836703936249705e+01,8.085735941018019730e+02,1.439186826132244050e+02,3.355333406433808250e+02,9.255552969701311667e+02,1.877574399368315312e+02,-4.636771056970831495e+01,4.475699295145987548e+02,5.278855410429080166e+02,2.588054395234710228e+02,1.096083696760812245e+03,-1.498146188112295007e+01,9.215463670791811168e+00,-4.927947447836589667e+00,4.672614500090983825e+02,2.803910442583868416e+02,6.577992429494261160e+02,2.527154827800962096e+02,3.573105762334231628e+01,2.117905925667980682e+01,7.019527885660181710e+02,1.815314455028523639e+02,7.343689579515753394e+02
2.775699304400847112e+01,-7.406018885920512274e-01,1.751410607490858865e+03,-2.611902453623407894e+01,-1.559473946303409662e+02,1.411002226159259408e+03,4.629088925019451040e+01,2.081648502183682581e+02,1.467891564077673365e+03,1.033402456744516087e+02,-2.122832004382449895e+02,1.106455279987667609e+03,1.270463671923317293e+02,4.083812718305579210e+02,1.204019570362546119e+03,1.808024058629875981e+02,-1.664983458569742680e+01,1.167757737314009546e+03,2.077612180467092458e+02,2.611132715449579678e+02,1.212524759812327375e+03,2.021443790646211269e+01,6.666067125572421048e+01,8.073622803291426635e+02,1.485752547364731413e+02,3.414792108872492804e+02,9.244955730808189855e+02,1.901535021091066540e+02,-4.176361064242016852e+01,4.472339892857945642e+02,5.290149484293300475e+02,2.580900563884264329e+02,1.097123225884207159e+03,-1.372063310576371009e+01,1.003467212019326027e+01,-4.554082439257135739e+00,4.506635915646588728e+02,2.877985045769009957e+02,6.604452666556804843e+02,2.535328766883291678e+02,3.525168862980308404e+01,2.085168828217486592e+01,6.835225257689565979e+02,1.844267540756389963e+02,7.285464124334906728e+02
3.022153774006466165e+01,6.060956641083124374e+00,1.747875782192323868e+03,-2.511140982978893632e+01,-1.492289091632312079e+02,1.408390270959991994e+03,5.017928492608385938e+01,2.129261769212203603e+02,1.466581842419197756e+03,9.879226007511500995e+01,-2.031031129579107528e+02,1.102891427367535243e+03,1.307030282997554025e+02,4.157310853924528828e+02,1.204376662974200826e+03,1.782601322477028702e+02,-9.011307160508060576e+00,1.164044597263317200e+03,2.077921146125955545e+02,2.684577713395349292e+02,1.208610095535226719e+03,2.115406345371452446e+01,7.531322576362505572e+01,8.062591483383804416e+02,1.527396518428635659e+02,3.478619335241874637e+02,9.233505957932934507e+02,1.923935811845321950e+02,-3.665226025814053656e+01,4.471167691360253684e+02,5.305116404808549078e+02,2.571691414113464589e+02,1.095753325534062924e+03,-1.225459541230245897e+01,1.106546280203936128e+01,-3.930709526635907114e+00,4.330444625890292514e+02,2.957849464906101389e+02,6.608760258718415344e+02,2.547004112352381924e+02,3.549263327110069355e+01,2.080149728663575459e+01,6.646234943617876070e+02,1.883914295700575394e+02,7.183399208022908624e+02
3.284890888442833301e+01,1.213337575528831458e+01,1.744171209386445526e+03,-2.397498247582161923e+01,-1.429150794082052300e+02,1.405814176751874356e+03,5.393516802851907244e+01,2.176118233804363058e+02,1.464844046527860201e+03,9.451398129280617866e+01,-1.946371538839915161e+02,1.098884780325450947e+03,1.341768321746374966e+02,4.234024318067332615e+02,1.204714992400405663e+03,1.770501586839174024e+02,-1.715024597911681159e+00,1.160378554125225492e+03,2.094098249433905039e+02,2.756619068024538706e+02,1.205332384823978373e+03,2.161253530915470833e+01,8.387156572482179229e+01,8.051026338265767208e+02,1.565093898915561397e+02,3.545492446473354562e+02,9.219631380948624155e+02,1.944030026965448315e+02,-3.136891077935824867e+01,4.470908720098987033e+02,5.325989231700181108e+02,2.563188513090435094e+02,1.091720945732523205e+03,-1.087106509535484378e+01,1.216686606659535563e+01,-3.160840405199623060e+00,4.153216478738532373e+02,3.050691207880209390e+02,6.588654422953592302e+02,2.560428594708228616e+02,3.647190783895494803e+01,2.099010666817270021e+01,6.464165979888969105e+02,1.938859760874672418e+02,7.043456271372582478e+02
3.575221061972748515e+01,1.731902791095143002e+01,1.740308076334697034e+03,-2.265685013501265743e+01,-1.370042724772994234e+02,1.403005288611888545e+03,5.747884213077976057e+01,2.221032487866719407e+02,1.462409514109548354e+03,9.050429256469205086e+01,-1.868330816946340747e+02,1.094055663464311010e+03,1.373393157939925118e+02,4.311825687051558589e+02,1.204935922474734525e+03,1.769010516525863466e+02,5.473772956555078117e+00,1.156399977413205079e+03,2.125156446656373248e+02,2.820630181377061376e+02,1.202443609431173172e+03,2.163482772743730465e+01,9.207549706502216225e+01,8.036174195841416577e+02,1.599628673166404553e+02,3.614238523499554958e+02,9.201027968941273230e+02,1.962160314058524477e+02,-2.624189406254343737e+01,4.469882168398854105e+02,5.353052911357275434e+02,2.557874262905039302e+02,1.085123001048546257e+03,-9.777822333069480010e+00,1.317712064047702825e+01,-2.395326676924026454e+00,3.984285536373743071e+02,3.159619183875493036e+02,6.543472440285199809e+02,2.573316541635485919e+02,3.794218544341465815e+01,2.134833043336910663e+01,6.298906036530872825e+02,2.010168975481860230e+02,6.876184882348107976e+02
3.900815251988118604e+01,2.178912329648843738e+01,1.736320336807134481e+03,-2.116626191578041727e+01,-1.313933137248434377e+02,1.399712873363063864e+03,6.082183481996458596e+01,2.264201599183062399e+02,1.459253200875419680e+03,8.662386415539462803e+01,-1.795015141869178592e+02,1.088195509730440108e+03,1.401867276525441639e+02,4.391315371576063171e+02,1.205169649451022451e+03,1.773498383106369545e+02,1.280149767590843979e+01,1.151509945631439678e+03,2.166893039091920912e+02,2.877496393405979234e+02,1.199491180326874655e+03,2.125510876329856558e+01,9.984508150289208572e+01,8.015552914599634278e+02,1.630808940816317261e+02,3.684311892522701442e+02,9.175880117667958302e+02,1.979442746680277878e+02,-2.150508068661859795e+01,4.466975143199738909e+02,5.384502284098333575e+02,2.556346443975143643e+02,1.076333109777925074e+03,-9.047907883825729414e+00,1.397024402307156343e+01,-1.793527074778554997e+00,3.831810100364310756e+02,3.280302545702598422e+02,6.473738262271879194e+02,2.583721291210121080e+02,3.947146768498039648e+01,2.179264679829889317e+01,6.156699137539518460e+02,2.092440903981928386e+02,6.692101572095403981e+02
4.260765773287973701e+01,2.596397705844769277e+01,1.732240204413013316e+03,-1.958000834214892194e+01,-1.259608345549910950e+02,1.395789944559075138e+03,6.405787176324537313e+01,2.307066920717517746e+02,1.455615012696519443e+03,8.267583305448816589e+01,-1.724436809408290401e+02,1.081319515187866500e+03,1.428385856469987232e+02,4.475380881007066591e+02,1.205764403397218075e+03,1.779735921019285172e+02,2.026552839232416048e+01,1.145023348438541007e+03,2.214041586164838975e+02,2.935106836999422057e+02,1.196055955345068924e+03,2.050484035430806173e+01,1.072791040291302664e+02,7.988367074061029598e+02,1.657284271118977301e+02,3.755786849203152542e+02,9.143841136844092716e+02,1.997077259114530818e+02,-1.723130320341571320e+01,4.462280002384418935e+02,5.417286960371412761e+02,2.557300481524494842e+02,1.065824534158523647e+03,-8.624129348052180788e+00,1.448888560968240924e+01,-1.463100299987029507e+00,3.702184098445808331e+02,3.401928289747111762e+02,6.380710501753849258e+02,2.590816432759584131e+02,4.063275626866784762e+01,2.223397671475415294e+01,6.040038292980358392e+02,2.174207412435742413e+02,6.497919265491733540e+02
4.642751086604476285e+01,3.027801636910832528e+01,1.728094773679371656e+03,-1.801722959618008701e+01,-1.206274870526037546e+02,1.391239211859488478e+03,6.730376808608519923e+01,2.351414470267791046e+02,1.451884350538370200e+03,7.854115413342171337e+01,-1.656030366944138166e+02,1.073625277266196235e+03,1.454780429048517192e+02,4.566777599885632526e+02,1.207090703333082956e+03,1.785632973153755927e+02,2.753720758907524058e+01,1.136436494991352220e+03,2.262471091488995398e+02,3.003565505222520642e+02,1.191956775063955547e+03,1.943962067666779348e+01,1.145642475480449463e+02,7.956042488256216529e+02,1.677087656130337336e+02,3.828973079915823519e+02,9.106207405122206637e+02,2.015742124071070123e+02,-1.332458921454923662e+01,4.456968825258055631e+02,5.448327413797916279e+02,2.559060632828841619e+02,1.053994033999475050e+03,-8.378195130147689795e+00,1.473438747785873559e+01,-1.404870519684873198e+00,3.599956331419676303e+02,3.512210054650685720e+02,6.266207194022433669e+02,2.595144273499645919e+02,4.119494020059793371e+01,2.258511791264783852e+01,5.949095346967759497e+02,2.242269910494261467e+02,6.295688035014160278e+02
5.024590818625856770e+01,3.492305218481485696e+01,1.723913455123568838e+03,-1.659072668750405910e+01,-1.153743118179873761e+02,1.386196773169984908e+03,7.063390560226027048e+01,2.398103642691681898e+02,1.448407918263369083e+03,7.425992698267825176e+01,-1.591268507076633512e+02,1.065384969993994446e+03,1.482777378309521339e+02,4.665499900614860280e+02,1.209278612825607979e+03,1.791536993718383712e+02,3.410443930494921005e+01,1.125654039574127182e+03,2.310450489810123713e+02,3.089125010630204997e+02,1.187302830668179240e+03,1.814544713610229110e+01,1.218512142083104948e+02,7.921491769696665415e+02,1.688557102267795074e+02,3.903945409951201100e+02,9.065164872942693819e+02,2.035441655936334087e+02,-9.582611014567579133e+00,4.452449147137144223e+02,5.475380624391839319e+02,2.561547511228804410e+02,1.041050279820078003e+03,-8.195746958242665414e+00,1.473180064731375261e+01,-1.496439763725057270e+00,3.527785574215221800e+02,3.603555879736712200e+02,6.132426720686227100e+02,2.598160656292209296e+02,4.120645099013528068e+01,2.277370590578334131e+01,5.883610484505907152e+02,2.287995306511857052e+02,6.084639762422561944e+02
5.381146944303032598e+01,3.973348095709383188e+01,1.719715751566099698e+03,-1.535820897123013751e+01,-1.102222771162013828e+02,1.380858950357039475e+03,7.405404631379163050e+01,2.446150820610308472e+02,1.445318153895628484e+03,6.997963103327003864e+01,-1.532523418933024288e+02,1.056829881495980544e+03,1.513564095723071716e+02,4.767898477678024278e+02,1.212066553323146536e+03,1.799118603035554429e+02,3.954412969709047587e+01,1.113027551052766739e+03,2.358646337778429256e+02,3.190541490160634908e+02,1.182381220966322417e+03,1.670524985748724234e+01,1.291712244901794691e+02,7.887503326800424475e+02,1.691062986872142631e+02,3.980263863408558223e+02,9.022549546861540648e+02,2.055835732988993243e+02,-5.799547347018428667e+00,4.449325245098625601e+02,5.497193381854226573e+02,2.567377200914588684e+02,1.026975735727183974e+03,-8.043257614908361219e+00,1.450956343135069915e+01,-1.534934744321473588e+00,3.486454139651629021e+02,3.676751593791983055e+02,5.981244623585919271e+02,2.601327989449276288e+02,4.093287248263715128e+01,2.275861813124190292e+01,5.844303568407902958e+02,2.312014014468367122e+02,5.863837523767921311e+02
5.694524106670223773e+01,4.429051659502533056e+01,1.715465810156008274e+03,-1.430223398896253073e+01,-1.051922702385740678e+02,1.375385923389076197e+03,7.752267385967533642e+01,2.492779173800111892e+02,1.442465956200138635e+03,6.579632654761954313e+01,-1.480624838488628257e+02,1.048083171034661518e+03,1.547792659054051683e+02,4.868248671213583521e+02,1.214876378306702691e+03,1.809707073535504094e+02,4.376748030537273593e+01,1.099176207901978159e+03,2.409171630614836488e+02,3.299981931409096205e+02,1.177474680840745350e+03,1.514838985546972516e+01,1.364378370307962314e+02,7.855177199737848923e+02,1.685143958186373538e+02,4.056985457951707872e+02,8.978854199281061028e+02,2.076752363244728201e+02,-1.858278428409723126e+00,4.446839576640447831e+02,5.513114573451719025e+02,2.581402067926881045e+02,1.011552969666623312e+03,-7.979422496294255041e+00,1.411673927504319970e+01,-1.327396931424684512e+00,3.475382999251078218e+02,3.740099004630981767e+02,5.812961187399772598e+02,2.605291716108275182e+02,4.069638336548802471e+01,2.253934873567020247e+01,5.833445564746635910e+02,2.324377481259502076e+02,5.633746487463528183e+02
5.962799380837894603e+01,4.818407589802973234e+01,1.711018765404455735e+03,-1.335327731479984514e+01,-1.002672307682804984e+02,1.369826582390292515e+03,8.098857129327183202e+01,2.534545952867754011e+02,1.439485662613433988e+03,6.160564742953856410e+01,-1.432899901491794026e+02,1.039161693599076216e+03,1.585783754437792652e+02,4.961786199222572691e+02,1.217082844395999700e+03,1.823122268690061674e+02,4.709688349587041500e+01,1.084701311338945516e+03,2.464356301876968871e+02,3.407788869325219707e+02,1.172734488569736641e+03,1.343109669208066137e+01,1.435237501319774651e+02,7.823266540371797646e+02,1.672086090486484409e+02,4.132913089334937240e+02,8.933017881797045447e+02,2.098494492577890469e+02,2.228235853801322719e+00,4.443156338827928380e+02,5.522645462614310645e+02,2.608950107582989517e+02,9.944552385463834980e+02,-8.104616686631327838e+00,1.365932937235455746e+01,-7.862297510157627567e-01,3.493735371018680667e+02,3.804766535666340701e+02,5.625294586587885988e+02,2.609604146771530395e+02,4.071220991768340269e+01,2.214918483261847015e+01,5.854533755238670665e+02,2.339822347997470899e+02,5.396177131730310066e+02
6.202456106912214295e+01,5.128065953751239192e+01,1.706108126233385519e+03,-1.244199178719759047e+01,-9.536758023027850584e+01,1.364097132806529771e+03,8.441088406789506848e+01,2.569096446705360108e+02,1.435954488743000184e+03,5.707777329301722347e+01,-1.383493942118611244e+02,1.030025990890411094e+03,1.627603022542970450e+02,5.047330555794061411e+02,1.218320354101774456e+03,1.837549475765461011e+02,5.012636611183945945e+01,1.069964162096309565e+03,2.525836827976513348e+02,3.508099504894400980e+02,1.168171697869605396e+03,1.147827400993530667e+01,1.503599280185725320e+02,7.788718394544494004e+02,1.653320526112755999e+02,4.207001623959621952e+02,8.883017239524652950e+02,2.121727006850220221e+02,6.340192101083739651e+00,4.436285065770799179e+02,5.525303979955231171e+02,2.653750057269098761e+02,9.753935339070775399e+02,-8.479193499715949045e+00,1.331150057138511045e+01,2.043189708598267332e-02,3.541446775017633399e+02,3.879264437993464298e+02,5.413691248652706918e+02,2.613099400589114225e+02,4.100456602184607391e+01,2.163328928888373071e+01,5.911075084551252985e+02,2.370702301119513322e+02,5.153385408774047391e+02
6.442810878244826256e+01,5.385261822573923496e+01,1.700408097871425070e+03,-1.154423294598765537e+01,-9.034344308736739038e+01,1.358020370111049715e+03,8.775992071413629958e+01,2.596749943668374385e+02,1.431566622227185690e+03,5.178133299173237702e+01,-1.326175928484230724e+02,1.020635666767619114e+03,1.672928470798164824e+02,5.128009953288478755e+02,1.218649607326998876e+03,1.850327221982182948e+02,5.344172737234854509e+01,1.055031797991456187e+03,2.594212051416442364e+02,3.601966170736068875e+02,1.163732021317711542e+03,9.267556978197854178e+00,1.570001917513768035e+02,7.748045849175333615e+02,1.630024468926884822e+02,4.278863121871792714e+02,8.826819717266192811e+02,2.147032560067920031e+02,1.032798468901594369e+01,4.425037591739330765e+02,5.520833484590917806e+02,2.716643163357837238e+02,9.542722887077887890e+02,-9.059105728977469241e+00,1.327289232010835285e+01,8.904733770943755733e-01,3.619353383341618837e+02,3.966100455753996812e+02,5.173316660831244462e+02,2.614648217278564744e+02,4.143040997422072991e+01,2.102303983168917156e+01,6.004785696652032811e+02,2.421436815067923192e+02,4.907427521546311482e+02
6.715045478419257563e+01,5.650256749108101673e+01,1.693654609170714139e+03,-1.068573665689002183e+01,-8.499405374525788659e+01,1.351404729830820543e+03,9.102310115656644030e+01,2.621092039340156248e+02,1.426240047747982317e+03,4.538273883353652849e+01,-1.257893398346689793e+02,1.010975256484592933e+03,1.720963963527182727e+02,5.209798784971569603e+02,1.218497573535982610e+03,1.859121366535943878e+02,5.735160291139806077e+01,1.039766651600604973e+03,2.669209863080956211e+02,3.696356695176582434e+02,1.159365992204560143e+03,6.896170065361702406e+00,1.636195831219577030e+02,7.698787753538001652e+02,1.603051345768937779e+02,4.349223136154163285e+02,8.763137600167113987e+02,2.174461625278862584e+02,1.411042186027907164e+01,4.409439630494464950e+02,5.509516138476240030e+02,2.795660786379744991e+02,9.312695453575013289e+02,-9.685632908465137803e+00,1.368577102962213310e+01,1.570010882742669311e+00,3.728327350246904075e+02,4.061969515761923049e+02,4.901873778326113325e+02,2.613854344326128967e+02,4.177928788568839735e+01,2.032010474825214175e+01,6.134081676404559857e+02,2.487247059607578308e+02,4.660192203388398866e+02
7.041238315173080764e+01,5.991269440128185408e+01,1.685759832454616117e+03,-9.902886933419958737e+00,-7.913260195606524405e+01,1.344123670330750429e+03,9.423013885267891965e+01,2.648052547573764173e+02,1.420110269442225217e+03,3.781013100306322627e+01,-1.180743572203765552e+02,1.001045461999854751e+03,1.770735620463705686e+02,5.298705689889928863e+02,1.218420774914762433e+03,1.862907513712926288e+02,6.175247967031616270e+01,1.023950066747420010e+03,2.750231110120694780e+02,3.799997668302578404e+02,1.155035318015775147e+03,4.576237712204678232e+00,1.704454948005223116e+02,7.640366371104786367e+02,1.573049076542352793e+02,4.420008412720465003e+02,8.691653544047555897e+02,2.203418027333833322e+02,1.774282737981934233e+01,4.390414340446763504e+02,5.492322230804722949e+02,2.887291412041940362e+02,9.067754214276263838e+02,-1.013633074650809718e+01,1.455876483551334744e+01,1.854796490686702048e+00,3.868247815684124475e+02,4.160676275146108196e+02,4.601665342705984472e+02,2.611333453641598794e+02,4.188271289845154399e+01,1.949696419395150926e+01,6.293936788107246230e+02,2.557435418479894338e+02,4.413713623804007398e+02
7.428424443043152792e+01,6.452688466875868301e+01,1.676849042535433227e+03,-9.189229662598751958e+00,-7.269610099790588720e+01,1.336157533299694705e+03,9.747804549050417222e+01,2.683598568864305207e+02,1.413423732265914396e+03,2.930456883767668685e+01,-1.101219780389940439e+02,9.908445698679062161e+02,1.821805948061972344e+02,5.397963846561752916e+02,1.218836304588982557e+03,1.862325032938025799e+02,6.615217706710237167e+01,1.007343835737210497e+03,2.837145125950702322e+02,3.918772077633602748e+02,1.150673054447105642e+03,2.552894211319250761e+00,1.776473657323757891e+02,7.574030280835764870e+02,1.540553736464493113e+02,4.493767211502966461e+02,8.612769747154096649e+02,2.232996418277311363e+02,2.140475057935882219e+01,4.369022068778363632e+02,5.470772688541019306e+02,2.988243245414043372e+02,8.812045872161316993e+02,-1.021437969234576570e+01,1.574248560598914004e+01,1.664688740645186904e+00,4.037781848430541913e+02,4.256774438103823854e+02,4.279698000850592052e+02,2.608457774439663694e+02,4.167284571417147276e+01,1.851098776492374398e+01,6.477510715543712649e+02,2.621169995218094755e+02,4.170177601357910930e+02
7.869508910395451551e+01,7.031350305192765404e+01,1.667195649114039725e+03,-8.467822636161098870e+00,-6.585225789132442742e+01,1.327581698960776521e+03,1.009198556705442513e+02,2.730980249625093279e+02,1.406395713350309052e+03,2.034595983498555682e+01,-1.027436797000260640e+02,9.803700157019909511e+02,1.874997725783402700e+02,5.506422539192071781e+02,1.219862922266267333e+03,1.859187493609975945e+02,6.979991280308317414e+01,9.896765186504051144e+02,2.931077273780044266e+02,4.053269704147627976e+02,1.146162806337522625e+03,9.927444263895265353e-01,1.852367633402161573e+02,7.502027565388427774e+02,1.505971024924633923e+02,4.572526262328777875e+02,8.527197800137652166e+02,2.262576427813066857e+02,2.529666223573171635e+01,4.345787749498637140e+02,5.446551311138417759e+02,3.096897539844575249e+02,8.547931746617764475e+02,-9.835459346523682811e+00,1.697288617487307860e+01,1.063115702932272866e+00,4.235132291554268704e+02,4.348050172667236097e+02,3.945840864816208864e+02,2.606730362640386147e+02,4.117205664462886716e+01,1.732444295471363915e+01,6.678732504360602888e+02,2.672784159405447895e+02,3.931525901283683311e+02
8.348833281302653120e+01,7.673587595235997583e+01,1.657095689257189406e+03,-7.610218817856029716e+00,-5.901982176469787333e+01,1.318511980885994717e+03,1.047030998151145127e+02,2.788955095279208649e+02,1.399111937770806662e+03,1.149542643347929882e+01,-9.660500508549009169e+01,9.696443819882546222e+02,1.932549135194560108e+02,5.618738339094334151e+02,1.221329378308213109e+03,1.855242636122806630e+02,7.186798116899397826e+01,9.706150857536487138e+02,3.034696027957246542e+02,4.199414805075750223e+02,1.141376820908543095e+03,-9.283421380619601149e-02,1.930435408213275537e+02,7.426469946401141442e+02,1.469528723396014698e+02,4.656733750151451545e+02,8.435696693639717978e+02,2.292304078785583101e+02,2.950168760963462589e+01,4.320548290208863023e+02,5.420984022005534371e+02,3.213853136126410277e+02,8.275215717232981660e+02,-9.071478038069844985e+00,1.796502235755180266e+01,2.209114804982818536e-01,4.458909586783188388e+02,4.435981010931932929e+02,3.610169167649284532e+02,2.607135595211046848e+02,4.044403571610367010e+01,1.592470065449051475e+01,6.894218777198618682e+02,2.714168388353140244e+02,3.699157541761708785e+02
8.848050576127688771e+01,8.296778103246833780e+01,1.646757404221323668e+03,-6.490610783726396882e+00,-5.274397134781667518e+01,1.309036014084682392e+03,1.088870805786425393e+02,2.852128606900991485e+02,1.391520768094184177e+03,3.222853118810498074e+00,-9.202590716637214996e+01,9.587381749410866405e+02,1.997412212267854272e+02,5.727228295854354201e+02,1.222906263347467984e+03,1.850685645077948323e+02,7.166254318359879960e+01,9.497949491681640666e+02,3.151531070298852342e+02,4.351213716303453225e+02,1.136247007615045732e+03,-8.512660600993580129e-01,2.008077870656569814e+02,7.348420715829190613e+02,1.431339322326721231e+02,4.745094026899954542e+02,8.339036149807596985e+02,2.323169761835311817e+02,3.391264006711232071e+01,4.292873672139515406e+02,5.394532011393188213e+02,3.341388389026945447e+02,7.992304885660895479e+02,-8.129083433249219226e+00,1.852014967437133564e+01,-6.538032226238161826e-01,4.708085915785712814e+02,4.524425886615324544e+02,3.280855471512016948e+02,2.609799350635396991e+02,3.955796371581482163e+01,1.434086375135004054e+01,7.123225466833840755e+02,2.753440651272485979e+02,3.474289215284277930e+02
9.349261207289714548e+01,8.826668763134772178e+01,1.636261385545764597e+03,-5.041895535745025470e+00,-4.745356095785811590e+01,1.299164230936751892e+03,1.133933854955489693e+02,2.913489458550707241e+02,1.383505015178692929e+03,-4.210349340164815324e+00,-8.892324795821633643e+01,9.477575978362307296e+02,2.071961787033598341e+02,5.824646055147958350e+02,1.224268001620210043e+03,1.843267552014275168e+02,6.884473425427432858e+01,9.269332740045730361e+02,3.284381361132582811e+02,4.503834235105737207e+02,1.130810277482198899e+03,-1.523599278101160026e+00,2.083559999198843684e+02,7.267589570938625911e+02,1.391608695650756715e+02,4.835579083706642223e+02,8.238030809680398079e+02,2.356641045144292264e+02,3.829826320865213063e+01,4.262690600869959212e+02,5.366476589020229540e+02,3.482197616196669401e+02,7.698572975352655021e+02,-7.269587966666404277e+00,1.860491286345044060e+01,-1.389509524060765777e+00,4.980807596506410846e+02,4.617534963675043400e+02,2.963293802726602735e+02,2.614097023224502436e+02,3.859542202887730866e+01,1.264958089511470973e+01,7.365594709788940690e+02,2.800925810678118637e+02,3.258931987220224187e+02
9.835934334594800532e+01,9.232634615384864674e+01,1.625591475026397575e+03,-3.280949249136791757e+00,-4.321445166122140336e+01,1.288826580263803862e+03,1.180291910921371965e+02,2.967945306200232380e+02,1.374975882520903951e+03,-1.076649239482111220e+01,-8.684587666540053874e+01,9.367969729703922894e+02,2.156814570415228616e+02,5.906794067133776025e+02,1.225209351002759831e+03,1.828731540511226967e+02,6.360791704903574129e+01,9.019805776057364710e+02,3.433610337645056347e+02,4.655617975054374824e+02,1.125202838547631700e+03,-2.344968751206600643e+00,2.157576118962164742e+02,7.182729589286280998e+02,1.350866983927770661e+02,4.927019806475881296e+02,8.133458572168457295e+02,2.394037064949503133e+02,4.248787890627231434e+01,4.230574160302884934e+02,5.334972107758669608e+02,3.638117099688089411e+02,7.396205605031725554e+02,-6.703103245070023419e+00,1.836987997047570431e+01,-1.903879803296920636e+00,5.272907906793955135e+02,4.718009351569455134e+02,2.660252734274745308e+02,2.619098837786722243e+02,3.768514701441650772e+01,1.095986683484236401e+01,7.618956969747335961e+02,2.864663702054222654e+02,3.056695580900164941e+02
1.029460493592546158e+02,9.543065554461955458e+01,1.614690621696517610e+03,-1.289682187768863786e+00,-3.961681681580653702e+01,1.277919840954112260e+03,1.225786092477929827e+02,3.014971628973766542e+02,1.365923622495954305e+03,-1.654518516615346613e+01,-8.504674874227005432e+01,9.258926004672416639e+02,2.250476239925525306e+02,5.973867091623235410e+02,1.225687974090871876e+03,1.802554522038661275e+02,5.672760760305239813e+01,8.752225179719866901e+02,3.596406982584180696e+02,4.808485127322225026e+02,1.119630983958366187e+03,-3.453486642640032578e+00,2.233489294137317813e+02,7.092509857076380513e+02,1.310038330881356785e+02,5.020150604430601788e+02,8.025849210713336106e+02,2.435916358921035680e+02,4.655288904588855559e+01,4.197436547383112497e+02,5.297540045793290346e+02,3.809471237442796223e+02,7.090149353012317306e+02,-6.502993895943628644e+00,1.809532657818624202e+01,-2.220878276802809026e+00,5.577292158336713328e+02,4.826474032388319984e+02,2.372498934982551191e+02,2.624089888444427743e+02,3.701964614493618910e+01,9.375268443903658877e+00,7.876889459801097928e+02,2.947656517386848236e+02,2.872520472859828260e+02
1.071913728347287247e+02,9.833090539887243153e+01,1.603493263581672409e+03,8.357613385502062897e-01,-3.587270626478122892e+01,1.266380141297978753e+03,1.269144843011692814e+02,3.058901145389367002e+02,1.356393416736633753e+03,-2.165068215915157168e+01,-8.259169644026910362e+01,9.150187761420396555e+02,2.350096934639676363e+02,6.029882857143170440e+02,1.225793850572211340e+03,1.761967543543144643e+02,4.942215252190186447e+01,8.472572269436691386e+02,3.767554664883147666e+02,4.966821240927694703e+02,1.114350192539145837e+03,-4.842661546819665652e+00,2.315883352107365454e+02,6.996401543915342245e+02,1.270263939055558211e+02,5.117309557244024631e+02,7.915314729797017890e+02,2.481716254828449735e+02,5.083879462929801463e+01,4.163850668537196498e+02,5.251898137270985671e+02,3.995207788418877044e+02,6.786280607670951213e+02,-6.580886352517637761e+00,1.808274542020511788e+01,-2.447158973467549625e+00,5.884710639801078287e+02,4.942126729771281362e+02,2.099615919611945856e+02,2.628910414347960227e+02,3.681387290382825483e+01,7.950211279956771016e+00,8.129104252742737344e+02,3.047998607924748740e+02,2.711198751839140186e+02
1.111553819740754676e+02,1.019167916775280389e+02,1.591922513010597640e+03,3.037350460085268988e+00,-3.108874043333583259e+01,1.254234771030872025e+03,1.310681966866666812e+02,3.106748885960694793e+02,1.346408760262917440e+03,-2.609723977340408041e+01,-7.854834446388557012e+01,9.041303269444289299e+02,2.452941547746603987e+02,6.080487186481343542e+02,1.225651676239226163e+03,1.706829476843179805e+02,4.303772064626053862e+01,8.188368788169937034e+02,3.941258327588452630e+02,5.135288169488148924e+02,1.109637365329320346e+03,-6.375277455622923028e+00,2.408214485360832668e+02,6.895081584555794052e+02,1.232551627313634839e+02,5.220992315449612988e+02,7.801586277670529626e+02,2.529806663712851673e+02,5.578933121817646423e+01,4.129569311641084255e+02,5.196865247395368215e+02,4.193506791845819635e+02,6.489292517906837929e+02,-6.735938913587936838e+00,1.853991383072937893e+01,-2.711654054182878415e+00,6.185429562668841754e+02,5.064249130964720393e+02,1.841093260689608826e+02,2.633986149696507937e+02,3.720711890861399951e+01,6.668652735970836964e+00,8.363560003049759644e+02,3.161538407290337886e+02,2.575532481566881415e+02
1.150275637861887219e+02,1.068603434443293594e+02,1.579879108525485890e+03,5.318991103348825078e+00,-2.458581979210687152e+01,1.241596011441590008e+03,1.352164469514999041e+02,3.164915943655507817e+02,1.335902865710794458e+03,-2.981153942374594479e+01,-7.226678849075295830e+01,8.932131755227720760e+02,2.557663849301527250e+02,6.130368545363406838e+02,1.225279190047577458e+03,1.638665412845994638e+02,3.865922255459999946e+01,7.906370230649156383e+02,4.112908913046203452e+02,5.316385328397669809e+02,1.105713741887039532e+03,-7.853883020660947345e+00,2.511022870020295272e+02,6.790085420685051076e+02,1.197413661930078348e+02,5.332325237583330590e+02,7.684223252784036049e+02,2.578007541182132627e+02,6.165509274292549691e+01,4.093649409658058858e+02,5.133020471195754908e+02,4.402342174763514890e+02,6.201876260007724113e+02,-6.754240803978366792e+00,1.951659689319914648e+01,-3.088775126420701067e+00,6.470768234086742723e+02,5.193779593331914839e+02,1.597613618073871748e+02,2.640073257625913357e+02,3.815872107923927103e+01,5.462318119580138465e+00,8.569404666863506463e+02,3.285503845191045684e+02,2.465260107855144156e+02
1.190642928987144415e+02,1.134128007245270027e+02,1.567255343488880499e+03,7.730098476271633601e+00,-1.611941326761173698e+01,1.228597650134661762e+03,1.395898149706749791e+02,3.236652078151632850e+02,1.324715607940048130e+03,-3.272367823285063082e+01,-6.366708127934202111e+01,8.822967575624230676e+02,2.664500455587663055e+02,6.181777255776441962e+02,1.224470002972911971e+03,1.558598544173563027e+02,3.679148255159510228e+01,7.630601381294129624e+02,4.279814844994535861e+02,5.508980980386518240e+02,1.102624493006897865e+03,-9.118141546982585055e+00,2.621803561661217259e+02,6.682874630862694403e+02,1.164646747451655528e+02,5.450525398706283795e+02,7.562797344020220862e+02,2.624425023584105361e+02,6.828202349257060177e+01,4.055101005695310619e+02,5.062844317341580904e+02,4.619624520725856200e+02,5.925550404455757416e+02,-6.506749275433807433e+00,2.092348531248728349e+01,-3.544771982078076533e+00,6.733690822219589336e+02,5.334130370753812258e+02,1.371910889491320233e+02,2.647861466402684982e+02,3.940970426844933172e+01,4.258110117248249615e+00,8.739363505865146635e+02,3.421148735487448107e+02,2.377176633081585351e+02
1.234719361960223978e+02,1.214311453357980355e+02,1.553980805763997978e+03,1.032243848383688878e+01,-5.915071075436925341e+00,1.215318081823028479e+03,1.443514863780254700e+02,3.321475650826166657e+02,1.312671639010356785e+03,-3.487694882398456286e+01,-5.337362289156618544e+01,8.714180082087934807e+02,2.774169857787928208e+02,6.234888329616118199e+02,1.222800935460940991e+03,1.465829545392695081e+02,3.722345974786974665e+01,7.361687329952070513e+02,4.440742782031977072e+02,5.708873711384118224e+02,1.100166358395479620e+03,-1.012023843135844636e+01,2.736474374803100886e+02,6.573919192104434615e+02,1.133359769871022280e+02,5.573559740209096844e+02,7.436941780689207917e+02,2.668239914608595313e+02,7.514322075709407045e+01,4.013583016768467360e+02,4.990243084766571542e+02,4.842953193037010351e+02,5.662123718211081496e+02,-5.996861662776164614e+00,2.261710739970027362e+01,-3.947084971375411477e+00,6.968347606373271219e+02,5.490900487056705970e+02,1.168306904035591174e+02,2.657626802528621397e+02,4.055410518448917401e+01,3.022333155042745467e+00,8.870675059429713656e+02,3.574202993527569561e+02,2.305874026110632258e+02
1.282937238190671678e+02,1.305769061847144314e+02,1.540074747239323187e+03,1.311025441406456871e+01,5.472264932559321338e+00,1.201748066035217789e+03,1.495094447203177026e+02,3.416445124810426250e+02,1.299701485286177103e+03,-3.647592841462756041e+01,-4.256784890319644177e+01,8.605719327468166284e+02,2.886182227060467653e+02,6.289448684076880909e+02,1.219818406329787649e+03,1.357934656431706628e+02,3.910851700779661400e+01,7.097829705441190526e+02,4.594929959679687954e+02,5.911332714426980601e+02,1.097973948281964340e+03,-1.093171152169223603e+01,2.851324719904429230e+02,6.462500041695908521e+02,1.102288759579699189e+02,5.699279772191279108e+02,7.306407765511662546e+02,2.710011089549228700e+02,8.162125146909771445e+01,3.969684821138580446e+02,4.919610498545320070e+02,5.069413077007817492e+02,5.414445845019375838e+02,-5.340151885544048405e+00,2.449069365584384173e+01,-4.142975131998010596e+00,7.169141116953462642e+02,5.670837005178497066e+02,9.906375707727551116e+01,2.669089783824761639e+02,4.119927967755425868e+01,1.771889235284372921e+00,8.964593648933873737e+02,3.753329225938537661e+02,2.244255042294164468e+02
1.333653453091633310e+02,1.405490102272856916e+02,1.525666960877103975e+03,1.606058748458299235e+01,1.739610859420424660e+01,1.187828178128495892e+03,1.549044961134850666e+02,3.518187241537647765e+02,1.285933906171317403e+03,-3.783662896859154046e+01,-3.257011249141273623e+01,8.496947668287069746e+02,2.997765182850230303e+02,6.346308810277561179e+02,1.215336326496310448e+03,1.232863925880328821e+02,4.122103424774411451e+01,6.836935062644698746e+02,4.741453876845569653e+02,6.114101591505557280e+02,1.095774219678424743e+03,-1.166964154136831766e+01,2.964211760371973696e+02,6.347498703005651350e+02,1.070329929281637789e+02,5.826109531912486545e+02,7.171346723546309931e+02,2.751268430124106885e+02,8.737524362259446775e+01,3.924689584915340674e+02,4.854781840903880266e+02,5.295954388201487291e+02,5.185941288320832427e+02,-4.696423586688321272e+00,2.650943602361638440e+01,-4.063573154536601173e+00,7.330138088466530917e+02,5.880772463809756800e+02,8.395122067674121524e+01,2.681530362249077939e+02,4.113751392524664396e+01,5.469812554459079212e-01,9.025169672915560568e+02,3.967882519470450688e+02,2.183705818039907172e+02
1.383711557110485728e+02,1.512205593423929599e+02,1.510962948032774420e+03,1.911912034602910637e+01,2.935323486236740109e+01,1.173523187622576415e+03,1.602763957042929235e+02,3.624446347839389091e+02,1.271695490418351710e+03,-3.926874590757868333e+01,-2.432114265015806609e+01,8.386951239151389927e+02,3.104275630722607957e+02,6.407719289494426675e+02,1.209665295398754324e+03,1.091213319425610422e+02,4.231652649745633710e+01,6.578743809873685677e+02,4.879377192341077034e+02,6.318825463839897338e+02,1.093662734407525932e+03,-1.238346639403535754e+01,3.074579669789060858e+02,6.228670126993878284e+02,1.037091415049661265e+02,5.952977836617510548e+02,7.032757706613581377e+02,2.793577671285077031e+02,9.256251498727409910e+01,3.880053904382301653e+02,4.798260925287146961e+02,5.520519063721798148e+02,4.979494573200534546e+02,-4.195141915880403971e+00,2.867302043606972006e+01,-3.784382391835064308e+00,7.445376367502736912e+02,6.126974232440817332e+02,7.106812334497176664e+01,2.694078346476696879e+02,4.044063360868697288e+01,-6.337294421565076163e-01,9.058021531700240985e+02,4.226205472848550926e+02,2.114695750663799174e+02
1.429793470464429106e+02,1.626254903524856275e+02,1.496163558082611644e+03,2.225097524177293451e+01,4.113548394871927627e+01,1.158870997696666336e+03,1.653750017017078164e+02,3.734496856478065183e+02,1.257403095492432840e+03,-4.096426321756015199e+01,-1.800552623583957157e+01,8.275123219217720134e+02,3.201000898089902194e+02,6.476370115579138655e+02,1.203592687858531008e+03,9.370678602250238498e+01,4.151350243329467560e+01,6.325792758417146615e+02,5.008362786316404254e+02,6.529912281849719875e+02,1.092182589362288581e+03,-1.297742356615025372e+01,3.182798374183421402e+02,6.107418037645512641e+02,1.003207238081381547e+02,6.078925861699325424e+02,6.892672713479283857e+02,2.837586268346545921e+02,9.777560391519926952e+01,3.836903073704530698e+02,4.750951329868278776e+02,5.743406714362769208e+02,4.796564809573276875e+02,-3.892450529295708339e+00,3.094538271556174536e+01,-3.499213071476936499e+00,7.510058225550699262e+02,6.414676390801573689e+02,5.958178392721946892e+01,2.706002741337511566e+02,3.942923341194973830e+01,-1.804064855163264536e+00,9.069295110064610981e+02,4.534677343154629057e+02,2.028501103055691317e+02
1.469906802464283828e+02,1.748364802815427197e+02,1.481385457021265665e+03,2.546453946224091069e+01,5.286148036314743592e+01,1.143974346453430826e+03,1.700663863651748784e+02,3.848555610164028735e+02,1.243401868234958556e+03,-4.296018368100448725e+01,-1.299684191617742535e+01,8.161739505890425335e+02,3.285321560351468975e+02,6.554096868365695627e+02,1.198071356634062568e+03,7.766571458717221788e+01,3.859728813560897009e+01,6.082802067217065769e+02,5.129054232311184478e+02,6.751655359382858705e+02,1.092086503102988672e+03,-1.322551610606736361e+01,3.289567268270317868e+02,5.986408844154511826e+02,9.702474896720212882e+01,6.202993685560530821e+02,6.753665497956733361e+02,2.882561947064681931e+02,1.037370965648105852e+02,3.795697288135586973e+02,4.712414336186164405e+02,5.967923526484107697e+02,4.636896766386757918e+02,-3.777034251696358869e+00,3.321555046967998948e+01,-3.423871586244642717e+00,7.522078451601335018e+02,6.747248294490439093e+02,4.854622522439248655e+01,2.716833347713183002e+02,3.853051351760196042e+01,-3.045789347022442861e+00,9.064606199868170506e+02,4.896915507399601211e+02,1.919636622570762086e+02
1.504274106143539029e+02,1.878396639650599411e+02,1.466639679032411095e+03,2.879920356053375841e+01,6.490145599984643354e+01,1.128965083282743308e+03,1.743877253601849020e+02,3.966881213134962536e+02,1.229843772021137056e+03,-4.519183138180586923e+01,-8.142203354211524413e+00,8.048409607726363220e+02,3.357949891946067851e+02,6.641265348928407093e+02,1.193766770197322558e+03,6.155987444704670963e+01,3.412394782773009894e+01,5.855152439087554512e+02,5.242714199002327859e+02,6.985526726891449698e+02,1.093885847017322021e+03,-1.287188246782913303e+01,3.395705290377086385e+02,5.868279878345891802e+02,9.402622624087908321e+01,6.324566210599023179e+02,6.617778175139878840e+02,2.926613551592859039e+02,1.109415884724803050e+02,3.756087266560737135e+02,4.681495506034408436e+02,6.199612555472112945e+02,4.498619300769569804e+02,-3.812730209369750600e+00,3.532498048697314630e+01,-3.692940544942019621e+00,7.483034795168784967e+02,7.124918971811935080e+02,3.724685438758599787e+01,2.726274704210998721e+02,3.808916235832262487e+01,-4.450449383663340974e+00,9.047892275144797622e+02,5.312802420829435732e+02,1.787538767321701414e+02
1.535232545353245825e+02,2.015081122280521697e+02,1.451894252150799730e+03,3.228629530213294174e+01,7.774864450395298832e+01,1.113998850194856686e+03,1.785279455951167336e+02,4.089317818991876265e+02,1.216684390336123442e+03,-4.759555652632118239e+01,-2.233597827178056328e+00,7.938389037444501355e+02,3.422523545737877271e+02,6.737188168066670642e+02,1.190722496968494625e+03,4.565523159072937887e+01,2.923140852980422011e+01,5.647734435622220417e+02,5.350215628944977198e+02,7.229163376320759653e+02,1.097471925470698352e+03,-1.174545335537423618e+01,3.502179459661472265e+02,5.754428930254161969e+02,9.151878654796051649e+01,6.443876359709802273e+02,6.485538706738794872e+02,2.967383742208510853e+02,1.194534883122056073e+02,3.716941416092622035e+02,4.657015684040250108e+02,6.444295239552433259e+02,4.378475264530725326e+02,-3.981886532719658423e+00,3.714069797078423818e+01,-4.313607549359683269e+00,7.398005558509099728e+02,7.543820234568815977e+02,2.541264538716141530e+01,2.734032636784168062e+02,3.821415153903231499e+01,-6.072500082853893311e+00,9.020524616985793500e+02,5.778004890916593013e+02,1.636238949157489344e+02
1.566294915525607792e+02,2.157036480342090385e+02,1.437187697088822006e+03,3.591402835262908155e+01,9.189970380246039383e+01,1.099301165085727462e+03,1.827459752103052040e+02,4.215640135051542643e+02,1.203802653238772791e+03,-5.019692738153517553e+01,5.571169617899679238e+00,7.836679907477937377e+02,3.483800277933694360e+02,6.841175126632838328e+02,1.188348695705911041e+03,2.988735735081746014e+01,2.518755051666222755e+01,5.465126354443689252e+02,5.451003694324451772e+02,7.477297213563605283e+02,1.102078812021345357e+03,-9.806576983692821159e+00,3.610175461329688460e+02,5.644767805220546961e+02,8.963980779846615121e+01,6.562277119041915512e+02,6.355826048562265669e+02,3.002805998563385970e+02,1.289591640895913542e+02,3.676535820767688847e+02,4.638155078964044264e+02,6.706078372362386517e+02,4.272240839963868666e+02,-4.292640784819335309e+00,3.861699516877911975e+01,-5.196853503751764691e+00,7.274002914523854315e+02,7.996397360144230788e+02,1.321766557448923685e+01,2.739742831077734309e+02,3.872702708437739005e+01,-7.904929630992371337e+00,8.981182438360451670e+02,6.285057063789470249e+02,1.472181559927835508e+02
1.600898648102427160e+02,2.304414888477965633e+02,1.422716278269981785e+03,3.962277688677857412e+01,1.077775517049985154e+02,1.085221177576910350e+03,1.872671818751639705e+02,4.346430403190837524e+02,1.191166250509423435e+03,-5.314200802919550171e+01,1.557019677226596066e+01,7.749775947979104558e+02,3.545406696790706746e+02,6.953505836984888901e+02,1.185751230923314779e+03,1.404957522985404772e+01,2.287729425538250183e+01,5.312991488404222764e+02,5.542674468904983769e+02,7.723848478468453322e+02,1.106635924136059430e+03,-7.098538386071886030e+00,3.721232177272131025e+02,5.538505512516434237e+02,8.845675922584079842e+01,6.682157123934031233e+02,6.226783336412458993e+02,3.031611768204863324e+02,1.390129673985567820e+02,3.632893638211815528e+02,4.624303595597849608e+02,6.986556003202852025e+02,4.175502705910848249e+02,-4.741940844657151821e+00,3.980045197866291318e+01,-6.231555080153522219e+00,7.117799760212948286e+02,8.473460340455857249e+02,1.121810373279403361e+00,2.743108571412677179e+02,3.923275801542688157e+01,-9.892059530745523688e+00,8.926626615212340994e+02,6.826141278469219742e+02,1.301726083553754734e+02
1.641376669750071926e+02,2.460000513092029166e+02,1.408827907130778158e+03,4.332904120623209110e+01,1.256869559434954198e+02,1.072222839369085705e+03,1.922032730834900178e+02,4.483774513330535001e+02,1.178934893969236100e+03,-5.666884235788602808e+01,2.763212330869231792e+01,7.684949884228088877e+02,3.608163190641269580e+02,7.075807244817284527e+02,1.182224173303230373e+03,-1.920084871334589272e+00,2.252296416848663441e+01,5.199499922819196627e+02,5.621369715235475724e+02,7.964166550726680498e+02,1.110295188740679578e+03,-3.654401668543121762e+00,3.837507419163807185e+02,5.435235050267758652e+02,8.798124793110532949e+01,6.806620061449964396e+02,6.097208144424914735e+02,3.053518714296453140e+02,1.493135180421382131e+02,3.584224739565437403e+02,4.614515837251742596e+02,7.285506848400609670e+02,4.084653533340193121e+02,-5.264562273326516717e+00,4.078163311678085279e+01,-7.341125701962409877e+00,6.934223161980455643e+02,8.966863746517371965e+02,-1.034154490513472524e+01,2.744177989521533618e+02,3.928155696269818975e+01,-1.196761429802778309e+01,8.852946959724880571e+02,7.396174837066643022e+02,1.129944627419965570e+02
1.688432019422321559e+02,2.628867889168738543e+02,1.395915548201924594e+03,4.695069280674012191e+01,1.457765073231463191e+02,1.060782167043249729e+03,1.975214028495663285e+02,4.631141113758088181e+02,1.167437757436222000e+03,-6.104176251119218222e+01,4.149771798758582975e+01,7.649091667970557182e+02,3.669584117752925181e+02,7.210775970869625553e+02,1.177646856956949478e+03,-1.773060659664295358e+01,2.382856284089327659e+01,5.135216599214575126e+02,5.682735442132710659e+02,8.196706327018390539e+02,1.112812220177227346e+03,5.572500471767588559e-01,3.961989745496346131e+02,5.335466484342840658e+02,8.819213748029130784e+01,6.939052676362397278e+02,5.967485253807650452e+02,3.069208519928649821e+02,1.598575573827444316e+02,3.529343213385922695e+02,4.607027312452134993e+02,7.602273928882378868e+02,3.997615883017595593e+02,-5.713417533070809462e+00,4.164088002498434093e+01,-8.484095750892370447e+00,6.725691782897957864e+02,9.471174539336732323e+02,-2.074715123864725186e+01,2.743552431692442042e+02,3.855275550673021456e+01,-1.409076983403207350e+01,8.756600054647348088e+02,7.994230726381350678e+02,9.610673004770953298e+01
1.741130483059365019e+02,2.816630935468220969e+02,1.384267342563585544e+03,5.040749955288107031e+01,1.680074069848768374e+02,1.051229974671126911e+03,2.030618617911532340e+02,4.792387205426587684e+02,1.157045544169691084e+03,-6.647401646560076927e+01,5.707611580836513809e+01,7.647246486413188222e+02,3.724631545650817088e+02,7.361598221089276421e+02,1.172594000194968430e+03,-3.272183798842036140e+01,2.646573345968920776e+01,5.130619076828536436e+02,5.723107523722051155e+02,8.423789848599782317e+02,1.114579661929923986e+03,5.602863200122689236e+00,4.098255144934147438e+02,5.240288888841201924e+02,8.904893922070675671e+01,7.082599209344814426e+02,5.839462097177492979e+02,3.080189127272171845e+02,1.709189607816472289e+02,3.467871834129173294e+02,4.599252025690936989e+02,7.936717557032759487e+02,3.913886815995850839e+02,-5.894045609468661517e+00,4.243812426812088034e+01,-9.612075393976970972e+00,6.492982407453612268e+02,9.983369218443949649e+02,-2.989309480614231518e+01,2.742324248460493550e+02,3.698467395370840194e+01,-1.625928914891328958e+01,8.634809041411286898e+02,8.622373320779988717e+02,7.995542074099080310e+01
1.797272882342925300e+02,3.027243940027397002e+02,1.373955607193400738e+03,5.359780721137398274e+01,1.921698901127548140e+02,1.043625630585719591e+03,2.085858185741494708e+02,4.970484786768122945e+02,1.148020078569712950e+03,-7.305793431899826373e+01,7.457256616905779367e+01,7.681222351539905731e+02,3.767386238674394576e+02,7.531517347705840848e+02,1.168125650674653116e+03,-4.603204715590846519e+01,3.057078517017182406e+01,5.191979933168414618e+02,5.740699263762597866e+02,8.651302016579031715e+02,1.116343867993034337e+03,1.150020722337486667e+01,4.249566862411280681e+02,5.150545660654827316e+02,9.049058590566407645e+01,7.239594395549844421e+02,5.715432071482157426e+02,3.088504927535635716e+02,1.829081286272467537e+02,3.400085960612338454e+02,4.588295473707289034e+02,8.289294034845680699e+02,3.833972976718604855e+02,-5.635663462745692520e+00,4.325489707235164616e+01,-1.063770426157825355e+01,6.236537577070381531e+02,1.050106609678576433e+03,-3.783701247595249839e+01,2.741697535366672014e+02,3.479818141451504232e+01,-1.849933044141495486e+01,8.485403230717473662e+02,9.282780121503327564e+02,6.504398326832099997e+01
1.853952554869010214e+02,3.261592129200842578e+02,1.364824515098499205e+03,5.637801096223545017e+01,2.179893188642560062e+02,1.037738045705285231e+03,2.138276426155879051e+02,5.166767013291695321e+02,1.140428124255835883e+03,-8.071919717627881141e+01,9.440860630371965101e+01,7.748874747635566109e+02,3.792977145051290790e+02,7.723693863738675418e+02,1.165376760573733463e+03,-5.684499494507504380e+01,3.690653889031084844e+01,5.317857584766724131e+02,5.736509936476471694e+02,8.887270969956938416e+02,1.118808868277331158e+03,1.815529992622548505e+01,4.417677821285921027e+02,5.066229952027625245e+02,9.243046549883109719e+01,7.411194871951917094e+02,5.596993909151552771e+02,3.096213693611656481e+02,1.962116704267215539e+02,3.326448770331772948e+02,4.571605972700434108e+02,8.660635015331545219e+02,3.758662058090441747e+02,-4.855905700951262283e+00,4.424676771053983515e+01,-1.145643317232601710e+01,5.957534533486434611e+02,1.102078549328464760e+03,-4.484621986016328776e+01,2.742451474213784763e+02,3.240686946591173978e+01,-2.084788650658056852e+01,8.306502050073468126e+02,9.974980078626258546e+02,5.183625245032909135e+01
1.908103732617080368e+02,3.517550615911483760e+02,1.356587517166179168e+03,5.857261388763432564e+01,2.453051080078267887e+02,1.033154466905463551e+03,2.185291324455139375e+02,5.381094347873289507e+02,1.134159706176151303e+03,-8.921036893018792568e+01,1.170276562435378906e+02,7.844643734212373829e+02,3.798952402641706954e+02,7.941075766887303189e+02,1.165140196770051944e+03,-6.459013388133456601e+01,4.658015065647031605e+01,5.498674048410388195e+02,5.714495469989054754e+02,9.139492789678490681e+02,1.122343584749191450e+03,2.537717463927439354e+01,4.602107381701767963e+02,4.986569498800056977e+02,9.476192357610202066e+01,7.597515558631326940e+02,5.484555620036937853e+02,3.104706322958798523e+02,2.110855278525379788e+02,3.247114489588282140e+02,4.547291772660562970e+02,9.051186182723849925e+02,3.688536430231000054e+02,-3.583816993137287632e+00,4.565120361521947956e+01,-1.201418290136660083e+01,5.658393966246810578e+02,1.153739834567867547e+03,-5.127652183004379793e+01,2.744530074269162583e+02,3.025585792792857376e+01,-2.334263486771643059e+01,8.096428373958783595e+02,1.069445425879475124e+03,4.057729191424709825e+01
1.956905320767863827e+02,3.791260417153137610e+02,1.348994867387161094e+03,6.002064841753657021e+01,2.742265369484523490e+02,1.029470412483858581e+03,2.224473598130465462e+02,5.612673931819492736e+02,1.129030151201235412e+03,-9.814815004834790102e+01,1.427241004698217068e+02,7.961393809938496133e+02,3.785483784420332540e+02,8.185915810506400021e+02,1.167610484825757567e+03,-6.901405090199497749e+01,6.050470560442396106e+01,5.720272885785824428e+02,5.680610051279699064e+02,9.412834368276216992e+02,1.126887100181717187e+03,3.296792123769773042e+01,4.800449633309050910e+02,4.910717317106559676e+02,9.737690017027068734e+01,7.798303424486468884e+02,5.377696517540841796e+02,3.114180741878026311e+02,2.276195046022394592e+02,3.161720466117034789e+02,4.513923673037581921e+02,9.461009200557556369e+02,3.623866655721545840e+02,-1.934647930345613220e+00,4.773152397246543899e+01,-1.236223144361353476e+01,5.342942474569089200e+02,1.204465113142693554e+03,-5.743404128654087515e+01,2.746996071429645667e+02,2.866107704278776325e+01,-2.601855235127612431e+01,7.854031855663371289e+02,1.143247890683203423e+03,3.114531725139088536e+01
1.998009715831742596e+02,4.078768975421344294e+02,1.341995419085032609e+03,6.063956069682170380e+01,3.051432828599532172e+02,1.026471055183138560e+03,2.253498883394189534e+02,5.860851528650695172e+02,1.124902812089676218e+03,-1.070775458410591625e+02,1.715729358653622114e+02,8.092782803019920266e+02,3.754386616945258197e+02,8.458988603065199641e+02,1.172358055093915027e+03,-7.011416488654384693e+01,7.893073874145304103e+01,5.969815366614267305e+02,5.640769035522558852e+02,9.707415089002181503e+02,1.132004632398931790e+03,4.083390493702246005e+01,5.009514320636791922e+02,4.838529130345582416e+02,1.001855292562067490e+02,8.013717711564614774e+02,5.275953717831217773e+02,3.123636106422401326e+02,2.457545469004349172e+02,3.069579619824748420e+02,4.470069338322709314e+02,9.889418172315092761e+02,3.564828107202034175e+02,-5.379423511924952966e-02,5.069035584147308526e+01,-1.263757585631623925e+01,5.016562879888217594e+02,1.253570290974244699e+03,-6.349414423874141988e+01,2.748396209387256022e+02,2.771568316896233242e+01,-2.889879761049940754e+01,7.579377698514664417e+02,1.217636124953366561e+03,2.303725679405558324e+01
2.029652109839384195e+02,4.377262495774673994e+02,1.335807850401660289e+03,6.047810413197086632e+01,3.385401406830264932e+02,1.024213659202035615e+03,2.270245045166219029e+02,6.125343812180250325e+02,1.121761879804408181e+03,-1.155300163184034119e+02,2.034435577859536295e+02,8.234823615803629764e+02,3.707549078269394727e+02,8.759105656737445997e+02,1.178491578236737041e+03,-6.798983928847103186e+01,1.012980266884235334e+02,6.240708567673641483e+02,5.598304201795486961e+02,1.001895593544687472e+03,1.136985151530370331e+03,4.905497771800141038e+01,5.226457574753667359e+02,4.770872446063079337e+02,1.031192728415860813e+02,8.244563845105146811e+02,5.179338735603477062e+02,3.131497782196224762e+02,2.653313625685092916e+02,2.970067840527354406e+02,4.413996456789170111e+02,1.033423512076630914e+03,3.511877618919808128e+02,1.950034431836832116e+00,5.461155107717244306e+01,-1.295888721606285365e+01,4.686328316943178720e+02,1.300287468372305511e+03,-6.952191779136948924e+01,2.747389994567136569e+02,2.729444139781489653e+01,-3.197374882265585327e+01,7.274534703091040910e+02,1.290974147926412570e+03,1.551574264469644504e+01
2.050696371433543845e+02,4.685647882824665658e+02,1.330846844166740993e+03,5.973673736467097939e+01,3.747011607982025794e+02,1.022959589587960863e+03,2.273199870986500457e+02,6.405967857596491513e+02,1.119692368177209346e+03,-1.230507401648725079e+02,2.380394426439221718e+02,8.385502530850865242e+02,3.645534382234781674e+02,9.083671369559735922e+02,1.184892775252237698e+03,-6.269969332724278388e+01,1.264648484317533814e+02,6.533761884259253065e+02,5.551724974200914176e+02,1.034171392434259815e+03,1.140906100251905400e+03,5.787970486043986540e+01,5.449151546783814410e+02,4.709241857391204462e+02,1.061082773542760123e+02,8.491641702478348179e+02,5.088162750417518509e+02,3.136577301391818651e+02,2.861624111528957997e+02,2.862841581859835856e+02,4.343784213216611647e+02,1.079096293584220120e+03,3.466012150432045473e+02,4.071545824797997426e+00,5.947121896274204289e+01,-1.329520701109785463e+01,4.360768832919922602e+02,1.343694904136576497e+03,-7.557221576248920769e+01,2.743426555183143591e+02,2.714218598831108054e+01,-3.518142865063443736e+01,6.944059311224602880e+02,1.361362229348771962e+03,7.848674628463256475e+00
2.060585209551864807e+02,5.004678479097800050e+02,1.327519424043768367e+03,5.874647448079696233e+01,4.134835395927577224e+02,1.022968174794167112e+03,2.262043332748920363e+02,6.702472572604859806e+02,1.118776165389376501e+03,-1.292007901075841119e+02,2.749244802825920146e+02,8.542321493241031476e+02,3.566755215173157580e+02,9.430546817240964401e+02,1.190402486669920791e+03,-5.420663887936457570e+01,1.531843779392248734e+02,6.854104016608245047e+02,5.493519416766602035e+02,1.067285310306385327e+03,1.142659846455276238e+03,6.766028897630644678e+01,5.675821450342536991e+02,4.654907453110482152e+02,1.090406913515857923e+02,8.754549514489432340e+02,5.002330009677546627e+02,3.138843212377684040e+02,3.081215151833351342e+02,2.747697315291443374e+02,4.257701334818699479e+02,1.125251121385489341e+03,3.428597514025059354e+02,6.466132080592911002e+00,6.521580339349340250e+01,-1.339279851658626974e+01,4.049008403027063991e+02,1.382721183368646280e+03,-8.178901206432654192e+01,2.737299967016135724e+02,2.700343908094828294e+01,-3.841299122294302748e+01,6.594897249295377151e+02,1.426893529695662892e+03,-4.861518295010262003e-01
2.059063389729421942e+02,5.336835668818278009e+02,1.325983931537411536e+03,5.790611048769654445e+01,4.543062140301683485e+02,1.024230997328196054e+03,2.237997777372877692e+02,7.015099120887019808e+02,1.118961220914971818e+03,-1.335642361282657760e+02,3.135249466933829012e+02,8.698932530498567530e+02,3.467151174140976195e+02,9.800587221349727542e+02,1.193889212090127785e+03,-4.244424821417571536e+01,1.805963659753016941e+02,7.205893277570758073e+02,5.410547326232814385e+02,1.101583724771391644e+03,1.140975079208812076e+03,7.877144022810149693e+01,5.904724506658733389e+02,4.608130017440693109e+02,1.117280272162294068e+02,9.030791965012916762e+02,4.920716368772878013e+02,3.139619390973100508e+02,3.312264252593653850e+02,2.624296177878159710e+02,4.154493287716466625e+02,1.170990168252969397e+03,3.400642684646142584e+02,9.477327264467009016e+00,7.186976031601447801e+01,-1.281220109781787997e+01,3.759480802822174041e+02,1.416318410521871101e+03,-8.841943732327531791e+01,2.731442256971033657e+02,2.674859213938150759e+01,-4.155311168257927790e+01,6.235783315276379426e+02,1.486036917979546388e+03,-9.737572768420369229e+00
2.045581455037682588e+02,5.685963629606312679e+02,1.325993504211883192e+03,5.758700854014373505e+01,4.963531057357109830e+02,1.026264776480729097e+03,2.203508343995699192e+02,7.345932207514646279e+02,1.119969111060473551e+03,-1.357767685708330703e+02,3.531036524561075680e+02,8.842849870970150050e+02,3.340227204627960305e+02,1.019935501638579694e+03,1.194202058156107114e+03,-2.746758906597243310e+01,2.085263908949605423e+02,7.587883840784135145e+02,5.286396715408930049e+02,1.138044011457642227e+03,1.134463313555162131e+03,9.155399737943707805e+01,6.134653827869217366e+02,4.567947188658517916e+02,1.139038017456063017e+02,9.315922237886563835e+02,4.841204978504981682e+02,3.141218060091371171e+02,3.556672838067982525e+02,2.492257184024760477e+02,4.033327474597635387e+02,1.215380540666475326e+03,3.381728620455995156e+02,1.360671230277034027e+01,7.962375277862652467e+01,-1.105779102832029359e+01,3.498798615636713976e+02,1.443784657587007359e+03,-9.571885500998200769e+01,2.729763858397024023e+02,2.646737028952675530e+01,-4.453687233850032356e+01,5.876462506230195686e+02,1.537986183499886920e+03,-1.997262211650382469e+01
2.018560130248357609e+02,6.056599130379374856e+02,1.326897642734219289e+03,5.803422860044905462e+01,5.388565297665754770e+02,1.028071204686352303e+03,2.161080113610775300e+02,7.700376934439442493e+02,1.121265643040152099e+03,-1.355432847931793674e+02,3.927101727755058391e+02,8.956004888083225524e+02,3.177614245211796629e+02,1.063627534295826308e+03,1.190064392210808364e+03,-9.595283166180774259e+00,2.375165078676738517e+02,7.992038151002643644e+02,5.105655711511839172e+02,1.177846938346597653e+03,1.121710647558676328e+03,1.062904131062362865e+02,6.366292066895501875e+02,4.532661159826985227e+02,1.152663713261038083e+02,9.604748543896091633e+02,4.761393325966802763e+02,3.146353092767161570e+02,3.817366956539532339e+02,2.351947908294401088e+02,3.893443870543985099e+02,1.257629985091076378e+03,3.369068912739770099e+02,1.941348798912440188e+01,8.886091902076861970e+01,-7.725710475553623446e+00,3.271217238282500261e+02,1.465099596127634186e+03,-1.038058918552374479e+02,2.736834051673712338e+02,2.651027503679258857e+01,-4.738824955344204426e+01,5.526918169001490924e+02,1.582797078471380928e+03,-3.123128500401005425e+01
1.975037234564035202e+02,6.453112813452161163e+02,1.327784325047732409e+03,5.931849118656361242e+01,5.813030233673069915e+02,1.028314172204756687e+03,2.111548096554807046e+02,8.087719907388620868e+02,1.122070013740013565e+03,-1.325678448241137914e+02,4.311385642923380033e+02,9.018695424766482347e+02,2.970477538800146249e+02,1.112036776797723633e+03,1.179995900935835152e+03,1.055354795860737482e+01,2.686563507037510021e+02,8.405416488573081324e+02,4.859155991643035009e+02,1.221659603635986969e+03,1.101442380405613676e+03,1.231833982732135553e+02,6.603532560229015189e+02,4.500693170225247286e+02,1.155504442413332242e+02,9.892860913417339361e+02,4.679395232857103224e+02,3.157734489813196319e+02,4.096582217822062830e+02,2.205738147090165455e+02,3.733828541069334506e+02,1.297215402274873213e+03,3.357261419813037264e+02,2.736897655493416437e+01,1.000944368468915968e+02,-2.588603464934714271e+00,3.078628974302229722e+02,1.481097007517777456e+03,-1.125598131956702588e+02,2.756373375502595309e+02,2.745696349010518134e+01,-5.021531167196051371e+01,5.196499680358057276e+02,1.621255296567255300e+03,-4.360383777960669960e+01
1.911225565134266731e+02,6.878873754919716248e+02,1.327680569234969198e+03,6.139809013573987073e+01,6.234842113185165999e+02,1.025680903401263777e+03,2.052453423178060916e+02,8.519894171016786686e+02,1.121370282616784380e+03,-1.263289255909170947e+02,4.669543322562231538e+02,9.015889962141104661e+02,2.711767095638512615e+02,1.165353244725230070e+03,1.162356894111204383e+03,3.216101068609808067e+01,3.033340466936593884e+02,8.813761489633615156e+02,4.548240876537427084e+02,1.268957328017045029e+03,1.072786301172348885e+03,1.423037270228192881e+02,6.853541020434836355e+02,4.471262846876293224e+02,1.145943942430273523e+02,1.017742486694430227e+03,4.594119550073413620e+02,3.178011263324154356e+02,4.393755166976135342e+02,2.058961195381757250e+02,3.553336056376816146e+02,1.333915931857016631e+03,3.339146643131208521e+02,3.772955989160617207e+01,1.138185009401283025e+02,4.421481459784844859e+00,2.920692250658049147e+02,1.493353157423834091e+03,-1.216106533565891539e+02,2.789409731161888431e+02,2.999899629377569354e+01,-5.316313562380717883e+01,4.892864377297262877e+02,1.654567709707034055e+03,-5.713911389349394199e+01
1.823964852925519722e+02,7.335441241985480474e+02,1.325727905455651126e+03,6.430559993473822544e+01,6.654153915532291421e+02,1.019312928418063393e+03,1.977296402834838034e+02,9.008125030523176520e+02,1.117948454981072928e+03,-1.157160828056372708e+02,4.986563947919273687e+02,8.943701742893853179e+02,2.398739228263096948e+02,1.222422435229443863e+03,1.135567967985755558e+03,5.439254282601640256e+01,3.429604240921740939e+02,9.204448532422891276e+02,4.185967754950718245e+02,1.317750602022927296e+03,1.035602481324919609e+03,1.635068657572341806e+02,7.124854375379575231e+02,4.444533341049397563e+02,1.123744148783557506e+02,1.045654121524116590e+03,4.504976735101451482e+02,3.209909550230500486e+02,4.704162716883300845e+02,1.919768832930706992e+02,3.351558832414991116e+02,1.367734335455230848e+03,3.307779015121589623e+02,5.049706739446634174e+01,1.303211281388433918e+02,1.330576449056186839e+01,2.794933418325804837e+02,1.503792038965633310e+03,-1.304057107927499430e+02,2.832801229499841611e+02,3.476337031512998266e+01,-5.634496344433878079e+01,4.621071697888085623e+02,1.684021428097395983e+03,-7.162155870540117064e+01
1.712307570618120849e+02,7.821521143758498056e+02,1.321290874613319374e+03,6.838900755161537859e+01,7.071965800161659672e+02,1.009149272227004758e+03,1.876176615032370307e+02,9.557912197212349383e+02,1.110454235112006700e+03,-9.867742563032075509e+01,5.250130023465646900e+02,8.813708882144193240e+02,2.034943933616234233e+02,1.280491701504725597e+03,1.098466863731235662e+03,7.655107833607505086e+01,3.886290704605774522e+02,9.567165929175911288e+02,3.794450132177049682e+02,1.364921558908545876e+03,9.907487208036130824e+02,1.863640671839974345e+02,7.423940718540509351e+02,4.421252651847689776e+02,1.089981128881654655e+02,1.072729070294522899e+03,4.411580278282792733e+02,3.256258271007617395e+02,5.019366627250204260e+02,1.797547393826773998e+02,3.130324354916201059e+02,1.398731228388186992e+03,3.258923812572587053e+02,6.549175785041911979e+01,1.495460722597267136e+02,2.409324866993156533e+01,2.697151602937146322e+02,1.514144574798692929e+03,-1.383114194222619062e+02,2.878866511971910427e+02,4.215184317423823757e+01,-5.977455558405114999e+01,4.383473413939227044e+02,1.710703438402434131e+03,-8.638360172238331813e+01
1.578236919195379073e+02,8.331614566939467750e+02,1.314001097354788499e+03,7.446418333302989367e+01,7.488926287427232182e+02,9.960477334904580857e+02,1.737890505948824966e+02,1.016370288906743326e+03,1.097568868350635057e+03,-7.214283839696885536e+01,5.455695932363179281e+02,8.653608529545150532e+02,1.631152079585342562e+02,1.335540938533183407e+03,1.050680675859444591e+03,9.813723405615881745e+01,4.406780647833080025e+02,9.892534811769256748e+02,3.399530049036548007e+02,1.407075059972338977e+03,9.401100449578295866e+02,2.101700034421660064e+02,7.751705698877267423e+02,4.402218220833819942e+02,1.046743372983275435e+02,1.098347385827488779e+03,4.314062995425267104e+02,3.319701443168946753e+02,5.329636127115728641e+02,1.700290421060178971e+02,2.895128979671224556e+02,1.426843975628419230e+03,3.193044535583268839e+02,8.249142869341541484e+01,1.710790168313104687e+02,3.686126426838315240e+01,2.622491935699986243e+02,1.525481603387232781e+03,-1.447297819622172597e+02,2.916512784213694545e+02,5.227863216685445025e+01,-6.331693972831709516e+01,4.180657533716794205e+02,1.735307519524806821e+03,-1.003392415334062520e+02
1.426104477568791538e+02,8.855059428628687783e+02,1.303762547506647024e+03,8.373819306197252388e+01,7.904970196926398103e+02,9.816370245092908817e+02,1.553134397184251156e+02,1.080537452669383356e+03,1.078269672130934396e+03,-3.249056142054465823e+01,5.612750860829385147e+02,8.503824275661914953e+02,1.205089011708706579e+02,1.383141353361128949e+03,9.928869394374604553e+02,1.188649987958698802e+02,4.982529110778048107e+02,1.017082296922927526e+03,3.025068491916206881e+02,1.441542120491905507e+03,8.863134592623704293e+02,2.340556989394544871e+02,8.101755744426599222e+02,4.387904963961211706e+02,9.968669380941871339e+01,1.121457402068379224e+03,4.214055154372164225e+02,3.402138589074951938e+02,5.627306006305132087e+02,1.631852813301069602e+02,2.655505724185995291e+02,1.451790293761939665e+03,3.115784995286909975e+02,1.013439970414874125e+02,1.942637508152276382e+02,5.164975947532823852e+01,2.566904497885419687e+02,1.538012113853845676e+03,-1.492237186583232926e+02,2.933725507570098330e+02,6.503455769137245568e+01,-6.667446238594919805e+01,4.012773745254824007e+02,1.758041620227096473e+03,-1.122921527532216999e+02
1.261320835506066089e+02,9.376840716556581583e+02,1.290739795572636922e+03,9.745912819219493883e+01,8.320323462890249857e+02,9.679536646263237571e+02,1.318096026151334286e+02,1.144870348911281326e+03,1.052153675727680820e+03,2.335115109962449509e+01,5.750870271879822440e+02,8.410505104276401198e+02,7.799298214766125170e+01,1.419547116032576241e+03,9.269024517120489008e+02,1.387801640064991204e+02,5.591452485575288165e+02,1.039353821310236299e+03,2.688610278562617282e+02,1.467110849554061815e+03,8.322172769328662980e+02,2.571740396471328722e+02,8.461533545321299243e+02,4.378349372790356711e+02,9.438805305373877275e+01,1.140719117121184354e+03,4.115657904304158592e+02,3.504123548492195823e+02,5.909404205841285602e+02,1.590057238676326392e+02,2.423662867273803840e+02,1.473131071696363961e+03,3.036494702895455475e+02,1.219825017601998383e+02,2.183827217361421447e+02,6.829945133399054669e+01,2.528035647840219724e+02,1.551201970788937615e+03,-1.516335317332478780e+02,2.920865642809391716e+02,8.022929672750936447e+01,-6.942878887398313736e+01,3.880011540525543410e+02,1.778667315559558119e+03,-1.213774567050125484e+02
1.089284286890077453e+02,9.881118642788054558e+02,1.275329474029914081e+03,1.163916916492478038e+02,8.737981215800714381e+02,9.569790820873801067e+02,1.037415973873261947e+02,1.205083576720726114e+03,1.019720651134522768e+03,9.639834737557404765e+01,5.922867006681597104e+02,8.415884676808196900e+02,3.814374577634920627e+01,1.442631611325351969e+03,8.555931350251926233e+02,1.585982532497158672e+02,6.202405566274943567e+02,1.055919861700060210e+03,2.398919624545762019e+02,1.484231996483063085e+03,7.803687673833072722e+02,2.788796017934481597e+02,8.815982852928731290e+02,4.373115880058791163e+02,8.920935764378700128e+01,1.154897099768890257e+03,4.025489715951971448e+02,3.624493280674023481e+02,6.178383160152283153e+02,1.566260274205120879e+02,2.211640900373097338e+02,1.490481358865102720e+03,2.965153327032720654e+02,1.443481952592753430e+02,2.428245921540336667e+02,8.628983930339482811e+01,2.504718958376209343e+02,1.564105628282814905e+03,-1.521511201869597869e+02,2.873999454500452657e+02,9.772722410333230414e+01,-7.115091779521038973e+01,3.781562139648203242e+02,1.796689488876055748e+03,-1.273953694424539975e+02
9.151343084926153892e+01,1.035667365262719159e+03,1.258102098726814575e+03,1.403292983664269116e+02,9.166736855463354914e+02,9.502011131787651266e+02,7.253987568323299229e+01,1.256962738813565011e+03,9.824871662678510802e+02,1.842602558135182562e+02,6.201369151904715409e+02,8.547730624233129220e+02,3.387154540820894066e+00,1.452357578676895855e+03,7.826009426620871636e+02,1.801798114656137386e+02,6.787328459859342047e+02,1.068141349445620108e+03,2.155268275104734812e+02,1.494715462076424956e+03,7.326036005068416443e+02,2.988241009508810748e+02,9.151937695058621784e+02,4.371164057426532281e+02,8.465542578519959704e+01,1.163341430647162497e+03,3.951348303745722887e+02,3.760375584177226074e+02,6.440979202256285134e+02,1.546522725008332770e+02,2.028149733373624599e+02,1.503756625035601473e+03,2.908857955944279752e+02,1.682956292367446736e+02,2.672063416502160180e+02,1.046600860163589317e+02,2.495202071931211378e+02,1.575717928320760166e+03,-1.513156061712449230e+02,2.797359825969111284e+02,1.175168788074650337e+02,-7.156033670425385651e+01,3.713747937220297786e+02,1.811644280198135448e+03,-1.308566922140508382e+02
7.441202713780548095e+01,1.080154036157774726e+03,1.239717501695273086e+03,1.678691626411756488e+02,9.622622711003796212e+02,9.482987289355046414e+02,4.046465140314406028e+01,1.297374795819818019e+03,9.428427663176919395e+02,2.806363804708358884e+02,6.665956665620043395e+02,8.810679499591738022e+02,-2.445108001615158599e+01,1.450659127437206507e+03,7.118840369522089304e+02,2.067912770175361743e+02,7.338656398848808067e+02,1.079415444714898740e+03,1.948641489085506464e+02,1.501123604786463147e+03,6.898764657445819921e+02,3.169312298400279246e+02,9.460932800064005050e+02,4.370700493150041552e+02,8.125928636955275408e+01,1.166301900964352626e+03,3.899936726207511128e+02,3.907476865583873860e+02,6.706122312318206014e+02,1.514191556647024584e+02,1.876554138923670791e+02,1.513297896388370873e+03,2.869491146467568683e+02,1.935563732755332751e+02,2.914587607008307941e+02,1.220649847748084795e+02,2.495335692121317663e+02,1.585194477174167559e+03,-1.498978062335856407e+02,2.703984296091620649e+02,1.397035973404673541e+02,-7.067463448834934070e+01,3.668986513799098930e+02,1.823355987089709060e+03,-1.327213086065012249e+02
5.819024757344239873e+01,1.122377922746642525e+03,1.220846351116317237e+03,1.965809819777266227e+02,1.012638977938378275e+03,9.510091183696042663e+02,1.020306455024132219e+01,1.324996615680915284e+03,9.036589769464069377e+02,3.761439953210684735e+02,7.381603253346800102e+02,9.182794257482040621e+02,-4.448764235809164092e+01,1.440821441381557634e+03,6.471230093881267749e+02,2.426647389005179889e+02,7.885094503009537448e+02,1.094793931147356716e+03,1.765266058361294199e+02,1.506095924381756276e+03,6.523367380804291997e+02,3.332767796387571479e+02,9.739100233617585900e+02,4.369346080460340431e+02,7.948852318011846307e+01,1.164885156325516618e+03,3.874797969290530659e+02,4.060356888744553316e+02,6.982840925500740923e+02,1.453484183413762878e+02,1.754970007271805628e+02,1.519780707795721128e+03,2.843810934206039747e+02,2.197794607421705564e+02,3.158763228221448003e+02,1.369685544177323777e+02,2.498283306105501254e+02,1.591918241093524784e+03,-1.486649609800423093e+02,2.613817717287913638e+02,1.644438719617893128e+02,-6.887309659612988355e+01,3.636957357951164909e+02,1.832027801714042653e+03,-1.339668489524380277e+02
4.342787332067258177e+01,1.163741483280169859e+03,1.202131053323334982e+03,2.235341136604340875e+02,1.069636672627245389e+03,9.571941187835845994e+02,-1.570782722328963743e+01,1.340542629185945998e+03,8.677594285074223990e+02,4.604095928158858442e+02,8.374732467078623586e+02,9.619613790511219804e+02,-5.687071794744027642e+01,1.426592073789561709e+03,5.911376131194367645e+02,2.915552133514598268e+02,8.496753896548730154e+02,1.119336928140363170e+03,1.592180039907154026e+02,1.511760847444262254e+03,6.195998608260669016e+02,3.479511020446945508e+02,9.984727442784310369e+02,4.364881830833062963e+02,7.963098416045428962e+01,1.160661570579715089e+03,3.875551682287932636e+02,4.212503727712236810e+02,7.278550733458214381e+02,1.353435475714121026e+02,1.658413127044735518e+02,1.523947489125644552e+03,2.825899568377216724e+02,2.466062760353207750e+02,3.410944019627267494e+02,1.479301302459550129e+02,2.496479908642813257e+02,1.595507521915686993e+03,-1.480870573893339781e+02,2.549338292934508559e+02,1.918431646564139328e+02,-6.682624682334268584e+01,3.607891802870485662e+02,1.838125684236084453e+03,-1.352082923457990091e+02
3.064318457293957110e+01,1.205578902211684408e+03,1.184177846027001578e+03,2.459943078758535933e+02,1.133915563476073430e+03,9.650831522299122298e+02,-3.545412058638030572e+01,1.346499412717935229e+03,8.373983275996223483e+02,5.247144591532828599e+02,9.617480180399295477e+02,1.006500411936195405e+03,-6.257137942642026474e+01,1.411311778353614500e+03,5.455026558371957890e+02,3.545233103190901147e+02,9.273170115816178622e+02,1.155492558679678723e+03,1.423156225853178967e+02,1.519319404639869845e+03,5.910990460210058473e+02,3.609914230434305296e+02,1.019559735892416484e+03,4.356439681784962659e+02,8.171241998240604687e+01,1.155129102042959630e+03,3.898749302044664660e+02,4.356411681092391177e+02,7.597715366219418911e+02,1.211262554636528392e+02,1.581941942302532595e+02,1.526320532250183305e+03,2.810415650066312310e+02,2.737276561358236222e+02,3.679465321965599856e+02,1.539051015529698816e+02,2.485005553606432045e+02,1.595879914009255572e+03,-1.481330287665957428e+02,2.529884758913356109e+02,2.218427957636735073e+02,-6.531115898906509187e+01,3.576342644697377295e+02,1.842152040313322232e+03,-1.365651717403609382e+02
2.022936780798875489e+01,1.248634256502993821e+03,1.167530697698487302e+03,2.620367991724087915e+02,1.204292439434525932e+03,9.726335565226371500e+02,-4.831358266308421179e+01,1.346535226728031375e+03,8.138765468368131906e+02,5.641310365479382654e+02,1.102966864010589234e+03,1.046449344666422121e+03,-6.298025892280293192e+01,1.397316515437965109e+03,5.104931927600572408e+02,4.278256054975025222e+02,1.031437355031035395e+03,1.200530866927663283e+03,1.262340694779707206e+02,1.528872256919744586e+03,5.663662067730742820e+02,3.724263076230512866e+02,1.036828576012088206e+03,4.345581833761189046e+02,8.549469099047989573e+01,1.149311432175285745e+03,3.939732664987410544e+02,4.484136946067303029e+02,7.940929243863672582e+02,1.034027097407157356e+02,1.523237269701649836e+02,1.527072243295501494e+03,2.794582505120796441e+02,3.009040057797785153e+02,3.972001529056437334e+02,1.544745941318964526e+02,2.464351048547993912e+02,1.593397434154760049e+03,-1.483142854596258644e+02,2.566683829543310935e+02,2.541361060953543927e+02,-6.499645940091480156e+01,3.543222987998690314e+02,1.844479933179207137e+03,-1.378342782316828448e+02
1.245603245998782960e+01,1.292956644197842479e+03,1.152592888320148404e+03,2.708774375095742926e+02,1.277740555927239484e+03,9.779244050481376007e+02,-5.469047075541602965e+01,1.344766924786438494e+03,7.973874693678997119e+02,5.782944353990269519e+02,1.250016808875754805e+03,1.077493003126261556e+03,-5.950350179715272247e+01,1.385747128621957017e+03,4.853542882204810098e+02,5.021547815664468430e+02,1.168284227331073453e+03,1.245430763572129763e+03,1.123562033528088477e+02,1.539542647597436371e+03,5.451372227843486371e+02,3.823935132839774269e+02,1.050010605138202664e+03,4.336652919821272576e+02,9.056538747913366194e+01,1.143669920163142706e+03,3.994459208216279080e+02,4.588595893963266690e+02,8.304644769748898625e+02,8.378153974141878280e+01,1.483351814199010903e+02,1.526132055930386514e+03,2.777885405738834379e+02,3.279548871192169486e+02,4.292392966091400126e+02,1.499449253149973060e+02,2.440683977379202645e+02,1.588989546622465923e+03,-1.480016359071098009e+02,2.660460777106798105e+02,2.881579775413857760e+02,-6.629086340472720451e+01,3.514743491370322204e+02,1.845359834797007352e+03,-1.388339963188163892e+02
7.525992764159494364e+00,1.338166999316126294e+03,1.139528732899965235e+03,2.728635434471910344e+02,1.350126221785974849e+03,9.794956914879132910e+02,-5.583254599113621452e+01,1.344994741045527462e+03,7.871403359229241232e+02,5.706377091004553677e+02,1.391879632106665895e+03,1.096616601413717945e+03,-5.332141311902834246e+01,1.376738128967666171e+03,4.687619452616235662e+02,5.641475303336582101e+02,1.336950171973824581e+03,1.276252582337226613e+03,1.025264950697815607e+02,1.549859684720181804e+03,5.272932329793293320e+02,3.912307255783651385e+02,1.059246069502953560e+03,4.336188908001454934e+02,9.648009851955198712e+01,1.138320809981086768e+03,4.060549764286319601e+02,4.665301493631967560e+02,8.681653784563499130e+02,6.445717867605709728e+01,1.465377029447985535e+02,1.523452397636670867e+03,2.760331675763084149e+02,3.547164649684640381e+02,4.638058631662285052e+02,1.413107206471019595e+02,2.423126451903449663e+02,1.584087915610516802e+03,-1.468411338667542907e+02,2.802394864365914486e+02,3.231666404521246250e+02,-6.929568723926890073e+01,3.498602411984124956e+02,1.845060471785018080e+03,-1.396708219736613046e+02
5.612749679175791151e+00,1.383815641923645217e+03,1.128223304716742405e+03,2.692125850147415917e+02,1.417369107143001656e+03,9.765582973845946526e+02,-5.338606354269686705e+01,1.349980159730367859e+03,7.817364447223283150e+02,5.466546349396318192e+02,1.520393289664651775e+03,1.101545158792560869e+03,-4.535435348215435880e+01,1.369814000705473063e+03,4.592886271799771976e+02,6.000563493890845166e+02,1.527786215012156390e+03,1.277950199914404493e+03,9.831146943339280142e+01,1.558254967819563262e+03,5.127464295398216336e+02,3.994491194862763450e+02,1.065332476178333764e+03,4.351681790340826979e+02,1.028920781997910581e+02,1.133389585086059697e+03,4.137441077980655564e+02,4.713786009942149349e+02,9.062126471795113503e+02,4.776342349854604663e+01,1.471937971183216405e+02,1.519248020263474473e+03,2.741255183467609982e+02,3.809543069911055113e+02,4.999068213939879115e+02,1.301190051023601484e+02,2.419274756202868559e+02,1.580278158714450228e+03,-1.449967751471209567e+02,2.977690706174291222e+02,3.583916633859095668e+02,-7.383284268775722126e+01,3.499338631665206663e+02,1.843991213535112365e+03,-1.407375913217939285e+02
6.807339727399218887e+00,1.429566001232871031e+03,1.118346735164053371e+03,2.616598685915367355e+02,1.476544240923155485e+03,9.690259441618720757e+02,-4.898957967727532292e+01,1.360892645635966119e+03,7.796761349700066148e+02,5.120886576911100292e+02,1.631397705408629463e+03,1.090018932614246978e+03,-3.636022595924438860e+01,1.364276459003254558e+03,4.557207531311443631e+02,6.002664901348977082e+02,1.723574701858615072e+03,1.239308178084634392e+03,1.003272471719059098e+02,1.563485809310837112e+03,5.013709178032600562e+02,4.075844729553176080e+02,1.069704849272505726e+03,4.390192752759602968e+02,1.096184732088938460e+02,1.129279503091356673e+03,4.225934612986986849e+02,4.737988757885165114e+02,9.434854311563018427e+02,3.572569610137646379e+01,1.502936129232445239e+02,1.514050186775339398e+03,2.719937798468787378e+02,4.062484115884599305e+02,5.359494583280923052e+02,1.182719340805382160e+02,2.431189801808656057e+02,1.578752210639151826e+03,-1.430607777814220753e+02,3.170067909623024889e+02,3.931823299343574263e+02,-7.949498410603877119e+01,3.515226427277718244e+02,1.842672960650718323e+03,-1.424496655998046606e+02
1.098687468055971195e+01,1.475140089485722001e+03,1.109490839331295319e+03,2.521423764942131811e+02,1.526533188528284654e+03,9.573611060695086508e+02,-4.403180264193916571e+01,1.377115683248416872e+03,7.798092889023944281e+02,4.717425475159215580e+02,1.724039908508901817e+03,1.059612398395178616e+03,-2.703453632785745953e+01,1.359432335965713946e+03,4.571689355203549212e+02,5.626817428942803190e+02,1.903402993116499601e+03,1.156970925234716788e+03,1.078875439030391163e+02,1.564852752139589938e+03,4.929875743483777342e+02,4.160194675968612046e+02,1.074125382975329785e+03,4.457098372542985771e+02,1.166343582825332703e+02,1.126695569779445577e+03,4.327433134981754392e+02,4.745377977862359558e+02,9.788455108711062849e+02,2.970030914345237250e+01,1.554528719281811675e+02,1.508562936055682485e+03,2.697384730141864679e+02,4.299239188667278881e+02,5.700872636707789525e+02,1.077774964239560518e+02,2.453887765552741200e+02,1.579812873728067416e+03,-1.417134940721436749e+02,3.365502530772731120e+02,4.270787482696276243e+02,-8.569390374739052163e+01,3.538223309233055716e+02,1.841558417567499191e+03,-1.449102916626286799e+02
1.771150198055695668e+01,1.520150044957386626e+03,1.101299065840489448e+03,2.425402693936497656e+02,1.568057440682522156e+03,9.422833584499610424e+02,-3.956564813701777439e+01,1.396565166337190249e+03,7.815724456065292998e+02,4.290892872582982136e+02,1.798979186545436050e+03,1.008457823904576571e+03,-1.801869334398914191e+01,1.354636203415333966e+03,4.630282825448873041e+02,4.933936552592180078e+02,2.047968263833696255e+03,1.036825521064492932e+03,1.190800876851088503e+02,1.562176662987464397e+03,4.873516234436192462e+02,4.249015982654507866e+02,1.080233133620181889e+03,4.554968320133181692e+02,1.240238919814898395e+02,1.126415843029965117e+03,4.443004055682204125e+02,4.745211426653042963e+02,1.011245312417726836e+03,3.015250128582712463e+01,1.619493717694652162e+02,1.503452410995931587e+03,2.677288071980072459e+02,4.511163727139692128e+02,6.006582100027820843e+02,1.004537683440458409e+02,2.477123632279157164e+02,1.582714752724382606e+03,-1.413806772388759612e+02,3.554322973813799535e+02,4.597527297700694362e+02,-9.171979187350646612e+01,3.556849140270686007e+02,1.840841665873533884e+03,-1.477403156948032574e+02
2.626725197926906574e+01,1.563980800887703936e+03,1.093537414746395598e+03,2.344090542197322975e+02,1.603146755758548807e+03,9.244479952396520730e+02,-3.628021040443747580e+01,1.416486206646213759e+03,7.849744975240190570e+02,3.864178843521385716e+02,1.856643289562075552e+03,9.366011047415934172e+02,-9.813752045033622196e+00,1.349231601520241838e+03,4.729286453201947893e+02,4.043545225146908138e+02,2.144275224660252206e+03,8.921865983985512685e+02,1.312021602189320220e+02,1.555590597781474344e+03,4.841337965319895034e+02,4.342086895567237548e+02,1.089180331881243092e+03,4.682572239891528625e+02,1.319268062889375983e+02,1.128958559513492901e+03,4.572429796383139546e+02,4.746716934350794759e+02,1.039808607369933270e+03,3.662776519300197720e+01,1.688611273707939517e+02,1.499220771273850232e+03,2.664830679887367637e+02,4.689918006307914879e+02,6.265233783075595966e+02,9.763931891512086736e+01,2.489630975996135760e+02,1.585980467118329216e+03,-1.420964389919652717e+02,3.731592871084009175e+02,4.908192214980249446e+02,-9.681921921734931402e+01,3.560495300894057777e+02,1.840429844409122552e+03,-1.501956412024005374e+02
3.587331236174832583e+01,1.605799973084514249e+03,1.086114746927107717e+03,2.286479609341846242e+02,1.634253211525682218e+03,9.042351972694757478e+02,-3.444488785207849446e+01,1.434445035423394984e+03,7.904110336365627063e+02,3.451221797917237950e+02,1.896425938794518288e+03,8.472201296942972704e+02,-2.674240700586357100e+00,1.342516546308666420e+03,4.867899787626601551e+02,3.092559949344286565e+02,2.187928343765159752e+03,7.396834082767848031e+02,1.413563822840149840e+02,1.545260431812443812e+03,4.829647731425839652e+02,4.438944997643916395e+02,1.101505292531310488e+03,4.834307897275345454e+02,1.404985361292220318e+02,1.134354476042876286e+03,4.713591834573089159e+02,4.757855843396906721e+02,1.063852227405775011e+03,4.796619540599148479e+01,1.752654789870832417e+02,1.496207339005642780e+03,2.663935185249460460e+02,4.830360996304171977e+02,6.471397790655471454e+02,1.000161192510515207e+02,2.483822403250051991e+02,1.588079230714615505e+03,-1.435959210067821346e+02,3.896176031356441172e+02,5.195874663387528472e+02,-1.002608751928755595e+02,3.543271395799727657e+02,1.840140792685068391e+03,-1.515118306600757592e+02
4.594017370240181464e+01,1.644675429621134299e+03,1.079084367032273576e+03,2.251712771812468645e+02,1.663327545992029172e+03,8.817578376101406548e+02,-3.383446948097464713e+01,1.449102273754889211e+03,7.984177117550902949e+02,3.059212322017674524e+02,1.917057944371861140e+03,7.469169786801454620e+02,3.437138718070932075e+00,1.333823732350587079e+03,5.049577405942930000e+02,2.195794281360110176e+02,2.182428050191844250e+03,5.947008390604258921e+02,1.469942903015386548e+02,1.531168149758451591e+03,4.836118627220234316e+02,4.539867919804252097e+02,1.117222015952937454e+03,5.000567598173259967e+02,1.498760248974448075e+02,1.142155955993454199e+03,4.862572344839991842e+02,4.784829876124624661e+02,1.082834276026605721e+03,6.273524387601373320e+01,1.804627561972812941e+02,1.494638492783453103e+03,2.675004555341048444e+02,4.932791491995553770e+02,6.623533758101947342e+02,1.076382642392892137e+02,2.458876659518383008e+02,1.588143079567299765e+03,-1.455057044754568381e+02,4.049067361973721404e+02,5.448849860951809205e+02,-1.013389397318139942e+02,3.506054030358318983e+02,1.840012118187306214e+03,-1.512750327830794674e+02
5.621097207505663107e+01,1.679761912482296793e+03,1.072626345228535001e+03,2.227832704955140457e+02,1.691211407630173426e+03,8.570896187882178765e+02,-3.373438117183300733e+01,1.460465586779775776e+03,8.094231497718390074e+02,2.690533165437137200e+02,1.917738112862255775e+03,6.447637214041614016e+02,8.807849107465136385e+00,1.322728356720071361e+03,5.282474294382675453e+02,1.424104765735159503e+02,2.136337005954125743e+03,4.682089628617143831e+02,1.462934781625873200e+02,1.513075342864720142e+03,4.862515638259990851e+02,4.645617629153911707e+02,1.135981562597730999e+03,5.169358712369113391e+02,1.601315431921151742e+02,1.151660289533196647e+03,5.014541393870253501e+02,4.831988687226840398e+02,1.096282707548514736e+03,7.973033833613213517e+01,1.841659643244864526e+02,1.494634418781078011e+03,2.694853082128591382e+02,5.003638204898930439e+02,6.720961064536228378e+02,1.201625375466770578e+02,2.421064022779931690e+02,1.586358876389771240e+03,-1.474878717700690061e+02,4.191730199966914938e+02,5.651091276020897567e+02,-9.930015530149138669e+01,3.456288197499425792e+02,1.840498046356758778e+03,-1.496071850847735334e+02
6.668677509094210620e+01,1.710534561592047112e+03,1.066977033029413633e+03,2.194636655621317516e+02,1.717597548088115445e+03,8.305861305969146997e+02,-3.312538242201090810e+01,1.469604858068810245e+03,8.235175437308433857e+02,2.345713526785043257e+02,1.899293230413646597e+03,5.504192579859316083e+02,1.387465534811033585e+01,1.309318254083805186e+03,5.577174821946977090e+02,8.044632833720619658e+01,2.060007005077156919e+03,3.659074433888230828e+02,1.383726448643128890e+02,1.490729541526693538e+03,4.916756759223409290e+02,4.756265116410103246e+02,1.157174985222309942e+03,5.328888644486629573e+02,1.712109298554572092e+02,1.162206508493663023e+03,5.165009855637481451e+02,4.901669266630748325e+02,1.103820952587834881e+03,9.831352516264712449e+01,1.865695851583635658e+02,1.496169418065539730e+03,2.718802499233014487e+02,5.054561071463023723e+02,6.762625882103253616e+02,1.371635790309815945e+02,2.381433302976310245e+02,1.583843526443636847e+03,-1.492910736123743050e+02,4.325264037941421975e+02,5.785929977887462883e+02,-9.324732475766907669e+01,3.405743246141696545e+02,1.842384519985948373e+03,-1.470724729465057123e+02
7.737250703466918367e+01,1.737014484460386029e+03,1.062298364696647695e+03,2.130848038716024178e+02,1.741544847099740309e+03,8.031080807881761530e+02,-3.104332182654479411e+01,1.478061448829744677e+03,8.402722038052266953e+02,2.027367959663780255e+02,1.864749519148193031e+03,4.720458939001878775e+02,1.910296248085536419e+01,1.294402748842321216e+03,5.941474399870165826e+02,3.348045870777986011e+01,1.963351236418735880e+03,2.893665956197465334e+02,1.233935739812168322e+02,1.464265448056627747e+03,5.012279992119401868e+02,4.870063068216367697e+02,1.179967874407852605e+03,5.470215147771435795e+02,1.828798826432714577e+02,1.173388218749000544e+03,5.310752433985315974e+02,4.993833018663787584e+02,1.105378349111326315e+03,1.184143431365056074e+02,1.882332298051149735e+02,1.499055138965635933e+03,2.743334974656362419e+02,5.100490946233726959e+02,6.749313196682523994e+02,1.583755917960632473e+02,2.351944918492956162e+02,1.582085844301051338e+03,-1.507495658852351426e+02,4.450979126567307844e+02,5.842121225413717411e+02,-8.210934968790326138e+01,3.366787272801155950e+02,1.846433092152859217e+03,-1.443752472146954062e+02
8.798587432582577605e+01,1.759860657827939121e+03,1.058551993618958249e+03,2.022995978426261559e+02,1.762230416421621840e+03,7.760111515149365005e+02,-2.697868132201291402e+01,1.487243450713024913e+03,8.586910387242093066e+02,1.743215395886051340e+02,1.819103250028381581e+03,4.147489725299513452e+02,2.487039477214375793e+01,1.279518709442091904e+03,6.374129203619011150e+02,1.790343762757511392e-01,1.855203146693002282e+03,2.379709185044085302e+02,1.025622602289769816e+02,1.434604692622262974e+03,5.163679537826874366e+02,4.983141606011133149e+02,1.203359377368717560e+03,5.588911925602388919e+02,1.947190898612389560e+02,1.185096084299155564e+03,5.449870050912604711e+02,5.105847498817182668e+02,1.101537011214849599e+03,1.401954676342794812e+02,1.898106551060375295e+02,1.502990016695229315e+03,2.767438613496174185e+02,5.157213835803127040e+02,6.688391950951813669e+02,1.837594084691000376e+02,2.341518251842194047e+02,1.582258759396426285e+03,-1.517795869939134832e+02,4.572268252955312846e+02,5.819872478250110817e+02,-6.473920529013440728e+01,3.348107728955446305e+02,1.852937402768420498e+03,-1.420234507576802798e+02
9.778901729488231354e+01,1.780204074703049628e+03,1.055480802273435074e+03,1.871701549463246295e+02,1.779493923223466709e+03,7.509038844036551836e+02,-2.112568794507617653e+01,1.498001745832055803e+03,8.773647221941474754e+02,1.505887421615787787e+02,1.768491478176836608e+03,3.799448994692910446e+02,3.137189672349287051e+01,1.266649568506553578e+03,6.860685269641980994e+02,-2.075004121345362762e+01,1.743783661858659570e+03,2.104059150074622266e+02,7.799018783224401830e+01,1.403577039450670554e+03,5.379727524350521435e+02,5.090155392778907526e+02,1.226349659525744300e+03,5.685163529376753786e+02,2.061946890609717400e+02,1.197405229569829544e+03,5.580989515939457988e+02,5.232915390124679789e+02,1.093816638601788782e+03,1.635816385719046764e+02,1.917600127011350253e+02,1.507640951705339376e+03,2.791872806927815986e+02,5.238955203915533048e+02,6.597965681218242935e+02,2.133988500380889377e+02,2.353312863875727317e+02,1.584752913099246825e+03,-1.523821617095070735e+02,4.696781840719830825e+02,5.733814793448073033e+02,-4.012481230642278263e+01,3.351249148650846337e+02,1.861431610647294519e+03,-1.401293267819779089e+02
1.056431720232914984e+02,1.799239556438633599e+03,1.052740008970629106e+03,1.692015013520762921e+02,1.793895324810032662e+03,7.292930379812668207e+02,-1.435275861007993292e+01,1.510459400444770836e+03,8.948047115667912976e+02,1.328971095744399236e+02,1.719141228596055953e+03,3.656823324464374423e+02,3.857307353308936371e+01,1.257710080942602417e+03,7.373989356724450772e+02,-3.024818155518200413e+01,1.637257564251732447e+03,2.050905020963518837e+02,5.237107789989382667e+01,1.373592441980298872e+03,5.657121772615581676e+02,5.185512457918254086e+02,1.248191365896717343e+03,5.762491206910810888e+02,2.167873446289221988e+02,1.210397761906836195e+03,5.702189879462779345e+02,5.369287900202353967e+02,1.084658960458600404e+03,1.879360145489275169e+02,1.941922254112286623e+02,1.512695354815286009e+03,2.817108871719073591e+02,5.356300337920221182e+02,6.507009659056420787e+02,2.473129814414068903e+02,2.384055953419195077e+02,1.589141199541934157e+03,-1.526351234951836773e+02,4.837312054043901526e+02,5.611036149863672335e+02,-7.631856786365790235e+00,3.369480746397024973e+02,1.870711590421077517e+03,-1.384303348897278738e+02
1.102928008854969875e+02,1.817781996769698253e+03,1.050097328964968710e+03,1.507541703371545907e+02,1.806352310016331785e+03,7.122589824875452678e+02,-7.898308190945384055e+00,1.524096554711145927e+03,9.098265926986016439e+02,1.221274229165463083e+02,1.676380850947760337e+03,3.676818463532738406e+02,4.624056716413895174e+01,1.253994301852233775e+03,7.880099170137684723e+02,-2.918128735499661275e+01,1.543485456650856122e+03,2.198205784513114054e+02,2.847326251766459748e+01,1.346959863581568015e+03,5.978963533829046355e+02,5.264710882759392234e+02,1.268592079786021941e+03,5.825897045643745287e+02,2.261243693594702506e+02,1.224026779990073464e+03,5.810536262799977294e+02,5.509801191878526652e+02,1.076987792835269147e+03,2.120868689506076521e+02,1.969217564522921862e+02,1.517866602265763504e+03,2.841599668840650565e+02,5.514750454438112683e+02,6.449899059429117187e+02,2.852917238295518700e+02,2.425569999945961115e+02,1.594533043727814857e+03,-1.526648458791010228e+02,5.009956223504776744e+02,5.484443613741141235e+02,3.281059409686701400e+01,3.389896822984283631e+02,1.879177592335451436e+03,-1.364913767869695960e+02
1.107898566734826034e+02,1.836063203303069713e+03,1.047548263284802943e+03,1.341221668195740904e+02,1.817685042140906035e+03,7.002420626487711388e+02,-2.916759266234122627e+00,1.538050616452631857e+03,9.218251928266801087e+02,1.182568920219649442e+02,1.643805401008176204e+03,3.807459311159694266e+02,5.405093753570764648e+01,1.255828034587913407e+03,8.347983639706653776e+02,-1.874316422057691511e+01,1.468701187260855477e+03,2.513697661160356915e+02,8.517392768233396083e+00,1.325177015778618397e+03,6.319977021631686966e+02,5.325448844964400905e+02,1.287727961953083422e+03,5.880247970620242768e+02,2.340599947612663243e+02,1.238088951793183696e+03,5.902840274731946693e+02,5.650976122657282303e+02,1.073423927367906799e+03,2.347115235272941050e+02,1.996512726426817608e+02,1.522892189122644368e+03,2.861770582267687928e+02,5.714161190246352362e+02,6.456558978403686524e+02,3.268264373972214685e+02,2.467993288387332882e+02,1.600063757502319731e+03,-1.526061599271671128e+02,5.229273692918255847e+02,5.383585954564265421e+02,8.062743114043135506e+01,3.398317582812408659e+02,1.885366683376887977e+03,-1.339570262989396383e+02
1.068986745563628773e+02,1.853897398766476499e+03,1.045249032225725387e+03,1.206889354559943541e+02,1.828382603583988157e+03,6.929490596819847497e+02,-5.427480985459298690e-02,1.551530493621148707e+03,9.308577253001750478e+02,1.203020355582478516e+02,1.622613786571056153e+03,4.001533415100703905e+02,6.173280711818695465e+01,1.262561845430759377e+03,8.759594466527107670e+02,-6.530327796602313217e-01,1.415597184560347159e+03,2.956336101514864936e+02,-6.416524057028494710e+00,1.308520745696522226e+03,6.656571406872174066e+02,5.368311683623566068e+02,1.306042894518305275e+03,5.929306871406163282e+02,2.406868351896036131e+02,1.252306275753361888e+03,5.977486608829070747e+02,5.791214401430349881e+02,1.075418856255998890e+03,2.548894361720301731e+02,2.021560807488754961e+02,1.527571770723032614e+03,2.873933550914057378e+02,5.949125626652790970e+02,6.541828822154391219e+02,3.711460446336729433e+02,2.503597361754602275e+02,1.605229558372217525e+03,-1.525636634895819839e+02,5.501925609051974106e+02,5.325920249216330831e+02,1.346150022702163085e+02,3.385127965651770410e+02,1.888475330552937521e+03,-1.307113854494519387e+02
9.931204045209432252e+01,1.871069315860786446e+03,1.043320698588590858e+03,1.104844185957638416e+02,1.838660433951028153e+03,6.893689724655777127e+02,7.871746357229219004e-01,1.564173976153468175e+03,9.375571188342360074e+02,1.266002584939996041e+02,1.611240687085452009e+03,4.226464210087842162e+02,6.917031121625021228e+01,1.272847858330798317e+03,9.116307522247375346e+02,2.294021865838247720e+01,1.381802087461780047e+03,3.483156324606257499e+02,-1.675312084506651900e+01,1.296061789349057790e+03,6.976522212784285557e+02,5.396888752171807937e+02,1.323957866156283217e+03,5.975387506652444927e+02,2.462980120735627452e+02,1.266455665738290691e+03,6.036299480298716844e+02,5.930256139601606264e+02,1.082657746100313034e+03,2.725429080462048432e+02,2.043731080580382411e+02,1.531844384971529053e+03,2.876943115590145794e+02,6.210058105368822226e+02,6.698490220928307508e+02,4.173178595005467741e+02,2.529724980073337974e+02,1.609940543350302733e+03,-1.525829023849106250e+02,5.821710465573110014e+02,5.311449862963943360e+02,1.930361905500811304e+02,3.349504949406402261e+02,1.888681509211710363e+03,-1.268830362813256727e+02
8.957683752315730885e+01,1.887625692089569839e+03,1.041693235463456631e+03,1.022656523378153679e+02,1.848634663673131627e+03,6.879066771760044503e+02,4.147989677627800242e-01,1.576166783024697679e+03,9.429556153080708327e+02,1.352001298793626347e+02,1.605538982844872180e+03,4.466833627876251853e+02,7.641742169974584442e+01,1.284995240811681015e+03,9.438756093332273167e+02,4.972193896030487537e+01,1.359729741353788995e+03,4.056295511843034092e+02,-2.436854426547964181e+01,1.285991010429201879e+03,7.282740026800546502e+02,5.417231182325647296e+02,1.341681886565106879e+03,6.019484755365638193e+02,2.513260939561173757e+02,1.280456742526325343e+03,6.085134747639181114e+02,6.068474509262931633e+02,1.093029292845315922e+03,2.885322504007812654e+02,2.063853101578981466e+02,1.535842070334463870e+03,2.873706298192004738e+02,6.484515278356062709e+02,6.897379418253899530e+02,4.643543044887674682e+02,2.549482387666276395e+02,1.614376379025823098e+03,-1.526412076239710416e+02,6.168889094478388415e+02,5.322912134585676540e+02,2.537730531859232883e+02,3.300010233618128836e+02,1.887135042829688473e+03,-1.227454927658590833e+02
