9.974699075248807389e+01,3.832928232739678265e+01,1.662112586496588392e+03,7.858408902489410153e+00,-1.097069572583675239e+02,1.381034617276530753e+03,1.631673842184999046e+02,2.062838137912045227e+02,1.361120483758172668e+03,1.565155070349692608e+02,-2.852091552985042995e+02,1.265132562429512291e+03,3.178257775261916436e+02,1.977754405316307782e+02,1.134583611187211091e+03,2.234589128883035301e+02,-8.940814337863517380e+01,1.380483478295826217e+03,3.333243860836009844e+02,6.258215179169868492e+01,1.342588757423478910e+03,-1.113954641856560457e+01,3.481150268629551014e+00,7.642263249361799353e+02,1.539172590101517812e+02,2.584187726513596886e+02,8.486253732281272733e+02,1.691699436957697174e+02,-7.873772213530637032e+01,4.210244187940422194e+02,5.329160546926430015e+02,9.722255158355348215e+01,9.161842398200541311e+02,1.250214838041985033e+01,-3.400486257327771433e+00,-2.383686443190148108e+00,4.187048985251067279e+02,5.507471671343885333e+01,4.859041247839664948e+02,2.608102025291537416e+02,-3.019716766674826403e+01,-3.268436769308171108e+01,6.586862852161377759e+02,-7.887759305390835607e+01,4.342773428618446019e+02
1.015655817516006323e+02,4.068718560792966343e+01,1.662744293828495074e+03,8.263213020751599913e+00,-1.066427212627568366e+02,1.382918879193174462e+03,1.655176144656279575e+02,2.061265289101399958e+02,1.361427083431856090e+03,1.530340478775595443e+02,-2.813051213464561329e+02,1.264639772948436757e+03,3.211009892806870312e+02,2.010907047250973960e+02,1.133221445725448802e+03,2.250671137810531661e+02,-8.977017459409572098e+01,1.380111806680055452e+03,3.341358540211289210e+02,6.654571130924199451e+01,1.339574776170027462e+03,-1.201759219158829950e+01,3.911926816839196519e+00,7.629086985688599043e+02,1.552697598076112797e+02,2.594328818631633453e+02,8.480977263307363501e+02,1.691951582084423364e+02,-8.006034612566155317e+01,4.209026438995313697e+02,5.336128628078444081e+02,9.115714675193187588e+01,9.168301766363703109e+02,9.086023799940930346e+00,-3.184105619345032334e+00,-1.993418727138931645e+00,4.247361651186566860e+02,4.688036462736560139e+01,4.894446193161340375e+02,2.599535745304534089e+02,-3.131139495975958198e+01,-3.313126683697851149e+01,6.615994447040656041e+02,-7.980402701831852141e+01,4.428322119471461065e+02
1.032974817007411872e+02,4.268990841048641016e+01,1.662867841215474300e+03,8.633389966955183681e+00,-1.038073861778785272e+02,1.383993344318744903e+03,1.678415550861312795e+02,2.062037557559625895e+02,1.361329923114572011e+03,1.495721213341578277e+02,-2.774617196481204928e+02,1.263727240525683555e+03,3.241670548898541142e+02,2.040394862806206504e+02,1.131847872746865050e+03,2.261054996858119637e+02,-8.969122569289736191e+01,1.379171333735398093e+03,3.347230800369114263e+02,6.977243169191204686e+01,1.336754575321352604e+03,-1.273607489358911593e+01,4.945892400024265889e+00,7.615821005032635185e+02,1.568445473382137720e+02,2.611380727963434651e+02,8.474943732605280502e+02,1.695617715544759392e+02,-8.092949484561523832e+01,4.208453862223304327e+02,5.344407194308009821e+02,8.686038555571569475e+01,9.182366020475992627e+02,6.325325513553229584e+00,-3.025662354362947504e+00,-1.811440572312368102e+00,4.303011590933168691e+02,4.099744891408644065e+01,4.932804783388137935e+02,2.590802529924872033e+02,-3.245259671307753990e+01,-3.364819165243178389e+01,6.641604922891037859e+02,-8.115233851048049019e+01,4.508209241941991650e+02
1.048668874501113493e+02,4.404737176204149307e+01,1.662277315099031512e+03,8.946600717007102688e+00,-1.013949405944270410e+02,1.383864238769753456e+03,1.700990045933087060e+02,2.066740917298235729e+02,1.360656799140184148e+03,1.461268723188968579e+02,-2.737572551214917098e+02,1.262151788309103722e+03,3.268909584081625894e+02,2.064279003465893254e+02,1.130496409952712384e+03,2.262762370885772611e+02,-8.902666329776688769e+01,1.377427411638895819e+03,3.350858792246588678e+02,7.185078743195532525e+01,1.334245902987609725e+03,-1.318895864685688046e+01,6.922701699043515511e+00,7.602609696911451920e+02,1.587632963923446709e+02,2.639378255483877638e+02,8.468284205318037721e+02,1.704311143095230818e+02,-8.108295773344785573e+01,4.208734831990334442e+02,5.354723300597063371e+02,8.522198179511454441e+01,9.207401519931636358e+02,4.572823527896944462e+00,-2.940024022242254453e+00,-1.935717737480972644e+00,4.350236330959903057e+02,3.869699220687305541e+01,4.975707807276381800e+02,2.582244665548210492e+02,-3.353776393731143912e+01,-3.422935479739781073e+01,6.660167417825761049e+02,-8.315349968856351381e+01,4.578394468840276090e+02
1.062116389293289132e+02,4.463167801829977321e+01,1.661158600093786390e+03,9.194654535435937248e+00,-9.950622207279052134e+01,1.382729434312677313e+03,1.722223353724101287e+02,2.075896580463885925e+02,1.359553002962557684e+03,1.426900196279993338e+02,-2.703047175100347772e+02,1.259954769424138249e+03,3.292307102779455477e+02,2.083030664284958107e+02,1.129269360280120509e+03,2.256398139176313009e+02,-8.797648116128505080e+01,1.375128706663609137e+03,3.354757532724732982e+02,7.285395024480119730e+01,1.332106536667095952e+03,-1.335002259175648298e+01,9.782167217824964567e+00,7.589987812963272518e+02,1.609977871831947596e+02,2.677824065325417564e+02,8.462249580944852596e+02,1.717138210573835977e+02,-8.052927447554856144e+01,4.209507387480854277e+02,5.366929619035759060e+02,8.589498428784170869e+01,9.241151942052561026e+02,3.753982360669129381e+00,-2.883318783653067374e+00,-2.315853863901721876e+00,4.386787060205978150e+02,3.975331658452130057e+01,5.022606822791333343e+02,2.574682015853787220e+02,-3.436285495073573060e+01,-3.477750034354165365e+01,6.668837090316405920e+02,-8.578626058046155833e+01,4.637308592452546350e+02
1.073083441178172706e+02,4.458743495959628689e+01,1.659895923478668919e+03,9.387686466930817986e+00,-9.806547256475975871e+01,1.381210448235482772e+03,1.741412773871069533e+02,2.089267918910090316e+02,1.358355916545781611e+03,1.392832744969011856e+02,-2.671977358142677872e+02,1.257403468755182530e+03,3.312055183440847372e+02,2.099150488433454314e+02,1.128290392995634875e+03,2.245002181269647963e+02,-8.684604136904621896e+01,1.372847162023047304e+03,3.362217880488627202e+02,7.327124122127806061e+01,1.330373548620314750e+03,-1.326674652870338456e+01,1.314208343609549523e+01,7.578736744802479279e+02,1.634126824899269650e+02,2.722238363090415305e+02,8.458465399816578838e+02,1.731492722196074681e+02,-7.947763390665181760e+01,4.210016558196588790e+02,5.380065636928778758e+02,8.764774222741837661e+01,9.277933363458024587e+02,3.482367217400341275e+00,-2.781391294974342898e+00,-2.806905653572488557e+00,4.411536824377267862e+02,4.280262505273690010e+01,5.071294061970499456e+02,2.568824018999034706e+02,-3.471178830248134517e+01,-3.515758879786969970e+01,6.665506352313487923e+02,-8.884194478581122212e+01,4.685861126753579811e+02
1.081987632671318806e+02,4.436899621111958680e+01,1.658776054512841483e+03,9.547987314904137435e+00,-9.678576126768713550e+01,1.379968823791997920e+03,1.758212614974240466e+02,2.106331920932405808e+02,1.357376408306208077e+03,1.359777084663136577e+02,-2.644342130778093747e+02,1.254829385184058992e+03,3.328538510297179869e+02,2.115736994751000566e+02,1.127633667524076600e+03,2.232097274256321953e+02,-8.575025876361394239e+01,1.371118760554629716e+03,3.374863948283737045e+02,7.376830595006697422e+01,1.329092928647014560e+03,-1.303444597613818878e+01,1.654184225052570412e+01,7.569549549969648297e+02,1.658559871177841671e+02,2.766372409094547038e+02,8.457768296171248039e+02,1.744646388546164246e+02,-7.820007682170529506e+01,4.209470906997747761e+02,5.392660660550824332e+02,8.911360843317930858e+01,9.312368725451033242e+02,3.311002941582037451e+00,-2.595095997945070287e+00,-3.269199612794122523e+00,4.423740426127451428e+02,4.621794182585751543e+01,5.119308201936867135e+02,2.564669863256442000e+02,-3.452120786129622587e+01,-3.528563749295641827e+01,6.648541453815178102e+02,-9.202230303059130279e+01,4.726616699427936510e+02
1.089919307504494270e+02,4.463206209704802063e+01,1.657815125714122360e+03,9.694088631664866895e+00,-9.524255516646118735e+01,1.379351909747415220e+03,1.772924006249933768e+02,2.126503600082216963e+02,1.356744544324166554e+03,1.328637619204959606e+02,-2.618728905510532172e+02,1.252459355093360045e+03,3.342272543639374476e+02,2.134793538315144872e+02,1.127279366620813562e+03,2.220420992452760913e+02,-8.451548996708480388e+01,1.370110612674324102e+03,3.391456246022871710e+02,7.489913189571296925e+01,1.328295013619240308e+03,-1.276961422620455444e+01,1.972496183442247641e+01,7.562712156358641096e+02,1.682340159138903743e+02,2.804978902642580465e+02,8.459461518199210559e+02,1.755042623934128869e+02,-7.692391300161851575e+01,4.207406074940484473e+02,5.403092925388722279e+02,8.943777970234052077e+01,9.341978689770490973e+02,2.954327571761528048e+00,-2.382233321718404628e+00,-3.645904070370415972e+00,4.422618320237770604e+02,4.893737692519131599e+01,5.165348871809580942e+02,2.561467116332716500e+02,-3.398390769795053501e+01,-3.519114282359625889e+01,6.616482571753795128e+02,-9.501493397738390456e+01,4.762454972182001143e+02
1.098255076683279299e+02,4.598283751348255777e+01,1.656808870734210814e+03,9.827955190146083098e+00,-9.304774066524844045e+01,1.379267365521722922e+03,1.786540496215794747e+02,2.149017676466948785e+02,1.356403969971345987e+03,1.299847933915704630e+02,-2.592685713258807141e+02,1.250323967167492356e+03,3.354284520347749776e+02,2.156254287834496495e+02,1.127123980278965973e+03,2.211876086390194871e+02,-8.284710005278007827e+01,1.369520806071960806e+03,3.408870401321539134e+02,7.688467310264699961e+01,1.327924056994607326e+03,-1.258825069472701408e+01,2.280775493347019633e+01,7.558018451085467859e+02,1.705298452813884182e+02,2.835942078831292292e+02,8.461553993315210391e+02,1.762593586904840777e+02,-7.579248297748965513e+01,4.203941694139217589e+02,5.409878486431373403e+02,8.849047248420224321e+01,9.367299647209414388e+02,2.367368362626077083e+00,-2.304788713741137585e+00,-3.975949768250310878e+00,4.407627550148953901e+02,5.078801891374325805e+01,5.209671817821196100e+02,2.558297025374111229e+02,-3.350307900167634756e+01,-3.500906424934565564e+01,6.568140237946097386e+02,-9.757579417825866130e+01,4.795190835687157573e+02
1.108002690409842899e+02,4.868310483213762296e+01,1.655529676873483822e+03,9.940123540941817382e+00,-9.004177635210558606e+01,1.379319032286286756e+03,1.800541204616625066e+02,2.172668370277420138e+02,1.356219192031245939e+03,1.272892906882648418e+02,-2.563839445248840434e+02,1.248271497697074437e+03,3.366489598698074701e+02,2.178274236962850807e+02,1.127033742199465905e+03,2.208120480453487744e+02,-8.060943033476937103e+01,1.368761348030808676e+03,3.424471592804730449e+02,7.953082981867396484e+01,1.327776169082266051e+03,-1.258259731534616499e+01,2.623314616488389461e+01,7.554971589218946519e+02,1.727705499939787614e+02,2.860942379837362637e+02,8.461872955296314558e+02,1.768081879728605088e+02,-7.486647283856719071e+01,4.199845888935192306e+02,5.411884646461081729e+02,8.666300180823867549e+01,9.390143358182101565e+02,1.678353300242840573e+00,-2.559958055509402808e+00,-4.347101837044054840e+00,4.379230777444784621e+02,5.222281815589413156e+01,5.253144104403575056e+02,2.554801436733129947e+02,-3.350514134923535892e+01,-3.490500135572285245e+01,6.503240503873665830e+02,-9.964457733346694113e+01,4.824734394586441226e+02
1.119295358972119061e+02,5.246590034778466816e+01,1.653903667688862242e+03,1.003471816998268729e+01,-8.639477228006394682e+01,1.379075324646437593e+03,1.816527639978020829e+02,2.195709431205051771e+02,1.356088889338924218e+03,1.246501094633278655e+02,-2.531143938674258322e+02,1.246055503748821366e+03,3.381473060921404112e+02,2.198570181578496658e+02,1.126898673685550875e+03,2.210843550517537039e+02,-7.798750195594354295e+01,1.367291699768748686e+03,3.438089435867153725e+02,8.231275228435244173e+01,1.327498353933961653e+03,-1.279403939179180227e+01,3.052219591594463566e+01,7.553097528459711612e+02,1.749816305546100352e+02,2.884462812599996937e+02,8.459331156813595953e+02,1.772335894626730806e+02,-7.412683661602341090e+01,4.196336120294969305e+02,5.408552818874910599e+02,8.450684690563382162e+01,9.411661779801338525e+02,1.056739936295842730e+00,-3.269078249046967422e+00,-4.828538428193366094e+00,4.339560197333443625e+02,5.375962834794955114e+01,5.295720970769849600e+02,2.551453338076179591e+02,-3.421710023705124115e+01,-3.498094499343864072e+01,6.423231685649442397e+02,-1.014324371621695917e+02,4.849288842466653477e+02
1.131431607184857313e+02,5.659100892912059066e+01,1.652045741405329636e+03,1.015760701620115114e+01,-8.254760190419310106e+01,1.378291319948792989e+03,1.835820306192493092e+02,2.216140162042793520e+02,1.355977971759023376e+03,1.219457500513506858e+02,-2.495348642844737412e+02,1.243435810774840093e+03,3.401528948159270271e+02,2.216003914823310197e+02,1.126644846725569778e+03,2.221265775924007357e+02,-7.540580258146542292e+01,1.364886454175178642e+03,3.452199774173038236e+02,8.460010400569861133e+01,1.326661605233131922e+03,-1.319469122234961311e+01,3.595552335337374217e+01,7.552098974919142620e+02,1.771644365728328125e+02,2.911629308901854642e+02,8.454492871840310499e+02,1.775812422152090733e+02,-7.347577597059020604e+01,4.194625717822962656e+02,5.400153437274648240e+02,8.247490859902029570e+01,9.431552082363236877e+02,6.127816064282645137e-01,-4.394986371791810065e+00,-5.425768254519446110e+00,4.292343748328801212e+02,5.554544768315869163e+01,5.335643920501102002e+02,2.549177651582429291e+02,-3.554461038980666387e+01,-3.521954557007310171e+01,6.331531129686009081e+02,-1.033719343208762638e+02,4.866628025676867537e+02
1.143488511226756401e+02,6.015629323489103086e+01,1.650152399887479532e+03,1.040197194206441544e+01,-7.900959766431590481e+01,1.376978069254410912e+03,1.859101768515443212e+02,2.232398844586333269e+02,1.355861134557573223e+03,1.191462760986784559e+02,-2.458202149442465441e+02,1.240244622790663016e+03,3.427458733978825194e+02,2.231505592496555153e+02,1.126196602327344863e+03,2.239221421530226621e+02,-7.326766446962601265e+01,1.361685197436644557e+03,3.470291987903510176e+02,8.593735542078400158e+01,1.324881280702798904e+03,-1.369674194190596950e+01,4.237035814508412557e+01,7.551707086793148846e+02,1.793026985460415403e+02,2.945889127946116446e+02,8.449018142064517178e+02,1.778735107347653184e+02,-7.276011642389197220e+01,4.195375529808691795e+02,5.387901978915828067e+02,8.085161018312255976e+01,9.448587264489315203e+02,3.751481715969375852e-01,-5.741143373830587926e+00,-6.077623136743977028e+00,4.241840865234433409e+02,5.731610081830643821e+01,5.370107445382177502e+02,2.548674991517166291e+02,-3.712472440562869735e+01,-3.549791855616312830e+01,6.232713582087195618e+02,-1.058868200056664080e+02,4.875758807009508473e+02
1.155085303987082597e+02,6.253039671415717038e+01,1.648352121508891969e+03,1.087665536957984003e+01,-7.611134173399608471e+01,1.375330228410701920e+03,1.886185300249425154e+02,2.244204020867106237e+02,1.355644146706818447e+03,1.163404739567499320e+02,-2.420825375251661455e+02,1.236402951095681829e+03,3.457924664533654777e+02,2.247863880760727398e+02,1.125425217738239326e+03,2.262637650606003490e+02,-7.170069307383548107e+01,1.358028905554695939e+03,3.494636797267812653e+02,8.625422631755463954e+01,1.321941144664596322e+03,-1.419655201763474395e+01,4.920435832264465859e+01,7.551357746274010196e+02,1.813775429223191225e+02,2.987628769787734200e+02,8.444309649136474718e+02,1.781474891779585050e+02,-7.182672178758376447e+01,4.198329520192464770e+02,5.373673767390395142e+02,7.978964402060003636e+01,9.461659021478789100e+02,3.280009556146137317e-01,-7.028538745241768915e+00,-6.685733989086428686e+00,4.191152829888009705e+02,5.871772954008722678e+01,5.396910755657086156e+02,2.550015873861997306e+02,-3.851692415497740996e+01,-3.565841589097888686e+01,6.130854959665044817e+02,-1.090839295167006640e+02,4.877799252254436624e+02
1.166721776046468904e+02,6.367856601533870986e+01,1.646625840090369820e+03,1.164980108397277903e+01,-7.383976004857989039e+01,1.373596023859267007e+03,1.916012333026779970e+02,2.253067078836576798e+02,1.355143044536702973e+03,1.136833817142229321e+02,-2.382400803775394991e+02,1.231900609454215783e+03,3.489832243708135024e+02,2.268560793346546802e+02,1.124139715629433795e+03,2.287981163803513311e+02,-7.046938784923000298e+01,1.354217305903281613e+03,3.524940865096273228e+02,8.590316833776628869e+01,1.317875629229585002e+03,-1.463570592079862820e+01,5.577600589749071958e+01,7.550017318340406973e+02,1.833697432845113156e+02,3.034371317016013450e+02,8.440263088204387714e+02,1.784760723352416960e+02,-7.058211896456349166e+01,4.202381553962134149e+02,5.359258147488560553e+02,7.932804147184056376e+01,9.470330513789534734e+02,4.559129574189194067e-01,-7.999143839052261562e+00,-7.151655712752871707e+00,4.140787508069818728e+02,5.970846373022951781e+01,5.415760556899734866e+02,2.552805946899429443e+02,-3.941643390089654986e+01,-3.559146509618025078e+01,6.027935206608725593e+02,-1.125733707306762170e+02,4.875272527899826969e+02
1.179433746964857050e+02,6.419148687006752141e+01,1.644842688226359996e+03,1.270451820540974097e+01,-7.183953501609373404e+01,1.371970476474494944e+03,1.946963607864603034e+02,2.262049918230542858e+02,1.354151517647933588e+03,1.112975995123737505e+02,-2.340223583744627831e+02,1.226763698227129680e+03,3.519558538290903584e+02,2.296294876457954786e+02,1.122149899724855914e+03,2.311579513909813954e+02,-6.909033138632047155e+01,1.350339994166975885e+03,3.558650038548794896e+02,8.550263025009945750e+01,1.312967530146655463e+03,-1.504187044999178191e+01,6.164310693870304902e+01,7.546434511722582101e+02,1.852492859292939613e+02,3.082327604829662278e+02,8.435024840195591196e+02,1.789536279270758712e+02,-6.901583788418439269e+01,4.206105667029012807e+02,5.345477457472898095e+02,7.934609703751077348e+01,9.474494885022503468e+02,7.568756566533836327e-01,-8.493244278242416456e+00,-7.401916270210167959e+00,4.088384152006416912e+02,6.071655649155442092e+01,5.428183731415668944e+02,2.556741327536032315e+02,-3.977435586151600688e+01,-3.528129432503262564e+01,5.923285284198918816e+02,-1.155890035832417482e+02,4.870171382557855964e+02
1.194067867205875757e+02,6.498814374029551288e+01,1.642869817898003930e+03,1.394299698691977163e+01,-6.957761816835260049e+01,1.370546651398630502e+03,1.977453048505352911e+02,2.274719483364631287e+02,1.352555561006599191e+03,1.091883824167638721e+02,-2.291271893081937776e+02,1.221031183471900022e+03,3.544365022417016462e+02,2.331887685133785908e+02,1.119376434755886521e+03,2.331174319453743919e+02,-6.706976829610383106e+01,1.346252920273910604e+03,3.592556071329575502e+02,8.565789134066726263e+01,1.307636811312238478e+03,-1.551813632783507302e+01,6.682244551833436219e+01,7.539793055165160922e+02,1.869704946374246788e+02,3.128319245108539803e+02,8.426028368748818593e+02,1.796563091762298541e+02,-6.717672092310041876e+01,4.208491523256029723e+02,5.331726848351027002e+02,7.951591744474202983e+01,9.473544876466827418e+02,1.218903445874704561e+00,-8.480504632805612175e+00,-7.397037746836198302e+00,4.029913408370880461e+02,6.241103999256080215e+01,5.436170054648878249e+02,2.562077087264447641e+02,-3.977614550978098151e+01,-3.478957582327592490e+01,5.814417813643361796e+02,-1.174044351578704237e+02,4.862207702890191285e+02
1.210799291160508915e+02,6.685177632748464305e+01,1.640671782398903133e+03,1.524522539747397865e+01,-6.658804851356227061e+01,1.369318113109881324e+03,2.006607569698049929e+02,2.293741645495596231e+02,1.350414851724904793e+03,1.072181029390805520e+02,-2.234369399857135932e+02,1.214751722639354284e+03,3.563341413871619352e+02,2.373986222645235671e+02,1.115936228368384491e+03,2.346914236185573941e+02,-6.414272467625580987e+01,1.341671551856342376e+03,3.624621900956915397e+02,8.668535688915308413e+01,1.302243705600275916e+03,-1.618431307304668820e+01,7.173608110915108682e+01,7.530369457640991868e+02,1.884859241799251777e+02,3.170995934491850221e+02,8.411680461857108639e+02,1.806015785934564235e+02,-6.513075307306021955e+01,4.209459050608870143e+02,5.316319856630153708e+02,7.935316724121597076e+01,9.465830542744457716e+02,1.784897397167912514e+00,-8.052642398696759685e+00,-7.132111733466494741e+00,3.961787806568904102e+02,6.522325394399969412e+01,5.440622268370517531e+02,2.569610540762275264e+02,-3.971034585138430373e+01,-3.419170636278690978e+01,5.698705944808060622e+02,-1.178209029721148369e+02,4.848622221954308884e+02
1.229285532754970376e+02,7.005516286775198864e+01,1.638334356576164282e+03,1.654722358653551240e+01,-6.267937923259739819e+01,1.368209077788023023e+03,2.034728347009573213e+02,2.319823646232407270e+02,1.347948006629296742e+03,1.051467689520119535e+02,-2.171462482145477395e+02,1.207995415013399224e+03,3.577595726557840408e+02,2.419613345021837745e+02,1.112130256533716420e+03,2.361229929669484022e+02,-6.040926846099913661e+01,1.336300696772246738e+03,3.654973084002540418e+02,8.846611107250760142e+01,1.296889219695064867e+03,-1.711221523552450208e+01,7.692885290926629693e+01,7.519649374146507625e+02,1.897699342325180680e+02,3.210911683865030000e+02,8.392518201277615617e+02,1.817301439131236123e+02,-6.293488096019571998e+01,4.209828447025653873e+02,5.297513459760282331e+02,7.840221385276547039e+01,9.448896673998159486e+02,2.337408174778609737e+00,-7.388824171297355470e+00,-6.636447012755970931e+00,3.882746472336880856e+02,6.895653404564335176e+01,5.440648591747903993e+02,2.580129351869178436e+02,-3.980728779734042888e+01,-3.351230874351490030e+01,5.574927100111543723e+02,-1.173972675568532651e+02,4.825714144097973985e+02
1.249252373746073630e+02,7.427598053809593637e+01,1.636005054191605950e+03,1.788338449468805891e+01,-5.800587620510243170e+01,1.367110525141790276e+03,2.063259786083752942e+02,2.351560742348759732e+02,1.345421093751447415e+03,1.027112243180444864e+02,-2.106966138614027670e+02,1.200862291892842222e+03,3.589777769819203854e+02,2.465346182066730023e+02,1.108317766334237149e+03,2.377569098257003759e+02,-5.630369601442168914e+01,1.329931256305553461e+03,3.685656179611248149e+02,9.050417473124730350e+01,1.291325737635929045e+03,-1.830201758216209740e+01,8.275221175273908614e+01,7.509619216931153005e+02,1.908286975382341097e+02,3.249852062405005881e+02,8.370925183160936740e+02,1.829220504413239894e+02,-6.063139095060297024e+01,4.210754097142608998e+02,5.274587996043471776e+02,7.648377981122548874e+01,9.420371133264826540e+02,2.721402869835672256e+00,-6.696911306182893320e+00,-5.972175602285567209e+00,3.794554473303767850e+02,7.279293731815891988e+01,5.433911099115563275e+02,2.593650858253702722e+02,-4.012766260602341362e+01,-3.270683737083832199e+01,5.443940924320963859e+02,-1.172089155052811975e+02,4.790914471268766874e+02
1.270894918017961572e+02,7.882874954582428018e+01,1.633795575019352555e+03,1.935841830905777883e+01,-5.296858298045380309e+01,1.365908867321367097e+03,2.094179201439069118e+02,2.386236153641393685e+02,1.343004949347344791e+03,9.970504968204301122e+01,-2.045384252573991830e+02,1.193472718372940562e+03,3.603181852011284718e+02,2.508706736371788679e+02,1.104746220699286141e+03,2.398621566786842720e+02,-5.239733961265716289e+01,1.322475274439209215e+03,3.719506431754720097e+02,9.217171351002656365e+01,1.285053970667214116e+03,-1.970995403367781407e+01,8.921779113145298368e+01,7.501517833935683939e+02,1.916835536518741208e+02,3.290122287011889739e+02,8.349493996272786944e+02,1.840422017707338682e+02,-5.824030598559559735e+01,4.212971463572944231e+02,5.248272522308743646e+02,7.386590893149934800e+01,9.378918690631408026e+02,2.800776728157948980e+00,-6.138087157332180688e+00,-5.226125937642970065e+00,3.701392671754839512e+02,7.574716380950006567e+01,5.417485074972158827e+02,2.608967416877680989e+02,-4.054562401844602704e+01,-3.170084972347054730e+01,5.308471687959822702e+02,-1.182254044996205380e+02,4.743925696996587931e+02
1.294650042954627907e+02,8.305826407578162218e+01,1.631707704163932476e+03,2.106611705755358699e+01,-4.799966341056581598e+01,1.364502238921541448e+03,2.129016932336023729e+02,2.421078874259779070e+02,1.340690110990229414e+03,9.603087798746574322e+01,-1.988655772497278633e+02,1.185942023720000407e+03,3.620686764120343923e+02,2.549209351336296834e+02,1.101453977953488675e+03,2.425008246186524445e+02,-4.912362247290704431e+01,1.313943381425131520e+03,3.758816808252014425e+02,9.302030331532868956e+01,1.277581731176314406e+03,-2.129452340546346178e+01,9.608697795449343459e+01,7.494798805509090016e+02,1.923388531882650341e+02,3.334149994119255780e+02,8.329152316807600300e+02,1.849948831732159249e+02,-5.573558777726062630e+01,4.216311480999758032e+02,5.220245871424300503e+02,7.124106643028770236e+01,9.324642404991211606e+02,2.524884224279012379e+00,-5.762213717225837861e+00,-4.492271245433947513e+00,3.608646418889483130e+02,7.729208023938474525e+01,5.388552276343003768e+02,2.623895037038286091e+02,-4.082435446235113830e+01,-3.045417001558710979e+01,5.172533007344061389e+02,-1.206894977518920342e+02,4.686312810383382725e+02
1.320510619242338635e+02,8.666618315620058866e+01,1.629618482447144061e+03,2.301595572136494994e+01,-4.334761941611667169e+01,1.362805629453881693e+03,2.167992625669943436e+02,2.454288617575879812e+02,1.338307482055780838e+03,9.171187925691801013e+01,-1.934947320870831504e+02,1.178354892730000756e+03,3.643819663784496470e+02,2.588546140343510729e+02,1.098318980724470066e+03,2.455092724063784146e+02,-4.657621120686910388e+01,1.304379038693990424e+03,3.804375233663369045e+02,9.298998356173997593e+01,1.268706567715797974e+03,-2.304027454307541589e+01,1.030926875031265553e+02,7.487023661949940561e+02,1.927604393509070917e+02,3.384207250472767896e+02,8.308407280098044794e+02,1.857604509590237569e+02,-5.302423304087123057e+01,4.219737378285737464e+02,5.192089525537508052e+02,6.948878001419153350e+01,9.258653721109715207e+02,1.972090738261305098e+00,-5.493704849576483085e+00,-3.851134003533823957e+00,3.521904921820968752e+02,7.772322677031826288e+01,5.344653765657749318e+02,2.636229143652878406e+02,-4.074409158395226171e+01,-2.900086289436524822e+01,5.040981220464481112e+02,-1.239335452184309503e+02,4.620084279871580861e+02
1.347543035548363548e+02,8.981157867482545498e+01,1.627317773313661746e+03,2.512597662182804470e+01,-3.897871855330368618e+01,1.360749911316225280e+03,2.209801824001082480e+02,2.485410389729861436e+02,1.335628026015149089e+03,8.686129133694512916e+01,-1.879649620677681696e+02,1.170752341648408901e+03,3.672284439641286440e+02,2.629723913384325442e+02,1.095214307375225644e+03,2.485813167170708766e+02,-4.450597799616122785e+01,1.293769667008972419e+03,3.855122146583693734e+02,9.240261609563731326e+01,1.258641147027294437e+03,-2.494742302717659754e+01,1.101143476744911709e+02,7.474857951805618086e+02,1.928839365917434634e+02,3.441885305072345318e+02,8.284268817009426584e+02,1.863962978608253422e+02,-4.996609585618094229e+01,4.221821571102337316e+02,5.164423621898732790e+02,6.931684389047633488e+01,9.182032080416373674e+02,1.342311055693772293e+00,-5.188669607916106763e+00,-3.357251764552906970e+00,3.446332045408274780e+02,7.797717166367456798e+01,5.283704544259279601e+02,2.644942379862764597e+02,-4.022336069492507704e+01,-2.743912873848809397e+01,4.919126689245227908e+02,-1.268080601687228182e+02,4.546330429153134105e+02
1.374174533998763081e+02,9.296994620323266645e+01,1.624568021516240378e+03,2.728867718264493547e+01,-3.464066034262550886e+01,1.358282386218387728e+03,2.252268796996765445e+02,2.515087092656949608e+02,1.332467358914329225e+03,8.162095073926404609e+01,-1.817891588928103204e+02,1.163131066169265750e+03,3.704208731175536400e+02,2.675491981961845340e+02,1.092143936318178248e+03,2.513870950634701273e+02,-4.252535658356772075e+01,1.281972284372946206e+03,3.908465188753651773e+02,9.175469465190076335e+01,1.247880562032798935e+03,-2.700864400806747057e+01,1.171873701324276169e+02,7.455656530768703760e+02,1.926492514265912916e+02,3.507274554470743055e+02,8.254191807061066584e+02,1.870041586671731011e+02,-4.645070836594143771e+01,4.221362352644160865e+02,5.136765999729068426e+02,7.094390405776897524e+01,9.094788693309396876e+02,8.909555637615154122e-01,-4.737239898352614276e+00,-3.038443155485039959e+00,3.385962929818150542e+02,7.898653645158138659e+01,5.204120166035837656e+02,2.650908505280433474e+02,-3.937729303450055340e+01,-2.588374284989326313e+01,4.811971402765319681e+02,-1.284831842056389632e+02,4.464677242585364638e+02
1.399193823618401495e+02,9.665380467034184164e+01,1.621165031967221239e+03,2.945646502059947736e+01,-3.004321427545717427e+01,1.355375706007806684e+03,2.293530893045018786e+02,2.544459870281202427e+02,1.328736603910807389e+03,7.609213678908558620e+01,-1.747034789763042397e+02,1.155445366970001032e+03,3.737034350242087157e+02,2.726826704186121901e+02,1.089246851165045882e+03,2.536631514282516662e+02,-4.039034119565405945e+01,1.268703676004709450e+03,3.961174798987264580e+02,9.144193695294372048e+01,1.236875486041229578e+03,-2.920175002198553571e+01,1.243649071685440362e+02,7.428768363521048741e+02,1.920368058888508926e+02,3.578270137728241025e+02,8.217674674918678193e+02,1.876826278728949262e+02,-4.249736712001106298e+01,4.217856739292710699e+02,5.108092210510989730e+02,7.397827983562054044e+01,8.995496676325838052e+02,8.273258855128644562e-01,-4.144460739262091131e+00,-2.897366800424929778e+00,3.342675660882908915e+02,8.098640535467343682e+01,5.105156536542683625e+02,2.656622448777686714e+02,-3.848230395062879694e+01,-2.441472726514734859e+01,4.722984609967807614e+02,-1.291082280611589965e+02,4.373629931981640198e+02
1.422784632644598730e+02,1.011400813947553985e+02,1.616996235149176755e+03,3.167595189156491742e+01,-2.505006659320883600e+01,1.352043759107721826e+03,2.333031366169268495e+02,2.574476209376562679e+02,1.324435261215581249e+03,7.028616182275177948e+01,-1.667845582673405715e+02,1.147605187246567311e+03,3.768593830965219809e+02,2.782305031255693848e+02,1.086661938857014775e+03,2.552478510360488997e+02,-3.817130176728603885e+01,1.253622555540674966e+03,4.010614952407210581e+02,9.158128878262181161e+01,1.225708174420369460e+03,-3.150748209273076128e+01,1.315616117817131681e+02,7.395869744038817544e+02,1.910781848230501225e+02,3.650628106877220489e+02,8.176467170135166498e+02,1.884862409532430831e+02,-3.830693239851073884e+01,4.211699294933623605e+02,5.077583941731159598e+02,7.756449866350723710e+01,8.881893305681550146e+02,1.225608437204252166e+00,-3.526483247421134948e+00,-2.902963471545185303e+00,3.315383822864210970e+02,8.324134079366407946e+01,4.987213392842193684e+02,2.664971275912939745e+02,-3.785710445377639388e+01,-2.304887408594090203e+01,4.653031994656066672e+02,-1.298831924697602460e+02,4.271426985452210943e+02
1.446815471887178148e+02,1.063236595427371185e+02,1.612089308682175215e+03,3.404226654296387267e+01,-1.977491175832307135e+01,1.348350555300395399e+03,2.371704557364473374e+02,2.605325401724206245e+02,1.319621009907103826e+03,6.411337280540581673e+01,-1.584006311785246908e+02,1.139479480279036807e+03,3.797838269406406084e+02,2.838809733792962220e+02,1.084355031035856200e+03,2.560703573122436865e+02,-3.619925930935622915e+01,1.236477304239837622e+03,4.055839022444529860e+02,9.202963704128626432e+01,1.213971439151785034e+03,-3.393559716270966931e+01,1.385203009049571392e+02,7.360187570131022312e+02,1.898318527292688884e+02,3.719146338003050118e+02,8.133363643585353202e+02,1.894034294407862262e+02,-3.420781370317261150e+01,4.204101096545934411e+02,5.044986841855201192e+02,8.074486305858707169e+01,8.752198559790557510e+02,1.996226063041342869e+00,-3.014290806965220781e+00,-2.974143216951749658e+00,3.300420102338396759e+02,8.439119856346773929e+01,4.851765374559323618e+02,2.677737556849700127e+02,-3.771233513741845655e+01,-2.173983109205427411e+01,4.600318226039874503e+02,-1.324716830463206918e+02,4.157020414984321519e+02
1.474110597170272854e+02,1.117532814317816303e+02,1.606623500659258298e+03,3.661126277751516511e+01,-1.453028133695961976e+01,1.344394726863134110e+03,2.411286687351801277e+02,2.636252491862815646e+02,1.314387045860162516e+03,5.741394394845308824e+01,-1.500515083585200387e+02,1.130927987194606203e+03,3.825014046793044145e+02,2.893283098013722565e+02,1.082041856563615511e+03,2.561149984340074184e+02,-3.483651943860817823e+01,1.217246136659767217e+03,4.098028055270939944e+02,9.257184775390896903e+01,1.200922251623345346e+03,-3.653148809846715039e+01,1.449471071248617591e+02,7.325041065188237326e+02,1.883397524568152335e+02,3.779737358111966614e+02,8.090494379499933757e+02,1.903566726644108940e+02,-3.050655218699770188e+01,4.196756546084789647e+02,5.010353754750694861e+02,8.287600189140239593e+01,8.606448277260884652e+02,2.933135326120294817e+00,-2.629678167682014678e+00,-2.977137940487242673e+00,3.293481256784846778e+02,8.319947445594351620e+01,4.700833373899601497e+02,2.694719917684226402e+02,-3.804580616407785953e+01,-2.039754884636182197e+01,4.561634217864727248e+02,-1.381109104595798271e+02,4.030981865381185116e+02
1.507112839406390492e+02,1.168299929327036750e+02,1.600873448264002946e+03,3.934272840070958921e+01,-9.660307675611321088e+00,1.340267585990427051e+03,2.453263443820724206e+02,2.665954502744612000e+02,1.308847911309475876e+03,5.001964950406993182e+01,-1.421777675953383095e+02,1.121874326773430539e+03,3.851502696432139032e+02,2.944563462114168146e+02,1.079275976648126743e+03,2.553827309772040906e+02,-3.424302891515397818e+01,1.196189121407079483e+03,4.140041066714987892e+02,9.313925989251677606e+01,1.185811061320981480e+03,-3.934829889538709580e+01,1.507296821031156071e+02,7.292420707525540138e+02,1.865938819130608408e+02,3.831531531755076116e+02,8.048246601559768578e+02,1.912251044155223383e+02,-2.732752791675434878e+01,4.191298690398332951e+02,4.973415248977128726e+02,8.390748739792839217e+01,8.447051908263746327e+02,3.807859459140193525e+00,-2.229565553497114827e+00,-2.759236471253587286e+00,3.292289022783525638e+02,7.921807982337055876e+01,4.536249546282343772e+02,2.713952744568643425e+02,-3.864617382394327194e+01,-1.891702163066991105e+01,4.534287445388926017e+02,-1.469620690604524498e+02,3.896154685846918255e+02
1.546719354005893763e+02,1.210791483729754106e+02,1.595090849139482998e+03,4.212200452974015974e+01,-5.354071277673194906e+00,1.336006713607450592e+03,2.498144757372586184e+02,2.693479101236285942e+02,1.303115912730290120e+03,4.182511093952435743e+01,-1.349950713071397672e+02,1.112392778937509092e+03,3.879620380351623794e+02,2.994187677671127403e+02,1.075655339518777055e+03,2.538644298111456408e+02,-3.429678441958609625e+01,1.173766366875378708e+03,4.185329501743091782e+02,9.390119615439149925e+01,1.168188797312399856e+03,-4.239736608370939308e+01,1.560838159696833713e+02,7.262254172906324357e+02,1.845348548089872054e+02,3.877905967534403544e+02,8.005401717621820126e+02,1.918876581151072003e+02,-2.454628424177617774e+01,4.188664551782091507e+02,4.933066935989091348e+02,8.439381563515205187e+01,8.278108657714523133e+02,4.455428947570761800e+00,-1.572305190492222282e+00,-2.217998051719668240e+00,3.298377896097235862e+02,7.294738748728329369e+01,4.359123623452234710e+02,2.732790898624961073e+02,-3.921013408248720111e+01,-1.721305386687536298e+01,4.517621605356957275e+02,-1.580763634899906265e+02,3.757717891883311268e+02
1.591929667752949342e+02,1.243689670103286602e+02,1.589379042306675501e+03,4.484326397799028996e+01,-1.546945593400621322e+00,1.331576118807472767e+03,2.545437635242152226e+02,2.719134662514505862e+02,1.297258794929405440e+03,3.284179861816897272e+01,-1.283887433025427356e+02,1.102741213057182222e+03,3.912372271148874461e+02,3.045617476811579536e+02,1.071016039482078213e+03,2.515276294977903433e+02,-3.469859502427225806e+01,1.150439453139442548e+03,4.236751206036072972e+02,9.517005168701457762e+01,1.148027526676567732e+03,-4.561248003299554910e+01,1.615155215148890591e+02,7.232652303661782298e+02,1.820840393566677164e+02,3.925703881253218128e+02,7.960222909599034438e+02,1.922769058637419448e+02,-2.186730460429030742e+01,4.188620322104042657e+02,4.887366764833540742e+02,8.524227156728368016e+01,8.103622467751724798e+02,4.809191744753998243e+00,-4.705207337592904882e-01,-1.372700276224257943e+00,3.316896768134844820e+02,6.542224420113299743e+01,4.169785193436015902e+02,2.749126981538777841e+02,-3.950724928706854655e+01,-1.525969900551804237e+01,4.513403988553331487e+02,-1.699564893946812845e+02,3.622342210828017528e+02
1.640446933909725828e+02,1.269668949378268508e+02,1.583634252007354689e+03,4.748894862227589186e+01,2.034631745145187409e+00,1.326886273996415866e+03,2.594156241106433640e+02,2.744735035074269831e+02,1.291253595060470843e+03,2.321276697257859212e+01,-1.219080153573149801e+02,1.093283155650757863e+03,3.952851648532391096e+02,3.102301467095620637e+02,1.065488358007408124e+03,2.483042312104723521e+02,-3.515713771918921537e+01,1.126444328517128497e+03,4.295694546604759125e+02,9.720768038113138232e+01,1.125626858121729811e+03,-4.886136342453051640e+01,1.676035366489318506e+02,7.200939868695329551e+02,1.791909828385589378e+02,3.982751259254082470e+02,7.911647944059963038e+02,1.924231485921101807e+02,-1.900528890646768687e+01,4.189736209931232338e+02,4.834092190204363533e+02,8.733155980107190430e+01,7.925398312450719231e+02,4.881128191967442298e+00,1.073249857895899995e+00,-3.895980648618669884e-01,3.354693050615492780e+02,5.754381384424032575e+01,3.968173106204253031e+02,2.762054595488273208e+02,-3.949241240364960248e+01,-1.312360204828925525e+01,4.525255532390980875e+02,-1.813360111740893501e+02,3.496553740077204679e+02
1.689847971092606258e+02,1.294042214978821335e+02,1.577593989896908170e+03,5.014531753782141976e+01,5.715663057140170977e+00,1.321837535233905783e+03,2.643390205132163260e+02,2.772821388860566572e+02,1.284968126009433036e+03,1.318240209621535008e+01,-1.148954782258938110e+02,1.084316989186965202e+03,4.003088565980989415e+02,3.165669625703687302e+02,1.059383368463233637e+03,2.440650634171961713e+02,-3.550837794948312620e+01,1.101671068744597505e+03,4.361618195938662552e+02,1.000983371270989153e+02,1.101416941092829802e+03,-5.200753798408140227e+01,1.747173804046614976e+02,7.164887333275883066e+02,1.758690056915777120e+02,4.054651476172559228e+02,7.859777080780944516e+02,1.924664545724080540e+02,-1.585981860293757784e+01,4.189935825669730889e+02,4.771560117239142755e+02,9.119986537954518724e+01,7.741779389480275313e+02,4.721307862444014347e+00,2.846448300764444550e+00,4.696977606258330717e-01,3.418058128675487524e+02,4.963621470407687042e+01,3.754424334518479327e+02,2.771762906753859852e+02,-3.929655450862728827e+01,-1.096837137094343717e+01,4.557888998177130588e+02,-1.916952134050251573e+02,3.385017663460611743e+02
1.738683805797446951e+02,1.322243079339691008e+02,1.570968752476956979e+03,5.294579188258159519e+01,9.702183205570152680e+00,1.316354764312297220e+03,2.692555861340164824e+02,2.805206073027200091e+02,1.278194078403523690e+03,3.036030038360837846e+00,-1.067375203309552347e+02,1.075915602792688560e+03,4.062716970573704884e+02,3.234145986160849020e+02,1.052990543872601393e+03,2.385849520845945904e+02,-3.569296920160891773e+01,1.075760867144744680e+03,4.432024194824155074e+02,1.037930022185008028e+02,1.075815391674727152e+03,-5.498692006693877232e+01,1.828226434906331974e+02,7.123490533400996583e+02,1.721979727672894853e+02,4.142285311187951038e+02,7.805413438005655280e+02,1.926272387748419703e+02,-1.257254474714385317e+01,4.187423544380314979e+02,4.699310460877189826e+02,9.695539128057744449e+01,7.548206030037769096e+02,4.395603536302308711e+00,4.542852322752049865e+00,9.627088693466677727e-01,3.511394985058171301e+02,4.153349013005173163e+01,3.529440770055192047e+02,2.778934572452747602e+02,-3.910337539740418578e+01,-9.010756607783227068e+00,4.616634621339142655e+02,-2.012247610092283594e+02,3.289607717334770882e+02
1.786985713096179893e+02,1.357563565522586089e+02,1.563581447653480836e+03,5.598674639499960648e+01,1.400510849523636026e+01,1.310391327498195778e+03,2.741314613692845796e+02,2.841758424009487385e+02,1.270725873020649260e+03,-6.964583907718738587e+00,-9.713907414705180088e+01,1.067893796008016807e+03,4.128360360764845609e+02,3.303640970462599284e+02,1.046420263975569469e+03,2.315250334311675999e+02,-3.563471058440536154e+01,1.048408681878304151e+03,4.503052937238812774e+02,1.082808456370841270e+02,1.049223076297592797e+03,-5.784609220113226513e+01,1.914778442038024195e+02,7.076943692066726044e+02,1.682914326972441472e+02,4.241230427994998422e+02,7.749086398495693402e+02,1.931457452453543908e+02,-9.426635919817032416e+00,4.181528123010077138e+02,4.618440613708003184e+02,1.044254955134569656e+02,7.339727315496694473e+02,3.992840710612751032e+00,5.941149811840457318e+00,9.847434556957633811e-01,3.636962156674221660e+02,3.311723926385527506e+01,3.295348058775001618e+02,2.784097332480307614e+02,-3.899337123903359981e+01,-7.436420776589753423e+00,4.706938160032935343e+02,-2.103072289171490183e+02,3.209576569486393396e+02
1.835997270737977942e+02,1.400358424475871288e+02,1.555435257643874365e+03,5.927359246235987911e+01,1.850142785597547501e+01,1.303906601391772028e+03,2.789407390116294891e+02,2.880297087895827985e+02,1.262447520857547261e+03,-1.662924657283974028e+01,-8.627560260356030142e+01,1.059936164556594804e+03,4.194515444146929894e+02,3.369190549859386579e+02,1.039587951796841253e+03,2.224634712105577137e+02,-3.514193593479732414e+01,1.019700243460633033e+03,4.570885963680615873e+02,1.137320851258923824e+02,1.022110229219223925e+03,-6.070957218951337353e+01,2.000285501062810738e+02,7.025948272694869274e+02,1.642461807989325280e+02,4.343487789558511167e+02,7.690313718890344035e+02,1.942140026018436174e+02,-6.647219562376220026e+00,4.173005775654718263e+02,4.531618690452486931e+02,1.134132530668815519e+02,7.114396919770640579e+02,3.639268349237413602e+00,7.027657263343263239e+00,6.213418001584309902e-01,3.794906315735385647e+02,2.489162599789182906e+01,3.055760144409519512e+02,2.787251543576522295e+02,-3.885817865463773302e+01,-6.316065930223188296e+00,4.833164129893197583e+02,-2.188889551868874150e+02,3.142386810089133746e+02
1.887324925800259052e+02,1.448935879118755281e+02,1.546677326801815070e+03,6.272541794712477525e+01,2.307895209522095570e+01,1.296840885954785790e+03,2.836623072785084219e+02,2.917729341671663406e+02,1.253380570370687565e+03,-2.586449225975518473e+01,-7.471905016587000148e+01,1.051798460516640944e+03,4.255819044148447574e+02,3.426889386039441661e+02,1.032337907268065692e+03,2.109833465915608315e+02,-3.393670717506619638e+01,9.902471518935276436e+02,4.633626220421088533e+02,1.204753184952324432e+02,9.950562031675653998e+02,-6.368936863402893778e+01,2.079022908417803706e+02,6.970902492380137119e+02,1.601034734565274391e+02,4.440785099597302974e+02,7.627658098205591841e+02,1.959246084428166910e+02,-4.226536715997220917e+00,4.163645104718335119e+02,4.442835492811388463e+02,1.238718899058721519e+02,6.875697605311531788e+02,3.489998508020844881e+00,7.985176240850299756e+00,9.959193743139665989e-02,3.982845896191104202e+02,1.814027762037691005e+01,2.815647071511154422e+02,2.787873086309175505e+02,-3.844380129264202139e+01,-5.572313330537056686e+00,4.996579529282134331e+02,-2.261687160608910574e+02,3.084555691866767120e+02
1.941960974530833539e+02,1.501265162566252513e+02,1.537489472510176483e+03,6.622500117792803564e+01,2.775073964843132401e+01,1.289110064010059659e+03,2.882892614334285213e+02,2.951712484508139482e+02,1.243667221141253094e+03,-3.467750497477048555e+01,-6.316656186726087441e+01,1.043441129906844708e+03,4.309557254998441636e+02,3.475228978448048451e+02,1.024609532408868063e+03,1.967927651940468934e+02,-3.181830584401347295e+01,9.610010349816392363e+02,4.692651971280496355e+02,1.288051567494702567e+02,9.686403948170411695e+02,-6.678946718066362109e+01,2.148510668230752856e+02,6.911556113350917485e+02,1.558443667866721967e+02,4.527888865307169795e+02,7.559566093071503019e+02,1.982518792733003181e+02,-1.886867654646430692e+00,4.155406805099066219e+02,4.356823553817330890e+02,1.358831007126472912e+02,6.632440088504417872e+02,3.687773777983444745e+00,9.063096198801138925e+00,-3.341966250134446592e-01,4.195085831388190627e+02,1.450428334672014330e+01,2.580624141347352634e+02,2.785226271124458322e+02,-3.750050472072646102e+01,-5.021032224173104908e+00,5.193342010958399442e+02,-2.307977838875257817e+02,3.032290882857191718e+02
1.999691451225768333e+02,1.556230697866012349e+02,1.527975512923735323e+03,6.967969742480630657e+01,3.265153284253433696e+01,1.280624243709385610e+03,2.928343792224608251e+02,2.981794823875661109e+02,1.233498941863565278e+03,-4.315653283910923221e+01,-5.213168267922377908e+01,1.035010674310697596e+03,4.356981891920915473e+02,3.515349061892036957e+02,1.016517698316932524e+03,1.798290511010825981e+02,-2.885439715858514376e+01,9.328572687628644644e+02,4.752401407251996375e+02,1.387558868023292291e+02,9.432155523331603035e+02,-6.986401519516921610e+01,2.210125307200058558e+02,6.847339526422304061e+02,1.514191594363939828e+02,4.604343295220444929e+02,7.485409627615415502e+02,2.010670251365944807e+02,7.868807890877476119e-01,4.149550604075931801e+02,4.278087933255929443e+02,1.494817885555534360e+02,6.395926058523832580e+02,4.307119981187541136e+00,1.042058289889553002e+01,-5.365784214798435814e-01,4.422268307051941747e+02,1.524577430123802912e+01,2.355739748944381233e+02,2.778828480980477593e+02,-3.595333999937066238e+01,-4.464580860077097313e+00,5.413820719195960010e+02,-2.314310783603898756e+02,2.982055351889667918e+02
2.059193402577468532e+02,1.613717395437039102e+02,1.518108181787528792e+03,7.306434501441349028e+01,3.792392422287930032e+01,1.271319290272942453e+03,2.973217169339867496e+02,3.009470999837417367e+02,1.223029418542538451e+03,-5.142144445464769120e+01,-4.178001608906168229e+01,1.026703486187237331e+03,4.402691040776445561e+02,3.550308862824788889e+02,1.008275985343933826e+03,1.602973314415776827e+02,-2.544279870638396801e+01,9.063148546355449753e+02,4.818439950984244433e+02,1.500152684392112405e+02,9.187146026229593190e+02,-7.265928577223778007e+01,2.267621903985917697e+02,6.778055944525154928e+02,1.467864205068742081e+02,4.673937665462004816e+02,7.405977530735890468e+02,2.041751662545477757e+02,4.116673206232650095e+00,4.146140459161149465e+02,4.209797697766205147e+02,1.644886760287168102e+02,6.175742677133473535e+02,5.313171880633840161e+00,1.204290412666877685e+01,-5.180473356142153429e-01,4.652233650625353789e+02,2.069895171764096276e+01,2.144170511738931566e+02,2.768869989111920518e+02,-3.399752154822740380e+01,-3.782555107896372615e+00,5.644150114104807017e+02,-2.272483704974198417e+02,2.930997525806187696e+02
2.118728982927925415e+02,1.673851275444374949e+02,1.507757461543141517e+03,7.643407240527298541e+01,4.359148218476791925e+01,1.261189151318582390e+03,3.017729680879435250e+02,3.037429504396943685e+02,1.212315522835297315e+03,-5.955099794163547244e+01,-3.197919805942033022e+01,1.018631319643015900e+03,4.452471624946968518e+02,3.583969002383374800e+02,1.000003667068311415e+03,1.386154335261992117e+02,-2.214886549105412428e+01,8.814128891801002510e+02,4.894865533184822084e+02,1.620626481842668909e+02,8.946430608541551237e+02,-7.492485760331899769e+01,2.324528690560875930e+02,6.704374220602167043e+02,1.419293864012217057e+02,4.742445256856120182e+02,7.323051105826135654e+02,2.073563464367314850e+02,8.138367209140623615e+00,4.144073126574768366e+02,4.153089300347249377e+02,1.805026115156204582e+02,5.976369119800666567e+02,6.554702965957565297e+00,1.377227059529769448e+01,-4.016944212647910462e-01,4.872105806846345217e+02,3.028198000091405717e+01,1.946402225838516529e+02,2.756413313611644185e+02,-3.206529918984426786e+01,-2.971265162604386667e+00,5.869731497882661415e+02,-2.181262290880994499e+02,2.876808592680450829e+02
2.177011274183895182e+02,1.736405875318409358e+02,1.496774219726783031e+03,7.990627844786952494e+01,4.952818311383459360e+01,1.250312784995123366e+03,3.062052528018961652e+02,3.068761152181331795e+02,1.201310994842204536e+03,-6.752035031948284427e+01,-2.247621543242198783e+01,1.010796605880368247e+03,4.510816204015592348e+02,3.620166818897026246e+02,9.915498525969308048e+02,1.152785818379462199e+02,-1.937880872591092185e+01,8.579619802730651372e+02,4.982630317982343513e+02,1.744668162054648803e+02,8.702903678432926426e+02,-7.654109045692862878e+01,2.382070227846575960e+02,6.627762068283248027e+02,1.368365782514266016e+02,4.815015174805612901e+02,7.238384218118070521e+02,2.104004665427038390e+02,1.256473047366331031e+01,4.141531733623835407e+02,4.107234110640312110e+02,1.970774370905881767e+02,5.796292122773877509e+02,7.793776586907561921e+00,1.541615123541419763e+01,-3.259453214627706652e-01,5.070782917499067821e+02,4.305498993503943694e+01,1.760333221811758051e+02,2.743267026666104016e+02,-3.067596507834764807e+01,-2.119347956732476668e+00,6.079207485396169659e+02,-2.044083041823736835e+02,2.816733521920600083e+02
2.233775635056845772e+02,1.801158917663859995e+02,1.485077718571589230e+03,8.361625502524059073e+01,5.555831978959535888e+01,1.238870083384178542e+03,3.106446860403806340e+02,3.106660626435349286e+02,1.189910047948731744e+03,-7.519323885050856404e+01,-1.304188590204939402e+01,1.003195425333732260e+03,4.579360870030496926e+02,3.662488715283121792e+02,9.824737719699187437e+02,9.070352652232669755e+01,-1.709208388125489009e+01,8.358959622337363271e+02,5.079739575016436675e+02,1.871751967279911355e+02,8.450566232649597396e+02,-7.759560239292622441e+01,2.438931737717832959e+02,6.549945396853822785e+02,1.314676303715001779e+02,4.894571280327841123e+02,7.152850786385810125e+02,2.131393511685734552e+02,1.693270723926190868e+01,4.136649230750488186e+02,4.070610322186120129e+02,2.139653631181826370e+02,5.629841080229867885e+02,8.764118101680271167e+00,1.685329113993696382e+01,-3.542426849996873628e-01,5.240788423252715802e+02,5.845429802431742417e+01,1.582299334141737575e+02,2.731531125747999909e+02,-3.023604584560609965e+01,-1.344511688681875317e+00,6.267080056879897256e+02,-1.864738858927387639e+02,2.746217198076437285e+02
2.289826123207012643e+02,1.869023424587973068e+02,1.472706089235733089e+03,8.765885443756833695e+01,6.161795781901601998e+01,1.227136408277256805e+03,3.151400732680932606e+02,3.154467153128770178e+02,1.178019226915041145e+03,-8.238468270881824651e+01,-3.485505736254162379e+00,9.959667709353990404e+02,4.656811530432652262e+02,3.714351938031240365e+02,9.722275345857813136e+02,6.513307843546331810e+01,-1.476176036973545891e+01,8.155175593436858890e+02,5.182988536351392668e+02,2.006268034517776186e+02,8.187378213045432176e+02,-7.836169770383443733e+01,2.492951526425338500e+02,6.472285915965422873e+02,1.257451124008438796e+02,4.981764710933435367e+02,7.066348286306243835e+02,2.154812911093383150e+02,2.085515419686127458e+01,4.128163326976656435e+02,4.041903447910059981e+02,2.312581631462510643e+02,5.470452125991861294e+02,9.246958047556731231e+00,1.807589120937387861e+01,-4.386804644919458096e-01,5.378867994326487860e+02,7.675090760868005191e+01,1.408539583236058945e+02,2.722940649577962517e+02,-3.088011637713385227e+01,-7.307359080789689321e-01,6.433866158711070966e+02,-1.643762466215378026e+02,2.658302881161960727e+02
2.346627038125433842e+02,1.942904212966676312e+02,1.459820168667646840e+03,9.204025578233721205e+01,6.785980628167298789e+01,1.215445382468265279e+03,3.197546394119209481e+02,3.215436200887198197e+02,1.165629272263344774e+03,-8.896026952873322102e+01,6.422407121916697825e+00,9.894703786991381094e+02,4.740026367765219106e+02,3.778815617635597164e+02,9.604536396865527195e+02,3.865527716920988865e+01,-1.163515135132940870e+01,7.975098236318031013e+02,5.289917882445719215e+02,2.156162488863483873e+02,7.916564491056254838e+02,-7.918124312982597246e+01,2.543491091898010836e+02,6.395432790863255832e+02,1.195963977522236519e+02,5.075991459195097377e+02,6.978407694507105816e+02,2.174394281170596628e+02,2.423914783579705556e+01,4.115863224646679441e+02,4.020846510459174397e+02,2.493333075503211091e+02,5.313533946364676694e+02,9.147530709018766970e+00,1.916311937007313304e+01,-4.470031563973804190e-01,5.485282770540911770e+02,9.899283612685313472e+01,1.236429554912458713e+02,2.718261430557737981e+02,-3.242357434117841564e+01,-2.941306937564582835e-01,6.583957034003101398e+02,-1.377158027410659145e+02,2.544702068084002917e+02
2.405684563861847778e+02,2.027243274098551069e+02,1.446673877036296744e+03,9.666697338592527444e+01,7.462604218740592898e+01,1.204121186903117632e+03,3.245294962015937585e+02,3.291875864131293952e+02,1.152859008984115235e+03,-9.491060855922523842e+01,1.699589492223855203e+01,9.842264865225021140e+02,4.825402097240045123e+02,3.857879881792455876e+02,9.472264846972326495e+02,1.132497575869606088e+01,-7.139987495571614495e+00,7.827411320798150882e+02,5.399725101385902235e+02,2.329702498836187203e+02,7.646079201087328556e+02,-8.030775514813248606e+01,2.592723874299594513e+02,6.319334991357455920e+02,1.130259864827515912e+02,5.176429666743842972e+02,6.888907612804293876e+02,2.191317332926442418e+02,2.735674657908145591e+01,4.100641633853358030e+02,4.008150698340072609e+02,2.686535785506130765e+02,5.157732244664769041e+02,8.545369422478225729e+00,2.022604182866468037e+01,-2.308529013549124320e-01,5.562093190857940499e+02,1.265181641395990795e+02,1.065008139829156448e+02,2.717032323330496411e+02,-3.444463418325627657e+01,1.539989859248478733e-02,6.722381747608360456e+02,-1.057504949262594778e+02,2.398397436422380338e+02
2.467973528231704563e+02,2.126166817592741438e+02,1.433565482360669876e+03,1.013833734248048302e+02,8.231070799846830255e+01,1.193400286191276109e+03,3.294387412517102121e+02,3.384003829980662772e+02,1.139950005696518247e+03,-1.003560691986385365e+02,2.856126025455886364e+01,9.807493093188458033e+02,4.909839614240160017e+02,3.951735580682738487e+02,9.330972554086323498e+02,-1.668720195651420468e+01,-1.181459597790456506e+00,7.719949943381759567e+02,5.512817074871832119e+02,2.532034828765758050e+02,7.386616030619412641e+02,-8.179045876145238481e+01,2.644850283911317774e+02,6.243466679268831285e+02,1.061650338528957889e+02,5.282355509494649368e+02,6.798274197034694453e+02,2.207366221633365342e+02,3.073886718285134378e+01,4.084054320446806514e+02,4.004786225839823715e+02,2.895675430132993142e+02,5.004525120092693555e+02,7.688038708734020510e+00,2.136594861267680301e+01,2.990173444155232452e-01,5.610983276122522057e+02,1.603475545383536485e+02,8.947412366550075546e+01,2.717822710161633495e+02,-3.645149708912566666e+01,2.846328359112275108e-01,6.852000497476767578e+02,-6.764318126460820224e+01,2.216467626801209576e+02
2.533581721935153723e+02,2.241263943154422691e+02,1.420777116537320580e+03,1.060412907133435567e+02,9.120528126340394692e+01,1.183375625590343361e+03,3.343707565774963086e+02,3.489378751999632868e+02,1.127208461586680642e+03,-1.054811497110473653e+02,4.130045982368208257e+01,9.793755160259802324e+02,4.991095088660524084e+02,4.058790283193694677e+02,9.189220894899968926e+02,-4.500618866779996807e+01,5.844031471881452333e+00,7.657551347927486631e+02,5.629696191701800672e+02,2.763377590383953475e+02,7.148890332251396558e+02,-8.346006329030957716e+01,2.703788096843485960e+02,6.167093276767036514e+02,9.925263264981401790e+01,5.392855870850004294e+02,6.707052418849368678e+02,2.224139815005558489e+02,3.495659475068646316e+01,4.067513887259555077e+02,4.011105767773642583e+02,3.122409508030585243e+02,4.856905777055770272e+02,6.914305412712418608e+00,2.266005168838638184e+01,1.121137368255615385e+00,5.631483121464252690e+02,2.007701595631604334e+02,7.268766811041810172e+01,2.718909052801215580e+02,-3.805469101164923273e+01,5.925956528696049164e-01,6.972243352093299791e+02,-2.273548751705884996e+01,2.001515143278413120e+02
2.601654161246036665e+02,2.370411834565521758e+02,1.408512317949295493e+03,1.105660201383471559e+02,1.014162887298857925e+02,1.173992111476350601e+03,3.391592564084615447e+02,3.603533662106465272e+02,1.114916142450968437e+03,-1.104381011660663034e+02,5.513319959876613297e+01,9.801787227945094401e+02,5.067763984912652404e+02,4.176874399230886752e+02,9.055742058552406206e+02,-7.306748822742051175e+01,1.329611261963131952e+01,7.641046197672699236e+02,5.750162001260308671e+02,3.019784965261283673e+02,6.940980293222642104e+02,-8.502162842833638479e+01,2.771020773817076019e+02,6.089539029059119457e+02,9.254984363861450447e+01,5.506656103298507787e+02,6.615321734765087740e+02,2.242278072218864793e+02,4.040560087315463988e+01,4.051508867474515796e+02,4.026293939010697045e+02,3.367343059598080686e+02,4.718057992808909944e+02,6.528511733774880810e+00,2.416391528833669611e+01,2.095093562017993793e+00,5.620521266246349796e+02,2.472744087691958441e+02,5.629581520363316827e+01,2.719031240999563011e+02,-3.906987101521097827e+01,9.653647436218250055e-01,7.079629529696042027e+02,2.922640171632861694e+01,1.761001257083087808e+02
2.670653710769989857e+02,2.508449094970596036e+02,1.396850492459835777e+03,1.149861156386327110e+02,1.128793660941081072e+02,1.165098242529188838e+03,3.436554890861887088e+02,3.721661716097425483e+02,1.103249921834610632e+03,-1.152723057824987336e+02,6.973656531926137347e+01,9.829884938343981275e+02,5.139206752253892319e+02,4.305111797567130907e+02,8.936846519930967361e+02,-1.002158398844015039e+02,2.061240291502102195e+01,7.667306571931051167e+02,5.873295980970682422e+02,3.295926998375635435e+02,6.766456900812549975e+02,-8.620086671532915545e+01,2.845109983360397905e+02,6.010504284894291231e+02,8.623688438381441301e+01,5.622554072995292245e+02,6.522593682875153718e+02,2.261149427244794481e+02,4.719362897584420580e+01,4.035326034734212612e+02,4.048348788297824967e+02,3.631248945915062905e+02,4.590551867385946139e+02,6.682685442844023882e+00,2.591478635135588249e+01,3.002941033058785347e+00,5.573703898757730713e+02,2.987792320320494355e+02,4.048846362466041882e+01,2.717850598930152159e+02,-3.951616108447077380e+01,1.347327882766685692e+00,7.169395944952449327e+02,8.796242883367020227e+01,1.505211884740783148e+02
2.738884171445611173e+02,2.649397916187601822e+02,1.385737059991767410e+03,1.194161611370244174e+02,1.254309143560762578e+02,1.156528015658555887e+03,3.478012542818311204e+02,3.840509964118984954e+02,1.092245492224360078e+03,-1.199018183881289161e+02,8.469177272434606607e+01,9.874656072336659918e+02,5.205501639626376118e+02,4.445278703641545803e+02,8.835159444526819925e+02,-1.258275369001823805e+02,2.750378634819204748e+01,7.730082843527055729e+02,5.997952071402625052e+02,3.588149261747670380e+02,6.623929848717226605e+02,-8.686364826233770486e+01,2.923082032726404123e+02,5.930395021366326773e+02,8.035676046614136681e+01,5.740175241502211065e+02,6.428402321681313651e+02,2.279258904834649684e+02,5.516380738666289574e+01,4.017511004050726342e+02,4.074461174774680785e+02,3.915462256838561643e+02,4.476056548013225438e+02,7.328145319723772033e+00,2.792793979562417306e+01,3.629875177591646018e+00,5.487736907678300895e+02,3.539959984008107767e+02,2.553191172234532402e+01,2.715925394438896774e+02,-3.952822035889379038e+01,1.607589256966170721e+00,7.237136937872712679e+02,1.526622473379417499e+02,1.245267588078201442e+02
2.805114677093654336e+02,2.789127911140402034e+02,1.375014518564824357e+03,1.240054436273699565e+02,1.388827658036255457e+02,1.148172949134841474e+03,3.516553939060100902e+02,3.959531969172779213e+02,1.081817568779569456e+03,-1.241476444531657108e+02,9.965854845611025326e+01,9.931788691761828431e+02,5.267296827287577798e+02,4.601636145699303029e+02,8.749944026072276984e+02,-1.493980327325597557e+02,3.395009017832109066e+01,7.821483956513790190e+02,6.123135259726440154e+02,3.895962147106478710e+02,6.508362491489109516e+02,-8.705004736048613267e+01,3.002575289574218118e+02,5.850476609055413064e+02,7.483465889009846705e+01,5.860284557728222126e+02,6.333142105264506654e+02,2.295228565905115374e+02,6.401402879502583687e+01,3.996830037581971169e+02,4.101453258042474772e+02,4.221019988496191786e+02,4.375250611990173866e+02,8.262353038531193405e+00,3.018848126060675341e+01,3.854794574039003496e+00,5.362682708072194373e+02,4.117302803848858730e+02,1.177299938791958844e+01,2.714292812137344413e+02,-3.924100837074748682e+01,1.589713898692096228e+00,7.279656959747669589e+02,2.221291309816323576e+02,9.920581277854492441e+01
2.869036424845306215e+02,2.927264959858989073e+02,1.364484178132022862e+03,1.288771405328213007e+02,1.530741983047019232e+02,1.140017830207664247e+03,3.553518965762045809e+02,4.080844247846982853e+02,1.071823204344760597e+03,-1.277888904888804262e+02,1.144817974675974170e+02,9.996720744578416316e+02,5.325420436201632128e+02,4.779137460023953849e+02,8.678594998585294888e+02,-1.705718386150103640e+02,4.007756319951607082e+01,7.933927638434835217e+02,6.247873937499831527e+02,4.221116927982857305e+02,6.413902061009446243e+02,-8.691592962915437681e+01,3.083289494631557091e+02,5.772667391420349077e+02,6.954973456330201032e+01,5.984230495867145692e+02,6.238420346413050765e+02,2.308796554747690948e+02,7.343797448783516302e+01,3.973128805307857192e+02,4.125977767699487231e+02,4.547341456161771589e+02,4.287685478420697791e+02,9.240944531770802328e+00,3.264729341992260458e+01,3.708081368409288814e+00,5.202853969773884728e+02,4.710060305294143745e+02,-4.481537560546792753e-01,2.713919355439799119e+02,-3.871464579144625873e+01,1.187472637202171999e+00,7.294975039988108847e+02,2.950227356350311538e+02,7.559009317179493337e+01
2.931285260468430920e+02,3.067631689104497354e+02,1.353979700559085813e+03,1.340802456548575776e+02,1.679107649901772845e+02,1.132139602712214810e+03,3.590091547339654312e+02,4.208223895835617441e+02,1.062141000997286710e+03,-1.306196385035715366e+02,1.292070225709437636e+02,1.006542719423211679e+03,5.380260334041486203e+02,4.980963561049445616e+02,8.618543415194956197e+02,-1.891306236225360351e+02,4.605222728717732394e+01,8.062053377682063910e+02,6.370669283659079838e+02,4.564925392011669487e+02,6.337175645541398126e+02,-8.662074855145162644e+01,3.167005298022956481e+02,5.698990321113510618e+02,6.440615930745819639e+01,6.112916449283677593e+02,6.146525639051593544e+02,2.321206633542983013e+02,8.322675160365011493e+01,3.947510773114782410e+02,4.144444669173807938e+02,4.891794937757883304e+02,4.211652865930807934e+02,1.008951809514739217e+01,3.522790489726381225e+01,3.360084581268451220e+00,5.015985726473506929e+02,5.310220999296232094e+02,-1.094530499856629113e+01,2.715290247942716064e+02,-3.793899441684081353e+01,4.036641516113531614e-01,7.281960950976749700e+02,3.701231413140375253e+02,5.461029683194183804e+01
2.992960732403633983e+02,3.217142999939365495e+02,1.343430647337102528e+03,1.395673520761536963e+02,1.834071448121457877e+02,1.124681929271695253e+03,3.626402085850694448e+02,4.345818072232283384e+02,1.052738907615269000e+03,-1.324962834475813338e+02,1.440412385320944679e+02,1.013537699597243545e+03,5.431108476824151694e+02,5.206813774916229249e+02,8.568798739273312322e+02,-2.049628382340155213e+02,5.205276793551833947e+01,8.203814311746530166e+02,6.488947712479284746e+02,4.925566990052305982e+02,6.279516573268906541e+02,-8.621751464324742642e+01,3.256511426710670776e+02,5.630910440673086441e+02,5.936212325777912469e+01,6.246179633935813627e+02,6.059252385097039451e+02,2.334744844997797486e+02,9.330921122196804163e+01,3.921657968941753438e+02,4.152945046748521918e+02,5.250849600984417975e+02,4.144265481181026303e+02,1.075920442117740272e+01,3.784188101853656860e+01,3.036133315623679607e+00,4.811248312257568500e+02,5.910564635789077101e+02,-1.978774245768474671e+01,2.718295682982462154e+02,-3.690913024686206967e+01,-6.513831681994710632e-01,7.240034466221767389e+02,4.465374357275093189e+02,3.698562030728265171e+01
3.054892868161885531e+02,3.383594900899641971e+02,1.332895757591731808e+03,1.452030938497475461e+02,1.997312743459658009e+02,1.117815159716978542e+03,3.661156340810444476e+02,4.497203553136711207e+02,1.043711074389053465e+03,-1.333667744015451149e+02,1.593031022647484178e+02,1.020629534538792655e+03,5.475767971824532196e+02,5.452962750312483422e+02,8.530589934625312480e+02,-2.180122406369600014e+02,5.829172016207994034e+01,8.360208192636679314e+02,6.598962519564805689e+02,5.297141342447937404e+02,6.246878063271942665e+02,-8.559271173724171433e+01,3.354366961093561486e+02,5.568822689014152729e+02,5.441215737636043315e+01,6.383150494513610056e+02,5.976757192911255743e+02,2.351752160861902894e+02,1.037435154525875731e+02,3.896610289310298185e+02,4.147511381050599653e+02,5.622196094893289455e+02,4.081851915600192342e+02,1.131247654311170159e+01,4.040273636982816896e+01,2.899053318629086995e+00,4.597091682673559490e+02,6.504450972584609190e+02,-2.726973442451518892e+01,2.722417056388733840e+02,-3.571960935674842119e+01,-1.829737450071218241e+00,7.168941653489632699e+02,5.237957271671862145e+02,2.307055523323663593e+01
3.117118544141272878e+02,3.573127792614289433e+02,1.322554300711593214e+03,1.508018238672558766e+02,2.172245705369346638e+02,1.111688084640897159e+03,3.692033545370310321e+02,4.665055628378072470e+02,1.035274282165969225e+03,-1.332683269445231815e+02,1.753799892939123026e+02,1.028020335240621762e+03,5.510671928812779470e+02,5.714062309777883684e+02,8.506968601167488941e+02,-2.281851752520263403e+02,6.503629396741423818e+01,8.533824896159543414e+02,6.696302870561005420e+02,5.671153402537573811e+02,6.247275346985036322e+02,-8.448145023533838582e+01,3.462253747694812773e+02,5.511854492659684865e+02,4.954855807792795730e+01,6.523361355684561431e+02,5.897113843532116562e+02,2.373759038835050035e+02,1.146853315264501418e+02,3.871624906049768811e+02,4.124780464710846672e+02,6.006363014927436552e+02,4.020602609247260375e+02,1.186640151491489092e+01,4.283123632028178918e+01,2.967949136745598349e+00,4.379752009140996734e+02,7.086720257456606760e+02,-3.376277832483558683e+01,2.727087682803880853e+02,-3.460994939882682075e+01,-3.042721043433870509e+00,7.068395168256165562e+02,6.018150271165256981e+02,1.275358051846630758e+01
3.178913552069792559e+02,3.788281931703479017e+02,1.312657805452515731e+03,1.561852250729964453e+02,2.363698431824812189e+02,1.106381848546316405e+03,3.716662257870875692e+02,4.851253875856628497e+02,1.027723421806983197e+03,-1.322815958329214254e+02,1.926858551673696240e+02,1.036049207224848487e+03,5.531541110287396350e+02,5.985692183329927047e+02,8.501661848529194003e+02,-2.352252881165534859e+02,7.262839485946066986e+01,8.727012653759394425e+02,6.776735706042271659e+02,6.039683277995594608e+02,6.286926379097419613e+02,-8.255202821792853740e+01,3.581041979662492736e+02,5.458049822486717630e+02,4.473360186566443986e+01,6.667763550222643971e+02,5.816859118840053497e+02,2.401244488871358556e+02,1.263508478713540342e+02,3.843719856897421892e+02,4.082726321446109523e+02,6.406649626163069797e+02,3.957367742670452344e+02,1.253313570653876674e+01,4.505626572525234508e+01,3.126844462245301326e+00,4.162779107628496718e+02,7.654841240667869897e+02,-3.955961247083477161e+01,2.732035471991997042e+02,-3.391535068957399091e+01,-4.320320665787250825e+00,6.937588854039970556e+02,6.807333112129135770e+02,5.502381908141686040e+00
3.239319571058296674e+02,4.027379718005789186e+02,1.303455507235104051e+03,1.612403890003828906e+02,2.576966688892207458e+02,1.101880551546329571e+03,3.733624895781788950e+02,5.057016794630616232e+02,1.021352483065212482e+03,-1.304458370446079982e+02,2.116057162747922860e+02,1.045030069519417566e+03,5.534328829279537558e+02,6.266321572623844531e+02,8.517709305708597185e+02,-2.386208278114271764e+02,8.152085181030085437e+01,8.940524282616360097e+02,6.836820204748628385e+02,6.398636081879316180e+02,6.366997985736041983e+02,-7.952209123883255870e+01,3.711132535451713466e+02,5.404928620230684828e+02,3.989784886559213106e+01,6.818859178306872764e+02,5.732299480784463412e+02,2.434074045342744625e+02,1.389799743476146432e+02,3.808174999351982137e+02,4.020966086318157977e+02,6.827327567261512513e+02,3.890503566725492988e+02,1.338295394976447028e+01,4.702339651433233314e+01,3.221470670917172541e+00,3.947491011918581307e+02,8.208885470462187186e+02,-4.482244144820069920e+01,2.737423006464872515e+02,-3.392719465605292584e+01,-5.795591674808660443e+00,6.774981374302669792e+02,7.606382757296807995e+02,5.662419054938108154e-01
3.297725580285116962e+02,4.285435598619023949e+02,1.295111747128692059e+03,1.659541680987702534e+02,2.816417260298975975e+02,1.098069681926637941e+03,3.742903709691571521e+02,5.282716662558027565e+02,1.016356228808643664e+03,-1.276683280782696244e+02,2.324207711893233750e+02,1.055085142239530114e+03,5.516065964800473012e+02,6.557740143328592239e+02,8.556369880498999692e+02,-2.376312585675508728e+02,9.229061830017177215e+01,9.173034224056818857e+02,6.873855797660363578e+02,6.749596349925031973e+02,6.482456121921740078e+02,-7.525164771399681740e+01,3.852526583447007624e+02,5.350281843319170321e+02,3.495608527173357061e+01,6.979773425440693018e+02,5.640931940756629501e+02,2.472242046727627383e+02,1.527999224800055913e+02,3.759765578598240836e+02,3.940372305753436990e+02,7.271129986796568119e+02,3.820541663883589081e+02,1.443461094015518498e+01,4.871785645698995637e+01,3.183183024825696261e+00,3.734031138699864414e+02,8.749579569581071610e+02,-4.966006815096405802e+01,2.743694121064511933e+02,-3.472448005520735137e+01,-7.632195048673659166e+00,6.578830499440501853e+02,8.412543335384499414e+02,-2.763863940494047711e+00
3.354035097876195550e+02,4.556126006338324714e+02,1.287639166360771696e+03,1.704079535692215472e+02,3.084058998208701610e+02,1.094763847118873855e+03,3.745521560767094797e+02,5.527350366081785751e+02,1.012742543640364374e+03,-1.236868867719014133e+02,2.552314817501904258e+02,1.066042490493465266e+03,5.475307389923559640e+02,6.863858215937630121e+02,8.616532990632496194e+02,-2.314686462898181958e+02,1.055388612659641439e+02,9.421321822617376256e+02,6.885208046746541868e+02,7.099621158635480924e+02,6.623203540584514712e+02,-6.976775791070996036e+01,4.004426645399344125e+02,5.292873187723560022e+02,2.981968124392102482e+01,7.152808256828662934e+02,5.542257378166481203e+02,2.516386756716095476e+02,1.679936823026064587e+02,3.694100578916605286e+02,3.842173765957361411e+02,7.737360075366927958e+02,3.750306414113326241e+02,1.566925380928559797e+01,5.019231628883598972e+01,3.100433975074710968e+00,3.522697741539612935e+02,9.275191830332947802e+02,-5.425529356740714348e+01,2.751199943475852479e+02,-3.606995186011602783e+01,-9.950866239943099600e+00,6.348582955183678678e+02,9.217027327123114446e+02,-4.983398824218773449e+00
3.408282505176404129e+02,4.833927143722687561e+02,1.280879788239184791e+03,1.747340605138202534e+02,3.378628552002628567e+02,1.091754467180715892e+03,3.742638011696038802e+02,5.788079936087415263e+02,1.010299829583376095e+03,-1.181424298358122940e+02,2.799219073503350046e+02,1.077436778776399024e+03,5.412078917019819073e+02,7.188654275105857323e+02,8.694639067395357870e+02,-2.195734074945110024e+02,1.216496483550251781e+02,9.680628803992440226e+02,6.867495925261114280e+02,7.459242668863054178e+02,6.776405081697332662e+02,-6.320737753226158162e+01,4.164708090007658825e+02,5.232655796200041323e+02,2.439277870668295733e+01,7.338348497943392204e+02,5.437615869822556078e+02,2.567709989511358231e+02,1.846849661980030533e+02,3.608385473435577637e+02,3.727045409176018893e+02,8.221461158730454599e+02,3.684169248762950701e+02,1.706633907187286781e+01,5.157901490969739200e+01,3.196634367507358743e+00,3.315263591288834277e+02,9.779178850235712162e+02,-5.892803527531209085e+01,2.759836512814449634e+02,-3.744657462096419209e+01,-1.280187202936703628e+01,6.086591591639590888e+02,1.000465234132632304e+03,-6.378819012287170409e+00
3.459956762606302050e+02,5.115590397874414634e+02,1.274561556933377915e+03,1.790488186141436699e+02,3.695675833008520499e+02,1.088859622111553790e+03,3.734698557133362442e+02,6.060515498960612604e+02,1.008657909314940525e+03,-1.107722713749825800e+02,3.062059936884501212e+02,1.088608984601131624e+03,5.327342548658476744e+02,7.534552973258371367e+02,8.785034621291898702e+02,-2.018509449148550061e+02,1.405383526643791186e+02,9.944896485341286052e+02,6.816111287866444854e+02,7.839582957589690295e+02,6.928563758373346673e+02,-5.570339378119579976e+01,4.329917643153203244e+02,5.170351050483009203e+02,1.856189097303844449e+01,7.534758530847661859e+02,5.329265252784828135e+02,2.627273496528854366e+02,2.029526051691262012e+02,3.501300443086705059e+02,3.594647158336957773e+02,8.716020904643077074e+02,3.626486565694377759e+02,1.865882059474648003e+01,5.307549897172601305e+01,3.740157530390254781e+00,3.115928027087282430e+02,1.025036470629851465e+03,-6.407436566053827676e+01,2.768975710310841691e+02,-3.823751674756750418e+01,-1.618909260084948798e+01,5.799155094043975396e+02,1.075615858274856691e+03,-7.181626564075162200e+00
3.507462075159454002e+02,5.400578328280803362e+02,1.268424118541046482e+03,1.833838266698872701e+02,4.028789980426368516e+02,1.085955135486957488e+03,3.721181094767816262e+02,6.340192968786448091e+02,1.007439004285968963e+03,-1.016568753400958798e+02,3.337436633753843012e+02,1.098859604527788179e+03,5.221958796920067698e+02,7.902279951927422417e+02,8.880671420121852861e+02,-1.787374345858026743e+02,1.616218845734369154e+02,1.020704897189393932e+03,6.725114904813113981e+02,8.249553598088799617e+02,7.066633286766814308e+02,-4.726585965980805071e+01,4.496261241013404515e+02,5.106684105256799171e+02,1.220319227125147243e+01,7.739277411524008130e+02,5.219365356012107213e+02,2.694971346289926259e+02,2.228756064734579070e+02,3.372273264014739880e+02,3.443746356603198819e+02,9.212484677262810919e+02,3.579715202304016657e+02,2.059308510335776532e+01,5.491785088461360687e+01,4.956475882141624822e+00,2.931399686923048193e+02,1.067604215188521948e+03,-7.001920656036766388e+01,2.777844777886656402e+02,-3.796325702895797605e+01,-2.011462087004245802e+01,5.495971776322415963e+02,1.145262743430991577e+03,-7.760475212722279359e+00
3.548039166422827293e+02,5.690610149933671664e+02,1.262356542274428193e+03,1.876391174539070050e+02,4.371535871215918974e+02,1.082971415856820840e+03,3.701052141920879990e+02,6.624988901890087618e+02,1.006430672497918522e+03,-9.138759013808169129e+01,3.622408714462881107e+02,1.107581911209159898e+03,5.095086282320784221e+02,8.292206730022944612e+02,8.973945098230518624e+02,-1.510437754306972806e+02,1.841442736207993107e+02,1.045975524580699812e+03,6.587203660579824600e+02,8.693629560423034945e+02,7.178459778354529135e+02,-3.770941870806695562e+01,4.661366057928017312e+02,5.041866271230945244e+02,5.225156682001646402e+00,7.949268029633273045e+02,5.109494541622948418e+02,2.768664765645115153e+02,2.445852531498218525e+02,3.220837350518335711e+02,3.272741759180245822e+02,9.702692988644637353e+02,3.542903533228756601e+02,2.316758311003135162e+01,5.736945455561136953e+01,7.002274922914304867e+00,2.769711229665611540e+02,1.104676115365752366e+03,-7.688673678737681882e+01,2.786225197247448477e+02,-3.644645453282890912e+01,-2.460640911920179263e+01,5.187903544764870958e+02,1.208043166283756591e+03,-8.736132458865784045e+00
3.578209779048015093e+02,5.988786321459222108e+02,1.256464008433333674e+03,1.915799168960544421e+02,4.719215977392402124e+02,1.079853990102977832e+03,3.673464451398523352e+02,6.917437885571966945e+02,1.005672782185551910e+03,-8.101921627334425580e+01,3.914236517097826891e+02,1.114299246866375370e+03,4.942191884221090845e+02,8.705933135421441875e+02,9.057307466476772788e+02,-1.196435542994608170e+02,2.077292388344535539e+02,1.069686699521907030e+03,6.393604143484086535e+02,9.170087984685111451e+02,7.253280226719366510e+02,-2.664903334954223624e+01,4.825905007451493702e+02,4.975758086698628517e+02,-2.358483418323586545e+00,8.162918358041621332e+02,5.000833393319274478e+02,2.843943526071316228e+02,2.682791650520368307e+02,3.046703561248892242e+02,3.080317887017652652e+02,1.017969147033021613e+03,3.511072443754455321e+02,2.682771191195806537e+01,6.073922253610811595e+01,1.001018849465549287e+01,2.637920642263495097e+02,1.136059629656732113e+03,-8.458338282539023112e+01,2.795017693242973564e+02,-3.381758382615508651e+01,-2.971228754541486694e+01,4.884042819020793900e+02,1.263487709380593515e+03,-1.096208809005840656e+01
3.594536803407806360e+02,6.298759143896718342e+02,1.251014238894005302e+03,1.948882718875521789e+02,5.069633927919813914e+02,1.076499946154794543e+03,3.637860037957617010e+02,7.225651523866919206e+02,1.005384185135903635e+03,-7.174409045398878959e+01,4.208455081306282750e+02,1.118563525962377980e+03,4.753360816072834609e+02,9.146329431568692598e+02,9.123382421440762755e+02,-8.516045843344133459e+01,2.328096086511156955e+02,1.091506788524149215e+03,6.134297510811921939e+02,9.669558063440799742e+02,7.282780699773658171e+02,-1.355330765905056900e+01,4.994079974669579087e+02,4.908612791050680926e+02,-1.035387978124697206e+01,8.378865163759007828e+02,4.894596788442622142e+02,2.914733916455650160e+02,2.941588992572608277e+02,2.850677521586350736e+02,2.866056587156035675e+02,1.063774781253643368e+03,3.475627972510908990e+02,3.211089210253481241e+01,6.541066771415133019e+01,1.416371910763434094e+01,2.539569599502505639e+02,1.162469550177833071e+03,-9.291212291716053073e+01,2.806054822520479775e+02,-3.037514522489002289e+01,-3.546880624559079820e+01,4.589645901765381950e+02,1.312105214954935263e+03,-1.538159845918613478e+01
3.594319973566364297e+02,6.624114487815675147e+02,1.246290440686919965e+03,1.972658418535547469e+02,5.422636843122289747e+02,1.072688359074100390e+03,3.592820315356319725e+02,7.562012562876504944e+02,1.005756098236724483e+03,-6.433988004707606478e+01,4.496189792023647556e+02,1.119738851031361264e+03,4.513004980061681408e+02,9.615064723952790473e+02,9.164785520632832458e+02,-4.782703904414726992e+01,2.605988374788149144e+02,1.111459886804528878e+03,5.799314635907308002e+02,1.017446223907440640e+03,7.262806941135980878e+02,2.167707387193360091e+00,5.172650998486809613e+02,4.841790498051564668e+02,-1.835076561690098274e+01,8.595017323850568118e+02,4.792137348088394901e+02,2.974618118421795998e+02,3.222962833169710279e+02,2.635951156776809512e+02,2.630936405119736037e+02,1.107187662093993822e+03,3.425718570515875285e+02,3.954955901027135923e+01,7.184111928549144466e+01,1.974784686754894025e+01,2.473078426294410121e+02,1.185297519751730306e+03,-1.017426156575394884e+02,2.820732387673295420e+02,-2.639761365107792912e+01,-4.186212461710333343e+01,4.306012642784998548e+02,1.355126425001739563e+03,-2.281530255683391317e+01
3.575844345706061631e+02,6.967702288158986903e+02,1.242437202640106079e+03,1.985740359670704152e+02,5.778887676136239406e+02,1.068020212067723833e+03,3.533779840295116514e+02,7.939705622405040231e+02,1.006734401294225563e+03,-5.854345374647982680e+01,4.762692033193267775e+02,1.116775145185176825e+03,4.201924747498862303e+02,1.010835228368972935e+03,9.174244574168849340e+02,-7.624254329307531108e+00,2.925390567905891430e+02,1.129779259023081750e+03,5.381473568295526775e+02,1.066068588496840221e+03,7.195401881088760092e+02,2.105704897720504576e+01,5.369117364549504146e+02,4.777756555299208685e+02,-2.575888173208113940e+01,8.807478556425430725e+02,4.694516966440845067e+02,3.018452428987044414e+02,3.524897907457726660e+02,2.408967794838261227e+02,2.377677861529666927e+02,1.147733373905854251e+03,3.350461937709044946e+02,4.954665456420953973e+01,8.050022216965066946e+01,2.714011285890860492e+01,2.431919215499503082e+02,1.206072937734608331e+03,-1.111095023993306938e+02,2.837634600721181073e+02,-2.200986660739847878e+01,-4.878908665878710593e+01,4.032207759927152324e+02,1.393979646399310695e+03,-3.374476259189601279e+01
3.538006670279809214e+02,7.330445746881522382e+02,1.239385012666768489e+03,1.989907154483946954e+02,6.138562931185304024e+02,1.061886246260993403e+03,3.450722643390018334e+02,8.367919980682851246e+02,1.007921456135661060e+03,-5.255139432770933183e+01,4.989117822320131381e+02,1.108136906191485878e+03,3.801891124823068822e+02,1.061307299238682390e+03,9.145363789417630187e+02,3.530943998404711692e+01,3.294955489561824038e+02,1.146495553689756207e+03,4.879984496885174394e+02,1.110240547624447572e+03,7.090246722833504691e+02,4.349775291623380724e+01,5.590015641663344468e+02,4.719143478975909716e+02,-3.192384304264635375e+01,9.010359482690323603e+02,4.601942536210018488e+02,3.043779763515303785e+02,3.841965384959400467e+02,2.179209871652206800e+02,2.110903351001791748e+02,1.184945196509435391e+03,3.241965794809424324e+02,6.224896372412936074e+01,9.175462526975785238e+01,3.673547242092131171e+01,2.406691461588791583e+02,1.225874544890733887e+03,-1.211406878924689607e+02,2.850139519677059639e+02,-1.714193966472988606e+01,-5.601720437613577275e+01,3.767574249132078990e+02,1.429710784894318749e+03,-4.814306842647903295e+01
3.479536062211292915e+02,7.709532884088702076e+02,1.236883818475601174e+03,1.991451840389225367e+02,6.500495263662357956e+02,1.053499748765491404e+03,3.327585250040377787e+02,8.847001883045596742e+02,1.008640922642336818e+03,-4.284929257554291837e+01,5.158446216000158984e+02,1.092045305403257771e+03,3.301812897957576638e+02,1.110563154370088796e+03,9.073613297412464362e+02,8.016648651385567348e+01,3.711272723690775592e+02,1.160878488825542036e+03,4.303458540209568923e+02,1.147919574691395155e+03,6.964063772733401265e+02,6.960331754948913385e+01,5.839882194490498932e+02,4.667369845613037000e+02,-3.628856865433511558e+01,9.196539062461631602e+02,4.513756622002061931e+02,3.051605382512388474e+02,4.165940763061021244e+02,1.957788083970562241e+02,1.837117685614368270e+02,1.218388572296073107e+03,3.098704801908406239e+02,7.746080460700264325e+01,1.057458653344432236e+02,4.881811077466607429e+01,2.388487364177878192e+02,1.244993556255168642e+03,-1.318242926791695027e+02,2.845541127039920184e+02,-1.154626092752024746e+01,-6.314962379281956828e+01,3.513864187990092773e+02,1.462608402101575621e+03,-6.538283996789081698e+01
3.398421671208598127e+02,8.096792430515407659e+02,1.234607708450771952e+03,2.001642592510306713e+02,6.862107593749258285e+02,1.042047930504097394e+03,3.144791460336782620e+02,9.365025654918465534e+02,1.008099019801553482e+03,-2.454441695294899617e+01,5.264610986425678902e+02,1.067081913901121879e+03,2.703681501607806013e+02,1.155476050817506803e+03,8.956730192500332350e+02,1.251711025192418703e+02,4.157473955186005696e+02,1.171024345045443170e+03,3.670718612547416910e+02,1.178257546110896101e+03,6.836916705991808385e+02,9.912705291881525227e+01,6.120743171480830824e+02,4.621732706332862222e+02,-3.853495143360179753e+01,9.358797990874530797e+02,4.429327359862666640e+02,3.046294460585789921e+02,4.487595386533033661e+02,1.755276889087316192e+02,1.564541023430473672e+02,1.247704969048901603e+03,2.928106155147194158e+02,9.464556417450822323e+01,1.223223908533575894e+02,6.340606246131096668e+01,2.372327078124022819e+02,1.262997659599484678e+03,-1.427505652839700474e+02,2.807006982654476133e+02,-4.820764003388535279e+00,-6.962096238946423910e+01,3.276265086922963405e+02,1.492198666505690881e+03,-8.424603769671954012e+01
3.292242855348554258e+02,8.478729103965778222e+02,1.232255858015608510e+03,2.035498310693884321e+02,7.220452448298450463e+02,1.026989905300725695e+03,2.885076101803080064e+02,9.897151872449367147e+02,1.005531537990071570e+03,7.696039102097104845e+00,5.322007134337652587e+02,1.033002471205462143e+03,2.026274019500445718e+02,1.192768552413324414e+03,8.794248236260099247e+02,1.678476675172059061e+02,4.607131336886544659e+02,1.173949185359190096e+03,3.008688078920117164e+02,1.201866196040146860e+03,6.725984162526910950e+02,1.314075800975390109e+02,6.431669714247695993e+02,4.579639143569486350e+02,-3.864185912001911305e+01,9.490760004388289417e+02,4.349395892443002367e+02,3.034612123143290887e+02,4.798952610858727894e+02,1.579513228137505223e+02,1.302804251689905755e+02,1.272651241205994893e+03,2.746744009268782634e+02,1.130355759069666135e+02,1.410631562853370156e+02,8.010864004872372846e+01,2.359108566618540124e+02,1.279104575892162757e+03,-1.530214653697963456e+02,2.718551954020572339e+02,3.574767942070094406e+00,-7.475817080861062891e+01,3.063067252849018018e+02,1.517588566996604868e+03,-1.030643356812874316e+02
3.159661733681215878e+02,8.839249148677619132e+02,1.229591486410691459e+03,2.108478560708636849e+02,7.574403233605767127e+02,1.008439179180752262e+03,2.541010242959403627e+02,1.040853063379340483e+03,1.000278695430234052e+03,5.816220398392354696e+01,5.371133584223900925e+02,9.914064037396384492e+02,1.305103675622931689e+02,1.219756519096034026e+03,8.586851981672227794e+02,2.060289624914150295e+02,5.031761423246740605e+02,1.166414554110615427e+03,2.348047966838143168e+02,1.220517152668373683e+03,6.639370919701207185e+02,1.653674531750442895e+02,6.768155965613364060e+02,4.537853716623388891e+02,-3.683531514686792718e+01,9.587583343333202492e+02,4.276869354675739601e+02,3.024175334582319010e+02,5.095122499782424370e+02,1.433954986968956007e+02,1.062429401721510658e+02,1.293128775741625759e+03,2.577067977111847199e+02,1.318198852721819776e+02,1.613868487975592814e+02,9.805052406818677468e+01,2.354810003466814123e+02,1.292620792765891338e+03,-1.614443302166162084e+02,2.571605118019148222e+02,1.427257897483218407e+01,-7.791868886679026218e+01,2.883999678623174532e+02,1.537972410760829234e+03,-1.200029839077080709e+02
3.002574606258091876e+02,9.164559936445990616e+02,1.226414326769662011e+03,2.231633781531156160e+02,7.927329889319363474e+02,9.874526957957157265e+02,2.121287981151881468e+02,1.086043656516360215e+03,9.918275782730140691e+02,1.284001927198354736e+02,5.476152565750574013e+02,9.458436121407678456e+02,5.880742788592409198e+01,1.234969002804341017e+03,8.336647003568956507e+02,2.393667351428947541e+02,5.410166217035215368e+02,1.146366640543840731e+03,1.718308882789236804e+02,1.236385867088723671e+03,6.573226908515924833e+02,1.995812741442184119e+02,7.121594901548363623e+02,4.493928969916924530e+02,-3.346362323565305275e+01,9.646722251732252289e+02,4.216252193590884190e+02,3.021725552951139093e+02,5.375152959647559783e+02,1.316845186072301033e+02,8.538543323079467484e+01,1.309210601276919988e+03,2.441113894067232479e+02,1.503416967088060119e+02,1.827120780760121761e+02,1.159147091433592891e+02,2.366874376593075340e+02,1.303225483708874663e+03,-1.669562644470195494e+02,2.370561186603757449e+02,2.788581580714542341e+01,-7.867512071555432840e+01,2.747559956302850424e+02,1.553059311425455007e+03,-1.334513546987834332e+02
2.827820692463438945e+02,9.448211382614698550e+02,1.222509848206439528e+03,2.406807376616155523e+02,8.288877250857121908e+02,9.660028909982395362e+02,1.652683385360548414e+02,1.121825919342438283e+03,9.799104015888217418e+02,2.158900865590878198e+02,5.712467309326883651e+02,9.011307522879080807e+02,-7.259357453012755812e+00,1.238468651627132203e+03,8.048751632599455661e+02,2.706456960751550014e+02,5.738840594990833779e+02,1.114433813230595888e+03,1.143805761833514367e+02,1.251204245729187278e+03,6.514029226466151385e+02,2.324265264573803051e+02,7.479520984446794500e+02,4.446950142226534695e+02,-2.886806272000911022e+01,9.668912749602652639e+02,4.171830858265690836e+02,3.031641264732334093e+02,5.641946068648893515e+02,1.221173516568823771e+02,6.856833337793271710e+01,1.321169009552392254e+03,2.353350122417243426e+02,1.682436490970574141e+02,2.046335484152809556e+02,1.321251893688660743e+02,2.399358787671211530e+02,1.311021247533995393e+03,-1.690785228593998966e+02,2.134695025078256378e+02,4.485806415988908924e+01,-7.698237313464397857e+01,2.658078244791941529e+02,1.563239979210042520e+03,-1.424218532791881273e+02
2.647305915810615602e+02,9.693945659143546436e+02,1.217629720419989326e+03,2.623927403269947831e+02,8.674402870120659372e+02,9.465160995756480133e+02,1.175941722803960374e+02,1.145939814762977676e+03,9.646919335222746668e+02,3.137843108748172085e+02,6.146706466031565697e+02,8.620631021987978784e+02,-6.305049042767004153e+01,1.231828756458085081e+03,7.733368867428880549e+02,3.059712979432825364e+02,6.042393790574955119e+02,1.074653822664350173e+03,6.412850508147094786e+01,1.265751511345407607e+03,6.445158780582199824e+02,2.623148123604981379e+02,7.827173423241398496e+02,4.397364514728496943e+02,-2.331310862728022926e+01,9.658985252527093053e+02,4.145689347462226806e+02,3.055039212549340277e+02,5.901677021772819671e+02,1.135505709232568563e+02,5.622168510648731399e+01,1.329485351964970732e+03,2.315696563905083565e+02,1.855380547008142571e+02,2.270814055457602763e+02,1.451340525598856459e+02,2.449397441321778501e+02,1.316405846712229504e+03,-1.681641837957646430e+02,1.895126483826500703e+02,6.535762000380245240e+01,-7.326313695931609971e+01,2.613514789056729910e+02,1.569446899439352137e+03,-1.468186884198288453e+02
2.475973020541226504e+02,9.915077793840514460e+02,1.211536037625256313e+03,2.861812360742093233e+02,9.101410420523358198e+02,9.310969368825669790e+02,7.363168532022116608e+01,1.157913394363822590e+03,9.469607136507785299e+02,4.121025542067555421e+02,6.815742854890768285e+02,8.321042594744569669e+02,-1.054704764827986310e+02,1.217823134032260441e+03,7.406744963309847662e+02,3.531381142901747694e+02,6.380301212533403259e+02,1.033750013914116607e+03,2.191152795462666347e+01,1.279925092839471972e+03,6.354664353079925831e+02,2.879665029347983705e+02,8.150233894527918892e+02,4.346356504947208350e+02,-1.699502740479269747e+01,9.625729847414901315e+02,4.136855744673454751e+02,3.089692202815096493e+02,6.162962297579958886e+02,1.045985521011980239e+02,4.812021528245624324e+01,1.334808500324749730e+03,2.317191642507504525e+02,2.026073150049818992e+02,2.504094278924938237e+02,1.537259953955654339e+02,2.506951194992372791e+02,1.319872867138361244e+03,-1.652896741697373670e+02,1.687582402727219630e+02,8.928456226786838101e+01,-6.837525444761361371e+01,2.604817669306562493e+02,1.572806898537129882e+03,-1.474492029941933993e+02
2.328025383171856504e+02,1.013072453116445672e+03,1.204105317780960149e+03,3.092444990203188695e+02,9.583617676788154540e+02,9.207804914222879233e+02,3.719366779270034584e+01,1.159296153739696820e+03,9.281619401982106865e+02,5.001479866449419092e+02,7.713079859865124490e+02,8.127001655695304407e+02,-1.335793990242724760e+02,1.199919618895193707e+03,7.089842637841226178e+02,4.182417200974825278e+02,6.843516338920975386e+02,9.989072596457307327e+02,-1.219829325662822939e+01,1.293296033208645213e+03,6.240702254871446257e+02,3.086525883817380418e+02,8.437754219011951591e+02,4.295368131397345337e+02,-1.009761568356439909e+01,9.580307663674623200e+02,4.142133579618694625e+02,3.130791218853288456e+02,6.435553004766902632e+02,9.396803098712938151e+01,4.334519853391697097e+01,1.337845472171794427e+03,2.338771137241825215e+02,2.201325734875434250e+02,2.753365437125392532e+02,1.572425536574758382e+02,2.558057703860766878e+02,1.321838576374799459e+03,-1.618135137516770499e+02,1.543485659172050930e+02,1.163723349448907243e+02,-6.345757744749619178e+01,2.617193726087634786e+02,1.574272396547966082e+03,-1.457362326422926344e+02
2.212788915820505906e+02,1.036041544473840986e+03,1.195452992852690841e+03,3.287178136463602414e+02,1.012461255287567724e+03,9.151979232434773621e+02,1.043862668550963058e+01,1.153449085572576450e+03,9.101585763461916940e+02,5.692425736001445102e+02,8.788799395523402609e+02,8.034856688955305799e+02,-1.486332746952817558e+02,1.181673111060961219e+03,6.804879537824785984e+02,5.016387713696784658e+02,7.535557140546336541e+02,9.748541366249611428e+02,-3.868980808800745308e+01,1.305777311416321936e+03,6.112610461209411596e+02,3.243166178890575679e+02,8.684003700786727222e+02,4.245989181447527585e+02,-2.841484578389346538e+00,9.533548971689015161e+02,4.158029975759129115e+02,3.172296190240764986e+02,6.728263925306986266e+02,8.086802378476279785e+01,4.055201859852424917e+01,1.339217376520461357e+03,2.361036607578524240e+02,2.389310768839644652e+02,3.026999848611735047e+02,1.556694789334133020e+02,2.590060778342340768e+02,1.322552596472382447e+03,-1.588097481193271676e+02,1.482494168399464911e+02,1.462906031817223038e+02,-5.967927817638027221e+01,2.633175584315231958e+02,1.574401921946605398e+03,-1.432304084219694857e+02
2.132029454783316282e+02,1.061903010574916379e+03,1.186019509379068268e+03,3.422713886020451355e+02,1.071380322178596543e+03,9.128514548422040207e+02,-6.492172230048678827e+00,1.144884671994981090e+03,8.947668377256620715e+02,6.146205262791567066e+02,9.963854609535432019e+02,8.030716239441517246e+02,-1.535274919246515708e+02,1.166131618501318826e+03,6.571081179835982766e+02,5.951566925332302844e+02,8.539451200688770314e+02,9.616431380714955139e+02,-5.834469121527622804e+01,1.317984595889717184e+03,5.987815645677951579e+02,3.355286061219069325e+02,8.888536572180439634e+02,4.200076126653268602e+02,4.513477264872273409e+00,9.493312295261401914e+02,4.182549891713426859e+02,3.208392498273316278e+02,7.046415991253342099e+02,6.534497525519262240e+01,3.848854791414836285e+01,1.339354538992804692e+03,2.371317909306964111e+02,2.596968359326641576e+02,3.330777681106088153e+02,1.495961620293234375e+02,2.596484118777399317e+02,1.322099690114957411e+03,-1.566696015623300013e+02,1.508794614174866524e+02,1.786640221431961493e+02,-5.794741257872765772e+01,2.636918236972641694e+02,1.573353585623682193e+03,-1.411329480511851671e+02
2.080015160379976749e+02,1.091363398309433251e+03,1.176565868746925617e+03,3.485195927669022922e+02,1.132697684651825284e+03,9.118727110627581851e+02,-1.515765998737705544e+01,1.138262816599924463e+03,8.832700873124563259e+02,6.357149667991807291e+02,1.115306425777188224e+03,8.097475752854142002e+02,-1.518520142691818648e+02,1.155382115753428252e+03,6.401196881529297116e+02,6.823922974012750728e+02,9.881282689406452846e+02,9.543861261298252430e+02,-7.201928023936378054e+01,1.331060037996947813e+03,5.886409847122363317e+02,3.432957264527262851e+02,9.054800784602060730e+02,4.159947134543895686e+02,1.171950575514713933e+01,9.463233469238089128e+02,4.215891357124953061e+02,3.234604400979570187e+02,7.389717463402483872e+02,4.837493670076384689e+01,3.652357862912388953e+01,1.338490663914699098e+03,2.366922827198744983e+02,2.826916266074530313e+02,3.664370183920457293e+02,1.401025046855233143e+02,2.579438482993898560e+02,1.320457547532244462e+03,-1.550760274032888617e+02,1.611796548111247773e+02,2.130026875242967606e+02,-5.865667698237063377e+01,2.618600072122004576e+02,1.571034057101000599e+03,-1.400362593683740045e+02
2.046282743722291286e+02,1.124288507698436661e+03,1.168056058338494722e+03,3.471861279449227595e+02,1.193202456867382352e+03,9.108736148134202040e+02,-1.802066173402064919e+01,1.137274673548892451e+03,8.761463061729833726e+02,6.349369644615717334e+02,1.228693121023548656e+03,8.215840914984237315e+02,-1.469169090654292233e+02,1.150325976812772524e+03,6.299620653378849511e+02,7.427566952708120880e+02,1.150662618301051907e+03,9.452784214420894386e+02,-8.057496773838202841e+01,1.346040511907948030e+03,5.825590303486737866e+02,3.488142502285525666e+02,9.188303386321369999e+02,4.128678888026049094e+02,1.862221923412939617e+01,9.443439314752847622e+02,4.259894688457547431e+02,3.248405169331678053e+02,7.751523186766351046e+02,3.164082789068731572e+01,3.489735805550662917e+01,1.336749716374013360e+03,2.353761980729562993e+02,3.074877658304990291e+02,4.019771606106014019e+02,1.286295796747053828e+02,2.548478770276823013e+02,1.317562075550454438e+03,-1.533365432543623967e+02,1.770274652613338162e+02,2.486206617920824442e+02,-6.157265280818631936e+01,2.577353501176036730e+02,1.567290026159924082e+03,-1.399654488994271446e+02
2.019741997470480612e+02,1.159867895561200385e+03,1.161443395262200283e+03,3.390606802036662089e+02,1.249795196966942967e+03,9.094492016643151828e+02,-1.756093989438488023e+01,1.143734725572839807e+03,8.731197944885951756e+02,6.158362913942610248e+02,1.332307180634549013e+03,8.359651281010098955e+02,-1.410887334478447031e+02,1.150691825442502704e+03,6.262196910634174856e+02,7.580659098556650406e+02,1.328296879257939281e+03,9.269956204560360220e+02,-8.496021886236160015e+01,1.363118269194766754e+03,5.815515143626756753e+02,3.532540794145788254e+02,9.295278755214508237e+02,4.110506283652692900e+02,2.523442161827385632e+01,9.432595193162959504e+02,4.316802752690433067e+02,3.249437146454676508e+02,8.119737532754581935e+02,1.707727456303351943e+01,3.454840373374891271e+01,1.334256981878789020e+03,2.341843112199192660e+02,3.328787949212353396e+02,4.382430258701324419e+02,1.168517968915834331e+02,2.516374496153249254e+02,1.313352852568426215e+03,-1.508590424163625983e+02,1.958128550080541572e+02,2.846318624570665179e+02,-6.590626704517576684e+01,2.521320139024342097e+02,1.562057354585457233e+03,-1.406387290578055058e+02
1.992276646968332443e+02,1.196908156872217205e+03,1.157417555736614759e+03,3.258052916850207339e+02,1.300361195716430302e+03,9.080896024873512715e+02,-1.566084478616572540e+01,1.157195705988853661e+03,8.734622987468324027e+02,5.817261094558311925e+02,1.424381564540151658e+03,8.491150757342226143e+02,-1.356029479300867138e+02,1.155231961968707537e+03,6.277544304962129900e+02,7.189738179963612765e+02,1.502997481211903960e+03,8.957498410822327060e+02,-8.633410306598186423e+01,1.381225966992554504e+03,5.857219323904631665e+02,3.576253324550422690e+02,9.382226984472871436e+02,4.110980771885764398e+02,3.177104484820974051e+01,9.429909716559714070e+02,4.388073714643818448e+02,3.239526934785071148e+02,8.478909170644460573e+02,6.370234701321158433e+00,3.660753002738312745e+01,1.331204647438027905e+03,2.340108162727233037e+02,3.570329426167712086e+02,4.734483072075392442e+02,1.065251738632687477e+02,2.493745043817194187e+02,1.307812475271103267e+03,-1.475020745191260119e+02,2.149923728901291327e+02,3.200518264843094585e+02,-7.056643905947294115e+01,2.464414897490017324e+02,1.555453793087227723e+03,-1.417621103593817224e+02
1.960521927713282082e+02,1.234153532691867440e+03,1.156199923635958157e+03,3.096363329949193712e+02,1.344272568592988591e+03,9.075942916602911055e+02,-1.342041534639349365e+01,1.175267438125018316e+03,8.763555471868935456e+02,5.353459877105403848e+02,1.504419430047229525e+03,8.563003205661286756e+02,-1.307870926784773928e+02,1.162044110596797509e+03,6.329767528723025407e+02,6.283752513030025284e+02,1.656635195647996625e+03,8.525061573250526408e+02,-8.608492893830280934e+01,1.398215732526115517e+03,5.942614662299639576e+02,3.627235247813636647e+02,9.456135305561658697e+02,4.136268665643697773e+02,3.862873775426286471e+01,9.436021466184615747e+02,4.473706352754506952e+02,3.222638735395444201e+02,8.812869332928133872e+02,5.914911685004474728e-01,4.182311805389598192e+01,1.327857532167281533e+03,2.352718036505625037e+02,3.778785141967124446e+02,5.058650517734311052e+02,9.927965705897013038e+01,2.485086914752342580e+02,1.301038060719165287e+03,-1.436374319416949845e+02,2.324986693582618500e+02,3.539539034284790660e+02,-7.449797393488793773e+01,2.420805116900362748e+02,1.547847781580392848e+03,-1.431917939479045003e+02
1.925495551832628109e+02,1.270553456188717746e+03,1.157477113570702386e+03,2.928815578579776115e+02,1.382348184888008291e+03,9.083606199760419031e+02,-1.131370356770485763e+01,1.194572204049425409e+03,8.811467923231742816e+02,4.793388721819573561e+02,1.571921761576639256e+03,8.529748555761760826e+02,-1.264711607529842894e+02,1.168972755192346085e+03,6.402276129548821473e+02,5.002861590382129293e+02,1.775468688405950843e+03,8.019685015742586529e+02,-8.567623171307570829e+01,1.411561360607078768e+03,6.056417665993249102e+02,3.691176884332427335e+02,9.524913796513412763e+02,4.191299169748228337e+02,4.630788418779983573e+01,9.452687235545863587e+02,4.572139174093067027e+02,3.204843912503864090e+02,9.107482006567471444e+02,5.710591378995255596e-02,5.019124973891963037e+01,1.324533612960100982e+03,2.377911295981647299e+02,3.936133240065906875e+02,5.341406651611350753e+02,9.636534247617156268e+01,2.487946528950476477e+02,1.293352851348449803e+03,-1.399410992354828522e+02,2.469619075629694862e+02,3.855942656609500432e+02,-7.696570063402363360e+01,2.399302520782308648e+02,1.539911587350512491e+03,-1.449136332956427111e+02
1.890636124907510975e+02,1.305417749126988838e+03,1.160515812670744026e+03,2.774490161063585560e+02,1.416325772976705139e+03,9.099713878315012607e+02,-9.461513083826977422e+00,1.211993510950071141e+03,8.874364192551648785e+02,4.168250564857315794e+02,1.625815337864448566e+03,8.364699192876897769e+02,-1.223424981745877602e+02,1.174025315847118236e+03,6.482021816791183255e+02,3.548816522900032737e+02,1.852774743604002651e+03,7.501972227484276345e+02,-8.638342416378401367e+01,1.419201859746751325e+03,6.179851000634944285e+02,3.771429220004813487e+02,9.597514473426056156e+02,4.277385181836978063e+02,5.528800107442970102e+01,9.481943666919606812e+02,4.680569896853543810e+02,3.194234143919676967e+02,9.353190508348170624e+02,4.397992137026137449e+00,6.092661775139639957e+01,1.321591800213293709e+03,2.409497523645468391e+02,4.031687764748764948e+02,5.574713969580014918e+02,9.842142372267196038e+01,2.495341035368435030e+02,1.285396544968307580e+03,-1.370693935387625402e+02,2.577594030005240597e+02,4.144516786337307508e+02,-7.766979502941549640e+01,2.400206454750018850e+02,1.532601982926821847e+03,-1.469150831011952221e+02
1.859278600488613904e+02,1.338426854469641057e+03,1.164417699737382691e+03,2.643399472057261619e+02,1.448080910311511161e+03,9.113032043296853999e+02,-7.822814622070487722e+00,1.225719758615603951e+03,8.950384280072822776e+02,3.514740419284515269e+02,1.664780316006744442e+03,8.073520203458523383e+02,-1.181036831710745361e+02,1.175709842276377913e+03,6.563027404539338931e+02,2.121002338536420382e+02,1.888947966873790620e+03,7.023017320364467651e+02,-8.905977512822366293e+01,1.420086278886093396e+03,6.295642685801580001e+02,3.868805991535237467e+02,9.683302332961602588e+02,4.390701985219472476e+02,6.588322152647094754e+01,9.525377900759151544e+02,4.795532791185529504e+02,3.200509923194917974e+02,9.546804943104064023e+02,1.277279411109589624e+01,7.272748499043404991e+01,1.319423270525830958e+03,2.440069603316835014e+02,4.064709035331936207e+02,5.756310290041963071e+02,1.053640610699482352e+02,2.499978395309134385e+02,1.278099696309934416e+03,-1.354084089786566665e+02,2.649374753539643734e+02,4.401890525804124650e+02,-7.666628068680792296e+01,2.416206220290247018e+02,1.527000009279236565e+03,-1.490739055413748702e+02
1.832621676255946284e+02,1.369507913039730738e+03,1.168403135859765825e+03,2.534088982996084383e+02,1.478906246959388682e+03,9.110581626640810100e+02,-6.244196038164054663e+00,1.235662839979578166e+03,9.038894716331056998e+02,2.870033070015966814e+02,1.688078517626940084e+03,7.696300700060115787e+02,-1.134436100281369590e+02,1.173219413303711008e+03,6.647866049373617443e+02,8.657244362206074584e+01,1.889549383414264412e+03,6.612873207229630452e+02,-9.403814800883193925e+01,1.414217208865031580e+03,6.393018663338282295e+02,3.981408572135059103e+02,9.790517145169649211e+02,4.522835530588861275e+02,7.812002933122313664e+01,9.583607741301373153e+02,4.913599306633547599e+02,3.233972369964819222e+02,9.691697802734965990e+02,2.414353423369118090e+01,8.417252758831577353e+01,1.318414044391960033e+03,2.464381250945504860e+02,4.044253586082587617e+02,5.888884028777362118e+02,1.164609630347150215e+02,2.498117484933177650e+02,1.272499196757549043e+03,-1.350015625147433411e+02,2.690586901236446238e+02,4.625837300712943261e+02,-7.416412483459892258e+01,2.436907301220501552e+02,1.524026684346014918e+03,-1.511414038000291953e+02
1.808892971819782076e+02,1.398637448353808395e+03,1.172008363563818875e+03,2.435278879599068489e+02,1.509116138631957938e+03,9.083936747484352736e+02,-4.442642512566975732e+00,1.243125037643596670e+03,9.139582875028575017e+02,2.264967329553222157e+02,1.696245991271365483e+03,7.295731228218023716e+02,-1.079506323868997129e+02,1.166455642901856436e+03,6.746105234259035797e+02,-1.444424253312425321e+01,1.862529401462979649e+03,6.282236605064082369e+02,-1.011783160617731454e+02,1.402326391635989694e+03,6.470690106746646961e+02,4.104788028631560906e+02,9.924092801661709018e+02,4.663458338749182985e+02,9.168294704593306221e+01,9.655737674140709714e+02,5.032029800191571667e+02,3.303915924506708279e+02,9.795878279388085730e+02,3.754524681290898513e+01,9.408635445542195441e+01,1.318848492476885667e+03,2.481365019167459138e+02,3.986681052354502413e+02,5.978545953828304391e+02,1.305909731877238471e+02,2.491253655500285902e+02,1.269452872081077658e+03,-1.356304729564873526e+02,2.710352785621064413e+02,4.814733936735325983e+02,-7.031045568371592935e+01,2.454461480416658787e+02,1.524160201737962552e+03,-1.528148893114428972e+02
1.783890789453778609e+02,1.425667781935919038e+03,1.175143621309136961e+03,2.331364271199601603e+02,1.538085704263151001e+03,9.033129146489534378e+02,-2.040242489492108735e+00,1.249942537230327616e+03,9.251738299430694497e+02,1.720058163092173800e+02,1.691227551789701238e+03,6.936456269538408606e+02,-1.011139938026128959e+02,1.155940729996450273e+03,6.869914173535820510e+02,-9.014686990089393248e+01,1.815888090933683770e+03,6.031244425090035293e+02,-1.099912817631982165e+02,1.385482945742047150e+03,6.536259668195194763e+02,4.232634817133834986e+02,1.008361092908225828e+03,4.803843840972148769e+02,1.059555145424063767e+02,9.738828073487337633e+02,5.149161334574217790e+02,3.416717613271580944e+02,9.868545358850927869e+02,5.228539844485156607e+01,1.017816033887648928e+02,1.320762108221739936e+03,2.493985323794255180e+02,3.912089452531958500e+02,6.033089920121940395e+02,1.466108697436307580e+02,2.484991214527966576e+02,1.269383671506838255e+03,-1.369473413705728433e+02,2.720084124028753649e+02,4.967419102887349140e+02,-6.504348064025910503e+01,2.467111158739215284e+02,1.527304004004167609e+03,-1.538463335369416995e+02
1.752595006851631467e+02,1.450276895356544856e+03,1.178036435889471022e+03,2.209537422674584093e+02,1.564642190909884221e+03,8.966503114605285418e+02,1.292635941288573731e+00,1.257558829428782929e+03,9.373800735597117182e+02,1.246111261747795709e+02,1.675974092500831148e+03,6.665076983859283928e+02,-9.246897083905508907e+01,1.142673149721645359e+03,7.028616721256753408e+02,-1.436018254463101584e+02,1.756477072921595891e+03,5.857294308312004887e+02,-1.197586165355343866e+02,1.364837607813653904e+03,6.602171057160102237e+02,4.357884658832391551e+02,1.026252978020376531e+03,4.939374825337440598e+02,1.201474426288240664e+02,9.828011583923920398e+02,5.264376306570527504e+02,3.574027059175150498e+02,9.917018518847961559e+02,6.801124324319739856e+01,1.071504270422635159e+02,1.323812837563936000e+03,2.507159028473840863e+02,3.841094519123382725e+02,6.060705157301342751e+02,1.637013225672550902e+02,2.485889807279688455e+02,1.272175814382712588e+03,-1.385787322264569639e+02,2.733005084337989956e+02,5.083486850913203625e+02,-5.803426757484884035e+01,2.478793248300072491e+02,1.532867636469020454e+03,-1.541395462441033146e+02
1.711189811705966122e+02,1.472089419044707483e+03,1.181120131815437162e+03,2.065302626710140146e+02,1.587592967333137494e+03,8.897113494455713862e+02,5.633553707224991491e+00,1.266461040673035086e+03,9.503294512316170994e+02,8.476909180834454105e+01,1.653844157917412986e+03,6.499127184094114682e+02,-8.181467571472374800e+01,1.127955144561912675e+03,7.224789519745764892e+02,-1.791109716877403741e+02,1.689889050667911079e+03,5.757313469623278479e+02,-1.296077208351759111e+02,1.341493823851769548e+03,6.680216336649301638e+02,4.473907923731527490e+02,1.044961763449832233e+03,5.069851136036353410e+02,1.334630532277212183e+02,9.918011462820567203e+02,5.377676051993176998e+02,3.771488691643569382e+02,9.946137722321680030e+02,8.461436487632353476e+01,1.106044408500611098e+02,1.327272621549905352e+03,2.524838263070215589e+02,3.792772254153153995e+02,6.069721901479382495e+02,1.815625348100574854e+02,2.497995809552515425e+02,1.277261581549388666e+03,-1.401942199305369456e+02,2.764053744469900948e+02,5.163920261731828987e+02,-4.870828775621517082e+01,2.495374980660286610e+02,1.539995003002408112e+03,-1.538121909744382094e+02
1.658651275548674562e+02,1.490913291863302447e+03,1.184911868993070584e+03,1.903929394339024270e+02,1.606156039135455785e+03,8.837768500232355109e+02,1.065994561631888971e+01,1.276173169569939546e+03,9.637199619841987897e+02,5.262057053242838123e+01,1.628135844144066141e+03,6.427968080077524746e+02,-6.936693162290471548e+01,1.113198403444504947e+03,7.453688600140909557e+02,-2.005791558391073579e+02,1.620848472787216906e+03,5.725248797692358949e+02,-1.385665746699432361e+02,1.316393612599574908e+03,6.777292791277445758e+02,4.575468289387501386e+02,1.063246427578964358e+03,5.197783968463274960e+02,1.452534823396140098e+02,1.000587959895635436e+03,5.489088872469023954e+02,3.998563811954855964e+02,9.960588155260703616e+02,1.020179066049112606e+02,1.128803246457162288e+02,1.330192405938976208e+03,2.547684359809865384e+02,3.783610420623580808e+02,6.069290623224260344e+02,2.003863334794521336e+02,2.520746086988106356e+02,1.283836206745347909e+03,-1.415719143983330071e+02,2.829279767961068046e+02,5.211811596416278007e+02,-3.634473459939422213e+01,2.520000701628671038e+02,1.547806258181029534e+03,-1.532074915986513020e+02
1.597136632850137232e+02,1.506941562975916895e+03,1.189891403671597573e+03,1.737470032212904698e+02,1.620151626260936837e+03,8.797029415519848499e+02,1.566783218333279315e+01,1.285693416142421484e+03,9.772594716831687265e+02,2.805700221380853421e+01,1.601809548900921527e+03,6.422816949810787719e+02,-5.574007661572721872e+01,1.099708390300932251e+03,7.705812493162366081e+02,-2.110557843832378921e+02,1.553445116895338515e+03,5.748971871357761074e+02,-1.456629545816836355e+02,1.290184760140045000e+03,6.894119621366762658e+02,4.659334879941872600e+02,1.080154940803705131e+03,5.325991245906566292e+02,1.551142846699051745e+02,1.009328752756296694e+03,5.598248684377424524e+02,4.240120662440920114e+02,9.968041590114747805e+02,1.199761237332182020e+02,1.147692762971583562e+02,1.331685092418954582e+03,2.572473092712664311e+02,3.826553994031147568e+02,6.069900633249671955e+02,2.206277554280776769e+02,2.549135244933895308e+02,1.291090832516720866e+03,-1.426613092522576380e+02,2.943848534730981896e+02,5.232702922854177814e+02,-2.025949683937301771e+01,2.550389242065280371e+02,1.555555653417254234e+03,-1.528349856910027427e+02
1.530906722671347211e+02,1.520767617612893218e+03,1.196379335867835607e+03,1.579093952609799771e+02,1.629958238844881862e+03,8.777570933942996589e+02,1.979758195013720012e+01,1.294069692146623311e+03,9.907259163748014998e+02,1.058368393307650024e+01,1.577237100351000663e+03,6.450256337594197475e+02,-4.174438769865349741e+01,1.088452894128796288e+03,7.970775056806413659e+02,-2.129806048063985031e+02,1.490888053736351821e+03,5.810617157233643866e+02,-1.501186467434710323e+02,1.263163371551720047e+03,7.026786838314202441e+02,4.724606340806163303e+02,1.095278951982424587e+03,5.455941825166584067e+02,1.629250412978662439e+02,1.018619117576488179e+03,5.704409111348935539e+02,4.480085196037329638e+02,9.979711801012144861e+02,1.380322824700574529e+02,1.168703102810709566e+02,1.331194598075425347e+03,2.593595449169438893e+02,3.929220508619341103e+02,6.082281527310963156e+02,2.426878359202370063e+02,2.575991450053959397e+02,1.298383676138627152e+03,-1.435919885003347076e+02,3.118421698691968231e+02,5.234033177057059447e+02,-5.295609286926994397e-02,2.579714830314569554e+02,1.562704322552061285e+03,-1.532268077999341358e+02
1.464291830813739921e+02,1.533180360572388736e+03,1.204428435201912180e+03,1.437506667073497795e+02,1.636346345646018790e+03,8.776916343323626961e+02,2.240085289398454549e+01,1.300818943315735169e+03,1.003999070542848585e+03,-8.217424054552666668e-01,1.555843373194471496e+03,6.483952342720315301e+02,-2.808041016038930593e+01,1.079842028691940868e+03,8.240448534906544182e+02,-2.085116274553020332e+02,1.434915482096553660e+03,5.891316256421345088e+02,-1.516138751263192717e+02,1.235390565605122674e+03,7.169591818653135533e+02,4.772813962034523456e+02,1.108745905999419847e+03,5.587486862456446488e+02,1.688494865696894749e+02,1.029119396347520478e+03,5.806903680268899279e+02,4.706391099414040582e+02,1.000652199739190337e+03,1.556857652117311943e+02,1.194596501333417962e+02,1.328640567508909271e+03,2.606019411215314108e+02,4.091251615910393298e+02,6.114214056429409538e+02,2.666487414939713290e+02,2.595315558089421870e+02,1.305333136243565377e+03,-1.445823252364247082e+02,3.354810683268636922e+02,5.223560143332778125e+02,2.414480322033404391e+01,2.600588582241396693e+02,1.568968598014281724e+03,-1.547346049389095413e+02
1.399800244047139017e+02,1.544862243844954264e+03,1.213762154175450860e+03,1.313792316799322748e+02,1.640311338458708406e+03,8.789455438822216138e+02,2.338266025410276328e+01,1.306056344917702518e+03,1.017058615239784899e+03,-7.691948912098599322e+00,1.537738337894518054e+03,6.511245554132780171e+02,-1.507001036973112384e+01,1.073585403839893843e+03,8.510308156812811831e+02,-1.995863489236589032e+02,1.385267366785176364e+03,5.977655074595680844e+02,-1.505061610586468248e+02,1.206939553328424154e+03,7.317394839569550413e+02,4.807774295978057353e+02,1.121016239423862544e+03,5.719586602131695372e+02,1.733099066501317509e+02,1.041059339490096136e+03,5.905739826395558794e+02,4.915231925728771785e+02,1.005281371115929005e+03,1.726615694649209729e+02,1.225003445981579944e+02,1.324413874296796621e+03,2.608225575118871120e+02,4.302043449983862047e+02,6.166668082854021122e+02,2.921593833268123603e+02,2.605131368549666036e+02,1.311849749454958101e+03,-1.457822441174329242e+02,3.642822514792998732e+02,5.207355713072698791e+02,5.153224041285712076e+01,2.609715950219309093e+02,1.574374877141101024e+03,-1.573478076521731168e+02
1.337405646053598218e+02,1.556186139525775161e+03,1.223798172299142607e+03,1.201655637946286390e+02,1.642953065061784628e+03,8.808378732782041425e+02,2.331950924235155043e+01,1.310372093542621315e+03,1.029957982949445977e+03,-1.189556825083387714e+01,1.521624236959139353e+03,6.533267048012895657e+02,-2.564288329111140463e+00,1.068715337504331728e+03,8.779042821934245922e+02,-1.877912201024175545e+02,1.339601407279332079e+03,6.065470654955062173e+02,-1.478557487253404759e+02,1.178083553039915842e+03,7.466528190602458608e+02,4.835122193780067050e+02,1.132660098449090128e+03,5.851159165270634048e+02,1.769332216515944936e+02,1.053962773174406948e+03,6.001871180419103666e+02,5.112228859890918784e+02,1.011236916571470033e+03,1.890790614551116846e+02,1.257411208094467838e+02,1.319265196493977101e+03,2.603420182699985048e+02,4.540745348071381500e+02,6.231981810362996157e+02,3.184915791496705424e+02,2.608403373729097439e+02,1.318109680986678541e+03,-1.471635350133193185e+02,3.960353175849619447e+02,5.188533115036879053e+02,8.068417312405119901e+01,2.610244748779053907e+02,1.579273662320414360e+03,-1.606406324705729105e+02
