-5.793437593381637329e-01,-5.958103014529468311e+01,1.729552649209114406e+03,-3.593445217069216113e+01,-2.031477916460441406e+02,1.413151384033531031e+03,1.671921758476131004e+01,1.554886141441572533e+02,1.443415368315756041e+03,1.495239579989141703e+02,-3.259501842799935503e+02,1.168755416656028501e+03,1.227292329708152181e+02,3.005670864611755064e+02,1.194179131471628352e+03,2.027752096455406843e+02,-8.774416665697587803e+01,1.246780243136948684e+03,2.268975991557277894e+02,1.265265922441739974e+02,1.287255544328521182e+03,2.189988190165785276e-01,-3.089628866388556716e+01,7.871743265144934867e+02,8.316553511537652810e+01,2.572228931687976115e+02,8.682477481504562320e+02,1.814877270474370050e+02,-5.657898766064107576e+01,4.244003095080413459e+02,5.292285922651519741e+02,2.234861900141006572e+02,9.316249417862054543e+02,-1.266527091873605793e+00,1.438166574452343660e+01,2.752679054843122142e+00,5.131668759834851699e+02,2.192014518381890014e+02,4.448246157903262201e+02,2.545106314031545196e+02,2.114130564186703154e+01,3.786280055648076370e+01,7.871607822027156089e+02,1.563205147252106144e+02,4.980163407082889648e+02
3.303442866958746227e-01,-6.394206309173674896e+01,1.734464192355739215e+03,-3.727834649711852677e+01,-2.055751721458777013e+02,1.417115882785570420e+03,1.852926373432491758e+01,1.505554044380777441e+02,1.446704443028153946e+03,1.445511208023451672e+02,-3.269895229782661090e+02,1.169609824149917131e+03,1.224202070926834551e+02,3.008387923974129308e+02,1.195939124458564038e+03,1.991229875673669483e+02,-9.448705706721732156e+01,1.247419737991500824e+03,2.237118223450766266e+02,1.244733274366499245e+02,1.285436594975218668e+03,-1.661089908873187193e+00,-3.186261765366885257e+01,7.863371060935819514e+02,8.457697576560104835e+01,2.570525698638770677e+02,8.708269436666911361e+02,1.786276101978434667e+02,-6.182790854152793258e+01,4.266324461199951088e+02,5.319184704027437647e+02,2.143615343679764464e+02,9.373277347388549288e+02,-6.178410496827680731e+00,1.252835960845778196e+01,2.847350594008532632e+00,5.283157512554292907e+02,2.088943323002163766e+02,4.536023598223877116e+02,2.536852840485767615e+02,1.817716502771361675e+01,3.931940827677940575e+01,7.981173948819745192e+02,1.526784635158168726e+02,5.195914444223752753e+02
1.322518366436790549e+00,-6.760318513900728021e+01,1.738767634689732631e+03,-3.830938464631731932e+01,-2.074798548345907818e+02,1.420301758202358997e+03,2.036884148112164539e+01,1.466076034393865655e+02,1.449703641780949056e+03,1.395645131577389009e+02,-3.272781460885283309e+02,1.170305434853700945e+03,1.225019345868666818e+02,3.015024135406801520e+02,1.197606906131375581e+03,1.952322815559654714e+02,-9.974503147631102706e+01,1.247191814230727232e+03,2.208273255049978445e+02,1.230679679603928349e+02,1.283436907378997148e+03,-3.035637988339983107e+00,-3.165446975595207135e+01,7.854152152303180401e+02,8.645523304725027458e+01,2.579108948588500425e+02,8.733679180109323852e+02,1.763371898607860544e+02,-6.644805587391185497e+01,4.288518820406292775e+02,5.346920179117944372e+02,2.076813083353134743e+02,9.446551388893185504e+02,-1.030365316980268453e+01,1.053210121135956534e+01,2.763898303063435868e+00,5.441739897075925683e+02,2.013219928091181430e+02,4.631817624775571289e+02,2.526577349749448729e+02,1.488939730796534455e+01,4.060516664608090309e+01,8.100208465618230775e+02,1.488742800598327847e+02,5.413261346170892239e+02
2.503599328811678681e+00,-7.005236581651890049e+01,1.742069862449266793e+03,-3.881347675680027720e+01,-2.084417208103662347e+02,1.422186392942034217e+03,2.231047101685996736e+01,1.443461867786811297e+02,1.452197452903292287e+03,1.345643770722752777e+02,-3.261559720134482063e+02,1.170582885420625871e+03,1.232091531146940184e+02,3.029037831592311250e+02,1.199058943493785364e+03,1.911071442730439571e+02,-1.025547228320651243e+02,1.245506127966123358e+03,2.184828484212272883e+02,1.228857172837272316e+02,1.281024303407970592e+03,-3.616381550795412458e+00,-2.949915568728533444e+01,7.843658146244350746e+02,8.912548237353239244e+01,2.604479526758910310e+02,8.758829632092517841e+02,1.750219238000036910e+02,-6.996476699667469745e+01,4.309810880440595611e+02,5.375456576076960573e+02,2.047910827032717123e+02,9.545936191869059257e+02,-1.319543483919726690e+01,8.369562836903961411e+00,2.425090558877725844e+00,5.609224000067513316e+02,1.980658731140359521e+02,4.741578149833551947e+02,2.513715431766918869e+02,1.119270691215940694e+01,4.156257821831120225e+01,8.231774045119746006e+02,1.449335284597737825e+02,5.633615261797301628e+02
3.973947185762770395e+00,-7.109801502349063185e+01,1.744287519015243561e+03,-3.874228252119239357e+01,-2.082376598935208278e+02,1.422655912196388044e+03,2.444245917203871699e+01,1.439966487459442703e+02,1.454084257505795676e+03,1.295894463373608687e+02,-3.231950636393174250e+02,1.170091991471871779e+03,1.245248111797416470e+02,3.052592307034834107e+02,1.200138066367657984e+03,1.870002583518959227e+02,-1.027134044361265097e+02,1.242252133057216042e+03,2.167817559268744958e+02,1.242864143794758007e+02,1.277946168152340306e+03,-3.440106869744634643e+00,-2.525599976488634724e+01,7.831975911543236180e+02,9.265748571129061872e+01,2.647204571228264740e+02,8.784378196875296680e+02,1.748117113778426983e+02,-7.215250009991605395e+01,4.328623240832649799e+02,5.403455687749104754e+02,2.054829695703493826e+02,9.671867366374019639e+02,-1.488588186069259400e+01,6.192641743850104241e+00,1.891130300804501285e+00,5.780797389108982998e+02,1.989944402986170076e+02,4.867626475216096082e+02,2.499592288799252628e+02,7.337881031896432482e+00,4.208119769037166691e+01,8.370887616513197145e+02,1.410882242287256929e+02,5.858308854897462652e+02
5.777769351272697307e+00,-7.083691852643073616e+01,1.745559603038485420e+03,-3.820618813003007830e+01,-2.068341735796500416e+02,1.421960969438535585e+03,2.681383102100678073e+01,1.453212858130981715e+02,1.455351739004117917e+03,1.247184106544955426e+02,-3.182705882652759328e+02,1.168476632498436629e+03,1.262481757665522650e+02,3.086093033564481516e+02,1.200688489616375591e+03,1.831936715471134107e+02,-1.006052923399913936e+02,1.237796805039747369e+03,2.156571800176428155e+02,1.272795440154854418e+02,1.274003070488356116e+03,-2.795164039057083993e+00,-1.933095632802283248e+01,7.819337828282194778e+02,9.688535755571533059e+01,2.702815708431850794e+02,8.810990951910262083e+02,1.755684946418362244e+02,-7.301730683673244471e+01,4.343052647966276254e+02,5.428609647858359040e+02,2.084093424083830541e+02,9.817003221967513582e+02,-1.574131708514832440e+01,4.301115366708193832e+00,1.313058843632794348e+00,5.946580558353905417e+02,2.025970345438469451e+02,5.008743675709005174e+02,2.486677212167324171e+02,3.829315735142820643e+00,4.214763264451089952e+01,8.506740110076220844e+02,1.376436093468356319e+02,6.088654525473423291e+02
7.862153197954858008e+00,-6.950983316200034778e+01,1.746077356755699157e+03,-3.740338080214706196e+01,-2.043281326491746199e+02,1.420520372090251385e+03,2.939152889105019995e+01,1.477835841154422098e+02,1.456026245018395912e+03,1.200435499641017429e+02,-3.115605872392896458e+02,1.165496453585637482e+03,1.281575620817006040e+02,3.127692972875168493e+02,1.200615199083429388e+03,1.797456990645206645e+02,-9.682344994473046995e+01,1.232763592518982932e+03,2.149149478552025698e+02,1.314541958074040053e+02,1.269104039149487789e+03,-2.039019260633578412e+00,-1.236979385089816397e+01,7.805742388599330752e+02,1.015196268645933486e+02,2.764697608894843484e+02,8.838638517049984102e+02,1.769792528474665971e+02,-7.273342872408362325e+01,4.351753856377083025e+02,5.448425775601580199e+02,2.119542501415020013e+02,9.970853652742646318e+02,-1.618243237738830942e+01,3.017025709214132156e+00,8.427323773499872939e-01,6.095265863653173710e+02,2.068537528257308793e+02,5.161592630791049032e+02,2.477286237574343488e+02,1.184552423489975137e+00,4.186116789376288239e+01,8.627153777119593769e+02,1.347570269411094728e+02,6.325550247251146629e+02
1.008903305359660507e+01,-6.733937669934958592e+01,1.745958166368991670e+03,-3.651967218623536127e+01,-2.008871101448923184e+02,1.418684830177087861e+03,3.207878022069304791e+01,1.507733935616060705e+02,1.456141952112076297e+03,1.156187618376573027e+02,-3.034740602140172996e+02,1.161106608229036055e+03,1.301588481582672330e+02,3.173111576286462991e+02,1.199940243784897802e+03,1.764309841542202264e+02,-9.187481367692473100e+01,1.227684294119357446e+03,2.143552201430121045e+02,1.360496473671205138e+02,1.263255650891876712e+03,-1.423525253732175644e+00,-4.906287425013604597e+00,7.790946089121621299e+02,1.062886747574713837e+02,2.827261035089409233e+02,8.866293713979238191e+02,1.786837239975988325e+02,-7.158288935868715441e+01,4.354708262434764379e+02,5.461008093494687046e+02,2.149714034692232474e+02,1.012459964523714689e+03,-1.646917627004523155e+01,2.520632682150075521e+00,5.581336450724435627e-01,6.217521612158018343e+02,2.101188017837084772e+02,5.322618897715301500e+02,2.472607244610551049e+02,-3.344655755131083485e-01,4.138381590509628438e+01,8.722311378685991485e+02,1.322924800482487910e+02,6.568399876424234662e+02
1.230753907259152236e+01,-6.444432782751714228e+01,1.745228037765546560e+03,-3.564636976433978788e+01,-1.967181323344871942e+02,1.416585520358878966e+03,3.479085687768190382e+01,1.538059663102815193e+02,1.455747136919028435e+03,1.114094108190224830e+02,-2.945395694951928363e+02,1.155454111755463600e+03,1.323264193603875469e+02,3.216570143621602824e+02,1.198825757746376667e+03,1.729378223603549714e+02,-8.611703300611704037e+01,1.222715729743601287e+03,2.139055759044383365e+02,1.401844007496168274e+02,1.256513969988778399e+03,-1.012715320227028259e+00,2.854685194399791737e+00,7.774847010419762228e+02,1.110424567059938425e+02,2.887898212549804384e+02,8.892361424480128562e+02,1.803894273959187160e+02,-6.989584099412074636e+01,4.353366280461065116e+02,5.465528411597600780e+02,2.170499455130055253e+02,1.027388312955637957e+03,-1.665634132507139853e+01,2.751445149951631475e+00,4.399584527811453150e-01,6.307491441743052292e+02,2.116498941962601634e+02,5.489263228850526275e+02,2.472516209928067781e+02,-8.576279274872595781e-01,4.084675514478146141e+01,8.786168313508031815e+02,1.298855900260514602e+02,6.813697134532898190e+02
1.444428693794016993e+01,-6.086389764786264323e+01,1.743884741579430965e+03,-3.475255548807722761e+01,-1.920530545438138574e+02,1.414133845593132492e+03,3.753098323316193330e+01,1.566415222609433897e+02,1.454924210874348319e+03,1.072847501990637653e+02,-2.852939529642321759e+02,1.148812106078896932e+03,1.348226265500347267e+02,3.253163964873095892e+02,1.197543875769391661e+03,1.691793781031815911e+02,-7.985758276903301578e+01,1.217599233453722036e+03,2.136728665734102037e+02,1.431730969185058200e+02,1.248971734565338011e+03,-7.027490394138967700e-01,1.102244947054766655e+01,7.757932734595747206e+02,1.157819457705481341e+02,2.947088852105210890e+02,8.915615985544208115e+02,1.819436223944374262e+02,-6.796809151986497000e+01,4.350010228747383962e+02,5.462361365223327994e+02,2.183631929052054943e+02,1.041869072401923631e+03,-1.668227825862872038e+01,3.444338377236888515e+00,3.981478413886502254e-01,6.362233244087544790e+02,2.116876208316622581e+02,5.659724849000892846e+02,2.476054324528047630e+02,-8.239758384246630429e-01,4.027705636561986324e+01,8.815877983152016668e+02,1.272091366589449422e+02,7.054097840320132491e+02
1.654917225274157033e+01,-5.664847812463683852e+01,1.741966357635370514e+03,-3.371997204889209598e+01,-1.871216361314960466e+02,1.411148542808625507e+03,4.040517177494476897e+01,1.593037084081751686e+02,1.453787347248564856e+03,1.030749762409021031e+02,-2.761919299730973307e+02,1.141507256928727429e+03,1.377694108558447397e+02,3.281678956881484623e+02,1.196397288689549896e+03,1.654848754100164570e+02,-7.344223619365335765e+01,1.211894389188177001e+03,2.138730850960350267e+02,1.447942525754854728e+02,1.240815552117395328e+03,-2.984453303686361858e-01,1.980706475671472333e+01,7.741385469347060280e+02,1.206200939001363537e+02,3.007010973190694472e+02,8.935977424347045144e+02,1.833498402224913946e+02,-6.596613846332178355e+01,4.346687637729739322e+02,5.453027729436395248e+02,2.193661378056212925e+02,1.056082634538552384e+03,-1.647787550345443464e+01,4.278365402544971552e+00,3.230749580051753833e-01,6.380209932603269181e+02,2.111823787783199577e+02,5.831509216944109539e+02,2.482077174096959880e+02,-7.301573898273094887e-01,3.960113014653509111e+01,8.810538535072988680e+02,1.242702791148479520e+02,7.278780625053973381e+02
1.876341782656380275e+01,-5.193324544633401274e+01,1.739571675886035337e+03,-3.241863073209720625e+01,-1.821019814064104025e+02,1.407520662353369744e+03,4.356199246320353780e+01,1.620029422047759340e+02,1.452448134959561457e+03,9.867043484700590739e+01,-2.675381410738492605e+02,1.133877168900726474e+03,1.411727323613066858e+02,3.305963848723123988e+02,1.195620908948506894e+03,1.625171458964768760e+02,-6.722845828986697825e+01,1.205332734937349187e+03,2.146857242276186355e+02,1.453767639642485392e+02,1.232403401733827195e+03,4.040470185540440684e-01,2.925310557308783643e+01,7.726658204495601012e+02,1.257076459766186787e+02,3.069671657264464670e+02,8.954500937989205340e+02,1.847323808016756175e+02,-6.387312443015861163e+01,4.344357384644336548e+02,5.440036223379768217e+02,2.205535320741733756e+02,1.070054436038200947e+03,-1.601228953419935408e+01,5.041218196507775140e+00,1.331907723689694234e-01,6.360229277795692724e+02,2.113475393411302719e+02,5.999943427954380013e+02,2.489641719982800225e+02,-8.641500679305877952e-01,3.872729240390125227e+01,8.770345808082903432e+02,1.215306234632963367e+02,7.475342383078301509e+02
2.123169032820243274e+01,-4.693369810748104243e+01,1.736834594731107245e+03,-3.078418825054698971e+01,-1.770694857463921323e+02,1.403320102724533626e+03,4.709856296148758759e+01,1.650004445951713876e+02,1.450977453554493877e+03,9.410177055905610644e+01,-2.594424055875174417e+02,1.126248678653865682e+03,1.449430810980924775e+02,3.333568018945835547e+02,1.195307621279735940e+03,1.609455665761092575e+02,-6.147637268409931011e+01,1.198050566750114967e+03,2.161257547699291592e+02,1.456583571972847437e+02,1.224260791572912467e+03,1.551045760528198869e+00,3.909831504324053242e+01,7.714705591921849646e+02,1.311587175065501754e+02,3.135649297605808670e+02,8.972499438516832697e+02,1.862658931717537882e+02,-6.152536150984270336e+01,4.342745649127234060e+02,5.426532748775799746e+02,2.223178069976729603e+02,1.083436107049806196e+03,-1.527398602272119810e+01,5.712239217035596894e+00,-1.976828495064792413e-01,6.301545488401003468e+02,2.132238197403986533e+02,6.158011963378537530e+02,2.498042239779057070e+02,-1.180572659078478415e+00,3.765090205748494157e+01,8.696450862831056838e+02,1.197554715372380798e+02,7.632726754922675809e+02
2.401667903850545116e+01,-4.186847499568731479e+01,1.733889146825907801e+03,-2.886095417030944077e+01,-1.719802089286638420e+02,1.398791993326403144e+03,5.099444626843359174e+01,1.684704273291723666e+02,1.449400333332585205e+03,8.953952006038373668e+01,-2.518106146270653767e+02,1.118900302257746716e+03,1.489655721806678912e+02,3.372142902065554040e+02,1.195390715957326165e+03,1.610612819882263977e+02,-5.626031447128970342e+01,1.190541393518335553e+03,2.180004443195512636e+02,1.464862844046155601e+02,1.216931974018814799e+03,3.180996730743358647e+00,4.885765697832341914e+01,7.705319729143843688e+02,1.369971884982700487e+02,3.204032192213393841e+02,8.990368322575905040e+02,1.880964263294824832e+02,-5.873285218885058612e+01,4.340929969723255795e+02,5.415600839989328961e+02,2.248400572218274647e+02,1.095547311207811163e+03,-1.424318567700902527e+01,6.428950958068221588e+00,-6.356910182447047530e-01,6.204817493376851871e+02,2.173953685171428845e+02,6.298025681437135290e+02,2.506723524517595081e+02,-1.379601148650484443e+00,3.650749620412274510e+01,8.591167607863445710e+02,1.196747878289728817e+02,7.744155520296149007e+02
2.706707761416184965e+01,-3.687235371798600880e+01,1.730850802096896132e+03,-2.679290630638941195e+01,-1.667089797196983909e+02,1.394253666849439242e+03,5.511299224545019371e+01,1.724164181957130495e+02,1.447728274464830747e+03,8.519818662574523671e+01,-2.443881117742384959e+02,1.111990638702125580e+03,1.531367790521643144e+02,3.425666909618709042e+02,1.195687953769252999e+03,1.625567088646403704e+02,-5.146681080669316088e+01,1.183361508372424851e+03,2.199572120196946798e+02,1.485062229628565262e+02,1.210734893440031556e+03,5.191192034143191414e+00,5.808777007651870861e+01,7.696988519726945697e+02,1.431333330112085207e+02,3.273363140256014958e+02,9.006927100817878227e+02,1.902810750017770260e+02,-5.541401660342061319e+01,4.338201857826439323e+02,5.409281346466700597e+02,2.279799352614748216e+02,1.105664829541431573e+03,-1.290524298299461314e+01,7.371624641207584538e+00,-1.099121467117713857e+00,6.072983018954498675e+02,2.239179182144392541e+02,6.414334490308391423e+02,2.515325466281832973e+02,-1.127163382157974070e+00,3.553428512232579806e+01,8.457963785674772907e+02,1.216501964343593585e+02,7.808929722754894556e+02
3.024997422263483315e+01,-3.196446040160029511e+01,1.727807028742923876e+03,-2.476859515515941013e+01,-1.611249212943143050e+02,1.389950989378627355e+03,5.926804536107532329e+01,1.766750712061549677e+02,1.445991177820657867e+03,8.119694395292196987e+01,-2.368567841619672265e+02,1.105485482774077582e+03,1.573373338100551280e+02,3.492705440326247412e+02,1.195980737342883913e+03,1.645951815039365158e+02,-4.686232023917362710e+01,1.176789455097257132e+03,2.215908132144445233e+02,1.519764434378552664e+02,1.205567968839427522e+03,7.338453331844406513e+00,6.666295432147495603e+01,7.687388703403228192e+02,1.493758673207218521e+02,3.342824699931169334e+02,9.019738282508296834e+02,1.927656002860868227e+02,-5.165797856545055566e+01,4.334615119758362880e+02,5.407772104251255314e+02,2.312332935282105666e+02,1.113379308996202781e+03,-1.130195845269242128e+01,8.635545208031015108e+00,-1.481655692042211481e+00,5.911199536566923598e+02,2.324323650633517104e+02,6.505478465842637661e+02,2.523875679123932514e+02,-2.763514667415853943e-01,3.496079644870368242e+01,8.300901124190496603e+02,1.255313991195440906e+02,7.832305376487818194e+02
3.341881789283316095e+01,-2.708398881622256837e+01,1.724796621653590591e+03,-2.294491925994549320e+01,-1.551570710598358289e+02,1.385948408524035358e+03,6.331952852017332845e+01,1.810078728805120818e+02,1.444223901780791948e+03,7.746811144798574844e+01,-2.289573425545785881e+02,1.099150994361462836e+03,1.613933995568058606e+02,3.567612714322776810e+02,1.196084919583578994e+03,1.661414124305578639e+02,-4.216979762344164584e+01,1.170665575989667104e+03,2.225783442785069610e+02,1.567646726237764199e+02,1.200913667853848665e+03,9.292820615477701551e+00,7.487454881946759144e+01,7.674268312255397859e+02,1.554786301350513327e+02,3.412840560509522447e+02,9.026186320340115117e+02,1.954076713375769714e+02,-4.767486901226477158e+01,4.330885938629384100e+02,5.409438351549144954e+02,2.338656411763283245e+02,1.118783070567481900e+03,-9.571616426294037083e+00,1.015411275207153885e+01,-1.682146391470064728e+00,5.725721247828626019e+02,2.423750544370691955e+02,6.574443202984117534e+02,2.532912882558256058e+02,1.039105089294684481e+00,3.489412144458239595e+01,8.123709247437443537e+02,1.307714365329701991e+02,7.823364436708332050e+02
3.647362885242671382e+01,-2.215089502741198757e+01,1.721777629110640419e+03,-2.138379413292060249e+01,-1.488129392388539145e+02,1.382107034178242202e+03,6.724740946010868470e+01,1.852406782995780077e+02,1.442404823094325593e+03,7.377985471877028090e+01,-2.205878880329475749e+02,1.092654360457905113e+03,1.651048184169984268e+02,3.643759888802184150e+02,1.195882345281195740e+03,1.663962044482957197e+02,-3.711849148129476106e+01,1.164508548373340773e+03,2.228144794451612825e+02,1.624879378488674320e+02,1.196067475239404530e+03,1.073772824876605547e+01,8.327092621662917793e+01,7.656279614263828535e+02,1.612064779000826888e+02,3.484707662393100804e+02,9.024610675318339190e+02,1.980395563565249688e+02,-4.367263198050198270e+01,4.327779606422157599e+02,5.411893901863537621e+02,2.352298799006802028e+02,1.122356855716999689e+03,-7.929843600444923979e+00,1.170419128539783138e+01,-1.633650635724863021e+00,5.522442698073018619e+02,2.531777015830823530e+02,6.626826248737385185e+02,2.543313711968361304e+02,2.482213661238480196e+00,3.526639977150829708e+01,7.929127022491309162e+02,1.367204986317097166e+02,7.791672242068630112e+02
3.938407318054040473e+01,-1.710512185361565685e+01,1.718614251491133018e+03,-2.003069424465696002e+01,-1.421603516616722516e+02,1.378160812738935419e+03,7.116247712811747306e+01,1.893725173023882746e+02,1.440400119029606003e+03,6.986334367463112471e+01,-2.118401439051740169e+02,1.085735557383184641e+03,1.683528016646920094e+02,3.716740294408673435e+02,1.195316304780553310e+03,1.651302293720704029e+02,-3.148853872312320590e+01,1.157818874588169592e+03,2.225007752212938783e+02,1.686986015653655500e+02,1.190473706942175795e+03,1.147459956649000112e+01,9.232376597069368529e+01,7.633372791226742038e+02,1.663903197743840678e+02,3.559522475154856238e+02,9.014825339334831824e+02,2.005468051015066919e+02,-3.974841069108049396e+01,4.325466966235606492e+02,5.413643595254420688e+02,2.351100138258560719e+02,1.124624295895636124e+03,-6.589333828204225085e+00,1.298938754749036306e+01,-1.321624618392616135e+00,5.306177823188521643e+02,2.643808248313543459e+02,6.667922821622726133e+02,2.555801078983206764e+02,3.700622977998021312e+00,3.587289859344976151e+01,7.719111171468297243e+02,1.429209686553275560e+02,7.744103848553596663e+02
4.217436841308880702e+01,-1.191819159486565205e+01,1.715117353915818057e+03,-1.874442291848284015e+01,-1.353171322233178842e+02,1.373853647857989245e+03,7.524222923415400999e+01,1.935741175459546355e+02,1.437981760886362053e+03,6.556315122455883682e+01,-2.029700230214257601e+02,1.078348567433243716e+03,1.712101333361931097e+02,3.785770799311745805e+02,1.194379059461200313e+03,1.627572209429313830e+02,-2.519163426663875072e+01,1.150366364422957986e+03,2.221282453396402445e+02,1.750304845417963975e+02,1.183979954009867924e+03,1.147935295855171667e+01,1.021269204511347084e+02,7.606607228965655167e+02,1.709436299552893388e+02,3.637138623771568291e+02,8.997837290630479856e+02,2.029245646598488122e+02,-3.586563996060145598e+01,4.323320431795402783e+02,5.415216661927482846e+02,2.338638845709075440e+02,1.125798323150089573e+03,-5.666198677978178999e+00,1.376861554793382325e+01,-7.843676587590220350e-01,5.081220508013590802e+02,2.756521386466184254e+02,6.700223869774179093e+02,2.570367208184553647e+02,4.507836410818188533e+00,3.647428392119913809e+01,7.495949553335128712e+02,1.492451268200778145e+02,7.683120998963004240e+02
4.489233497998904454e+01,-6.600476307702957790e+00,1.711137473760944886e+03,-1.736169513801610620e+01,-1.284694837788247526e+02,1.369070678653036339e+03,7.962079852565292981e+01,1.980604776523566386e+02,1.434936324206316840e+03,6.091742717287669961e+01,-1.943298501902406485e+02,1.070680513920002568e+03,1.739544827686078463e+02,3.852887694015963689e+02,1.193114299931090954e+03,1.601143080799014342e+02,-1.838016643997458388e+01,1.142288453862929600e+03,2.223278123485349909e+02,1.812729056911998953e+02,1.176877656068650367e+03,1.088770280380286515e+01,1.123186466457450194e+02,7.577539848862242025e+02,1.748368435311636517e+02,3.715892292307455591e+02,8.975090058071326666e+02,2.052767156246809748e+02,-3.191976705819204341e+01,4.320266679368207861e+02,5.418937462976007282e+02,2.322570538125493158e+02,1.125639242944912894e+03,-5.133148804185994507e+00,1.397757127467404636e+01,-9.752053036249075380e-02,4.852758060930813713e+02,2.867637925650421380e+02,6.722359173211818870e+02,2.585971677899734686e+02,4.956768842715362666e+00,3.690100540409400764e+01,7.263697762245964213e+02,1.558328936779587650e+02,7.606971109685154033e+02
4.758838795891051632e+01,-1.214997037106154920e+00,1.706658549093040619e+03,-1.576370580980086800e+01,-1.218825041818317345e+02,1.363897319442519347e+03,8.429161122787942872e+01,2.029159164836230218e+02,1.431202163665939224e+03,5.612713352677416623e+01,-1.862926937157793930e+02,1.063039407281952435e+03,1.769561683135554802e+02,3.920927243765844423e+02,1.191631325234144924e+03,1.580703882441146675e+02,-1.150568216602455962e+01,1.133960788934542279e+03,2.236442459788556505e+02,1.873815778684488009e+02,1.169729269733309366e+03,9.930115900067141510e+00,1.222702025558187557e+02,7.547521012645771634e+02,1.780541575667797360e+02,3.793331032591596568e+02,8.947740040457064197e+02,2.077539411773371114e+02,-2.783269336521294690e+01,4.315390246460673893e+02,5.427417924913513616e+02,2.310973307403162664e+02,1.123587534386712832e+03,-4.847185440213345409e+00,1.378364780463216022e+01,6.475392654109637380e-01,4.628104199227448134e+02,2.975881396563547696e+02,6.729572469450613426e+02,2.600771794567089614e+02,5.274675406455402893e+00,3.710235925083430431e+01,7.029200723213468791e+02,1.629066218972763238e+02,7.511305716561096233e+02
5.031366492199717300e+01,4.119841916183528241e+00,1.701820763869848179e+03,-1.391492872190078600e+01,-1.158464636389746829e+02,1.358571758096819167e+03,8.907973493657118524e+01,2.079946781504654894e+02,1.426932210272479324e+03,5.144627861466534569e+01,-1.791782989009012113e+02,1.055685987839616018e+03,1.805106305705431282e+02,3.991721511719163686e+02,1.190105680987208643e+03,1.571719199765768451e+02,-5.232553448586272360e+00,1.125738449487658272e+03,2.263495016392881212e+02,1.934381481274702423e+02,1.163093116863535442e+03,8.856523678664634858e+00,1.314091253938297825e+02,7.517175180187816750e+02,1.805654790026790693e+02,3.867515300252596830e+02,8.916288765073676359e+02,2.104685617049009352e+02,-2.360777316182636554e+01,4.308312139030512071e+02,5.441789428560717852e+02,2.309118163515448430e+02,1.119051998990593120e+03,-4.629082389381848017e+00,1.353259679514015090e+01,1.360153518018523355e+00,4.416892774221739728e+02,3.081147630491641962e+02,6.715138870790553938e+02,2.612845249098839417e+02,5.707504324198224843e+00,3.712241782541150315e+01,6.802278043615925753e+02,1.705810789224703683e+02,7.391281767980086670e+02
5.312635724698380102e+01,9.260006631454883674e+00,1.696838591303212297e+03,-1.186268144362775701e+01,-1.105530032233013884e+02,1.353349594405564403e+03,9.370554200286116497e+01,2.129713363895522775e+02,1.422419617157107950e+03,4.706366754815383047e+01,-1.731690976227176577e+02,1.048706244200998299e+03,1.847242773410697509e+02,4.065377989286466800e+02,1.188740616098075179e+03,1.574977600766489161e+02,-1.865740069265761913e-01,1.117723983907496404e+03,2.303916862891574056e+02,1.995657680566432362e+02,1.157281285901517322e+03,7.875203830015011341e+00,1.394718358117933690e+02,7.486170087391516290e+02,1.823286695198839880e+02,3.938100152841651038e+02,8.880588531210290739e+02,2.134423640003263358e+02,-1.932203403662858676e+01,4.299082814648944009e+02,5.460859700002259842e+02,2.318533165206903561e+02,1.111658536667365979e+03,-4.341158081840982952e+00,1.359399835686412850e+01,1.957092585901478721e+00,4.230010729527180047e+02,3.184351491825488552e+02,6.672069197687665110e+02,2.621054271265542184e+02,6.367714343012836231e+00,3.703163019497961272e+01,6.595024306129549814e+02,1.787516641888074673e+02,7.243426652452086500e+02
5.608924019000493644e+01,1.409209313508227979e+01,1.691855781452909241e+03,-9.706455787177119987e+00,-1.059718399045966351e+02,1.348350275833722662e+03,9.791106179148283672e+01,2.175088659793957220e+02,1.417920777512037603e+03,4.303238153715096814e+01,-1.682128099180103220e+02,1.041977084491385085e+03,1.895131811905063728e+02,4.140623565005125784e+02,1.187688737344484480e+03,1.587567778043554085e+02,3.362874854052126050e+00,1.109683167377552991e+03,2.354899854850769430e+02,2.058296475594607102e+02,1.152237954736687470e+03,7.106530968614667820e+00,1.465515194178449292e+02,7.453275541664579578e+02,1.833111280328681119e+02,4.006554376213210844e+02,8.840060476929859306e+02,2.166189300812815475e+02,-1.508308323422138564e+01,4.287757285376733307e+02,5.481681615636177867e+02,2.338391161791988679e+02,1.101329906110048341e+03,-3.919463138773283895e+00,1.417443001786276113e+01,2.364964481511750094e+00,4.077624942826255392e+02,3.286562413156067919e+02,6.594694530858791950e+02,2.625583362519948878e+02,7.171883845642910593e+00,3.686511104068619460e+01,6.420320426586515623e+02,1.870923399694693785e+02,7.066878392412328367e+02
5.925179275897404096e+01,1.857962178496985572e+01,1.686835551401329894e+03,-7.557425182009846587e+00,-1.018269307540914497e+02,1.343473795622962598e+03,1.015829798125596142e+02,2.214298847079610653e+02,1.413492437192416219e+03,3.926059261080938256e+01,-1.639522737140531206e+02,1.035217232231289472e+03,1.946897099885106002e+02,4.215641169258013861e+02,1.186970171844338665e+03,1.605220173404368325e+02,5.710324959908622766e+00,1.101136383973441980e+03,2.413043094805493638e+02,2.121806247779041428e+02,1.147558493064140748e+03,6.549134783373330215e+00,1.529543738157871360e+02,7.416726236713490152e+02,1.835074997759431312e+02,4.075369379184687659e+02,8.793973780981315258e+02,2.199213222992266594e+02,-1.099074681118021068e+01,4.274104827135607252e+02,5.501055578738455552e+02,2.367637237418024370e+02,1.088202668113895697e+03,-3.356441008664146519e+00,1.520227898405004119e+01,2.528656675146941257e+00,3.966995688281159573e+02,3.387810192928371293e+02,6.479867651172303340e+02,2.627841180358294082e+02,7.900284470496319322e+00,3.660424580924248517e+01,6.289714697751462609e+02,1.951600536842077531e+02,6.863701386088503114e+02
6.262675654747348375e+01,2.276193852110476001e+01,1.681569248157020866e+03,-5.506157324795238672e+00,-9.771694161169367021e+01,1.338441154370557797e+03,1.048050211732132340e+02,2.247797119697883659e+02,1.408959429178322807e+03,3.554557612222886576e+01,-1.597617119657778346e+02,1.028080632625902354e+03,2.000651177530183986e+02,4.288823166835198322e+02,1.186442844472243905e+03,1.624444279601549397e+02,7.666480247964041261e+00,1.091554551265894133e+03,2.475859151655250798e+02,2.184912834068522614e+02,1.142620299771447208e+03,6.070970785783096346e+00,1.589898067352672797e+02,7.374879452477592849e+02,1.829390442984648359e+02,4.146661408776619169e+02,8.741718700578335302e+02,2.233012275778052356e+02,-7.116940704650769334e+00,4.257787324603712023e+02,5.516959890607821535e+02,2.406064511348176609e+02,1.072490437357249448e+03,-2.666530859499387063e+00,1.636195586977425620e+01,2.430037062441257945e+00,3.900935507195671335e+02,3.486480453750949664e+02,6.327496544815008974e+02,2.629761797319264360e+02,8.340191317585095021e+00,3.620225949670425081e+01,6.211073911319545005e+02,2.025673370290539879e+02,6.638104035625062807e+02
6.618080171197993877e+01,2.670433154208857474e+01,1.675802029677696282e+03,-3.604413849687579052e+00,-9.332159044730786945e+01,1.332935713202781471e+03,1.078123973049076056e+02,2.277560696625153014e+02,1.404040204846302458e+03,3.162938063375482400e+01,-1.549381058994579234e+02,1.020248765538865655e+03,2.055134627250268693e+02,4.359223059600409442e+02,1.185858797468267085e+03,1.643450923218352102e+02,1.024907197101755330e+01,1.080536986399258240e+03,2.542510347080991551e+02,2.246757306384552066e+02,1.136773242184038963e+03,5.444942217602827483e+00,1.648342420247301732e+02,7.326975323302590368e+02,1.816387364983055477e+02,4.220955654241016646e+02,8.683030242042062810e+02,2.267369169735722210e+02,-3.488223998871591736e+00,4.238892123531842344e+02,5.529078638965776236e+02,2.453770900499956156e+02,1.054406640056399510e+03,-1.870710511650194974e+00,1.727092840219942715e+01,2.107397638568800691e+00,3.877686631931098873e+02,3.579882209309681684e+02,6.140166399841533575e+02,2.632869411476642085e+02,8.426376068740838221e+00,3.562502512600221394e+01,6.186769198881411285e+02,2.091404752515828420e+02,6.394871865998470639e+02
6.985322438025862368e+01,3.044322759785388044e+01,1.669384949033204748e+03,-1.857131873698220303e+00,-8.856092545994044940e+01,1.326756287834711429e+03,1.108792805841069367e+02,2.305829952012173294e+02,1.398543655138680379e+03,2.726571505444874788e+01,-1.489895081083735136e+02,1.011498807060652098e+03,2.109935371914201312e+02,4.426836384265858442e+02,1.184987389154402990e+03,1.661887477516079343e+02,1.426209259931873063e+01,1.067877638355355884e+03,2.613765061213410945e+02,2.308145320645679135e+02,1.129534825212159376e+03,4.431105389449585097e+00,1.705351762562032150e+02,7.273594898671653937e+02,1.796377036732800150e+02,4.296964495779494655e+02,8.618078604586601159e+02,2.301861503686718322e+02,-5.810663767596167817e-02,4.218319729855029436e+02,5.538250821468716367e+02,2.509987714453325225e+02,1.034177370604751786e+03,-1.008317448589094667e+00,1.769901212286914216e+01,1.657164771000644965e+00,3.892466226219563623e+02,3.665625726330579823e+02,5.921901114666216017e+02,2.637585568648994467e+02,8.292802497862298949e+00,3.487449386720053468e+01,6.213268798932953132e+02,2.149661731016973079e+02,6.137904783191459046e+02
7.359609707435132009e+01,3.398272556778303510e+01,1.662344004893401689e+03,-2.225247049985490388e-01,-8.359377234301439330e+01,1.319888460123175264e+03,1.142075326520005945e+02,2.334422906154433974e+02,1.392499494461367703e+03,2.229069062220769837e+01,-1.418605911674516733e+02,1.001747685972325144e+03,2.165589556626654542e+02,4.492867354036831671e+02,1.183739654789969563e+03,1.680108510978560048e+02,1.997430006389090096e+01,1.053515324869078086e+03,2.691545457819627245e+02,2.371853671591850343e+02,1.120739547435388658e+03,2.875500131044432361e+00,1.761217987811261310e+02,7.216450164668751768e+02,1.769645462315029079e+02,4.372694613924124951e+02,8.547348918182740363e+02,2.335446669982765968e+02,3.313061221507942911e+00,4.197587210218399036e+02,5.545344761142270045e+02,2.572807295286130511e+02,1.012081973574875974e+03,-1.547243599093737765e-01,1.769191928468801578e+01,1.206638760969132917e+00,3.940080084481101608e+02,3.742746317931367912e+02,5.676575627906769341e+02,2.643098062382006219e+02,8.199390101552667787e+00,3.398145952010125370e+01,6.282561366934043008e+02,2.202834115296921880e+02,5.869762228651811711e+02
7.740831815570641083e+01,3.736023975108368234e+01,1.654823137397644814e+03,1.373809194983105719e+00,-7.865100983724506989e+01,1.312461454741897796e+03,1.178756625999634906e+02,2.365118235311562671e+02,1.386133794563334959e+03,1.667931651968418194e+01,-1.339398793816562829e+02,9.910787665949624170e+02,2.223752320380235687e+02,4.559825634080922896e+02,1.182222379068646660e+03,1.698627754375733048e+02,2.703689316222432737e+01,1.037442384459524874e+03,2.778430628987775890e+02,2.441575834583025539e+02,1.110596692477362240e+03,7.756079808535873976e-01,1.817246356801737193e+02,7.157523580327908803e+02,1.736545335497838494e+02,4.447370857216010904e+02,8.471351914108431629e+02,2.366609742085369987e+02,6.832259435621957699e+00,4.178098570542010748e+02,5.550349006747452449e+02,2.640389235118706210e+02,9.884332561388727072e+02,5.818356339586806536e-01,1.751602814039134870e+01,8.669597865284534022e-01,4.017355071913414122e+02,3.811659784842487966e+02,5.406765361966906767e+02,2.647799340021212515e+02,8.370291974692882775e+00,3.297877936536468724e+01,6.384964381440597663e+02,2.252738686213154438e+02,5.592352813430587730e+02
8.133370387842957427e+01,4.073512297997790199e+01,1.646953937008629509e+03,3.005645008747372504e+00,-7.382162834421207265e+01,1.304635962534078999e+03,1.218607173751228032e+02,2.400483320141185288e+02,1.379712138885512331e+03,1.055962749081456664e+01,-1.258232344009838073e+02,9.797436078745782879e+02,2.287258372207202797e+02,4.631002838838855382e+02,1.180690929377593648e+03,1.717825732213894128e+02,3.464156462706755235e+01,1.019653538586842501e+03,2.877210938809469667e+02,2.520089876745779804e+02,1.099630091087727351e+03,-1.726557550599278290e+00,1.876110800578635462e+02,7.098041341650350660e+02,1.697550344943179539e+02,4.522951402087435326e+02,8.390354915821533268e+02,2.394119623671280692e+02,1.068561316072239009e+01,4.160413763741613025e+02,5.552210290690770762e+02,2.712690189066617563e+02,9.634705892927822788e+02,1.090703960526082206e+00,1.746003500861602120e+01,6.914739554213659156e-01,4.124199385343595736e+02,3.872962509099290855e+02,5.113642517514214205e+02,2.650036747425094745e+02,8.836366672081981122e+00,3.187754046063180269e+01,6.512118320392937676e+02,2.298723308352542176e+02,5.307986980387200902e+02
8.541691795586179126e+01,4.441605578848575675e+01,1.638756106131087790e+03,4.703642734595153918e+00,-6.895038738930568911e+01,1.296507014680681550e+03,1.260979999957237396e+02,2.443930667606786074e+02,1.373363345727493424e+03,4.167244631886502404e+00,-1.179767774194624792e+02,9.681171681906703270e+02,2.359699169298646382e+02,4.709046747135204214e+02,1.179430231260338360e+03,1.737609660928456776e+02,4.181227675303411218e+01,1.000159288094522708e+03,2.990392578696359465e+02,2.607867008274583895e+02,1.088519690581960504e+03,-4.422838146679797688e+00,1.941042048689049295e+02,7.037913572328649252e+02,1.653180914952840794e+02,4.604019264369581492e+02,8.304342423008587275e+02,2.417910834670089173e+02,1.492523845136888028e+01,4.144070133549440698e+02,5.549373643039532453e+02,2.792111094468829151e+02,9.372362416033208774e+02,1.298043314042802043e+00,1.763052923332033828e+01,6.617237831277197335e-01,4.262900749439040169e+02,3.926125468400164209e+02,4.798006272082128021e+02,2.648816732298698184e+02,9.381670846171413558e+00,3.066265106382086003e+01,6.658874788656975170e+02,2.337110719838998421e+02,5.019866205091673237e+02
8.964679105104575285e+01,4.876959291291872489e+01,1.630144334961943287e+03,6.430414962551628477e+00,-6.372849273518745150e+01,1.288082388780032261e+03,1.305278341511679798e+02,2.498345640727254136e+02,1.367003167697498839e+03,-2.242025655096397951e+00,-1.105191147838736185e+02,9.565975247453598058e+02,2.444366989862572552e+02,4.794057005165419696e+02,1.178631145800703507e+03,1.756915859118367678e+02,4.769815784509498258e+01,9.790263536818409875e+02,3.119619805550647129e+02,2.703088693562769436e+02,1.077912130644937179e+03,-7.142764770911536942e+00,2.014280418048046215e+02,6.975947730313184820e+02,1.603868919066079854e+02,4.695744211364017815e+02,8.213243429520725840e+02,2.439459828012553260e+02,1.940749471075306332e+01,4.128048618946132251e+02,5.540532018544755601e+02,2.882331649073784092e+02,9.095518467965648597e+02,1.189471603131060373e+00,1.788628921235248370e+01,7.053039022942426683e-01,4.436304471423132441e+02,3.969432455143796119e+02,4.461975552786213370e+02,2.644179103292740365e+02,9.641165335793393965e+00,2.930991266968728937e+01,6.823454690869912156e+02,2.362400229988560341e+02,4.731868955723644490e+02
9.393651938490405939e+01,5.403773730140621012e+01,1.621031469230759285e+03,8.099824854841811472e+00,-5.791457399178050025e+01,1.279332367117794774e+03,1.351031753132473625e+02,2.563978719941432587e+02,1.360398381282166383e+03,-8.472351115588310222e+00,-1.032596411271281482e+02,9.454778203753741082e+02,2.542911237571991876e+02,4.882359005946615298e+02,1.178317982732312430e+03,1.773367158402326709e+02,5.177397604563707034e+01,9.563909775318369384e+02,3.265195029039448968e+02,2.803112160177967667e+02,1.068269844331585546e+03,-9.818818377060487990e+00,2.095709792598726722e+02,6.910593765950851548e+02,1.549936948119647582e+02,4.800908920876635761e+02,8.117219941743795744e+02,2.461356394331025683e+02,2.384236774795187941e+01,4.111453614795119620e+02,5.525057011782960217e+02,2.986186283771984904e+02,8.801569396492022861e+02,8.059988682761727308e-01,1.795852283883359846e+01,7.326644481642700102e-01,4.646046603457058950e+02,4.001670848183713360e+02,4.110506542319762957e+02,2.637150444817186781e+02,9.306599701730768004e+00,2.781411484052708971e+01,7.006188582155923541e+02,2.369731822388983744e+02,4.448330765745661779e+02
9.817265051145702159e+01,6.017900233601719862e+01,1.611437378400930584e+03,9.642997644502550258e+00,-5.151834704700004153e+01,1.270249660775969232e+03,1.397732515513432929e+02,2.637282575515135932e+02,1.353308639570246896e+03,-1.441576375338843441e+01,-9.594342950092597277e+01,9.348459532371225578e+02,2.654417450144827626e+02,4.967127209052619037e+02,1.178337628108792615e+03,1.783452977342853956e+02,5.391274353980501388e+01,9.324200967980153791e+02,3.425966524294460100e+02,2.906514388907506827e+02,1.059783944345263308e+03,-1.247489945527205002e+01,2.182556666439182891e+02,6.840660375899439032e+02,1.491807486049265776e+02,4.917782429887215585e+02,8.016725751441813372e+02,2.486299283667609643e+02,2.794426133254816591e+01,4.093861300077100509e+02,5.502906572882289993e+02,3.104254453605765889e+02,8.489517632756139847e+02,2.242774998801386199e-01,1.766883790738736693e+01,6.741383941461275286e-01,4.891657916523820973e+02,4.024609227396977076e+02,3.751861006050069136e+02,2.629393246050648827e+02,8.321894357718273127e+00,2.621142118971326340e+01,7.207689132302522239e+02,2.357496505580286907e+02,4.174436432578339122e+02
1.023144652673731088e+02,6.685876632636374950e+01,1.601501598590740059e+03,1.108881258713758555e+01,-4.479903590734145524e+01,1.260852814911580026e+03,1.444791312806113979e+02,2.712003485056494014e+02,1.345595691540681628e+03,-2.002001122916200870e+01,-8.850505375823433951e+01,9.245591771462790120e+02,2.775500264350899329e+02,5.041043507571387750e+02,1.178388713406164470e+03,1.783215684183901431e+02,5.434096183138097302e+01,9.072388997989944528e+02,3.599689054503386956e+02,3.014542769415498356e+02,1.052340759562426683e+03,-1.515257071825871193e+01,2.270495351735233385e+02,6.765589414680450773e+02,1.430372126817294998e+02,5.040276792024092174e+02,7.912236061820684654e+02,2.516080249031628000e+02,3.160092375059735659e+01,4.075162042562464535e+02,5.474216986651938441e+02,3.235173696068692379e+02,8.161989714394710518e+02,-4.611349553027370707e-01,1.708426057764074812e+01,5.027619433125531945e-01,5.170459116353329136e+02,4.044369880821093375e+02,3.396540914173550618e+02,2.622767289190652491e+02,6.942564882624727041e+00,2.458054325377994687e+01,7.427223654702952444e+02,2.328945104719083474e+02,3.916885211743701234e+02
1.064762541012498644e+02,7.362204493806517291e+01,1.591372482302732578e+03,1.260671140922438660e+01,-3.806974909378885741e+01,1.251119378068193782e+03,1.491785607051346574e+02,2.782217891897865343e+02,1.337231338563869258e+03,-2.522414218753684167e+01,-8.113730875965386247e+01,9.143008292980853184e+02,2.901410319684023307e+02,5.099765799579825512e+02,1.178077767061111217e+03,1.769095395923960439e+02,5.351336108296706584e+01,8.808704003842370867e+02,3.783663701448602978e+02,3.131202827691017205e+02,1.045546125639063803e+03,-1.783097810142994533e+01,2.355701825894361150e+02,6.685317039887971760e+02,1.367284599461234222e+02,5.160490011440598437e+02,7.803879045237904393e+02,2.551053694844900406e+02,3.495624725889596363e+01,4.055202901929105224e+02,5.438988712306835396e+02,3.377175563767953577e+02,7.825528219997556789e+02,-1.146410740674726148e+00,1.649621124801234728e+01,2.366062373193100199e-01,5.477594572613331820e+02,4.070280201664036781e+02,3.054933477756705429e+02,2.618970461814721489e+02,5.611189372598694547e+00,2.301691535508983577e+01,7.661668173915541047e+02,2.292134288479557256e+02,3.683690679996902873e+02
1.109179230290392439e+02,8.014615886848275750e+01,1.581052561540061561e+03,1.447237785811235788e+01,-3.145351962736459228e+01,1.240906069804862000e+03,1.538787152974036303e+02,2.845402507332608479e+02,1.328226186263035288e+03,-2.990060713553359051e+01,-7.413194738265322314e+01,9.036853113559500343e+02,3.027530368694971799e+02,5.144214833202365753e+02,1.177012644477125832e+03,1.738660963222190787e+02,5.195408761726570646e+01,8.532319147494224580e+02,3.975279048795182462e+02,3.261968526732705413e+02,1.038843419059167900e+03,-2.039772622476854025e+01,2.436773135054735349e+02,6.600077527152878929e+02,1.304911950601527906e+02,5.272272403309855235e+02,7.691364253636569401e+02,2.590214772941296815e+02,3.835205750389543766e+01,4.033680139428298048e+02,5.397130027297245078e+02,3.529338061265318061e+02,7.488882156185993608e+02,-1.724047934238768010e+00,1.624259803642646105e+01,-7.795351897506128114e-02,5.805805609015311575e+02,4.111418480541856297e+02,2.734645017066829951e+02,2.619303168150120769e+02,4.719020017419315316e+00,2.158958966669086976e+01,7.905116535957399719e+02,2.258205833554824551e+02,3.482320479377622178e+02
1.159200995385426722e+02,8.640272660560323459e+01,1.570329755920020716e+03,1.695867185057040416e+01,-2.478133482849172964e+01,1.229940892743849417e+03,1.586367289177404132e+02,2.903423550818590684e+02,1.318561046988141925e+03,-3.383653315613641155e+01,-6.762982446912663193e+01,8.923650468940987821e+02,3.150473320148682888e+02,5.180251634282951727e+02,1.174934894254605297e+03,1.691205099853734453e+02,5.011101031052385935e+01,8.242092346897878770e+02,4.172163325182519884e+02,3.411737246507759664e+02,1.031744225197024662e+03,-2.269119140638784771e+01,2.515387692146470044e+02,6.510443621022166099e+02,1.245820030356297394e+02,5.373827590048958882e+02,7.574400200978088833e+02,2.631646728164813567e+02,4.215928435484624259e+01,4.010433375012146939e+02,5.348772369902077344e+02,3.691412147709064016e+02,7.160241232760326966e+02,-2.094022090325757812e+00,1.650631561644516410e+01,-3.947373098790410983e-01,6.145243684288299164e+02,4.172733271241847888e+02,2.438831043642461509e+02,2.624511314071204424e+02,4.403172344474449496e+00,2.030306244143965344e+01,8.149108420462121103e+02,2.238567311627345759e+02,3.316767083416926312e+02
1.216022424210787705e+02,9.262049299404836233e+01,1.558868123245592415e+03,2.020181652620336976e+01,-1.771671821035226912e+01,1.217925862044162841e+03,1.635119112149015450e+02,2.960784404554739808e+02,1.308184898359825183e+03,-3.677504672090621796e+01,-6.148646969710659960e+01,8.801121949832472637e+02,3.268388503681696875e+02,5.215902024014753806e+02,1.171846178605731893e+03,1.628155514161917665e+02,4.826354032729724963e+01,7.937892585210721563e+02,4.371951631027162080e+02,3.582905049182730863e+02,1.024108164266359836e+03,-2.458723134784659692e+01,2.595248771924627249e+02,6.417536012823937881e+02,1.191931904935532316e+02,5.467991763271916170e+02,7.453346326232781394e+02,2.673029597986028421e+02,4.659321240106714868e+01,3.985851025960393486e+02,5.294545372244027703e+02,3.862469215714688744e+02,6.844977851991882289e+02,-2.182038823106351888e+00,1.723226279089443835e+01,-6.963524949901508387e-01,6.483953208865913211e+02,4.253170587240981604e+02,2.166468747733158011e+02,2.634659959322909231e+02,4.508931842866535256e+00,1.908630443190346071e+01,8.383462713960381052e+02,2.241985744461055958e+02,3.185338169258304220e+02
1.277993805610876024e+02,9.908792535878328067e+01,1.546410135722922860e+03,2.411681390493329502e+01,-1.001615834118466708e+01,1.204700685326245321e+03,1.685017491291793590e+02,3.021450906685414566e+02,1.297073064521589231e+03,-3.851553925727343852e+01,-5.536187863647068497e+01,8.668717770193004526e+02,3.380667553729500696e+02,5.257787109992787009e+02,1.168047828640635089e+03,1.552953022857384155e+02,4.651058569295695833e+01,7.621874953209022578e+02,4.571962931689395759e+02,3.774328887474633234e+02,1.016323880685000631e+03,-2.607568177847574731e+01,2.679903276189835992e+02,6.323036856485610997e+02,1.143753541471672719e+02,5.560288377535711106e+02,7.329542486140396704e+02,2.712104951624640421e+02,5.161411557633943659e+01,3.960923671663833829e+02,5.235591865892934038e+02,4.039781616351726257e+02,6.545064939237006456e+02,-1.958345228181340048e+00,1.820789071077608057e+01,-1.008353367771354314e+00,6.809255470837991879e+02,4.347252380482858598e+02,1.914487739310258121e+02,2.649057747984359708e+02,4.735464442867310275e+00,1.781765962480149312e+01,8.597718282975743023e+02,2.272828013392199011e+02,3.080732493263469678e+02
1.340942972339712753e+02,1.059514887399644323e+02,1.532953338614510358e+03,2.841739611493568773e+01,-1.726923903222329804e+00,1.190359800250103490e+03,1.735191632089620271e+02,3.086536530986064122e+02,1.285284997440588768e+03,-3.903515083561397603e+01,-4.895847554083803033e+01,8.527854251299913813e+02,3.487549983857390998e+02,5.308799533914271933e+02,1.164038097136741271e+03,1.470008373194200715e+02,4.483841793954211852e+01,7.298870649654591034e+02,4.769187185977916101e+02,3.981585358180266212e+02,1.009244935357216718e+03,-2.727747443650928005e+01,2.770796028086029423e+02,6.228715614853259694e+02,1.100137604337694341e+02,5.656138570539727652e+02,7.204930733019425588e+02,2.747171340662388843e+02,5.696574748699231350e+01,3.936744702888847769e+02,5.173381734023136005e+02,4.219252489205193797e+02,6.260206972676946862e+02,-1.447243164235273438e+00,1.923210635183868078e+01,-1.386874918814236191e+00,7.109544876619647766e+02,4.449544549249964120e+02,1.680498860800413183e+02,2.666324837052922589e+02,4.858485733682431196e+00,1.637541988029400031e+01,8.783027164279577619e+02,2.331440615343433365e+02,2.992406096743662829e+02
1.400066729077988157e+02,1.131611956085129265e+02,1.518779721769467869e+03,3.273916715824412194e+01,6.832043667914924789e+00,1.175239088811694046e+03,1.784402736054364311e+02,3.154388554816241026e+02,1.272968207258662233e+03,-3.856181796426317021e+01,-4.221184130236984089e+01,8.381715708359569135e+02,3.589971039016097052e+02,5.368112968132894594e+02,1.160295700190796197e+03,1.382931470341896159e+02,4.323129947333244871e+01,6.975424658318131605e+02,4.960827110133819247e+02,4.198410069309312007e+02,1.003855085000455574e+03,-2.838517968287005999e+01,2.866812508708284781e+02,6.135594809499849589e+02,1.058833088368545106e+02,5.758876972798115048e+02,7.081152749541038247e+02,2.777610017363223278e+02,6.233005078912910335e+01,3.913742870834905148e+02,5.109556984603893284e+02,4.397429825532934728e+02,5.989701397924002322e+02,-7.203680042043131282e-01,2.024691896648134914e+01,-1.880541733624495393e+00,7.375652918466246319e+02,4.559656145350815564e+02,1.464404053208215259e+02,2.684693118994411520e+02,4.875661810844688304e+00,1.469050236999338033e+01,8.934015317463441761e+02,2.416806989317966838e+02,2.909724855940007728e+02
1.452319656985223730e+02,1.205958613332105642e+02,1.504321160276731007e+03,3.680173265108825120e+01,1.529938589181272768e+01,1.159778510274833934e+03,1.831905788176941883e+02,3.222811787105755457e+02,1.260308187498427060e+03,-3.753735112844409372e+01,-3.528448342462165499e+01,8.234484808456130622e+02,3.689573056709000412e+02,5.433064883314407325e+02,1.157060021310420325e+03,1.292974629217864333e+02,4.176197205058034712e+01,6.657870804402620024e+02,5.145244072215641609e+02,4.418686181387341207e+02,1.000813585922324137e+03,-2.955311969719002718e+01,2.965548551056436395e+02,6.043292752132638270e+02,1.017615920574720860e+02,5.869385729958606817e+02,6.958783819582602064e+02,2.804199087162400588e+02,6.751528094689517445e+01,3.891225050518247031e+02,5.045961572769884356e+02,4.573740485095495387e+02,5.733845077914530748e+02,1.260429587563551557e-01,2.135265392570607190e+01,-2.487408717372450173e+00,7.601252491370416919e+02,4.684952681774914822e+02,1.267900096492260360e+02,2.702514016656487570e+02,4.981738584886937105e+00,1.277617236942283974e+01,9.049908940724773174e+02,2.530350760357112563e+02,2.824186716781094333e+02
1.497835690371143755e+02,1.282621628929304336e+02,1.489954839188455026e+03,4.051975093856346888e+01,2.355206614885949534e+01,1.144352165684232432e+03,1.877998987490532556e+02,3.291678727178463078e+02,1.247469507840935876e+03,-3.646909887797833250e+01,-2.837986520603580942e+01,8.090169789498230557e+02,3.788514237405910308e+02,5.501427952464698592e+02,1.154230538159525395e+03,1.198692683150130733e+02,4.060961727189076242e+01,6.350592004576218415e+02,5.322714498650362884e+02,4.638156484819191405e+02,1.000136438966539799e+03,-3.079778231239368935e+01,3.065308312828822181e+02,5.950090112966381639e+02,9.754043066286766361e+01,5.986932969760517835e+02,6.837281549628381754e+02,2.828878024173124572e+02,7.257773174983901754e+01,3.867635254601442512e+02,4.984785858988073528e+02,4.751220321267857116e+02,5.494271652521850910e+02,1.002896374399773416e+00,2.272023267388251000e+01,-3.138565465012569611e+00,7.782448576562310336e+02,4.839319806584737194e+02,1.092314765891537576e+02,2.718785258918731529e+02,5.402405311021196255e+00,1.072110584198630079e+01,9.134408486733628934e+02,2.678720499642764707e+02,2.729988768559899199e+02
1.539549542425819766e+02,1.364106700087435229e+02,1.475860036326221234e+03,4.400580779582536906e+01,3.185003970019519315e+01,1.129172862670492123e+03,1.923807302748702455e+02,3.364049208158718329e+02,1.234573270624547376e+03,-3.574304075109526480e+01,-2.153541770043062442e+01,7.951583937138880174e+02,3.888811161487597587e+02,5.572724872140075831e+02,1.151437255130314043e+03,1.097007739216629147e+02,4.000013009627226523e+01,6.055634327700095128e+02,5.495284324845562196e+02,4.855300134294589611e+02,1.001209984225521794e+03,-3.197078973802467061e+01,3.166316442004496139e+02,5.853815454756137342e+02,9.327438277259409460e+01,6.110146420112689611e+02,6.715628513366348216e+02,2.853875174096311866e+02,7.781437195449197475e+01,3.841407492412469082e+02,4.928611830912921619e+02,4.935058238785998697e+02,5.273351779089439333e+02,1.858630566155710540e+00,2.447688785398852218e+01,-3.726539878010734608e+00,7.917124829247621847e+02,5.038406114943938405e+02,9.362983710229912049e+01,2.733420545486131346e+02,6.210081832804815960e+00,8.650914601555911077e+00,9.194309600938357789e+02,2.873508460514503895e+02,2.623373483057196722e+02
1.581376464606425998e+02,1.454820945344415009e+02,1.462015721725611002e+03,4.747719030315012390e+01,4.076293853599256067e+01,1.114316759578299070e+03,1.970503580206618608e+02,3.445133798964579910e+02,1.221719995040008143e+03,-3.550091826150990926e+01,-1.455424361050298465e+01,7.820103614136191936e+02,3.991360456679108211e+02,5.648242135809288129e+02,1.148233350474802592e+03,9.849178087962516770e+01,4.011517205985962420e+01,5.774017769992303784e+02,5.665479347080082562e+02,5.071301825440253879e+02,1.003133283105022770e+03,-3.282441870635992132e+01,3.270274496313746226e+02,5.753077827473082380e+02,8.914479702439227538e+01,6.237396120311801724e+02,6.593089152610781412e+02,2.880572575657206471e+02,8.363486076345934350e+01,3.811828139808179685e+02,4.880203362551428086e+02,5.129967557958598263e+02,5.073208376117945022e+02,2.696971874803308911e+00,2.663676404900079930e+01,-4.164046707260523839e+00,8.004493489939845858e+02,5.293679206461197282e+02,7.949530380412092256e+01,2.747076268146088296e+02,7.247246314128920730e+00,6.678182116596143914e+00,9.237363930374596066e+02,3.127525991411422979e+02,2.501701910334818137e+02
1.626186566851310999e+02,1.559258746761972816e+02,1.448320742649827935e+03,5.113269851246742803e+01,5.094606300375139796e+01,1.099825362190312944e+03,2.018635178247733393e+02,3.539987759763344002e+02,1.209029839952572274e+03,-3.564617448605842043e+01,-7.110007854193721499e+00,7.696401496511864480e+02,4.095158437379522525e+02,5.730353542714650530e+02,1.144301878265545838e+03,8.608307774551545322e+01,4.103073014046007216e+01,5.507944157693833631e+02,5.834450997603802307e+02,5.289380955476095778e+02,1.005181696118708714e+03,-3.312795689186963699e+01,3.378715634963809862e+02,5.648137228663100586e+02,8.537121491796254702e+01,6.366748873026050433e+02,6.469493631353579985e+02,2.908773533509157119e+02,9.038610981314421622e+01,3.779301235499684140e+02,4.842063413731704031e+02,5.338368804067681594e+02,4.894886339121051151e+02,3.572004724153394317e+00,2.909781899260635285e+01,-4.433323860105716108e+00,8.044886363101427378e+02,5.608316148764087075e+02,6.610729755798021756e+01,2.760596446089326150e+02,8.199410992644841301e+00,4.862750960517953303e+00,9.270069393593323639e+02,3.449583283051358080e+02,2.362986171776051378e+02
1.674781067949920157e+02,1.680178299522976033e+02,1.434740075091603558e+03,5.506872164166085781e+01,6.291279595101597977e+01,1.085792638933231046e+03,2.068072635641305510e+02,3.651552407416378401e+02,1.196659860400019170e+03,-3.596731508795793530e+01,1.073566768421289286e+00,7.581674229420605116e+02,4.197240470920716007e+02,5.821968089658678309e+02,1.139580506662771995e+03,7.250318545188831365e+01,4.271018477486744302e+01,5.262428020120746623e+02,6.000630478494337012e+02,5.513821703184455600e+02,1.007120364215072300e+03,-3.275943871205633684e+01,3.491552474323718798e+02,5.540954912885035810e+02,8.212955337588452664e+01,6.496176085030933791e+02,6.344967328576822183e+02,2.936866385223114548e+02,9.822360079874265182e+01,3.744836628600097583e+02,4.815910108793327140e+02,5.560717683652757160e+02,4.737931881781415768e+02,4.557034197109593343e+00,3.168317110850123086e+01,-4.591520783497816005e+00,8.039592565878605228e+02,5.976953930076809911e+02,5.278813472342284285e+01,2.774385212904722948e+02,8.758155389404521429e+00,3.194648201104917984e+00,9.295994920854971042e+02,3.840918912041437352e+02,2.206049528237041670e+02
1.726249797343015757e+02,1.817853173453512738e+02,1.421370922674336953e+03,5.926317168286299619e+01,7.691453213558338575e+01,1.072368683299836675e+03,2.118494707317136374e+02,3.780120624254129211e+02,1.184775211661049298e+03,-3.630256390730226457e+01,1.009995253186187547e+01,7.478495484838902030e+02,4.293453875344818016e+02,5.926376442683839514e+02,1.134268479222162341e+03,5.795218044956735781e+01,4.502734222884861026e+01,5.045175112427667727e+02,6.159662509311547183e+02,5.748967758531471191e+02,1.009211236275202054e+03,-3.171884466315444584e+01,3.606990142650967073e+02,5.434478564559761935e+02,7.952135899098908567e+01,6.624338367675936752e+02,6.219544835261930302e+02,2.962814444605791095e+02,1.070890423923764132e+02,3.709125046746835324e+02,4.802251489451180078e+02,5.797519931774771749e+02,4.600360104227808051e+02,5.696764947983440130e+00,3.419753103529768623e+01,-4.730097017217389954e+00,7.990660972810605926e+02,6.389141868662816250e+02,3.917637342987419657e+01,2.788078822898065710e+02,8.766870530202421463e+00,1.601685398373687841e+00,9.315051008903693628e+02,4.295430750195902192e+02,2.031042703145579367e+02
1.779132578356322085e+02,1.970560982644631167e+02,1.408386987364996912e+03,6.360888538643141743e+01,9.293680458893378216e+01,1.059687250426009996e+03,2.169853705128751358e+02,3.924069192099582324e+02,1.173485834888231921e+03,-3.665315598621978666e+01,1.989266201714631777e+01,7.390690460589650002e+02,4.379677479370341757e+02,6.047082449920231966e+02,1.128741655221736892e+03,4.277611492029389950e+01,4.778471761766061121e+01,4.864658806172345180e+02,6.305560047892830653e+02,5.998313697530180661e+02,1.011957646500068108e+03,-3.006671208028358677e+01,3.722799736062231091e+02,5.331604398250179884e+02,7.759637600589294948e+01,6.751448941772694070e+02,6.093176487915038706e+02,2.985349042516160125e+02,1.167869095852767174e+02,3.671834770753280850e+02,4.800225863790365679e+02,6.051160415521834466e+02,4.478943301915318784e+02,6.965125026544493281e+00,3.648356104370036945e+01,-4.919514480035313220e+00,7.900778798112334016e+02,6.834286411395166851e+02,2.535582133561337059e+01,2.800700383566680216e+02,8.269626074749709232e+00,-2.246743851881621151e-02,9.323882953692453839e+02,4.803366372135029678e+02,1.839973377154496461e+02
1.832413178247733754e+02,2.135654397812096761e+02,1.395912049353403972e+03,6.795810086609274947e+01,1.107477788206864204e+02,1.047791110122942200e+03,2.222350387169964563e+02,4.080863202186906165e+02,1.162790005122437151e+03,-3.719246480751836970e+01,3.027223426785063864e+01,7.322368625751781792e+02,4.452887847280462665e+02,6.187045131715243542e+02,1.123431588312143049e+03,2.745749352111513986e+01,5.073243469475042389e+01,4.727540077728945107e+02,6.432358735275639674e+02,6.263695091228727279e+02,1.015772906292996936e+03,-2.784055726169991729e+01,3.837864015785451102e+02,5.234296502367534458e+02,7.639437080608682606e+01,6.879352758298400659e+02,5.966211328816829109e+02,3.004614803295615388e+02,1.270992619177377776e+02,3.631588826745798997e+02,4.807833244381370150e+02,6.325824930706170335e+02,4.369860284170345039e+02,8.253255212395254503e+00,3.847010336625351812e+01,-5.179162309643364104e+00,7.773273896271621197e+02,7.305238185856856035e+02,1.178592436555295109e+01,2.811170581847631524e+02,7.453993577521083935e+00,-1.778967999794271559e+00,9.317227597916049717e+02,5.355953081592173248e+02,1.637012630831173396e+02
1.885740519055111406e+02,2.310477119726186856e+02,1.383926867842680394e+03,7.215224064268215898e+01,1.299481930576667992e+02,1.036633100960916636e+03,2.275958625288647852e+02,4.247550686983258288e+02,1.152570233654098047e+03,-3.818786376058133669e+01,4.106018580845181276e+01,7.276876395104511630e+02,4.511643919195818739e+02,6.347335156773760900e+02,1.118720936660351072e+03,1.259902110321446145e+01,5.363298651106020287e+01,4.637001110818461598e+02,6.535472099846519995e+02,6.544586441438851807e+02,1.020763021583690374e+03,-2.500793015572773115e+01,3.952831572204122494e+02,5.143132470135223002e+02,7.596512657930684043e+01,7.010508548428917948e+02,5.839917067875057910e+02,3.021903745858473371e+02,1.378735575204910901e+02,3.586612586973247403e+02,4.822540740451311763e+02,6.625344087360297181e+02,4.269690796497140468e+02,9.399838660906191024e+00,4.019784834002299334e+01,-5.491355013140904795e+00,7.612012804410300078e+02,7.798764784239076562e+02,-9.139802191812825827e-01,2.818846477852146108e+02,6.540344888372885634e+00,-3.727737088282220501e+00,9.289692186013285209e+02,5.948061085328862418e+02,1.428318815305172791e+02
1.939000375770654330e+02,2.492922816282505778e+02,1.372288042594526132e+03,7.603637802099694909e+01,1.500372775842731414e+02,1.026169574879746506e+03,2.329966908839134874e+02,4.420871863258964254e+02,1.142660822731057124e+03,-3.990330004162102284e+01,5.218725791761870170e+01,7.256448445759931474e+02,4.555931531468236813e+02,6.526049576125851672e+02,1.114889395935779248e+03,-1.142147324458359092e+00,5.639563128295523597e+01,4.592925636520051285e+02,6.612347791199731546e+02,6.837731615875533180e+02,1.026708230407110022e+03,-2.148117596369960225e+01,4.069601481682364579e+02,5.057343308340066983e+02,7.634838805415360241e+01,7.146547233066319222e+02,5.716465342489088926e+02,3.038715668394637532e+02,1.490569268824177698e+02,3.535626091479276738e+02,4.842003147341154659e+02,6.950478635670575613e+02,4.176395953200328677e+02,1.025478885577871502e+01,4.180635645915946697e+01,-5.843898477678132863e+00,7.420898858914365519e+02,8.313196462947490772e+02,-1.221311073021722748e+01,2.823796001835981997e+02,5.688305594498931583e+00,-5.869574684461554170e+00,9.237235168584691110e+02,6.577573696968097465e+02,1.221074981523587013e+02
1.991833192964198247e+02,2.681917286055964382e+02,1.360854332410996221e+03,7.947139958860354625e+01,1.705444120384776454e+02,1.016484618846867534e+03,2.382974458321158409e+02,4.597717865498672722e+02,1.132965172569141259e+03,-4.254669351083580153e+01,6.380826269486920665e+01,7.262741349588566209e+02,4.586626664554260060e+02,6.718610454948984625e+02,1.112125404626103318e+03,-1.318433730607989673e+01,5.922553355660051722e+01,4.593636132155423866e+02,6.662519027292743203e+02,7.137549752484644614e+02,1.033207449236953153e+03,-1.717403452447392809e+01,4.190339250989177344e+02,4.975331559161098198e+02,7.752959334029233673e+01,7.287573216398869818e+02,5.598209162570561830e+02,3.055769766626702904e+02,1.606955148094345986e+02,3.478451095874211774e+02,4.864475243302732110e+02,7.297723775793301684e+02,4.089625609282263099e+02,1.074807883585791224e+01,4.348354877229498072e+01,-6.263573700044554826e+00,7.203051635881150787e+02,8.845239035923060555e+02,-2.184086382454796293e+01,2.826717878084346580e+02,4.963868404111035026e+00,-8.153161977391073734e+00,9.157811710289669236e+02,7.242531748871087984e+02,1.021762273809399488e+02
2.043585706661752965e+02,2.878009860854738804e+02,1.349637261525085023e+03,8.235201253371886310e+01,1.912327501236953538e+02,1.007849022787728472e+03,2.433368217887991989e+02,4.776349084201532946e+02,1.123568395425656036e+03,-4.627205051450683726e+01,7.639865524394029705e+01,7.297685070702251551e+02,4.604928569834112295e+02,6.919868027180611989e+02,1.110593070254632721e+03,-2.316991947217137593e+01,6.268001537722461336e+01,4.637958431500136385e+02,6.687387959878834636e+02,7.437629827318237403e+02,1.039884457207560672e+03,-1.205639222724189885e+01,4.316955899526431040e+02,4.895559216218438223e+02,7.940794376549310130e+01,7.432878683694042365e+02,5.486662414086783883e+02,3.072552390751404801e+02,1.729327095735090722e+02,3.416006914229424183e+02,4.888619155694965457e+02,7.660750830194012906e+02,4.009917411417407038e+02,1.092905159214489252e+01,4.540436312076677439e+01,-6.809924551532640535e+00,6.960237163094385551e+02,9.388293937437144905e+02,-2.982497604825331905e+01,2.828618438041753507e+02,4.364734881524127807e+00,-1.050145467363622309e+01,9.051058356688937465e+02,7.938579172412929665e+02,8.343699245135547926e+01
2.093680320569312698e+02,3.083738405292946254e+02,1.338876310334700293e+03,8.462633042342403655e+01,2.122921480574499071e+02,1.000657153183274204e+03,2.479889881196156693e+02,4.957842517221263279e+02,1.114785298661180150e+03,-5.118709078301118609e+01,9.076329603445687155e+01,7.363770141028810485e+02,4.611953747599998223e+02,7.127146577491521384e+02,1.110507422809466107e+03,-3.103724777133107793e+01,6.757009678013332632e+01,4.726335264556930156e+02,6.689971430894834157e+02,7.733038024354656272e+02,1.046550590989627608e+03,-6.173114205109576424e+00,4.451352083675453741e+02,4.817494069784692670e+02,8.180636376478874183e+01,7.582619344280329869e+02,5.381861029532288967e+02,3.087620276932684078e+02,1.860172020250163314e+02,3.349700538846019526e+02,4.912831139269688379e+02,8.033799082144128079e+02,3.937158028518534820e+02,1.095425511125097273e+01,4.769406698015457380e+01,-7.530162810329339429e+00,6.693162066472879133e+02,9.933394926499187250e+02,-3.641129019603017269e+01,2.830443765934121529e+02,3.868808910279933233e+00,-1.284466476358938536e+01,8.917301456598519280e+02,8.658646336547866440e+02,6.596572495367837519e+01
2.141960269754522415e+02,3.303152323937020469e+02,1.328993382579390300e+03,8.630632676200617937e+01,2.343903353556728746e+02,9.952711080826021544e+02,2.521809673735465651e+02,5.146627079289230551e+02,1.107109435536250203e+03,-5.730715047294059872e+01,1.078929119691997158e+02,7.463270181004388633e+02,4.608427850720933066e+02,7.342496964502743140e+02,1.112148018119621383e+03,-3.693279109912369051e+01,7.475564578329883147e+01,4.860468592940267172e+02,6.674570835330566752e+02,8.022473675150065446e+02,1.053249895283955766e+03,3.779800345725591315e-01,4.595874782045290772e+02,4.742125271823721846e+02,8.452354309289796674e+01,7.739164082751171918e+02,5.282534633063511365e+02,3.099456095847682491e+02,2.002954085426037523e+02,3.280499465731706437e+02,4.934618914689091298e+02,8.414921100740002657e+02,3.869461431040324442e+02,1.102955435606311774e+01,5.043124149204601991e+01,-8.406961881665148795e+00,6.402706256348494662e+02,1.047187680499491762e+03,-4.193569328609743252e+01,2.832826151210321655e+02,3.466807323347197212e+00,-1.514828687900097748e+01,8.756458443896095787e+02,9.394681207960817346e+02,4.961505638974126242e+01
2.188573227973664928e+02,3.540318554293024818e+02,1.320459243095092006e+03,8.746243107939696415e+01,2.585029528925669524e+02,9.918677054434439242e+02,2.558515735245831593e+02,5.349344078941783209e+02,1.101072303978808577e+03,-6.444954188212153667e+01,1.286809807448669005e+02,7.596693764938432878e+02,4.594314895733132857e+02,7.572724114395357446e+02,1.115763732384087916e+03,-4.097132167672280190e+01,8.494712517272708396e+01,5.041920855157255232e+02,6.646163199435253546e+02,8.309136128427468293e+02,1.060163932200898671e+03,7.490186707316571102e+00,4.753153265176621858e+02,4.671648946588762783e+02,8.739736331936013869e+01,7.906984768744954408e+02,5.186952733606035508e+02,3.107422153151848647e+02,2.161506051929654575e+02,3.208111335327837992e+02,4.950559559347353797e+02,8.806960901340144119e+02,3.803565041873766859e+02,1.133968625560214427e+01,5.367203653660491369e+01,-9.336322539488991268e+00,6.091476954750959294e+02,1.099756850578395870e+03,-4.672931866138205947e+01,2.836005017591068622e+02,3.160644835303713318e+00,-1.743012643924964067e+01,8.567454383392433783e+02,1.013943096474605909e+03,3.424055593482667348e+01
2.233355437560985024e+02,3.797508250286616658e+02,1.313646137384262374e+03,8.820544083958273518e+01,2.855702992967179625e+02,9.903778872808381948e+02,2.588789924112300582e+02,5.572389015668418324e+02,1.097060886391622716e+03,-7.213502419546243516e+01,1.536142866065695500e+02,7.761360277352313233e+02,4.568398610073583086e+02,7.827103611575585091e+02,1.121388767315252380e+03,-4.296819002890673289e+01,9.858874296871525189e+01,5.270650703456875590e+02,6.609372263920944306e+02,8.599789444471327897e+02,1.067414657210613768e+03,1.509232938837225113e+01,4.925029934573702803e+02,4.608345002172927707e+02,9.033884774821039798e+01,8.090991906324107958e+02,5.093851809930129093e+02,3.112361400087958145e+02,2.338828931170648389e+02,3.130637298958168913e+02,4.956883743333144139e+02,9.215553751322933067e+02,3.736755344335289237e+02,1.200809428004605905e+01,5.746344771728612244e+01,-1.014902101515946953e+01,5.764782847279118414e+02,1.150668017942489087e+03,-5.109900980184927732e+01,2.839913071689454114e+02,2.939877611015123016e+00,-1.976301200578794948e+01,8.348480770223560512e+02,1.088635831827644779e+03,1.990298618543869580e+01
2.275112232384063589e+02,4.074233719255965411e+02,1.308726873706147217e+03,8.866611048497162528e+01,3.161405836101088767e+02,9.905391367986034084e+02,2.610338880242249502e+02,5.819449115751713180e+02,1.095161608136297446e+03,-7.959003115555474039e+01,1.825945728925269691e+02,7.950985774027572006e+02,4.528102632065632065e+02,8.114106378979817009e+02,1.128657405951475084e+03,-4.231595060805621245e+01,1.158124910752036669e+02,5.544383964375108462e+02,6.567094338057569303e+02,8.902524316635601735e+02,1.074848881527742606e+03,2.318590499250179704e+01,5.111189118473673716e+02,4.553194645074427171e+02,9.331518879746541018e+01,8.294320794590978494e+02,5.002833908842379742e+02,3.116601513967370920e+02,2.535807990039984645e+02,3.044843876278474113e+02,4.950167093945238435e+02,9.645332377981509353e+02,3.669006014796244131e+02,1.311410588616578110e+01,6.183496217971953968e+01,-1.065642131052346464e+01,5.430449056868524167e+02,1.199541176207452736e+03,-5.536348895719744689e+01,2.844404196936971516e+02,2.769318286353211533e+00,-2.225840100418309575e+01,8.097896367553915979e+02,1.162763003199462219e+03,6.889981511270696579e+00
2.311297413728973709e+02,4.367851534009629972e+02,1.305640472663819992e+03,8.898050907661057352e+01,3.501757447186550394e+02,9.920069647902478209e+02,2.620053735020240424e+02,6.090434422159808037e+02,1.095095268391919035e+03,-8.589906731526545514e+01,2.149918221200036896e+02,8.156562455081697181e+02,4.469847595014794592e+02,8.438932746348102683e+02,1.136722087711746781e+03,-3.811014736226246669e+01,1.364183421700247720e+02,5.859149534265143302e+02,6.519056780160403832e+02,9.224369871881497147e+02,1.081891145569588161e+03,3.187922206882551279e+01,5.308546516226803078e+02,4.505058351382647857e+02,9.629615957718402797e+01,8.516911548479595240e+02,4.914059690201677881e+02,3.123397427986956814e+02,2.750684400886256640e+02,2.946944264963018441e+02,4.927500267713546123e+02,1.009661929335117293e+03,3.603614910201417274e+02,1.476112137420485837e+01,6.679358445292581337e+01,-1.068540633888846791e+01,5.097557572487335733e+02,1.245728265992524484e+03,-5.988414914325998240e+01,2.849582942769487772e+02,2.615086418559694259e+00,-2.502791752441482132e+01,7.815226464280914342e+02,1.235210930225732227e+03,-4.492173709881144283e+00
2.338305022768505239e+02,4.675407145870131558e+02,1.304114723031420226e+03,8.927898552821741873e+01,3.871074941363537505e+02,9.944430614551121153e+02,2.615016956381239197e+02,6.382444806075337738e+02,1.096278293831623159e+03,-9.027083415667880217e+01,2.498989189217565468e+02,8.367968618347116490e+02,4.389847984964368948e+02,8.803034710710111312e+02,1.144328226973322217e+03,-2.948668010218603186e+01,1.598861971827280968e+02,6.210573505482095698e+02,6.460697001770649877e+02,9.569816166660210683e+02,1.087518784780078022e+03,4.141549742979764659e+01,5.512109735193256483e+02,4.460997686064787331e+02,9.920179733220899720e+01,8.755646744495816165e+02,4.827585657172072047e+02,3.136058404955787182e+02,2.979820887753326133e+02,2.833645021043233783e+02,4.885987750108970999e+02,1.056444268296224891e+03,3.545611844518555813e+02,1.715739705589165354e+01,7.235661762588321722e+01,-1.007987833514859410e+01,4.774768343703892697e+02,1.288271613806216010e+03,-6.503538412439229432e+01,2.856133904349101158e+02,2.504910104929676695e+00,-2.813280128669630997e+01,7.501855065936484834e+02,1.304568501809509144e+03,-1.425054940028282502e+01
2.352161227438229503e+02,4.995625741652557394e+02,1.303725933213833514e+03,8.966932398234577306e+01,4.260970349386074645e+02,9.975255066754805284e+02,2.593744284542877381e+02,6.692396030536600620e+02,1.097991373326060966e+03,-9.230589355010141617e+01,2.864342663507051725e+02,8.575192127658571053e+02,4.284779742794711979e+02,9.205637131748200090e+02,1.150010215913893717e+03,-1.600717904661150826e+01,1.854928401671992333e+02,6.595055746153664131e+02,6.382846253586097873e+02,9.940667685875848747e+02,1.090372260876826886e+03,5.217168055857711551e+01,5.717105146561750644e+02,4.417673901601872331e+02,1.018814290210924156e+02,9.005815750494322174e+02,4.742888346615349633e+02,3.157083168740255132e+02,3.219449279492467895e+02,2.703225076939125415e+02,4.822069628189578907e+02,1.104008213465336212e+03,3.498823040227288743e+02,2.065800022498761379e+01,7.862311031120873395e+01,-8.677381556101455118e+00,4.469054508679686251e+02,1.326194939524749998e+03,-7.110766326975495133e+01,2.865487940468374291e+02,2.585468796045134798e+00,-3.154923981833919555e+01,7.161418119497569705e+02,1.369464924961431052e+03,-2.295101499382631260e+01
2.349195702057441508e+02,5.330003894443921126e+02,1.303974521582797706e+03,9.021252170753122357e+01,4.663506831058040802e+02,1.000885020049479635e+03,2.556896745653051255e+02,7.020172128046691569e+02,1.099575908921113751e+03,-9.212475162982312327e+01,3.239055046618120741e+02,8.768284594409701640e+02,4.151721818107358217e+02,9.646184481410745093e+02,1.152305635523611954e+03,2.104835159109378573e+00,2.125915960712085280e+02,7.010042686709392683e+02,6.272793487657484093e+02,1.033686254633168119e+03,1.088978526922634273e+03,6.460031642618329784e+01,5.921321988436613992e+02,4.373106451969727573e+02,1.041258568520606076e+02,9.262943377894247305e+02,4.658863329895643801e+02,3.187610921610380501e+02,3.467304702717196960e+02,2.556460519511381335e+02,4.731404435930646741e+02,1.151375999281836357e+03,3.463414399065966336e+02,2.572981744108822610e+01,8.583780978156177355e+01,-6.292360047071571039e+00,4.185398066896236742e+02,1.358987457888495783e+03,-7.819543194804829511e+01,2.879663208367351217e+02,3.133734007783748776e+00,-3.518041744573223895e+01,6.800109182063383741e+02,1.429043643521527429e+03,-3.168794371563044265e+01
2.326414749935431132e+02,5.682643514942965339e+02,1.304355585150483194e+03,9.091135260781099703e+01,5.073288841431870537e+02,1.004023879892203013e+03,2.506902895440352097e+02,7.370890313100985622e+02,1.100550532061785816e+03,-9.024595957143313285e+01,3.617331555026166825e+02,8.936229317781426289e+02,3.987330325105605198e+02,1.012599522002384788e+03,1.149884318066399601e+03,2.399475237959831375e+01,2.409915349454357454e+02,7.453166909457628435e+02,6.117110309630404572e+02,1.075729390389597711e+03,1.082027202744146507e+03,7.911757505397233103e+01,6.126410970605099919e+02,4.327852482710564459e+02,1.056961818564770397e+02,9.523939478677477837e+02,4.574171725388928280e+02,3.227424908114280697e+02,3.723043326389291110e+02,2.397176671010222435e+02,4.609699766970650785e+02,1.197672479574121780e+03,3.435318706206160186e+02,3.283782000795876144e+01,9.438953257609207981e+01,-2.730753790443161577e+00,3.927390862389410700e+02,1.386978879878105772e+03,-8.614988203126377186e+01,2.900683387364647956e+02,4.508393462714175293e+00,-3.892048449085200446e+01,6.426906148503710483e+02,1.483276957670458387e+03,-4.173621438098030012e+01
2.281592114789040409e+02,6.059164471495079169e+02,1.304409414867036503e+03,9.174726736632685231e+01,5.487625589800734360e+02,1.006292192759367254e+03,2.446472436440151625e+02,7.755084556933267095e+02,1.100574439938989144e+03,-8.718927590954029938e+01,3.991902623977080111e+02,9.066141073219160944e+02,3.786920548949157137e+02,1.064748690487477916e+03,1.141554666661105102e+03,4.844123851072917830e+01,2.712422406997093844e+02,7.920625419905622948e+02,5.905855624542901978e+02,1.119961848114970053e+03,1.068609861077359255e+03,9.598638999096874613e+01,6.337409436757535559e+02,4.284993828672554628e+02,1.063590587466633224e+02,9.787009505670906719e+02,4.487614736947597294e+02,3.275568366602398100e+02,3.987221383487600974e+02,2.232141989407640494e+02,4.454222646100274687e+02,1.242193448489027787e+03,3.407677410741662811e+02,4.229665360326939805e+01,1.047262762369656173e+02,2.170982524834483840e+00,3.698117870895227384e+02,1.411342779704458735e+03,-9.464317934843965929e+01,2.929587397005839762e+02,7.069805096383171339e+00,-4.273514323160066652e+01,6.053387005146933006e+02,1.532907018017802329e+03,-5.403045554644550208e+01
2.213236640143692853e+02,6.465237529517722805e+02,1.303746008562511633e+03,9.278717211753365746e+01,5.905117262371431934e+02,1.006968989329916553e+03,2.376540075749731500e+02,8.186278671303316514e+02,1.099270638619287638e+03,-8.289697962808592990e+01,4.351469274656995481e+02,9.144586116134885287e+02,3.544423346473777201e+02,1.121038449604802736e+03,1.126197636062506945e+03,7.418448288405016910e+01,3.046157923871325011e+02,8.405388872785931653e+02,5.636711209581809499e+02,1.165879610509309714e+03,1.048348144510400516e+03,1.152581200138568676e+02,6.560684558634513905e+02,4.248963948802574464e+02,1.059327156305314759e+02,1.005041320005511011e+03,4.398366368193994731e+02,3.331333459447098448e+02,4.259677271829500569e+02,2.070108430328250222e+02,4.265240650894942291e+02,1.284378282356163027e+03,3.373359934073355930e+02,5.416181147747908398e+01,1.172273739401905885e+02,8.516504954726602961e+00,3.500529771550887972e+02,1.433673718232045076e+03,-1.033068113584541692e+02,2.965224578616766848e+02,1.111878709486532379e+01,-4.670056104960553967e+01,5.692705869088820236e+02,1.579017494880833056e+03,-6.872367907689597644e+01
2.120517019567868715e+02,6.905006138870580799e+02,1.302041655115475805e+03,9.433734824121640372e+01,6.323940668806433223e+02,1.005436005064893720e+03,2.294478558720435331e+02,8.676345622121606311e+02,1.096009780937556570e+03,-7.617622825373051398e+01,4.680406005219997496e+02,9.161766402422896363e+02,3.253810832681404008e+02,1.180611954434003337e+03,1.102731836620408330e+03,1.001183990736073497e+02,3.427151242981616974e+02,8.895646080878675548e+02,5.317077827116830804e+02,1.212534025636038905e+03,1.021399585215527395e+03,1.367985612960079891e+02,6.801250437472473322e+02,4.223833540751114697e+02,1.043469319517808600e+02,1.031062597670827017e+03,4.306169849747194576e+02,3.395128298005860756e+02,4.538520486897220962e+02,1.920143343632991559e+02,4.046637048951109819e+02,1.323769647877921216e+03,3.327382472012724293e+02,6.822460203320206062e+01,1.320975655507486408e+02,1.636038254297121597e+01,3.336870332165581203e+02,1.455322744005352888e+03,-1.118380327897681354e+02,3.003265892869512754e+02,1.688893811454513738e+01,-5.095797353116336836e+01,5.357606783654028959e+02,1.622441236998013210e+03,-8.504258946089180426e+01
2.003129818825404982e+02,7.379399649296616417e+02,1.299005841202821784e+03,9.707392329343673509e+01,6.741224596937847764e+02,1.001375784642912890e+03,2.193387175657512955e+02,9.229948125051724901e+02,1.089790490571185728e+03,-6.441690583855336172e+01,4.962155203952906959e+02,9.117411999255616593e+02,2.911815530177437381e+02,1.241327402087113342e+03,1.070198399412445269e+03,1.252614568835554962e+02,3.868401521414911599e+02,9.373770088256504778e+02,4.962899676585591351e+02,1.258500985728893966e+03,9.883876449799788588e+02,1.603652729531606553e+02,7.060655207747853410e+02,4.211884948891462273e+02,1.017016784333682864e+02,1.056067568096036666e+03,4.211687566082316607e+02,3.468737911429297469e+02,4.820374359832182449e+02,1.789775211886710622e+02,3.805393699497411717e+02,1.359990364279053210e+03,3.268450354067319950e+02,8.412432822810274047e+01,1.493231895454304095e+02,2.575562573406712019e+01,3.207416005697504602e+02,1.476814420994958027e+03,-1.199879061524366222e+02,3.036025399429805134e+02,2.458707153953536917e+01,-5.558819638422025378e+01,5.057949876364554598e+02,1.663284868013561436e+03,-1.015130494467397284e+02
1.861188113551939693e+02,7.884555641357719651e+02,1.294326793810123945e+03,1.020608347692633515e+02,7.154196697909582099e+02,9.949128335391420705e+02,2.062991494110369786e+02,9.839916182377299947e+02,1.079315478912252047e+03,-4.379794943437116217e+01,5.186335210963837881e+02,9.025766194759625023e+02,2.521077799361944471e+02,1.299728139176338345e+03,1.027987089057738103e+03,1.486223369362096207e+02,4.373811051989167709e+02,9.816527242242290185e+02,4.594704120471375859e+02,1.302113968099136628e+03,9.503094026246725434e+02,1.856719858893443416e+02,7.336282113511185798e+02,4.213039268665128247e+02,9.829378525253360976e+01,1.078946290599312078e+03,4.116977816782761579e+02,3.554796834780444783e+02,5.101612910419268019e+02,1.683536712427453494e+02,3.550286229915231502e+02,1.392713398714610776e+03,3.199360390891822021e+02,1.015279633530256973e+02,1.686861977634310392e+02,3.679463020479996516e+01,3.109386107910362966e+02,1.497641546267202557e+03,-1.274519597299933054e+02,3.053583460732143635e+02,3.444188463130153366e+01,-6.046218940582100032e+01,4.798784269238687443e+02,1.700793609500259208e+03,-1.164625059265014357e+02
1.695397821290378033e+02,8.411126875679408386e+02,1.287630182701808963e+03,1.105909021655972708e+02,7.562694145292198300e+02,9.866555214812799477e+02,1.892290430273055222e+02,1.048534490441971684e+03,1.063278046062153635e+03,-1.006658334706366631e+01,5.358004893291101780e+02,8.916957080256645440e+02,2.092549669554021818e+02,1.351604329331286863e+03,9.761537120328650872e+02,1.692230806969290882e+02,4.935113356431248235e+02,1.019797935177386648e+03,4.232769275634441328e+02,1.341912797862251864e+03,9.084431025561167417e+02,2.123930876373293302e+02,7.622172780764764184e+02,4.225135109114547163e+02,9.458792198553591390e+01,1.098270879765449536e+03,4.025763390489777294e+02,3.655699344779968669e+02,5.379792741696726353e+02,1.602144080042080247e+02,3.290600611776148412e+02,1.421616173102437870e+03,3.126303245653783733e+02,1.202882254453511592e+02,1.898068047173117350e+02,4.958504064079244245e+01,3.036971827987005668e+02,1.516552056692127280e+03,-1.337886975932430857e+02,3.046261159472032887e+02,4.671534357421418093e+01,-6.515317437089962027e+01,4.580090177928879598e+02,1.733635540366900614e+03,-1.285899017745063304e+02
1.507786209032131239e+02,8.945406484356781220e+02,1.278506954463477086e+03,1.238448366534695850e+02,7.971733046697964937e+02,9.776473804763285216e+02,1.673565480493805921e+02,1.113336379459924956e+03,1.040784504224443253e+03,4.020254007242762384e+01,5.505986757765809898e+02,8.833215528334058035e+02,1.646079414816270798e+02,1.393016105410938962e+03,9.157352016629289437e+02,1.864961949195418924e+02,5.533360829157138596e+02,1.049644083646209310e+03,3.893334849675213718e+02,1.377086311803858280e+03,8.642486288619356856e+02,2.401101301010737359e+02,7.910761434326332164e+02,4.244582125464326054e+02,9.113617740560607672e+01,1.112571502930855104e+03,3.943081003464363334e+02,3.772467678205782136e+02,5.654549305374057440e+02,1.542134656377884596e+02,3.035596845777610611e+02,1.446367534417595380e+03,3.057223721179473159e+02,1.404975251827253260e+02,2.121931054041410789e+02,6.413008453026139932e+01,2.982873859390027746e+02,1.532188207687226395e+03,-1.384913436363719370e+02,3.007886752366657674e+02,6.165558210972642428e+01,-6.898278505854365505e+01,4.398654155682934288e+02,1.760502922316149125e+03,-1.373639413386327988e+02
1.302900972622216216e+02,9.472443621471770712e+02,1.266644212280708871e+03,1.424414738253911707e+02,8.392582588803580848e+02,9.692460856431514458e+02,1.406716819258855082e+02,1.174425915705277021e+03,1.011775577370174574e+03,1.081567503449044949e+02,5.685987734875461683e+02,8.820100223868543026e+02,1.208528555575685601e+02,1.421376815989387751e+03,8.489450929994432045e+02,2.010147081668273756e+02,6.144954803483520891e+02,1.070493994343507438e+03,3.586548859572392303e+02,1.407645607369722484e+03,8.192493886813348354e+02,2.682490990499048280e+02,8.194605600274327344e+02,4.266868122954991804e+02,8.847902460019709281e+01,1.120738058091726089e+03,3.874174155888657083e+02,3.904127185436191212e+02,5.927651187791678922e+02,1.495740370719169050e+02,2.794764629216717253e+02,1.466708713770458644e+03,2.999514088484871195e+02,1.624079484526316435e+02,2.352998106535560225e+02,8.014655558728736651e+01,2.940793278568637561e+02,1.543745882175604720e+03,-1.412224309909518354e+02,2.938837274030894378e+02,7.940859519307169023e+01,-7.121547350895896500e+01,4.251306976919236149e+02,1.780766965345824246e+03,-1.430826804105395240e+02
1.088875462825510994e+02,9.980076067792116419e+02,1.252015992613825802e+03,1.660301050467234347e+02,8.841372423053516059e+02,9.629145799668391419e+02,1.102304759528545191e+02,1.227861699637430547e+03,9.772847167754267730e+02,1.914955453135137589e+02,5.974477709964010046e+02,8.914617598935309388e+02,8.094875963641192129e+01,1.436130635196118419e+03,7.791174758384212282e+02,2.151875804857563992e+02,6.751054976790920819e+02,1.084129856708820853e+03,3.315713327809415318e+02,1.434217114590116353e+03,7.749003335818979394e+02,2.960725769047439258e+02,8.467445712473415824e+02,4.286806182738483812e+02,8.706632291160373427e+01,1.122416146609728230e+03,3.822939115698589490e+02,4.047869825480141799e+02,6.202365083909974146e+02,1.451179419979059730e+02,2.578105713534250754e+02,1.482618942563773089e+03,2.957579462558007322e+02,1.862615020303731228e+02,2.586162388573752082e+02,9.691460352335148798e+01,2.907544521186968609e+02,1.551315198594991898e+03,-1.420785547322800824e+02,2.847763277597182423e+02,9.994049917574228914e+01,-7.133661847378967025e+01,4.137641948815915498e+02,1.794867216244611654e+03,-1.465910646460327769e+02
8.774407176600981018e+01,1.046211122573099146e+03,1.235014321047305657e+03,1.931118776523400129e+02,9.335402816115455380e+02,9.598960590736336371e+02,7.816025618998635593e+01,1.270485042532074658e+03,9.393983881550715296e+02,2.841291530809019150e+02,6.452024734495053053e+02,9.133647746143681161e+02,4.755283957542780371e+01,1.438759023389647382e+03,7.102962474287027135e+02,2.333728290471486844e+02,7.348687834711602136e+02,1.095130165340221538e+03,3.077366650856271235e+02,1.457597676570977001e+03,7.324646406796978226e+02,3.227640301242081478e+02,8.724466402648446319e+02,4.298923013652404848e+02,8.721525720840477902e+01,1.118232114996148539e+03,3.790595165677821683e+02,4.199848284448507343e+02,6.482608298428626767e+02,1.393973090882874430e+02,2.395447094572232345e+02,1.494461510867517745e+03,2.931150863054482443e+02,2.121263204206645128e+02,2.818009139420652787e+02,1.132637940586149625e+02,2.883456103218238695e+02,1.555759298437113557e+03,-1.416961715664305643e+02,2.751234573281594749e+02,1.230339724662259329e+02,-6.929606007788626698e+01,4.060286168041157566e+02,1.804231930247244236e+03,-1.488340099680113440e+02
6.822426999872794795e+01,1.091932167650004203e+03,1.216412717703023645e+03,2.212228807039579976e+02,9.888329715861718796e+02,9.608112733057882906e+02,4.728195607298918901e+01,1.300569578736265385e+03,9.008829305189370871e+02,3.770309996256523277e+02,7.179722436242769845e+02,9.466839954541308089e+02,2.246153899836266277e+01,1.432190319184546524e+03,6.464920243638318880e+02,2.609733073763725315e+02,7.961103000720363525e+02,1.109902717110546291e+03,2.862504698905709688e+02,1.478368762056065862e+03,6.929245550734004837e+02,3.475855316509816362e+02,8.962041026208183894e+02,4.298534025036879598e+02,8.909334543677699969e+01,1.109724562613949956e+03,3.775339877151969858e+02,4.356057189343330833e+02,6.772406088568360474e+02,1.309788993654758542e+02,2.254453083721342921e+02,1.502984274406647273e+03,2.915275843759770282e+02,2.398270804137259802e+02,3.048472824778451127e+02,1.277419249553472298e+02,2.870702384810545027e+02,1.558260900823128395e+03,-1.410849878490529363e+02,2.671134395027748951e+02,1.483909047076195407e+02,-6.560585640162538823e+01,4.022238846716549006e+02,1.810769483538957047e+03,-1.504967994418097419e+02
5.157547022311544538e+01,1.135812051824359514e+03,1.197169226229424112e+03,2.474632873031819429e+02,1.050568629705750936e+03,9.653273803169456642e+02,2.043118498456749776e+01,1.318251838675118506e+03,8.645906535301882059e+02,4.601808030419049373e+02,8.177005820773305231e+02,9.877174621007856103e+02,6.240006414590134831e+00,1.419947449987973187e+03,5.908275818098120453e+02,3.024872690382782707e+02,8.643092670270984854e+02,1.134331474107449139e+03,2.659613723102404492e+02,1.496792780224006719e+03,6.569405131541141145e+02,3.700393062697560822e+02,9.177329378979929970e+02,4.283568062188625731e+02,9.270669717160514267e+01,1.098974576444785271e+03,3.773421100852004884e+02,4.512672132504892488e+02,7.075814160760290861e+02,1.188529326383517031e+02,2.158133267411685949e+02,1.509130595905665587e+03,2.902336850537461714e+02,2.689956640890127346e+02,3.282098357833003206e+02,1.389211346548719916e+02,2.870584453028886287e+02,1.559833546772505770e+03,-1.412357719938815990e+02,2.630275664417495705e+02,1.757985983374287287e+02,-6.124589319360251238e+01,4.022874862950520196e+02,1.816194951980416590e+03,-1.518899623665604395e+02
3.861331403908403814e+01,1.178788684205419031e+03,1.178191554420695184e+03,2.691888210868140163e+02,1.118188167635758646e+03,9.720874251835016366e+02,-2.776092666212072180e-01,1.325635943763888008e+03,8.328654690297705656e+02,5.249590437089077568e+02,9.410406823643377265e+02,1.030936809051301452e+03,-1.843378249230336330e+00,1.405398839651943717e+03,5.449263343341309564e+02,3.590557477996866851e+02,9.475332993901749887e+02,1.170694534162212676e+03,2.459425888007537253e+02,1.512973079456982077e+03,6.248539139266287066e+02,3.899540995214846362e+02,9.368028182870768887e+02,4.256365295974211449e+02,9.789212325264875858e+01,1.088062933215008798e+03,3.781309665766415264e+02,4.665596600806696870e+02,7.396911159294312483e+02,1.028373158683269395e+02,2.103360117240569025e+02,1.513737443544737062e+03,2.885350929980344290e+02,2.991951803824711646e+02,3.527834799827425627e+02,1.457315073663029636e+02,2.881480345166004895e+02,1.561059077860569460e+03,-1.426932070121038976e+02,2.647263066264316080e+02,2.052474225894131621e+02,-5.741395647709168060e+01,4.055248820304087758e+02,1.821518969327740706e+03,-1.530555876179153927e+02
2.956884072164998045e+01,1.221826007827464764e+03,1.160189543240675903e+03,2.846002464803634098e+02,1.189942758944177513e+03,9.789859705279136506e+02,-1.394707672933664711e+01,1.326482499249559623e+03,8.071555917319417404e+02,5.660929453978253605e+02,1.079923369223794680e+03,1.070248570211947481e+03,-3.552789383086179420e+00,1.391298823455222646e+03,5.088270864354500986e+02,4.265359363808719877e+02,1.054350994060726407e+03,1.215150090582642179e+03,2.259868657012604274e+02,1.527054841690881631e+03,5.967077819489034027e+02,4.074591545008024696e+02,9.532541970728632350e+02,4.224224114659517682e+02,1.043338175851512943e+02,1.078568205966048254e+03,3.797895065924186611e+02,4.809666097892967969e+02,7.739214512178631367e+02,8.379986214125659671e+01,2.081577150878471514e+02,1.517267284432124825e+03,2.860901583563159534e+02,3.300314959497612790e+02,3.796632020314916645e+02,1.477136731241637619e+02,2.898651624024777789e+02,1.562127914009228107e+03,-1.453209288549077769e+02,2.731982406380917610e+02,2.368931117131776602e+02,-5.521278497617196734e+01,4.106416104474779445e+02,1.826904250400579031e+03,-1.539542593189185027e+02
2.418027814947169674e+01,1.265721975083737107e+03,1.143640158404900603e+03,2.930296802171259856e+02,1.263089068161847536e+03,9.836926351416235548e+02,-2.096226868303538637e+01,1.325459464303638470e+03,7.879223961820715658e+02,5.824581869689787936e+02,1.223708965322839958e+03,1.100104190824736634e+03,-1.164833250430930889e+00,1.379582617041546882e+03,4.814441278428712963e+02,4.952200132203971634e+02,1.190481798643505044e+03,1.257188316891498971e+03,2.068765914505077035e+02,1.539244589737566685e+03,5.722542029224185853e+02,4.228712058338630868e+02,9.670775758397473965e+02,4.198001578674158623e+02,1.116252022046280103e+02,1.071307545666024225e+03,3.825479544612600193e+02,4.938448187677635701e+02,8.104241633834660661e+02,6.357256144762583716e+01,2.081636383684392229e+02,1.519704904239107691e+03,2.830144852953613395e+02,3.611754048404632726e+02,4.097213215273786773e+02,1.451345227861979197e+02,2.915834601137732420e+02,1.563065432133614877e+03,-1.483875428877204286e+02,2.883125224274139100e+02,2.708539007219645214e+02,-5.537462051394331297e+01,4.160493768452421364e+02,1.831885986560739184e+03,-1.545981541652339502e+02
2.196473171708810312e+01,1.310989904705974823e+03,1.128802225864526235e+03,2.948883573119182984e+02,1.334359620969628395e+03,9.842056759452879078e+02,-2.264639449229038703e+01,1.327068232892419474e+03,7.748019203001585993e+02,5.765960143924721706e+02,1.362085196744022596e+03,1.116038633036394458e+03,3.146766247872053501e+00,1.371282446858148433e+03,4.613114847885002519e+02,5.517978571091024378e+02,1.355341449407865866e+03,1.281804852121326803e+03,1.902395097548586307e+02,1.549615951057785651e+03,5.509521850436972272e+02,4.365588482544377484e+02,9.785421527355904345e+02,4.189281767665356710e+02,1.193699799898392513e+02,1.066411843096037046e+03,3.869012556467848185e+02,5.045362706122929239e+02,8.489671146008849973e+02,4.456051862108451189e+01,2.093415133253805607e+02,1.520675693608717211e+03,2.797515975609489374e+02,3.922661197740439434e+02,4.431613207678866502e+02,1.389670601179868470e+02,2.927551841165513338e+02,1.563944838461823110e+03,-1.509253927575254011e+02,3.088685466070442658e+02,3.069525854471167463e+02,-5.809336361230598555e+01,4.202794356974978882e+02,1.835788994317923880e+03,-1.550752428709991193e+02
2.250267603531904825e+01,1.357758060143251214e+03,1.115720678527825157e+03,2.913989577309458809e+02,1.400615235093494221e+03,9.792416319627182020e+02,-2.072046888718643487e+01,1.334517484446856315e+03,7.669052882914259044e+02,5.533800954787429873e+02,1.487492211863595230e+03,1.114653194428121651e+03,7.816899874441001650e+00,1.366487804230571555e+03,4.472417528380079261e+02,5.831537902769507582e+02,1.540111512800105857e+03,1.273947342862445794e+03,1.779953677667190277e+02,1.557872501864931792e+03,5.320183207898718365e+02,4.488451711308078416e+02,9.883042396629682571e+02,4.207502924665944875e+02,1.272839208358783338e+02,1.063663619718652626e+03,3.933987803310422464e+02,5.125992646173900766e+02,8.888045169784959398e+02,2.917802688869490879e+01,2.110449582908474042e+02,1.519749342555826388e+03,2.768175402129507461e+02,4.227388179485481032e+02,4.792521845830125926e+02,1.307611252106829625e+02,2.930879657919022065e+02,1.564947252685107514e+03,-1.521672157216646042e+02,3.329418438698751288e+02,3.445592007944592297e+02,-6.299123479548996585e+01,4.223301546537074955e+02,1.838136924582444635e+03,-1.554914923204204342e+02
2.558324831109673880e+01,1.405663218373731297e+03,1.104221227889416014e+03,2.842838630907971833e+02,1.459488055357635858e+03,9.683810675005246367e+02,-1.683496144063213151e+01,1.348910540759409741e+03,7.631445401282326202e+02,5.185285323424974422e+02,1.596074291684902619e+03,1.093449609602431337e+03,1.211853822174922612e+01,1.364387315216843717e+03,4.386392624046854394e+02,5.805996570781327364e+02,1.728540549515425255e+03,1.223593023670729963e+03,1.716196034879658328e+02,1.563287633025168361e+03,5.146075793291330456e+02,4.599795540783676415e+02,9.973924269253749344e+02,4.258241657817388841e+02,1.352494875041199407e+02,1.062889377466874294e+03,4.024029502641475915e+02,5.180558620644202392e+02,9.286807227276464118e+02,1.930543320116517236e+01,2.130531915272284778e+02,1.516810619613263498e+03,2.745770726862403990e+02,4.516911578197857580e+02,5.163760843295442555e+02,1.224271758513549031e+02,2.925872758922043886e+02,1.566275705266406931e+03,-1.518402901675521832e+02,3.584173394566677189e+02,3.826244459894511465e+02,-6.921268512745236023e+01,4.218463403409675720e+02,1.838920775890329651e+03,-1.559071588768349272e+02
3.116666285553937854e+01,1.453799233445784921e+03,1.093936941592677840e+03,2.754983246232345664e+02,1.509808088099382758e+03,9.519897499937295606e+02,-1.233145061851206137e+01,1.369063658290366675e+03,7.625048385941092874e+02,4.774877632663049098e+02,1.686931337735901252e+03,1.050965301411988776e+03,1.606661288041479452e+01,1.363482338018108749e+03,4.354325335797697676e+02,5.427767104850033775e+02,1.900510236699217785e+03,1.129336973515881255e+03,1.715443182246858100e+02,1.564911709699178573e+03,4.981250356654577445e+02,4.701772359504953442e+02,1.007010802081549969e+03,4.342848797562921277e+02,1.433015431257849741e+02,1.064176159738608249e+03,4.139161170830746528e+02,5.215201699086743474e+02,9.669845277956685550e+02,1.593295482232892368e+01,2.154457354771488440e+02,1.512331300200356509e+03,2.731480352784023466e+02,4.779271956599162081e+02,5.523759816509024176e+02,1.159486134489713578e+02,2.914618517174076260e+02,1.568044400390465853e+03,-1.502022699293789856e+02,3.835285955826150825e+02,4.198701821337750175e+02,-7.561626338194831476e+01,4.191030531731406086e+02,1.838685420088586625e+03,-1.563400637812115406e+02
3.923329143998442703e+01,1.500832016124920528e+03,1.084394792443021061e+03,2.669682925917371676e+02,1.551698434892352225e+03,9.309775029761639189e+02,-8.208537758615923607e+00,1.392071012330603025e+03,7.642226209435534656e+02,4.348054403416599030e+02,1.760356608480905834e+03,9.873398462341179993e+02,2.008436586040944860e+01,1.361998414157652178e+03,4.377902234553249059e+02,4.759822762003113894e+02,2.037114947379571049e+03,9.989781267259058950e+02,1.769197029841368760e+02,1.561933962086027122e+03,4.825473693699491946e+02,4.796988386646542040e+02,1.018218284579372380e+03,4.458765563175752504e+02,1.515642115799047360e+02,1.067805816427457330e+03,4.275309419704598781e+02,5.241171900856955972e+02,1.002007342160349253e+03,1.907149334815770914e+01,2.183983584722699334e+02,1.507391849902171543e+03,2.724305469078190640e+02,5.002437582970818539e+02,5.850560874424506892e+02,1.130570440329926782e+02,2.899624792308382553e+02,1.570250199769354822e+03,-1.478567582271322465e+02,4.072184612346002268e+02,4.550132849945785551e+02,-8.101239433084586494e+01,4.148253500579373281e+02,1.838425035311862530e+03,-1.568449378409154633e+02
4.963372507460442051e+01,1.545328753222035630e+03,1.075148376018963972e+03,2.602437783597023326e+02,1.586353249825726152e+03,9.064743807805258484e+02,-5.149554776098048237e+00,1.414439348642454888e+03,7.678629950643504571e+02,3.938068003705656679e+02,1.816227497588835149e+03,9.050250062882307702e+02,2.460659094411873227e+01,1.358385772056852147e+03,4.458641628762196092e+02,3.918536412586785218e+02,2.125304048100874752e+03,8.469990378261220485e+02,1.857542112355475581e+02,1.553961894053882133e+03,4.685772833792387360e+02,4.889190413540646318e+02,1.031647276036900621e+03,4.599825014445180500e+02,1.601817938330678146e+02,1.073993368811107530e+03,4.425096644677151403e+02,5.272002455989265854e+02,1.032226161957149770e+03,2.791502711867375197e+01,2.220107509878536121e+02,1.503393866168793920e+03,2.722048517080728516e+02,5.178711757580134645e+02,6.126387474630608949e+02,1.149476893408028104e+02,2.882584758077414904e+02,1.572810545169964826e+03,-1.454842284608998284e+02,4.292090738253481277e+02,4.868985353634472517e+02,-8.436778473981941318e+01,4.099166224295804568e+02,1.839270552222502602e+03,-1.575906056083483406e+02
6.202213236334661417e+01,1.586192394740785858e+03,1.065909780026527869e+03,2.560716220991972705e+02,1.615593558009417393e+03,8.795245358148682726e+02,-3.494126446872495961e+00,1.433357679549129443e+03,7.733115088829853221e+02,3.563995029670080044e+02,1.853460450621540076e+03,8.091398089136869203e+02,2.979274302420368770e+01,1.351714264365272811e+03,4.597359269174465908e+02,3.035431992026880721e+02,2.160377175321064897e+03,6.902497218277923139e+02,1.952913277933061806e+02,1.541041578665806128e+03,4.575306671258884990e+02,4.983246227757813358e+02,1.047421424396512748e+03,4.756513952467994955e+02,1.692769428516115227e+02,1.082636218723444927e+03,4.579592975851637675e+02,5.319730389676856248e+02,1.056532158152823058e+03,4.117064471871067610e+01,2.262200137804539111e+02,1.501555396454276206e+03,2.722440897042336019e+02,5.308518958628750397e+02,6.340311804087665450e+02,1.221387265539594296e+02,2.864267602681957214e+02,1.575563116065419081e+03,-1.436215568563912939e+02,4.497933288553406328e+02,5.144950418259264779e+02,-8.489015608866135665e+01,4.051842505527077378e+02,1.842004271604575933e+03,-1.588257552105525292e+02
7.588921702148472548e+01,1.622970902829775696e+03,1.056627883039277776e+03,2.540572010716916225e+02,1.641323525803946040e+03,8.509072556381679533e+02,-3.154705445930375607e+00,1.447590097583049783e+03,7.806962493981063744e+02,3.230456996493657584e+02,1.870671105222172400e+03,7.070936312125463701e+02,3.544508437428329017e+01,1.341821566974309462e+03,4.795675040012937984e+02,2.220872504927389173e+02,2.145672438877522382e+03,5.437763437303168530e+02,2.024591376902126001e+02,1.523457297829498430e+03,4.510108568879730910e+02,5.084103320439626259e+02,1.065304819264657908e+03,4.916792420367709724e+02,1.789425637942493097e+02,1.093242011539339501e+03,4.730454965421904490e+02,5.391674980758224365e+02,1.074348192324471484e+03,5.744338287072292104e+01,2.307939375059624751e+02,1.502423319916965738e+03,2.724032873665278203e+02,5.401465859559318687e+02,6.488657167104813652e+02,1.345434606753279354e+02,2.845487339720573345e+02,1.578181602933088243e+03,-1.425574208360038426e+02,4.694806698874893414e+02,5.368175092663384476e+02,-8.195183016235041862e+01,4.011451425001229723e+02,1.846586077968562904e+03,-1.606971158201663457e+02
9.065601485284905436e+01,1.655849520313822950e+03,1.047483348746942283e+03,2.526688504148028471e+02,1.665028262800103448e+03,8.211593771657953766e+02,-3.579690433884769263e+00,1.457652007829214199e+03,7.902460572777777088e+02,2.930704294605462223e+02,1.867451608263077560e+03,6.074519814643949758e+02,4.112103226219430496e+01,1.329226301561413948e+03,5.057716733622277729e+02,1.543289575547510992e+02,2.090091786125251019e+03,4.183044144161128770e+02,2.043219952946246849e+02,1.501540092791425423e+03,4.505269426148842058e+02,5.195054514142063908e+02,1.084955546996991416e+03,5.068029868410913537e+02,1.892497438978050184e+02,1.105052422591598088e+03,4.871789724208146595e+02,5.488988739856497432e+02,1.085620149871515423e+03,7.556924998731494725e+01,2.353719993873524174e+02,1.505670741489353077e+03,2.726557475972583688e+02,5.474029556843760247e+02,6.573844188708586671e+02,1.517302675173297075e+02,2.828328869268739254e+02,1.580107586633251003e+03,-1.423409249583550320e+02,4.886832106877808997e+02,5.529049490517988943e+02,-7.489974088860371637e+01,3.979725171529944419e+02,1.851993955634813119e+03,-1.630148420208781204e+02
1.057638320569684254e+02,1.685329797968850471e+03,1.038808865004607014e+03,2.497293355279076934e+02,1.687465128593391000e+03,7.907850984685246658e+02,-3.867112074238914676e+00,1.465272592700543328e+03,8.020981692856537393e+02,2.653537092833807947e+02,1.845426104090138551e+03,5.183792000583835033e+02,4.634974947147193802e+01,1.314934640156516252e+03,5.389504050038882497e+02,1.027922314512115918e+02,2.004946177010762085e+03,3.197754045971961432e+02,1.985575122331252089e+02,1.475704585072178133e+03,4.571864990685693897e+02,5.316187446043422824e+02,1.106091340925568829e+03,5.199893985920875821e+02,2.002416379545089455e+02,1.117252765454178643e+03,5.001167198242729341e+02,5.607357733331378995e+02,1.090721726123546887e+03,9.481720357989270553e+01,2.395295744129223863e+02,1.510310845554167145e+03,2.730654898213233537e+02,5.545016250720751714e+02,6.602892428648349323e+02,1.732498923871726788e+02,2.816597237706116630e+02,1.580650886930971410e+03,-1.428617022190942976e+02,5.075853097752101348e+02,5.619717876862739558e+02,-6.287689921205219434e+01,3.955961333458204194e+02,1.856585861899445263e+03,-1.651449692259079711e+02
1.206978808108775212e+02,1.711811857024518076e+03,1.030975782754331476e+03,2.432696246204009753e+02,1.708651198146059187e+03,7.605345495227841184e+02,-3.044813252117080982e+00,1.472470286055793849e+03,8.161053965729981883e+02,2.391747002546525493e+02,1.808511297557958414e+03,4.461697392798841975e+02,5.084203840813258779e+01,1.300257930107339462e+03,5.794752764275624486e+02,6.694141645750200098e+01,1.901524070204289728e+03,2.502854181945997993e+02,1.839708486529871152e+02,1.446714765039598205e+03,4.714900814660626338e+02,5.443851630567313578e+02,1.128457581428967842e+03,5.307158148070758443e+02,2.118895527789259461e+02,1.129148424746916589e+03,5.119467718585500506e+02,5.739298414369872035e+02,1.090359329861626065e+03,1.149159975169296644e+02,2.428588790317401447e+02,1.515208847907499603e+03,2.737096068409798022e+02,5.630877542760697452e+02,6.586555725140211734e+02,1.988752800102738547e+02,2.814928196179037627e+02,1.579282569086425156e+03,-1.439562044795088980e+02,5.262309278814304889e+02,5.637351054920393381e+02,-4.478949453841875794e+01,3.938869339124435669e+02,1.858868936078934894e+03,-1.661738960285334770e+02
1.349106184912791662e+02,1.735364997085983759e+03,1.024299787495264127e+03,2.323659480946380711e+02,1.728122060790886053e+03,7.315787078123020137e+02,-4.265675757442142224e-01,1.480700797943867201e+03,8.317296855956537911e+02,2.147886184898528938e+02,1.762313086687248870e+03,3.943110112508334169e+02,5.461566089821987902e+01,1.286654322416929290e+03,6.268515513699137500e+02,4.481220783718937639e+01,1.789951335169469303e+03,2.093593695571753699e+02,1.609447171982209284e+02,1.415924529447697068e+03,4.931947441197596049e+02,5.571364421481434874e+02,1.151654536362379304e+03,5.391093014713150069e+02,2.240158945707570979e+02,1.140274703904211037e+03,5.229683973955287684e+02,5.876890570884343106e+02,1.085568907014301658e+03,1.359041406706011799e+02,2.450628483760641529e+02,1.519581421933859247e+03,2.745812166530234890e+02,5.742658891815303832e+02,6.539356845397408051e+02,2.286447203326267754e+02,2.826812128728503239e+02,1.575948047238166509e+03,-1.455121415550066502e+02,5.447506121131431200e+02,5.587839853175925100e+02,-1.948508168647700955e+01,3.927946025629294695e+02,1.858242346502697501e+03,-1.653403286238846874e+02
1.476682355471371864e+02,1.755837414965270682e+03,1.019002496493727904e+03,2.175351693298474629e+02,1.745302697733744935e+03,7.054523848735901765e+02,4.100507485270667551e+00,1.490427243592363766e+03,8.480986196506200940e+02,1.934050212378014351e+02,1.712998964397495683e+03,3.632760061682930086e+02,5.801312610993635843e+01,1.275526694587195607e+03,6.792411658971687984e+02,3.417747421859651524e+01,1.678978742483891665e+03,1.947897633623634306e+02,1.316187218345631322e+02,1.385169462733908858e+03,5.212536719550189446e+02,5.690509934417551676e+02,1.175000321302814200e+03,5.458692861637255191e+02,2.362243866268353258e+02,1.150480160949016636e+03,5.335256604416792925e+02,6.013752575461099923e+02,1.077828941288184069e+03,1.578587367831993618e+02,2.460367883547314420e+02,1.523193173960996774e+03,2.755068137644332751e+02,5.885225017735217534e+02,6.479994493557019268e+02,2.626990457720542054e+02,2.852428383498179869e+02,1.571159348521731545e+03,-1.475572459789703714e+02,5.635833583073864474e+02,5.487864981311234942e+02,1.390183058804296046e+01,3.923336139726450824e+02,1.855242431785455892e+03,-1.625484333823645500e+02
1.579227989764461597e+02,1.773206024628437490e+03,1.015226782861411948e+03,2.004855518939704666e+02,1.759792900418108275e+03,6.837583202379856857e+02,9.982963738492786732e+00,1.501198407440160281e+03,8.642275459044216177e+02,1.765746970332667729e+02,1.666114427933152228e+03,3.509738863826866009e+02,6.162643097118286306e+01,1.267942250781389475e+03,7.335281336795231937e+02,3.296606790536883125e+01,1.575931509458874871e+03,2.029240118933978181e+02,9.960409677797765937e+01,1.356210995758301806e+03,5.539176518036196057e+02,5.793156640238911450e+02,1.197582306702300684e+03,5.520060834524292659e+02,2.478941461681876035e+02,1.160004316917757933e+03,5.438715649992366252e+02,6.145643747833445332e+02,1.069181424592236453e+03,1.806230628930701698e+02,2.458916046041300945e+02,1.526185912394801562e+03,2.761103602152380745e+02,6.058268478511083686e+02,6.430990469183122968e+02,3.010101789462015631e+02,2.887374346691939877e+02,1.565768401305223733e+03,-1.503129782791120022e+02,5.835479275841078106e+02,5.363690393421718454e+02,5.557787732884584386e+01,3.924324469669002156e+02,1.851137009373844194e+03,-1.586764596168085575e+02
1.643675089585473472e+02,1.787883288411223475e+03,1.013063313739430896e+03,1.833740400609678147e+02,1.771463986245009437e+03,6.677474582506912384e+02,1.615992877994241539e+01,1.512072030799239883e+03,8.793118789460274911e+02,1.653578516870063027e+02,1.625688899582144586e+03,3.536269595556798322e+02,6.614859180620641155e+01,1.264360026256824995e+03,7.860425998777976702e+02,3.918309306704660600e+01,1.486318468156750669e+03,2.288231156830198074e+02,6.918110632265113225e+01,1.330022817663747901e+03,5.890802699817023722e+02,5.872616643240970689e+02,1.218502388283744722e+03,5.585092076021073808e+02,2.582786678356405901e+02,1.169483893227689123e+03,5.541146708905268952e+02,6.269982396992678559e+02,1.062137053315001822e+03,2.036826395631792650e+02,2.448907764220936372e+02,1.528734148843792127e+03,2.758561602490810287e+02,6.258083972760990719e+02,6.416273527483871248e+02,3.431606325061191001e+02,2.923154483707992881e+02,1.560562175772430692e+03,-1.541747794037776771e+02,6.056836140608285177e+02,5.246197886251660520e+02,1.048758448802524299e+02,3.927846599726128147e+02,1.847163872694197835e+03,-1.554498637729571726e+02
1.657862634364159362e+02,1.800726985292619474e+03,1.012538399031172844e+03,1.679690017318304740e+02,1.780419372805938110e+03,6.579433776357763008e+02,2.144213859305751058e+01,1.522119361910185944e+03,8.929438812601351856e+02,1.597743226147325117e+02,1.593769468177362114e+03,3.668199478308433186e+02,7.217020936118495911e+01,1.264530071612026632e+03,8.336770703213037450e+02,5.078655830994796361e+01,1.413161056754063793e+03,2.668101955669200720e+02,4.413005897155658630e+01,1.306433290412145880e+03,6.248085964207627967e+02,5.924839731919042833e+02,1.237175458428984030e+03,5.660708067253755189e+02,2.667114064258125836e+02,1.179778427329688384e+03,5.642486016543771257e+02,6.385206677855792350e+02,1.059172907065814343e+03,2.262869900708417674e+02,2.433319773034327795e+02,1.530814702601013096e+03,2.741938049265488644e+02,6.479268414928891389e+02,6.456055890558094461e+02,3.883137574509652268e+02,2.949754339371381775e+02,1.555949534609808552e+03,-1.595806300508322408e+02,6.308932136034505902e+02,5.163078175295270285e+02,1.603347612376672373e+02,3.928644218161402932e+02,1.843936795154179208e+03,-1.548418911110879321e+02
1.616310411877476838e+02,1.812725540201613512e+03,1.013551427477959123e+03,1.551035539524265801e+02,1.786956815624997944e+03,6.539460229844765990e+02,2.498592138069343349e+01,1.530803678370707985e+03,9.051530926460255841e+02,1.588252708575859629e+02,1.570368933004606106e+03,3.864992064238155081e+02,7.996258496953247175e+01,1.267653970030851951e+03,8.748943729698132756e+02,6.581655586666141744e+01,1.356466245372791263e+03,3.115544181529838852e+02,2.653715677694877684e+01,1.284439188123761141e+03,6.598333290414039993e+02,5.949642228010586678e+02,1.253514451419604939e+03,5.749409224917286565e+02,2.728659156800759433e+02,1.191594341571275663e+03,5.742238558406418178e+02,6.490772540551892007e+02,1.061873438238608514e+03,2.477773167253276370e+02,2.414479599971404014e+02,1.532251549620315473e+03,2.707892598170851670e+02,6.715976259097633374e+02,6.560007594679650538e+02,4.354076774973193551e+02,2.959687170860863148e+02,1.551921802415474531e+03,-1.667816127933045038e+02,6.595321842837064423e+02,5.130395669639739253e+02,2.200736578584901508e+02,3.921565953648780010e+02,1.841373225756435886e+03,-1.582130711984404456e+02
1.525469069192241136e+02,1.824574019301259341e+03,1.015804097851201277e+03,1.445750745774188601e+02,1.791603299759364518e+03,6.544644514165936471e+02,2.666693379171610090e+01,1.538140748724970308e+03,9.162846748297000659e+02,1.609749260773083961e+02,1.553735624637300361e+03,4.097000915935452667e+02,8.932655710273076011e+01,1.272713015006418345e+03,9.101956715198432448e+02,8.274120230167635270e+01,1.313200897044636122e+03,3.592832999833414647e+02,1.601946160003744168e+01,1.262986965164117009e+03,6.937627482685566065e+02,5.951701732230424113e+02,1.267932219764991714e+03,5.849230473441245977e+02,2.769636239880589414e+02,1.205066942283094932e+03,5.840108163255736144e+02,6.587767432894569311e+02,1.070098114429702491e+03,2.679350322995225611e+02,2.393790389735682993e+02,1.532960431137486466e+03,2.657526748687142799e+02,6.962651226464234924e+02,6.721632236315846285e+02,4.834598128677417321e+02,2.951769991817272967e+02,1.548247466592083583e+03,-1.756156069519175276e+02,6.911334993802759072e+02,5.146652393929988420e+02,2.822778957514851186e+02,3.904739013871463840e+02,1.839074608337394693e+03,-1.655864590263752802e+02
1.404950567231063872e+02,1.836428089263198444e+03,1.018785990973643038e+03,1.353953754252494832e+02,1.795145774383194748e+03,6.575405057971339602e+02,2.716290112957710079e+01,1.544635146865057777e+03,9.268278653292129547e+02,1.646864529665978694e+02,1.540814650810903004e+03,4.347684741184986024e+02,9.959110915900463112e+01,1.278743053780739729e+03,9.419059870829133843e+02,1.007310161818130894e+02,1.277802137583619469e+03,4.084010618059306807e+02,9.745730168790265324e+00,1.241611707511685381e+03,7.269649870657939346e+02,5.940495242579451087e+02,1.281207391019568604e+03,5.954724205757416939e+02,2.798048146466761068e+02,1.219573755765262831e+03,5.936211628345046165e+02,6.679352912437714167e+02,1.081714196432737708e+03,2.871260804264269382e+02,2.372038863195510032e+02,1.533157210432397051e+03,2.597188150899210086e+02,7.214186684666425435e+02,6.917376016466014335e+02,5.317809922623565626e+02,2.932412555023118443e+02,1.544697131257799811e+03,-1.854319244682120029e+02,7.244070479073803881e+02,5.192348194634155334e+02,3.455195214474845216e+02,3.881317480555229054e+02,1.836759885891336808e+03,-1.754591803798441845e+02
